procedure_acceleree;cpv_supp;publicite;omc;allotissement;modifie;decision;adresse_fournisseur;siren_fournisseur;siren_fournisseur_connu;nom_siren_fournisseur;nom_declare_fournisseur;date_avis_attribution;adresse_acheteur;siren_acheteur;siren_acheteur_connu;nom_siren_acheteur;nom_declare_acheteur;date_avis_marche;debut_contrat;type_contrat;intitule_critere;type_critere;poids_critere;duree;clause_environnementale;valeur_totale_estimee;financement_ue;lieu_execution;type_accord_cadre;nom_fonds_ue;id_boamp_attribution;id_boamp_contrat;prix_attribution_lot;valeur_estimee_lot;id_lot;cpv;valeur_max_totale_accord_cadre;nombre_lots;nombre_offres;nombre_offres_pme;objet;procedure;id_projet;renouvellement;marche_reserve;favorable_pme;clause_sociale;strategique_environnemental;strategique_social;valeur_totale;code_statut_juridique_acheteur;nom_statut_juridique_acheteur;effectif_acheteur;acheteur_ess;date_creation_acheteur;code_activite_principale_acheteur;version_activite_acheteur;code_statut_juridique_fournisseur;nom_statut_juridique_fournisseur;effectif_fournisseur;fournisseur_ess;fournisseur_mission;version_activite_fournisseur;niveau_activite1_fournisseur;niveau_activite2_fournisseur;niveau_activite3_fournisseur;niveau_activite4_fournisseur;niveau_activite5_fournisseur;date_creation_fournisseur;gps_fournisseur;nom_commune_fournisseur;departement_fournisseur;region_fournisseur;gps_acheteur;nom_commune_acheteur;departement_acheteur;region_acheteur;epci_fournisseur;nom_epci_fournisseur;nature_epci_fournisseur;epci_acheteur;nom_epci_acheteur;nature_epci_acheteur;code_commune_fournisseur;code_commune_acheteur
False;;;True;False;False;attribue;;;False;;;2026-09-10;{'StreetName': '21/23 Rue Miollis', 'AdditionalStreetName': None, 'CityName': 'PARIS', 'PostalZone': '75015', 'Country': 'FRA'};130029325;True;DIRECTION REGIONALE ET INTERDEPARTEMENTALE DE L'ENVIRONNEMENT, DE L'AMENAGEMENT ET DES TRANSPORTS D'ILE-DE-FRANCE;Direction régionale et interdépartementale de l'Environnement, de l’Aménagement et des Transports d’Île-de-France (DRIEAT IF);;;travaux;"['Le prix apprécié au regard du détail estimatif.', ""La valeur technique de l'offre, appréciée au regard du mémoire technique et selon les sous-critères énoncés à l'article 4-2-2 du règlement de la consultation."", ""La valeur environnementale de l'offre, appréciée au regard du mémoire technique et selon les sous-critères énoncés à l'article 4-2-3 du règlement de la consultation""]";['prix', 'technique', 'environnemental'];[40.0, 50.0, 10.0];360.0;True;;False;{'StreetName': None, 'CityName': None, 'PostalZone': None, 'NUTS': 'FR101', 'Country': 'FRA'};;;26-87408;;6499877.5;;LOT-0001;45316110;;1;4.0;;Autoroute A86 – Travaux de rénovation de l’éclairage des tunnels de Bobigny, Lumen et Norton;ouverte;DRIEAT-DIRIF-STT-AOO-26-040;;;;True;False;False;6499877.5;7171.0;Service déconcentré de l'État à compétence (inter) régionale ;2 000  à  4 999;False;2021-04-01;84.13Z;2008;;;;;;<NA>;;;;;<NA>;<NA>;;;;;(48.84563, 2.303466);Paris;Paris;Île-de-France;;;;;;;;
False;;;False;True;False;attribue;{'StreetName': '30 AVENUE FERDINAND DE LESSEPS', 'AdditionalStreetName': None, 'CityName': 'MORANGIS', 'PostalZone': '91420', 'Country': 'FRA'};317037521;True;EDIPOST;EDIPOST;2026-09-10;{'StreetName': '46 rue Saint Ferdinand', 'AdditionalStreetName': None, 'CityName': 'Paris Cedex 17', 'PostalZone': '75841', 'Country': 'FRA'};775691215;True;CAISSE AUTONOME RETRAITE MEDECINS FRANCE;CARMF;;;services;['Coût', 'Valeur technique'];['prix', 'technique'];[30.0, 70.0];365.0;False;;False;{'StreetName': '46 rue Saint Ferdinand', 'CityName': 'Paris', 'PostalZone': '75017', 'NUTS': 'FR101', 'Country': 'FRA'};hybride;;26-87264;;;500000.0;LOT-0001;79800000;3720000.0;3;3.0;;Prestations de réalisation et envoi d'imprimés;ouverte;26/08;;;;False;False;False;;8130.0;Institution de retraite complémentaire ;200  à  249;<NA>;1900-01-01;84.30A;2008;5599.0;SA à conseil d'administration (s.a.i.);50  à  99;False;<NA>;2008;N;82;82.1;82.19;82.19Z;1981-04-21;(48.703484, 2.339502);Morangis;Essonne;Île-de-France;(48.877399, 2.286405);Paris;Paris;Île-de-France;;;;;;;;
False;;;False;True;False;attribue;{'StreetName': 'ZA la croix Baissée', 'AdditionalStreetName': None, 'CityName': 'Vert-le-Grand', 'PostalZone': '91810', 'Country': 'FRA'};317037521;True;EDIPOST;MAIADOURO FRANCE PRESTATIONS ET SOLUTIONS DIGITALES;2026-09-10;{'StreetName': '46 rue Saint Ferdinand', 'AdditionalStreetName': None, 'CityName': 'Paris Cedex 17', 'PostalZone': '75841', 'Country': 'FRA'};775691215;True;CAISSE AUTONOME RETRAITE MEDECINS FRANCE;CARMF;;;services;['Coût', 'Valeur technique'];['prix', 'technique'];[30.0, 70.0];365.0;False;;False;{'StreetName': '46 rue Saint Ferdinand', 'CityName': 'Paris', 'PostalZone': '75017', 'NUTS': 'FR101', 'Country': 'FRA'};hybride;;26-87264;;;300000.0;LOT-0002;79800000;3720000.0;3;1.0;;Prestations de réalisation et envoi d'imprimés;ouverte;26/08;;;;False;False;False;;8130.0;Institution de retraite complémentaire ;200  à  249;<NA>;1900-01-01;84.30A;2008;5599.0;SA à conseil d'administration (s.a.i.);50  à  99;False;<NA>;2008;N;82;82.1;82.19;82.19Z;1981-04-21;(48.57161, 2.361339);Vert-le-Grand;Essonne;Île-de-France;(48.877399, 2.286405);Paris;Paris;Île-de-France;;;;;;;;
False;;;False;True;False;attribue;{'StreetName': 'ZA la croix Baissée', 'AdditionalStreetName': None, 'CityName': 'Vert-le-Grand', 'PostalZone': '91810', 'Country': 'FRA'};317037521;True;EDIPOST;MAIADOURO FRANCE PRESTATIONS ET SOLUTIONS DIGITALES;2026-09-10;{'StreetName': '46 rue Saint Ferdinand', 'AdditionalStreetName': None, 'CityName': 'Paris Cedex 17', 'PostalZone': '75841', 'Country': 'FRA'};775691215;True;CAISSE AUTONOME RETRAITE MEDECINS FRANCE;CARMF;;;services;['Coût', 'Valeur technique'];['prix', 'technique'];[30.0, 70.0];365.0;False;;False;{'StreetName': '46 rue Saint Ferdinand', 'CityName': 'Paris', 'PostalZone': '75017', 'NUTS': 'FR101', 'Country': 'FRA'};hybride;;26-87264;;;10000.0;LOT-0003;79800000;3720000.0;3;2.0;;Prestations de réalisation et envoi d'imprimés;ouverte;26/08;;;;False;False;False;;8130.0;Institution de retraite complémentaire ;200  à  249;<NA>;1900-01-01;84.30A;2008;5599.0;SA à conseil d'administration (s.a.i.);50  à  99;False;<NA>;2008;N;82;82.1;82.19;82.19Z;1981-04-21;(48.57161, 2.361339);Vert-le-Grand;Essonne;Île-de-France;(48.877399, 2.286405);Paris;Paris;Île-de-France;;;;;;;;
False;;;True;True;False;attribue;{'StreetName': '1550 avenue de la grande halle', 'AdditionalStreetName': None, 'CityName': 'Buchelay', 'PostalZone': '78200', 'Country': 'FRA'};341788487;True;PROMUSEUM;PROMUSEUM;2026-09-10;{'StreetName': '4 rue Brantôme', 'AdditionalStreetName': None, 'CityName': 'Paris', 'PostalZone': '75004', 'Country': 'FRA'};180046021;True;CENTRE NATIONAL D'ART ET DE CULTURE GEORGES POMPIDOU;CENTRE POMPIDOU;;;fournitures;"['Valeur technique', 'Valeur financière', ""Mesures mises en place pour limiter l'impact environnemental""]";['technique', 'prix', 'environnemental'];[50.0, 40.0, 10.0];1440.0;True;;False;{'StreetName': None, 'CityName': 'Paris', 'PostalZone': None, 'NUTS': 'FR101', 'Country': 'FRA'};sans remise en concurrence;;26-87155;;27698.0;;LOT-0002;19520000;300000.0;2;1.0;;26-CP08-012_et_013-AC - Fournitures de matières plastiques diverses et sous différentes formes destinées à la conservation ou à la présentation d'œuvres (2 lots);ouverte;26-CP08-012_et_013-AC;3.0;;;True;False;False;;7389.0;Établissement public national à caractère administratif ;1 000  à  1 999;<NA>;1971-12-31;91.03Z;2008;5710.0;SAS, société par actions simplifiée;20  à  49;False;<NA>;2008;G;46;46.6;46.65;46.65Z;1987-07-15;(48.98803, 1.682914);Buchelay;Yvelines;Île-de-France;(48.851533, 2.355463);Paris;Paris;Île-de-France;;;;;;;;
False;;;True;True;False;non attribue;;;False;;;2026-09-10;{'StreetName': '4 rue Brantôme', 'AdditionalStreetName': None, 'CityName': 'Paris', 'PostalZone': '75004', 'Country': 'FRA'};180046021;True;CENTRE NATIONAL D'ART ET DE CULTURE GEORGES POMPIDOU;CENTRE POMPIDOU;;;fournitures;"[""Valeur technique de l'offre"", ""Valeur financière de l'offre"", ""Mesures mises en place pour limiter l'impact environnemental""]";['technique', 'prix', 'environnemental'];[50.0, 40.0, 10.0];1440.0;True;;False;{'StreetName': None, 'CityName': 'Paris', 'PostalZone': None, 'NUTS': 'FR101', 'Country': 'FRA'};sans remise en concurrence;;26-87155;;;;LOT-0001;19520000;300000.0;2;0.0;;26-CP08-012_et_013-AC - Fournitures de matières plastiques diverses et sous différentes formes destinées à la conservation ou à la présentation d'œuvres (2 lots);ouverte;26-CP08-012_et_013-AC;3.0;;;True;False;False;;7389.0;Établissement public national à caractère administratif ;1 000  à  1 999;<NA>;1971-12-31;91.03Z;2008;;;;;;<NA>;;;;;<NA>;<NA>;;;;;(48.851533, 2.355463);Paris;Paris;Île-de-France;;;;;;;;
False;;;True;False;False;attribue;{'StreetName': None, 'AdditionalStreetName': None, 'CityName': 'NEUILLY SUR SEINE FRANCE', 'PostalZone': '92200 ', 'Country': 'FRA'};632013843;True;GRANT THORNTON;GRANT THORNTON;2026-09-10;{'StreetName': ' 1 Pl. Carpeaux', 'AdditionalStreetName': None, 'CityName': 'Puteaux', 'PostalZone': '92800', 'Country': 'FRA'};120067012;True;DIRECTION GENERALE DE L'AMENAGEMENT DU LOGEMENT ET DE LA NATURE;DGALN;;;services;['Valeur technique appréciée au regard de la compréhension de la mission et de ses enjeux (5%), ainsi que de la méthodologie et du calendrier proposés pour répondre à l’ensemble des missions et prestations attendues (25%)', 'La capacité de l’équipe à répondre aux prestations, au regard de ses compétences et de son expérience', 'Prix incluant prix forfaitaire et scénario de commande, non transmis aux candidats, pour les prestations à prix unitaires', 'Prise en compte du développement durable dans les modalités pratiques d’exécution du marché, appréciée au regard de la note présentée par le soumissionnaire'];['technique', 'qualite', 'prix', 'environnemental'];[30.0, 30.0, 35.0, 5.0];1460.0;False;;False;{'StreetName': None, 'CityName': None, 'PostalZone': None, 'NUTS': 'FR101', 'Country': 'FRA'};sans remise en concurrence;;26-87106;;48000.0;;LOT-0001;79212500;183000.0;1;6.0;;Fiabilisation des informations comptables réglementaires des organismes de logement social;ouverte;2026-01-LO-Fiabilisation;;;;True;False;False;48000.0;7120.0;Service central d'un ministère ;500  à  999;<NA>;1981-06-23;84.13Z;2008;5710.0;SAS, société par actions simplifiée;1 000  à  1 999;False;<NA>;2008;M;69;69.2;69.2;69.20Z;1963-01-01;;Neuilly-sur-Seine;Hauts-de-Seine;Île-de-France;(48.893887, 2.239664);Puteaux;Hauts-de-Seine;Île-de-France;;;;;;;;
False;;;;True;False;attribue;{'StreetName': '42 rue de Berri', 'AdditionalStreetName': None, 'CityName': 'PARIS', 'PostalZone': '75008', 'Country': 'FRA'};421674342;True;PARIS ILE DE FRANCE;INLINGUA Paris Ile-de-France;2026-09-10;{'StreetName': None, 'AdditionalStreetName': None, 'CityName': 'Rennes', 'PostalZone': '35000', 'Country': 'FRA'};130015407;True;;PFC Ouest;;;services;;;;1460.0;True;2350000.0;False;{'StreetName': None, 'CityName': None, 'PostalZone': None, 'NUTS': 'FRB04', 'Country': 'FRA'};;;26-87210;;720000.0;1400000.0;LOT-0001;80580000;;4;6.0;;FORMATION EN LANGUE ANGLAISE_ANGLAIS TECHNIQUE ET METIER;ouverte;DAF_2024_000657;;;;False;False;False;1233780.0;;;;;<NA>;<NA>;<NA>;5710.0;SAS, société par actions simplifiée;20  à  49;False;<NA>;2008;P;85;85.5;85.59;85.59A;1999-01-01;(48.874069, 2.307343);Paris;Paris;Île-de-France;;Rennes;Ille-et-Vilaine;Bretagne;;;;;;;;
False;;;;True;False;attribue;{'StreetName': '42 rue de Berri', 'AdditionalStreetName': None, 'CityName': 'PARIS', 'PostalZone': '75008', 'Country': 'FRA'};421674342;True;PARIS ILE DE FRANCE;INLINGUA Paris Ile-de-France;2026-09-10;{'StreetName': None, 'AdditionalStreetName': None, 'CityName': 'Rennes', 'PostalZone': '35000', 'Country': 'FRA'};130015407;True;;PFC Ouest;;;services;;;;1460.0;True;2350000.0;False;{'StreetName': None, 'CityName': None, 'PostalZone': None, 'NUTS': 'FRB04', 'Country': 'FRA'};;;26-87210;;374000.0;600000.0;LOT-0002;80580000;;4;5.0;;FORMATION EN LANGUE ANGLAISE_ANGLAIS TECHNIQUE ET METIER;ouverte;DAF_2024_000657;;;;False;False;False;1233780.0;;;;;<NA>;<NA>;<NA>;5710.0;SAS, société par actions simplifiée;20  à  49;False;<NA>;2008;P;85;85.5;85.59;85.59A;1999-01-01;(48.874069, 2.307343);Paris;Paris;Île-de-France;;Rennes;Ille-et-Vilaine;Bretagne;;;;;;;;
False;;;;True;False;attribue;{'StreetName': '346 cours du Maréchal Gallieni', 'AdditionalStreetName': None, 'CityName': 'TALENCE', 'PostalZone': '33400', 'Country': 'FRA'};344882816;True;HAMILTON HOUSE;HAMILTON HOUSE;2026-09-10;{'StreetName': None, 'AdditionalStreetName': None, 'CityName': 'Rennes', 'PostalZone': '35000', 'Country': 'FRA'};130015407;True;;PFC Ouest;;;services;;;;1460.0;True;2350000.0;False;{'StreetName': None, 'CityName': None, 'PostalZone': None, 'NUTS': 'FRI12', 'Country': 'FRA'};;;26-87210;;139780.0;150000.0;LOT-0003;80580000;;4;3.0;;FORMATION EN LANGUE ANGLAISE_ANGLAIS TECHNIQUE ET METIER;ouverte;DAF_2024_000657;;;;False;False;False;1233780.0;;;;;<NA>;<NA>;<NA>;5499.0;Société à responsabilité limitée (sans autre indication);3  à  5;False;<NA>;2008;P;85;85.5;85.59;85.59A;1988-04-01;(44.820607, -0.597355);Talence;Gironde;Nouvelle-Aquitaine;;Rennes;Ille-et-Vilaine;Bretagne;;;;;;;;
False;;;;True;False;non attribue;;;False;;;2026-09-10;{'StreetName': None, 'AdditionalStreetName': None, 'CityName': 'Rennes', 'PostalZone': '35000', 'Country': 'FRA'};130015407;True;;PFC Ouest;;;services;;;;1460.0;True;2350000.0;False;{'StreetName': None, 'CityName': None, 'PostalZone': None, 'NUTS': 'FRJ28', 'Country': 'FRA'};;;26-87210;;;200000.0;LOT-0004;80580000;;4;;;FORMATION EN LANGUE ANGLAISE_ANGLAIS TECHNIQUE ET METIER;ouverte;DAF_2024_000657;;;;False;False;False;1233780.0;;;;;<NA>;<NA>;<NA>;;;;;;<NA>;;;;;<NA>;<NA>;;;;;;Rennes;Ille-et-Vilaine;Bretagne;;;;;;;;
False;;;True;False;False;attribue;{'StreetName': None, 'AdditionalStreetName': None, 'CityName': 'Saint-Herblain', 'PostalZone': '44800', 'Country': 'FRA'};305024382;True;JES;JES;2026-09-10;{'StreetName': 'Assemblée nationale', 'AdditionalStreetName': 'DACP', 'CityName': 'Paris', 'PostalZone': '75355', 'Country': 'FRA'};110000015;True;ASSEMBLEE NATIONALE;Assemblée nationale;;;services;['Pas de critère de mise en concurrence, marché à opérateur unique'];['technique'];;720.0;False;;False;{'StreetName': None, 'CityName': None, 'PostalZone': None, 'NUTS': 'FR101', 'Country': 'FRA'};sans remise en concurrence;;26-87382;;390000.0;;LOT-0001;72210000;390000.0;1;1.0;;MAINTENANCE DU PROGICIEL DE GESTION DES RESTAURANTS DE L’ASSEMBLEE NATIONALE ET DES MATÉRIELS ASSOCIÉS;negociee;25F111;4.0;;;False;False;False;390000.0;7111.0;Autorité constitutionnelle ;2 000  à  4 999;<NA>;1959-01-08;84.11Z;2008;5710.0;SAS, société par actions simplifiée;100  à  199;False;<NA>;2008;J;58;58.2;58.29;58.29B;1976-01-01;;Saint-Herblain;Loire-Atlantique;Pays de la Loire;(48.82528, 2.367853);Paris;Paris;Île-de-France;;;;;;;;
False;;;True;False;False;attribue;{'StreetName': '10 RUE JEAN MARCUIT', 'AdditionalStreetName': None, 'CityName': 'LYON', 'PostalZone': '69009', 'Country': 'FRA'};969508563;True;RAS;RAS INTERIM;2026-09-10;"{'StreetName': 'CITE SCIENTIFIQUE - RUE GUGLIELMO MARCONI', 'AdditionalStreetName': None, 'CityName': ""VILLENEUVE D'ASCQ"", 'PostalZone': '59653', 'Country': 'FRA'}";180092025;True;INSTITUT MINES-TELECOM;IMT NORD EUROPE;;2026-10-01+02:00;services;['PRIX 50', 'QUALITE DE L OFFRE 50'];['prix', 'qualite'];;;True;;False;{'StreetName': '941 RUE CHARLES BOURSEUL', 'CityName': 'DOUAI', 'PostalZone': '59500', 'NUTS': 'FRE11', 'Country': 'FRA'};;;26-87362;;150000.0;;LOT-0001;79620000;;1;5.0;;PRESTATIONS DE MISE A DISPOSITION DE PERSONNEL INTÉRIMAIRE;ouverte;26EMD004M;3.0;;;False;False;False;150000.0;7383.0;Établissement public national à caractère scientifique culturel et professionnel ;2 000  à  4 999;False;1996-12-29;85.42Z;2008;5710.0;SAS, société par actions simplifiée;20  à  49;False;<NA>;2008;M;70;70.1;70.1;70.10Z;1969-01-01;(45.789292, 4.813298);Lyon;Rhône;Auvergne-Rhône-Alpes;(50.610618, 3.134704);Villeneuve-d'Ascq;Nord;Hauts-de-France;;;;;;;;
False;;;False;False;False;attribue;{'StreetName': None, 'AdditionalStreetName': None, 'CityName': 'IGNY', 'PostalZone': '91120', 'Country': 'FRA'};481787299;True;KELENN TECHNOLOGY;Keleen Technology;2026-09-10;{'StreetName': '2 ALLEE LOUISE ET VICTOR CHAMPIER', 'AdditionalStreetName': None, 'CityName': 'Roubaix', 'PostalZone': '59100', 'Country': 'FRA'};195903380;True;ECOLE NATIONALE SUPERIEURE DES ARTS ET INDUSTRIES TEXTILES;ENSAIT;;;fournitures;['Critère technique apprécié au regarde de la valeur technique noté du 70'];['technique'];;;False;;True;{'StreetName': None, 'CityName': None, 'PostalZone': None, 'NUTS': 'FRE11', 'Country': 'FRA'};;;26-87385;;150000.0;;LOT-0001;42710000;;1;1.0;;Acquisition d’une Plateforme évolutive d’un système numérique d’impression / dépôt de fluides;ouverte;ENSAIT_2026_03;;;;False;False;False;150000.0;7383.0;Établissement public national à caractère scientifique culturel et professionnel ;100  à  199;<NA>;1961-07-25;85.42Z;2008;5710.0;SAS, société par actions simplifiée;20  à  49;False;<NA>;2008;M;74;74.9;74.9;74.90B;2005-03-25;;Igny;Essonne;Île-de-France;(50.694161, 3.167958);Roubaix;Nord;Hauts-de-France;;;;;;;;
False;;;True;False;False;attribue;{'StreetName': '39 avenue Pierre 1er de Serbie', 'AdditionalStreetName': None, 'CityName': 'Paris', 'PostalZone': '75008', 'Country': 'FRA'};479077737;True;AME ARCHITECTURE;SARL AME Architecture;2026-09-10;{'StreetName': None, 'AdditionalStreetName': None, 'CityName': 'Toulouse', 'PostalZone': '31015', 'Country': 'FRA'};173101205;True;DIRECTION INTERREGIONALE DES SERVICES PENITENTIAIRES TOULOUSE - SUD;Direction Interrégionale des Services Pénitentiaires de Toulouse;;2026-08-03+02:00;services;['prix des prestations', 'Mémoire technique', 'Documents de référence', 'Clauses sociales', 'Clauses environnementales'];['prix', 'technique', 'qualite', 'social', 'environnemental'];[40.0, 25.0, 15.0, 10.0, 10.0];;True;;False;{'StreetName': None, 'CityName': None, 'PostalZone': None, 'NUTS': 'FRJ12', 'Country': 'FRA'};;;26-87085;;144911.19;;LOT-0001;71000000;;1;14.0;;Maîtrise d'oeuvre - Réaménagement administration, greffe et parloirs - Maison d'arrêt de Nîmes (30);ouverte;26-MOE-NIMES-ADMIN_PARLOIRS;;;;True;False;False;144911.19;7171.0;Service déconcentré de l'État à compétence (inter) régionale ;2 000  à  4 999;False;1981-06-23;84.23Z;2008;5499.0;Société à responsabilité limitée (sans autre indication);10  à  19;False;<NA>;2008;M;71;71.1;71.11;71.11Z;2004-08-06;(48.868092, 2.300261);Paris;Paris;Île-de-France;;Toulouse;Haute-Garonne;Occitanie;;;;;;;;
False;;;True;True;False;attribue;{'StreetName': '82 Avenue Raspail', 'AdditionalStreetName': None, 'CityName': 'GENTILLY', 'PostalZone': '94250', 'Country': 'FRA'};775662257;True;SANOFI WINTHROP INDUSTRIE;SANOFI WINTHROP INDUSTRIE;2026-09-10;{'StreetName': 'Hôtel de ville - quai du port', 'AdditionalStreetName': None, 'CityName': 'Marseille cedex 20', 'PostalZone': '13233', 'Country': 'FRA'};211300553;True;COMMUNE DE MARSEILLE;Ville de Marseille;;;fournitures;"[""1°) Prix de l'offre 60 % 2°) Valeur technique de l'offre 30 % 3°) Développement Durable 10%""]";['environnemental'];;1440.0;False;;False;{'StreetName': None, 'CityName': None, 'PostalZone': None, 'NUTS': 'FRL04', 'Country': 'FRA'};;;26-87346;;220000.0;;LOT-0001;33651600;;16;1.0;;Fourniture et livraison de divers vaccins pour le Centre de Vaccinations Internationales de la Ville de Marseille - 16 lots;ouverte;26_0051;;;;False;False;False;2909000.0;7210.0;Commune et commune nouvelle ;10 000  et plus ;False;1960-01-01;84.11Z;2008;5599.0;SA à conseil d'administration (s.a.i.);5 000  à  9 999;False;<NA>;2008;C;21;21.2;21.2;21.20Z;1973-01-01;(48.810031, 2.34339);Gentilly;Val-de-Marne;Île-de-France;;;;;;;;;;;;
False;;;True;True;False;attribue;{'StreetName': '82 Avenue Raspail', 'AdditionalStreetName': None, 'CityName': 'GENTILLY', 'PostalZone': '94250', 'Country': 'FRA'};775662257;True;SANOFI WINTHROP INDUSTRIE;SANOFI WINTHROP INDUSTRIE;2026-09-10;{'StreetName': 'Hôtel de ville - quai du port', 'AdditionalStreetName': None, 'CityName': 'Marseille cedex 20', 'PostalZone': '13233', 'Country': 'FRA'};211300553;True;COMMUNE DE MARSEILLE;Ville de Marseille;;;fournitures;"[""1°) Prix de l'offre 60 % 2°) Valeur technique de l'offre 30 % 3°) Développement Durable 10%""]";['environnemental'];;1440.0;False;;False;{'StreetName': None, 'CityName': None, 'PostalZone': None, 'NUTS': 'FRL04', 'Country': 'FRA'};;;26-87346;;20000.0;;LOT-0002;33651600;;16;1.0;;Fourniture et livraison de divers vaccins pour le Centre de Vaccinations Internationales de la Ville de Marseille - 16 lots;ouverte;26_0051;;;;False;False;False;2909000.0;7210.0;Commune et commune nouvelle ;10 000  et plus ;False;1960-01-01;84.11Z;2008;5599.0;SA à conseil d'administration (s.a.i.);5 000  à  9 999;False;<NA>;2008;C;21;21.2;21.2;21.20Z;1973-01-01;(48.810031, 2.34339);Gentilly;Val-de-Marne;Île-de-France;;;;;;;;;;;;
False;;;True;True;False;attribue;{'StreetName': '10-12 Cours Michelet', 'AdditionalStreetName': None, 'CityName': 'PUTEAUX', 'PostalZone': '92800', 'Country': 'FRA'};417890589;True;MSD FRANCE;MSD FRANCE;2026-09-10;{'StreetName': 'Hôtel de ville - quai du port', 'AdditionalStreetName': None, 'CityName': 'Marseille cedex 20', 'PostalZone': '13233', 'Country': 'FRA'};211300553;True;COMMUNE DE MARSEILLE;Ville de Marseille;;;fournitures;"[""1°) Prix de l'offre 60 % 2°) Valeur technique de l'offre 30 % 3°) Développement Durable 10%""]";['environnemental'];;1440.0;False;;False;{'StreetName': None, 'CityName': None, 'PostalZone': None, 'NUTS': 'FRL04', 'Country': 'FRA'};;;26-87346;;40000.0;;LOT-0003;33651600;;16;1.0;;Fourniture et livraison de divers vaccins pour le Centre de Vaccinations Internationales de la Ville de Marseille - 16 lots;ouverte;26_0051;;;;False;False;False;2909000.0;7210.0;Commune et commune nouvelle ;10 000  et plus ;False;1960-01-01;84.11Z;2008;5710.0;SAS, société par actions simplifiée;1 000  à  1 999;False;<NA>;2008;G;46;46.4;46.46;46.46Z;1998-02-27;(48.887909, 2.246855);Puteaux;Hauts-de-Seine;Île-de-France;;;;;;;;;;;;
False;;;True;True;False;en cours;;;False;;;2026-09-10;{'StreetName': 'Hôtel de ville - quai du port', 'AdditionalStreetName': None, 'CityName': 'Marseille cedex 20', 'PostalZone': '13233', 'Country': 'FRA'};211300553;True;COMMUNE DE MARSEILLE;Ville de Marseille;;;fournitures;"[""1°) Prix de l'offre 60 % 2°) Valeur technique de l'offre 30 % 3°) Développement Durable 10%""]";['environnemental'];;1440.0;False;;False;{'StreetName': None, 'CityName': None, 'PostalZone': None, 'NUTS': 'FRL04', 'Country': 'FRA'};;;26-87346;;;;LOT-0004;33651600;;16;;;Fourniture et livraison de divers vaccins pour le Centre de Vaccinations Internationales de la Ville de Marseille - 16 lots;ouverte;26_0051;;;;False;False;False;2909000.0;7210.0;Commune et commune nouvelle ;10 000  et plus ;False;1960-01-01;84.11Z;2008;;;;;;<NA>;;;;;<NA>;<NA>;;;;;;;;;;;;;;;;
False;;;True;True;False;attribue;{'StreetName': '10-12 Cours Michelet', 'AdditionalStreetName': None, 'CityName': 'PUTEAUX', 'PostalZone': '92800', 'Country': 'FRA'};417890589;True;MSD FRANCE;MSD FRANCE;2026-09-10;{'StreetName': 'Hôtel de ville - quai du port', 'AdditionalStreetName': None, 'CityName': 'Marseille cedex 20', 'PostalZone': '13233', 'Country': 'FRA'};211300553;True;COMMUNE DE MARSEILLE;Ville de Marseille;;;fournitures;"[""1°) Prix de l'offre 60 % 2°) Valeur technique de l'offre 30 % 3°) Développement Durable 10%""]";['environnemental'];;1440.0;False;;False;{'StreetName': None, 'CityName': None, 'PostalZone': None, 'NUTS': 'FRL04', 'Country': 'FRA'};;;26-87346;;1500.0;;LOT-0005;33651600;;16;1.0;;Fourniture et livraison de divers vaccins pour le Centre de Vaccinations Internationales de la Ville de Marseille - 16 lots;ouverte;26_0051;;;;False;False;False;2909000.0;7210.0;Commune et commune nouvelle ;10 000  et plus ;False;1960-01-01;84.11Z;2008;5710.0;SAS, société par actions simplifiée;1 000  à  1 999;False;<NA>;2008;G;46;46.4;46.46;46.46Z;1998-02-27;(48.887909, 2.246855);Puteaux;Hauts-de-Seine;Île-de-France;;;;;;;;;;;;
False;;;True;True;False;attribue;{'StreetName': '23-25 avenue du Docteur Lannelongue', 'AdditionalStreetName': None, 'CityName': 'PARIS Cedex 14', 'PostalZone': '75 668', 'Country': 'FRA'};433623550;True;PFIZER;PFIZER;2026-09-10;{'StreetName': 'Hôtel de ville - quai du port', 'AdditionalStreetName': None, 'CityName': 'Marseille cedex 20', 'PostalZone': '13233', 'Country': 'FRA'};211300553;True;COMMUNE DE MARSEILLE;Ville de Marseille;;;fournitures;"[""1°) Prix de l'offre 60 % 2°) Valeur technique de l'offre 30 % 3°) Développement Durable 10%""]";['environnemental'];;1440.0;False;;False;{'StreetName': None, 'CityName': None, 'PostalZone': None, 'NUTS': 'FRL04', 'Country': 'FRA'};;;26-87346;;80000.0;;LOT-0006;33651600;;16;1.0;;Fourniture et livraison de divers vaccins pour le Centre de Vaccinations Internationales de la Ville de Marseille - 16 lots;ouverte;26_0051;;;;False;False;False;2909000.0;7210.0;Commune et commune nouvelle ;10 000  et plus ;False;1960-01-01;84.11Z;2008;5710.0;SAS, société par actions simplifiée;1 000  à  1 999;False;<NA>;2008;G;46;46.4;46.46;46.46Z;2000-11-09;(48.818417, 2.331506);Montrouge;Hauts-de-Seine;Île-de-France;;;;;;;;;;;;
False;;;True;True;False;attribue;{'StreetName': '23-25 avenue du Docteur Lannelongue', 'AdditionalStreetName': None, 'CityName': 'PARIS Cedex 14', 'PostalZone': '75 668', 'Country': 'FRA'};433623550;True;PFIZER;PFIZER;2026-09-10;{'StreetName': 'Hôtel de ville - quai du port', 'AdditionalStreetName': None, 'CityName': 'Marseille cedex 20', 'PostalZone': '13233', 'Country': 'FRA'};211300553;True;COMMUNE DE MARSEILLE;Ville de Marseille;;;fournitures;"[""1°) Prix de l'offre 60 % 2°) Valeur technique de l'offre 30 % 3°) Développement Durable 10%""]";['environnemental'];;1440.0;False;;False;{'StreetName': None, 'CityName': None, 'PostalZone': None, 'NUTS': 'FRL04', 'Country': 'FRA'};;;26-87346;;850000.0;;LOT-0007;33651600;;16;1.0;;Fourniture et livraison de divers vaccins pour le Centre de Vaccinations Internationales de la Ville de Marseille - 16 lots;ouverte;26_0051;;;;False;False;False;2909000.0;7210.0;Commune et commune nouvelle ;10 000  et plus ;False;1960-01-01;84.11Z;2008;5710.0;SAS, société par actions simplifiée;1 000  à  1 999;False;<NA>;2008;G;46;46.4;46.46;46.46Z;2000-11-09;(48.818417, 2.331506);Montrouge;Hauts-de-Seine;Île-de-France;;;;;;;;;;;;
False;;;True;True;False;en cours;;;False;;;2026-09-10;{'StreetName': 'Hôtel de ville - quai du port', 'AdditionalStreetName': None, 'CityName': 'Marseille cedex 20', 'PostalZone': '13233', 'Country': 'FRA'};211300553;True;COMMUNE DE MARSEILLE;Ville de Marseille;;;fournitures;"[""1°) Prix de l'offre 60 % 2°) Valeur technique de l'offre 30 % 3°) Développement Durable 10%""]";['environnemental'];;1440.0;False;;False;{'StreetName': None, 'CityName': None, 'PostalZone': None, 'NUTS': 'FRL04', 'Country': 'FRA'};;;26-87346;;;;LOT-0008;33651600;;16;;;Fourniture et livraison de divers vaccins pour le Centre de Vaccinations Internationales de la Ville de Marseille - 16 lots;ouverte;26_0051;;;;False;False;False;2909000.0;7210.0;Commune et commune nouvelle ;10 000  et plus ;False;1960-01-01;84.11Z;2008;;;;;;<NA>;;;;;<NA>;<NA>;;;;;;;;;;;;;;;;
False;;;True;True;False;attribue;{'StreetName': '27 avenue de l’opéra', 'AdditionalStreetName': None, 'CityName': 'Paris', 'PostalZone': '75001', 'Country': 'FRA'};932351901;True;BAVARIAN NORDIC FRANCE;BAVARIAN NORDIC FRANCE (classé premier attributaire);2026-09-10;{'StreetName': 'Hôtel de ville - quai du port', 'AdditionalStreetName': None, 'CityName': 'Marseille cedex 20', 'PostalZone': '13233', 'Country': 'FRA'};211300553;True;COMMUNE DE MARSEILLE;Ville de Marseille;;;fournitures;"[""1°) Prix de l'offre 60 % 2°) Valeur technique de l'offre 30 % 3°) Développement Durable 10%""]";['environnemental'];;1440.0;False;;False;{'StreetName': None, 'CityName': None, 'PostalZone': None, 'NUTS': 'FRL04', 'Country': 'FRA'};;;26-87346;;2500.0;;LOT-0009;33651600;;16;1.0;;Fourniture et livraison de divers vaccins pour le Centre de Vaccinations Internationales de la Ville de Marseille - 16 lots;ouverte;26_0051;;;;False;False;False;2909000.0;7210.0;Commune et commune nouvelle ;10 000  et plus ;False;1960-01-01;84.11Z;2008;5710.0;SAS, société par actions simplifiée;;False;False;2008;G;46;46.4;46.46;46.46Z;2024-08-26;(48.866849, 2.333713);Paris;Paris;Île-de-France;;;;;;;;;;;;
False;;;True;True;False;attribue;{'StreetName': '82 Avenue Raspail', 'AdditionalStreetName': None, 'CityName': 'GENTILLY', 'PostalZone': '94250', 'Country': 'FRA'};775662257;True;SANOFI WINTHROP INDUSTRIE;SANOFI WINTHROP INDUSTRIE;2026-09-10;{'StreetName': 'Hôtel de ville - quai du port', 'AdditionalStreetName': None, 'CityName': 'Marseille cedex 20', 'PostalZone': '13233', 'Country': 'FRA'};211300553;True;COMMUNE DE MARSEILLE;Ville de Marseille;;;fournitures;"[""1°) Prix de l'offre 60 % 2°) Valeur technique de l'offre 30 % 3°) Développement Durable 10%""]";['environnemental'];;1440.0;False;;False;{'StreetName': None, 'CityName': None, 'PostalZone': None, 'NUTS': 'FRL04', 'Country': 'FRA'};;;26-87346;;600000.0;;LOT-0010;33651600;;16;1.0;;Fourniture et livraison de divers vaccins pour le Centre de Vaccinations Internationales de la Ville de Marseille - 16 lots;ouverte;26_0051;;;;False;False;False;2909000.0;7210.0;Commune et commune nouvelle ;10 000  et plus ;False;1960-01-01;84.11Z;2008;5599.0;SA à conseil d'administration (s.a.i.);5 000  à  9 999;False;<NA>;2008;C;21;21.2;21.2;21.20Z;1973-01-01;(48.810031, 2.34339);Gentilly;Val-de-Marne;Île-de-France;;;;;;;;;;;;
False;;;True;True;False;attribue;{'StreetName': '10-12 Cours Michelet', 'AdditionalStreetName': None, 'CityName': 'PUTEAUX', 'PostalZone': '92800', 'Country': 'FRA'};417890589;True;MSD FRANCE;MSD FRANCE;2026-09-10;{'StreetName': 'Hôtel de ville - quai du port', 'AdditionalStreetName': None, 'CityName': 'Marseille cedex 20', 'PostalZone': '13233', 'Country': 'FRA'};211300553;True;COMMUNE DE MARSEILLE;Ville de Marseille;;;fournitures;"[""1°) Prix de l'offre 60 % 2°) Valeur technique de l'offre 30 % 3°) Développement Durable 10%""]";['environnemental'];;1440.0;False;;False;{'StreetName': None, 'CityName': None, 'PostalZone': None, 'NUTS': 'FRL04', 'Country': 'FRA'};;;26-87346;;150000.0;;LOT-0011;33651600;;16;1.0;;Fourniture et livraison de divers vaccins pour le Centre de Vaccinations Internationales de la Ville de Marseille - 16 lots;ouverte;26_0051;;;;False;False;False;2909000.0;7210.0;Commune et commune nouvelle ;10 000  et plus ;False;1960-01-01;84.11Z;2008;5710.0;SAS, société par actions simplifiée;1 000  à  1 999;False;<NA>;2008;G;46;46.4;46.46;46.46Z;1998-02-27;(48.887909, 2.246855);Puteaux;Hauts-de-Seine;Île-de-France;;;;;;;;;;;;
False;;;True;True;False;en cours;;;False;;;2026-09-10;{'StreetName': 'Hôtel de ville - quai du port', 'AdditionalStreetName': None, 'CityName': 'Marseille cedex 20', 'PostalZone': '13233', 'Country': 'FRA'};211300553;True;COMMUNE DE MARSEILLE;Ville de Marseille;;;fournitures;"[""1°) Prix de l'offre 60 % 2°) Valeur technique de l'offre 30 % 3°) Développement Durable 10%""]";['environnemental'];;1440.0;False;;False;{'StreetName': None, 'CityName': None, 'PostalZone': None, 'NUTS': 'FRL04', 'Country': 'FRA'};;;26-87346;;;;LOT-0012;33651600;;16;;;Fourniture et livraison de divers vaccins pour le Centre de Vaccinations Internationales de la Ville de Marseille - 16 lots;ouverte;26_0051;;;;False;False;False;2909000.0;7210.0;Commune et commune nouvelle ;10 000  et plus ;False;1960-01-01;84.11Z;2008;;;;;;<NA>;;;;;<NA>;<NA>;;;;;;;;;;;;;;;;
False;;;True;True;False;en cours;;;False;;;2026-09-10;{'StreetName': 'Hôtel de ville - quai du port', 'AdditionalStreetName': None, 'CityName': 'Marseille cedex 20', 'PostalZone': '13233', 'Country': 'FRA'};211300553;True;COMMUNE DE MARSEILLE;Ville de Marseille;;;fournitures;"[""1°) Prix de l'offre 60 % 2°) Valeur technique de l'offre 30 % 3°) Développement Durable 10%""]";['environnemental'];;1440.0;False;;False;{'StreetName': None, 'CityName': None, 'PostalZone': None, 'NUTS': 'FRL04', 'Country': 'FRA'};;;26-87346;;;;LOT-0013;33651600;;16;;;Fourniture et livraison de divers vaccins pour le Centre de Vaccinations Internationales de la Ville de Marseille - 16 lots;ouverte;26_0051;;;;False;False;False;2909000.0;7210.0;Commune et commune nouvelle ;10 000  et plus ;False;1960-01-01;84.11Z;2008;;;;;;<NA>;;;;;<NA>;<NA>;;;;;;;;;;;;;;;;
False;;;True;True;False;attribue;;;False;;;2026-09-10;{'StreetName': 'Hôtel de ville - quai du port', 'AdditionalStreetName': None, 'CityName': 'Marseille cedex 20', 'PostalZone': '13233', 'Country': 'FRA'};211300553;True;COMMUNE DE MARSEILLE;Ville de Marseille;;;fournitures;"[""1°) Prix de l'offre 60 % 2°) Valeur technique de l'offre 30 % 3°) Développement Durable 10%""]";['environnemental'];;1440.0;False;;False;{'StreetName': None, 'CityName': None, 'PostalZone': None, 'NUTS': 'FRL04', 'Country': 'FRA'};;;26-87346;;160000.0;;LOT-0014;33651600;;16;2.0;;Fourniture et livraison de divers vaccins pour le Centre de Vaccinations Internationales de la Ville de Marseille - 16 lots;ouverte;26_0051;;;;False;False;False;2909000.0;7210.0;Commune et commune nouvelle ;10 000  et plus ;False;1960-01-01;84.11Z;2008;;;;;;<NA>;;;;;<NA>;<NA>;;;;;;;;;;;;;;;;
False;;;True;True;False;attribue;{'StreetName': '82 Avenue Raspail', 'AdditionalStreetName': None, 'CityName': 'GENTILLY', 'PostalZone': '94250', 'Country': 'FRA'};775662257;True;SANOFI WINTHROP INDUSTRIE;SANOFI WINTHROP INDUSTRIE;2026-09-10;{'StreetName': 'Hôtel de ville - quai du port', 'AdditionalStreetName': None, 'CityName': 'Marseille cedex 20', 'PostalZone': '13233', 'Country': 'FRA'};211300553;True;COMMUNE DE MARSEILLE;Ville de Marseille;;;fournitures;"[""1°) Prix de l'offre 60 % 2°) Valeur technique de l'offre 30 % 3°) Développement Durable 10%""]";['environnemental'];;1440.0;False;;False;{'StreetName': None, 'CityName': None, 'PostalZone': None, 'NUTS': 'FRL04', 'Country': 'FRA'};;;26-87346;;130000.0;;LOT-0015;33651600;;16;1.0;;Fourniture et livraison de divers vaccins pour le Centre de Vaccinations Internationales de la Ville de Marseille - 16 lots;ouverte;26_0051;;;;False;False;False;2909000.0;7210.0;Commune et commune nouvelle ;10 000  et plus ;False;1960-01-01;84.11Z;2008;5599.0;SA à conseil d'administration (s.a.i.);5 000  à  9 999;False;<NA>;2008;C;21;21.2;21.2;21.20Z;1973-01-01;(48.810031, 2.34339);Gentilly;Val-de-Marne;Île-de-France;;;;;;;;;;;;
False;;;True;True;False;en cours;;;False;;;2026-09-10;{'StreetName': 'Hôtel de ville - quai du port', 'AdditionalStreetName': None, 'CityName': 'Marseille cedex 20', 'PostalZone': '13233', 'Country': 'FRA'};211300553;True;COMMUNE DE MARSEILLE;Ville de Marseille;;;fournitures;"[""1°) Prix de l'offre 60 % 2°) Valeur technique de l'offre 30 % 3°) Développement Durable 10%""]";['environnemental'];;1440.0;False;;False;{'StreetName': None, 'CityName': None, 'PostalZone': None, 'NUTS': 'FRL04', 'Country': 'FRA'};;;26-87346;;;;LOT-0016;33651600;;16;;;Fourniture et livraison de divers vaccins pour le Centre de Vaccinations Internationales de la Ville de Marseille - 16 lots;ouverte;26_0051;;;;False;False;False;2909000.0;7210.0;Commune et commune nouvelle ;10 000  et plus ;False;1960-01-01;84.11Z;2008;;;;;;<NA>;;;;;<NA>;<NA>;;;;;;;;;;;;;;;;
False;['71632000'];;True;False;False;attribue;{'StreetName': 'ZA de Trappes - Elancourt - 29 avenue Roger Hennequin ', 'AdditionalStreetName': None, 'CityName': 'Trappes', 'PostalZone': '78197', 'Country': 'FRA'};313320244;True;LABORATOIRE  NATIONAL DE METROLOGIE ET D'ESSAIS;LABORATOIRE NATIONAL DE MÉTROLOGIE ET D’ESSAIS;2026-09-10;{'StreetName': '15 RUE LOUIS LEJEUNE', 'AdditionalStreetName': None, 'CityName': 'MONTROUGE', 'PostalZone': '92120', 'Country': 'FRA'};130001803;True;AUTORITE DE SURETE NUCLEAIRE ET DE RADIOPROTECTION;Autorité de sûreté nucléaire et de radioprotection;;;services;"['DPGF', 'Adéquation des moyens expérimentaux ; Qualité et complétude des mesures ; Organisation et gouvernance ; Planification']";['prix', 'qualite'];[40.0, 60.0];720.0;False;;False;{'StreetName': 'Centre CEA de Cadarache', 'CityName': 'Saint-Paul-Lez-Durance', 'PostalZone': '13115', 'NUTS': 'FRL04', 'Country': 'FRA'};sans remise en concurrence;;26-87086;;181890.0;;LOT-0001;71600000;20000.0;1;1.0;;ASNR-2026-037-3000091579-combustion;ouverte;ASNR-2026-037-3000091579;;;;True;False;False;181890.0;7112.0;Autorité administrative ou publique indépendante;200  à  249;<NA>;2006-06-14;71.20B;2008;4110.0;Établissement public national à caractère industriel ou commercial doté d'un comptable public ;500  à  999;False;<NA>;2008;M;71;71.2;71.2;71.20B;1978-03-01;(48.761771, 1.981008);Trappes;Yvelines;Île-de-France;(48.818314, 2.326837);Montrouge;Hauts-de-Seine;Île-de-France;;;;;;;;
False;['50800000'];;True;False;False;non attribue;;;False;;;2026-09-10;{'StreetName': 'Dgar Dfcpad', 'AdditionalStreetName': 'Pôle Commande Publique Durable', 'CityName': 'Vitrolles Cedex', 'PostalZone': '13743', 'Country': 'FRA'};211301171;False;COMMUNE DE VITROLLES;Commune de Vitrolles;;2026-05-25+02:00;services;"[""Valeur technique de l'offre"", ""Performances en matière de protection de l'environnement"", 'Prix']";['technique', 'environnemental', 'prix'];[55.0, 5.0, 40.0];360.0;False;268800.0;False;;sans remise en concurrence;;26-87143;;;;LOT-0000;50800000;;1;3.0;;2026S001 - ENTRETIEN COURANT DES FONTAINES, PIECES D'EAUX ET CANAUX DE LA VILLE DE VITROLLES;ouverte;2026S001;3.0;;;False;False;False;;7210.0;Commune et commune nouvelle ;1 000  à  1 999;False;1983-03-01;84.11Z;2008;;;;;;<NA>;;;;;<NA>;<NA>;;;;;;;;;;;;;;;;
False;;;True;True;False;attribue;{'StreetName': '9 Boulevard de l’Europe', 'AdditionalStreetName': None, 'CityName': 'QUETIGNY', 'PostalZone': '21800', 'Country': 'FRA'};778196501;True;GEOTEC;GEOTEC;2026-09-10;{'StreetName': '16 rue Antoine Zattara', 'AdditionalStreetName': None, 'CityName': 'MARSEILLE', 'PostalZone': '13003', 'Country': 'FRA'};130001761;True;DIRECTION INTERDEPARTEMENTALE DES ROUTES MEDITERRANEE;DIRMED;;2026-07-27+02:00;services;['Le Prix des prestations', 'La valeur technique'];['prix', 'technique'];[40.0, 60.0];1440.0;False;;False;{'StreetName': None, 'CityName': None, 'PostalZone': None, 'NUTS': 'FRL04', 'Country': 'FRA'};;;26-87361;;4000000.0;;LOT-0001;71311300;;2;5.0;;Assistance, accompagnement de la MOA, réalisation d’études et de contrôles extérieurs pour l’entretien et la surveillance des chaussées et des ouvrages d’art sur le réseau de la DIRMED.;ouverte;DIRMED-26-001;;;;False;False;False;11200000.0;7172.0;Service déconcentré de l'État à compétence (inter) départementale ;500  à  999;<NA>;2006-01-01;84.13Z;2008;5710.0;SAS, société par actions simplifiée;500  à  999;False;<NA>;2008;M;71;71.1;71.12;71.12B;1973-01-01;(47.316492, 5.094331);Quetigny;Côte-d'Or;Bourgogne-Franche-Comté;(43.303663, 5.377602);Marseille;Bouches-du-Rhône;Provence-Alpes-Côte d'Azur;;;;;;;;
False;;;True;True;False;attribue;{'StreetName': '4 rue du Rompot ', 'AdditionalStreetName': None, 'CityName': 'FONTAINE-LES-DIJON', 'PostalZone': '21121', 'Country': 'FRA'};489811109;True;NEXTROAD ENGINEERING;NEXTROAD ENGINEERING;2026-09-10;{'StreetName': '16 rue Antoine Zattara', 'AdditionalStreetName': None, 'CityName': 'MARSEILLE', 'PostalZone': '13003', 'Country': 'FRA'};130001761;True;DIRECTION INTERDEPARTEMENTALE DES ROUTES MEDITERRANEE;DIRMED;;2026-07-27+02:00;services;['prix prestations', 'valeur technique'];['prix', 'technique'];[40.0, 60.0];1440.0;False;;False;{'StreetName': None, 'CityName': None, 'PostalZone': None, 'NUTS': 'FRL04', 'Country': 'FRA'};;;26-87361;;7200000.0;;LOT-0002;71311300;;2;2.0;;Assistance, accompagnement de la MOA, réalisation d’études et de contrôles extérieurs pour l’entretien et la surveillance des chaussées et des ouvrages d’art sur le réseau de la DIRMED.;ouverte;DIRMED-26-001;;;;False;False;False;11200000.0;7172.0;Service déconcentré de l'État à compétence (inter) départementale ;500  à  999;<NA>;2006-01-01;84.13Z;2008;5710.0;SAS, société par actions simplifiée;100  à  199;False;<NA>;2008;M;71;71.1;71.12;71.12B;2006-04-10;(47.342184, 5.029245);Fontaine-lès-Dijon;Côte-d'Or;Bourgogne-Franche-Comté;(43.303663, 5.377602);Marseille;Bouches-du-Rhône;Provence-Alpes-Côte d'Azur;;;;;;;;
False;;;True;False;False;attribue;;;False;;;2026-09-10;{'StreetName': '58 BD CHARLES LIVON', 'AdditionalStreetName': None, 'CityName': 'Marseille', 'PostalZone': '13007', 'Country': 'FRA'};200054807;True;METROPOLE D'AIX-MARSEILLE-PROVENCE;Métropole Aix Marseille Provence;;;services;['Le critère prix sera calculé en prenant en compte le montant global des prix en TTC.', 'La valeur technique  Sous-critère 1 : 50 %  Intitulé : Qualité des infrastructures et des solutions techniques mises en œuvre pour l’exécution des prestations).  Sous-critère 2 : 50% Intitulé : Qualité des prestations de service client durant l’exécution des prestations'];['prix', 'qualite'];[60.0, 40.0];1440.0;False;;False;{'StreetName': None, 'CityName': None, 'PostalZone': None, 'NUTS': 'FRL04', 'Country': 'FRA'};;;26-87115;;1927209.0;;LOT-0001;64200000;;1;2.0;;Fourniture de liens réseau opérés, de services connexes, intégration et, abonnements et support pour l’infrastructure WAN sur les sites de la Métropole Aix-Marseille Provence;ouverte;71260056;0.0;;;False;False;False;1927209.0;7344.0;Métropole;5 000  à  9 999;False;2016-01-01;84.11Z;2008;;;;;;<NA>;;;;;<NA>;<NA>;;;;;(43.292154, 5.359134);Marseille;Bouches-du-Rhône;Provence-Alpes-Côte d'Azur;;;;;;;;
False;;;;True;False;attribue;{'StreetName': None, 'AdditionalStreetName': None, 'CityName': 'Créteil', 'PostalZone': '94000', 'Country': 'FRA'};662025196;True;ELIOR RESTAURATION FRANCE;ELRES;2026-09-10;{'StreetName': '101 Cours Charlemagne', 'AdditionalStreetName': None, 'CityName': 'Lyon cedex 2', 'PostalZone': '69269', 'Country': 'FRA'};200053767;True;REGION AUVERGNE-RHONE-ALPES;Région Auvergne Rhône Alpes;;;services;['Prix', 'Organisation du personnel et maintien de l’activité continuité de service', 'Diversité des menus proposés', 'Gestion du gaspillage alimentaire'];['prix', 'social', 'qualite', 'qualite'];[50.0, 20.0, 20.0, 10.0];1440.0;False;;False;{'StreetName': 'Les adresses sont celles des établissements concernés par le présent lot', 'CityName': 'Lyon', 'PostalZone': '69269', 'NUTS': 'FRK26', 'Country': 'FRA'};sans remise en concurrence;;26-87057;;4600000.0;0.0;LOT-0001;55523100;7150000.0;2;3.0;;Prestations de restauration pour 9 lycées de la Région Auvergne-Rhône Alpes;ouverte;DAF_2025_000436;;;;False;False;False;;7230.0;Région ;5 000  à  9 999;False;2016-01-01;84.11Z;2008;5710.0;SAS, société par actions simplifiée;10 000  et plus ;False;False;2008;I;56;56.2;56.29;56.29B;1966-01-01;;Créteil;Val-de-Marne;Île-de-France;(45.740702, 4.819374);Lyon;Rhône;Auvergne-Rhône-Alpes;;;;;;;;
False;;;;True;False;attribue;{'StreetName': None, 'AdditionalStreetName': None, 'CityName': 'Mons-en-Baroeul', 'PostalZone': '59370', 'Country': 'FRA'};477181010;True;API RESTAURATION;API restauration;2026-09-10;{'StreetName': '101 Cours Charlemagne', 'AdditionalStreetName': None, 'CityName': 'Lyon cedex 2', 'PostalZone': '69269', 'Country': 'FRA'};200053767;True;REGION AUVERGNE-RHONE-ALPES;Région Auvergne Rhône Alpes;;;services;['Prix', 'Organisation du personnel et maintien de l’activité continuité de service', 'Diversité des menus proposés', 'Gestion du gaspillage alimentaire'];['prix', 'social', 'qualite', 'qualite'];[50.0, 20.0, 20.0, 10.0];1440.0;False;;False;{'StreetName': 'Les adresses sont celles des établissements concernés par le présent lot', 'CityName': 'Lyon', 'PostalZone': '69269', 'NUTS': 'FRK26', 'Country': 'FRA'};sans remise en concurrence;;26-87057;;;;LOT-0002;55523100;7150000.0;2;4.0;;Prestations de restauration pour 9 lycées de la Région Auvergne-Rhône Alpes;ouverte;DAF_2025_000436;;;;False;False;False;;7230.0;Région ;5 000  à  9 999;False;2016-01-01;84.11Z;2008;5710.0;SAS, société par actions simplifiée;5 000  à  9 999;False;False;2008;I;56;56.2;56.29;56.29A;1985-09-27;;Mons-en-Barœul;Nord;Hauts-de-France;(45.740702, 4.819374);Lyon;Rhône;Auvergne-Rhône-Alpes;;;;;;;;
False;['30199770'];;True;False;False;attribue;{'StreetName': '561 Rue Georges Melies', 'AdditionalStreetName': None, 'CityName': 'Montpellier', 'PostalZone': '34000', 'Country': 'FRA'};824012173;False;SWILE;LUNCHR;2026-09-10;{'StreetName': '19 Boulevard Marius Vivier Merle', 'AdditionalStreetName': None, 'CityName': 'Lyon', 'PostalZone': '69003', 'Country': 'FRA'};979128402;False;SOCIETE PUBLIQUE LOCALE RELATION USAGERS;SOCIETE PUBLIQUE LOCALE RELATION USAGERS;;2026-08-01+02:00;services;[];[];;;False;2000000.0;False;;sans remise en concurrence;;26-87319;;;;LOT-0000;66133000;2800000.0;1;4.0;;Accord-cadre pour la fourniture de titres restaurant dématérialisés pour le personnel de TCL Relation Usagers;ouverte;26_016;1.0;;;False;False;False;;5599.0;SA à conseil d'administration (s.a.i.);6  à  9;False;2023-05-15;52.21Z;2008;5710.0;SAS, société par actions simplifiée;250  à  499;False;<NA>;2008;K;66;66.1;66.19;66.19B;2016-11-24;(43.605828, 3.920351);Montpellier;Hérault;Occitanie;(45.761997, 4.859102);Lyon;Rhône;Auvergne-Rhône-Alpes;;;;;;;;
False;;;True;False;False;attribue;;;False;;;2026-09-10;{'StreetName': '101, cours Charlemagne - CS20033', 'AdditionalStreetName': None, 'CityName': 'Lyon cedex 2', 'PostalZone': '69269', 'Country': 'FRA'};200053767;True;REGION AUVERGNE-RHONE-ALPES;"Région Auvergne-Rhône-Alpes 
ROUTES 3DS Représentée par la DREAL Auvergne-Rhône-Alpes";;;services;"['Critère 1 : Qualité et cohérence du mémoire technique / pondération à 60%', 'Critère 2 : Prix exercice  ""EO diffuseur 38"" / pondération à 30%', 'Critère 3 : Qualité de la notice éco-responsabilité / pondération à 10%']";['qualite', 'prix', 'qualite'];[60.0, 30.0, 10.0];360.0;True;;False;;sans remise en concurrence;;26-87056;;138700.0;;LOT-0001;71300000;1600000.0;1;2.0;;Assistance à maîtrise d'ouvrage en études routières;ouverte;DAF_2026_000124;3.0;;;False;False;False;138700.0;7230.0;Région ;5 000  à  9 999;False;2016-01-01;84.11Z;2008;;;;;;<NA>;;;;;<NA>;<NA>;;;;;(45.740702, 4.819374);Lyon;Rhône;Auvergne-Rhône-Alpes;;;;;;;;
False;['79411100', '79998000'];;True;False;False;attribue;{'StreetName': None, 'AdditionalStreetName': None, 'CityName': '75103', 'PostalZone': '75003', 'Country': 'FRA'};822879904;True;INCO.ORG;INCO.ORG;2026-09-10;{'StreetName': '2 rue Simone Veil', 'AdditionalStreetName': None, 'CityName': 'SAINT-OUEN-SUR-SEINE', 'PostalZone': '93400', 'Country': 'FRA'};237500079;True;REGION ILE DE FRANCE;Région Ile de France;;;services;['Valeur technique jugée au regard des éléments figurant au cadre de mémoire technique, sur la base des sous-critères énoncés au règlement de la consultation.', 'Prix jugé au regard du montant du prix global et forfaitaire (figurant au CDPGF)'];['technique', 'prix'];[60.0, 40.0];720.0;False;;False;{'StreetName': None, 'CityName': None, 'PostalZone': None, 'NUTS': 'FR106', 'Country': 'FRA'};;;26-87096;;525000.0;;LOT-0001;75200000;;1;7.0;;Mission d’animation et de gestion de l’incubateur de la Région Ile-de-France;ouverte;2600272;1.0;;;False;False;False;525000.0;7230.0;Région ;10 000  et plus ;False;1982-01-01;84.11Z;2008;9220.0;Association déclarée ;20  à  49;True;<NA>;2008;S;94;94.9;94.99;94.99Z;2016-09-26;;;;;(48.912395, 2.331462);Saint-Ouen-sur-Seine;Seine-Saint-Denis;Île-de-France;;;;;;;;
False;;;True;True;False;attribue;{'StreetName': None, 'AdditionalStreetName': None, 'CityName': 'Gennevilliers', 'PostalZone': '92230', 'Country': 'FRA'};497810911;True;PROSODIA;PROSODIA;2026-09-10;{'StreetName': 'place jean jaurès', 'AdditionalStreetName': None, 'CityName': 'Montreuil cedex', 'PostalZone': '93105', 'Country': 'FRA'};219300480;True;COMMUNE DE MONTREUIL;Ville de Montreuil;;;services;['Valeur technique', 'Prix des prestations au regard du Détail Quantitatif Estimatif'];['technique', 'prix'];[60.0, 40.0];360.0;False;;False;{'StreetName': None, 'CityName': None, 'PostalZone': None, 'NUTS': 'FR106', 'Country': 'FRA'};;;26-87336;;76392.0;;LOT-0001;80511000;;2;13.0;;Prestations de formations de remise à niveau et de consolidation des acquis aux bénéfices des agents du dispositif C de la ville de Montreuil et de son CCAS;autre;FCS26-008;2.0;;;False;False;False;315000.0;7210.0;Commune et commune nouvelle ;2 000  à  4 999;False;1981-06-18;84.11Z;2008;5710.0;SAS, société par actions simplifiée;10  à  19;False;<NA>;2008;P;85;85.5;85.59;85.59A;2007-05-03;;Gennevilliers;Hauts-de-Seine;Île-de-France;(48.862489, 2.442318);Montreuil;Seine-Saint-Denis;Île-de-France;;;;;;;;
False;;;True;True;False;attribue;{'StreetName': None, 'AdditionalStreetName': None, 'CityName': 'Villemomble', 'PostalZone': '93250', 'Country': 'FRA'};341915338;True;ASTROLABE FORMATION-PFD;ASTROLABE FORMATION-PFD;2026-09-10;{'StreetName': 'place jean jaurès', 'AdditionalStreetName': None, 'CityName': 'Montreuil cedex', 'PostalZone': '93105', 'Country': 'FRA'};219300480;True;COMMUNE DE MONTREUIL;Ville de Montreuil;;;services;['Valeur technique', 'Prix des prestations au regard du Détail Quantitatif Estimatif'];['technique', 'prix'];[60.0, 40.0];360.0;False;;False;{'StreetName': None, 'CityName': None, 'PostalZone': None, 'NUTS': 'FR106', 'Country': 'FRA'};;;26-87336;;49800.0;;LOT-0002;80511000;;2;12.0;;Prestations de formations de remise à niveau et de consolidation des acquis aux bénéfices des agents du dispositif C de la ville de Montreuil et de son CCAS;autre;FCS26-008;2.0;;;False;False;False;315000.0;7210.0;Commune et commune nouvelle ;2 000  à  4 999;False;1981-06-18;84.11Z;2008;9220.0;Association déclarée ;50  à  99;True;<NA>;2008;P;85;85.5;85.59;85.59A;1986-12-17;;Villemomble;Seine-Saint-Denis;Île-de-France;(48.862489, 2.442318);Montreuil;Seine-Saint-Denis;Île-de-France;;;;;;;;
False;;38.0;True;True;False;attribue;{'StreetName': None, 'AdditionalStreetName': None, 'CityName': '86194', 'PostalZone': '86000', 'Country': 'FRA'};320723281;True;COUSIN TRAITEUR;COUSIN TRAITEUR;2026-09-10;{'StreetName': '14 rue François de Sourdis', 'AdditionalStreetName': None, 'CityName': 'Bordeaux', 'PostalZone': '33077', 'Country': 'FRA'};200053759;True;REGION NOUVELLE-AQUITAINE;Région Nouvelle-Aquitaine;2025-04-08;;services;['Prix des prestations sur la base du BPU (quantité 1) et du DQE', 'Valeur technique sur la base du cadre de réponse technique et des documents et annexes associés. Les sous-critères et leur pondération sont détaillés dans le Règlement de la Consultation'];['prix', 'technique'];[40.0, 60.0];;False;;False;{'StreetName': None, 'CityName': None, 'PostalZone': None, 'NUTS': 'FRI34', 'Country': 'FRA'};hybride;;26-87424;25-39136;70000.0;;LOT-0001;55520000;855000.0;6;1.0;;PRESTATIONS TRAITEUR SUR LES BASSINS DE POITIERS, ANGOULEME, LIMOGES ET BORDEAUX;ouverte;2026I000S02277;;;False;False;False;False;;7230.0;Région ;5 000  à  9 999;False;2016-01-01;84.11Z;2008;5710.0;SAS, société par actions simplifiée;100  à  199;False;<NA>;2008;I;56;56.2;56.21;56.21Z;1981-01-01;;;;;(44.836539, -0.589206);Bordeaux;Gironde;Nouvelle-Aquitaine;;;;;;;;
False;;38.0;True;True;False;non attribue;;;False;;;2026-09-10;{'StreetName': '14 rue François de Sourdis', 'AdditionalStreetName': None, 'CityName': 'Bordeaux', 'PostalZone': '33077', 'Country': 'FRA'};200053759;True;REGION NOUVELLE-AQUITAINE;Région Nouvelle-Aquitaine;2025-04-08;;services;['Prix des prestations sur la base du BPU (quantité 1) et du DQE', 'Valeur technique sur la base du cadre de réponse technique et des documents et annexes associés. Les sous-critères et leur pondération sont détaillés dans le Règlement de la Consultation'];['prix', 'technique'];[40.0, 60.0];;False;;False;{'StreetName': None, 'CityName': None, 'PostalZone': None, 'NUTS': 'FRI31', 'Country': 'FRA'};hybride;;26-87424;25-39136;;;LOT-0002;55520000;855000.0;6;0.0;;PRESTATIONS TRAITEUR SUR LES BASSINS DE POITIERS, ANGOULEME, LIMOGES ET BORDEAUX;ouverte;2026I000S02277;;;False;False;False;False;;7230.0;Région ;5 000  à  9 999;False;2016-01-01;84.11Z;2008;;;;;;<NA>;;;;;<NA>;<NA>;;;;;(44.836539, -0.589206);Bordeaux;Gironde;Nouvelle-Aquitaine;;;;;;;;
False;;38.0;True;True;False;attribue;{'StreetName': None, 'AdditionalStreetName': None, 'CityName': '87063', 'PostalZone': '87220', 'Country': 'FRA'};534870514;True;SARL LE CHEMIN;SARL LE CHEMIN;2026-09-10;{'StreetName': '14 rue François de Sourdis', 'AdditionalStreetName': None, 'CityName': 'Bordeaux', 'PostalZone': '33077', 'Country': 'FRA'};200053759;True;REGION NOUVELLE-AQUITAINE;Région Nouvelle-Aquitaine;2025-04-08;;services;['Prix des prestations sur la base du BPU (quantité 1) et du DQE', 'Valeur technique sur la base du cadre de réponse technique et des documents et annexes associés. Les sous-critères et leur pondération sont détaillés dans le Règlement de la Consultation'];['prix', 'technique'];[40.0, 60.0];;False;;False;{'StreetName': None, 'CityName': None, 'PostalZone': None, 'NUTS': 'FRI23', 'Country': 'FRA'};hybride;;26-87424;25-39136;80000.0;;LOT-0003;55520000;855000.0;6;2.0;;PRESTATIONS TRAITEUR SUR LES BASSINS DE POITIERS, ANGOULEME, LIMOGES ET BORDEAUX;ouverte;2026I000S02277;;;False;False;False;False;;7230.0;Région ;5 000  à  9 999;False;2016-01-01;84.11Z;2008;5499.0;Société à responsabilité limitée (sans autre indication);1  ou  2;<NA>;<NA>;2008;I;56;56.2;56.21;56.21Z;2011-10-01;;;;;(44.836539, -0.589206);Bordeaux;Gironde;Nouvelle-Aquitaine;;;;;;;;
False;;38.0;True;True;False;attribue;{'StreetName': None, 'AdditionalStreetName': None, 'CityName': '33162', 'PostalZone': '33320', 'Country': 'FRA'};753315233;True;CHARLIE & TOM;CHARLIE & TOM;2026-09-10;{'StreetName': '14 rue François de Sourdis', 'AdditionalStreetName': None, 'CityName': 'Bordeaux', 'PostalZone': '33077', 'Country': 'FRA'};200053759;True;REGION NOUVELLE-AQUITAINE;Région Nouvelle-Aquitaine;2025-04-08;;services;['Prix des prestations sur la base du BPU (quantité 1) et du DQE', 'Valeur technique sur la base du cadre de réponse technique et des documents et annexes associés. Les sous-critères et leur pondération sont détaillés dans le Règlement de la Consultation'];['prix', 'technique'];[40.0, 60.0];;False;;False;{'StreetName': None, 'CityName': None, 'PostalZone': None, 'NUTS': 'FRI12', 'Country': 'FRA'};hybride;;26-87424;25-39136;400000.0;;LOT-0004;55520000;855000.0;6;10.0;;PRESTATIONS TRAITEUR SUR LES BASSINS DE POITIERS, ANGOULEME, LIMOGES ET BORDEAUX;ouverte;2026I000S02277;;;False;False;False;False;;7230.0;Région ;5 000  à  9 999;False;2016-01-01;84.11Z;2008;5499.0;Société à responsabilité limitée (sans autre indication);6  à  9;False;<NA>;2008;I;56;56.2;56.21;56.21Z;2012-06-22;;;;;(44.836539, -0.589206);Bordeaux;Gironde;Nouvelle-Aquitaine;;;;;;;;
False;;38.0;True;True;False;attribue;{'StreetName': None, 'AdditionalStreetName': None, 'CityName': 'CASTRES SUR GIRONDE', 'PostalZone': '33640', 'Country': 'FRA'};323222232;True;SOCIETE DE TRAITEUR D'AQUITAINE;SOCIETE DE TRAITEUR D'AQUITAINE;2026-09-10;{'StreetName': '14 rue François de Sourdis', 'AdditionalStreetName': None, 'CityName': 'Bordeaux', 'PostalZone': '33077', 'Country': 'FRA'};200053759;True;REGION NOUVELLE-AQUITAINE;Région Nouvelle-Aquitaine;2025-04-08;;services;['Prix des prestations sur la base du BPU (quantité 1) et du DQE', 'Valeur technique sur la base du cadre de réponse technique et des documents et annexes associés. Les sous-critères et leur pondération sont détaillés dans le Règlement de la Consultation'];['prix', 'technique'];[40.0, 60.0];;False;;False;{'StreetName': None, 'CityName': None, 'PostalZone': None, 'NUTS': 'FRI12', 'Country': 'FRA'};hybride;;26-87424;25-39136;300000.0;;LOT-0005;55520000;855000.0;6;5.0;;PRESTATIONS TRAITEUR SUR LES BASSINS DE POITIERS, ANGOULEME, LIMOGES ET BORDEAUX;ouverte;2026I000S02277;;;False;False;False;False;;7230.0;Région ;5 000  à  9 999;False;2016-01-01;84.11Z;2008;5499.0;Société à responsabilité limitée (sans autre indication);20  à  49;False;<NA>;2008;I;56;56.2;56.21;56.21Z;1981-12-01;;Castres-Gironde;Gironde;Nouvelle-Aquitaine;(44.836539, -0.589206);Bordeaux;Gironde;Nouvelle-Aquitaine;;;;;;;;
False;;38.0;True;True;False;attribue;{'StreetName': None, 'AdditionalStreetName': None, 'CityName': '33192', 'PostalZone': '33170', 'Country': 'FRA'};329208649;True;BEAUSOLEIL;BEAUSOLEIL;2026-09-10;{'StreetName': '14 rue François de Sourdis', 'AdditionalStreetName': None, 'CityName': 'Bordeaux', 'PostalZone': '33077', 'Country': 'FRA'};200053759;True;REGION NOUVELLE-AQUITAINE;Région Nouvelle-Aquitaine;2025-04-08;;services;['Prix des prestations sur la base du BPU (quantité 1) et du DQE', 'Valeur technique sur la base du cadre de réponse technique et des documents et annexes associés. Les sous-critères et leur pondération sont détaillés dans le Règlement de la Consultation'];['prix', 'technique'];[40.0, 60.0];;False;;False;{'StreetName': None, 'CityName': None, 'PostalZone': None, 'NUTS': 'FRI12', 'Country': 'FRA'};hybride;;26-87424;25-39136;5000.0;;LOT-0006;55520000;855000.0;6;4.0;;PRESTATIONS TRAITEUR SUR LES BASSINS DE POITIERS, ANGOULEME, LIMOGES ET BORDEAUX;ouverte;2026I000S02277;;;False;False;False;False;;7230.0;Région ;5 000  à  9 999;False;2016-01-01;84.11Z;2008;5499.0;Société à responsabilité limitée (sans autre indication);6  à  9;False;<NA>;2008;I;56;56.2;56.21;56.21Z;1984-01-01;;;;;(44.836539, -0.589206);Bordeaux;Gironde;Nouvelle-Aquitaine;;;;;;;;
False;;;True;True;False;attribue;{'StreetName': None, 'AdditionalStreetName': None, 'CityName': 'ALTORF', 'PostalZone': '67120', 'Country': 'FRA'};310269378;True;SPORTS ET LOISIRS;SPORTS ET LOISIRS SAS;2026-09-10;{'StreetName': '22 Boulevard Pierre 1er', 'AdditionalStreetName': None, 'CityName': 'Bordeaux', 'PostalZone': '33081', 'Country': 'FRA'};283300028;True;SCE DEPARTEMENTAL INCENDIE ET SECOURS;SDIS 33 Gironde;;;fournitures;"[""Critère prix : apprécié au regard de la colonne quantitatif estimatif du BPU de la manière suivante : L'offre de prix la plus basse a reçu 55 points. Le nombre de points attribué aux autres offres a fait l'objet de la règle proportionnelle suivante : Note = (55 x montant de l'offre la plus basse)/montant de l'offre analysée."", 'Critère valeur technique : sur 20 points répartis de la manière suivante : sous-critère 1 : durabilité en mois pour un usage collectif de 5 heures par jour : sur 10 points ; sous-critère 2 : indice de réparabilité : sur 10 points.', 'Critère garantie et SAV : 20 points répartis de la manière suivante : sous-critère 1 : durée de la garantie des matériels proposés : sur 10 points ; sous-critère 2 : délai de prise en charge par le SAV du matériel cassé ou en panne : sur 5 points ; sous-critère 3 : remplacement du matériel en panne pendant la réparation : sur 5 points.', ""Critère environnement : sur 5 points répartis de la manière suivante : Sous-critère 1 : utilisation de matières premières ou de composants recyclés : sur 2.5 points ; sous-critère 2 : modalités de livraison respectueuses de l'environnement : sur 2.5 points.""]";['prix', 'environnemental', 'delai', 'environnemental'];[55.0, 20.0, 20.0, 5.0];1440.0;True;0.0;False;{'StreetName': '22 Boulevard Pierre 1er', 'CityName': 'Gironde', 'PostalZone': '33000', 'NUTS': 'FRI12', 'Country': 'FRA'};sans remise en concurrence;;26-87165;;27063.0;0.0;LOT-0001;37400000;75833.32;3;8.0;;Acquisition de matériels de sport;ouverte;202609;;;;False;False;False;;7372.0;Service départemental d'incendie et de secours (SDIS);2 000  à  4 999;<NA>;1955-12-01;84.25Z;2008;5710.0;SAS, société par actions simplifiée;100  à  199;False;<NA>;2008;G;46;46.4;46.49;46.49Z;1977-06-01;;Altorf;Bas-Rhin;Grand Est;(44.854864, -0.592516);Bordeaux;Gironde;Nouvelle-Aquitaine;;;;;;;;
False;;;True;True;False;attribue;"{'StreetName': None, 'AdditionalStreetName': None, 'CityName': ""VILLENEUVE-D'ASCQ"", 'PostalZone': '59650', 'Country': 'FRA'}";500569405;True;DECATHLON FRANCE;DECATHLON FRANCE;2026-09-10;{'StreetName': '22 Boulevard Pierre 1er', 'AdditionalStreetName': None, 'CityName': 'Bordeaux', 'PostalZone': '33081', 'Country': 'FRA'};283300028;True;SCE DEPARTEMENTAL INCENDIE ET SECOURS;SDIS 33 Gironde;;;fournitures;"['Critère prix : sur 85 points : Le critère prix a été apprécié au regard de la colonne quantitatif estimatif du BPU de la manière suivante : l’offre de prix la plus basse a reçu 85 points. Le nombre de points attribué aux autres offres a fait l’objet de la règle proportionnelle suivante : Note = (85 x montant de l’offre la plus basse) / Montant de l’offre analysée', ""Critère environnement : sur 15 points répartis de la manière suivante : sous-critère 1 : utilisation de matières premières ou composants recyclés : sur 5 points ; sous-critère 2 : modalités de livraison respectueuses de l'environnement : sur 5 points ; sous-critère 3 : conditionnement (emballages à base de matériaux recyclés) : sur 5 points.""]";['prix', 'environnemental'];[85.0, 15.0];1440.0;True;0.0;False;;sans remise en concurrence;;26-87165;;14157.0;;LOT-0002;37400000;75833.32;3;7.0;;Acquisition de matériels de sport;ouverte;202609;;;;False;False;False;;7372.0;Service départemental d'incendie et de secours (SDIS);2 000  à  4 999;<NA>;1955-12-01;84.25Z;2008;5710.0;SAS, société par actions simplifiée;10 000  et plus ;False;<NA>;2008;G;47;47.6;47.64;47.64Z;2007-10-05;;Villeneuve-d'Ascq;Nord;Hauts-de-France;(44.854864, -0.592516);Bordeaux;Gironde;Nouvelle-Aquitaine;;;;;;;;
False;;;True;True;False;attribue;{'StreetName': None, 'AdditionalStreetName': None, 'CityName': 'LA CIOTAT', 'PostalZone': '13600', 'Country': 'FRA'};981740350;True;SPORT PRO GROUP;SPORT PRO GROUP;2026-09-10;{'StreetName': '22 Boulevard Pierre 1er', 'AdditionalStreetName': None, 'CityName': 'Bordeaux', 'PostalZone': '33081', 'Country': 'FRA'};283300028;True;SCE DEPARTEMENTAL INCENDIE ET SECOURS;SDIS 33 Gironde;;;fournitures;"['Critère prix : Le critère prix a été apprécié au regard de la colonne quantitatif estimatif du BPU de la manière suivante : l’offre de prix la plus basse a reçu 85 points. Le nombre de points attribué aux autres offres a fait l’objet de la règle proportionnelle suivante : Note = (85 x montant de l’offre la plus basse) / Montant de l’offre analysée', ""Critère environnement : sur 15 points répartis de la manière suivante : sous-critère 1 : utilisation de matières premières ou composants recyclés : sur 5 points ; sous-critère 2 : modalités de livraison respectueuses de l'environnement : sur 5 points ; sous-critère 3 : conditionnement (emballages à base de matériaux recyclés)""]";['prix', 'environnemental'];[85.0, 15.0];1440.0;True;0.0;False;;sans remise en concurrence;;26-87165;;8264.47;;LOT-0003;37400000;75833.32;3;7.0;;Acquisition de matériels de sport;ouverte;202609;;;;False;False;False;;7372.0;Service départemental d'incendie et de secours (SDIS);2 000  à  4 999;<NA>;1955-12-01;84.25Z;2008;5710.0;SAS, société par actions simplifiée;;False;<NA>;2008;G;46;46.1;46.19;46.19A;2023-11-17;;La Ciotat;Bouches-du-Rhône;Provence-Alpes-Côte d'Azur;(44.854864, -0.592516);Bordeaux;Gironde;Nouvelle-Aquitaine;;;;;;;;
False;;;True;False;False;attribue;{'StreetName': '51 avenue de la Foret ', 'AdditionalStreetName': None, 'CityName': 'Eysines', 'PostalZone': '33320', 'Country': 'FRA'};535258925;True;FACEO FM NOUVELLE AQUITAINE;FACEO;2026-09-10;{'StreetName': '89 cours Dupré de Saint-Maur', 'AdditionalStreetName': None, 'CityName': 'Bordeaux', 'PostalZone': '33041', 'Country': 'FRA'};130020324;True;SECRETARIAT GENERAL POUR L'ADMINISTRATION DU MINISTERE DE L'INTERIEUR SUD-OUEST;SGAMI SUD-OUEST;;;services;['prix : 40 %'];['prix'];[100];;True;;False;{'StreetName': None, 'CityName': 'Royan', 'PostalZone': '17200', 'NUTS': 'FRI32', 'Country': 'FRA'};sans remise en concurrence;;26-87055;;153404.0;;LOT-0001;50700000;242400.0;1;4.0;;SGAMI33-2026-46-FCS;ouverte;SGAMI33-2025-46-FCS;;;;True;False;False;153404.0;7179.0;(Autre) Service déconcentré de l'État à compétence territoriale ;1 000  à  1 999;False;2014-05-01;84.24Z;2008;5710.0;SAS, société par actions simplifiée;250  à  499;False;False;2008;N;81;81.1;81.1;81.10Z;2011-09-21;(44.868009, -0.662671);Eysines;Gironde;Nouvelle-Aquitaine;(44.872399, -0.554466);Bordeaux;Gironde;Nouvelle-Aquitaine;;;;;;;;
False;['39120000'];;True;True;False;attribue;{'StreetName': None, 'AdditionalStreetName': None, 'CityName': 'CHAPANOST', 'PostalZone': '69630', 'Country': 'FRA'};499946630;True;AZERGO;AZERGO SAS;2026-09-10;{'StreetName': '5 rue Joseph Carayon-Latour', 'AdditionalStreetName': 'CS 81499 ', 'CityName': 'Bordeaux', 'PostalZone': '33060', 'Country': 'FRA'};130029556;True;RECTORAT DE REGION ACADEMIQUE NOUVELLE AQUITAINE;Région académique Nouvelle-Aquitaine;;;fournitures;"['Prix apprécié au vu du montant du devis quantitatif estimatif', ""Valeur technique de l'offre"", ""Qualité de la démarche en termes de développement durable de l'entreprise pour la réalisation des prestations objet du marché au vu des éléments indiqués dans le cadre de mémoire technique""]";['prix', 'technique', 'environnemental'];[40.0, 50.0, 10.0];1440.0;True;;False;{'StreetName': None, 'CityName': None, 'PostalZone': None, 'NUTS': 'FRI12', 'Country': 'FRA'};sans remise en concurrence;;26-87366;;329532.32;;LOT-0001;39111000;2080000.0;4;2.0;;Mobiliers et matériels adaptés avec prestations associées pour personnels en situation handicap région académique Nouvelle-Aquitaine;ouverte;2026RANA001;3.0;;;False;False;False;172090.54;7179.0;(Autre) Service déconcentré de l'État à compétence territoriale ;100  à  199;False;2016-01-01;84.12Z;2008;5710.0;SAS, société par actions simplifiée;100  à  199;False;False;2008;G;46;46.6;46.65;46.65Z;2007-09-15;;Chaponost;Rhône;Auvergne-Rhône-Alpes;(44.836796, -0.582277);Bordeaux;Gironde;Nouvelle-Aquitaine;;;;;;;;
False;['39120000'];;True;True;False;attribue;{'StreetName': None, 'AdditionalStreetName': None, 'CityName': 'CHAPANOST', 'PostalZone': '69630', 'Country': 'FRA'};499946630;True;AZERGO;AZERGO SAS;2026-09-10;{'StreetName': '5 rue Joseph Carayon-Latour', 'AdditionalStreetName': 'CS 81499 ', 'CityName': 'Bordeaux', 'PostalZone': '33060', 'Country': 'FRA'};130029556;True;RECTORAT DE REGION ACADEMIQUE NOUVELLE AQUITAINE;Région académique Nouvelle-Aquitaine;;;fournitures;"['Prix apprécié au vu du montant du devis quantitatif estimatif', ""Valeur technique de l'offre"", ""Qualité de la démarche en termes de développement durable de l'entreprise pour la réalisation des prestations objet du marché au vu des éléments indiqués dans le cadre de mémoire technique""]";['prix', 'technique', 'environnemental'];[40.0, 50.0, 10.0];1440.0;True;;False;{'StreetName': None, 'CityName': 'Limoges', 'PostalZone': None, 'NUTS': 'FRI23', 'Country': 'FRA'};sans remise en concurrence;;26-87366;;162620.8;;LOT-0002;39111000;2080000.0;4;2.0;;Mobiliers et matériels adaptés avec prestations associées pour personnels en situation handicap région académique Nouvelle-Aquitaine;ouverte;2026RANA001;3.0;;;False;False;False;172090.54;7179.0;(Autre) Service déconcentré de l'État à compétence territoriale ;100  à  199;False;2016-01-01;84.12Z;2008;5710.0;SAS, société par actions simplifiée;100  à  199;False;False;2008;G;46;46.6;46.65;46.65Z;2007-09-15;;Chaponost;Rhône;Auvergne-Rhône-Alpes;(44.836796, -0.582277);Bordeaux;Gironde;Nouvelle-Aquitaine;;;;;;;;
False;['39120000'];;True;True;False;attribue;{'StreetName': None, 'AdditionalStreetName': None, 'CityName': 'CHAPANOST', 'PostalZone': '69630', 'Country': 'FRA'};499946630;True;AZERGO;AZERGO SAS;2026-09-10;{'StreetName': '5 rue Joseph Carayon-Latour', 'AdditionalStreetName': 'CS 81499 ', 'CityName': 'Bordeaux', 'PostalZone': '33060', 'Country': 'FRA'};130029556;True;RECTORAT DE REGION ACADEMIQUE NOUVELLE AQUITAINE;Région académique Nouvelle-Aquitaine;;;fournitures;"['Prix apprécié au vu du montant du devis quantitatif estimatif', ""Valeur technique de l'offre"", ""Qualité de la démarche en termes de développement durable de l'entreprise pour la réalisation des prestations objet du marché au vu des éléments indiqués dans le cadre de mémoire technique""]";['prix', 'technique', 'environnemental'];[40.0, 50.0, 10.0];1440.0;True;;False;{'StreetName': None, 'CityName': 'Poitiers ', 'PostalZone': None, 'NUTS': 'FRI34', 'Country': 'FRA'};sans remise en concurrence;;26-87366;;146925.04;;LOT-0003;39111000;2080000.0;4;2.0;;Mobiliers et matériels adaptés avec prestations associées pour personnels en situation handicap région académique Nouvelle-Aquitaine;ouverte;2026RANA001;3.0;;;False;False;False;172090.54;7179.0;(Autre) Service déconcentré de l'État à compétence territoriale ;100  à  199;False;2016-01-01;84.12Z;2008;5710.0;SAS, société par actions simplifiée;100  à  199;False;False;2008;G;46;46.6;46.65;46.65Z;2007-09-15;;Chaponost;Rhône;Auvergne-Rhône-Alpes;(44.836796, -0.582277);Bordeaux;Gironde;Nouvelle-Aquitaine;;;;;;;;
False;;;True;True;False;attribue;{'StreetName': None, 'AdditionalStreetName': None, 'CityName': 'ANDUZE', 'PostalZone': '30140', 'Country': 'FRA'};790648851;True;ERGOSANTE;ERGOSANTE;2026-09-10;{'StreetName': '5 rue Joseph Carayon-Latour', 'AdditionalStreetName': 'CS 81499 ', 'CityName': 'Bordeaux', 'PostalZone': '33060', 'Country': 'FRA'};130029556;True;RECTORAT DE REGION ACADEMIQUE NOUVELLE AQUITAINE;Région académique Nouvelle-Aquitaine;;;fournitures;"['Prix apprécié au vu du montant du devis quantitatif estimatif', ""Valeur technique de l'offre"", ""Qualité de la démarche en termes de développement durable de l'entreprise pour la réalisation des prestations objet du marché au vu des éléments indiqués dans le cadre de mémoire technique""]";['prix', 'technique', 'environnemental'];[50.0, 40.0, 10.0];1440.0;True;;False;{'StreetName': None, 'CityName': 'Bordeaux', 'PostalZone': None, 'NUTS': 'FRI12', 'Country': 'FRA'};sans remise en concurrence;;26-87366;;49284.0;;LOT-0004;39110000;2080000.0;4;3.0;;Mobiliers et matériels adaptés avec prestations associées pour personnels en situation handicap région académique Nouvelle-Aquitaine;ouverte;2026RANA001;3.0;;;False;False;False;172090.54;7179.0;(Autre) Service déconcentré de l'État à compétence territoriale ;100  à  199;False;2016-01-01;84.12Z;2008;5599.0;SA à conseil d'administration (s.a.i.);20  à  49;False;<NA>;2008;G;46;46.6;46.65;46.65Z;2013-01-16;;Anduze;Gard;Occitanie;(44.836796, -0.582277);Bordeaux;Gironde;Nouvelle-Aquitaine;;;;;;;;
False;['34134200'];;True;False;False;attribue;{'StreetName': 'Chemin des Marceaux', 'AdditionalStreetName': None, 'CityName': 'Rosny Sur Seine', 'PostalZone': '78710', 'Country': 'FRA'};['412044299', '841942832'];False;;MVI / TVI;2026-09-10;{'StreetName': '1 place Saint Exupéry', 'AdditionalStreetName': None, 'CityName': 'Sainte Geneviève des Bois cedex', 'PostalZone': '91704', 'Country': 'FRA'};200057859;False;CA COEUR D'ESSONNE AGGLOMERATION;COEUR ESSONNE AGGLOMERATION;;2026-06-10+02:00;fournitures;['Qualité du véhicule au regard de sa fiche technique', 'Prix des prestations'];['qualite', 'prix'];[30.0, 70.0];180.0;False;40000.0;False;;;;26-87247;;46819.0;;LOT-0000;34134200;;1;2.0;0.0;"Achat d'un camion benne Ampliroll "" à cabine avancée ""en occasion récente";ouverte;2026-PA-GPA-011;;;;False;False;False;46819.0;7348.0;Communauté d'agglomération ;500  à  999;False;2016-01-01;84.11Z;2008;;;;;;<NA>;;;;;<NA>;<NA>;(48.998319, 1.646304);Rosny-sur-Seine;Yvelines;Île-de-France;(48.638195, 2.332615);Sainte-Geneviève-des-Bois;Essonne;Île-de-France;;;;;;;;
False;['38720000', '48400000'];;True;False;False;attribue;;;False;;;2026-09-10;"{'StreetName': 'Mairie du Havre', 'AdditionalStreetName': ""1517 place de l'hôtel de Ville, Cs 40 051"", 'CityName': 'Le Havre', 'PostalZone': '76084', 'Country': 'FRA'}";217603513;False;COMMUNE DE LE HAVRE;Ville du Havre;;;services;"[""Valeur technique de l'offre"", 'Prix']";['technique', 'prix'];[40.0, 60.0];;False;;False;;sans remise en concurrence;;26-87204;;314178.0;;LOT-0000;98351110;547823.0;1;3.0;;Prestations de mise à disposition de solution de paiement dématérialisé à distance (Internet, téléphone ou tout dispositif numérique permettant d'accéder à l'application dédiée) de la redevance du sta;negociee;2026FS-VDH-1815864;;;;False;False;False;314178.0;7210.0;Commune et commune nouvelle ;2 000  à  4 999;False;1981-09-01;84.11Z;2008;;;;;;<NA>;;;;;<NA>;<NA>;;;;;(49.494266, 0.106813);Le Havre;Seine-Maritime;Normandie;;;;;;;;
False;['71300000', '71310000', '71335000'];;True;False;False;attribue;{'StreetName': '15 Rue Du Port', 'AdditionalStreetName': None, 'CityName': 'Nanterre', 'PostalZone': '92000', 'Country': 'FRA'};542021829;False;SAFEGE;SAFEGE;2026-09-10;{'StreetName': 'Le 108', 'AdditionalStreetName': '108 allée François Mitterrand', 'CityName': 'Rouen', 'PostalZone': '76176', 'Country': 'FRA'};200023414;False;METROPOLE ROUEN NORMANDIE;Metropole Rouen Normandie;;2026-03-16+01:00;services;"['Valeur technique', ""Performances en matière de protection de l'environnement"", 'Prix des prestations']";['technique', 'environnemental', 'prix'];[45.0, 15.0, 40.0];2880.0;True;10000000.0;True;;;Ce marché est susceptible de bénéficier de fonds communautaires;26-87355;;3516125.0;;LOT-0000;71325000;;1;4.0;;Maîtrise d'oeuvre pour la création d'un bassin de stockage et restitution de 25000 m3, de traversées de Seine et du doublement d'un émissaire;negociee;25-Assain-WHNC-MOEBStock;0.0;;;True;True;True;3516125.0;7344.0;Métropole;2 000  à  4 999;<NA>;2010-01-01;84.11Z;2008;5710.0;SAS, société par actions simplifiée;500  à  999;False;<NA>;2008;M;71;71.1;71.12;71.12B;1900-01-01;(48.892923, 2.178092);Nanterre;Hauts-de-Seine;Île-de-France;(49.441434, 1.070565);Rouen;Seine-Maritime;Normandie;;;;;;;;
False;['45233220', '45233252'];;True;True;False;attribue;{'StreetName': 'ZI La Pardiguière – Rue Jacques Monod', 'AdditionalStreetName': None, 'CityName': 'LE LUC', 'PostalZone': '83340', 'Country': 'FRA'};676820137;True;NGE ROUTES;NGE ROUTES;2026-09-10;{'StreetName': '1 place de la République\nCS 70001', 'AdditionalStreetName': None, 'CityName': 'Sanary sur Mer', 'PostalZone': '83112', 'Country': 'FRA'};218301232;True;COMMUNE DE SANARY SUR MER;Ville de Sanary sur Mer (83);;;travaux;['Voir règlement de consultation', 'Voir règlement de consultation', 'Voir règlement de consultation'];['prix', 'qualite', 'qualite'];[55.0, 40.0, 5.0];720.0;True;7000000.0;False;{'StreetName': 'Territoire communal', 'CityName': 'SANARY-SUR-MER', 'PostalZone': '83110', 'NUTS': 'FRL05', 'Country': 'FRA'};avec remise en concurrence;;26-87270;;1000000.0;1000000.0;LOT-0001;45233140;7000000.0;4;3.0;;TRAVAUX DE VOIRIE SUR LA COMMUNE DE SANARY SUR MER;ouverte;26/05;1.0;;;False;False;False;7000000.0;7210.0;Commune et commune nouvelle ;250  à  499;False;1983-03-01;84.11Z;2008;5710.0;SAS, société par actions simplifiée;250  à  499;False;<NA>;2008;F;42;42.1;42.11;42.11Z;1968-01-01;(43.374611, 6.326429);Le Luc;Var;Provence-Alpes-Côte d'Azur;(43.117933, 5.801869);Sanary-sur-Mer;Var;Provence-Alpes-Côte d'Azur;;;;;;;;
False;['45233220', '45233252'];;True;True;False;attribue;{'StreetName': 'ZI La Pardiguière – Rue Jacques Monod', 'AdditionalStreetName': None, 'CityName': 'LE LUC', 'PostalZone': '83340', 'Country': 'FRA'};676820137;True;NGE ROUTES;NGE ROUTES;2026-09-10;{'StreetName': '1 place de la République\nCS 70001', 'AdditionalStreetName': None, 'CityName': 'Sanary sur Mer', 'PostalZone': '83112', 'Country': 'FRA'};218301232;True;COMMUNE DE SANARY SUR MER;Ville de Sanary sur Mer (83);;;travaux;['Voir règlement de consultation', 'Voir règlement de consultation', 'Voir règlement de consultation'];['prix', 'qualite', 'qualite'];[55.0, 40.0, 5.0];720.0;True;7000000.0;False;{'StreetName': 'Territoire communal', 'CityName': 'SANARY-SUR-MER', 'PostalZone': '83110', 'NUTS': 'FRL05', 'Country': 'FRA'};avec remise en concurrence;;26-87270;;6000000.0;6000000.0;LOT-0002;45233140;7000000.0;4;3.0;;TRAVAUX DE VOIRIE SUR LA COMMUNE DE SANARY SUR MER;ouverte;26/05;1.0;;;False;False;False;7000000.0;7210.0;Commune et commune nouvelle ;250  à  499;False;1983-03-01;84.11Z;2008;5710.0;SAS, société par actions simplifiée;250  à  499;False;<NA>;2008;F;42;42.1;42.11;42.11Z;1968-01-01;(43.374611, 6.326429);Le Luc;Var;Provence-Alpes-Côte d'Azur;(43.117933, 5.801869);Sanary-sur-Mer;Var;Provence-Alpes-Côte d'Azur;;;;;;;;
False;['45233220', '45233252'];;True;True;False;attribue;{'StreetName': 'Chemin de la Source – ZI St Martin', 'AdditionalStreetName': None, 'CityName': 'HYERES', 'PostalZone': '83418', 'Country': 'FRA'};398762211;True;EIFFAGE ROUTE GRAND SUD;EIFFAGE ROUTE GRAND SUD;2026-09-10;{'StreetName': '1 place de la République\nCS 70001', 'AdditionalStreetName': None, 'CityName': 'Sanary sur Mer', 'PostalZone': '83112', 'Country': 'FRA'};218301232;True;COMMUNE DE SANARY SUR MER;Ville de Sanary sur Mer (83);;;travaux;['Voir règlement de consultation', 'Voir règlement de consultation', 'Voir règlement de consultation'];['prix', 'qualite', 'qualite'];[55.0, 40.0, 5.0];720.0;True;7000000.0;False;{'StreetName': 'Territoire communal', 'CityName': 'SANARY-SUR-MER', 'PostalZone': '83110', 'NUTS': 'FRL05', 'Country': 'FRA'};avec remise en concurrence;;26-87270;;6000000.0;6000000.0;LOT-0002;45233140;7000000.0;4;3.0;;TRAVAUX DE VOIRIE SUR LA COMMUNE DE SANARY SUR MER;ouverte;26/05;1.0;;;False;False;False;7000000.0;7210.0;Commune et commune nouvelle ;250  à  499;False;1983-03-01;84.11Z;2008;5710.0;SAS, société par actions simplifiée;2 000  à  4 999;False;<NA>;2008;F;42;42.1;42.11;42.11Z;1994-10-20;;;;;(43.117933, 5.801869);Sanary-sur-Mer;Var;Provence-Alpes-Côte d'Azur;;;;;;;;
False;['45233220', '45233252'];;True;True;False;attribue;{'StreetName': '173 av de Bruxelles', 'AdditionalStreetName': None, 'CityName': 'LA SEYNE SUR MER', 'PostalZone': '83507', 'Country': 'FRA'};329338883;True;COLAS FRANCE;COLAS;2026-09-10;{'StreetName': '1 place de la République\nCS 70001', 'AdditionalStreetName': None, 'CityName': 'Sanary sur Mer', 'PostalZone': '83112', 'Country': 'FRA'};218301232;True;COMMUNE DE SANARY SUR MER;Ville de Sanary sur Mer (83);;;travaux;['Voir règlement de consultation', 'Voir règlement de consultation', 'Voir règlement de consultation'];['prix', 'qualite', 'qualite'];[55.0, 40.0, 5.0];720.0;True;7000000.0;False;{'StreetName': 'Territoire communal', 'CityName': 'SANARY-SUR-MER', 'PostalZone': '83110', 'NUTS': 'FRL05', 'Country': 'FRA'};avec remise en concurrence;;26-87270;;6000000.0;6000000.0;LOT-0002;45233140;7000000.0;4;3.0;;TRAVAUX DE VOIRIE SUR LA COMMUNE DE SANARY SUR MER;ouverte;26/05;1.0;;;False;False;False;7000000.0;7210.0;Commune et commune nouvelle ;250  à  499;False;1983-03-01;84.11Z;2008;5710.0;SAS, société par actions simplifiée;10 000  et plus ;False;False;2008;F;42;42.1;42.11;42.11Z;1984-01-01;(50.285452, 2.801024);Arras;Pas-de-Calais;Hauts-de-France;(43.117933, 5.801869);Sanary-sur-Mer;Var;Provence-Alpes-Côte d'Azur;;;;;;;;
False;['45233220', '45233252'];;True;True;False;attribue;{'StreetName': 'ZI La Pardiguière – Rue Jacques Monod', 'AdditionalStreetName': None, 'CityName': 'LE LUC', 'PostalZone': '83340', 'Country': 'FRA'};676820137;True;NGE ROUTES;NGE ROUTES;2026-09-10;{'StreetName': '1 place de la République\nCS 70001', 'AdditionalStreetName': None, 'CityName': 'Sanary sur Mer', 'PostalZone': '83112', 'Country': 'FRA'};218301232;True;COMMUNE DE SANARY SUR MER;Ville de Sanary sur Mer (83);;;travaux;['Voir règlement de consultation', 'Voir règlement de consultation', 'Voir règlement de consultation'];['prix', 'qualite', 'qualite'];[55.0, 40.0, 5.0];720.0;True;7000000.0;False;{'StreetName': 'Territoire communal', 'CityName': 'SANARY-SUR-MER', 'PostalZone': '83110', 'NUTS': 'FRL05', 'Country': 'FRA'};avec remise en concurrence;;26-87270;;6000000.0;6000000.0;LOT-0002;45233140;7000000.0;4;3.0;;TRAVAUX DE VOIRIE SUR LA COMMUNE DE SANARY SUR MER;ouverte;26/05;1.0;;;False;False;False;7000000.0;7210.0;Commune et commune nouvelle ;250  à  499;False;1983-03-01;84.11Z;2008;5710.0;SAS, société par actions simplifiée;250  à  499;False;<NA>;2008;F;42;42.1;42.11;42.11Z;1968-01-01;(43.374611, 6.326429);Le Luc;Var;Provence-Alpes-Côte d'Azur;(43.117933, 5.801869);Sanary-sur-Mer;Var;Provence-Alpes-Côte d'Azur;;;;;;;;
False;['45233220', '45233252'];;True;True;False;attribue;{'StreetName': 'Chemin de la Source – ZI St Martin', 'AdditionalStreetName': None, 'CityName': 'HYERES', 'PostalZone': '83418', 'Country': 'FRA'};398762211;True;EIFFAGE ROUTE GRAND SUD;EIFFAGE ROUTE GRAND SUD;2026-09-10;{'StreetName': '1 place de la République\nCS 70001', 'AdditionalStreetName': None, 'CityName': 'Sanary sur Mer', 'PostalZone': '83112', 'Country': 'FRA'};218301232;True;COMMUNE DE SANARY SUR MER;Ville de Sanary sur Mer (83);;;travaux;['Voir règlement de consultation', 'Voir règlement de consultation', 'Voir règlement de consultation'];['prix', 'qualite', 'qualite'];[55.0, 40.0, 5.0];720.0;True;7000000.0;False;{'StreetName': 'Territoire communal', 'CityName': 'SANARY-SUR-MER', 'PostalZone': '83110', 'NUTS': 'FRL05', 'Country': 'FRA'};avec remise en concurrence;;26-87270;;6000000.0;6000000.0;LOT-0002;45233140;7000000.0;4;3.0;;TRAVAUX DE VOIRIE SUR LA COMMUNE DE SANARY SUR MER;ouverte;26/05;1.0;;;False;False;False;7000000.0;7210.0;Commune et commune nouvelle ;250  à  499;False;1983-03-01;84.11Z;2008;5710.0;SAS, société par actions simplifiée;2 000  à  4 999;False;<NA>;2008;F;42;42.1;42.11;42.11Z;1994-10-20;;;;;(43.117933, 5.801869);Sanary-sur-Mer;Var;Provence-Alpes-Côte d'Azur;;;;;;;;
False;['45233220', '45233252'];;True;True;False;attribue;{'StreetName': '173 av de Bruxelles', 'AdditionalStreetName': None, 'CityName': 'LA SEYNE SUR MER', 'PostalZone': '83507', 'Country': 'FRA'};329338883;True;COLAS FRANCE;COLAS;2026-09-10;{'StreetName': '1 place de la République\nCS 70001', 'AdditionalStreetName': None, 'CityName': 'Sanary sur Mer', 'PostalZone': '83112', 'Country': 'FRA'};218301232;True;COMMUNE DE SANARY SUR MER;Ville de Sanary sur Mer (83);;;travaux;['Voir règlement de consultation', 'Voir règlement de consultation', 'Voir règlement de consultation'];['prix', 'qualite', 'qualite'];[55.0, 40.0, 5.0];720.0;True;7000000.0;False;{'StreetName': 'Territoire communal', 'CityName': 'SANARY-SUR-MER', 'PostalZone': '83110', 'NUTS': 'FRL05', 'Country': 'FRA'};avec remise en concurrence;;26-87270;;6000000.0;6000000.0;LOT-0002;45233140;7000000.0;4;3.0;;TRAVAUX DE VOIRIE SUR LA COMMUNE DE SANARY SUR MER;ouverte;26/05;1.0;;;False;False;False;7000000.0;7210.0;Commune et commune nouvelle ;250  à  499;False;1983-03-01;84.11Z;2008;5710.0;SAS, société par actions simplifiée;10 000  et plus ;False;False;2008;F;42;42.1;42.11;42.11Z;1984-01-01;(50.285452, 2.801024);Arras;Pas-de-Calais;Hauts-de-France;(43.117933, 5.801869);Sanary-sur-Mer;Var;Provence-Alpes-Côte d'Azur;;;;;;;;
False;['45233220', '45233252'];;True;True;False;attribue;{'StreetName': 'ZI La Pardiguière – Rue Jacques Monod', 'AdditionalStreetName': None, 'CityName': 'LE LUC', 'PostalZone': '83340', 'Country': 'FRA'};676820137;True;NGE ROUTES;NGE ROUTES;2026-09-10;{'StreetName': '1 place de la République\nCS 70001', 'AdditionalStreetName': None, 'CityName': 'Sanary sur Mer', 'PostalZone': '83112', 'Country': 'FRA'};218301232;True;COMMUNE DE SANARY SUR MER;Ville de Sanary sur Mer (83);;;travaux;['Voir règlement de consultation', 'Voir règlement de consultation', 'Voir règlement de consultation'];['prix', 'qualite', 'qualite'];[55.0, 40.0, 5.0];720.0;True;7000000.0;False;{'StreetName': 'Territoire communal', 'CityName': 'SANARY-SUR-MER', 'PostalZone': '83110', 'NUTS': 'FRL05', 'Country': 'FRA'};avec remise en concurrence;;26-87270;;6000000.0;6000000.0;LOT-0002;45233140;7000000.0;4;3.0;;TRAVAUX DE VOIRIE SUR LA COMMUNE DE SANARY SUR MER;ouverte;26/05;1.0;;;False;False;False;7000000.0;7210.0;Commune et commune nouvelle ;250  à  499;False;1983-03-01;84.11Z;2008;5710.0;SAS, société par actions simplifiée;250  à  499;False;<NA>;2008;F;42;42.1;42.11;42.11Z;1968-01-01;(43.374611, 6.326429);Le Luc;Var;Provence-Alpes-Côte d'Azur;(43.117933, 5.801869);Sanary-sur-Mer;Var;Provence-Alpes-Côte d'Azur;;;;;;;;
False;['45233220', '45233252'];;True;True;False;attribue;{'StreetName': 'Chemin de la Source – ZI St Martin', 'AdditionalStreetName': None, 'CityName': 'HYERES', 'PostalZone': '83418', 'Country': 'FRA'};398762211;True;EIFFAGE ROUTE GRAND SUD;EIFFAGE ROUTE GRAND SUD;2026-09-10;{'StreetName': '1 place de la République\nCS 70001', 'AdditionalStreetName': None, 'CityName': 'Sanary sur Mer', 'PostalZone': '83112', 'Country': 'FRA'};218301232;True;COMMUNE DE SANARY SUR MER;Ville de Sanary sur Mer (83);;;travaux;['Voir règlement de consultation', 'Voir règlement de consultation', 'Voir règlement de consultation'];['prix', 'qualite', 'qualite'];[55.0, 40.0, 5.0];720.0;True;7000000.0;False;{'StreetName': 'Territoire communal', 'CityName': 'SANARY-SUR-MER', 'PostalZone': '83110', 'NUTS': 'FRL05', 'Country': 'FRA'};avec remise en concurrence;;26-87270;;6000000.0;6000000.0;LOT-0002;45233140;7000000.0;4;3.0;;TRAVAUX DE VOIRIE SUR LA COMMUNE DE SANARY SUR MER;ouverte;26/05;1.0;;;False;False;False;7000000.0;7210.0;Commune et commune nouvelle ;250  à  499;False;1983-03-01;84.11Z;2008;5710.0;SAS, société par actions simplifiée;2 000  à  4 999;False;<NA>;2008;F;42;42.1;42.11;42.11Z;1994-10-20;;;;;(43.117933, 5.801869);Sanary-sur-Mer;Var;Provence-Alpes-Côte d'Azur;;;;;;;;
False;['45233220', '45233252'];;True;True;False;attribue;{'StreetName': '173 av de Bruxelles', 'AdditionalStreetName': None, 'CityName': 'LA SEYNE SUR MER', 'PostalZone': '83507', 'Country': 'FRA'};329338883;True;COLAS FRANCE;COLAS;2026-09-10;{'StreetName': '1 place de la République\nCS 70001', 'AdditionalStreetName': None, 'CityName': 'Sanary sur Mer', 'PostalZone': '83112', 'Country': 'FRA'};218301232;True;COMMUNE DE SANARY SUR MER;Ville de Sanary sur Mer (83);;;travaux;['Voir règlement de consultation', 'Voir règlement de consultation', 'Voir règlement de consultation'];['prix', 'qualite', 'qualite'];[55.0, 40.0, 5.0];720.0;True;7000000.0;False;{'StreetName': 'Territoire communal', 'CityName': 'SANARY-SUR-MER', 'PostalZone': '83110', 'NUTS': 'FRL05', 'Country': 'FRA'};avec remise en concurrence;;26-87270;;6000000.0;6000000.0;LOT-0002;45233140;7000000.0;4;3.0;;TRAVAUX DE VOIRIE SUR LA COMMUNE DE SANARY SUR MER;ouverte;26/05;1.0;;;False;False;False;7000000.0;7210.0;Commune et commune nouvelle ;250  à  499;False;1983-03-01;84.11Z;2008;5710.0;SAS, société par actions simplifiée;10 000  et plus ;False;False;2008;F;42;42.1;42.11;42.11Z;1984-01-01;(50.285452, 2.801024);Arras;Pas-de-Calais;Hauts-de-France;(43.117933, 5.801869);Sanary-sur-Mer;Var;Provence-Alpes-Côte d'Azur;;;;;;;;
False;['37821000', '03142400', '22852000', '39224200'];;True;False;False;non attribue;;;False;;;2026-09-10;{'StreetName': 'Avenue de la République', 'AdditionalStreetName': 'Cs 71407', 'CityName': 'Toulon', 'PostalZone': '83056', 'Country': 'FRA'};218301372;False;COMMUNE DE TOULON;Ville de Toulon;;;fournitures;['Critère n°2 : Valeur technique', 'Critère n°3 : Performances environnementales', 'Critère n°1 : Prix'];['technique', 'environnemental', 'prix'];[30.0, 10.0, 60.0];;True;59980.0;False;;sans remise en concurrence;;26-87205;;;;LOT-0001;37821000;;1;3.0;;Fourniture de matériels spécifiques relatifs à la conservation et à la protection des collections y compris patrimoniales pour les différents services municipaux de la ville de Toulon et principalemen;ouverte;26FF-DCP-0422-V;1.0;;;False;True;False;;7210.0;Commune et commune nouvelle ;2 000  à  4 999;False;1947-01-01;84.11Z;2008;;;;;;<NA>;;;;;<NA>;<NA>;;;;;(43.120223, 5.932347);Toulon;Var;Provence-Alpes-Côte d'Azur;;;;;;;;
False;;;True;False;False;attribue;{'StreetName': '13 avenue Jeanne Garnerin', 'AdditionalStreetName': None, 'CityName': 'Wissous', 'PostalZone': '91320', 'Country': 'FRA'};325348951;True;TERIDEAL ESPACES VERTS ILE DE FRANCE;SAS TERIDEAL ESPACES VERTS ILE DE FRANCE;2026-09-10;{'StreetName': 'CS 50377', 'AdditionalStreetName': None, 'CityName': 'Melun cedex', 'PostalZone': '77010', 'Country': 'FRA'};227700010;True;DEPARTEMENT DE SEINE ET MARNE;Conseil départemental de Seine et Marne;;;travaux;"['60 points', ""40 points\nSous-critère 1 : Procédés et moyens d'exécution (sur 22 points)\nSous-critère 2 : Démarche environnementale (sur 18 points)""]";['prix', 'environnemental'];[60.0, 40.0];;True;;False;{'StreetName': 'Département de Seine-et-Marne', 'CityName': 'Communes de Savigny-le-Temple et Cesson', 'PostalZone': '77', 'NUTS': 'FR102', 'Country': 'FRA'};;;26-87154;;179154.47;;LOT-0002;45112710;;1;7.0;;Réalisation des aménagements liés au futur Tzen 2 sur le secteur Boissénart et Woodshop de la commune de Savigny-le-Temple et Cesson entre le giratoire d'Olof Palme exclus et le giratoire du Bois d...;ouverte;2026-SGOS03-04-TZEN2-WOODSHOP;;;;True;False;False;179154.47;7220.0;Département ;5 000  à  9 999;False;1978-01-01;84.11Z;2008;5710.0;SAS, société par actions simplifiée;100  à  199;False;<NA>;2008;N;81;81.3;81.3;81.30Z;1982-08-11;(48.728831, 2.313693);Wissous;Essonne;Île-de-France;;;;;;;;;;;;
False;;;True;False;False;attribue;{'StreetName': '3 Rue René Razel – Christ de Saclay', 'AdditionalStreetName': None, 'CityName': 'ORSAY CEDEX', 'PostalZone': '91892', 'Country': 'FRA'};562136036;True;RAZEL-BEC;RAZEL-BEC SAS;2026-09-10;{'StreetName': None, 'AdditionalStreetName': None, 'CityName': 'Nice', 'PostalZone': '06364', 'Country': 'FRA'};200030195;True;METROPOLE NICE COTE D AZUR;METROPOLE NICE COTE D AZUR;;;travaux;[];[];;;False;2147350.9;False;{'StreetName': None, 'CityName': 'Territoire Métropolitain', 'PostalZone': None, 'NUTS': 'FRL03', 'Country': 'FRA'};sans remise en concurrence;;26-87113;25-2744;1492999.0;2147350.9;LOT-0001;45220000;14000000.0;1;3.0;;TRAVAUX SUR LES INFRASCTRUCTURES DE MOBILITE, GENIE CIVIL;ouverte;24N0739;3.0;;False;False;False;False;1492999.0;7344.0;Métropole;2 000  à  4 999;False;2011-12-31;84.11Z;2008;5710.0;SAS, société par actions simplifiée;1 000  à  1 999;False;False;2008;F;42;42.9;42.99;42.99Z;1975-09-01;(48.734696, 2.166069);Saclay;Essonne;Île-de-France;;Nice;Alpes-Maritimes;Provence-Alpes-Côte d'Azur;;;;;;;;
False;;;False;False;False;attribue;{'StreetName': '165 Boulevard de Valmy', 'AdditionalStreetName': None, 'CityName': 'COLOMBES CEDEX', 'PostalZone': '92707', 'Country': 'FRA'};389363110;True;ENTREPOSE ECHAFAUDAGES;ENTREPOSE ECHAFAUDAGES;2026-09-10;{'StreetName': None, 'AdditionalStreetName': None, 'CityName': 'Nantes', 'PostalZone': '44300', 'Country': 'FRA'};775604853;True;GRAND PORT MARITIME DE NANTES SAINT-NAZAIRE;GRAND PORT MARITIME DE NANTES ST-NAZAIRE;;;fournitures;[];[];;2920.0;False;;False;{'StreetName': None, 'CityName': None, 'PostalZone': None, 'NUTS': None, 'Country': None};avec remise en concurrence;;26-87216;;;960000.0;LOT-0001;44212317;960000.0;1;2.0;;Achat de matériels d'échafaudage neufs, d'occasion / cession et en location;ouverte;25FOACHIC016;1.0;;;False;False;False;;4110.0;Établissement public national à caractère industriel ou commercial doté d'un comptable public ;500  à  999;False;1900-01-01;52.22Z;2008;5710.0;SAS, société par actions simplifiée;250  à  499;False;<NA>;2008;F;43;43.9;43.99;43.99B;1992-11-27;(48.935216, 2.256265);Colombes;Hauts-de-Seine;Île-de-France;;Nantes;Loire-Atlantique;Pays de la Loire;;;;;;;;
False;;;True;True;False;attribue;;;False;;;2026-09-10;"{'StreetName': ""5 ALLEE DE L'ILE GLORIETTE"", 'AdditionalStreetName': None, 'CityName': 'NANTES', 'PostalZone': '44093', 'Country': 'FRA'}";264400136;True;CHU NANTES;44 CHU;;2026-01-01+01:00;services;['Critère prix 65% •\tComparaison base DQE 2.\tCritère technique 30% •\tMoyen humain et matériel •\tOrganisation pour répondre aux demandes urgentes •\tFormation des chauffeurs pour la prise en charge des patients spécifiques 3.\tRSE 5% •\tVéhicules crit’air 0, 1, 2, 3 •\tFormation à l’éco-conduite'];['social'];;;False;;False;{'StreetName': None, 'CityName': None, 'PostalZone': None, 'NUTS': 'FRG01', 'Country': 'FRA'};sans remise en concurrence;;26-87151;;;;LOT-0001;85143000;37670000.0;20;5.0;;avis d'attribution;ouverte;PA-25036;;;;False;False;False;;7364.0;Établissement d'hospitalisation ;10 000  et plus ;<NA>;1978-01-01;86.10Z;2008;;;;;;<NA>;;;;;<NA>;<NA>;;;;;(47.211138, -1.557241);Nantes;Loire-Atlantique;Pays de la Loire;;;;;;;;
False;;;True;True;False;attribue;;;False;;;2026-09-10;"{'StreetName': ""5 ALLEE DE L'ILE GLORIETTE"", 'AdditionalStreetName': None, 'CityName': 'NANTES', 'PostalZone': '44093', 'Country': 'FRA'}";264400136;True;CHU NANTES;44 CHU;;2026-01-01+01:00;services;['Critère prix 65% •\tComparaison base DQE 2.\tCritère technique 30% •\tMoyen humain et matériel •\tOrganisation pour répondre aux demandes urgentes •\tFormation des chauffeurs pour la prise en charge des patients spécifiques 3.\tRSE 5% •\tVéhicules crit’air 0, 1, 2, 3 •\tFormation à l’éco-conduite'];['social'];;;False;;False;{'StreetName': None, 'CityName': None, 'PostalZone': None, 'NUTS': 'FRG01', 'Country': 'FRA'};sans remise en concurrence;;26-87151;;;;LOT-0001;85143000;37670000.0;20;5.0;;avis d'attribution;ouverte;PA-25036;;;;False;False;False;;7364.0;Établissement d'hospitalisation ;10 000  et plus ;<NA>;1978-01-01;86.10Z;2008;;;;;;<NA>;;;;;<NA>;<NA>;;;;;(47.211138, -1.557241);Nantes;Loire-Atlantique;Pays de la Loire;;;;;;;;
False;;;True;True;False;attribue;;;False;;;2026-09-10;"{'StreetName': ""5 ALLEE DE L'ILE GLORIETTE"", 'AdditionalStreetName': None, 'CityName': 'NANTES', 'PostalZone': '44093', 'Country': 'FRA'}";264400136;True;CHU NANTES;44 CHU;;2026-01-01+01:00;services;['Critère prix 65% •\tComparaison base DQE 2.\tCritère technique 30% •\tMoyen humain et matériel •\tOrganisation pour répondre aux demandes urgentes •\tFormation des chauffeurs pour la prise en charge des patients spécifiques 3.\tRSE 5% •\tVéhicules crit’air 0, 1, 2, 3 •\tFormation à l’éco-conduite'];['social'];;;False;;False;{'StreetName': None, 'CityName': None, 'PostalZone': None, 'NUTS': 'FRG01', 'Country': 'FRA'};sans remise en concurrence;;26-87151;;;;LOT-0001;85143000;37670000.0;20;5.0;;avis d'attribution;ouverte;PA-25036;;;;False;False;False;;7364.0;Établissement d'hospitalisation ;10 000  et plus ;<NA>;1978-01-01;86.10Z;2008;;;;;;<NA>;;;;;<NA>;<NA>;;;;;(47.211138, -1.557241);Nantes;Loire-Atlantique;Pays de la Loire;;;;;;;;
False;;;True;True;False;attribue;;;False;;;2026-09-10;"{'StreetName': ""5 ALLEE DE L'ILE GLORIETTE"", 'AdditionalStreetName': None, 'CityName': 'NANTES', 'PostalZone': '44093', 'Country': 'FRA'}";264400136;True;CHU NANTES;44 CHU;;2026-01-01+01:00;services;['Critère prix 80% •\tComparaison base DQE 2.\tCritère technique 15% •\tMoyen humain et matériel •\tFormation des chauffeurs pour la prise en charge des patients spécifiques 3.\tRSE 5% •\tVéhicules crit’air 0, 1, 2, 3 •\tFormation à l’éco-conduite'];['social'];;;False;;False;{'StreetName': None, 'CityName': None, 'PostalZone': None, 'NUTS': 'FRG01', 'Country': 'FRA'};sans remise en concurrence;;26-87151;;;;LOT-0002;85143000;37670000.0;20;5.0;;avis d'attribution;ouverte;PA-25036;;;;False;False;False;;7364.0;Établissement d'hospitalisation ;10 000  et plus ;<NA>;1978-01-01;86.10Z;2008;;;;;;<NA>;;;;;<NA>;<NA>;;;;;(47.211138, -1.557241);Nantes;Loire-Atlantique;Pays de la Loire;;;;;;;;
False;;;True;True;False;attribue;;;False;;;2026-09-10;"{'StreetName': ""5 ALLEE DE L'ILE GLORIETTE"", 'AdditionalStreetName': None, 'CityName': 'NANTES', 'PostalZone': '44093', 'Country': 'FRA'}";264400136;True;CHU NANTES;44 CHU;;2026-01-01+01:00;services;['Critère prix 80% •\tComparaison base DQE 2.\tCritère technique 15% •\tMoyen humain et matériel •\tFormation des chauffeurs pour la prise en charge des patients spécifiques 3.\tRSE 5% •\tVéhicules crit’air 0, 1, 2, 3 •\tFormation à l’éco-conduite'];['social'];;;False;;False;{'StreetName': None, 'CityName': None, 'PostalZone': None, 'NUTS': 'FRG01', 'Country': 'FRA'};sans remise en concurrence;;26-87151;;;;LOT-0002;85143000;37670000.0;20;5.0;;avis d'attribution;ouverte;PA-25036;;;;False;False;False;;7364.0;Établissement d'hospitalisation ;10 000  et plus ;<NA>;1978-01-01;86.10Z;2008;;;;;;<NA>;;;;;<NA>;<NA>;;;;;(47.211138, -1.557241);Nantes;Loire-Atlantique;Pays de la Loire;;;;;;;;
False;;;True;True;False;attribue;;;False;;;2026-09-10;"{'StreetName': ""5 ALLEE DE L'ILE GLORIETTE"", 'AdditionalStreetName': None, 'CityName': 'NANTES', 'PostalZone': '44093', 'Country': 'FRA'}";264400136;True;CHU NANTES;44 CHU;;2026-01-01+01:00;services;['Critère prix 80% •\tComparaison base DQE 2.\tCritère technique 15% •\tMoyen humain et matériel •\tFormation des chauffeurs pour la prise en charge des patients spécifiques 3.\tRSE 5% •\tVéhicules crit’air 0, 1, 2, 3 •\tFormation à l’éco-conduite'];['social'];;;False;;False;{'StreetName': None, 'CityName': None, 'PostalZone': None, 'NUTS': 'FRG01', 'Country': 'FRA'};sans remise en concurrence;;26-87151;;;;LOT-0002;85143000;37670000.0;20;5.0;;avis d'attribution;ouverte;PA-25036;;;;False;False;False;;7364.0;Établissement d'hospitalisation ;10 000  et plus ;<NA>;1978-01-01;86.10Z;2008;;;;;;<NA>;;;;;<NA>;<NA>;;;;;(47.211138, -1.557241);Nantes;Loire-Atlantique;Pays de la Loire;;;;;;;;
False;;;True;True;False;attribue;{'StreetName': None, 'AdditionalStreetName': None, 'CityName': 'SEVREMOINE FRANCE', 'PostalZone': '49710', 'Country': 'FRA'};069200616;True;AUGEREAU AUTOCARS;AUGERAU AUTOCARS;2026-09-10;"{'StreetName': ""5 ALLEE DE L'ILE GLORIETTE"", 'AdditionalStreetName': None, 'CityName': 'NANTES', 'PostalZone': '44093', 'Country': 'FRA'}";264400136;True;CHU NANTES;44 CHU;;2026-01-01+01:00;services;['Critère prix 65% •\tComparaison base DQE 2.\tCritère technique 30% •\tMoyen humain et matériel •\tOrganisation pour répondre aux demandes urgentes •\tFormation des chauffeurs pour la prise en charge des patients spécifiques 3.\tRSE 5% •\tVéhicules crit’air 0, 1, 2, 3 •\tFormation à l’éco-conduite'];['social'];;;False;;False;{'StreetName': None, 'CityName': None, 'PostalZone': None, 'NUTS': 'FRG01', 'Country': 'FRA'};sans remise en concurrence;;26-87151;;;;LOT-0003;85143000;37670000.0;20;5.0;;avis d'attribution;ouverte;PA-25036;;;;False;False;False;;7364.0;Établissement d'hospitalisation ;10 000  et plus ;<NA>;1978-01-01;86.10Z;2008;5710.0;SAS, société par actions simplifiée;100  à  199;False;<NA>;2008;H;49;49.3;49.39;49.39A;1969-01-01;;Sèvremoine;Maine-et-Loire;Pays de la Loire;(47.211138, -1.557241);Nantes;Loire-Atlantique;Pays de la Loire;;;;;;;;
False;;;True;True;False;en cours;;;False;;;2026-09-10;"{'StreetName': ""5 ALLEE DE L'ILE GLORIETTE"", 'AdditionalStreetName': None, 'CityName': 'NANTES', 'PostalZone': '44093', 'Country': 'FRA'}";264400136;True;CHU NANTES;44 CHU;;2026-01-01+01:00;services;['Critère prix 65% •\tComparaison base DQE 2.\tCritère technique 30% •\tMoyen humain et matériel •\tOrganisation pour répondre aux demandes urgentes •\tFormation des chauffeurs pour la prise en charge des patients spécifiques 3.\tRSE 5% •\tVéhicules crit’air 0, 1, 2, 3 •\tFormation à l’éco-conduite'];['social'];;;False;;False;{'StreetName': None, 'CityName': None, 'PostalZone': None, 'NUTS': 'FRG01', 'Country': 'FRA'};sans remise en concurrence;;26-87151;;;;LOT-0004;85143000;37670000.0;20;;;avis d'attribution;ouverte;PA-25036;;;;False;False;False;;7364.0;Établissement d'hospitalisation ;10 000  et plus ;<NA>;1978-01-01;86.10Z;2008;;;;;;<NA>;;;;;<NA>;<NA>;;;;;(47.211138, -1.557241);Nantes;Loire-Atlantique;Pays de la Loire;;;;;;;;
False;;;True;True;False;attribue;;;False;;;2026-09-10;"{'StreetName': ""5 ALLEE DE L'ILE GLORIETTE"", 'AdditionalStreetName': None, 'CityName': 'NANTES', 'PostalZone': '44093', 'Country': 'FRA'}";264400136;True;CHU NANTES;44 CHU;;2026-01-01+01:00;services;['Critère prix 65% •\tComparaison base DQE 2.\tCritère technique 30% •\tMoyen humain et matériel •\tOrganisation pour répondre aux demandes urgentes •\tFormation des chauffeurs pour la prise en charge des patients spécifiques 3.\tRSE 5% •\tVéhicules crit’air 0, 1, 2, 3 •\tFormation à l’éco-conduite'];['social'];;;False;;False;{'StreetName': None, 'CityName': None, 'PostalZone': None, 'NUTS': 'FRG01', 'Country': 'FRA'};sans remise en concurrence;;26-87151;;;;LOT-0005;85143000;37670000.0;20;5.0;;avis d'attribution;ouverte;PA-25036;;;;False;False;False;;7364.0;Établissement d'hospitalisation ;10 000  et plus ;<NA>;1978-01-01;86.10Z;2008;;;;;;<NA>;;;;;<NA>;<NA>;;;;;(47.211138, -1.557241);Nantes;Loire-Atlantique;Pays de la Loire;;;;;;;;
False;;;True;True;False;attribue;;;False;;;2026-09-10;"{'StreetName': ""5 ALLEE DE L'ILE GLORIETTE"", 'AdditionalStreetName': None, 'CityName': 'NANTES', 'PostalZone': '44093', 'Country': 'FRA'}";264400136;True;CHU NANTES;44 CHU;;2026-01-01+01:00;services;['Critère prix 65% •\tComparaison base DQE 2.\tCritère technique 30% •\tMoyen humain et matériel •\tOrganisation pour répondre aux demandes urgentes •\tFormation des chauffeurs pour la prise en charge des patients spécifiques 3.\tRSE 5% •\tVéhicules crit’air 0, 1, 2, 3 •\tFormation à l’éco-conduite'];['social'];;;False;;False;{'StreetName': None, 'CityName': None, 'PostalZone': None, 'NUTS': 'FRG01', 'Country': 'FRA'};sans remise en concurrence;;26-87151;;;;LOT-0006;85143000;37670000.0;20;5.0;;avis d'attribution;ouverte;PA-25036;;;;False;False;False;;7364.0;Établissement d'hospitalisation ;10 000  et plus ;<NA>;1978-01-01;86.10Z;2008;;;;;;<NA>;;;;;<NA>;<NA>;;;;;(47.211138, -1.557241);Nantes;Loire-Atlantique;Pays de la Loire;;;;;;;;
False;;;True;True;False;attribue;;;False;;;2026-09-10;"{'StreetName': ""5 ALLEE DE L'ILE GLORIETTE"", 'AdditionalStreetName': None, 'CityName': 'NANTES', 'PostalZone': '44093', 'Country': 'FRA'}";264400136;True;CHU NANTES;44 CHU;;2026-01-01+01:00;services;['Critère prix 65% •\tComparaison base DQE 2.\tCritère technique 30% •\tMoyen humain et matériel •\tOrganisation pour répondre aux demandes urgentes •\tFormation des chauffeurs pour la prise en charge des patients spécifiques 3.\tRSE 5% •\tVéhicules crit’air 0, 1, 2, 3 •\tFormation à l’éco-conduite'];['social'];;;False;;False;{'StreetName': None, 'CityName': None, 'PostalZone': None, 'NUTS': 'FRG01', 'Country': 'FRA'};sans remise en concurrence;;26-87151;;;;LOT-0007;85143000;37670000.0;20;5.0;;avis d'attribution;ouverte;PA-25036;;;;False;False;False;;7364.0;Établissement d'hospitalisation ;10 000  et plus ;<NA>;1978-01-01;86.10Z;2008;;;;;;<NA>;;;;;<NA>;<NA>;;;;;(47.211138, -1.557241);Nantes;Loire-Atlantique;Pays de la Loire;;;;;;;;
False;;;True;True;False;attribue;;;False;;;2026-09-10;"{'StreetName': ""5 ALLEE DE L'ILE GLORIETTE"", 'AdditionalStreetName': None, 'CityName': 'NANTES', 'PostalZone': '44093', 'Country': 'FRA'}";264400136;True;CHU NANTES;44 CHU;;2026-01-01+01:00;services;['Critère prix 65% •\tComparaison base DQE 2.\tCritère technique 30% •\tMoyen humain et matériel •\tOrganisation pour répondre aux demandes urgentes •\tFormation des chauffeurs pour la prise en charge des patients spécifiques 3.\tRSE 5% •\tVéhicules crit’air 0, 1, 2, 3 •\tFormation à l’éco-conduite'];['social'];;;False;;False;{'StreetName': None, 'CityName': None, 'PostalZone': None, 'NUTS': 'FRG01', 'Country': 'FRA'};sans remise en concurrence;;26-87151;;;;LOT-0008;85143000;37670000.0;20;5.0;;avis d'attribution;ouverte;PA-25036;;;;False;False;False;;7364.0;Établissement d'hospitalisation ;10 000  et plus ;<NA>;1978-01-01;86.10Z;2008;;;;;;<NA>;;;;;<NA>;<NA>;;;;;(47.211138, -1.557241);Nantes;Loire-Atlantique;Pays de la Loire;;;;;;;;
False;;;True;True;False;attribue;;;False;;;2026-09-10;"{'StreetName': ""5 ALLEE DE L'ILE GLORIETTE"", 'AdditionalStreetName': None, 'CityName': 'NANTES', 'PostalZone': '44093', 'Country': 'FRA'}";264400136;True;CHU NANTES;44 CHU;;2026-01-01+01:00;services;['Critère prix 65% •\tComparaison base DQE 2.\tCritère technique 30% •\tMoyen humain et matériel •\tOrganisation pour répondre aux demandes urgentes •\tFormation des chauffeurs pour la prise en charge des patients spécifiques 3.\tRSE 5% •\tVéhicules crit’air 0, 1, 2, 3 •\tFormation à l’éco-conduite'];['social'];;;False;;False;{'StreetName': None, 'CityName': None, 'PostalZone': None, 'NUTS': 'FRG01', 'Country': 'FRA'};sans remise en concurrence;;26-87151;;;;LOT-0008;85143000;37670000.0;20;5.0;;avis d'attribution;ouverte;PA-25036;;;;False;False;False;;7364.0;Établissement d'hospitalisation ;10 000  et plus ;<NA>;1978-01-01;86.10Z;2008;;;;;;<NA>;;;;;<NA>;<NA>;;;;;(47.211138, -1.557241);Nantes;Loire-Atlantique;Pays de la Loire;;;;;;;;
False;;;True;True;False;attribue;;;False;;;2026-09-10;"{'StreetName': ""5 ALLEE DE L'ILE GLORIETTE"", 'AdditionalStreetName': None, 'CityName': 'NANTES', 'PostalZone': '44093', 'Country': 'FRA'}";264400136;True;CHU NANTES;44 CHU;;2026-01-01+01:00;services;['Critère prix 65% •\tComparaison base DQE 2.\tCritère technique 30% •\tMoyen humain et matériel •\tOrganisation pour répondre aux demandes urgentes •\tFormation des chauffeurs pour la prise en charge des patients spécifiques 3.\tRSE 5% •\tVéhicules crit’air 0, 1, 2, 3 •\tFormation à l’éco-conduite'];['social'];;;False;;False;{'StreetName': None, 'CityName': None, 'PostalZone': None, 'NUTS': 'FRG01', 'Country': 'FRA'};sans remise en concurrence;;26-87151;;;;LOT-0009;85143000;37670000.0;20;5.0;;avis d'attribution;ouverte;PA-25036;;;;False;False;False;;7364.0;Établissement d'hospitalisation ;10 000  et plus ;<NA>;1978-01-01;86.10Z;2008;;;;;;<NA>;;;;;<NA>;<NA>;;;;;(47.211138, -1.557241);Nantes;Loire-Atlantique;Pays de la Loire;;;;;;;;
False;;;True;True;False;attribue;;;False;;;2026-09-10;"{'StreetName': ""5 ALLEE DE L'ILE GLORIETTE"", 'AdditionalStreetName': None, 'CityName': 'NANTES', 'PostalZone': '44093', 'Country': 'FRA'}";264400136;True;CHU NANTES;44 CHU;;2026-01-01+01:00;services;['Critère prix 65% •\tComparaison base DQE 2.\tCritère technique 30% •\tMoyen humain et matériel •\tOrganisation pour répondre aux demandes urgentes •\tFormation des chauffeurs pour la prise en charge des patients spécifiques 3.\tRSE 5% •\tVéhicules crit’air 0, 1, 2, 3 •\tFormation à l’éco-conduite'];['social'];;;False;;False;{'StreetName': None, 'CityName': None, 'PostalZone': None, 'NUTS': 'FRG01', 'Country': 'FRA'};sans remise en concurrence;;26-87151;;;;LOT-0010;85143000;37670000.0;20;5.0;;avis d'attribution;ouverte;PA-25036;;;;False;False;False;;7364.0;Établissement d'hospitalisation ;10 000  et plus ;<NA>;1978-01-01;86.10Z;2008;;;;;;<NA>;;;;;<NA>;<NA>;;;;;(47.211138, -1.557241);Nantes;Loire-Atlantique;Pays de la Loire;;;;;;;;
False;;;True;True;False;attribue;;;False;;;2026-09-10;"{'StreetName': ""5 ALLEE DE L'ILE GLORIETTE"", 'AdditionalStreetName': None, 'CityName': 'NANTES', 'PostalZone': '44093', 'Country': 'FRA'}";264400136;True;CHU NANTES;44 CHU;;2026-01-01+01:00;services;['Critère prix 65% •\tComparaison base DQE 2.\tCritère technique 30% •\tMoyen humain et matériel •\tOrganisation pour répondre aux demandes urgentes •\tFormation des chauffeurs pour la prise en charge des patients spécifiques 3.\tRSE 5% •\tVéhicules crit’air 0, 1, 2, 3 •\tFormation à l’éco-conduite'];['social'];;;False;;False;{'StreetName': None, 'CityName': None, 'PostalZone': None, 'NUTS': 'FRG01', 'Country': 'FRA'};sans remise en concurrence;;26-87151;;;;LOT-0011;85143000;37670000.0;20;5.0;;avis d'attribution;ouverte;PA-25036;;;;False;False;False;;7364.0;Établissement d'hospitalisation ;10 000  et plus ;<NA>;1978-01-01;86.10Z;2008;;;;;;<NA>;;;;;<NA>;<NA>;;;;;(47.211138, -1.557241);Nantes;Loire-Atlantique;Pays de la Loire;;;;;;;;
False;;;True;True;False;attribue;;;False;;;2026-09-10;"{'StreetName': ""5 ALLEE DE L'ILE GLORIETTE"", 'AdditionalStreetName': None, 'CityName': 'NANTES', 'PostalZone': '44093', 'Country': 'FRA'}";264400136;True;CHU NANTES;44 CHU;;2026-01-01+01:00;services;['Critère prix 65% •\tComparaison base DQE 2.\tCritère technique 30% •\tMoyen humain et matériel •\tOrganisation pour répondre aux demandes urgentes •\tFormation des chauffeurs pour la prise en charge des patients spécifiques 3.\tRSE 5% •\tVéhicules crit’air 0, 1, 2, 3 •\tFormation à l’éco-conduite'];['social'];;;False;;False;{'StreetName': None, 'CityName': None, 'PostalZone': None, 'NUTS': 'FRG01', 'Country': 'FRA'};sans remise en concurrence;;26-87151;;;;LOT-0012;85143000;37670000.0;20;5.0;;avis d'attribution;ouverte;PA-25036;;;;False;False;False;;7364.0;Établissement d'hospitalisation ;10 000  et plus ;<NA>;1978-01-01;86.10Z;2008;;;;;;<NA>;;;;;<NA>;<NA>;;;;;(47.211138, -1.557241);Nantes;Loire-Atlantique;Pays de la Loire;;;;;;;;
False;;;True;True;False;attribue;;;False;;;2026-09-10;"{'StreetName': ""5 ALLEE DE L'ILE GLORIETTE"", 'AdditionalStreetName': None, 'CityName': 'NANTES', 'PostalZone': '44093', 'Country': 'FRA'}";264400136;True;CHU NANTES;44 CHU;;2026-01-01+01:00;services;['Critère prix 65% •\tComparaison base DQE 2.\tCritère technique 30% •\tMoyen humain et matériel •\tOrganisation pour répondre aux demandes urgentes •\tFormation des chauffeurs pour la prise en charge des patients spécifiques 3.\tRSE 5% •\tVéhicules crit’air 0, 1, 2, 3 •\tFormation à l’éco-conduite'];['social'];;;False;;False;{'StreetName': None, 'CityName': None, 'PostalZone': None, 'NUTS': 'FRG01', 'Country': 'FRA'};sans remise en concurrence;;26-87151;;;;LOT-0013;85143000;37670000.0;20;5.0;;avis d'attribution;ouverte;PA-25036;;;;False;False;False;;7364.0;Établissement d'hospitalisation ;10 000  et plus ;<NA>;1978-01-01;86.10Z;2008;;;;;;<NA>;;;;;<NA>;<NA>;;;;;(47.211138, -1.557241);Nantes;Loire-Atlantique;Pays de la Loire;;;;;;;;
False;;;True;True;False;attribue;;;False;;;2026-09-10;"{'StreetName': ""5 ALLEE DE L'ILE GLORIETTE"", 'AdditionalStreetName': None, 'CityName': 'NANTES', 'PostalZone': '44093', 'Country': 'FRA'}";264400136;True;CHU NANTES;44 CHU;;2026-01-01+01:00;services;['Critère prix 65% •\tComparaison base DQE 2.\tCritère technique 30% •\tMoyen humain et matériel •\tOrganisation pour répondre aux demandes urgentes •\tFormation des chauffeurs pour la prise en charge des patients spécifiques 3.\tRSE 5% •\tVéhicules crit’air 0, 1, 2, 3 •\tFormation à l’éco-conduite'];['social'];;;False;;False;{'StreetName': None, 'CityName': None, 'PostalZone': None, 'NUTS': 'FRG01', 'Country': 'FRA'};sans remise en concurrence;;26-87151;;;;LOT-0014;85143000;37670000.0;20;5.0;;avis d'attribution;ouverte;PA-25036;;;;False;False;False;;7364.0;Établissement d'hospitalisation ;10 000  et plus ;<NA>;1978-01-01;86.10Z;2008;;;;;;<NA>;;;;;<NA>;<NA>;;;;;(47.211138, -1.557241);Nantes;Loire-Atlantique;Pays de la Loire;;;;;;;;
False;;;True;True;False;en cours;;;False;;;2026-09-10;"{'StreetName': ""5 ALLEE DE L'ILE GLORIETTE"", 'AdditionalStreetName': None, 'CityName': 'NANTES', 'PostalZone': '44093', 'Country': 'FRA'}";264400136;True;CHU NANTES;44 CHU;;2026-01-01+01:00;services;['Critère prix 65% •\tComparaison base DQE 2.\tCritère technique 30% •\tMoyen humain et matériel •\tOrganisation pour répondre aux demandes urgentes •\tFormation des chauffeurs pour la prise en charge des patients spécifiques 3.\tRSE 5% •\tVéhicules crit’air 0, 1, 2, 3 •\tFormation à l’éco-conduite'];['social'];;;False;;False;{'StreetName': None, 'CityName': None, 'PostalZone': None, 'NUTS': 'FRG01', 'Country': 'FRA'};sans remise en concurrence;;26-87151;;;;LOT-0015;85143000;37670000.0;20;;;avis d'attribution;ouverte;PA-25036;;;;False;False;False;;7364.0;Établissement d'hospitalisation ;10 000  et plus ;<NA>;1978-01-01;86.10Z;2008;;;;;;<NA>;;;;;<NA>;<NA>;;;;;(47.211138, -1.557241);Nantes;Loire-Atlantique;Pays de la Loire;;;;;;;;
False;['80511000'];;False;True;False;attribue;{'StreetName': '9 rue Georges Braque', 'AdditionalStreetName': None, 'CityName': 'ROUEN', 'PostalZone': '76000', 'Country': 'FRA'};515026417;True;SCOP 276;SCOOP276 - Marie DEBRUYNE;2026-09-10;{'StreetName': 'Cours des Alliés', 'AdditionalStreetName': None, 'CityName': 'RENNES', 'PostalZone': '35028', 'Country': 'FRA'};777749375;False;CAISSE D ALLOCATIONS FAMILIALES D ILLE ET VILAINE;CAF 35;;;services;['Prix 40 %', 'Valeur technique 54 %\nPerformance en matière de Développement Durable 6 %'];['prix', 'environnemental'];[40.0, 54.0, 6.0];1095.0;True;;False;;sans remise en concurrence;;26-87326;;;;LOT-0001;80500000;1153000.0;41;14.0;;Mise en place de sessions de formations professionnelles au profit des agents de Caisses d'Allocations Familiales adhérentes à l'EGOC;ouverte;AC-PA-03-2026;;;;True;False;False;;8110.0;Régime général de la Sécurité Sociale;250  à  499;<NA>;1900-01-01;84.30C;2008;5458.0;SARL coopérative de production (SCOP);20  à  49;False;<NA>;2008;M;70;70.2;70.22;70.22Z;2009-10-01;(49.450916, 1.139697);Rouen;Seine-Maritime;Normandie;(48.10528, -1.676035);Rennes;Ille-et-Vilaine;Bretagne;;;;;;;;
False;['80511000'];;False;True;False;attribue;{'StreetName': None, 'AdditionalStreetName': None, 'CityName': 'PARIS', 'PostalZone': '75015', 'Country': 'FRA'};949912893;True;<NA>;Marion VANDAELE LIANI (MVL) Balasana Conseil et Coaching;2026-09-10;{'StreetName': 'Cours des Alliés', 'AdditionalStreetName': None, 'CityName': 'RENNES', 'PostalZone': '35028', 'Country': 'FRA'};777749375;False;CAISSE D ALLOCATIONS FAMILIALES D ILLE ET VILAINE;CAF 35;;;services;['Prix 40 %', 'Valeur technique 54 %\nPerformance en matière de Développement Durable 6 %'];['prix', 'environnemental'];[40.0, 54.0, 6.0];1095.0;True;;False;;sans remise en concurrence;;26-87326;;;;LOT-0001;80500000;1153000.0;41;14.0;;Mise en place de sessions de formations professionnelles au profit des agents de Caisses d'Allocations Familiales adhérentes à l'EGOC;ouverte;AC-PA-03-2026;;;;True;False;False;;8110.0;Régime général de la Sécurité Sociale;250  à  499;<NA>;1900-01-01;84.30C;2008;1000.0;Entrepreneur individuel;;<NA>;<NA>;2008;M;70;70.2;70.22;70.22Z;2023-04-01;;Paris;Paris;Île-de-France;(48.10528, -1.676035);Rennes;Ille-et-Vilaine;Bretagne;;;;;;;;
False;['80511000'];;False;True;False;attribue;"{'StreetName': ""17-19 place de l'Argonne"", 'AdditionalStreetName': None, 'CityName': 'PARIS', 'PostalZone': '75019', 'Country': 'FRA'}";815158712;True;INSTITUT NATIONAL DE FORMATION;INF Institut 4.10;2026-09-10;{'StreetName': 'Cours des Alliés', 'AdditionalStreetName': None, 'CityName': 'RENNES', 'PostalZone': '35028', 'Country': 'FRA'};777749375;False;CAISSE D ALLOCATIONS FAMILIALES D ILLE ET VILAINE;CAF 35;;;services;['Prix 40 %', 'Valeur technique 54 %\nPerformance en matière de Développement Durable 6 %'];['prix', 'environnemental'];[40.0, 54.0, 6.0];1095.0;True;;False;;sans remise en concurrence;;26-87326;;;;LOT-0001;80500000;1153000.0;41;14.0;;Mise en place de sessions de formations professionnelles au profit des agents de Caisses d'Allocations Familiales adhérentes à l'EGOC;ouverte;AC-PA-03-2026;;;;True;False;False;;8110.0;Régime général de la Sécurité Sociale;250  à  499;<NA>;1900-01-01;84.30C;2008;8110.0;Régime général de la Sécurité Sociale;250  à  499;True;<NA>;2008;P;85;85.5;85.59;85.59A;2016-01-01;(48.893485, 2.382828);Paris;Paris;Île-de-France;(48.10528, -1.676035);Rennes;Ille-et-Vilaine;Bretagne;;;;;;;;
False;['80511000'];;False;True;False;attribue;{'StreetName': None, 'AdditionalStreetName': None, 'CityName': 'Paris', 'PostalZone': '75005', 'Country': 'FRA'};304774128;True;OBSERVATOIRE D'ECONOMIE APPLIQUEE;OBEA SAS Observatoire d'Economie Appliquée;2026-09-10;{'StreetName': 'Cours des Alliés', 'AdditionalStreetName': None, 'CityName': 'RENNES', 'PostalZone': '35028', 'Country': 'FRA'};777749375;False;CAISSE D ALLOCATIONS FAMILIALES D ILLE ET VILAINE;CAF 35;;;services;['Prix 40 %', 'Valeur technique 54 %\nPerformance en matière de Développement Durable 6 %'];['prix', 'environnemental'];[40.0, 54.0, 6.0];1095.0;True;;False;;sans remise en concurrence;;26-87326;;;;LOT-0001;80500000;1153000.0;41;14.0;;Mise en place de sessions de formations professionnelles au profit des agents de Caisses d'Allocations Familiales adhérentes à l'EGOC;ouverte;AC-PA-03-2026;;;;True;False;False;;8110.0;Régime général de la Sécurité Sociale;250  à  499;<NA>;1900-01-01;84.30C;2008;5710.0;SAS, société par actions simplifiée;10  à  19;False;<NA>;2008;P;85;85.5;85.59;85.59A;1975-01-01;;Paris;Paris;Île-de-France;(48.10528, -1.676035);Rennes;Ille-et-Vilaine;Bretagne;;;;;;;;
False;['80511000'];;False;True;False;attribue;{'StreetName': '9 rue Georges Braque', 'AdditionalStreetName': None, 'CityName': 'ROUEN', 'PostalZone': '76000', 'Country': 'FRA'};515026417;True;SCOP 276;SCOOP276 - Marie DEBRUYNE;2026-09-10;{'StreetName': 'Cours des Alliés', 'AdditionalStreetName': None, 'CityName': 'RENNES', 'PostalZone': '35028', 'Country': 'FRA'};777749375;False;CAISSE D ALLOCATIONS FAMILIALES D ILLE ET VILAINE;CAF 35;;;services;['Prix 40 %', 'Valeur technique 54 %\nPerformance en matière de Développement Durable 6 %'];['prix', 'environnemental'];[40.0, 54.0, 6.0];1095.0;True;;False;;sans remise en concurrence;;26-87326;;;;LOT-0001;80500000;1153000.0;41;14.0;;Mise en place de sessions de formations professionnelles au profit des agents de Caisses d'Allocations Familiales adhérentes à l'EGOC;ouverte;AC-PA-03-2026;;;;True;False;False;;8110.0;Régime général de la Sécurité Sociale;250  à  499;<NA>;1900-01-01;84.30C;2008;5458.0;SARL coopérative de production (SCOP);20  à  49;False;<NA>;2008;M;70;70.2;70.22;70.22Z;2009-10-01;(49.450916, 1.139697);Rouen;Seine-Maritime;Normandie;(48.10528, -1.676035);Rennes;Ille-et-Vilaine;Bretagne;;;;;;;;
False;['80511000'];;False;True;False;attribue;{'StreetName': None, 'AdditionalStreetName': None, 'CityName': 'PARIS', 'PostalZone': '75015', 'Country': 'FRA'};949912893;True;<NA>;Marion VANDAELE LIANI (MVL) Balasana Conseil et Coaching;2026-09-10;{'StreetName': 'Cours des Alliés', 'AdditionalStreetName': None, 'CityName': 'RENNES', 'PostalZone': '35028', 'Country': 'FRA'};777749375;False;CAISSE D ALLOCATIONS FAMILIALES D ILLE ET VILAINE;CAF 35;;;services;['Prix 40 %', 'Valeur technique 54 %\nPerformance en matière de Développement Durable 6 %'];['prix', 'environnemental'];[40.0, 54.0, 6.0];1095.0;True;;False;;sans remise en concurrence;;26-87326;;;;LOT-0001;80500000;1153000.0;41;14.0;;Mise en place de sessions de formations professionnelles au profit des agents de Caisses d'Allocations Familiales adhérentes à l'EGOC;ouverte;AC-PA-03-2026;;;;True;False;False;;8110.0;Régime général de la Sécurité Sociale;250  à  499;<NA>;1900-01-01;84.30C;2008;1000.0;Entrepreneur individuel;;<NA>;<NA>;2008;M;70;70.2;70.22;70.22Z;2023-04-01;;Paris;Paris;Île-de-France;(48.10528, -1.676035);Rennes;Ille-et-Vilaine;Bretagne;;;;;;;;
False;['80511000'];;False;True;False;attribue;"{'StreetName': ""17-19 place de l'Argonne"", 'AdditionalStreetName': None, 'CityName': 'PARIS', 'PostalZone': '75019', 'Country': 'FRA'}";815158712;True;INSTITUT NATIONAL DE FORMATION;INF Institut 4.10;2026-09-10;{'StreetName': 'Cours des Alliés', 'AdditionalStreetName': None, 'CityName': 'RENNES', 'PostalZone': '35028', 'Country': 'FRA'};777749375;False;CAISSE D ALLOCATIONS FAMILIALES D ILLE ET VILAINE;CAF 35;;;services;['Prix 40 %', 'Valeur technique 54 %\nPerformance en matière de Développement Durable 6 %'];['prix', 'environnemental'];[40.0, 54.0, 6.0];1095.0;True;;False;;sans remise en concurrence;;26-87326;;;;LOT-0001;80500000;1153000.0;41;14.0;;Mise en place de sessions de formations professionnelles au profit des agents de Caisses d'Allocations Familiales adhérentes à l'EGOC;ouverte;AC-PA-03-2026;;;;True;False;False;;8110.0;Régime général de la Sécurité Sociale;250  à  499;<NA>;1900-01-01;84.30C;2008;8110.0;Régime général de la Sécurité Sociale;250  à  499;True;<NA>;2008;P;85;85.5;85.59;85.59A;2016-01-01;(48.893485, 2.382828);Paris;Paris;Île-de-France;(48.10528, -1.676035);Rennes;Ille-et-Vilaine;Bretagne;;;;;;;;
False;['80511000'];;False;True;False;attribue;{'StreetName': None, 'AdditionalStreetName': None, 'CityName': 'Paris', 'PostalZone': '75005', 'Country': 'FRA'};304774128;True;OBSERVATOIRE D'ECONOMIE APPLIQUEE;OBEA SAS Observatoire d'Economie Appliquée;2026-09-10;{'StreetName': 'Cours des Alliés', 'AdditionalStreetName': None, 'CityName': 'RENNES', 'PostalZone': '35028', 'Country': 'FRA'};777749375;False;CAISSE D ALLOCATIONS FAMILIALES D ILLE ET VILAINE;CAF 35;;;services;['Prix 40 %', 'Valeur technique 54 %\nPerformance en matière de Développement Durable 6 %'];['prix', 'environnemental'];[40.0, 54.0, 6.0];1095.0;True;;False;;sans remise en concurrence;;26-87326;;;;LOT-0001;80500000;1153000.0;41;14.0;;Mise en place de sessions de formations professionnelles au profit des agents de Caisses d'Allocations Familiales adhérentes à l'EGOC;ouverte;AC-PA-03-2026;;;;True;False;False;;8110.0;Régime général de la Sécurité Sociale;250  à  499;<NA>;1900-01-01;84.30C;2008;5710.0;SAS, société par actions simplifiée;10  à  19;False;<NA>;2008;P;85;85.5;85.59;85.59A;1975-01-01;;Paris;Paris;Île-de-France;(48.10528, -1.676035);Rennes;Ille-et-Vilaine;Bretagne;;;;;;;;
False;['80511000'];;False;True;False;attribue;{'StreetName': '9 rue Georges Braque', 'AdditionalStreetName': None, 'CityName': 'ROUEN', 'PostalZone': '76000', 'Country': 'FRA'};515026417;True;SCOP 276;SCOOP276 - Marie DEBRUYNE;2026-09-10;{'StreetName': 'Cours des Alliés', 'AdditionalStreetName': None, 'CityName': 'RENNES', 'PostalZone': '35028', 'Country': 'FRA'};777749375;False;CAISSE D ALLOCATIONS FAMILIALES D ILLE ET VILAINE;CAF 35;;;services;['Prix 40 %', 'Valeur technique 54 %\nPerformance en matière de Développement Durable 6 %'];['prix', 'environnemental'];[40.0, 54.0, 6.0];1095.0;True;;False;;sans remise en concurrence;;26-87326;;;;LOT-0001;80500000;1153000.0;41;14.0;;Mise en place de sessions de formations professionnelles au profit des agents de Caisses d'Allocations Familiales adhérentes à l'EGOC;ouverte;AC-PA-03-2026;;;;True;False;False;;8110.0;Régime général de la Sécurité Sociale;250  à  499;<NA>;1900-01-01;84.30C;2008;5458.0;SARL coopérative de production (SCOP);20  à  49;False;<NA>;2008;M;70;70.2;70.22;70.22Z;2009-10-01;(49.450916, 1.139697);Rouen;Seine-Maritime;Normandie;(48.10528, -1.676035);Rennes;Ille-et-Vilaine;Bretagne;;;;;;;;
False;['80511000'];;False;True;False;attribue;{'StreetName': None, 'AdditionalStreetName': None, 'CityName': 'PARIS', 'PostalZone': '75015', 'Country': 'FRA'};949912893;True;<NA>;Marion VANDAELE LIANI (MVL) Balasana Conseil et Coaching;2026-09-10;{'StreetName': 'Cours des Alliés', 'AdditionalStreetName': None, 'CityName': 'RENNES', 'PostalZone': '35028', 'Country': 'FRA'};777749375;False;CAISSE D ALLOCATIONS FAMILIALES D ILLE ET VILAINE;CAF 35;;;services;['Prix 40 %', 'Valeur technique 54 %\nPerformance en matière de Développement Durable 6 %'];['prix', 'environnemental'];[40.0, 54.0, 6.0];1095.0;True;;False;;sans remise en concurrence;;26-87326;;;;LOT-0001;80500000;1153000.0;41;14.0;;Mise en place de sessions de formations professionnelles au profit des agents de Caisses d'Allocations Familiales adhérentes à l'EGOC;ouverte;AC-PA-03-2026;;;;True;False;False;;8110.0;Régime général de la Sécurité Sociale;250  à  499;<NA>;1900-01-01;84.30C;2008;1000.0;Entrepreneur individuel;;<NA>;<NA>;2008;M;70;70.2;70.22;70.22Z;2023-04-01;;Paris;Paris;Île-de-France;(48.10528, -1.676035);Rennes;Ille-et-Vilaine;Bretagne;;;;;;;;
False;['80511000'];;False;True;False;attribue;"{'StreetName': ""17-19 place de l'Argonne"", 'AdditionalStreetName': None, 'CityName': 'PARIS', 'PostalZone': '75019', 'Country': 'FRA'}";815158712;True;INSTITUT NATIONAL DE FORMATION;INF Institut 4.10;2026-09-10;{'StreetName': 'Cours des Alliés', 'AdditionalStreetName': None, 'CityName': 'RENNES', 'PostalZone': '35028', 'Country': 'FRA'};777749375;False;CAISSE D ALLOCATIONS FAMILIALES D ILLE ET VILAINE;CAF 35;;;services;['Prix 40 %', 'Valeur technique 54 %\nPerformance en matière de Développement Durable 6 %'];['prix', 'environnemental'];[40.0, 54.0, 6.0];1095.0;True;;False;;sans remise en concurrence;;26-87326;;;;LOT-0001;80500000;1153000.0;41;14.0;;Mise en place de sessions de formations professionnelles au profit des agents de Caisses d'Allocations Familiales adhérentes à l'EGOC;ouverte;AC-PA-03-2026;;;;True;False;False;;8110.0;Régime général de la Sécurité Sociale;250  à  499;<NA>;1900-01-01;84.30C;2008;8110.0;Régime général de la Sécurité Sociale;250  à  499;True;<NA>;2008;P;85;85.5;85.59;85.59A;2016-01-01;(48.893485, 2.382828);Paris;Paris;Île-de-France;(48.10528, -1.676035);Rennes;Ille-et-Vilaine;Bretagne;;;;;;;;
False;['80511000'];;False;True;False;attribue;{'StreetName': None, 'AdditionalStreetName': None, 'CityName': 'Paris', 'PostalZone': '75005', 'Country': 'FRA'};304774128;True;OBSERVATOIRE D'ECONOMIE APPLIQUEE;OBEA SAS Observatoire d'Economie Appliquée;2026-09-10;{'StreetName': 'Cours des Alliés', 'AdditionalStreetName': None, 'CityName': 'RENNES', 'PostalZone': '35028', 'Country': 'FRA'};777749375;False;CAISSE D ALLOCATIONS FAMILIALES D ILLE ET VILAINE;CAF 35;;;services;['Prix 40 %', 'Valeur technique 54 %\nPerformance en matière de Développement Durable 6 %'];['prix', 'environnemental'];[40.0, 54.0, 6.0];1095.0;True;;False;;sans remise en concurrence;;26-87326;;;;LOT-0001;80500000;1153000.0;41;14.0;;Mise en place de sessions de formations professionnelles au profit des agents de Caisses d'Allocations Familiales adhérentes à l'EGOC;ouverte;AC-PA-03-2026;;;;True;False;False;;8110.0;Régime général de la Sécurité Sociale;250  à  499;<NA>;1900-01-01;84.30C;2008;5710.0;SAS, société par actions simplifiée;10  à  19;False;<NA>;2008;P;85;85.5;85.59;85.59A;1975-01-01;;Paris;Paris;Île-de-France;(48.10528, -1.676035);Rennes;Ille-et-Vilaine;Bretagne;;;;;;;;
False;['80511000'];;False;True;False;attribue;{'StreetName': '9 rue Georges Braque', 'AdditionalStreetName': None, 'CityName': 'ROUEN', 'PostalZone': '76000', 'Country': 'FRA'};515026417;True;SCOP 276;SCOOP276 - Marie DEBRUYNE;2026-09-10;{'StreetName': 'Cours des Alliés', 'AdditionalStreetName': None, 'CityName': 'RENNES', 'PostalZone': '35028', 'Country': 'FRA'};777749375;False;CAISSE D ALLOCATIONS FAMILIALES D ILLE ET VILAINE;CAF 35;;;services;['Prix 40 %', 'Valeur technique 54 %\nPerformance en matière de Développement Durable 6 %'];['prix', 'environnemental'];[40.0, 54.0, 6.0];1095.0;True;;False;;sans remise en concurrence;;26-87326;;;;LOT-0001;80500000;1153000.0;41;14.0;;Mise en place de sessions de formations professionnelles au profit des agents de Caisses d'Allocations Familiales adhérentes à l'EGOC;ouverte;AC-PA-03-2026;;;;True;False;False;;8110.0;Régime général de la Sécurité Sociale;250  à  499;<NA>;1900-01-01;84.30C;2008;5458.0;SARL coopérative de production (SCOP);20  à  49;False;<NA>;2008;M;70;70.2;70.22;70.22Z;2009-10-01;(49.450916, 1.139697);Rouen;Seine-Maritime;Normandie;(48.10528, -1.676035);Rennes;Ille-et-Vilaine;Bretagne;;;;;;;;
False;['80511000'];;False;True;False;attribue;{'StreetName': None, 'AdditionalStreetName': None, 'CityName': 'PARIS', 'PostalZone': '75015', 'Country': 'FRA'};949912893;True;<NA>;Marion VANDAELE LIANI (MVL) Balasana Conseil et Coaching;2026-09-10;{'StreetName': 'Cours des Alliés', 'AdditionalStreetName': None, 'CityName': 'RENNES', 'PostalZone': '35028', 'Country': 'FRA'};777749375;False;CAISSE D ALLOCATIONS FAMILIALES D ILLE ET VILAINE;CAF 35;;;services;['Prix 40 %', 'Valeur technique 54 %\nPerformance en matière de Développement Durable 6 %'];['prix', 'environnemental'];[40.0, 54.0, 6.0];1095.0;True;;False;;sans remise en concurrence;;26-87326;;;;LOT-0001;80500000;1153000.0;41;14.0;;Mise en place de sessions de formations professionnelles au profit des agents de Caisses d'Allocations Familiales adhérentes à l'EGOC;ouverte;AC-PA-03-2026;;;;True;False;False;;8110.0;Régime général de la Sécurité Sociale;250  à  499;<NA>;1900-01-01;84.30C;2008;1000.0;Entrepreneur individuel;;<NA>;<NA>;2008;M;70;70.2;70.22;70.22Z;2023-04-01;;Paris;Paris;Île-de-France;(48.10528, -1.676035);Rennes;Ille-et-Vilaine;Bretagne;;;;;;;;
False;['80511000'];;False;True;False;attribue;"{'StreetName': ""17-19 place de l'Argonne"", 'AdditionalStreetName': None, 'CityName': 'PARIS', 'PostalZone': '75019', 'Country': 'FRA'}";815158712;True;INSTITUT NATIONAL DE FORMATION;INF Institut 4.10;2026-09-10;{'StreetName': 'Cours des Alliés', 'AdditionalStreetName': None, 'CityName': 'RENNES', 'PostalZone': '35028', 'Country': 'FRA'};777749375;False;CAISSE D ALLOCATIONS FAMILIALES D ILLE ET VILAINE;CAF 35;;;services;['Prix 40 %', 'Valeur technique 54 %\nPerformance en matière de Développement Durable 6 %'];['prix', 'environnemental'];[40.0, 54.0, 6.0];1095.0;True;;False;;sans remise en concurrence;;26-87326;;;;LOT-0001;80500000;1153000.0;41;14.0;;Mise en place de sessions de formations professionnelles au profit des agents de Caisses d'Allocations Familiales adhérentes à l'EGOC;ouverte;AC-PA-03-2026;;;;True;False;False;;8110.0;Régime général de la Sécurité Sociale;250  à  499;<NA>;1900-01-01;84.30C;2008;8110.0;Régime général de la Sécurité Sociale;250  à  499;True;<NA>;2008;P;85;85.5;85.59;85.59A;2016-01-01;(48.893485, 2.382828);Paris;Paris;Île-de-France;(48.10528, -1.676035);Rennes;Ille-et-Vilaine;Bretagne;;;;;;;;
False;['80511000'];;False;True;False;attribue;{'StreetName': None, 'AdditionalStreetName': None, 'CityName': 'Paris', 'PostalZone': '75005', 'Country': 'FRA'};304774128;True;OBSERVATOIRE D'ECONOMIE APPLIQUEE;OBEA SAS Observatoire d'Economie Appliquée;2026-09-10;{'StreetName': 'Cours des Alliés', 'AdditionalStreetName': None, 'CityName': 'RENNES', 'PostalZone': '35028', 'Country': 'FRA'};777749375;False;CAISSE D ALLOCATIONS FAMILIALES D ILLE ET VILAINE;CAF 35;;;services;['Prix 40 %', 'Valeur technique 54 %\nPerformance en matière de Développement Durable 6 %'];['prix', 'environnemental'];[40.0, 54.0, 6.0];1095.0;True;;False;;sans remise en concurrence;;26-87326;;;;LOT-0001;80500000;1153000.0;41;14.0;;Mise en place de sessions de formations professionnelles au profit des agents de Caisses d'Allocations Familiales adhérentes à l'EGOC;ouverte;AC-PA-03-2026;;;;True;False;False;;8110.0;Régime général de la Sécurité Sociale;250  à  499;<NA>;1900-01-01;84.30C;2008;5710.0;SAS, société par actions simplifiée;10  à  19;False;<NA>;2008;P;85;85.5;85.59;85.59A;1975-01-01;;Paris;Paris;Île-de-France;(48.10528, -1.676035);Rennes;Ille-et-Vilaine;Bretagne;;;;;;;;
False;['80511000'];;False;True;False;attribue;{'StreetName': None, 'AdditionalStreetName': None, 'CityName': 'LE MANS', 'PostalZone': '72000', 'Country': 'FRA'};751084088;True;<NA>;AUDEO - Caroline CHEVALLIER MAILLARD;2026-09-10;{'StreetName': 'Cours des Alliés', 'AdditionalStreetName': None, 'CityName': 'RENNES', 'PostalZone': '35028', 'Country': 'FRA'};777749375;False;CAISSE D ALLOCATIONS FAMILIALES D ILLE ET VILAINE;CAF 35;;;services;['Prix 40 %', 'Valeur technique 54 %\nPerformance en matière de Développement Durable 6 %'];['prix', 'environnemental'];[40.0, 54.0, 6.0];1095.0;True;;False;;sans remise en concurrence;;26-87326;;;;LOT-0002;80500000;1153000.0;41;12.0;;Mise en place de sessions de formations professionnelles au profit des agents de Caisses d'Allocations Familiales adhérentes à l'EGOC;ouverte;AC-PA-03-2026;;;;True;False;False;;8110.0;Régime général de la Sécurité Sociale;250  à  499;<NA>;1900-01-01;84.30C;2008;1000.0;Entrepreneur individuel;;<NA>;<NA>;2008;P;85;85.5;85.59;85.59A;2012-04-15;;Le Mans;Sarthe;Pays de la Loire;(48.10528, -1.676035);Rennes;Ille-et-Vilaine;Bretagne;;;;;;;;
False;['80511000'];;False;True;False;attribue;{'StreetName': None, 'AdditionalStreetName': None, 'CityName': 'PLAISIR', 'PostalZone': '78370', 'Country': 'FRA'};502197551;True;EXCELLENS FORMATION;EXCELLENS Formations;2026-09-10;{'StreetName': 'Cours des Alliés', 'AdditionalStreetName': None, 'CityName': 'RENNES', 'PostalZone': '35028', 'Country': 'FRA'};777749375;False;CAISSE D ALLOCATIONS FAMILIALES D ILLE ET VILAINE;CAF 35;;;services;['Prix 40 %', 'Valeur technique 54 %\nPerformance en matière de Développement Durable 6 %'];['prix', 'environnemental'];[40.0, 54.0, 6.0];1095.0;True;;False;;sans remise en concurrence;;26-87326;;;;LOT-0002;80500000;1153000.0;41;12.0;;Mise en place de sessions de formations professionnelles au profit des agents de Caisses d'Allocations Familiales adhérentes à l'EGOC;ouverte;AC-PA-03-2026;;;;True;False;False;;8110.0;Régime général de la Sécurité Sociale;250  à  499;<NA>;1900-01-01;84.30C;2008;5710.0;SAS, société par actions simplifiée;20  à  49;False;<NA>;2008;P;85;85.5;85.59;85.59A;2008-01-17;;Plaisir;Yvelines;Île-de-France;(48.10528, -1.676035);Rennes;Ille-et-Vilaine;Bretagne;;;;;;;;
False;['80511000'];;False;True;False;attribue;"{'StreetName': ""17-19 place de l'Argonne"", 'AdditionalStreetName': None, 'CityName': 'PARIS', 'PostalZone': '75019', 'Country': 'FRA'}";815158712;True;INSTITUT NATIONAL DE FORMATION;INF Institut 4.10;2026-09-10;{'StreetName': 'Cours des Alliés', 'AdditionalStreetName': None, 'CityName': 'RENNES', 'PostalZone': '35028', 'Country': 'FRA'};777749375;False;CAISSE D ALLOCATIONS FAMILIALES D ILLE ET VILAINE;CAF 35;;;services;['Prix 40 %', 'Valeur technique 54 %\nPerformance en matière de Développement Durable 6 %'];['prix', 'environnemental'];[40.0, 54.0, 6.0];1095.0;True;;False;;sans remise en concurrence;;26-87326;;;;LOT-0002;80500000;1153000.0;41;12.0;;Mise en place de sessions de formations professionnelles au profit des agents de Caisses d'Allocations Familiales adhérentes à l'EGOC;ouverte;AC-PA-03-2026;;;;True;False;False;;8110.0;Régime général de la Sécurité Sociale;250  à  499;<NA>;1900-01-01;84.30C;2008;8110.0;Régime général de la Sécurité Sociale;250  à  499;True;<NA>;2008;P;85;85.5;85.59;85.59A;2016-01-01;(48.893485, 2.382828);Paris;Paris;Île-de-France;(48.10528, -1.676035);Rennes;Ille-et-Vilaine;Bretagne;;;;;;;;
False;['80511000'];;False;True;False;attribue;{'StreetName': None, 'AdditionalStreetName': None, 'CityName': 'LE MANS', 'PostalZone': '72000', 'Country': 'FRA'};751084088;True;<NA>;AUDEO - Caroline CHEVALLIER MAILLARD;2026-09-10;{'StreetName': 'Cours des Alliés', 'AdditionalStreetName': None, 'CityName': 'RENNES', 'PostalZone': '35028', 'Country': 'FRA'};777749375;False;CAISSE D ALLOCATIONS FAMILIALES D ILLE ET VILAINE;CAF 35;;;services;['Prix 40 %', 'Valeur technique 54 %\nPerformance en matière de Développement Durable 6 %'];['prix', 'environnemental'];[40.0, 54.0, 6.0];1095.0;True;;False;;sans remise en concurrence;;26-87326;;;;LOT-0002;80500000;1153000.0;41;12.0;;Mise en place de sessions de formations professionnelles au profit des agents de Caisses d'Allocations Familiales adhérentes à l'EGOC;ouverte;AC-PA-03-2026;;;;True;False;False;;8110.0;Régime général de la Sécurité Sociale;250  à  499;<NA>;1900-01-01;84.30C;2008;1000.0;Entrepreneur individuel;;<NA>;<NA>;2008;P;85;85.5;85.59;85.59A;2012-04-15;;Le Mans;Sarthe;Pays de la Loire;(48.10528, -1.676035);Rennes;Ille-et-Vilaine;Bretagne;;;;;;;;
False;['80511000'];;False;True;False;attribue;{'StreetName': None, 'AdditionalStreetName': None, 'CityName': 'PLAISIR', 'PostalZone': '78370', 'Country': 'FRA'};502197551;True;EXCELLENS FORMATION;EXCELLENS Formations;2026-09-10;{'StreetName': 'Cours des Alliés', 'AdditionalStreetName': None, 'CityName': 'RENNES', 'PostalZone': '35028', 'Country': 'FRA'};777749375;False;CAISSE D ALLOCATIONS FAMILIALES D ILLE ET VILAINE;CAF 35;;;services;['Prix 40 %', 'Valeur technique 54 %\nPerformance en matière de Développement Durable 6 %'];['prix', 'environnemental'];[40.0, 54.0, 6.0];1095.0;True;;False;;sans remise en concurrence;;26-87326;;;;LOT-0002;80500000;1153000.0;41;12.0;;Mise en place de sessions de formations professionnelles au profit des agents de Caisses d'Allocations Familiales adhérentes à l'EGOC;ouverte;AC-PA-03-2026;;;;True;False;False;;8110.0;Régime général de la Sécurité Sociale;250  à  499;<NA>;1900-01-01;84.30C;2008;5710.0;SAS, société par actions simplifiée;20  à  49;False;<NA>;2008;P;85;85.5;85.59;85.59A;2008-01-17;;Plaisir;Yvelines;Île-de-France;(48.10528, -1.676035);Rennes;Ille-et-Vilaine;Bretagne;;;;;;;;
False;['80511000'];;False;True;False;attribue;"{'StreetName': ""17-19 place de l'Argonne"", 'AdditionalStreetName': None, 'CityName': 'PARIS', 'PostalZone': '75019', 'Country': 'FRA'}";815158712;True;INSTITUT NATIONAL DE FORMATION;INF Institut 4.10;2026-09-10;{'StreetName': 'Cours des Alliés', 'AdditionalStreetName': None, 'CityName': 'RENNES', 'PostalZone': '35028', 'Country': 'FRA'};777749375;False;CAISSE D ALLOCATIONS FAMILIALES D ILLE ET VILAINE;CAF 35;;;services;['Prix 40 %', 'Valeur technique 54 %\nPerformance en matière de Développement Durable 6 %'];['prix', 'environnemental'];[40.0, 54.0, 6.0];1095.0;True;;False;;sans remise en concurrence;;26-87326;;;;LOT-0002;80500000;1153000.0;41;12.0;;Mise en place de sessions de formations professionnelles au profit des agents de Caisses d'Allocations Familiales adhérentes à l'EGOC;ouverte;AC-PA-03-2026;;;;True;False;False;;8110.0;Régime général de la Sécurité Sociale;250  à  499;<NA>;1900-01-01;84.30C;2008;8110.0;Régime général de la Sécurité Sociale;250  à  499;True;<NA>;2008;P;85;85.5;85.59;85.59A;2016-01-01;(48.893485, 2.382828);Paris;Paris;Île-de-France;(48.10528, -1.676035);Rennes;Ille-et-Vilaine;Bretagne;;;;;;;;
False;['80511000'];;False;True;False;attribue;{'StreetName': None, 'AdditionalStreetName': None, 'CityName': 'LE MANS', 'PostalZone': '72000', 'Country': 'FRA'};751084088;True;<NA>;AUDEO - Caroline CHEVALLIER MAILLARD;2026-09-10;{'StreetName': 'Cours des Alliés', 'AdditionalStreetName': None, 'CityName': 'RENNES', 'PostalZone': '35028', 'Country': 'FRA'};777749375;False;CAISSE D ALLOCATIONS FAMILIALES D ILLE ET VILAINE;CAF 35;;;services;['Prix 40 %', 'Valeur technique 54 %\nPerformance en matière de Développement Durable 6 %'];['prix', 'environnemental'];[40.0, 54.0, 6.0];1095.0;True;;False;;sans remise en concurrence;;26-87326;;;;LOT-0002;80500000;1153000.0;41;12.0;;Mise en place de sessions de formations professionnelles au profit des agents de Caisses d'Allocations Familiales adhérentes à l'EGOC;ouverte;AC-PA-03-2026;;;;True;False;False;;8110.0;Régime général de la Sécurité Sociale;250  à  499;<NA>;1900-01-01;84.30C;2008;1000.0;Entrepreneur individuel;;<NA>;<NA>;2008;P;85;85.5;85.59;85.59A;2012-04-15;;Le Mans;Sarthe;Pays de la Loire;(48.10528, -1.676035);Rennes;Ille-et-Vilaine;Bretagne;;;;;;;;
False;['80511000'];;False;True;False;attribue;{'StreetName': None, 'AdditionalStreetName': None, 'CityName': 'PLAISIR', 'PostalZone': '78370', 'Country': 'FRA'};502197551;True;EXCELLENS FORMATION;EXCELLENS Formations;2026-09-10;{'StreetName': 'Cours des Alliés', 'AdditionalStreetName': None, 'CityName': 'RENNES', 'PostalZone': '35028', 'Country': 'FRA'};777749375;False;CAISSE D ALLOCATIONS FAMILIALES D ILLE ET VILAINE;CAF 35;;;services;['Prix 40 %', 'Valeur technique 54 %\nPerformance en matière de Développement Durable 6 %'];['prix', 'environnemental'];[40.0, 54.0, 6.0];1095.0;True;;False;;sans remise en concurrence;;26-87326;;;;LOT-0002;80500000;1153000.0;41;12.0;;Mise en place de sessions de formations professionnelles au profit des agents de Caisses d'Allocations Familiales adhérentes à l'EGOC;ouverte;AC-PA-03-2026;;;;True;False;False;;8110.0;Régime général de la Sécurité Sociale;250  à  499;<NA>;1900-01-01;84.30C;2008;5710.0;SAS, société par actions simplifiée;20  à  49;False;<NA>;2008;P;85;85.5;85.59;85.59A;2008-01-17;;Plaisir;Yvelines;Île-de-France;(48.10528, -1.676035);Rennes;Ille-et-Vilaine;Bretagne;;;;;;;;
False;['80511000'];;False;True;False;attribue;"{'StreetName': ""17-19 place de l'Argonne"", 'AdditionalStreetName': None, 'CityName': 'PARIS', 'PostalZone': '75019', 'Country': 'FRA'}";815158712;True;INSTITUT NATIONAL DE FORMATION;INF Institut 4.10;2026-09-10;{'StreetName': 'Cours des Alliés', 'AdditionalStreetName': None, 'CityName': 'RENNES', 'PostalZone': '35028', 'Country': 'FRA'};777749375;False;CAISSE D ALLOCATIONS FAMILIALES D ILLE ET VILAINE;CAF 35;;;services;['Prix 40 %', 'Valeur technique 54 %\nPerformance en matière de Développement Durable 6 %'];['prix', 'environnemental'];[40.0, 54.0, 6.0];1095.0;True;;False;;sans remise en concurrence;;26-87326;;;;LOT-0002;80500000;1153000.0;41;12.0;;Mise en place de sessions de formations professionnelles au profit des agents de Caisses d'Allocations Familiales adhérentes à l'EGOC;ouverte;AC-PA-03-2026;;;;True;False;False;;8110.0;Régime général de la Sécurité Sociale;250  à  499;<NA>;1900-01-01;84.30C;2008;8110.0;Régime général de la Sécurité Sociale;250  à  499;True;<NA>;2008;P;85;85.5;85.59;85.59A;2016-01-01;(48.893485, 2.382828);Paris;Paris;Île-de-France;(48.10528, -1.676035);Rennes;Ille-et-Vilaine;Bretagne;;;;;;;;
False;['80511000'];;False;True;False;attribue;{'StreetName': None, 'AdditionalStreetName': None, 'CityName': 'LE MANS', 'PostalZone': '72000', 'Country': 'FRA'};751084088;True;<NA>;AUDEO - Caroline CHEVALLIER MAILLARD;2026-09-10;{'StreetName': 'Cours des Alliés', 'AdditionalStreetName': None, 'CityName': 'RENNES', 'PostalZone': '35028', 'Country': 'FRA'};777749375;False;CAISSE D ALLOCATIONS FAMILIALES D ILLE ET VILAINE;CAF 35;;;services;['Prix 40 %', 'Valeur technique 54 %\nPerformance en matière de Développement Durable 6 %'];['prix', 'environnemental'];[40.0, 54.0, 6.0];1095.0;True;;False;;sans remise en concurrence;;26-87326;;;;LOT-0003;80500000;1153000.0;41;9.0;;Mise en place de sessions de formations professionnelles au profit des agents de Caisses d'Allocations Familiales adhérentes à l'EGOC;ouverte;AC-PA-03-2026;;;;True;False;False;;8110.0;Régime général de la Sécurité Sociale;250  à  499;<NA>;1900-01-01;84.30C;2008;1000.0;Entrepreneur individuel;;<NA>;<NA>;2008;P;85;85.5;85.59;85.59A;2012-04-15;;Le Mans;Sarthe;Pays de la Loire;(48.10528, -1.676035);Rennes;Ille-et-Vilaine;Bretagne;;;;;;;;
False;['80511000'];;False;True;False;attribue;{'StreetName': None, 'AdditionalStreetName': None, 'CityName': 'NANTES', 'PostalZone': '44000', 'Country': 'FRA'};447646753;True;<NA>;OMECOM - Catherine VIGNERON NICOLLE;2026-09-10;{'StreetName': 'Cours des Alliés', 'AdditionalStreetName': None, 'CityName': 'RENNES', 'PostalZone': '35028', 'Country': 'FRA'};777749375;False;CAISSE D ALLOCATIONS FAMILIALES D ILLE ET VILAINE;CAF 35;;;services;['Prix 40 %', 'Valeur technique 54 %\nPerformance en matière de Développement Durable 6 %'];['prix', 'environnemental'];[40.0, 54.0, 6.0];1095.0;True;;False;;sans remise en concurrence;;26-87326;;;;LOT-0003;80500000;1153000.0;41;9.0;;Mise en place de sessions de formations professionnelles au profit des agents de Caisses d'Allocations Familiales adhérentes à l'EGOC;ouverte;AC-PA-03-2026;;;;True;False;False;;8110.0;Régime général de la Sécurité Sociale;250  à  499;<NA>;1900-01-01;84.30C;2008;1000.0;Entrepreneur individuel;;<NA>;<NA>;2008;M;70;70.2;70.22;70.22Z;2003-04-01;;Nantes;Loire-Atlantique;Pays de la Loire;(48.10528, -1.676035);Rennes;Ille-et-Vilaine;Bretagne;;;;;;;;
False;['80511000'];;False;True;False;attribue;{'StreetName': None, 'AdditionalStreetName': None, 'CityName': 'MOULINS LE CARBONNEL', 'PostalZone': '72130', 'Country': 'FRA'};443708375;True;G.C.R. FORMATION;GCR FORMATION;2026-09-10;{'StreetName': 'Cours des Alliés', 'AdditionalStreetName': None, 'CityName': 'RENNES', 'PostalZone': '35028', 'Country': 'FRA'};777749375;False;CAISSE D ALLOCATIONS FAMILIALES D ILLE ET VILAINE;CAF 35;;;services;['Prix 40 %', 'Valeur technique 54 %\nPerformance en matière de Développement Durable 6 %'];['prix', 'environnemental'];[40.0, 54.0, 6.0];1095.0;True;;False;;sans remise en concurrence;;26-87326;;;;LOT-0003;80500000;1153000.0;41;9.0;;Mise en place de sessions de formations professionnelles au profit des agents de Caisses d'Allocations Familiales adhérentes à l'EGOC;ouverte;AC-PA-03-2026;;;;True;False;False;;8110.0;Régime général de la Sécurité Sociale;250  à  499;<NA>;1900-01-01;84.30C;2008;5710.0;SAS, société par actions simplifiée;10  à  19;False;<NA>;2008;P;85;85.5;85.59;85.59A;2002-09-01;;Moulins-le-Carbonnel;Sarthe;Pays de la Loire;(48.10528, -1.676035);Rennes;Ille-et-Vilaine;Bretagne;;;;;;;;
False;['80511000'];;False;True;False;attribue;{'StreetName': None, 'AdditionalStreetName': None, 'CityName': 'LE MANS', 'PostalZone': '72000', 'Country': 'FRA'};751084088;True;<NA>;AUDEO - Caroline CHEVALLIER MAILLARD;2026-09-10;{'StreetName': 'Cours des Alliés', 'AdditionalStreetName': None, 'CityName': 'RENNES', 'PostalZone': '35028', 'Country': 'FRA'};777749375;False;CAISSE D ALLOCATIONS FAMILIALES D ILLE ET VILAINE;CAF 35;;;services;['Prix 40 %', 'Valeur technique 54 %\nPerformance en matière de Développement Durable 6 %'];['prix', 'environnemental'];[40.0, 54.0, 6.0];1095.0;True;;False;;sans remise en concurrence;;26-87326;;;;LOT-0003;80500000;1153000.0;41;9.0;;Mise en place de sessions de formations professionnelles au profit des agents de Caisses d'Allocations Familiales adhérentes à l'EGOC;ouverte;AC-PA-03-2026;;;;True;False;False;;8110.0;Régime général de la Sécurité Sociale;250  à  499;<NA>;1900-01-01;84.30C;2008;1000.0;Entrepreneur individuel;;<NA>;<NA>;2008;P;85;85.5;85.59;85.59A;2012-04-15;;Le Mans;Sarthe;Pays de la Loire;(48.10528, -1.676035);Rennes;Ille-et-Vilaine;Bretagne;;;;;;;;
False;['80511000'];;False;True;False;attribue;{'StreetName': None, 'AdditionalStreetName': None, 'CityName': 'NANTES', 'PostalZone': '44000', 'Country': 'FRA'};447646753;True;<NA>;OMECOM - Catherine VIGNERON NICOLLE;2026-09-10;{'StreetName': 'Cours des Alliés', 'AdditionalStreetName': None, 'CityName': 'RENNES', 'PostalZone': '35028', 'Country': 'FRA'};777749375;False;CAISSE D ALLOCATIONS FAMILIALES D ILLE ET VILAINE;CAF 35;;;services;['Prix 40 %', 'Valeur technique 54 %\nPerformance en matière de Développement Durable 6 %'];['prix', 'environnemental'];[40.0, 54.0, 6.0];1095.0;True;;False;;sans remise en concurrence;;26-87326;;;;LOT-0003;80500000;1153000.0;41;9.0;;Mise en place de sessions de formations professionnelles au profit des agents de Caisses d'Allocations Familiales adhérentes à l'EGOC;ouverte;AC-PA-03-2026;;;;True;False;False;;8110.0;Régime général de la Sécurité Sociale;250  à  499;<NA>;1900-01-01;84.30C;2008;1000.0;Entrepreneur individuel;;<NA>;<NA>;2008;M;70;70.2;70.22;70.22Z;2003-04-01;;Nantes;Loire-Atlantique;Pays de la Loire;(48.10528, -1.676035);Rennes;Ille-et-Vilaine;Bretagne;;;;;;;;
False;['80511000'];;False;True;False;attribue;{'StreetName': None, 'AdditionalStreetName': None, 'CityName': 'MOULINS LE CARBONNEL', 'PostalZone': '72130', 'Country': 'FRA'};443708375;True;G.C.R. FORMATION;GCR FORMATION;2026-09-10;{'StreetName': 'Cours des Alliés', 'AdditionalStreetName': None, 'CityName': 'RENNES', 'PostalZone': '35028', 'Country': 'FRA'};777749375;False;CAISSE D ALLOCATIONS FAMILIALES D ILLE ET VILAINE;CAF 35;;;services;['Prix 40 %', 'Valeur technique 54 %\nPerformance en matière de Développement Durable 6 %'];['prix', 'environnemental'];[40.0, 54.0, 6.0];1095.0;True;;False;;sans remise en concurrence;;26-87326;;;;LOT-0003;80500000;1153000.0;41;9.0;;Mise en place de sessions de formations professionnelles au profit des agents de Caisses d'Allocations Familiales adhérentes à l'EGOC;ouverte;AC-PA-03-2026;;;;True;False;False;;8110.0;Régime général de la Sécurité Sociale;250  à  499;<NA>;1900-01-01;84.30C;2008;5710.0;SAS, société par actions simplifiée;10  à  19;False;<NA>;2008;P;85;85.5;85.59;85.59A;2002-09-01;;Moulins-le-Carbonnel;Sarthe;Pays de la Loire;(48.10528, -1.676035);Rennes;Ille-et-Vilaine;Bretagne;;;;;;;;
False;['80511000'];;False;True;False;attribue;{'StreetName': None, 'AdditionalStreetName': None, 'CityName': 'LE MANS', 'PostalZone': '72000', 'Country': 'FRA'};751084088;True;<NA>;AUDEO - Caroline CHEVALLIER MAILLARD;2026-09-10;{'StreetName': 'Cours des Alliés', 'AdditionalStreetName': None, 'CityName': 'RENNES', 'PostalZone': '35028', 'Country': 'FRA'};777749375;False;CAISSE D ALLOCATIONS FAMILIALES D ILLE ET VILAINE;CAF 35;;;services;['Prix 40 %', 'Valeur technique 54 %\nPerformance en matière de Développement Durable 6 %'];['prix', 'environnemental'];[40.0, 54.0, 6.0];1095.0;True;;False;;sans remise en concurrence;;26-87326;;;;LOT-0003;80500000;1153000.0;41;9.0;;Mise en place de sessions de formations professionnelles au profit des agents de Caisses d'Allocations Familiales adhérentes à l'EGOC;ouverte;AC-PA-03-2026;;;;True;False;False;;8110.0;Régime général de la Sécurité Sociale;250  à  499;<NA>;1900-01-01;84.30C;2008;1000.0;Entrepreneur individuel;;<NA>;<NA>;2008;P;85;85.5;85.59;85.59A;2012-04-15;;Le Mans;Sarthe;Pays de la Loire;(48.10528, -1.676035);Rennes;Ille-et-Vilaine;Bretagne;;;;;;;;
False;['80511000'];;False;True;False;attribue;{'StreetName': None, 'AdditionalStreetName': None, 'CityName': 'NANTES', 'PostalZone': '44000', 'Country': 'FRA'};447646753;True;<NA>;OMECOM - Catherine VIGNERON NICOLLE;2026-09-10;{'StreetName': 'Cours des Alliés', 'AdditionalStreetName': None, 'CityName': 'RENNES', 'PostalZone': '35028', 'Country': 'FRA'};777749375;False;CAISSE D ALLOCATIONS FAMILIALES D ILLE ET VILAINE;CAF 35;;;services;['Prix 40 %', 'Valeur technique 54 %\nPerformance en matière de Développement Durable 6 %'];['prix', 'environnemental'];[40.0, 54.0, 6.0];1095.0;True;;False;;sans remise en concurrence;;26-87326;;;;LOT-0003;80500000;1153000.0;41;9.0;;Mise en place de sessions de formations professionnelles au profit des agents de Caisses d'Allocations Familiales adhérentes à l'EGOC;ouverte;AC-PA-03-2026;;;;True;False;False;;8110.0;Régime général de la Sécurité Sociale;250  à  499;<NA>;1900-01-01;84.30C;2008;1000.0;Entrepreneur individuel;;<NA>;<NA>;2008;M;70;70.2;70.22;70.22Z;2003-04-01;;Nantes;Loire-Atlantique;Pays de la Loire;(48.10528, -1.676035);Rennes;Ille-et-Vilaine;Bretagne;;;;;;;;
False;['80511000'];;False;True;False;attribue;{'StreetName': None, 'AdditionalStreetName': None, 'CityName': 'MOULINS LE CARBONNEL', 'PostalZone': '72130', 'Country': 'FRA'};443708375;True;G.C.R. FORMATION;GCR FORMATION;2026-09-10;{'StreetName': 'Cours des Alliés', 'AdditionalStreetName': None, 'CityName': 'RENNES', 'PostalZone': '35028', 'Country': 'FRA'};777749375;False;CAISSE D ALLOCATIONS FAMILIALES D ILLE ET VILAINE;CAF 35;;;services;['Prix 40 %', 'Valeur technique 54 %\nPerformance en matière de Développement Durable 6 %'];['prix', 'environnemental'];[40.0, 54.0, 6.0];1095.0;True;;False;;sans remise en concurrence;;26-87326;;;;LOT-0003;80500000;1153000.0;41;9.0;;Mise en place de sessions de formations professionnelles au profit des agents de Caisses d'Allocations Familiales adhérentes à l'EGOC;ouverte;AC-PA-03-2026;;;;True;False;False;;8110.0;Régime général de la Sécurité Sociale;250  à  499;<NA>;1900-01-01;84.30C;2008;5710.0;SAS, société par actions simplifiée;10  à  19;False;<NA>;2008;P;85;85.5;85.59;85.59A;2002-09-01;;Moulins-le-Carbonnel;Sarthe;Pays de la Loire;(48.10528, -1.676035);Rennes;Ille-et-Vilaine;Bretagne;;;;;;;;
False;['80511000'];;False;True;False;attribue;{'StreetName': None, 'AdditionalStreetName': None, 'CityName': 'LE MANS', 'PostalZone': '72000', 'Country': 'FRA'};751084088;True;<NA>;AUDEO - Caroline CHEVALLIER MAILLARD;2026-09-10;{'StreetName': 'Cours des Alliés', 'AdditionalStreetName': None, 'CityName': 'RENNES', 'PostalZone': '35028', 'Country': 'FRA'};777749375;False;CAISSE D ALLOCATIONS FAMILIALES D ILLE ET VILAINE;CAF 35;;;services;['Prix 40 %', 'Valeur technique 54 %\nPerformance en matière de Développement Durable 6 %'];['prix', 'environnemental'];[40.0, 54.0, 6.0];1095.0;True;;False;;sans remise en concurrence;;26-87326;;;;LOT-0004;80500000;1153000.0;41;5.0;;Mise en place de sessions de formations professionnelles au profit des agents de Caisses d'Allocations Familiales adhérentes à l'EGOC;ouverte;AC-PA-03-2026;;;;True;False;False;;8110.0;Régime général de la Sécurité Sociale;250  à  499;<NA>;1900-01-01;84.30C;2008;1000.0;Entrepreneur individuel;;<NA>;<NA>;2008;P;85;85.5;85.59;85.59A;2012-04-15;;Le Mans;Sarthe;Pays de la Loire;(48.10528, -1.676035);Rennes;Ille-et-Vilaine;Bretagne;;;;;;;;
False;['80511000'];;False;True;False;attribue;{'StreetName': None, 'AdditionalStreetName': None, 'CityName': 'NANTES', 'PostalZone': '44000', 'Country': 'FRA'};447646753;True;<NA>;OMECOM - Catherine VIGNERON NICOLLE;2026-09-10;{'StreetName': 'Cours des Alliés', 'AdditionalStreetName': None, 'CityName': 'RENNES', 'PostalZone': '35028', 'Country': 'FRA'};777749375;False;CAISSE D ALLOCATIONS FAMILIALES D ILLE ET VILAINE;CAF 35;;;services;['Prix 40 %', 'Valeur technique 54 %\nPerformance en matière de Développement Durable 6 %'];['prix', 'environnemental'];[40.0, 54.0, 6.0];1095.0;True;;False;;sans remise en concurrence;;26-87326;;;;LOT-0004;80500000;1153000.0;41;5.0;;Mise en place de sessions de formations professionnelles au profit des agents de Caisses d'Allocations Familiales adhérentes à l'EGOC;ouverte;AC-PA-03-2026;;;;True;False;False;;8110.0;Régime général de la Sécurité Sociale;250  à  499;<NA>;1900-01-01;84.30C;2008;1000.0;Entrepreneur individuel;;<NA>;<NA>;2008;M;70;70.2;70.22;70.22Z;2003-04-01;;Nantes;Loire-Atlantique;Pays de la Loire;(48.10528, -1.676035);Rennes;Ille-et-Vilaine;Bretagne;;;;;;;;
False;['80511000'];;False;True;False;attribue;"{'StreetName': ""17-19 place de l'Argonne"", 'AdditionalStreetName': None, 'CityName': 'PARIS', 'PostalZone': '75019', 'Country': 'FRA'}";815158712;True;INSTITUT NATIONAL DE FORMATION;INF Institut 4.10;2026-09-10;{'StreetName': 'Cours des Alliés', 'AdditionalStreetName': None, 'CityName': 'RENNES', 'PostalZone': '35028', 'Country': 'FRA'};777749375;False;CAISSE D ALLOCATIONS FAMILIALES D ILLE ET VILAINE;CAF 35;;;services;['Prix 40 %', 'Valeur technique 54 %\nPerformance en matière de Développement Durable 6 %'];['prix', 'environnemental'];[40.0, 54.0, 6.0];1095.0;True;;False;;sans remise en concurrence;;26-87326;;;;LOT-0004;80500000;1153000.0;41;5.0;;Mise en place de sessions de formations professionnelles au profit des agents de Caisses d'Allocations Familiales adhérentes à l'EGOC;ouverte;AC-PA-03-2026;;;;True;False;False;;8110.0;Régime général de la Sécurité Sociale;250  à  499;<NA>;1900-01-01;84.30C;2008;8110.0;Régime général de la Sécurité Sociale;250  à  499;True;<NA>;2008;P;85;85.5;85.59;85.59A;2016-01-01;(48.893485, 2.382828);Paris;Paris;Île-de-France;(48.10528, -1.676035);Rennes;Ille-et-Vilaine;Bretagne;;;;;;;;
False;['80511000'];;False;True;False;attribue;{'StreetName': None, 'AdditionalStreetName': None, 'CityName': 'LE MANS', 'PostalZone': '72000', 'Country': 'FRA'};751084088;True;<NA>;AUDEO - Caroline CHEVALLIER MAILLARD;2026-09-10;{'StreetName': 'Cours des Alliés', 'AdditionalStreetName': None, 'CityName': 'RENNES', 'PostalZone': '35028', 'Country': 'FRA'};777749375;False;CAISSE D ALLOCATIONS FAMILIALES D ILLE ET VILAINE;CAF 35;;;services;['Prix 40 %', 'Valeur technique 54 %\nPerformance en matière de Développement Durable 6 %'];['prix', 'environnemental'];[40.0, 54.0, 6.0];1095.0;True;;False;;sans remise en concurrence;;26-87326;;;;LOT-0004;80500000;1153000.0;41;5.0;;Mise en place de sessions de formations professionnelles au profit des agents de Caisses d'Allocations Familiales adhérentes à l'EGOC;ouverte;AC-PA-03-2026;;;;True;False;False;;8110.0;Régime général de la Sécurité Sociale;250  à  499;<NA>;1900-01-01;84.30C;2008;1000.0;Entrepreneur individuel;;<NA>;<NA>;2008;P;85;85.5;85.59;85.59A;2012-04-15;;Le Mans;Sarthe;Pays de la Loire;(48.10528, -1.676035);Rennes;Ille-et-Vilaine;Bretagne;;;;;;;;
False;['80511000'];;False;True;False;attribue;{'StreetName': None, 'AdditionalStreetName': None, 'CityName': 'NANTES', 'PostalZone': '44000', 'Country': 'FRA'};447646753;True;<NA>;OMECOM - Catherine VIGNERON NICOLLE;2026-09-10;{'StreetName': 'Cours des Alliés', 'AdditionalStreetName': None, 'CityName': 'RENNES', 'PostalZone': '35028', 'Country': 'FRA'};777749375;False;CAISSE D ALLOCATIONS FAMILIALES D ILLE ET VILAINE;CAF 35;;;services;['Prix 40 %', 'Valeur technique 54 %\nPerformance en matière de Développement Durable 6 %'];['prix', 'environnemental'];[40.0, 54.0, 6.0];1095.0;True;;False;;sans remise en concurrence;;26-87326;;;;LOT-0004;80500000;1153000.0;41;5.0;;Mise en place de sessions de formations professionnelles au profit des agents de Caisses d'Allocations Familiales adhérentes à l'EGOC;ouverte;AC-PA-03-2026;;;;True;False;False;;8110.0;Régime général de la Sécurité Sociale;250  à  499;<NA>;1900-01-01;84.30C;2008;1000.0;Entrepreneur individuel;;<NA>;<NA>;2008;M;70;70.2;70.22;70.22Z;2003-04-01;;Nantes;Loire-Atlantique;Pays de la Loire;(48.10528, -1.676035);Rennes;Ille-et-Vilaine;Bretagne;;;;;;;;
False;['80511000'];;False;True;False;attribue;"{'StreetName': ""17-19 place de l'Argonne"", 'AdditionalStreetName': None, 'CityName': 'PARIS', 'PostalZone': '75019', 'Country': 'FRA'}";815158712;True;INSTITUT NATIONAL DE FORMATION;INF Institut 4.10;2026-09-10;{'StreetName': 'Cours des Alliés', 'AdditionalStreetName': None, 'CityName': 'RENNES', 'PostalZone': '35028', 'Country': 'FRA'};777749375;False;CAISSE D ALLOCATIONS FAMILIALES D ILLE ET VILAINE;CAF 35;;;services;['Prix 40 %', 'Valeur technique 54 %\nPerformance en matière de Développement Durable 6 %'];['prix', 'environnemental'];[40.0, 54.0, 6.0];1095.0;True;;False;;sans remise en concurrence;;26-87326;;;;LOT-0004;80500000;1153000.0;41;5.0;;Mise en place de sessions de formations professionnelles au profit des agents de Caisses d'Allocations Familiales adhérentes à l'EGOC;ouverte;AC-PA-03-2026;;;;True;False;False;;8110.0;Régime général de la Sécurité Sociale;250  à  499;<NA>;1900-01-01;84.30C;2008;8110.0;Régime général de la Sécurité Sociale;250  à  499;True;<NA>;2008;P;85;85.5;85.59;85.59A;2016-01-01;(48.893485, 2.382828);Paris;Paris;Île-de-France;(48.10528, -1.676035);Rennes;Ille-et-Vilaine;Bretagne;;;;;;;;
False;['80511000'];;False;True;False;attribue;{'StreetName': None, 'AdditionalStreetName': None, 'CityName': 'LE MANS', 'PostalZone': '72000', 'Country': 'FRA'};751084088;True;<NA>;AUDEO - Caroline CHEVALLIER MAILLARD;2026-09-10;{'StreetName': 'Cours des Alliés', 'AdditionalStreetName': None, 'CityName': 'RENNES', 'PostalZone': '35028', 'Country': 'FRA'};777749375;False;CAISSE D ALLOCATIONS FAMILIALES D ILLE ET VILAINE;CAF 35;;;services;['Prix 40 %', 'Valeur technique 54 %\nPerformance en matière de Développement Durable 6 %'];['prix', 'environnemental'];[40.0, 54.0, 6.0];1095.0;True;;False;;sans remise en concurrence;;26-87326;;;;LOT-0004;80500000;1153000.0;41;5.0;;Mise en place de sessions de formations professionnelles au profit des agents de Caisses d'Allocations Familiales adhérentes à l'EGOC;ouverte;AC-PA-03-2026;;;;True;False;False;;8110.0;Régime général de la Sécurité Sociale;250  à  499;<NA>;1900-01-01;84.30C;2008;1000.0;Entrepreneur individuel;;<NA>;<NA>;2008;P;85;85.5;85.59;85.59A;2012-04-15;;Le Mans;Sarthe;Pays de la Loire;(48.10528, -1.676035);Rennes;Ille-et-Vilaine;Bretagne;;;;;;;;
False;['80511000'];;False;True;False;attribue;{'StreetName': None, 'AdditionalStreetName': None, 'CityName': 'NANTES', 'PostalZone': '44000', 'Country': 'FRA'};447646753;True;<NA>;OMECOM - Catherine VIGNERON NICOLLE;2026-09-10;{'StreetName': 'Cours des Alliés', 'AdditionalStreetName': None, 'CityName': 'RENNES', 'PostalZone': '35028', 'Country': 'FRA'};777749375;False;CAISSE D ALLOCATIONS FAMILIALES D ILLE ET VILAINE;CAF 35;;;services;['Prix 40 %', 'Valeur technique 54 %\nPerformance en matière de Développement Durable 6 %'];['prix', 'environnemental'];[40.0, 54.0, 6.0];1095.0;True;;False;;sans remise en concurrence;;26-87326;;;;LOT-0004;80500000;1153000.0;41;5.0;;Mise en place de sessions de formations professionnelles au profit des agents de Caisses d'Allocations Familiales adhérentes à l'EGOC;ouverte;AC-PA-03-2026;;;;True;False;False;;8110.0;Régime général de la Sécurité Sociale;250  à  499;<NA>;1900-01-01;84.30C;2008;1000.0;Entrepreneur individuel;;<NA>;<NA>;2008;M;70;70.2;70.22;70.22Z;2003-04-01;;Nantes;Loire-Atlantique;Pays de la Loire;(48.10528, -1.676035);Rennes;Ille-et-Vilaine;Bretagne;;;;;;;;
False;['80511000'];;False;True;False;attribue;"{'StreetName': ""17-19 place de l'Argonne"", 'AdditionalStreetName': None, 'CityName': 'PARIS', 'PostalZone': '75019', 'Country': 'FRA'}";815158712;True;INSTITUT NATIONAL DE FORMATION;INF Institut 4.10;2026-09-10;{'StreetName': 'Cours des Alliés', 'AdditionalStreetName': None, 'CityName': 'RENNES', 'PostalZone': '35028', 'Country': 'FRA'};777749375;False;CAISSE D ALLOCATIONS FAMILIALES D ILLE ET VILAINE;CAF 35;;;services;['Prix 40 %', 'Valeur technique 54 %\nPerformance en matière de Développement Durable 6 %'];['prix', 'environnemental'];[40.0, 54.0, 6.0];1095.0;True;;False;;sans remise en concurrence;;26-87326;;;;LOT-0004;80500000;1153000.0;41;5.0;;Mise en place de sessions de formations professionnelles au profit des agents de Caisses d'Allocations Familiales adhérentes à l'EGOC;ouverte;AC-PA-03-2026;;;;True;False;False;;8110.0;Régime général de la Sécurité Sociale;250  à  499;<NA>;1900-01-01;84.30C;2008;8110.0;Régime général de la Sécurité Sociale;250  à  499;True;<NA>;2008;P;85;85.5;85.59;85.59A;2016-01-01;(48.893485, 2.382828);Paris;Paris;Île-de-France;(48.10528, -1.676035);Rennes;Ille-et-Vilaine;Bretagne;;;;;;;;
False;['80511000'];;False;True;False;attribue;{'StreetName': None, 'AdditionalStreetName': None, 'CityName': 'LENS', 'PostalZone': '62300', 'Country': 'FRA'};824395396;True;COOPCONNEXION;COOPCONNEXION;2026-09-10;{'StreetName': 'Cours des Alliés', 'AdditionalStreetName': None, 'CityName': 'RENNES', 'PostalZone': '35028', 'Country': 'FRA'};777749375;False;CAISSE D ALLOCATIONS FAMILIALES D ILLE ET VILAINE;CAF 35;;;services;['Prix 40 %', 'Valeur technique 54 %\nPerformance en matière de Développement Durable 6 %'];['prix', 'environnemental'];[40.0, 54.0, 6.0];1095.0;True;;False;;sans remise en concurrence;;26-87326;;;;LOT-0005;80500000;1153000.0;41;8.0;;Mise en place de sessions de formations professionnelles au profit des agents de Caisses d'Allocations Familiales adhérentes à l'EGOC;ouverte;AC-PA-03-2026;;;;True;False;False;;8110.0;Régime général de la Sécurité Sociale;250  à  499;<NA>;1900-01-01;84.30C;2008;5710.0;SAS, société par actions simplifiée;20  à  49;False;<NA>;2008;N;82;82.9;82.99;82.99Z;2016-12-06;;Lens;Pas-de-Calais;Hauts-de-France;(48.10528, -1.676035);Rennes;Ille-et-Vilaine;Bretagne;;;;;;;;
False;['80511000'];;False;True;False;attribue;{'StreetName': None, 'AdditionalStreetName': None, 'CityName': 'LE MANS', 'PostalZone': '72000', 'Country': 'FRA'};751084088;True;<NA>;AUDEO - Caroline CHEVALLIER MAILLARD;2026-09-10;{'StreetName': 'Cours des Alliés', 'AdditionalStreetName': None, 'CityName': 'RENNES', 'PostalZone': '35028', 'Country': 'FRA'};777749375;False;CAISSE D ALLOCATIONS FAMILIALES D ILLE ET VILAINE;CAF 35;;;services;['Prix 40 %', 'Valeur technique 54 %\nPerformance en matière de Développement Durable 6 %'];['prix', 'environnemental'];[40.0, 54.0, 6.0];1095.0;True;;False;;sans remise en concurrence;;26-87326;;;;LOT-0005;80500000;1153000.0;41;8.0;;Mise en place de sessions de formations professionnelles au profit des agents de Caisses d'Allocations Familiales adhérentes à l'EGOC;ouverte;AC-PA-03-2026;;;;True;False;False;;8110.0;Régime général de la Sécurité Sociale;250  à  499;<NA>;1900-01-01;84.30C;2008;1000.0;Entrepreneur individuel;;<NA>;<NA>;2008;P;85;85.5;85.59;85.59A;2012-04-15;;Le Mans;Sarthe;Pays de la Loire;(48.10528, -1.676035);Rennes;Ille-et-Vilaine;Bretagne;;;;;;;;
False;['80511000'];;False;True;False;attribue;{'StreetName': None, 'AdditionalStreetName': None, 'CityName': 'MOULINS LE CARBONNEL', 'PostalZone': '72130', 'Country': 'FRA'};443708375;True;G.C.R. FORMATION;GCR FORMATION;2026-09-10;{'StreetName': 'Cours des Alliés', 'AdditionalStreetName': None, 'CityName': 'RENNES', 'PostalZone': '35028', 'Country': 'FRA'};777749375;False;CAISSE D ALLOCATIONS FAMILIALES D ILLE ET VILAINE;CAF 35;;;services;['Prix 40 %', 'Valeur technique 54 %\nPerformance en matière de Développement Durable 6 %'];['prix', 'environnemental'];[40.0, 54.0, 6.0];1095.0;True;;False;;sans remise en concurrence;;26-87326;;;;LOT-0005;80500000;1153000.0;41;8.0;;Mise en place de sessions de formations professionnelles au profit des agents de Caisses d'Allocations Familiales adhérentes à l'EGOC;ouverte;AC-PA-03-2026;;;;True;False;False;;8110.0;Régime général de la Sécurité Sociale;250  à  499;<NA>;1900-01-01;84.30C;2008;5710.0;SAS, société par actions simplifiée;10  à  19;False;<NA>;2008;P;85;85.5;85.59;85.59A;2002-09-01;;Moulins-le-Carbonnel;Sarthe;Pays de la Loire;(48.10528, -1.676035);Rennes;Ille-et-Vilaine;Bretagne;;;;;;;;
False;['80511000'];;False;True;False;attribue;{'StreetName': None, 'AdditionalStreetName': None, 'CityName': 'LENS', 'PostalZone': '62300', 'Country': 'FRA'};824395396;True;COOPCONNEXION;COOPCONNEXION;2026-09-10;{'StreetName': 'Cours des Alliés', 'AdditionalStreetName': None, 'CityName': 'RENNES', 'PostalZone': '35028', 'Country': 'FRA'};777749375;False;CAISSE D ALLOCATIONS FAMILIALES D ILLE ET VILAINE;CAF 35;;;services;['Prix 40 %', 'Valeur technique 54 %\nPerformance en matière de Développement Durable 6 %'];['prix', 'environnemental'];[40.0, 54.0, 6.0];1095.0;True;;False;;sans remise en concurrence;;26-87326;;;;LOT-0005;80500000;1153000.0;41;8.0;;Mise en place de sessions de formations professionnelles au profit des agents de Caisses d'Allocations Familiales adhérentes à l'EGOC;ouverte;AC-PA-03-2026;;;;True;False;False;;8110.0;Régime général de la Sécurité Sociale;250  à  499;<NA>;1900-01-01;84.30C;2008;5710.0;SAS, société par actions simplifiée;20  à  49;False;<NA>;2008;N;82;82.9;82.99;82.99Z;2016-12-06;;Lens;Pas-de-Calais;Hauts-de-France;(48.10528, -1.676035);Rennes;Ille-et-Vilaine;Bretagne;;;;;;;;
False;['80511000'];;False;True;False;attribue;{'StreetName': None, 'AdditionalStreetName': None, 'CityName': 'LE MANS', 'PostalZone': '72000', 'Country': 'FRA'};751084088;True;<NA>;AUDEO - Caroline CHEVALLIER MAILLARD;2026-09-10;{'StreetName': 'Cours des Alliés', 'AdditionalStreetName': None, 'CityName': 'RENNES', 'PostalZone': '35028', 'Country': 'FRA'};777749375;False;CAISSE D ALLOCATIONS FAMILIALES D ILLE ET VILAINE;CAF 35;;;services;['Prix 40 %', 'Valeur technique 54 %\nPerformance en matière de Développement Durable 6 %'];['prix', 'environnemental'];[40.0, 54.0, 6.0];1095.0;True;;False;;sans remise en concurrence;;26-87326;;;;LOT-0005;80500000;1153000.0;41;8.0;;Mise en place de sessions de formations professionnelles au profit des agents de Caisses d'Allocations Familiales adhérentes à l'EGOC;ouverte;AC-PA-03-2026;;;;True;False;False;;8110.0;Régime général de la Sécurité Sociale;250  à  499;<NA>;1900-01-01;84.30C;2008;1000.0;Entrepreneur individuel;;<NA>;<NA>;2008;P;85;85.5;85.59;85.59A;2012-04-15;;Le Mans;Sarthe;Pays de la Loire;(48.10528, -1.676035);Rennes;Ille-et-Vilaine;Bretagne;;;;;;;;
False;['80511000'];;False;True;False;attribue;{'StreetName': None, 'AdditionalStreetName': None, 'CityName': 'MOULINS LE CARBONNEL', 'PostalZone': '72130', 'Country': 'FRA'};443708375;True;G.C.R. FORMATION;GCR FORMATION;2026-09-10;{'StreetName': 'Cours des Alliés', 'AdditionalStreetName': None, 'CityName': 'RENNES', 'PostalZone': '35028', 'Country': 'FRA'};777749375;False;CAISSE D ALLOCATIONS FAMILIALES D ILLE ET VILAINE;CAF 35;;;services;['Prix 40 %', 'Valeur technique 54 %\nPerformance en matière de Développement Durable 6 %'];['prix', 'environnemental'];[40.0, 54.0, 6.0];1095.0;True;;False;;sans remise en concurrence;;26-87326;;;;LOT-0005;80500000;1153000.0;41;8.0;;Mise en place de sessions de formations professionnelles au profit des agents de Caisses d'Allocations Familiales adhérentes à l'EGOC;ouverte;AC-PA-03-2026;;;;True;False;False;;8110.0;Régime général de la Sécurité Sociale;250  à  499;<NA>;1900-01-01;84.30C;2008;5710.0;SAS, société par actions simplifiée;10  à  19;False;<NA>;2008;P;85;85.5;85.59;85.59A;2002-09-01;;Moulins-le-Carbonnel;Sarthe;Pays de la Loire;(48.10528, -1.676035);Rennes;Ille-et-Vilaine;Bretagne;;;;;;;;
False;['80511000'];;False;True;False;attribue;{'StreetName': None, 'AdditionalStreetName': None, 'CityName': 'LENS', 'PostalZone': '62300', 'Country': 'FRA'};824395396;True;COOPCONNEXION;COOPCONNEXION;2026-09-10;{'StreetName': 'Cours des Alliés', 'AdditionalStreetName': None, 'CityName': 'RENNES', 'PostalZone': '35028', 'Country': 'FRA'};777749375;False;CAISSE D ALLOCATIONS FAMILIALES D ILLE ET VILAINE;CAF 35;;;services;['Prix 40 %', 'Valeur technique 54 %\nPerformance en matière de Développement Durable 6 %'];['prix', 'environnemental'];[40.0, 54.0, 6.0];1095.0;True;;False;;sans remise en concurrence;;26-87326;;;;LOT-0005;80500000;1153000.0;41;8.0;;Mise en place de sessions de formations professionnelles au profit des agents de Caisses d'Allocations Familiales adhérentes à l'EGOC;ouverte;AC-PA-03-2026;;;;True;False;False;;8110.0;Régime général de la Sécurité Sociale;250  à  499;<NA>;1900-01-01;84.30C;2008;5710.0;SAS, société par actions simplifiée;20  à  49;False;<NA>;2008;N;82;82.9;82.99;82.99Z;2016-12-06;;Lens;Pas-de-Calais;Hauts-de-France;(48.10528, -1.676035);Rennes;Ille-et-Vilaine;Bretagne;;;;;;;;
False;['80511000'];;False;True;False;attribue;{'StreetName': None, 'AdditionalStreetName': None, 'CityName': 'LE MANS', 'PostalZone': '72000', 'Country': 'FRA'};751084088;True;<NA>;AUDEO - Caroline CHEVALLIER MAILLARD;2026-09-10;{'StreetName': 'Cours des Alliés', 'AdditionalStreetName': None, 'CityName': 'RENNES', 'PostalZone': '35028', 'Country': 'FRA'};777749375;False;CAISSE D ALLOCATIONS FAMILIALES D ILLE ET VILAINE;CAF 35;;;services;['Prix 40 %', 'Valeur technique 54 %\nPerformance en matière de Développement Durable 6 %'];['prix', 'environnemental'];[40.0, 54.0, 6.0];1095.0;True;;False;;sans remise en concurrence;;26-87326;;;;LOT-0005;80500000;1153000.0;41;8.0;;Mise en place de sessions de formations professionnelles au profit des agents de Caisses d'Allocations Familiales adhérentes à l'EGOC;ouverte;AC-PA-03-2026;;;;True;False;False;;8110.0;Régime général de la Sécurité Sociale;250  à  499;<NA>;1900-01-01;84.30C;2008;1000.0;Entrepreneur individuel;;<NA>;<NA>;2008;P;85;85.5;85.59;85.59A;2012-04-15;;Le Mans;Sarthe;Pays de la Loire;(48.10528, -1.676035);Rennes;Ille-et-Vilaine;Bretagne;;;;;;;;
False;['80511000'];;False;True;False;attribue;{'StreetName': None, 'AdditionalStreetName': None, 'CityName': 'MOULINS LE CARBONNEL', 'PostalZone': '72130', 'Country': 'FRA'};443708375;True;G.C.R. FORMATION;GCR FORMATION;2026-09-10;{'StreetName': 'Cours des Alliés', 'AdditionalStreetName': None, 'CityName': 'RENNES', 'PostalZone': '35028', 'Country': 'FRA'};777749375;False;CAISSE D ALLOCATIONS FAMILIALES D ILLE ET VILAINE;CAF 35;;;services;['Prix 40 %', 'Valeur technique 54 %\nPerformance en matière de Développement Durable 6 %'];['prix', 'environnemental'];[40.0, 54.0, 6.0];1095.0;True;;False;;sans remise en concurrence;;26-87326;;;;LOT-0005;80500000;1153000.0;41;8.0;;Mise en place de sessions de formations professionnelles au profit des agents de Caisses d'Allocations Familiales adhérentes à l'EGOC;ouverte;AC-PA-03-2026;;;;True;False;False;;8110.0;Régime général de la Sécurité Sociale;250  à  499;<NA>;1900-01-01;84.30C;2008;5710.0;SAS, société par actions simplifiée;10  à  19;False;<NA>;2008;P;85;85.5;85.59;85.59A;2002-09-01;;Moulins-le-Carbonnel;Sarthe;Pays de la Loire;(48.10528, -1.676035);Rennes;Ille-et-Vilaine;Bretagne;;;;;;;;
False;['80511000'];;False;True;False;attribue;{'StreetName': None, 'AdditionalStreetName': None, 'CityName': 'SAINT PAUL', 'PostalZone': '97460', 'Country': 'FRA'};847740214;True;<NA>;Meet Your Skills (MYS) - Jean-Hervé DUPONT;2026-09-10;{'StreetName': 'Cours des Alliés', 'AdditionalStreetName': None, 'CityName': 'RENNES', 'PostalZone': '35028', 'Country': 'FRA'};777749375;False;CAISSE D ALLOCATIONS FAMILIALES D ILLE ET VILAINE;CAF 35;;;services;['Prix 40 %', 'Valeur technique 54 %\nPerformance en matière de Développement Durable 6 %'];['prix', 'environnemental'];[40.0, 54.0, 6.0];1095.0;True;;False;;sans remise en concurrence;;26-87326;;;;LOT-0006;80500000;1153000.0;41;4.0;;Mise en place de sessions de formations professionnelles au profit des agents de Caisses d'Allocations Familiales adhérentes à l'EGOC;ouverte;AC-PA-03-2026;;;;True;False;False;;8110.0;Régime général de la Sécurité Sociale;250  à  499;<NA>;1900-01-01;84.30C;2008;1000.0;Entrepreneur individuel;;<NA>;<NA>;2008;P;85;85.5;85.59;85.59A;2019-01-25;;Duclair;Seine-Maritime;Normandie;(48.10528, -1.676035);Rennes;Ille-et-Vilaine;Bretagne;;;;;;;;
False;['80511000'];;False;True;False;attribue;{'StreetName': None, 'AdditionalStreetName': None, 'CityName': 'PLAISIR', 'PostalZone': '78370', 'Country': 'FRA'};502197551;True;EXCELLENS FORMATION;EXCELLENS Formations;2026-09-10;{'StreetName': 'Cours des Alliés', 'AdditionalStreetName': None, 'CityName': 'RENNES', 'PostalZone': '35028', 'Country': 'FRA'};777749375;False;CAISSE D ALLOCATIONS FAMILIALES D ILLE ET VILAINE;CAF 35;;;services;['Prix 40 %', 'Valeur technique 54 %\nPerformance en matière de Développement Durable 6 %'];['prix', 'environnemental'];[40.0, 54.0, 6.0];1095.0;True;;False;;sans remise en concurrence;;26-87326;;;;LOT-0006;80500000;1153000.0;41;4.0;;Mise en place de sessions de formations professionnelles au profit des agents de Caisses d'Allocations Familiales adhérentes à l'EGOC;ouverte;AC-PA-03-2026;;;;True;False;False;;8110.0;Régime général de la Sécurité Sociale;250  à  499;<NA>;1900-01-01;84.30C;2008;5710.0;SAS, société par actions simplifiée;20  à  49;False;<NA>;2008;P;85;85.5;85.59;85.59A;2008-01-17;;Plaisir;Yvelines;Île-de-France;(48.10528, -1.676035);Rennes;Ille-et-Vilaine;Bretagne;;;;;;;;
False;['80511000'];;False;True;False;attribue;"{'StreetName': ""17-19 place de l'Argonne"", 'AdditionalStreetName': None, 'CityName': 'PARIS', 'PostalZone': '75019', 'Country': 'FRA'}";815158712;True;INSTITUT NATIONAL DE FORMATION;INF Institut 4.10;2026-09-10;{'StreetName': 'Cours des Alliés', 'AdditionalStreetName': None, 'CityName': 'RENNES', 'PostalZone': '35028', 'Country': 'FRA'};777749375;False;CAISSE D ALLOCATIONS FAMILIALES D ILLE ET VILAINE;CAF 35;;;services;['Prix 40 %', 'Valeur technique 54 %\nPerformance en matière de Développement Durable 6 %'];['prix', 'environnemental'];[40.0, 54.0, 6.0];1095.0;True;;False;;sans remise en concurrence;;26-87326;;;;LOT-0006;80500000;1153000.0;41;4.0;;Mise en place de sessions de formations professionnelles au profit des agents de Caisses d'Allocations Familiales adhérentes à l'EGOC;ouverte;AC-PA-03-2026;;;;True;False;False;;8110.0;Régime général de la Sécurité Sociale;250  à  499;<NA>;1900-01-01;84.30C;2008;8110.0;Régime général de la Sécurité Sociale;250  à  499;True;<NA>;2008;P;85;85.5;85.59;85.59A;2016-01-01;(48.893485, 2.382828);Paris;Paris;Île-de-France;(48.10528, -1.676035);Rennes;Ille-et-Vilaine;Bretagne;;;;;;;;
False;['80511000'];;False;True;False;attribue;{'StreetName': None, 'AdditionalStreetName': None, 'CityName': 'SAINT PAUL', 'PostalZone': '97460', 'Country': 'FRA'};847740214;True;<NA>;Meet Your Skills (MYS) - Jean-Hervé DUPONT;2026-09-10;{'StreetName': 'Cours des Alliés', 'AdditionalStreetName': None, 'CityName': 'RENNES', 'PostalZone': '35028', 'Country': 'FRA'};777749375;False;CAISSE D ALLOCATIONS FAMILIALES D ILLE ET VILAINE;CAF 35;;;services;['Prix 40 %', 'Valeur technique 54 %\nPerformance en matière de Développement Durable 6 %'];['prix', 'environnemental'];[40.0, 54.0, 6.0];1095.0;True;;False;;sans remise en concurrence;;26-87326;;;;LOT-0006;80500000;1153000.0;41;4.0;;Mise en place de sessions de formations professionnelles au profit des agents de Caisses d'Allocations Familiales adhérentes à l'EGOC;ouverte;AC-PA-03-2026;;;;True;False;False;;8110.0;Régime général de la Sécurité Sociale;250  à  499;<NA>;1900-01-01;84.30C;2008;1000.0;Entrepreneur individuel;;<NA>;<NA>;2008;P;85;85.5;85.59;85.59A;2019-01-25;;Duclair;Seine-Maritime;Normandie;(48.10528, -1.676035);Rennes;Ille-et-Vilaine;Bretagne;;;;;;;;
False;['80511000'];;False;True;False;attribue;{'StreetName': None, 'AdditionalStreetName': None, 'CityName': 'PLAISIR', 'PostalZone': '78370', 'Country': 'FRA'};502197551;True;EXCELLENS FORMATION;EXCELLENS Formations;2026-09-10;{'StreetName': 'Cours des Alliés', 'AdditionalStreetName': None, 'CityName': 'RENNES', 'PostalZone': '35028', 'Country': 'FRA'};777749375;False;CAISSE D ALLOCATIONS FAMILIALES D ILLE ET VILAINE;CAF 35;;;services;['Prix 40 %', 'Valeur technique 54 %\nPerformance en matière de Développement Durable 6 %'];['prix', 'environnemental'];[40.0, 54.0, 6.0];1095.0;True;;False;;sans remise en concurrence;;26-87326;;;;LOT-0006;80500000;1153000.0;41;4.0;;Mise en place de sessions de formations professionnelles au profit des agents de Caisses d'Allocations Familiales adhérentes à l'EGOC;ouverte;AC-PA-03-2026;;;;True;False;False;;8110.0;Régime général de la Sécurité Sociale;250  à  499;<NA>;1900-01-01;84.30C;2008;5710.0;SAS, société par actions simplifiée;20  à  49;False;<NA>;2008;P;85;85.5;85.59;85.59A;2008-01-17;;Plaisir;Yvelines;Île-de-France;(48.10528, -1.676035);Rennes;Ille-et-Vilaine;Bretagne;;;;;;;;
False;['80511000'];;False;True;False;attribue;"{'StreetName': ""17-19 place de l'Argonne"", 'AdditionalStreetName': None, 'CityName': 'PARIS', 'PostalZone': '75019', 'Country': 'FRA'}";815158712;True;INSTITUT NATIONAL DE FORMATION;INF Institut 4.10;2026-09-10;{'StreetName': 'Cours des Alliés', 'AdditionalStreetName': None, 'CityName': 'RENNES', 'PostalZone': '35028', 'Country': 'FRA'};777749375;False;CAISSE D ALLOCATIONS FAMILIALES D ILLE ET VILAINE;CAF 35;;;services;['Prix 40 %', 'Valeur technique 54 %\nPerformance en matière de Développement Durable 6 %'];['prix', 'environnemental'];[40.0, 54.0, 6.0];1095.0;True;;False;;sans remise en concurrence;;26-87326;;;;LOT-0006;80500000;1153000.0;41;4.0;;Mise en place de sessions de formations professionnelles au profit des agents de Caisses d'Allocations Familiales adhérentes à l'EGOC;ouverte;AC-PA-03-2026;;;;True;False;False;;8110.0;Régime général de la Sécurité Sociale;250  à  499;<NA>;1900-01-01;84.30C;2008;8110.0;Régime général de la Sécurité Sociale;250  à  499;True;<NA>;2008;P;85;85.5;85.59;85.59A;2016-01-01;(48.893485, 2.382828);Paris;Paris;Île-de-France;(48.10528, -1.676035);Rennes;Ille-et-Vilaine;Bretagne;;;;;;;;
False;['80511000'];;False;True;False;attribue;{'StreetName': None, 'AdditionalStreetName': None, 'CityName': 'SAINT PAUL', 'PostalZone': '97460', 'Country': 'FRA'};847740214;True;<NA>;Meet Your Skills (MYS) - Jean-Hervé DUPONT;2026-09-10;{'StreetName': 'Cours des Alliés', 'AdditionalStreetName': None, 'CityName': 'RENNES', 'PostalZone': '35028', 'Country': 'FRA'};777749375;False;CAISSE D ALLOCATIONS FAMILIALES D ILLE ET VILAINE;CAF 35;;;services;['Prix 40 %', 'Valeur technique 54 %\nPerformance en matière de Développement Durable 6 %'];['prix', 'environnemental'];[40.0, 54.0, 6.0];1095.0;True;;False;;sans remise en concurrence;;26-87326;;;;LOT-0006;80500000;1153000.0;41;4.0;;Mise en place de sessions de formations professionnelles au profit des agents de Caisses d'Allocations Familiales adhérentes à l'EGOC;ouverte;AC-PA-03-2026;;;;True;False;False;;8110.0;Régime général de la Sécurité Sociale;250  à  499;<NA>;1900-01-01;84.30C;2008;1000.0;Entrepreneur individuel;;<NA>;<NA>;2008;P;85;85.5;85.59;85.59A;2019-01-25;;Duclair;Seine-Maritime;Normandie;(48.10528, -1.676035);Rennes;Ille-et-Vilaine;Bretagne;;;;;;;;
False;['80511000'];;False;True;False;attribue;{'StreetName': None, 'AdditionalStreetName': None, 'CityName': 'PLAISIR', 'PostalZone': '78370', 'Country': 'FRA'};502197551;True;EXCELLENS FORMATION;EXCELLENS Formations;2026-09-10;{'StreetName': 'Cours des Alliés', 'AdditionalStreetName': None, 'CityName': 'RENNES', 'PostalZone': '35028', 'Country': 'FRA'};777749375;False;CAISSE D ALLOCATIONS FAMILIALES D ILLE ET VILAINE;CAF 35;;;services;['Prix 40 %', 'Valeur technique 54 %\nPerformance en matière de Développement Durable 6 %'];['prix', 'environnemental'];[40.0, 54.0, 6.0];1095.0;True;;False;;sans remise en concurrence;;26-87326;;;;LOT-0006;80500000;1153000.0;41;4.0;;Mise en place de sessions de formations professionnelles au profit des agents de Caisses d'Allocations Familiales adhérentes à l'EGOC;ouverte;AC-PA-03-2026;;;;True;False;False;;8110.0;Régime général de la Sécurité Sociale;250  à  499;<NA>;1900-01-01;84.30C;2008;5710.0;SAS, société par actions simplifiée;20  à  49;False;<NA>;2008;P;85;85.5;85.59;85.59A;2008-01-17;;Plaisir;Yvelines;Île-de-France;(48.10528, -1.676035);Rennes;Ille-et-Vilaine;Bretagne;;;;;;;;
False;['80511000'];;False;True;False;attribue;"{'StreetName': ""17-19 place de l'Argonne"", 'AdditionalStreetName': None, 'CityName': 'PARIS', 'PostalZone': '75019', 'Country': 'FRA'}";815158712;True;INSTITUT NATIONAL DE FORMATION;INF Institut 4.10;2026-09-10;{'StreetName': 'Cours des Alliés', 'AdditionalStreetName': None, 'CityName': 'RENNES', 'PostalZone': '35028', 'Country': 'FRA'};777749375;False;CAISSE D ALLOCATIONS FAMILIALES D ILLE ET VILAINE;CAF 35;;;services;['Prix 40 %', 'Valeur technique 54 %\nPerformance en matière de Développement Durable 6 %'];['prix', 'environnemental'];[40.0, 54.0, 6.0];1095.0;True;;False;;sans remise en concurrence;;26-87326;;;;LOT-0006;80500000;1153000.0;41;4.0;;Mise en place de sessions de formations professionnelles au profit des agents de Caisses d'Allocations Familiales adhérentes à l'EGOC;ouverte;AC-PA-03-2026;;;;True;False;False;;8110.0;Régime général de la Sécurité Sociale;250  à  499;<NA>;1900-01-01;84.30C;2008;8110.0;Régime général de la Sécurité Sociale;250  à  499;True;<NA>;2008;P;85;85.5;85.59;85.59A;2016-01-01;(48.893485, 2.382828);Paris;Paris;Île-de-France;(48.10528, -1.676035);Rennes;Ille-et-Vilaine;Bretagne;;;;;;;;
False;['80511000'];;False;True;False;attribue;{'StreetName': None, 'AdditionalStreetName': None, 'CityName': 'CROIX CHAPEAU', 'PostalZone': '17220', 'Country': 'FRA'};518423223;True;INTERACTIONS FORMATIONS;INTERACTIONS FORMATIONS;2026-09-10;{'StreetName': 'Cours des Alliés', 'AdditionalStreetName': None, 'CityName': 'RENNES', 'PostalZone': '35028', 'Country': 'FRA'};777749375;False;CAISSE D ALLOCATIONS FAMILIALES D ILLE ET VILAINE;CAF 35;;;services;['Prix 40 %', 'Valeur technique 54 %\nPerformance en matière de Développement Durable 6 %'];['prix', 'environnemental'];[40.0, 54.0, 6.0];1095.0;True;;False;;sans remise en concurrence;;26-87326;;;;LOT-0007;80500000;1153000.0;41;12.0;;Mise en place de sessions de formations professionnelles au profit des agents de Caisses d'Allocations Familiales adhérentes à l'EGOC;ouverte;AC-PA-03-2026;;;;True;False;False;;8110.0;Régime général de la Sécurité Sociale;250  à  499;<NA>;1900-01-01;84.30C;2008;5710.0;SAS, société par actions simplifiée;1  ou  2;False;<NA>;2008;P;85;85.5;85.59;85.59A;2009-11-16;;Croix-Chapeau;Charente-Maritime;Nouvelle-Aquitaine;(48.10528, -1.676035);Rennes;Ille-et-Vilaine;Bretagne;;;;;;;;
False;['80511000'];;False;True;False;attribue;{'StreetName': None, 'AdditionalStreetName': None, 'CityName': 'PLAISIR', 'PostalZone': '78370', 'Country': 'FRA'};502197551;True;EXCELLENS FORMATION;EXCELLENS Formations;2026-09-10;{'StreetName': 'Cours des Alliés', 'AdditionalStreetName': None, 'CityName': 'RENNES', 'PostalZone': '35028', 'Country': 'FRA'};777749375;False;CAISSE D ALLOCATIONS FAMILIALES D ILLE ET VILAINE;CAF 35;;;services;['Prix 40 %', 'Valeur technique 54 %\nPerformance en matière de Développement Durable 6 %'];['prix', 'environnemental'];[40.0, 54.0, 6.0];1095.0;True;;False;;sans remise en concurrence;;26-87326;;;;LOT-0007;80500000;1153000.0;41;12.0;;Mise en place de sessions de formations professionnelles au profit des agents de Caisses d'Allocations Familiales adhérentes à l'EGOC;ouverte;AC-PA-03-2026;;;;True;False;False;;8110.0;Régime général de la Sécurité Sociale;250  à  499;<NA>;1900-01-01;84.30C;2008;5710.0;SAS, société par actions simplifiée;20  à  49;False;<NA>;2008;P;85;85.5;85.59;85.59A;2008-01-17;;Plaisir;Yvelines;Île-de-France;(48.10528, -1.676035);Rennes;Ille-et-Vilaine;Bretagne;;;;;;;;
False;['80511000'];;False;True;False;attribue;{'StreetName': None, 'AdditionalStreetName': None, 'CityName': 'MOULINS LE CARBONNEL', 'PostalZone': '72130', 'Country': 'FRA'};443708375;True;G.C.R. FORMATION;GCR FORMATION;2026-09-10;{'StreetName': 'Cours des Alliés', 'AdditionalStreetName': None, 'CityName': 'RENNES', 'PostalZone': '35028', 'Country': 'FRA'};777749375;False;CAISSE D ALLOCATIONS FAMILIALES D ILLE ET VILAINE;CAF 35;;;services;['Prix 40 %', 'Valeur technique 54 %\nPerformance en matière de Développement Durable 6 %'];['prix', 'environnemental'];[40.0, 54.0, 6.0];1095.0;True;;False;;sans remise en concurrence;;26-87326;;;;LOT-0007;80500000;1153000.0;41;12.0;;Mise en place de sessions de formations professionnelles au profit des agents de Caisses d'Allocations Familiales adhérentes à l'EGOC;ouverte;AC-PA-03-2026;;;;True;False;False;;8110.0;Régime général de la Sécurité Sociale;250  à  499;<NA>;1900-01-01;84.30C;2008;5710.0;SAS, société par actions simplifiée;10  à  19;False;<NA>;2008;P;85;85.5;85.59;85.59A;2002-09-01;;Moulins-le-Carbonnel;Sarthe;Pays de la Loire;(48.10528, -1.676035);Rennes;Ille-et-Vilaine;Bretagne;;;;;;;;
False;['80511000'];;False;True;False;attribue;{'StreetName': None, 'AdditionalStreetName': None, 'CityName': 'CROIX CHAPEAU', 'PostalZone': '17220', 'Country': 'FRA'};518423223;True;INTERACTIONS FORMATIONS;INTERACTIONS FORMATIONS;2026-09-10;{'StreetName': 'Cours des Alliés', 'AdditionalStreetName': None, 'CityName': 'RENNES', 'PostalZone': '35028', 'Country': 'FRA'};777749375;False;CAISSE D ALLOCATIONS FAMILIALES D ILLE ET VILAINE;CAF 35;;;services;['Prix 40 %', 'Valeur technique 54 %\nPerformance en matière de Développement Durable 6 %'];['prix', 'environnemental'];[40.0, 54.0, 6.0];1095.0;True;;False;;sans remise en concurrence;;26-87326;;;;LOT-0007;80500000;1153000.0;41;12.0;;Mise en place de sessions de formations professionnelles au profit des agents de Caisses d'Allocations Familiales adhérentes à l'EGOC;ouverte;AC-PA-03-2026;;;;True;False;False;;8110.0;Régime général de la Sécurité Sociale;250  à  499;<NA>;1900-01-01;84.30C;2008;5710.0;SAS, société par actions simplifiée;1  ou  2;False;<NA>;2008;P;85;85.5;85.59;85.59A;2009-11-16;;Croix-Chapeau;Charente-Maritime;Nouvelle-Aquitaine;(48.10528, -1.676035);Rennes;Ille-et-Vilaine;Bretagne;;;;;;;;
False;['80511000'];;False;True;False;attribue;{'StreetName': None, 'AdditionalStreetName': None, 'CityName': 'PLAISIR', 'PostalZone': '78370', 'Country': 'FRA'};502197551;True;EXCELLENS FORMATION;EXCELLENS Formations;2026-09-10;{'StreetName': 'Cours des Alliés', 'AdditionalStreetName': None, 'CityName': 'RENNES', 'PostalZone': '35028', 'Country': 'FRA'};777749375;False;CAISSE D ALLOCATIONS FAMILIALES D ILLE ET VILAINE;CAF 35;;;services;['Prix 40 %', 'Valeur technique 54 %\nPerformance en matière de Développement Durable 6 %'];['prix', 'environnemental'];[40.0, 54.0, 6.0];1095.0;True;;False;;sans remise en concurrence;;26-87326;;;;LOT-0007;80500000;1153000.0;41;12.0;;Mise en place de sessions de formations professionnelles au profit des agents de Caisses d'Allocations Familiales adhérentes à l'EGOC;ouverte;AC-PA-03-2026;;;;True;False;False;;8110.0;Régime général de la Sécurité Sociale;250  à  499;<NA>;1900-01-01;84.30C;2008;5710.0;SAS, société par actions simplifiée;20  à  49;False;<NA>;2008;P;85;85.5;85.59;85.59A;2008-01-17;;Plaisir;Yvelines;Île-de-France;(48.10528, -1.676035);Rennes;Ille-et-Vilaine;Bretagne;;;;;;;;
False;['80511000'];;False;True;False;attribue;{'StreetName': None, 'AdditionalStreetName': None, 'CityName': 'MOULINS LE CARBONNEL', 'PostalZone': '72130', 'Country': 'FRA'};443708375;True;G.C.R. FORMATION;GCR FORMATION;2026-09-10;{'StreetName': 'Cours des Alliés', 'AdditionalStreetName': None, 'CityName': 'RENNES', 'PostalZone': '35028', 'Country': 'FRA'};777749375;False;CAISSE D ALLOCATIONS FAMILIALES D ILLE ET VILAINE;CAF 35;;;services;['Prix 40 %', 'Valeur technique 54 %\nPerformance en matière de Développement Durable 6 %'];['prix', 'environnemental'];[40.0, 54.0, 6.0];1095.0;True;;False;;sans remise en concurrence;;26-87326;;;;LOT-0007;80500000;1153000.0;41;12.0;;Mise en place de sessions de formations professionnelles au profit des agents de Caisses d'Allocations Familiales adhérentes à l'EGOC;ouverte;AC-PA-03-2026;;;;True;False;False;;8110.0;Régime général de la Sécurité Sociale;250  à  499;<NA>;1900-01-01;84.30C;2008;5710.0;SAS, société par actions simplifiée;10  à  19;False;<NA>;2008;P;85;85.5;85.59;85.59A;2002-09-01;;Moulins-le-Carbonnel;Sarthe;Pays de la Loire;(48.10528, -1.676035);Rennes;Ille-et-Vilaine;Bretagne;;;;;;;;
False;['80511000'];;False;True;False;attribue;{'StreetName': None, 'AdditionalStreetName': None, 'CityName': 'CROIX CHAPEAU', 'PostalZone': '17220', 'Country': 'FRA'};518423223;True;INTERACTIONS FORMATIONS;INTERACTIONS FORMATIONS;2026-09-10;{'StreetName': 'Cours des Alliés', 'AdditionalStreetName': None, 'CityName': 'RENNES', 'PostalZone': '35028', 'Country': 'FRA'};777749375;False;CAISSE D ALLOCATIONS FAMILIALES D ILLE ET VILAINE;CAF 35;;;services;['Prix 40 %', 'Valeur technique 54 %\nPerformance en matière de Développement Durable 6 %'];['prix', 'environnemental'];[40.0, 54.0, 6.0];1095.0;True;;False;;sans remise en concurrence;;26-87326;;;;LOT-0007;80500000;1153000.0;41;12.0;;Mise en place de sessions de formations professionnelles au profit des agents de Caisses d'Allocations Familiales adhérentes à l'EGOC;ouverte;AC-PA-03-2026;;;;True;False;False;;8110.0;Régime général de la Sécurité Sociale;250  à  499;<NA>;1900-01-01;84.30C;2008;5710.0;SAS, société par actions simplifiée;1  ou  2;False;<NA>;2008;P;85;85.5;85.59;85.59A;2009-11-16;;Croix-Chapeau;Charente-Maritime;Nouvelle-Aquitaine;(48.10528, -1.676035);Rennes;Ille-et-Vilaine;Bretagne;;;;;;;;
False;['80511000'];;False;True;False;attribue;{'StreetName': None, 'AdditionalStreetName': None, 'CityName': 'PLAISIR', 'PostalZone': '78370', 'Country': 'FRA'};502197551;True;EXCELLENS FORMATION;EXCELLENS Formations;2026-09-10;{'StreetName': 'Cours des Alliés', 'AdditionalStreetName': None, 'CityName': 'RENNES', 'PostalZone': '35028', 'Country': 'FRA'};777749375;False;CAISSE D ALLOCATIONS FAMILIALES D ILLE ET VILAINE;CAF 35;;;services;['Prix 40 %', 'Valeur technique 54 %\nPerformance en matière de Développement Durable 6 %'];['prix', 'environnemental'];[40.0, 54.0, 6.0];1095.0;True;;False;;sans remise en concurrence;;26-87326;;;;LOT-0007;80500000;1153000.0;41;12.0;;Mise en place de sessions de formations professionnelles au profit des agents de Caisses d'Allocations Familiales adhérentes à l'EGOC;ouverte;AC-PA-03-2026;;;;True;False;False;;8110.0;Régime général de la Sécurité Sociale;250  à  499;<NA>;1900-01-01;84.30C;2008;5710.0;SAS, société par actions simplifiée;20  à  49;False;<NA>;2008;P;85;85.5;85.59;85.59A;2008-01-17;;Plaisir;Yvelines;Île-de-France;(48.10528, -1.676035);Rennes;Ille-et-Vilaine;Bretagne;;;;;;;;
False;['80511000'];;False;True;False;attribue;{'StreetName': None, 'AdditionalStreetName': None, 'CityName': 'MOULINS LE CARBONNEL', 'PostalZone': '72130', 'Country': 'FRA'};443708375;True;G.C.R. FORMATION;GCR FORMATION;2026-09-10;{'StreetName': 'Cours des Alliés', 'AdditionalStreetName': None, 'CityName': 'RENNES', 'PostalZone': '35028', 'Country': 'FRA'};777749375;False;CAISSE D ALLOCATIONS FAMILIALES D ILLE ET VILAINE;CAF 35;;;services;['Prix 40 %', 'Valeur technique 54 %\nPerformance en matière de Développement Durable 6 %'];['prix', 'environnemental'];[40.0, 54.0, 6.0];1095.0;True;;False;;sans remise en concurrence;;26-87326;;;;LOT-0007;80500000;1153000.0;41;12.0;;Mise en place de sessions de formations professionnelles au profit des agents de Caisses d'Allocations Familiales adhérentes à l'EGOC;ouverte;AC-PA-03-2026;;;;True;False;False;;8110.0;Régime général de la Sécurité Sociale;250  à  499;<NA>;1900-01-01;84.30C;2008;5710.0;SAS, société par actions simplifiée;10  à  19;False;<NA>;2008;P;85;85.5;85.59;85.59A;2002-09-01;;Moulins-le-Carbonnel;Sarthe;Pays de la Loire;(48.10528, -1.676035);Rennes;Ille-et-Vilaine;Bretagne;;;;;;;;
False;['80511000'];;False;True;False;non attribue;;;False;;;2026-09-10;{'StreetName': 'Cours des Alliés', 'AdditionalStreetName': None, 'CityName': 'RENNES', 'PostalZone': '35028', 'Country': 'FRA'};777749375;False;CAISSE D ALLOCATIONS FAMILIALES D ILLE ET VILAINE;CAF 35;;;services;['Prix 40 %', 'Valeur technique 54 %\nPerformance en matière de Développement Durable 6 %'];['prix', 'environnemental'];[40.0, 54.0, 6.0];1095.0;True;;False;{'StreetName': None, 'CityName': None, 'PostalZone': None, 'NUTS': 'FRH03', 'Country': 'FRA'};sans remise en concurrence;;26-87326;;;;LOT-0008;80500000;1153000.0;41;6.0;;Mise en place de sessions de formations professionnelles au profit des agents de Caisses d'Allocations Familiales adhérentes à l'EGOC;ouverte;AC-PA-03-2026;;;;True;False;False;;8110.0;Régime général de la Sécurité Sociale;250  à  499;<NA>;1900-01-01;84.30C;2008;;;;;;<NA>;;;;;<NA>;<NA>;;;;;(48.10528, -1.676035);Rennes;Ille-et-Vilaine;Bretagne;;;;;;;;
False;['80511000'];;False;True;False;attribue;{'StreetName': None, 'AdditionalStreetName': None, 'CityName': 'CESSON SEVIGNE', 'PostalZone': '35510', 'Country': 'FRA'};822555298;True;ANITYA CONSEIL;ANITYA Conseil;2026-09-10;{'StreetName': 'Cours des Alliés', 'AdditionalStreetName': None, 'CityName': 'RENNES', 'PostalZone': '35028', 'Country': 'FRA'};777749375;False;CAISSE D ALLOCATIONS FAMILIALES D ILLE ET VILAINE;CAF 35;;;services;['Prix 40 %', 'Valeur technique 54 %\nPerformance en matière de Développement Durable 6 %'];['prix', 'environnemental'];[40.0, 54.0, 6.0];1095.0;True;;False;;sans remise en concurrence;;26-87326;;;;LOT-0009;80500000;1153000.0;41;13.0;;Mise en place de sessions de formations professionnelles au profit des agents de Caisses d'Allocations Familiales adhérentes à l'EGOC;ouverte;AC-PA-03-2026;;;;True;False;False;;8110.0;Régime général de la Sécurité Sociale;250  à  499;<NA>;1900-01-01;84.30C;2008;5710.0;SAS, société par actions simplifiée;1  ou  2;<NA>;<NA>;2008;M;70;70.2;70.22;70.22Z;2016-09-15;;Cesson-Sévigné;Ille-et-Vilaine;Bretagne;(48.10528, -1.676035);Rennes;Ille-et-Vilaine;Bretagne;;;;;;;;
False;['80511000'];;False;True;False;attribue;{'StreetName': None, 'AdditionalStreetName': None, 'CityName': 'SAINT HERBLAIN', 'PostalZone': '44800', 'Country': 'FRA'};929248425;True;DECIL;DECIL;2026-09-10;{'StreetName': 'Cours des Alliés', 'AdditionalStreetName': None, 'CityName': 'RENNES', 'PostalZone': '35028', 'Country': 'FRA'};777749375;False;CAISSE D ALLOCATIONS FAMILIALES D ILLE ET VILAINE;CAF 35;;;services;['Prix 40 %', 'Valeur technique 54 %\nPerformance en matière de Développement Durable 6 %'];['prix', 'environnemental'];[40.0, 54.0, 6.0];1095.0;True;;False;;sans remise en concurrence;;26-87326;;;;LOT-0009;80500000;1153000.0;41;13.0;;Mise en place de sessions de formations professionnelles au profit des agents de Caisses d'Allocations Familiales adhérentes à l'EGOC;ouverte;AC-PA-03-2026;;;;True;False;False;;8110.0;Régime général de la Sécurité Sociale;250  à  499;<NA>;1900-01-01;84.30C;2008;5499.0;Société à responsabilité limitée (sans autre indication);;False;False;2008;M;70;70.2;70.22;70.22Z;2024-05-27;;Saint-Herblain;Loire-Atlantique;Pays de la Loire;(48.10528, -1.676035);Rennes;Ille-et-Vilaine;Bretagne;;;;;;;;
False;['80511000'];;False;True;False;attribue;{'StreetName': None, 'AdditionalStreetName': None, 'CityName': 'NANTES', 'PostalZone': '44100', 'Country': 'FRA'};908517907;True;MOTIVALLIANCE;MOTIVALLIANCE GIE;2026-09-10;{'StreetName': 'Cours des Alliés', 'AdditionalStreetName': None, 'CityName': 'RENNES', 'PostalZone': '35028', 'Country': 'FRA'};777749375;False;CAISSE D ALLOCATIONS FAMILIALES D ILLE ET VILAINE;CAF 35;;;services;['Prix 40 %', 'Valeur technique 54 %\nPerformance en matière de Développement Durable 6 %'];['prix', 'environnemental'];[40.0, 54.0, 6.0];1095.0;True;;False;;sans remise en concurrence;;26-87326;;;;LOT-0009;80500000;1153000.0;41;13.0;;Mise en place de sessions de formations professionnelles au profit des agents de Caisses d'Allocations Familiales adhérentes à l'EGOC;ouverte;AC-PA-03-2026;;;;True;False;False;;8110.0;Régime général de la Sécurité Sociale;250  à  499;<NA>;1900-01-01;84.30C;2008;6220.0;Groupement d'intérêt économique (GIE) ;;False;<NA>;2008;M;70;70.2;70.22;70.22Z;2021-12-01;;Nantes;Loire-Atlantique;Pays de la Loire;(48.10528, -1.676035);Rennes;Ille-et-Vilaine;Bretagne;;;;;;;;
False;['80511000'];;False;True;False;attribue;{'StreetName': None, 'AdditionalStreetName': None, 'CityName': 'SAINT NOLF', 'PostalZone': '56270', 'Country': 'FRA'};422844324;True;DIDALYSE;DIDALYSE;2026-09-10;{'StreetName': 'Cours des Alliés', 'AdditionalStreetName': None, 'CityName': 'RENNES', 'PostalZone': '35028', 'Country': 'FRA'};777749375;False;CAISSE D ALLOCATIONS FAMILIALES D ILLE ET VILAINE;CAF 35;;;services;['Prix 40 %', 'Valeur technique 54 %\nPerformance en matière de Développement Durable 6 %'];['prix', 'environnemental'];[40.0, 54.0, 6.0];1095.0;True;;False;;sans remise en concurrence;;26-87326;;;;LOT-0009;80500000;1153000.0;41;13.0;;Mise en place de sessions de formations professionnelles au profit des agents de Caisses d'Allocations Familiales adhérentes à l'EGOC;ouverte;AC-PA-03-2026;;;;True;False;False;;8110.0;Régime général de la Sécurité Sociale;250  à  499;<NA>;1900-01-01;84.30C;2008;5710.0;SAS, société par actions simplifiée;3  à  5;False;<NA>;2008;P;85;85.5;85.59;85.59A;1999-04-20;;Saint-Nolff;Morbihan;Bretagne;(48.10528, -1.676035);Rennes;Ille-et-Vilaine;Bretagne;;;;;;;;
False;['80511000'];;False;True;False;attribue;{'StreetName': None, 'AdditionalStreetName': None, 'CityName': 'CESSON SEVIGNE', 'PostalZone': '35510', 'Country': 'FRA'};822555298;True;ANITYA CONSEIL;ANITYA Conseil;2026-09-10;{'StreetName': 'Cours des Alliés', 'AdditionalStreetName': None, 'CityName': 'RENNES', 'PostalZone': '35028', 'Country': 'FRA'};777749375;False;CAISSE D ALLOCATIONS FAMILIALES D ILLE ET VILAINE;CAF 35;;;services;['Prix 40 %', 'Valeur technique 54 %\nPerformance en matière de Développement Durable 6 %'];['prix', 'environnemental'];[40.0, 54.0, 6.0];1095.0;True;;False;;sans remise en concurrence;;26-87326;;;;LOT-0009;80500000;1153000.0;41;13.0;;Mise en place de sessions de formations professionnelles au profit des agents de Caisses d'Allocations Familiales adhérentes à l'EGOC;ouverte;AC-PA-03-2026;;;;True;False;False;;8110.0;Régime général de la Sécurité Sociale;250  à  499;<NA>;1900-01-01;84.30C;2008;5710.0;SAS, société par actions simplifiée;1  ou  2;<NA>;<NA>;2008;M;70;70.2;70.22;70.22Z;2016-09-15;;Cesson-Sévigné;Ille-et-Vilaine;Bretagne;(48.10528, -1.676035);Rennes;Ille-et-Vilaine;Bretagne;;;;;;;;
False;['80511000'];;False;True;False;attribue;{'StreetName': None, 'AdditionalStreetName': None, 'CityName': 'SAINT HERBLAIN', 'PostalZone': '44800', 'Country': 'FRA'};929248425;True;DECIL;DECIL;2026-09-10;{'StreetName': 'Cours des Alliés', 'AdditionalStreetName': None, 'CityName': 'RENNES', 'PostalZone': '35028', 'Country': 'FRA'};777749375;False;CAISSE D ALLOCATIONS FAMILIALES D ILLE ET VILAINE;CAF 35;;;services;['Prix 40 %', 'Valeur technique 54 %\nPerformance en matière de Développement Durable 6 %'];['prix', 'environnemental'];[40.0, 54.0, 6.0];1095.0;True;;False;;sans remise en concurrence;;26-87326;;;;LOT-0009;80500000;1153000.0;41;13.0;;Mise en place de sessions de formations professionnelles au profit des agents de Caisses d'Allocations Familiales adhérentes à l'EGOC;ouverte;AC-PA-03-2026;;;;True;False;False;;8110.0;Régime général de la Sécurité Sociale;250  à  499;<NA>;1900-01-01;84.30C;2008;5499.0;Société à responsabilité limitée (sans autre indication);;False;False;2008;M;70;70.2;70.22;70.22Z;2024-05-27;;Saint-Herblain;Loire-Atlantique;Pays de la Loire;(48.10528, -1.676035);Rennes;Ille-et-Vilaine;Bretagne;;;;;;;;
False;['80511000'];;False;True;False;attribue;{'StreetName': None, 'AdditionalStreetName': None, 'CityName': 'NANTES', 'PostalZone': '44100', 'Country': 'FRA'};908517907;True;MOTIVALLIANCE;MOTIVALLIANCE GIE;2026-09-10;{'StreetName': 'Cours des Alliés', 'AdditionalStreetName': None, 'CityName': 'RENNES', 'PostalZone': '35028', 'Country': 'FRA'};777749375;False;CAISSE D ALLOCATIONS FAMILIALES D ILLE ET VILAINE;CAF 35;;;services;['Prix 40 %', 'Valeur technique 54 %\nPerformance en matière de Développement Durable 6 %'];['prix', 'environnemental'];[40.0, 54.0, 6.0];1095.0;True;;False;;sans remise en concurrence;;26-87326;;;;LOT-0009;80500000;1153000.0;41;13.0;;Mise en place de sessions de formations professionnelles au profit des agents de Caisses d'Allocations Familiales adhérentes à l'EGOC;ouverte;AC-PA-03-2026;;;;True;False;False;;8110.0;Régime général de la Sécurité Sociale;250  à  499;<NA>;1900-01-01;84.30C;2008;6220.0;Groupement d'intérêt économique (GIE) ;;False;<NA>;2008;M;70;70.2;70.22;70.22Z;2021-12-01;;Nantes;Loire-Atlantique;Pays de la Loire;(48.10528, -1.676035);Rennes;Ille-et-Vilaine;Bretagne;;;;;;;;
False;['80511000'];;False;True;False;attribue;{'StreetName': None, 'AdditionalStreetName': None, 'CityName': 'SAINT NOLF', 'PostalZone': '56270', 'Country': 'FRA'};422844324;True;DIDALYSE;DIDALYSE;2026-09-10;{'StreetName': 'Cours des Alliés', 'AdditionalStreetName': None, 'CityName': 'RENNES', 'PostalZone': '35028', 'Country': 'FRA'};777749375;False;CAISSE D ALLOCATIONS FAMILIALES D ILLE ET VILAINE;CAF 35;;;services;['Prix 40 %', 'Valeur technique 54 %\nPerformance en matière de Développement Durable 6 %'];['prix', 'environnemental'];[40.0, 54.0, 6.0];1095.0;True;;False;;sans remise en concurrence;;26-87326;;;;LOT-0009;80500000;1153000.0;41;13.0;;Mise en place de sessions de formations professionnelles au profit des agents de Caisses d'Allocations Familiales adhérentes à l'EGOC;ouverte;AC-PA-03-2026;;;;True;False;False;;8110.0;Régime général de la Sécurité Sociale;250  à  499;<NA>;1900-01-01;84.30C;2008;5710.0;SAS, société par actions simplifiée;3  à  5;False;<NA>;2008;P;85;85.5;85.59;85.59A;1999-04-20;;Saint-Nolff;Morbihan;Bretagne;(48.10528, -1.676035);Rennes;Ille-et-Vilaine;Bretagne;;;;;;;;
False;['80511000'];;False;True;False;attribue;{'StreetName': None, 'AdditionalStreetName': None, 'CityName': 'CESSON SEVIGNE', 'PostalZone': '35510', 'Country': 'FRA'};822555298;True;ANITYA CONSEIL;ANITYA Conseil;2026-09-10;{'StreetName': 'Cours des Alliés', 'AdditionalStreetName': None, 'CityName': 'RENNES', 'PostalZone': '35028', 'Country': 'FRA'};777749375;False;CAISSE D ALLOCATIONS FAMILIALES D ILLE ET VILAINE;CAF 35;;;services;['Prix 40 %', 'Valeur technique 54 %\nPerformance en matière de Développement Durable 6 %'];['prix', 'environnemental'];[40.0, 54.0, 6.0];1095.0;True;;False;;sans remise en concurrence;;26-87326;;;;LOT-0009;80500000;1153000.0;41;13.0;;Mise en place de sessions de formations professionnelles au profit des agents de Caisses d'Allocations Familiales adhérentes à l'EGOC;ouverte;AC-PA-03-2026;;;;True;False;False;;8110.0;Régime général de la Sécurité Sociale;250  à  499;<NA>;1900-01-01;84.30C;2008;5710.0;SAS, société par actions simplifiée;1  ou  2;<NA>;<NA>;2008;M;70;70.2;70.22;70.22Z;2016-09-15;;Cesson-Sévigné;Ille-et-Vilaine;Bretagne;(48.10528, -1.676035);Rennes;Ille-et-Vilaine;Bretagne;;;;;;;;
False;['80511000'];;False;True;False;attribue;{'StreetName': None, 'AdditionalStreetName': None, 'CityName': 'SAINT HERBLAIN', 'PostalZone': '44800', 'Country': 'FRA'};929248425;True;DECIL;DECIL;2026-09-10;{'StreetName': 'Cours des Alliés', 'AdditionalStreetName': None, 'CityName': 'RENNES', 'PostalZone': '35028', 'Country': 'FRA'};777749375;False;CAISSE D ALLOCATIONS FAMILIALES D ILLE ET VILAINE;CAF 35;;;services;['Prix 40 %', 'Valeur technique 54 %\nPerformance en matière de Développement Durable 6 %'];['prix', 'environnemental'];[40.0, 54.0, 6.0];1095.0;True;;False;;sans remise en concurrence;;26-87326;;;;LOT-0009;80500000;1153000.0;41;13.0;;Mise en place de sessions de formations professionnelles au profit des agents de Caisses d'Allocations Familiales adhérentes à l'EGOC;ouverte;AC-PA-03-2026;;;;True;False;False;;8110.0;Régime général de la Sécurité Sociale;250  à  499;<NA>;1900-01-01;84.30C;2008;5499.0;Société à responsabilité limitée (sans autre indication);;False;False;2008;M;70;70.2;70.22;70.22Z;2024-05-27;;Saint-Herblain;Loire-Atlantique;Pays de la Loire;(48.10528, -1.676035);Rennes;Ille-et-Vilaine;Bretagne;;;;;;;;
False;['80511000'];;False;True;False;attribue;{'StreetName': None, 'AdditionalStreetName': None, 'CityName': 'NANTES', 'PostalZone': '44100', 'Country': 'FRA'};908517907;True;MOTIVALLIANCE;MOTIVALLIANCE GIE;2026-09-10;{'StreetName': 'Cours des Alliés', 'AdditionalStreetName': None, 'CityName': 'RENNES', 'PostalZone': '35028', 'Country': 'FRA'};777749375;False;CAISSE D ALLOCATIONS FAMILIALES D ILLE ET VILAINE;CAF 35;;;services;['Prix 40 %', 'Valeur technique 54 %\nPerformance en matière de Développement Durable 6 %'];['prix', 'environnemental'];[40.0, 54.0, 6.0];1095.0;True;;False;;sans remise en concurrence;;26-87326;;;;LOT-0009;80500000;1153000.0;41;13.0;;Mise en place de sessions de formations professionnelles au profit des agents de Caisses d'Allocations Familiales adhérentes à l'EGOC;ouverte;AC-PA-03-2026;;;;True;False;False;;8110.0;Régime général de la Sécurité Sociale;250  à  499;<NA>;1900-01-01;84.30C;2008;6220.0;Groupement d'intérêt économique (GIE) ;;False;<NA>;2008;M;70;70.2;70.22;70.22Z;2021-12-01;;Nantes;Loire-Atlantique;Pays de la Loire;(48.10528, -1.676035);Rennes;Ille-et-Vilaine;Bretagne;;;;;;;;
False;['80511000'];;False;True;False;attribue;{'StreetName': None, 'AdditionalStreetName': None, 'CityName': 'SAINT NOLF', 'PostalZone': '56270', 'Country': 'FRA'};422844324;True;DIDALYSE;DIDALYSE;2026-09-10;{'StreetName': 'Cours des Alliés', 'AdditionalStreetName': None, 'CityName': 'RENNES', 'PostalZone': '35028', 'Country': 'FRA'};777749375;False;CAISSE D ALLOCATIONS FAMILIALES D ILLE ET VILAINE;CAF 35;;;services;['Prix 40 %', 'Valeur technique 54 %\nPerformance en matière de Développement Durable 6 %'];['prix', 'environnemental'];[40.0, 54.0, 6.0];1095.0;True;;False;;sans remise en concurrence;;26-87326;;;;LOT-0009;80500000;1153000.0;41;13.0;;Mise en place de sessions de formations professionnelles au profit des agents de Caisses d'Allocations Familiales adhérentes à l'EGOC;ouverte;AC-PA-03-2026;;;;True;False;False;;8110.0;Régime général de la Sécurité Sociale;250  à  499;<NA>;1900-01-01;84.30C;2008;5710.0;SAS, société par actions simplifiée;3  à  5;False;<NA>;2008;P;85;85.5;85.59;85.59A;1999-04-20;;Saint-Nolff;Morbihan;Bretagne;(48.10528, -1.676035);Rennes;Ille-et-Vilaine;Bretagne;;;;;;;;
False;['80511000'];;False;True;False;attribue;{'StreetName': None, 'AdditionalStreetName': None, 'CityName': 'CESSON SEVIGNE', 'PostalZone': '35510', 'Country': 'FRA'};822555298;True;ANITYA CONSEIL;ANITYA Conseil;2026-09-10;{'StreetName': 'Cours des Alliés', 'AdditionalStreetName': None, 'CityName': 'RENNES', 'PostalZone': '35028', 'Country': 'FRA'};777749375;False;CAISSE D ALLOCATIONS FAMILIALES D ILLE ET VILAINE;CAF 35;;;services;['Prix 40 %', 'Valeur technique 54 %\nPerformance en matière de Développement Durable 6 %'];['prix', 'environnemental'];[40.0, 54.0, 6.0];1095.0;True;;False;;sans remise en concurrence;;26-87326;;;;LOT-0009;80500000;1153000.0;41;13.0;;Mise en place de sessions de formations professionnelles au profit des agents de Caisses d'Allocations Familiales adhérentes à l'EGOC;ouverte;AC-PA-03-2026;;;;True;False;False;;8110.0;Régime général de la Sécurité Sociale;250  à  499;<NA>;1900-01-01;84.30C;2008;5710.0;SAS, société par actions simplifiée;1  ou  2;<NA>;<NA>;2008;M;70;70.2;70.22;70.22Z;2016-09-15;;Cesson-Sévigné;Ille-et-Vilaine;Bretagne;(48.10528, -1.676035);Rennes;Ille-et-Vilaine;Bretagne;;;;;;;;
False;['80511000'];;False;True;False;attribue;{'StreetName': None, 'AdditionalStreetName': None, 'CityName': 'SAINT HERBLAIN', 'PostalZone': '44800', 'Country': 'FRA'};929248425;True;DECIL;DECIL;2026-09-10;{'StreetName': 'Cours des Alliés', 'AdditionalStreetName': None, 'CityName': 'RENNES', 'PostalZone': '35028', 'Country': 'FRA'};777749375;False;CAISSE D ALLOCATIONS FAMILIALES D ILLE ET VILAINE;CAF 35;;;services;['Prix 40 %', 'Valeur technique 54 %\nPerformance en matière de Développement Durable 6 %'];['prix', 'environnemental'];[40.0, 54.0, 6.0];1095.0;True;;False;;sans remise en concurrence;;26-87326;;;;LOT-0009;80500000;1153000.0;41;13.0;;Mise en place de sessions de formations professionnelles au profit des agents de Caisses d'Allocations Familiales adhérentes à l'EGOC;ouverte;AC-PA-03-2026;;;;True;False;False;;8110.0;Régime général de la Sécurité Sociale;250  à  499;<NA>;1900-01-01;84.30C;2008;5499.0;Société à responsabilité limitée (sans autre indication);;False;False;2008;M;70;70.2;70.22;70.22Z;2024-05-27;;Saint-Herblain;Loire-Atlantique;Pays de la Loire;(48.10528, -1.676035);Rennes;Ille-et-Vilaine;Bretagne;;;;;;;;
False;['80511000'];;False;True;False;attribue;{'StreetName': None, 'AdditionalStreetName': None, 'CityName': 'NANTES', 'PostalZone': '44100', 'Country': 'FRA'};908517907;True;MOTIVALLIANCE;MOTIVALLIANCE GIE;2026-09-10;{'StreetName': 'Cours des Alliés', 'AdditionalStreetName': None, 'CityName': 'RENNES', 'PostalZone': '35028', 'Country': 'FRA'};777749375;False;CAISSE D ALLOCATIONS FAMILIALES D ILLE ET VILAINE;CAF 35;;;services;['Prix 40 %', 'Valeur technique 54 %\nPerformance en matière de Développement Durable 6 %'];['prix', 'environnemental'];[40.0, 54.0, 6.0];1095.0;True;;False;;sans remise en concurrence;;26-87326;;;;LOT-0009;80500000;1153000.0;41;13.0;;Mise en place de sessions de formations professionnelles au profit des agents de Caisses d'Allocations Familiales adhérentes à l'EGOC;ouverte;AC-PA-03-2026;;;;True;False;False;;8110.0;Régime général de la Sécurité Sociale;250  à  499;<NA>;1900-01-01;84.30C;2008;6220.0;Groupement d'intérêt économique (GIE) ;;False;<NA>;2008;M;70;70.2;70.22;70.22Z;2021-12-01;;Nantes;Loire-Atlantique;Pays de la Loire;(48.10528, -1.676035);Rennes;Ille-et-Vilaine;Bretagne;;;;;;;;
False;['80511000'];;False;True;False;attribue;{'StreetName': None, 'AdditionalStreetName': None, 'CityName': 'SAINT NOLF', 'PostalZone': '56270', 'Country': 'FRA'};422844324;True;DIDALYSE;DIDALYSE;2026-09-10;{'StreetName': 'Cours des Alliés', 'AdditionalStreetName': None, 'CityName': 'RENNES', 'PostalZone': '35028', 'Country': 'FRA'};777749375;False;CAISSE D ALLOCATIONS FAMILIALES D ILLE ET VILAINE;CAF 35;;;services;['Prix 40 %', 'Valeur technique 54 %\nPerformance en matière de Développement Durable 6 %'];['prix', 'environnemental'];[40.0, 54.0, 6.0];1095.0;True;;False;;sans remise en concurrence;;26-87326;;;;LOT-0009;80500000;1153000.0;41;13.0;;Mise en place de sessions de formations professionnelles au profit des agents de Caisses d'Allocations Familiales adhérentes à l'EGOC;ouverte;AC-PA-03-2026;;;;True;False;False;;8110.0;Régime général de la Sécurité Sociale;250  à  499;<NA>;1900-01-01;84.30C;2008;5710.0;SAS, société par actions simplifiée;3  à  5;False;<NA>;2008;P;85;85.5;85.59;85.59A;1999-04-20;;Saint-Nolff;Morbihan;Bretagne;(48.10528, -1.676035);Rennes;Ille-et-Vilaine;Bretagne;;;;;;;;
False;['80511000'];;False;True;False;attribue;{'StreetName': None, 'AdditionalStreetName': None, 'CityName': 'MOULINS LE CARBONNEL', 'PostalZone': '72130', 'Country': 'FRA'};443708375;True;G.C.R. FORMATION;GCR FORMATION;2026-09-10;{'StreetName': 'Cours des Alliés', 'AdditionalStreetName': None, 'CityName': 'RENNES', 'PostalZone': '35028', 'Country': 'FRA'};777749375;False;CAISSE D ALLOCATIONS FAMILIALES D ILLE ET VILAINE;CAF 35;;;services;['Prix 40 %', 'Valeur technique 54 %\nPerformance en matière de Développement Durable 6 %'];['prix', 'environnemental'];[40.0, 54.0, 6.0];1095.0;True;;False;;sans remise en concurrence;;26-87326;;;;LOT-0010;80500000;1153000.0;41;9.0;;Mise en place de sessions de formations professionnelles au profit des agents de Caisses d'Allocations Familiales adhérentes à l'EGOC;ouverte;AC-PA-03-2026;;;;True;False;False;;8110.0;Régime général de la Sécurité Sociale;250  à  499;<NA>;1900-01-01;84.30C;2008;5710.0;SAS, société par actions simplifiée;10  à  19;False;<NA>;2008;P;85;85.5;85.59;85.59A;2002-09-01;;Moulins-le-Carbonnel;Sarthe;Pays de la Loire;(48.10528, -1.676035);Rennes;Ille-et-Vilaine;Bretagne;;;;;;;;
False;['80511000'];;False;True;False;attribue;{'StreetName': None, 'AdditionalStreetName': None, 'CityName': 'LE MANS', 'PostalZone': '72000', 'Country': 'FRA'};751084088;True;<NA>;AUDEO - Caroline CHEVALLIER MAILLARD;2026-09-10;{'StreetName': 'Cours des Alliés', 'AdditionalStreetName': None, 'CityName': 'RENNES', 'PostalZone': '35028', 'Country': 'FRA'};777749375;False;CAISSE D ALLOCATIONS FAMILIALES D ILLE ET VILAINE;CAF 35;;;services;['Prix 40 %', 'Valeur technique 54 %\nPerformance en matière de Développement Durable 6 %'];['prix', 'environnemental'];[40.0, 54.0, 6.0];1095.0;True;;False;;sans remise en concurrence;;26-87326;;;;LOT-0010;80500000;1153000.0;41;9.0;;Mise en place de sessions de formations professionnelles au profit des agents de Caisses d'Allocations Familiales adhérentes à l'EGOC;ouverte;AC-PA-03-2026;;;;True;False;False;;8110.0;Régime général de la Sécurité Sociale;250  à  499;<NA>;1900-01-01;84.30C;2008;1000.0;Entrepreneur individuel;;<NA>;<NA>;2008;P;85;85.5;85.59;85.59A;2012-04-15;;Le Mans;Sarthe;Pays de la Loire;(48.10528, -1.676035);Rennes;Ille-et-Vilaine;Bretagne;;;;;;;;
False;['80511000'];;False;True;False;attribue;{'StreetName': None, 'AdditionalStreetName': None, 'CityName': 'SAINT NOLF', 'PostalZone': '56270', 'Country': 'FRA'};422844324;True;DIDALYSE;DIDALYSE;2026-09-10;{'StreetName': 'Cours des Alliés', 'AdditionalStreetName': None, 'CityName': 'RENNES', 'PostalZone': '35028', 'Country': 'FRA'};777749375;False;CAISSE D ALLOCATIONS FAMILIALES D ILLE ET VILAINE;CAF 35;;;services;['Prix 40 %', 'Valeur technique 54 %\nPerformance en matière de Développement Durable 6 %'];['prix', 'environnemental'];[40.0, 54.0, 6.0];1095.0;True;;False;;sans remise en concurrence;;26-87326;;;;LOT-0010;80500000;1153000.0;41;9.0;;Mise en place de sessions de formations professionnelles au profit des agents de Caisses d'Allocations Familiales adhérentes à l'EGOC;ouverte;AC-PA-03-2026;;;;True;False;False;;8110.0;Régime général de la Sécurité Sociale;250  à  499;<NA>;1900-01-01;84.30C;2008;5710.0;SAS, société par actions simplifiée;3  à  5;False;<NA>;2008;P;85;85.5;85.59;85.59A;1999-04-20;;Saint-Nolff;Morbihan;Bretagne;(48.10528, -1.676035);Rennes;Ille-et-Vilaine;Bretagne;;;;;;;;
False;['80511000'];;False;True;False;attribue;{'StreetName': None, 'AdditionalStreetName': None, 'CityName': 'MOULINS LE CARBONNEL', 'PostalZone': '72130', 'Country': 'FRA'};443708375;True;G.C.R. FORMATION;GCR FORMATION;2026-09-10;{'StreetName': 'Cours des Alliés', 'AdditionalStreetName': None, 'CityName': 'RENNES', 'PostalZone': '35028', 'Country': 'FRA'};777749375;False;CAISSE D ALLOCATIONS FAMILIALES D ILLE ET VILAINE;CAF 35;;;services;['Prix 40 %', 'Valeur technique 54 %\nPerformance en matière de Développement Durable 6 %'];['prix', 'environnemental'];[40.0, 54.0, 6.0];1095.0;True;;False;;sans remise en concurrence;;26-87326;;;;LOT-0010;80500000;1153000.0;41;9.0;;Mise en place de sessions de formations professionnelles au profit des agents de Caisses d'Allocations Familiales adhérentes à l'EGOC;ouverte;AC-PA-03-2026;;;;True;False;False;;8110.0;Régime général de la Sécurité Sociale;250  à  499;<NA>;1900-01-01;84.30C;2008;5710.0;SAS, société par actions simplifiée;10  à  19;False;<NA>;2008;P;85;85.5;85.59;85.59A;2002-09-01;;Moulins-le-Carbonnel;Sarthe;Pays de la Loire;(48.10528, -1.676035);Rennes;Ille-et-Vilaine;Bretagne;;;;;;;;
False;['80511000'];;False;True;False;attribue;{'StreetName': None, 'AdditionalStreetName': None, 'CityName': 'LE MANS', 'PostalZone': '72000', 'Country': 'FRA'};751084088;True;<NA>;AUDEO - Caroline CHEVALLIER MAILLARD;2026-09-10;{'StreetName': 'Cours des Alliés', 'AdditionalStreetName': None, 'CityName': 'RENNES', 'PostalZone': '35028', 'Country': 'FRA'};777749375;False;CAISSE D ALLOCATIONS FAMILIALES D ILLE ET VILAINE;CAF 35;;;services;['Prix 40 %', 'Valeur technique 54 %\nPerformance en matière de Développement Durable 6 %'];['prix', 'environnemental'];[40.0, 54.0, 6.0];1095.0;True;;False;;sans remise en concurrence;;26-87326;;;;LOT-0010;80500000;1153000.0;41;9.0;;Mise en place de sessions de formations professionnelles au profit des agents de Caisses d'Allocations Familiales adhérentes à l'EGOC;ouverte;AC-PA-03-2026;;;;True;False;False;;8110.0;Régime général de la Sécurité Sociale;250  à  499;<NA>;1900-01-01;84.30C;2008;1000.0;Entrepreneur individuel;;<NA>;<NA>;2008;P;85;85.5;85.59;85.59A;2012-04-15;;Le Mans;Sarthe;Pays de la Loire;(48.10528, -1.676035);Rennes;Ille-et-Vilaine;Bretagne;;;;;;;;
False;['80511000'];;False;True;False;attribue;{'StreetName': None, 'AdditionalStreetName': None, 'CityName': 'SAINT NOLF', 'PostalZone': '56270', 'Country': 'FRA'};422844324;True;DIDALYSE;DIDALYSE;2026-09-10;{'StreetName': 'Cours des Alliés', 'AdditionalStreetName': None, 'CityName': 'RENNES', 'PostalZone': '35028', 'Country': 'FRA'};777749375;False;CAISSE D ALLOCATIONS FAMILIALES D ILLE ET VILAINE;CAF 35;;;services;['Prix 40 %', 'Valeur technique 54 %\nPerformance en matière de Développement Durable 6 %'];['prix', 'environnemental'];[40.0, 54.0, 6.0];1095.0;True;;False;;sans remise en concurrence;;26-87326;;;;LOT-0010;80500000;1153000.0;41;9.0;;Mise en place de sessions de formations professionnelles au profit des agents de Caisses d'Allocations Familiales adhérentes à l'EGOC;ouverte;AC-PA-03-2026;;;;True;False;False;;8110.0;Régime général de la Sécurité Sociale;250  à  499;<NA>;1900-01-01;84.30C;2008;5710.0;SAS, société par actions simplifiée;3  à  5;False;<NA>;2008;P;85;85.5;85.59;85.59A;1999-04-20;;Saint-Nolff;Morbihan;Bretagne;(48.10528, -1.676035);Rennes;Ille-et-Vilaine;Bretagne;;;;;;;;
False;['80511000'];;False;True;False;attribue;{'StreetName': None, 'AdditionalStreetName': None, 'CityName': 'MOULINS LE CARBONNEL', 'PostalZone': '72130', 'Country': 'FRA'};443708375;True;G.C.R. FORMATION;GCR FORMATION;2026-09-10;{'StreetName': 'Cours des Alliés', 'AdditionalStreetName': None, 'CityName': 'RENNES', 'PostalZone': '35028', 'Country': 'FRA'};777749375;False;CAISSE D ALLOCATIONS FAMILIALES D ILLE ET VILAINE;CAF 35;;;services;['Prix 40 %', 'Valeur technique 54 %\nPerformance en matière de Développement Durable 6 %'];['prix', 'environnemental'];[40.0, 54.0, 6.0];1095.0;True;;False;;sans remise en concurrence;;26-87326;;;;LOT-0010;80500000;1153000.0;41;9.0;;Mise en place de sessions de formations professionnelles au profit des agents de Caisses d'Allocations Familiales adhérentes à l'EGOC;ouverte;AC-PA-03-2026;;;;True;False;False;;8110.0;Régime général de la Sécurité Sociale;250  à  499;<NA>;1900-01-01;84.30C;2008;5710.0;SAS, société par actions simplifiée;10  à  19;False;<NA>;2008;P;85;85.5;85.59;85.59A;2002-09-01;;Moulins-le-Carbonnel;Sarthe;Pays de la Loire;(48.10528, -1.676035);Rennes;Ille-et-Vilaine;Bretagne;;;;;;;;
False;['80511000'];;False;True;False;attribue;{'StreetName': None, 'AdditionalStreetName': None, 'CityName': 'LE MANS', 'PostalZone': '72000', 'Country': 'FRA'};751084088;True;<NA>;AUDEO - Caroline CHEVALLIER MAILLARD;2026-09-10;{'StreetName': 'Cours des Alliés', 'AdditionalStreetName': None, 'CityName': 'RENNES', 'PostalZone': '35028', 'Country': 'FRA'};777749375;False;CAISSE D ALLOCATIONS FAMILIALES D ILLE ET VILAINE;CAF 35;;;services;['Prix 40 %', 'Valeur technique 54 %\nPerformance en matière de Développement Durable 6 %'];['prix', 'environnemental'];[40.0, 54.0, 6.0];1095.0;True;;False;;sans remise en concurrence;;26-87326;;;;LOT-0010;80500000;1153000.0;41;9.0;;Mise en place de sessions de formations professionnelles au profit des agents de Caisses d'Allocations Familiales adhérentes à l'EGOC;ouverte;AC-PA-03-2026;;;;True;False;False;;8110.0;Régime général de la Sécurité Sociale;250  à  499;<NA>;1900-01-01;84.30C;2008;1000.0;Entrepreneur individuel;;<NA>;<NA>;2008;P;85;85.5;85.59;85.59A;2012-04-15;;Le Mans;Sarthe;Pays de la Loire;(48.10528, -1.676035);Rennes;Ille-et-Vilaine;Bretagne;;;;;;;;
False;['80511000'];;False;True;False;attribue;{'StreetName': None, 'AdditionalStreetName': None, 'CityName': 'SAINT NOLF', 'PostalZone': '56270', 'Country': 'FRA'};422844324;True;DIDALYSE;DIDALYSE;2026-09-10;{'StreetName': 'Cours des Alliés', 'AdditionalStreetName': None, 'CityName': 'RENNES', 'PostalZone': '35028', 'Country': 'FRA'};777749375;False;CAISSE D ALLOCATIONS FAMILIALES D ILLE ET VILAINE;CAF 35;;;services;['Prix 40 %', 'Valeur technique 54 %\nPerformance en matière de Développement Durable 6 %'];['prix', 'environnemental'];[40.0, 54.0, 6.0];1095.0;True;;False;;sans remise en concurrence;;26-87326;;;;LOT-0010;80500000;1153000.0;41;9.0;;Mise en place de sessions de formations professionnelles au profit des agents de Caisses d'Allocations Familiales adhérentes à l'EGOC;ouverte;AC-PA-03-2026;;;;True;False;False;;8110.0;Régime général de la Sécurité Sociale;250  à  499;<NA>;1900-01-01;84.30C;2008;5710.0;SAS, société par actions simplifiée;3  à  5;False;<NA>;2008;P;85;85.5;85.59;85.59A;1999-04-20;;Saint-Nolff;Morbihan;Bretagne;(48.10528, -1.676035);Rennes;Ille-et-Vilaine;Bretagne;;;;;;;;
False;['80511000'];;False;True;False;attribue;{'StreetName': None, 'AdditionalStreetName': None, 'CityName': 'LE MANS', 'PostalZone': '72000', 'Country': 'FRA'};751084088;True;<NA>;AUDEO - Caroline CHEVALLIER MAILLARD;2026-09-10;{'StreetName': 'Cours des Alliés', 'AdditionalStreetName': None, 'CityName': 'RENNES', 'PostalZone': '35028', 'Country': 'FRA'};777749375;False;CAISSE D ALLOCATIONS FAMILIALES D ILLE ET VILAINE;CAF 35;;;services;['Prix 40 %', 'Valeur technique 54 %\nPerformance en matière de Développement Durable 6 %'];['prix', 'environnemental'];[40.0, 54.0, 6.0];1095.0;True;;False;;sans remise en concurrence;;26-87326;;;;LOT-0011;80500000;1153000.0;41;19.0;;Mise en place de sessions de formations professionnelles au profit des agents de Caisses d'Allocations Familiales adhérentes à l'EGOC;ouverte;AC-PA-03-2026;;;;True;False;False;;8110.0;Régime général de la Sécurité Sociale;250  à  499;<NA>;1900-01-01;84.30C;2008;1000.0;Entrepreneur individuel;;<NA>;<NA>;2008;P;85;85.5;85.59;85.59A;2012-04-15;;Le Mans;Sarthe;Pays de la Loire;(48.10528, -1.676035);Rennes;Ille-et-Vilaine;Bretagne;;;;;;;;
False;['80511000'];;False;True;False;attribue;{'StreetName': None, 'AdditionalStreetName': None, 'CityName': 'SAINT NOLF', 'PostalZone': '56270', 'Country': 'FRA'};422844324;True;DIDALYSE;DIDALYSE;2026-09-10;{'StreetName': 'Cours des Alliés', 'AdditionalStreetName': None, 'CityName': 'RENNES', 'PostalZone': '35028', 'Country': 'FRA'};777749375;False;CAISSE D ALLOCATIONS FAMILIALES D ILLE ET VILAINE;CAF 35;;;services;['Prix 40 %', 'Valeur technique 54 %\nPerformance en matière de Développement Durable 6 %'];['prix', 'environnemental'];[40.0, 54.0, 6.0];1095.0;True;;False;;sans remise en concurrence;;26-87326;;;;LOT-0011;80500000;1153000.0;41;19.0;;Mise en place de sessions de formations professionnelles au profit des agents de Caisses d'Allocations Familiales adhérentes à l'EGOC;ouverte;AC-PA-03-2026;;;;True;False;False;;8110.0;Régime général de la Sécurité Sociale;250  à  499;<NA>;1900-01-01;84.30C;2008;5710.0;SAS, société par actions simplifiée;3  à  5;False;<NA>;2008;P;85;85.5;85.59;85.59A;1999-04-20;;Saint-Nolff;Morbihan;Bretagne;(48.10528, -1.676035);Rennes;Ille-et-Vilaine;Bretagne;;;;;;;;
False;['80511000'];;False;True;False;attribue;{'StreetName': None, 'AdditionalStreetName': None, 'CityName': 'MOULINS LE CARBONNEL', 'PostalZone': '72130', 'Country': 'FRA'};443708375;True;G.C.R. FORMATION;GCR FORMATION;2026-09-10;{'StreetName': 'Cours des Alliés', 'AdditionalStreetName': None, 'CityName': 'RENNES', 'PostalZone': '35028', 'Country': 'FRA'};777749375;False;CAISSE D ALLOCATIONS FAMILIALES D ILLE ET VILAINE;CAF 35;;;services;['Prix 40 %', 'Valeur technique 54 %\nPerformance en matière de Développement Durable 6 %'];['prix', 'environnemental'];[40.0, 54.0, 6.0];1095.0;True;;False;;sans remise en concurrence;;26-87326;;;;LOT-0011;80500000;1153000.0;41;19.0;;Mise en place de sessions de formations professionnelles au profit des agents de Caisses d'Allocations Familiales adhérentes à l'EGOC;ouverte;AC-PA-03-2026;;;;True;False;False;;8110.0;Régime général de la Sécurité Sociale;250  à  499;<NA>;1900-01-01;84.30C;2008;5710.0;SAS, société par actions simplifiée;10  à  19;False;<NA>;2008;P;85;85.5;85.59;85.59A;2002-09-01;;Moulins-le-Carbonnel;Sarthe;Pays de la Loire;(48.10528, -1.676035);Rennes;Ille-et-Vilaine;Bretagne;;;;;;;;
False;['80511000'];;False;True;False;attribue;{'StreetName': None, 'AdditionalStreetName': None, 'CityName': 'LE MANS', 'PostalZone': '72000', 'Country': 'FRA'};751084088;True;<NA>;AUDEO - Caroline CHEVALLIER MAILLARD;2026-09-10;{'StreetName': 'Cours des Alliés', 'AdditionalStreetName': None, 'CityName': 'RENNES', 'PostalZone': '35028', 'Country': 'FRA'};777749375;False;CAISSE D ALLOCATIONS FAMILIALES D ILLE ET VILAINE;CAF 35;;;services;['Prix 40 %', 'Valeur technique 54 %\nPerformance en matière de Développement Durable 6 %'];['prix', 'environnemental'];[40.0, 54.0, 6.0];1095.0;True;;False;;sans remise en concurrence;;26-87326;;;;LOT-0011;80500000;1153000.0;41;19.0;;Mise en place de sessions de formations professionnelles au profit des agents de Caisses d'Allocations Familiales adhérentes à l'EGOC;ouverte;AC-PA-03-2026;;;;True;False;False;;8110.0;Régime général de la Sécurité Sociale;250  à  499;<NA>;1900-01-01;84.30C;2008;1000.0;Entrepreneur individuel;;<NA>;<NA>;2008;P;85;85.5;85.59;85.59A;2012-04-15;;Le Mans;Sarthe;Pays de la Loire;(48.10528, -1.676035);Rennes;Ille-et-Vilaine;Bretagne;;;;;;;;
False;['80511000'];;False;True;False;attribue;{'StreetName': None, 'AdditionalStreetName': None, 'CityName': 'SAINT NOLF', 'PostalZone': '56270', 'Country': 'FRA'};422844324;True;DIDALYSE;DIDALYSE;2026-09-10;{'StreetName': 'Cours des Alliés', 'AdditionalStreetName': None, 'CityName': 'RENNES', 'PostalZone': '35028', 'Country': 'FRA'};777749375;False;CAISSE D ALLOCATIONS FAMILIALES D ILLE ET VILAINE;CAF 35;;;services;['Prix 40 %', 'Valeur technique 54 %\nPerformance en matière de Développement Durable 6 %'];['prix', 'environnemental'];[40.0, 54.0, 6.0];1095.0;True;;False;;sans remise en concurrence;;26-87326;;;;LOT-0011;80500000;1153000.0;41;19.0;;Mise en place de sessions de formations professionnelles au profit des agents de Caisses d'Allocations Familiales adhérentes à l'EGOC;ouverte;AC-PA-03-2026;;;;True;False;False;;8110.0;Régime général de la Sécurité Sociale;250  à  499;<NA>;1900-01-01;84.30C;2008;5710.0;SAS, société par actions simplifiée;3  à  5;False;<NA>;2008;P;85;85.5;85.59;85.59A;1999-04-20;;Saint-Nolff;Morbihan;Bretagne;(48.10528, -1.676035);Rennes;Ille-et-Vilaine;Bretagne;;;;;;;;
False;['80511000'];;False;True;False;attribue;{'StreetName': None, 'AdditionalStreetName': None, 'CityName': 'MOULINS LE CARBONNEL', 'PostalZone': '72130', 'Country': 'FRA'};443708375;True;G.C.R. FORMATION;GCR FORMATION;2026-09-10;{'StreetName': 'Cours des Alliés', 'AdditionalStreetName': None, 'CityName': 'RENNES', 'PostalZone': '35028', 'Country': 'FRA'};777749375;False;CAISSE D ALLOCATIONS FAMILIALES D ILLE ET VILAINE;CAF 35;;;services;['Prix 40 %', 'Valeur technique 54 %\nPerformance en matière de Développement Durable 6 %'];['prix', 'environnemental'];[40.0, 54.0, 6.0];1095.0;True;;False;;sans remise en concurrence;;26-87326;;;;LOT-0011;80500000;1153000.0;41;19.0;;Mise en place de sessions de formations professionnelles au profit des agents de Caisses d'Allocations Familiales adhérentes à l'EGOC;ouverte;AC-PA-03-2026;;;;True;False;False;;8110.0;Régime général de la Sécurité Sociale;250  à  499;<NA>;1900-01-01;84.30C;2008;5710.0;SAS, société par actions simplifiée;10  à  19;False;<NA>;2008;P;85;85.5;85.59;85.59A;2002-09-01;;Moulins-le-Carbonnel;Sarthe;Pays de la Loire;(48.10528, -1.676035);Rennes;Ille-et-Vilaine;Bretagne;;;;;;;;
False;['80511000'];;False;True;False;attribue;{'StreetName': None, 'AdditionalStreetName': None, 'CityName': 'LE MANS', 'PostalZone': '72000', 'Country': 'FRA'};751084088;True;<NA>;AUDEO - Caroline CHEVALLIER MAILLARD;2026-09-10;{'StreetName': 'Cours des Alliés', 'AdditionalStreetName': None, 'CityName': 'RENNES', 'PostalZone': '35028', 'Country': 'FRA'};777749375;False;CAISSE D ALLOCATIONS FAMILIALES D ILLE ET VILAINE;CAF 35;;;services;['Prix 40 %', 'Valeur technique 54 %\nPerformance en matière de Développement Durable 6 %'];['prix', 'environnemental'];[40.0, 54.0, 6.0];1095.0;True;;False;;sans remise en concurrence;;26-87326;;;;LOT-0011;80500000;1153000.0;41;19.0;;Mise en place de sessions de formations professionnelles au profit des agents de Caisses d'Allocations Familiales adhérentes à l'EGOC;ouverte;AC-PA-03-2026;;;;True;False;False;;8110.0;Régime général de la Sécurité Sociale;250  à  499;<NA>;1900-01-01;84.30C;2008;1000.0;Entrepreneur individuel;;<NA>;<NA>;2008;P;85;85.5;85.59;85.59A;2012-04-15;;Le Mans;Sarthe;Pays de la Loire;(48.10528, -1.676035);Rennes;Ille-et-Vilaine;Bretagne;;;;;;;;
False;['80511000'];;False;True;False;attribue;{'StreetName': None, 'AdditionalStreetName': None, 'CityName': 'SAINT NOLF', 'PostalZone': '56270', 'Country': 'FRA'};422844324;True;DIDALYSE;DIDALYSE;2026-09-10;{'StreetName': 'Cours des Alliés', 'AdditionalStreetName': None, 'CityName': 'RENNES', 'PostalZone': '35028', 'Country': 'FRA'};777749375;False;CAISSE D ALLOCATIONS FAMILIALES D ILLE ET VILAINE;CAF 35;;;services;['Prix 40 %', 'Valeur technique 54 %\nPerformance en matière de Développement Durable 6 %'];['prix', 'environnemental'];[40.0, 54.0, 6.0];1095.0;True;;False;;sans remise en concurrence;;26-87326;;;;LOT-0011;80500000;1153000.0;41;19.0;;Mise en place de sessions de formations professionnelles au profit des agents de Caisses d'Allocations Familiales adhérentes à l'EGOC;ouverte;AC-PA-03-2026;;;;True;False;False;;8110.0;Régime général de la Sécurité Sociale;250  à  499;<NA>;1900-01-01;84.30C;2008;5710.0;SAS, société par actions simplifiée;3  à  5;False;<NA>;2008;P;85;85.5;85.59;85.59A;1999-04-20;;Saint-Nolff;Morbihan;Bretagne;(48.10528, -1.676035);Rennes;Ille-et-Vilaine;Bretagne;;;;;;;;
False;['80511000'];;False;True;False;attribue;{'StreetName': None, 'AdditionalStreetName': None, 'CityName': 'MOULINS LE CARBONNEL', 'PostalZone': '72130', 'Country': 'FRA'};443708375;True;G.C.R. FORMATION;GCR FORMATION;2026-09-10;{'StreetName': 'Cours des Alliés', 'AdditionalStreetName': None, 'CityName': 'RENNES', 'PostalZone': '35028', 'Country': 'FRA'};777749375;False;CAISSE D ALLOCATIONS FAMILIALES D ILLE ET VILAINE;CAF 35;;;services;['Prix 40 %', 'Valeur technique 54 %\nPerformance en matière de Développement Durable 6 %'];['prix', 'environnemental'];[40.0, 54.0, 6.0];1095.0;True;;False;;sans remise en concurrence;;26-87326;;;;LOT-0011;80500000;1153000.0;41;19.0;;Mise en place de sessions de formations professionnelles au profit des agents de Caisses d'Allocations Familiales adhérentes à l'EGOC;ouverte;AC-PA-03-2026;;;;True;False;False;;8110.0;Régime général de la Sécurité Sociale;250  à  499;<NA>;1900-01-01;84.30C;2008;5710.0;SAS, société par actions simplifiée;10  à  19;False;<NA>;2008;P;85;85.5;85.59;85.59A;2002-09-01;;Moulins-le-Carbonnel;Sarthe;Pays de la Loire;(48.10528, -1.676035);Rennes;Ille-et-Vilaine;Bretagne;;;;;;;;
False;['80511000'];;False;True;False;attribue;{'StreetName': None, 'AdditionalStreetName': None, 'CityName': 'PLAISIR', 'PostalZone': '78370', 'Country': 'FRA'};502197551;True;EXCELLENS FORMATION;EXCELLENS Formations;2026-09-10;{'StreetName': 'Cours des Alliés', 'AdditionalStreetName': None, 'CityName': 'RENNES', 'PostalZone': '35028', 'Country': 'FRA'};777749375;False;CAISSE D ALLOCATIONS FAMILIALES D ILLE ET VILAINE;CAF 35;;;services;['Prix 40 %', 'Valeur technique 54 %\nPerformance en matière de Développement Durable 6 %'];['prix', 'environnemental'];[40.0, 54.0, 6.0];1095.0;True;;False;;sans remise en concurrence;;26-87326;;;;LOT-0012;80500000;1153000.0;41;8.0;;Mise en place de sessions de formations professionnelles au profit des agents de Caisses d'Allocations Familiales adhérentes à l'EGOC;ouverte;AC-PA-03-2026;;;;True;False;False;;8110.0;Régime général de la Sécurité Sociale;250  à  499;<NA>;1900-01-01;84.30C;2008;5710.0;SAS, société par actions simplifiée;20  à  49;False;<NA>;2008;P;85;85.5;85.59;85.59A;2008-01-17;;Plaisir;Yvelines;Île-de-France;(48.10528, -1.676035);Rennes;Ille-et-Vilaine;Bretagne;;;;;;;;
False;['80511000'];;False;True;False;attribue;{'StreetName': None, 'AdditionalStreetName': None, 'CityName': 'MOULINS LE CARBONNEL', 'PostalZone': '72130', 'Country': 'FRA'};443708375;True;G.C.R. FORMATION;GCR FORMATION;2026-09-10;{'StreetName': 'Cours des Alliés', 'AdditionalStreetName': None, 'CityName': 'RENNES', 'PostalZone': '35028', 'Country': 'FRA'};777749375;False;CAISSE D ALLOCATIONS FAMILIALES D ILLE ET VILAINE;CAF 35;;;services;['Prix 40 %', 'Valeur technique 54 %\nPerformance en matière de Développement Durable 6 %'];['prix', 'environnemental'];[40.0, 54.0, 6.0];1095.0;True;;False;;sans remise en concurrence;;26-87326;;;;LOT-0012;80500000;1153000.0;41;8.0;;Mise en place de sessions de formations professionnelles au profit des agents de Caisses d'Allocations Familiales adhérentes à l'EGOC;ouverte;AC-PA-03-2026;;;;True;False;False;;8110.0;Régime général de la Sécurité Sociale;250  à  499;<NA>;1900-01-01;84.30C;2008;5710.0;SAS, société par actions simplifiée;10  à  19;False;<NA>;2008;P;85;85.5;85.59;85.59A;2002-09-01;;Moulins-le-Carbonnel;Sarthe;Pays de la Loire;(48.10528, -1.676035);Rennes;Ille-et-Vilaine;Bretagne;;;;;;;;
False;['80511000'];;False;True;False;attribue;{'StreetName': None, 'AdditionalStreetName': None, 'CityName': 'PRIVAT', 'PostalZone': '07000', 'Country': 'FRA'};510869274;True;LEXOM;LEXOM;2026-09-10;{'StreetName': 'Cours des Alliés', 'AdditionalStreetName': None, 'CityName': 'RENNES', 'PostalZone': '35028', 'Country': 'FRA'};777749375;False;CAISSE D ALLOCATIONS FAMILIALES D ILLE ET VILAINE;CAF 35;;;services;['Prix 40 %', 'Valeur technique 54 %\nPerformance en matière de Développement Durable 6 %'];['prix', 'environnemental'];[40.0, 54.0, 6.0];1095.0;True;;False;;sans remise en concurrence;;26-87326;;;;LOT-0012;80500000;1153000.0;41;8.0;;Mise en place de sessions de formations professionnelles au profit des agents de Caisses d'Allocations Familiales adhérentes à l'EGOC;ouverte;AC-PA-03-2026;;;;True;False;False;;8110.0;Régime général de la Sécurité Sociale;250  à  499;<NA>;1900-01-01;84.30C;2008;5710.0;SAS, société par actions simplifiée;20  à  49;False;<NA>;2008;P;85;85.5;85.59;85.59A;2009-03-01;;Bordeaux;Gironde;Nouvelle-Aquitaine;(48.10528, -1.676035);Rennes;Ille-et-Vilaine;Bretagne;;;;;;;;
False;['80511000'];;False;True;False;attribue;{'StreetName': None, 'AdditionalStreetName': None, 'CityName': 'PLAISIR', 'PostalZone': '78370', 'Country': 'FRA'};502197551;True;EXCELLENS FORMATION;EXCELLENS Formations;2026-09-10;{'StreetName': 'Cours des Alliés', 'AdditionalStreetName': None, 'CityName': 'RENNES', 'PostalZone': '35028', 'Country': 'FRA'};777749375;False;CAISSE D ALLOCATIONS FAMILIALES D ILLE ET VILAINE;CAF 35;;;services;['Prix 40 %', 'Valeur technique 54 %\nPerformance en matière de Développement Durable 6 %'];['prix', 'environnemental'];[40.0, 54.0, 6.0];1095.0;True;;False;;sans remise en concurrence;;26-87326;;;;LOT-0012;80500000;1153000.0;41;8.0;;Mise en place de sessions de formations professionnelles au profit des agents de Caisses d'Allocations Familiales adhérentes à l'EGOC;ouverte;AC-PA-03-2026;;;;True;False;False;;8110.0;Régime général de la Sécurité Sociale;250  à  499;<NA>;1900-01-01;84.30C;2008;5710.0;SAS, société par actions simplifiée;20  à  49;False;<NA>;2008;P;85;85.5;85.59;85.59A;2008-01-17;;Plaisir;Yvelines;Île-de-France;(48.10528, -1.676035);Rennes;Ille-et-Vilaine;Bretagne;;;;;;;;
False;['80511000'];;False;True;False;attribue;{'StreetName': None, 'AdditionalStreetName': None, 'CityName': 'MOULINS LE CARBONNEL', 'PostalZone': '72130', 'Country': 'FRA'};443708375;True;G.C.R. FORMATION;GCR FORMATION;2026-09-10;{'StreetName': 'Cours des Alliés', 'AdditionalStreetName': None, 'CityName': 'RENNES', 'PostalZone': '35028', 'Country': 'FRA'};777749375;False;CAISSE D ALLOCATIONS FAMILIALES D ILLE ET VILAINE;CAF 35;;;services;['Prix 40 %', 'Valeur technique 54 %\nPerformance en matière de Développement Durable 6 %'];['prix', 'environnemental'];[40.0, 54.0, 6.0];1095.0;True;;False;;sans remise en concurrence;;26-87326;;;;LOT-0012;80500000;1153000.0;41;8.0;;Mise en place de sessions de formations professionnelles au profit des agents de Caisses d'Allocations Familiales adhérentes à l'EGOC;ouverte;AC-PA-03-2026;;;;True;False;False;;8110.0;Régime général de la Sécurité Sociale;250  à  499;<NA>;1900-01-01;84.30C;2008;5710.0;SAS, société par actions simplifiée;10  à  19;False;<NA>;2008;P;85;85.5;85.59;85.59A;2002-09-01;;Moulins-le-Carbonnel;Sarthe;Pays de la Loire;(48.10528, -1.676035);Rennes;Ille-et-Vilaine;Bretagne;;;;;;;;
False;['80511000'];;False;True;False;attribue;{'StreetName': None, 'AdditionalStreetName': None, 'CityName': 'PRIVAT', 'PostalZone': '07000', 'Country': 'FRA'};510869274;True;LEXOM;LEXOM;2026-09-10;{'StreetName': 'Cours des Alliés', 'AdditionalStreetName': None, 'CityName': 'RENNES', 'PostalZone': '35028', 'Country': 'FRA'};777749375;False;CAISSE D ALLOCATIONS FAMILIALES D ILLE ET VILAINE;CAF 35;;;services;['Prix 40 %', 'Valeur technique 54 %\nPerformance en matière de Développement Durable 6 %'];['prix', 'environnemental'];[40.0, 54.0, 6.0];1095.0;True;;False;;sans remise en concurrence;;26-87326;;;;LOT-0012;80500000;1153000.0;41;8.0;;Mise en place de sessions de formations professionnelles au profit des agents de Caisses d'Allocations Familiales adhérentes à l'EGOC;ouverte;AC-PA-03-2026;;;;True;False;False;;8110.0;Régime général de la Sécurité Sociale;250  à  499;<NA>;1900-01-01;84.30C;2008;5710.0;SAS, société par actions simplifiée;20  à  49;False;<NA>;2008;P;85;85.5;85.59;85.59A;2009-03-01;;Bordeaux;Gironde;Nouvelle-Aquitaine;(48.10528, -1.676035);Rennes;Ille-et-Vilaine;Bretagne;;;;;;;;
False;['80511000'];;False;True;False;attribue;{'StreetName': None, 'AdditionalStreetName': None, 'CityName': 'PLAISIR', 'PostalZone': '78370', 'Country': 'FRA'};502197551;True;EXCELLENS FORMATION;EXCELLENS Formations;2026-09-10;{'StreetName': 'Cours des Alliés', 'AdditionalStreetName': None, 'CityName': 'RENNES', 'PostalZone': '35028', 'Country': 'FRA'};777749375;False;CAISSE D ALLOCATIONS FAMILIALES D ILLE ET VILAINE;CAF 35;;;services;['Prix 40 %', 'Valeur technique 54 %\nPerformance en matière de Développement Durable 6 %'];['prix', 'environnemental'];[40.0, 54.0, 6.0];1095.0;True;;False;;sans remise en concurrence;;26-87326;;;;LOT-0012;80500000;1153000.0;41;8.0;;Mise en place de sessions de formations professionnelles au profit des agents de Caisses d'Allocations Familiales adhérentes à l'EGOC;ouverte;AC-PA-03-2026;;;;True;False;False;;8110.0;Régime général de la Sécurité Sociale;250  à  499;<NA>;1900-01-01;84.30C;2008;5710.0;SAS, société par actions simplifiée;20  à  49;False;<NA>;2008;P;85;85.5;85.59;85.59A;2008-01-17;;Plaisir;Yvelines;Île-de-France;(48.10528, -1.676035);Rennes;Ille-et-Vilaine;Bretagne;;;;;;;;
False;['80511000'];;False;True;False;attribue;{'StreetName': None, 'AdditionalStreetName': None, 'CityName': 'MOULINS LE CARBONNEL', 'PostalZone': '72130', 'Country': 'FRA'};443708375;True;G.C.R. FORMATION;GCR FORMATION;2026-09-10;{'StreetName': 'Cours des Alliés', 'AdditionalStreetName': None, 'CityName': 'RENNES', 'PostalZone': '35028', 'Country': 'FRA'};777749375;False;CAISSE D ALLOCATIONS FAMILIALES D ILLE ET VILAINE;CAF 35;;;services;['Prix 40 %', 'Valeur technique 54 %\nPerformance en matière de Développement Durable 6 %'];['prix', 'environnemental'];[40.0, 54.0, 6.0];1095.0;True;;False;;sans remise en concurrence;;26-87326;;;;LOT-0012;80500000;1153000.0;41;8.0;;Mise en place de sessions de formations professionnelles au profit des agents de Caisses d'Allocations Familiales adhérentes à l'EGOC;ouverte;AC-PA-03-2026;;;;True;False;False;;8110.0;Régime général de la Sécurité Sociale;250  à  499;<NA>;1900-01-01;84.30C;2008;5710.0;SAS, société par actions simplifiée;10  à  19;False;<NA>;2008;P;85;85.5;85.59;85.59A;2002-09-01;;Moulins-le-Carbonnel;Sarthe;Pays de la Loire;(48.10528, -1.676035);Rennes;Ille-et-Vilaine;Bretagne;;;;;;;;
False;['80511000'];;False;True;False;attribue;{'StreetName': None, 'AdditionalStreetName': None, 'CityName': 'PRIVAT', 'PostalZone': '07000', 'Country': 'FRA'};510869274;True;LEXOM;LEXOM;2026-09-10;{'StreetName': 'Cours des Alliés', 'AdditionalStreetName': None, 'CityName': 'RENNES', 'PostalZone': '35028', 'Country': 'FRA'};777749375;False;CAISSE D ALLOCATIONS FAMILIALES D ILLE ET VILAINE;CAF 35;;;services;['Prix 40 %', 'Valeur technique 54 %\nPerformance en matière de Développement Durable 6 %'];['prix', 'environnemental'];[40.0, 54.0, 6.0];1095.0;True;;False;;sans remise en concurrence;;26-87326;;;;LOT-0012;80500000;1153000.0;41;8.0;;Mise en place de sessions de formations professionnelles au profit des agents de Caisses d'Allocations Familiales adhérentes à l'EGOC;ouverte;AC-PA-03-2026;;;;True;False;False;;8110.0;Régime général de la Sécurité Sociale;250  à  499;<NA>;1900-01-01;84.30C;2008;5710.0;SAS, société par actions simplifiée;20  à  49;False;<NA>;2008;P;85;85.5;85.59;85.59A;2009-03-01;;Bordeaux;Gironde;Nouvelle-Aquitaine;(48.10528, -1.676035);Rennes;Ille-et-Vilaine;Bretagne;;;;;;;;
False;['80511000'];;False;True;False;attribue;{'StreetName': None, 'AdditionalStreetName': None, 'CityName': 'AURAY', 'PostalZone': '56400', 'Country': 'FRA'};912029337;True;IPOMEA;IPOMEA;2026-09-10;{'StreetName': 'Cours des Alliés', 'AdditionalStreetName': None, 'CityName': 'RENNES', 'PostalZone': '35028', 'Country': 'FRA'};777749375;False;CAISSE D ALLOCATIONS FAMILIALES D ILLE ET VILAINE;CAF 35;;;services;['Prix 40 %', 'Valeur technique 54 %\nPerformance en matière de Développement Durable 6 %'];['prix', 'environnemental'];[40.0, 54.0, 6.0];1095.0;True;;False;;sans remise en concurrence;;26-87326;;;;LOT-0013;80500000;1153000.0;41;18.0;;Mise en place de sessions de formations professionnelles au profit des agents de Caisses d'Allocations Familiales adhérentes à l'EGOC;ouverte;AC-PA-03-2026;;;;True;False;False;;8110.0;Régime général de la Sécurité Sociale;250  à  499;<NA>;1900-01-01;84.30C;2008;5710.0;SAS, société par actions simplifiée;1  ou  2;False;<NA>;2008;M;70;70.2;70.22;70.22Z;2022-04-01;;Auray;Morbihan;Bretagne;(48.10528, -1.676035);Rennes;Ille-et-Vilaine;Bretagne;;;;;;;;
False;['80511000'];;False;True;False;attribue;{'StreetName': None, 'AdditionalStreetName': None, 'CityName': 'PLAISIR', 'PostalZone': '78370', 'Country': 'FRA'};502197551;True;EXCELLENS FORMATION;EXCELLENS Formations;2026-09-10;{'StreetName': 'Cours des Alliés', 'AdditionalStreetName': None, 'CityName': 'RENNES', 'PostalZone': '35028', 'Country': 'FRA'};777749375;False;CAISSE D ALLOCATIONS FAMILIALES D ILLE ET VILAINE;CAF 35;;;services;['Prix 40 %', 'Valeur technique 54 %\nPerformance en matière de Développement Durable 6 %'];['prix', 'environnemental'];[40.0, 54.0, 6.0];1095.0;True;;False;;sans remise en concurrence;;26-87326;;;;LOT-0013;80500000;1153000.0;41;18.0;;Mise en place de sessions de formations professionnelles au profit des agents de Caisses d'Allocations Familiales adhérentes à l'EGOC;ouverte;AC-PA-03-2026;;;;True;False;False;;8110.0;Régime général de la Sécurité Sociale;250  à  499;<NA>;1900-01-01;84.30C;2008;5710.0;SAS, société par actions simplifiée;20  à  49;False;<NA>;2008;P;85;85.5;85.59;85.59A;2008-01-17;;Plaisir;Yvelines;Île-de-France;(48.10528, -1.676035);Rennes;Ille-et-Vilaine;Bretagne;;;;;;;;
False;['80511000'];;False;True;False;attribue;{'StreetName': None, 'AdditionalStreetName': None, 'CityName': 'CROIX CHAPEAU', 'PostalZone': '17220', 'Country': 'FRA'};518423223;True;INTERACTIONS FORMATIONS;INTERACTIONS FORMATIONS;2026-09-10;{'StreetName': 'Cours des Alliés', 'AdditionalStreetName': None, 'CityName': 'RENNES', 'PostalZone': '35028', 'Country': 'FRA'};777749375;False;CAISSE D ALLOCATIONS FAMILIALES D ILLE ET VILAINE;CAF 35;;;services;['Prix 40 %', 'Valeur technique 54 %\nPerformance en matière de Développement Durable 6 %'];['prix', 'environnemental'];[40.0, 54.0, 6.0];1095.0;True;;False;;sans remise en concurrence;;26-87326;;;;LOT-0013;80500000;1153000.0;41;18.0;;Mise en place de sessions de formations professionnelles au profit des agents de Caisses d'Allocations Familiales adhérentes à l'EGOC;ouverte;AC-PA-03-2026;;;;True;False;False;;8110.0;Régime général de la Sécurité Sociale;250  à  499;<NA>;1900-01-01;84.30C;2008;5710.0;SAS, société par actions simplifiée;1  ou  2;False;<NA>;2008;P;85;85.5;85.59;85.59A;2009-11-16;;Croix-Chapeau;Charente-Maritime;Nouvelle-Aquitaine;(48.10528, -1.676035);Rennes;Ille-et-Vilaine;Bretagne;;;;;;;;
False;['80511000'];;False;True;False;attribue;{'StreetName': None, 'AdditionalStreetName': None, 'CityName': 'AURAY', 'PostalZone': '56400', 'Country': 'FRA'};912029337;True;IPOMEA;IPOMEA;2026-09-10;{'StreetName': 'Cours des Alliés', 'AdditionalStreetName': None, 'CityName': 'RENNES', 'PostalZone': '35028', 'Country': 'FRA'};777749375;False;CAISSE D ALLOCATIONS FAMILIALES D ILLE ET VILAINE;CAF 35;;;services;['Prix 40 %', 'Valeur technique 54 %\nPerformance en matière de Développement Durable 6 %'];['prix', 'environnemental'];[40.0, 54.0, 6.0];1095.0;True;;False;;sans remise en concurrence;;26-87326;;;;LOT-0013;80500000;1153000.0;41;18.0;;Mise en place de sessions de formations professionnelles au profit des agents de Caisses d'Allocations Familiales adhérentes à l'EGOC;ouverte;AC-PA-03-2026;;;;True;False;False;;8110.0;Régime général de la Sécurité Sociale;250  à  499;<NA>;1900-01-01;84.30C;2008;5710.0;SAS, société par actions simplifiée;1  ou  2;False;<NA>;2008;M;70;70.2;70.22;70.22Z;2022-04-01;;Auray;Morbihan;Bretagne;(48.10528, -1.676035);Rennes;Ille-et-Vilaine;Bretagne;;;;;;;;
False;['80511000'];;False;True;False;attribue;{'StreetName': None, 'AdditionalStreetName': None, 'CityName': 'PLAISIR', 'PostalZone': '78370', 'Country': 'FRA'};502197551;True;EXCELLENS FORMATION;EXCELLENS Formations;2026-09-10;{'StreetName': 'Cours des Alliés', 'AdditionalStreetName': None, 'CityName': 'RENNES', 'PostalZone': '35028', 'Country': 'FRA'};777749375;False;CAISSE D ALLOCATIONS FAMILIALES D ILLE ET VILAINE;CAF 35;;;services;['Prix 40 %', 'Valeur technique 54 %\nPerformance en matière de Développement Durable 6 %'];['prix', 'environnemental'];[40.0, 54.0, 6.0];1095.0;True;;False;;sans remise en concurrence;;26-87326;;;;LOT-0013;80500000;1153000.0;41;18.0;;Mise en place de sessions de formations professionnelles au profit des agents de Caisses d'Allocations Familiales adhérentes à l'EGOC;ouverte;AC-PA-03-2026;;;;True;False;False;;8110.0;Régime général de la Sécurité Sociale;250  à  499;<NA>;1900-01-01;84.30C;2008;5710.0;SAS, société par actions simplifiée;20  à  49;False;<NA>;2008;P;85;85.5;85.59;85.59A;2008-01-17;;Plaisir;Yvelines;Île-de-France;(48.10528, -1.676035);Rennes;Ille-et-Vilaine;Bretagne;;;;;;;;
False;['80511000'];;False;True;False;attribue;{'StreetName': None, 'AdditionalStreetName': None, 'CityName': 'CROIX CHAPEAU', 'PostalZone': '17220', 'Country': 'FRA'};518423223;True;INTERACTIONS FORMATIONS;INTERACTIONS FORMATIONS;2026-09-10;{'StreetName': 'Cours des Alliés', 'AdditionalStreetName': None, 'CityName': 'RENNES', 'PostalZone': '35028', 'Country': 'FRA'};777749375;False;CAISSE D ALLOCATIONS FAMILIALES D ILLE ET VILAINE;CAF 35;;;services;['Prix 40 %', 'Valeur technique 54 %\nPerformance en matière de Développement Durable 6 %'];['prix', 'environnemental'];[40.0, 54.0, 6.0];1095.0;True;;False;;sans remise en concurrence;;26-87326;;;;LOT-0013;80500000;1153000.0;41;18.0;;Mise en place de sessions de formations professionnelles au profit des agents de Caisses d'Allocations Familiales adhérentes à l'EGOC;ouverte;AC-PA-03-2026;;;;True;False;False;;8110.0;Régime général de la Sécurité Sociale;250  à  499;<NA>;1900-01-01;84.30C;2008;5710.0;SAS, société par actions simplifiée;1  ou  2;False;<NA>;2008;P;85;85.5;85.59;85.59A;2009-11-16;;Croix-Chapeau;Charente-Maritime;Nouvelle-Aquitaine;(48.10528, -1.676035);Rennes;Ille-et-Vilaine;Bretagne;;;;;;;;
False;['80511000'];;False;True;False;attribue;{'StreetName': None, 'AdditionalStreetName': None, 'CityName': 'AURAY', 'PostalZone': '56400', 'Country': 'FRA'};912029337;True;IPOMEA;IPOMEA;2026-09-10;{'StreetName': 'Cours des Alliés', 'AdditionalStreetName': None, 'CityName': 'RENNES', 'PostalZone': '35028', 'Country': 'FRA'};777749375;False;CAISSE D ALLOCATIONS FAMILIALES D ILLE ET VILAINE;CAF 35;;;services;['Prix 40 %', 'Valeur technique 54 %\nPerformance en matière de Développement Durable 6 %'];['prix', 'environnemental'];[40.0, 54.0, 6.0];1095.0;True;;False;;sans remise en concurrence;;26-87326;;;;LOT-0013;80500000;1153000.0;41;18.0;;Mise en place de sessions de formations professionnelles au profit des agents de Caisses d'Allocations Familiales adhérentes à l'EGOC;ouverte;AC-PA-03-2026;;;;True;False;False;;8110.0;Régime général de la Sécurité Sociale;250  à  499;<NA>;1900-01-01;84.30C;2008;5710.0;SAS, société par actions simplifiée;1  ou  2;False;<NA>;2008;M;70;70.2;70.22;70.22Z;2022-04-01;;Auray;Morbihan;Bretagne;(48.10528, -1.676035);Rennes;Ille-et-Vilaine;Bretagne;;;;;;;;
False;['80511000'];;False;True;False;attribue;{'StreetName': None, 'AdditionalStreetName': None, 'CityName': 'PLAISIR', 'PostalZone': '78370', 'Country': 'FRA'};502197551;True;EXCELLENS FORMATION;EXCELLENS Formations;2026-09-10;{'StreetName': 'Cours des Alliés', 'AdditionalStreetName': None, 'CityName': 'RENNES', 'PostalZone': '35028', 'Country': 'FRA'};777749375;False;CAISSE D ALLOCATIONS FAMILIALES D ILLE ET VILAINE;CAF 35;;;services;['Prix 40 %', 'Valeur technique 54 %\nPerformance en matière de Développement Durable 6 %'];['prix', 'environnemental'];[40.0, 54.0, 6.0];1095.0;True;;False;;sans remise en concurrence;;26-87326;;;;LOT-0013;80500000;1153000.0;41;18.0;;Mise en place de sessions de formations professionnelles au profit des agents de Caisses d'Allocations Familiales adhérentes à l'EGOC;ouverte;AC-PA-03-2026;;;;True;False;False;;8110.0;Régime général de la Sécurité Sociale;250  à  499;<NA>;1900-01-01;84.30C;2008;5710.0;SAS, société par actions simplifiée;20  à  49;False;<NA>;2008;P;85;85.5;85.59;85.59A;2008-01-17;;Plaisir;Yvelines;Île-de-France;(48.10528, -1.676035);Rennes;Ille-et-Vilaine;Bretagne;;;;;;;;
False;['80511000'];;False;True;False;attribue;{'StreetName': None, 'AdditionalStreetName': None, 'CityName': 'CROIX CHAPEAU', 'PostalZone': '17220', 'Country': 'FRA'};518423223;True;INTERACTIONS FORMATIONS;INTERACTIONS FORMATIONS;2026-09-10;{'StreetName': 'Cours des Alliés', 'AdditionalStreetName': None, 'CityName': 'RENNES', 'PostalZone': '35028', 'Country': 'FRA'};777749375;False;CAISSE D ALLOCATIONS FAMILIALES D ILLE ET VILAINE;CAF 35;;;services;['Prix 40 %', 'Valeur technique 54 %\nPerformance en matière de Développement Durable 6 %'];['prix', 'environnemental'];[40.0, 54.0, 6.0];1095.0;True;;False;;sans remise en concurrence;;26-87326;;;;LOT-0013;80500000;1153000.0;41;18.0;;Mise en place de sessions de formations professionnelles au profit des agents de Caisses d'Allocations Familiales adhérentes à l'EGOC;ouverte;AC-PA-03-2026;;;;True;False;False;;8110.0;Régime général de la Sécurité Sociale;250  à  499;<NA>;1900-01-01;84.30C;2008;5710.0;SAS, société par actions simplifiée;1  ou  2;False;<NA>;2008;P;85;85.5;85.59;85.59A;2009-11-16;;Croix-Chapeau;Charente-Maritime;Nouvelle-Aquitaine;(48.10528, -1.676035);Rennes;Ille-et-Vilaine;Bretagne;;;;;;;;
False;['80511000'];;False;True;False;attribue;{'StreetName': None, 'AdditionalStreetName': None, 'CityName': 'SAINT HERBLAIN', 'PostalZone': '44800', 'Country': 'FRA'};929248425;True;DECIL;DECIL;2026-09-10;{'StreetName': 'Cours des Alliés', 'AdditionalStreetName': None, 'CityName': 'RENNES', 'PostalZone': '35028', 'Country': 'FRA'};777749375;False;CAISSE D ALLOCATIONS FAMILIALES D ILLE ET VILAINE;CAF 35;;;services;['Prix 40 %', 'Valeur technique 54 %\nPerformance en matière de Développement Durable 6 %'];['prix', 'environnemental'];[40.0, 54.0, 6.0];1095.0;True;;False;;sans remise en concurrence;;26-87326;;;;LOT-0014;80500000;1153000.0;41;2.0;;Mise en place de sessions de formations professionnelles au profit des agents de Caisses d'Allocations Familiales adhérentes à l'EGOC;ouverte;AC-PA-03-2026;;;;True;False;False;;8110.0;Régime général de la Sécurité Sociale;250  à  499;<NA>;1900-01-01;84.30C;2008;5499.0;Société à responsabilité limitée (sans autre indication);;False;False;2008;M;70;70.2;70.22;70.22Z;2024-05-27;;Saint-Herblain;Loire-Atlantique;Pays de la Loire;(48.10528, -1.676035);Rennes;Ille-et-Vilaine;Bretagne;;;;;;;;
False;['80511000'];;False;True;False;attribue;{'StreetName': None, 'AdditionalStreetName': None, 'CityName': 'VAULX EN VELIN', 'PostalZone': '69120', 'Country': 'FRA'};512311184;True;ACCOLADES;ACCOLADES;2026-09-10;{'StreetName': 'Cours des Alliés', 'AdditionalStreetName': None, 'CityName': 'RENNES', 'PostalZone': '35028', 'Country': 'FRA'};777749375;False;CAISSE D ALLOCATIONS FAMILIALES D ILLE ET VILAINE;CAF 35;;;services;['Prix 40 %', 'Valeur technique 54 %\nPerformance en matière de Développement Durable 6 %'];['prix', 'environnemental'];[40.0, 54.0, 6.0];1095.0;True;;False;;sans remise en concurrence;;26-87326;;;;LOT-0014;80500000;1153000.0;41;2.0;;Mise en place de sessions de formations professionnelles au profit des agents de Caisses d'Allocations Familiales adhérentes à l'EGOC;ouverte;AC-PA-03-2026;;;;True;False;False;;8110.0;Régime général de la Sécurité Sociale;250  à  499;<NA>;1900-01-01;84.30C;2008;5499.0;Société à responsabilité limitée (sans autre indication);10  à  19;False;<NA>;2008;M;70;70.2;70.22;70.22Z;2009-04-25;;Vaulx-en-Velin;Rhône;Auvergne-Rhône-Alpes;(48.10528, -1.676035);Rennes;Ille-et-Vilaine;Bretagne;;;;;;;;
False;['80511000'];;False;True;False;attribue;{'StreetName': None, 'AdditionalStreetName': None, 'CityName': 'SAINT HERBLAIN', 'PostalZone': '44800', 'Country': 'FRA'};929248425;True;DECIL;DECIL;2026-09-10;{'StreetName': 'Cours des Alliés', 'AdditionalStreetName': None, 'CityName': 'RENNES', 'PostalZone': '35028', 'Country': 'FRA'};777749375;False;CAISSE D ALLOCATIONS FAMILIALES D ILLE ET VILAINE;CAF 35;;;services;['Prix 40 %', 'Valeur technique 54 %\nPerformance en matière de Développement Durable 6 %'];['prix', 'environnemental'];[40.0, 54.0, 6.0];1095.0;True;;False;;sans remise en concurrence;;26-87326;;;;LOT-0014;80500000;1153000.0;41;2.0;;Mise en place de sessions de formations professionnelles au profit des agents de Caisses d'Allocations Familiales adhérentes à l'EGOC;ouverte;AC-PA-03-2026;;;;True;False;False;;8110.0;Régime général de la Sécurité Sociale;250  à  499;<NA>;1900-01-01;84.30C;2008;5499.0;Société à responsabilité limitée (sans autre indication);;False;False;2008;M;70;70.2;70.22;70.22Z;2024-05-27;;Saint-Herblain;Loire-Atlantique;Pays de la Loire;(48.10528, -1.676035);Rennes;Ille-et-Vilaine;Bretagne;;;;;;;;
False;['80511000'];;False;True;False;attribue;{'StreetName': None, 'AdditionalStreetName': None, 'CityName': 'VAULX EN VELIN', 'PostalZone': '69120', 'Country': 'FRA'};512311184;True;ACCOLADES;ACCOLADES;2026-09-10;{'StreetName': 'Cours des Alliés', 'AdditionalStreetName': None, 'CityName': 'RENNES', 'PostalZone': '35028', 'Country': 'FRA'};777749375;False;CAISSE D ALLOCATIONS FAMILIALES D ILLE ET VILAINE;CAF 35;;;services;['Prix 40 %', 'Valeur technique 54 %\nPerformance en matière de Développement Durable 6 %'];['prix', 'environnemental'];[40.0, 54.0, 6.0];1095.0;True;;False;;sans remise en concurrence;;26-87326;;;;LOT-0014;80500000;1153000.0;41;2.0;;Mise en place de sessions de formations professionnelles au profit des agents de Caisses d'Allocations Familiales adhérentes à l'EGOC;ouverte;AC-PA-03-2026;;;;True;False;False;;8110.0;Régime général de la Sécurité Sociale;250  à  499;<NA>;1900-01-01;84.30C;2008;5499.0;Société à responsabilité limitée (sans autre indication);10  à  19;False;<NA>;2008;M;70;70.2;70.22;70.22Z;2009-04-25;;Vaulx-en-Velin;Rhône;Auvergne-Rhône-Alpes;(48.10528, -1.676035);Rennes;Ille-et-Vilaine;Bretagne;;;;;;;;
False;;;True;True;False;attribue;{'StreetName': '127 RUE DE BUZENVAL\nBP26', 'AdditionalStreetName': None, 'CityName': 'GARCHES', 'PostalZone': '92380', 'Country': 'FRA'};353579634;True;EQUIPEMENTS SCIENTIFIQUES;Équipements Scientifiques;2026-09-10;{'StreetName': 'CAMPUS DE BEAULIEU', 'AdditionalStreetName': '263 AV GAL LECLERC CS 74205', 'CityName': 'RENNES', 'PostalZone': '35700', 'Country': 'FRA'};130030513;True;UNIVERSITE DE RENNES;UNIVERSITE DE RENNES;;;fournitures;['Caractéristiques techniques des équipements en base et PSE retenues', 'Prix (base et PSE retenues)', 'Qualité de services du fournisseur (service après-vente, disponibilité\ndes pièces détachées, etc.)', 'Délais de livraison du matériel'];['technique', 'prix', 'qualite', 'delai'];[50.0, 40.0, 5.0, 5.0];450.0;False;;True;{'StreetName': 'ENSSAT\nInstitut Foton, « Département Systèmes Photoniques »\n6 rue de Kerampont\nCS 80518', 'CityName': 'Lannion', 'PostalZone': '22305', 'NUTS': 'FRH01', 'Country': 'FRA'};;;26-87369;;31684.4;;LOT-0001;38623000;;18;1.0;;"Acquisition d’un ensemble d’équipements pour l’Institut FOTON ; CPER Photbreizh phase 4 ; Site de Lannion";ouverte;2026021AOF;;;;False;False;False;435782.99;7383.0;Établissement public national à caractère scientifique culturel et professionnel ;2 000  à  4 999;False;2022-11-28;85.42Z;2008;5710.0;SAS, société par actions simplifiée;100  à  199;False;<NA>;2008;G;46;46.5;46.52;46.52Z;1990-01-26;(48.852488, 2.203039);Garches;Hauts-de-Seine;Île-de-France;(48.11547, -1.636991);Rennes;Ille-et-Vilaine;Bretagne;;;;;;;;
False;;;True;True;False;non attribue;;;False;;;2026-09-10;{'StreetName': 'CAMPUS DE BEAULIEU', 'AdditionalStreetName': '263 AV GAL LECLERC CS 74205', 'CityName': 'RENNES', 'PostalZone': '35700', 'Country': 'FRA'};130030513;True;UNIVERSITE DE RENNES;UNIVERSITE DE RENNES;;;fournitures;['Caractéristiques techniques des équipements en base et PSE retenues', 'Prix (base et PSE retenues)', 'Qualité de services du fournisseur (service après-vente, disponibilité des pièces détachées, etc.)', 'Délais de livraison du matériel'];['technique', 'prix', 'qualite', 'delai'];[50.0, 40.0, 5.0, 5.0];450.0;False;;True;{'StreetName': 'ENSSAT\nInstitut Foton, « Département Systèmes Photoniques »\n6 rue de Kerampont\nCS 80518', 'CityName': 'Lannion', 'PostalZone': '22305', 'NUTS': 'FRH01', 'Country': 'FRA'};;;26-87369;;;;LOT-0002;38623000;;18;0.0;;"Acquisition d’un ensemble d’équipements pour l’Institut FOTON ; CPER Photbreizh phase 4 ; Site de Lannion";ouverte;2026021AOF;;;;False;False;False;435782.99;7383.0;Établissement public national à caractère scientifique culturel et professionnel ;2 000  à  4 999;False;2022-11-28;85.42Z;2008;;;;;;<NA>;;;;;<NA>;<NA>;;;;;(48.11547, -1.636991);Rennes;Ille-et-Vilaine;Bretagne;;;;;;;;
False;;;True;True;False;non attribue;;;False;;;2026-09-10;{'StreetName': 'CAMPUS DE BEAULIEU', 'AdditionalStreetName': '263 AV GAL LECLERC CS 74205', 'CityName': 'RENNES', 'PostalZone': '35700', 'Country': 'FRA'};130030513;True;UNIVERSITE DE RENNES;UNIVERSITE DE RENNES;;;fournitures;['Caractéristiques techniques des équipements en base et PSE retenues', 'Prix (base et PSE retenues)', 'Qualité de services du fournisseur (service après-vente, disponibilité des pièces détachées, etc.)', 'Délais de livraison du matériel'];['technique', 'prix', 'qualite', 'delai'];[50.0, 40.0, 5.0, 5.0];810.0;False;;True;{'StreetName': 'ENSSAT\nInstitut Foton, « Département Systèmes Photoniques »\n6 rue de Kerampont\nCS 80518', 'CityName': 'Lannion', 'PostalZone': '22305', 'NUTS': 'FRH01', 'Country': 'FRA'};;;26-87369;;;;LOT-0003;38000000;;18;0.0;;"Acquisition d’un ensemble d’équipements pour l’Institut FOTON ; CPER Photbreizh phase 4 ; Site de Lannion";ouverte;2026021AOF;;;;False;False;False;435782.99;7383.0;Établissement public national à caractère scientifique culturel et professionnel ;2 000  à  4 999;False;2022-11-28;85.42Z;2008;;;;;;<NA>;;;;;<NA>;<NA>;;;;;(48.11547, -1.636991);Rennes;Ille-et-Vilaine;Bretagne;;;;;;;;
False;;;True;True;False;non attribue;;;False;;;2026-09-10;{'StreetName': 'CAMPUS DE BEAULIEU', 'AdditionalStreetName': '263 AV GAL LECLERC CS 74205', 'CityName': 'RENNES', 'PostalZone': '35700', 'Country': 'FRA'};130030513;True;UNIVERSITE DE RENNES;UNIVERSITE DE RENNES;;;fournitures;['Caractéristiques techniques des équipements en base et PSE retenues', 'Prix (base et PSE retenues)', 'Qualité de services du fournisseur (service après-vente, disponibilité des pièces détachées, etc.)', 'Délais de livraison du matériel'];['technique', 'prix', 'qualite', 'delai'];[50.0, 40.0, 5.0, 5.0];810.0;False;;True;{'StreetName': 'ENSSAT\nInstitut Foton, « Département Systèmes Photoniques »\n6 rue de Kerampont\nCS 80518', 'CityName': 'Lannion', 'PostalZone': '22305', 'NUTS': 'FRH01', 'Country': 'FRA'};;;26-87369;;;;LOT-0004;38636100;;18;1.0;;"Acquisition d’un ensemble d’équipements pour l’Institut FOTON ; CPER Photbreizh phase 4 ; Site de Lannion";ouverte;2026021AOF;;;;False;False;False;435782.99;7383.0;Établissement public national à caractère scientifique culturel et professionnel ;2 000  à  4 999;False;2022-11-28;85.42Z;2008;;;;;;<NA>;;;;;<NA>;<NA>;;;;;(48.11547, -1.636991);Rennes;Ille-et-Vilaine;Bretagne;;;;;;;;
False;;;True;True;False;non attribue;;;False;;;2026-09-10;{'StreetName': 'CAMPUS DE BEAULIEU', 'AdditionalStreetName': '263 AV GAL LECLERC CS 74205', 'CityName': 'RENNES', 'PostalZone': '35700', 'Country': 'FRA'};130030513;True;UNIVERSITE DE RENNES;UNIVERSITE DE RENNES;;;fournitures;['Caractéristiques techniques des équipements en base et PSE retenues', 'Prix (base et PSE retenues)', 'Qualité de services du fournisseur (service après-vente, disponibilité des pièces détachées, etc.)', 'Délais de livraison du matériel'];['technique', 'prix', 'qualite', 'delai'];[50.0, 40.0, 5.0, 5.0];810.0;False;;True;{'StreetName': 'ENSSAT\nInstitut Foton, « Département Systèmes Photoniques »\n6 rue de Kerampont\nCS 80518', 'CityName': 'Lannion', 'PostalZone': '22305', 'NUTS': 'FRH01', 'Country': 'FRA'};;;26-87369;;;;LOT-0005;38430000;;18;1.0;;"Acquisition d’un ensemble d’équipements pour l’Institut FOTON ; CPER Photbreizh phase 4 ; Site de Lannion";ouverte;2026021AOF;;;;False;False;False;435782.99;7383.0;Établissement public national à caractère scientifique culturel et professionnel ;2 000  à  4 999;False;2022-11-28;85.42Z;2008;;;;;;<NA>;;;;;<NA>;<NA>;;;;;(48.11547, -1.636991);Rennes;Ille-et-Vilaine;Bretagne;;;;;;;;
False;;;True;True;False;attribue;{'StreetName': '4 rue Louis de Broglie', 'AdditionalStreetName': None, 'CityName': 'Lannion', 'PostalZone': '22300', 'Country': 'FRA'};444437362;False;OXXIUS;Oxxius SA;2026-09-10;{'StreetName': 'CAMPUS DE BEAULIEU', 'AdditionalStreetName': '263 AV GAL LECLERC CS 74205', 'CityName': 'RENNES', 'PostalZone': '35700', 'Country': 'FRA'};130030513;True;UNIVERSITE DE RENNES;UNIVERSITE DE RENNES;;;fournitures;['Caractéristiques techniques des équipements en base et PSE retenues', 'Prix (base et PSE retenues)', 'Qualité de services du fournisseur (service après-vente, disponibilité des pièces détachées, etc.)', 'Délais de livraison du matériel'];['technique', 'prix', 'qualite', 'delai'];[50.0, 40.0, 5.0, 5.0];810.0;False;;True;{'StreetName': 'ENSSAT\nInstitut Foton, « Département Systèmes Photoniques »\n6 rue de Kerampont\nCS 80518', 'CityName': 'Lannion', 'PostalZone': '22305', 'NUTS': 'FRH01', 'Country': 'FRA'};;;26-87369;;8355.0;;LOT-0006;31712348;;18;2.0;;"Acquisition d’un ensemble d’équipements pour l’Institut FOTON ; CPER Photbreizh phase 4 ; Site de Lannion";ouverte;2026021AOF;;;;False;False;False;435782.99;7383.0;Établissement public national à caractère scientifique culturel et professionnel ;2 000  à  4 999;False;2022-11-28;85.42Z;2008;5710.0;SAS, société par actions simplifiée;50  à  99;False;<NA>;2008;C;26;26.7;26.7;26.70Z;2002-12-02;(48.758646, -3.464318);Lannion;Côtes-d'Armor;Bretagne;(48.11547, -1.636991);Rennes;Ille-et-Vilaine;Bretagne;;;;;;;;
False;;;True;True;False;non attribue;;;False;;;2026-09-10;{'StreetName': 'CAMPUS DE BEAULIEU', 'AdditionalStreetName': '263 AV GAL LECLERC CS 74205', 'CityName': 'RENNES', 'PostalZone': '35700', 'Country': 'FRA'};130030513;True;UNIVERSITE DE RENNES;UNIVERSITE DE RENNES;;;fournitures;['Caractéristiques techniques des équipements en base et PSE retenues', 'Prix (base et PSE retenues)', 'Qualité de services du fournisseur (service après-vente, disponibilité des pièces détachées, etc.)', 'Délais de livraison du matériel'];['technique', 'prix', 'qualite', 'delai'];[50.0, 40.0, 5.0, 5.0];450.0;False;;True;{'StreetName': 'ENSSAT\nIRISA - Équipe Granit\n6 rue de Kerampont\nCS 80518', 'CityName': 'Lannion,', 'PostalZone': '22305', 'NUTS': 'FRH01', 'Country': 'FRA'};;;26-87369;;;;LOT-0007;38800000;;18;0.0;;"Acquisition d’un ensemble d’équipements pour l’Institut FOTON ; CPER Photbreizh phase 4 ; Site de Lannion";ouverte;2026021AOF;;;;False;False;False;435782.99;7383.0;Établissement public national à caractère scientifique culturel et professionnel ;2 000  à  4 999;False;2022-11-28;85.42Z;2008;;;;;;<NA>;;;;;<NA>;<NA>;;;;;(48.11547, -1.636991);Rennes;Ille-et-Vilaine;Bretagne;;;;;;;;
False;;;True;True;False;non attribue;;;False;;;2026-09-10;{'StreetName': 'CAMPUS DE BEAULIEU', 'AdditionalStreetName': '263 AV GAL LECLERC CS 74205', 'CityName': 'RENNES', 'PostalZone': '35700', 'Country': 'FRA'};130030513;True;UNIVERSITE DE RENNES;UNIVERSITE DE RENNES;;;fournitures;['Caractéristiques techniques des équipements en base et PSE retenues', 'Prix (base et PSE retenues)', 'Qualité de services du fournisseur (service après-vente, disponibilité des pièces détachées, etc.)', 'Délais de livraison du matériel'];['technique', 'prix', 'qualite', 'delai'];[50.0, 40.0, 5.0, 5.0];450.0;False;;True;{'StreetName': 'ENSSAT\nIRISA – Équipe Granit\n6 rue de Kerampont\nCS 80518', 'CityName': 'Lannion', 'PostalZone': '22305', 'NUTS': 'FRH01', 'Country': 'FRA'};;;26-87369;;;;LOT-0008;38800000;;18;0.0;;"Acquisition d’un ensemble d’équipements pour l’Institut FOTON ; CPER Photbreizh phase 4 ; Site de Lannion";ouverte;2026021AOF;;;;False;False;False;435782.99;7383.0;Établissement public national à caractère scientifique culturel et professionnel ;2 000  à  4 999;False;2022-11-28;85.42Z;2008;;;;;;<NA>;;;;;<NA>;<NA>;;;;;(48.11547, -1.636991);Rennes;Ille-et-Vilaine;Bretagne;;;;;;;;
False;;;True;True;False;attribue;{'StreetName': 'ZA DE COURTABOEUF\n6 AVENUE DES ANDES - BAT 8', 'AdditionalStreetName': None, 'CityName': 'LES ULIS', 'PostalZone': '91940', 'Country': 'FRA'};353762650;True;;OPTON LASER INTERNATIONAL;2026-09-10;{'StreetName': 'CAMPUS DE BEAULIEU', 'AdditionalStreetName': '263 AV GAL LECLERC CS 74205', 'CityName': 'RENNES', 'PostalZone': '35700', 'Country': 'FRA'};130030513;True;UNIVERSITE DE RENNES;UNIVERSITE DE RENNES;;;fournitures;['Caractéristiques techniques des équipements en base et PSE retenues', 'Prix (base et PSE retenues)', 'Qualité de services du fournisseur (service après-vente, disponibilité des pièces détachées, etc.)', 'Délais de livraison du matériel'];['technique', 'prix', 'qualite', 'delai'];[50.0, 40.0, 5.0, 5.0];810.0;False;;True;{'StreetName': 'ENSSAT\nInstitut Foton, « Département Systèmes Photoniques »\n6 rue de Kerampont\nCS 80518', 'CityName': 'Lannion', 'PostalZone': '22305', 'NUTS': 'FRH01', 'Country': 'FRA'};;;26-87369;;147615.0;;LOT-0009;38636100;;18;2.0;;"Acquisition d’un ensemble d’équipements pour l’Institut FOTON ; CPER Photbreizh phase 4 ; Site de Lannion";ouverte;2026021AOF;;;;False;False;False;435782.99;7383.0;Établissement public national à caractère scientifique culturel et professionnel ;2 000  à  4 999;False;2022-11-28;85.42Z;2008;;;;;;<NA>;;;;;<NA>;<NA>;(48.678995, 2.194552);Les Ulis;Essonne;Île-de-France;(48.11547, -1.636991);Rennes;Ille-et-Vilaine;Bretagne;;;;;;;;
False;;;True;True;False;non attribue;;;False;;;2026-09-10;{'StreetName': 'CAMPUS DE BEAULIEU', 'AdditionalStreetName': '263 AV GAL LECLERC CS 74205', 'CityName': 'RENNES', 'PostalZone': '35700', 'Country': 'FRA'};130030513;True;UNIVERSITE DE RENNES;UNIVERSITE DE RENNES;;;fournitures;['Caractéristiques techniques des équipements en base et PSE retenues', 'Prix (base et PSE retenues)', 'Qualité de services du fournisseur (service après-vente, disponibilité des pièces détachées, etc.)', 'Délais de livraison du matériel'];['technique', 'prix', 'qualite', 'delai'];[50.0, 40.0, 5.0, 5.0];810.0;False;;True;{'StreetName': 'ENSSAT\nInstitut Foton, « Département Systèmes Photoniques »\n6 rue de Kerampont\nCS 80518', 'CityName': 'Lannion', 'PostalZone': '22305', 'NUTS': 'FRH01', 'Country': 'FRA'};;;26-87369;;;;LOT-0010;38636000;;18;2.0;;"Acquisition d’un ensemble d’équipements pour l’Institut FOTON ; CPER Photbreizh phase 4 ; Site de Lannion";ouverte;2026021AOF;;;;False;False;False;435782.99;7383.0;Établissement public national à caractère scientifique culturel et professionnel ;2 000  à  4 999;False;2022-11-28;85.42Z;2008;;;;;;<NA>;;;;;<NA>;<NA>;;;;;(48.11547, -1.636991);Rennes;Ille-et-Vilaine;Bretagne;;;;;;;;
False;;;True;True;False;attribue;{'StreetName': '14841 KEEL STREET', 'AdditionalStreetName': None, 'CityName': 'PLYMOUTH', 'PostalZone': '14841', 'Country': 'USA'};530740562;False;TONNER DRONES;QUANTUM OPUS LLC;2026-09-10;{'StreetName': 'CAMPUS DE BEAULIEU', 'AdditionalStreetName': '263 AV GAL LECLERC CS 74205', 'CityName': 'RENNES', 'PostalZone': '35700', 'Country': 'FRA'};130030513;True;UNIVERSITE DE RENNES;UNIVERSITE DE RENNES;;;fournitures;['Caractéristiques techniques des équipements en base et PSE retenues', 'Prix (base et PSE retenues)', 'Qualité de services du fournisseur (service après-vente, disponibilité des pièces détachées, etc.)', 'Délais de livraison du matériel'];['technique', 'prix', 'qualite', 'delai'];[50.0, 40.0, 5.0, 5.0];450.0;False;;True;{'StreetName': 'ENSSAT\nInstitut Foton, « Département Systèmes Photoniques »\n6 rue de Kerampont\nCS 80518', 'CityName': 'Lannion', 'PostalZone': '22305', 'NUTS': 'FRH01', 'Country': 'FRA'};;;26-87369;;145290.0;;LOT-0011;38430000;;18;3.0;;"Acquisition d’un ensemble d’équipements pour l’Institut FOTON ; CPER Photbreizh phase 4 ; Site de Lannion";ouverte;2026021AOF;;;;False;False;False;435782.99;7383.0;Établissement public national à caractère scientifique culturel et professionnel ;2 000  à  4 999;False;2022-11-28;85.42Z;2008;5599.0;SA à conseil d'administration (s.a.i.);;False;<NA>;2008;G;46;46.5;46.52;46.52Z;2011-02-25;42.3910616;-83.4965996;;;(48.11547, -1.636991);Rennes;Ille-et-Vilaine;Bretagne;;;;;;;;
False;;;True;True;False;attribue;{'StreetName': '2 RUE Paul Sabatier', 'AdditionalStreetName': None, 'CityName': 'SAINT-BRIEUC', 'PostalZone': '22300', 'Country': 'FRA'};970202719;True;LUMIBIRD;LUMIBIRD;2026-09-10;{'StreetName': 'CAMPUS DE BEAULIEU', 'AdditionalStreetName': '263 AV GAL LECLERC CS 74205', 'CityName': 'RENNES', 'PostalZone': '35700', 'Country': 'FRA'};130030513;True;UNIVERSITE DE RENNES;UNIVERSITE DE RENNES;;;fournitures;['Caractéristiques techniques des équipements en base et PSE retenues', 'Prix (base et PSE retenues)', 'Qualité de services du fournisseur (service après-vente, disponibilité des pièces détachées, etc.)', 'Délais de livraison du matériel'];['technique', 'prix', 'qualite', 'delai'];[50.0, 40.0, 5.0, 5.0];450.0;False;;True;{'StreetName': 'ENSSAT\nInstitut Foton, « Département Systèmes Photoniques »\n6 rue de Kerampont\nCS 80518', 'CityName': 'Lannion', 'PostalZone': '22305', 'NUTS': 'FRH01', 'Country': 'FRA'};;;26-87369;;23166.9;;LOT-0012;38636000;;18;2.0;;"Acquisition d’un ensemble d’équipements pour l’Institut FOTON ; CPER Photbreizh phase 4 ; Site de Lannion";ouverte;2026021AOF;;;;False;False;False;435782.99;7383.0;Établissement public national à caractère scientifique culturel et professionnel ;2 000  à  4 999;False;2022-11-28;85.42Z;2008;5599.0;SA à conseil d'administration (s.a.i.);50  à  99;False;<NA>;2008;C;26;26.7;26.7;26.70Z;1974-09-19;(48.505948, -2.782982);Saint-Brieuc;Côtes-d'Armor;Bretagne;(48.11547, -1.636991);Rennes;Ille-et-Vilaine;Bretagne;;;;;;;;
False;;;True;True;False;attribue;"{'StreetName': ""Les Collines de l'Arche\nImmeuble Concorde F\n76 Route de la Demi-Lune"", 'AdditionalStreetName': None, 'CityName': 'Puteaux', 'PostalZone': '92800', 'Country': 'FRA'}";507672368;True;THORLABS  SAS;Thorlabs SAS;2026-09-10;{'StreetName': 'CAMPUS DE BEAULIEU', 'AdditionalStreetName': '263 AV GAL LECLERC CS 74205', 'CityName': 'RENNES', 'PostalZone': '35700', 'Country': 'FRA'};130030513;True;UNIVERSITE DE RENNES;UNIVERSITE DE RENNES;;;fournitures;['Caractéristiques techniques des équipements en base et PSE retenues', 'Prix (base et PSE retenues)', 'Qualité de services du fournisseur (service après-vente, disponibilité des pièces détachées, etc.)', 'Délais de livraison du matériel'];['technique', 'prix', 'qualite', 'delai'];[50.0, 40.0, 5.0, 5.0];450.0;False;;True;{'StreetName': 'ENSSAT\nInstitut Foton, « Département Systèmes Photoniques »\n6 rue de Kerampont\nCS 80518', 'CityName': 'Lannion', 'PostalZone': '22305', 'NUTS': 'FRH01', 'Country': 'FRA'};;;26-87369;;11489.04;;LOT-0013;38430000;;18;1.0;;"Acquisition d’un ensemble d’équipements pour l’Institut FOTON ; CPER Photbreizh phase 4 ; Site de Lannion";ouverte;2026021AOF;;;;False;False;False;435782.99;7383.0;Établissement public national à caractère scientifique culturel et professionnel ;2 000  à  4 999;False;2022-11-28;85.42Z;2008;5710.0;SAS, société par actions simplifiée;10  à  19;False;<NA>;2008;G;46;46.5;46.52;46.52Z;2008-08-12;(48.89385, 2.237727);Puteaux;Hauts-de-Seine;Île-de-France;(48.11547, -1.636991);Rennes;Ille-et-Vilaine;Bretagne;;;;;;;;
False;;;True;True;False;attribue;{'StreetName': '137 avenue Anatole France', 'AdditionalStreetName': None, 'CityName': 'Choisy-le-Roi', 'PostalZone': '94600', 'Country': 'FRA'};789759362;True;NANO-GIGA;NANO-GIGA SASU;2026-09-10;{'StreetName': 'CAMPUS DE BEAULIEU', 'AdditionalStreetName': '263 AV GAL LECLERC CS 74205', 'CityName': 'RENNES', 'PostalZone': '35700', 'Country': 'FRA'};130030513;True;UNIVERSITE DE RENNES;UNIVERSITE DE RENNES;;;fournitures;['Caractéristiques techniques des équipements en base et PSE retenues', 'Prix (base et PSE retenues)', 'Qualité de services du fournisseur (service après-vente, disponibilité des pièces détachées, etc.)', 'Délais de livraison du matériel'];['technique', 'prix', 'qualite', 'delai'];[50.0, 40.0, 5.0, 5.0];450.0;False;;True;{'StreetName': 'ENSSAT\nInstitut Foton, « Département Systèmes Photoniques »\n6 rue de Kerampont\nCS 80518', 'CityName': 'Lannion', 'PostalZone': '22305', 'NUTS': 'FRH01', 'Country': 'FRA'};;;26-87369;;19100.0;;LOT-0014;31712348;;18;2.0;;"Acquisition d’un ensemble d’équipements pour l’Institut FOTON ; CPER Photbreizh phase 4 ; Site de Lannion";ouverte;2026021AOF;;;;False;False;False;435782.99;7383.0;Établissement public national à caractère scientifique culturel et professionnel ;2 000  à  4 999;False;2022-11-28;85.42Z;2008;5710.0;SAS, société par actions simplifiée;1  ou  2;False;<NA>;2008;G;46;46.5;46.52;46.52Z;2012-11-25;(48.755336, 2.414994);Choisy-le-Roi;Val-de-Marne;Île-de-France;(48.11547, -1.636991);Rennes;Ille-et-Vilaine;Bretagne;;;;;;;;
False;;;True;True;False;attribue;"{'StreetName': ""Les Collines de l'Arche\nImmeuble Concorde F\n76 Route de la Demi-Lune"", 'AdditionalStreetName': None, 'CityName': 'Puteaux', 'PostalZone': '92800', 'Country': 'FRA'}";507672368;True;THORLABS  SAS;Thorlabs SAS;2026-09-10;{'StreetName': 'CAMPUS DE BEAULIEU', 'AdditionalStreetName': '263 AV GAL LECLERC CS 74205', 'CityName': 'RENNES', 'PostalZone': '35700', 'Country': 'FRA'};130030513;True;UNIVERSITE DE RENNES;UNIVERSITE DE RENNES;;;fournitures;['Caractéristiques techniques des équipements en base et PSE retenues', 'Prix (base et PSE retenues)', 'Qualité de services du fournisseur (service après-vente, disponibilité des pièces détachées, etc.)', 'Délais de livraison du matériel'];['technique', 'prix', 'qualite', 'delai'];[50.0, 40.0, 5.0, 5.0];810.0;False;;True;{'StreetName': 'ENSSAT\nInstitut Foton, « Département Systèmes Photoniques »\n6 rue de Kerampont\nCS 80518', 'CityName': 'Lannion', 'PostalZone': '22305', 'NUTS': 'FRH01', 'Country': 'FRA'};;;26-87369;;13033.09;;LOT-0015;38636100;;18;3.0;;"Acquisition d’un ensemble d’équipements pour l’Institut FOTON ; CPER Photbreizh phase 4 ; Site de Lannion";ouverte;2026021AOF;;;;False;False;False;435782.99;7383.0;Établissement public national à caractère scientifique culturel et professionnel ;2 000  à  4 999;False;2022-11-28;85.42Z;2008;5710.0;SAS, société par actions simplifiée;10  à  19;False;<NA>;2008;G;46;46.5;46.52;46.52Z;2008-08-12;(48.89385, 2.237727);Puteaux;Hauts-de-Seine;Île-de-France;(48.11547, -1.636991);Rennes;Ille-et-Vilaine;Bretagne;;;;;;;;
False;;;True;True;False;attribue;{'StreetName': '10 rue Xavier Bichat', 'AdditionalStreetName': None, 'CityName': 'LE MANS', 'PostalZone': '72000', 'Country': 'FRA'};893628511;True;SILENTSYS;SILENTSYS SAS;2026-09-10;{'StreetName': 'CAMPUS DE BEAULIEU', 'AdditionalStreetName': '263 AV GAL LECLERC CS 74205', 'CityName': 'RENNES', 'PostalZone': '35700', 'Country': 'FRA'};130030513;True;UNIVERSITE DE RENNES;UNIVERSITE DE RENNES;;;fournitures;['Caractéristiques techniques des équipements en base et PSE retenues', 'Prix (base et PSE retenues)', 'Qualité de services du fournisseur (service après-vente, disponibilité des pièces détachées, etc.)', 'Délais de livraison du matériel'];['technique', 'prix', 'qualite', 'delai'];[50.0, 40.0, 5.0, 5.0];810.0;False;;True;{'StreetName': 'ENSSAT\nInstitut Foton, « Département Systèmes Photoniques »\n6 rue de Kerampont\nCS 80518', 'CityName': '22305', 'PostalZone': 'Lannion', 'NUTS': 'FRH01', 'Country': 'FRA'};;;26-87369;;14500.0;;LOT-0016;38636000;;18;1.0;;"Acquisition d’un ensemble d’équipements pour l’Institut FOTON ; CPER Photbreizh phase 4 ; Site de Lannion";ouverte;2026021AOF;;;;False;False;False;435782.99;7383.0;Établissement public national à caractère scientifique culturel et professionnel ;2 000  à  4 999;False;2022-11-28;85.42Z;2008;5710.0;SAS, société par actions simplifiée;10  à  19;False;<NA>;2008;C;26;26.5;26.51;26.51B;2021-02-01;(48.020548, 0.163831);Le Mans;Sarthe;Pays de la Loire;(48.11547, -1.636991);Rennes;Ille-et-Vilaine;Bretagne;;;;;;;;
False;;;True;True;False;attribue;{'StreetName': '10 rue Xavier Bichat', 'AdditionalStreetName': None, 'CityName': 'LE MANS', 'PostalZone': '72000', 'Country': 'FRA'};893628511;True;SILENTSYS;SILENTSYS SAS;2026-09-10;{'StreetName': 'CAMPUS DE BEAULIEU', 'AdditionalStreetName': '263 AV GAL LECLERC CS 74205', 'CityName': 'RENNES', 'PostalZone': '35700', 'Country': 'FRA'};130030513;True;UNIVERSITE DE RENNES;UNIVERSITE DE RENNES;;;fournitures;['Caractéristiques techniques des équipements en base et PSE retenues', 'Prix (base et PSE retenues)', 'Qualité de services du fournisseur (service après-vente, disponibilité\ndes pièces détachées, etc.)', 'Délais de livraison du matériel'];['technique', 'prix', 'qualite', 'delai'];[50.0, 40.0, 5.0, 5.0];810.0;False;;True;{'StreetName': 'ENSSAT\nInstitut Foton, « Département Systèmes Photoniques »\n6 rue de Kerampont\nCS 80518', 'CityName': 'Lannion', 'PostalZone': '22305', 'NUTS': 'FRH01', 'Country': 'FRA'};;;26-87369;;4000.0;;LOT-0017;38570000;;18;1.0;;"Acquisition d’un ensemble d’équipements pour l’Institut FOTON ; CPER Photbreizh phase 4 ; Site de Lannion";ouverte;2026021AOF;;;;False;False;False;435782.99;7383.0;Établissement public national à caractère scientifique culturel et professionnel ;2 000  à  4 999;False;2022-11-28;85.42Z;2008;5710.0;SAS, société par actions simplifiée;10  à  19;False;<NA>;2008;C;26;26.5;26.51;26.51B;2021-02-01;(48.020548, 0.163831);Le Mans;Sarthe;Pays de la Loire;(48.11547, -1.636991);Rennes;Ille-et-Vilaine;Bretagne;;;;;;;;
False;;;True;True;False;attribue;{'StreetName': '127 RUE DE BUZENVAL\nBP26', 'AdditionalStreetName': None, 'CityName': 'GARCHES', 'PostalZone': '92380', 'Country': 'FRA'};353579634;True;EQUIPEMENTS SCIENTIFIQUES;Équipements Scientifiques;2026-09-10;{'StreetName': 'CAMPUS DE BEAULIEU', 'AdditionalStreetName': '263 AV GAL LECLERC CS 74205', 'CityName': 'RENNES', 'PostalZone': '35700', 'Country': 'FRA'};130030513;True;UNIVERSITE DE RENNES;UNIVERSITE DE RENNES;;;fournitures;['Caractéristiques techniques des équipements en base et PSE retenues', 'Prix (base et PSE retenues)', 'Qualité de services du fournisseur (service après-vente, disponibilité des pièces détachées, etc.)', 'Délais de livraison du matériel'];['technique', 'prix', 'qualite', 'delai'];[50.0, 40.0, 5.0, 5.0];810.0;False;;True;{'StreetName': 'ENSSAT\nInstitut Foton, « Département Systèmes Photoniques »\n6 rue de Kerampont\nCS 80518', 'CityName': 'Lannion', 'PostalZone': '22305', 'NUTS': 'FRH01', 'Country': 'FRA'};;;26-87369;;17549.56;;LOT-0018;38410000;;18;1.0;;"Acquisition d’un ensemble d’équipements pour l’Institut FOTON ; CPER Photbreizh phase 4 ; Site de Lannion";ouverte;2026021AOF;;;;False;False;False;435782.99;7383.0;Établissement public national à caractère scientifique culturel et professionnel ;2 000  à  4 999;False;2022-11-28;85.42Z;2008;5710.0;SAS, société par actions simplifiée;100  à  199;False;<NA>;2008;G;46;46.5;46.52;46.52Z;1990-01-26;(48.852488, 2.203039);Garches;Hauts-de-Seine;Île-de-France;(48.11547, -1.636991);Rennes;Ille-et-Vilaine;Bretagne;;;;;;;;
False;;;True;False;False;attribue;;;False;;;2026-09-10;{'StreetName': '36 rue Raymond Mondon', 'AdditionalStreetName': None, 'CityName': 'RONCOURT', 'PostalZone': '57860', 'Country': 'FRA'};215705930;True;COMMUNE DE RONCOURT;Commune de RONCOURT;;;services;"['-Insertion dans le site, adaptation au terrain et à son environnement ; \r\n-Traitement des abords et accessibilité au bâtiment ; \r\n-Qualité architecturale, volumétrie et expression des façades.', ""-Respect du programme et respect des surfaces ; \r\n-Respect de l'organisation fonctionnelle des locaux ; \r\n-Qualité d'usage et fluidité"", ""-Compatibilité du projet avec l'enveloppe financière prévisionnelle affectée aux travaux, proposition de pistes d'économie"", ""-Délai global pour les études MOE et travaux ;\r\n-Organisation de chantier, comprenant l'appréhension des phasages de réalisation afin de garantir le planning projeté."", ""-Prise en compte des principes de développement durable ; -Choix et pérennité des matériaux; -Choix sur les moyens de production (de chaleur, de traitement d'eau, de traitement d'air) et facilité d'exploitation et de maintenance, préservation des éléments existants.""]";['environnemental & social', 'qualite', 'qualite', 'delai', 'environnemental'];;960.0;False;;False;{'StreetName': None, 'CityName': None, 'PostalZone': None, 'NUTS': 'FRF33', 'Country': 'FRA'};;;26-87304;24-143143;274490.0;;LOT-0001;71000000;;1;3.0;;Concours de maîtrise d'oeuvre sur esquisse pour la construction d'un accueil périscolaire et la rénovation de la salle communale à Roncourt;restreinte;2025-01;;;False;False;False;False;274490.0;7210.0;Commune et commune nouvelle ;20  à  49;False;1980-01-01;84.11Z;2008;;;;;;<NA>;;;;;<NA>;<NA>;;;;;(49.202508, 6.043464);Roncourt;Moselle;Grand Est;;;;;;;;
False;['15811300'];;True;True;False;attribue;{'StreetName': '44 Place Nationale', 'AdditionalStreetName': None, 'CityName': 'Frouard', 'PostalZone': '54390', 'Country': 'FRA'};422218883;True;SARL LE PAIN AU LEVAIN;Le Pain au Levain;2026-09-10;{'StreetName': '2 RUE DE LA VISITATION', 'AdditionalStreetName': None, 'CityName': 'Nancy cedex', 'PostalZone': '54042', 'Country': 'FRA'};195400387;True;LYCEE GENERAL TECHNOLOGIQ HENRI POINCARE;GROUPEMENT DE COMMANDES LYCEE HENRI POINCARE;;2026-09-01+02:00;fournitures;"[""La qualité pèsera à hauteur de 45% dans la note finale, elle comportera le résultat de tests d'échantillons, l'analyse du dossier technique et des fiches techniques de la farine employée."", ""Montant de l'offre et estimation du catalogue.""]";['qualite', 'prix'];[45.0, 55.0];;False;0.0;False;{'StreetName': None, 'CityName': 'NANCY', 'PostalZone': '54000', 'NUTS': 'FRF31', 'Country': 'FRA'};sans remise en concurrence;;26-87114;;201640.0;0.0;LOT-0001;15811100;;9;2.0;;Marché de Fourniture de Pain frais 2026;ouverte;Marché PAIN 2026-01;;;;False;False;False;1220168.0;7331.0;Établissement public local d'enseignement ;200  à  249;<NA>;1983-03-01;85.31Z;2008;5710.0;SAS, société par actions simplifiée;20  à  49;False;<NA>;2008;C;10;10.7;10.71;10.71C;1999-01-05;(48.760122, 6.122478);Frouard;Meurthe-et-Moselle;Grand Est;(48.691458, 6.179529);Nancy;Meurthe-et-Moselle;Grand Est;;;;;;;;
False;['15811300'];;True;True;False;attribue;{'StreetName': '14 rue de Ham', 'AdditionalStreetName': None, 'CityName': 'Ham sous Varsberg', 'PostalZone': '57880', 'Country': 'FRA'};800725962;True;LE PAIN CROUSTILLANT;Le Pain Croustillant;2026-09-10;{'StreetName': '2 RUE DE LA VISITATION', 'AdditionalStreetName': None, 'CityName': 'Nancy cedex', 'PostalZone': '54042', 'Country': 'FRA'};195400387;True;LYCEE GENERAL TECHNOLOGIQ HENRI POINCARE;GROUPEMENT DE COMMANDES LYCEE HENRI POINCARE;;2026-09-01+02:00;fournitures;"[""La qualité pèsera à hauteur de 45% dans la note finale, elle comportera le résultat de tests d'échantillons, l'analyse du dossier technique et des fiches techniques de la farine employée."", ""Montant de l'offre et estimation du catalogue.""]";['qualite', 'prix'];[45.0, 55.0];;False;0.0;False;{'StreetName': None, 'CityName': None, 'PostalZone': None, 'NUTS': 'FRF31', 'Country': 'FRA'};sans remise en concurrence;;26-87114;;124630.0;;LOT-0002;15811100;;9;2.0;;Marché de Fourniture de Pain frais 2026;ouverte;Marché PAIN 2026-01;;;;False;False;False;1220168.0;7331.0;Établissement public local d'enseignement ;200  à  249;<NA>;1983-03-01;85.31Z;2008;5710.0;SAS, société par actions simplifiée;20  à  49;False;<NA>;2008;C;10;10.7;10.71;10.71C;2014-03-01;(49.191825, 6.662844);Ham-sous-Varsberg;Moselle;Grand Est;(48.691458, 6.179529);Nancy;Meurthe-et-Moselle;Grand Est;;;;;;;;
False;['15811300'];;True;True;False;attribue;{'StreetName': '44 Place Nationale', 'AdditionalStreetName': None, 'CityName': 'Frouard', 'PostalZone': '54390', 'Country': 'FRA'};422218883;True;SARL LE PAIN AU LEVAIN;Le Pain au Levain;2026-09-10;{'StreetName': '2 RUE DE LA VISITATION', 'AdditionalStreetName': None, 'CityName': 'Nancy cedex', 'PostalZone': '54042', 'Country': 'FRA'};195400387;True;LYCEE GENERAL TECHNOLOGIQ HENRI POINCARE;GROUPEMENT DE COMMANDES LYCEE HENRI POINCARE;;2026-09-01+02:00;fournitures;"[""La qualité pèsera à hauteur de 45% dans la note finale, elle comportera le résultat de tests d'échantillons, l'analyse du dossier technique et des fiches techniques de la farine employée."", ""Le prix pèsera à hauteur de 55% dans la note finale (Estimation de l'offre et des prix au catalogue).""]";['qualite', 'prix'];[45.0, 55.0];;False;0.0;False;{'StreetName': None, 'CityName': None, 'PostalZone': None, 'NUTS': 'FRF31', 'Country': 'FRA'};sans remise en concurrence;;26-87114;;84240.0;;LOT-0003;15811100;;9;2.0;;Marché de Fourniture de Pain frais 2026;ouverte;Marché PAIN 2026-01;;;;False;False;False;1220168.0;7331.0;Établissement public local d'enseignement ;200  à  249;<NA>;1983-03-01;85.31Z;2008;5710.0;SAS, société par actions simplifiée;20  à  49;False;<NA>;2008;C;10;10.7;10.71;10.71C;1999-01-05;(48.760122, 6.122478);Frouard;Meurthe-et-Moselle;Grand Est;(48.691458, 6.179529);Nancy;Meurthe-et-Moselle;Grand Est;;;;;;;;
False;['15811300'];;True;True;False;attribue;{'StreetName': '44 Place Nationale', 'AdditionalStreetName': None, 'CityName': 'Frouard', 'PostalZone': '54390', 'Country': 'FRA'};422218883;True;SARL LE PAIN AU LEVAIN;Le Pain au Levain;2026-09-10;{'StreetName': '2 RUE DE LA VISITATION', 'AdditionalStreetName': None, 'CityName': 'Nancy cedex', 'PostalZone': '54042', 'Country': 'FRA'};195400387;True;LYCEE GENERAL TECHNOLOGIQ HENRI POINCARE;GROUPEMENT DE COMMANDES LYCEE HENRI POINCARE;;2026-09-01+02:00;fournitures;"[""La qualité pèsera à hauteur de 45% dans la note finale, elle comportera le résultat de tests d'échantillons, l'analyse du dossier technique et des fiches techniques de la farine employée."", ""Montant de l'offre et estimation du catalogue.""]";['qualite', 'prix'];[45.0, 55.0];;False;0.0;False;{'StreetName': None, 'CityName': None, 'PostalZone': None, 'NUTS': 'FRF31', 'Country': 'FRA'};sans remise en concurrence;;26-87114;;40980.0;;LOT-0004;15811100;;9;1.0;;Marché de Fourniture de Pain frais 2026;ouverte;Marché PAIN 2026-01;;;;False;False;False;1220168.0;7331.0;Établissement public local d'enseignement ;200  à  249;<NA>;1983-03-01;85.31Z;2008;5710.0;SAS, société par actions simplifiée;20  à  49;False;<NA>;2008;C;10;10.7;10.71;10.71C;1999-01-05;(48.760122, 6.122478);Frouard;Meurthe-et-Moselle;Grand Est;(48.691458, 6.179529);Nancy;Meurthe-et-Moselle;Grand Est;;;;;;;;
False;['15811300'];;True;True;False;attribue;{'StreetName': '44 Place Nationale', 'AdditionalStreetName': None, 'CityName': 'Frouard', 'PostalZone': '54390', 'Country': 'FRA'};422218883;True;SARL LE PAIN AU LEVAIN;Le Pain au Levain;2026-09-10;{'StreetName': '2 RUE DE LA VISITATION', 'AdditionalStreetName': None, 'CityName': 'Nancy cedex', 'PostalZone': '54042', 'Country': 'FRA'};195400387;True;LYCEE GENERAL TECHNOLOGIQ HENRI POINCARE;GROUPEMENT DE COMMANDES LYCEE HENRI POINCARE;;2026-09-01+02:00;fournitures;"[""La qualité pèsera à hauteur de 45% dans la note finale, elle comportera le résultat de tests d'échantillons, l'analyse du dossier technique et des fiches techniques de la farine employée."", ""Le prix pèsera à hauteur de 55% dans la note finale (analyse du montant de l'offre et des prix au catalogue).""]";['qualite', 'prix'];[45.0, 55.0];;False;0.0;False;{'StreetName': None, 'CityName': None, 'PostalZone': None, 'NUTS': 'FRF31', 'Country': 'FRA'};sans remise en concurrence;;26-87114;;48644.0;;LOT-0005;15811100;;9;1.0;;Marché de Fourniture de Pain frais 2026;ouverte;Marché PAIN 2026-01;;;;False;False;False;1220168.0;7331.0;Établissement public local d'enseignement ;200  à  249;<NA>;1983-03-01;85.31Z;2008;5710.0;SAS, société par actions simplifiée;20  à  49;False;<NA>;2008;C;10;10.7;10.71;10.71C;1999-01-05;(48.760122, 6.122478);Frouard;Meurthe-et-Moselle;Grand Est;(48.691458, 6.179529);Nancy;Meurthe-et-Moselle;Grand Est;;;;;;;;
False;['15811300'];;True;True;False;attribue;{'StreetName': '14 rue de Ham', 'AdditionalStreetName': None, 'CityName': 'Ham sous Varsberg', 'PostalZone': '57880', 'Country': 'FRA'};800725962;True;LE PAIN CROUSTILLANT;Le Pain Croustillant;2026-09-10;{'StreetName': '2 RUE DE LA VISITATION', 'AdditionalStreetName': None, 'CityName': 'Nancy cedex', 'PostalZone': '54042', 'Country': 'FRA'};195400387;True;LYCEE GENERAL TECHNOLOGIQ HENRI POINCARE;GROUPEMENT DE COMMANDES LYCEE HENRI POINCARE;;2026-09-01+02:00;fournitures;"[""La qualité pèsera à hauteur de 45% dans la note finale, elle comportera le résultat de tests d'échantillons, l'analyse du dossier technique et des fiches techniques de la farine employée."", ""Le prix pèsera à hauteur de 55% dans la note finale (analyse du montant de l'offre et des prix au catalogue).""]";['qualite', 'prix'];[45.0, 55.0];;False;0.0;False;{'StreetName': None, 'CityName': None, 'PostalZone': None, 'NUTS': 'FRF31', 'Country': 'FRA'};sans remise en concurrence;;26-87114;;231432.0;;LOT-0006;15811100;;9;2.0;;Marché de Fourniture de Pain frais 2026;ouverte;Marché PAIN 2026-01;;;;False;False;False;1220168.0;7331.0;Établissement public local d'enseignement ;200  à  249;<NA>;1983-03-01;85.31Z;2008;5710.0;SAS, société par actions simplifiée;20  à  49;False;<NA>;2008;C;10;10.7;10.71;10.71C;2014-03-01;(49.191825, 6.662844);Ham-sous-Varsberg;Moselle;Grand Est;(48.691458, 6.179529);Nancy;Meurthe-et-Moselle;Grand Est;;;;;;;;
False;['15811300'];;True;True;False;attribue;{'StreetName': '14 rue de Ham', 'AdditionalStreetName': None, 'CityName': 'Ham sous Varsberg', 'PostalZone': '57880', 'Country': 'FRA'};800725962;True;LE PAIN CROUSTILLANT;Le Pain Croustillant;2026-09-10;{'StreetName': '2 RUE DE LA VISITATION', 'AdditionalStreetName': None, 'CityName': 'Nancy cedex', 'PostalZone': '54042', 'Country': 'FRA'};195400387;True;LYCEE GENERAL TECHNOLOGIQ HENRI POINCARE;GROUPEMENT DE COMMANDES LYCEE HENRI POINCARE;;2026-09-01+02:00;fournitures;"[""La qualité pèsera à hauteur de 45% dans la note finale, elle comportera le résultat de tests d'échantillons, l'analyse du dossier technique et des fiches techniques de la farine employée."", ""Le prix pèsera à hauteur de 55% dans la note finale (analyse du montant de l'offre et des prix au catalogue).""]";['qualite', 'prix'];[45.0, 55.0];;False;0.0;False;{'StreetName': None, 'CityName': None, 'PostalZone': None, 'NUTS': 'FRF31', 'Country': 'FRA'};sans remise en concurrence;;26-87114;;112042.0;;LOT-0007;15811100;;9;1.0;;Marché de Fourniture de Pain frais 2026;ouverte;Marché PAIN 2026-01;;;;False;False;False;1220168.0;7331.0;Établissement public local d'enseignement ;200  à  249;<NA>;1983-03-01;85.31Z;2008;5710.0;SAS, société par actions simplifiée;20  à  49;False;<NA>;2008;C;10;10.7;10.71;10.71C;2014-03-01;(49.191825, 6.662844);Ham-sous-Varsberg;Moselle;Grand Est;(48.691458, 6.179529);Nancy;Meurthe-et-Moselle;Grand Est;;;;;;;;
False;['15811300'];;True;True;False;attribue;{'StreetName': '14 rue de Ham', 'AdditionalStreetName': None, 'CityName': 'Ham sous Varsberg', 'PostalZone': '57880', 'Country': 'FRA'};800725962;True;LE PAIN CROUSTILLANT;Le Pain Croustillant;2026-09-10;{'StreetName': '2 RUE DE LA VISITATION', 'AdditionalStreetName': None, 'CityName': 'Nancy cedex', 'PostalZone': '54042', 'Country': 'FRA'};195400387;True;LYCEE GENERAL TECHNOLOGIQ HENRI POINCARE;GROUPEMENT DE COMMANDES LYCEE HENRI POINCARE;;2026-09-01+02:00;fournitures;"[""La qualité pèsera à hauteur de 45% dans la note finale, elle comportera le résultat de tests d'échantillons, l'analyse du dossier technique et des fiches techniques de la farine employée."", ""Le prix pèsera à hauteur de 55% dans la note finale (analyse du montant de l'offre et des prix au catalogue).""]";['qualite', 'prix'];[45.0, 55.0];;False;0.0;False;{'StreetName': None, 'CityName': 'Toul', 'PostalZone': '54200', 'NUTS': 'FRF31', 'Country': 'FRA'};sans remise en concurrence;;26-87114;;133400.0;;LOT-0008;15811100;;9;2.0;;Marché de Fourniture de Pain frais 2026;ouverte;Marché PAIN 2026-01;;;;False;False;False;1220168.0;7331.0;Établissement public local d'enseignement ;200  à  249;<NA>;1983-03-01;85.31Z;2008;5710.0;SAS, société par actions simplifiée;20  à  49;False;<NA>;2008;C;10;10.7;10.71;10.71C;2014-03-01;(49.191825, 6.662844);Ham-sous-Varsberg;Moselle;Grand Est;(48.691458, 6.179529);Nancy;Meurthe-et-Moselle;Grand Est;;;;;;;;
False;['15811300'];;True;True;False;attribue;{'StreetName': '14 rue de Ham', 'AdditionalStreetName': None, 'CityName': 'Ham sous Varsberg', 'PostalZone': '57880', 'Country': 'FRA'};800725962;True;LE PAIN CROUSTILLANT;Le Pain Croustillant;2026-09-10;{'StreetName': '2 RUE DE LA VISITATION', 'AdditionalStreetName': None, 'CityName': 'Nancy cedex', 'PostalZone': '54042', 'Country': 'FRA'};195400387;True;LYCEE GENERAL TECHNOLOGIQ HENRI POINCARE;GROUPEMENT DE COMMANDES LYCEE HENRI POINCARE;;2026-09-01+02:00;fournitures;"[""La qualité pèsera à hauteur de 45% dans la note finale, elle comportera le résultat de tests d'échantillons, l'analyse du dossier technique et des fiches techniques de la farine employée."", ""Le prix pèsera à hauteur de 55% dans la note finale (analyse du montant de l'offre et des prix au catalogue).""]";['qualite', 'prix'];[45.0, 55.0];;False;0.0;False;{'StreetName': None, 'CityName': None, 'PostalZone': None, 'NUTS': 'FRF31', 'Country': 'FRA'};sans remise en concurrence;;26-87114;;243160.0;;LOT-0009;15811100;;9;1.0;;Marché de Fourniture de Pain frais 2026;ouverte;Marché PAIN 2026-01;;;;False;False;False;1220168.0;7331.0;Établissement public local d'enseignement ;200  à  249;<NA>;1983-03-01;85.31Z;2008;5710.0;SAS, société par actions simplifiée;20  à  49;False;<NA>;2008;C;10;10.7;10.71;10.71C;2014-03-01;(49.191825, 6.662844);Ham-sous-Varsberg;Moselle;Grand Est;(48.691458, 6.179529);Nancy;Meurthe-et-Moselle;Grand Est;;;;;;;;
False;;;True;True;False;attribue;{'StreetName': '70 ancien chemin de Saint-Vincent', 'AdditionalStreetName': None, 'CityName': 'PRADES-LE-LEZ', 'PostalZone': '34730', 'Country': 'FRA'};794520437;True;NATURALPAD;NATURALPAD;2026-09-10;{'StreetName': '34 Cours Léopold', 'AdditionalStreetName': None, 'CityName': 'NANCY', 'PostalZone': '54052', 'Country': 'FRA'};130015506;True;UNIVERSITE DE LORRAINE;Université de Lorraine;;;services;['Montant total TTC du détail quantitatif estimatif des prestations\xa0: 30%', 'Valeur technique de l’offre\xa0: 60%\nSous-critères : \n-  qualité des réponses concernant les fonctionnalités demandées\xa0: 20 points\n- méthodologie projet : 10 points\n- savoir-faire et expérience du candidat : 30 points', 'Performance environnementale liée à l’exécution des prestations\xa0: 10%'];['prix', 'qualite', 'environnemental'];;;False;;True;{'StreetName': None, 'CityName': None, 'PostalZone': None, 'NUTS': 'FRF31', 'Country': 'FRA'};sans remise en concurrence;;26-87206;;154650.0;;LOT-0001;72000000;800000.0;2;5.0;;DEVELOPPEMENT D'APPLICATIONS SPECIALISEES DANS LA PREVENTION DES BLESSURES ET L'OPTIMISATION DE LA PERFORMANCE SPORTIVE POUR LA FACULTE DES SCIENCES DU SPORT POUR L'UNIVERSITE DE LORRAINE;ouverte;26A09 - DEVELOPPEMENT D'APPLICATIONS SPECIALISEES DANS LA PREVENTION DES BLESSURES ET L'OPTIMISATION DE LA PERFORMANCE SPORTIVE POUR LA FACULTE DES SCIENCES DU SPORT DE NANCY POUR L'UNIVERSITE DE LORRAINE;;;;False;False;False;360600.0;7383.0;Établissement public national à caractère scientifique culturel et professionnel ;5 000  à  9 999;False;2012-01-01;85.42Z;2008;5710.0;SAS, société par actions simplifiée;6  à  9;False;<NA>;2008;J;62;62.0;62.02;62.02A;2013-08-01;(43.7001, 3.867377);Prades-le-Lez;Hérault;Occitanie;(48.696175, 6.176398);Nancy;Meurthe-et-Moselle;Grand Est;;;;;;;;
False;;;True;True;False;attribue;{'StreetName': '11 rue Jean Moulin', 'AdditionalStreetName': None, 'CityName': 'PEYPAIN', 'PostalZone': '13124', 'Country': 'FRA'};895259828;True;SPORTSTIGMERGY;SPORTSTIGMERGY;2026-09-10;{'StreetName': '34 Cours Léopold', 'AdditionalStreetName': None, 'CityName': 'NANCY', 'PostalZone': '54052', 'Country': 'FRA'};130015506;True;UNIVERSITE DE LORRAINE;Université de Lorraine;;;services;"['Montant total TTC du détail quantitatif estimatif des prestations\xa0: 30%', 'Valeur technique de l’offre\xa0: 60%\nSous-critères :\n- qualité des réponses concernant les fonctionnalités demandées\xa0: 25 points\n- méthodologie projet : 20 points\n- savoir-faire et expérience du candidat : 15 points', ""Performance environnementale liée à l'exécution des prestations : 10 %""]";['prix', 'qualite', 'environnemental'];;;False;;True;{'StreetName': None, 'CityName': None, 'PostalZone': None, 'NUTS': 'FRF31', 'Country': 'FRA'};sans remise en concurrence;;26-87206;;205950.0;;LOT-0002;72000000;800000.0;2;5.0;;DEVELOPPEMENT D'APPLICATIONS SPECIALISEES DANS LA PREVENTION DES BLESSURES ET L'OPTIMISATION DE LA PERFORMANCE SPORTIVE POUR LA FACULTE DES SCIENCES DU SPORT POUR L'UNIVERSITE DE LORRAINE;ouverte;26A09 - DEVELOPPEMENT D'APPLICATIONS SPECIALISEES DANS LA PREVENTION DES BLESSURES ET L'OPTIMISATION DE LA PERFORMANCE SPORTIVE POUR LA FACULTE DES SCIENCES DU SPORT DE NANCY POUR L'UNIVERSITE DE LORRAINE;;;;False;False;False;360600.0;7383.0;Établissement public national à caractère scientifique culturel et professionnel ;5 000  à  9 999;False;2012-01-01;85.42Z;2008;5710.0;SAS, société par actions simplifiée;;False;<NA>;2008;G;47;47.9;47.91;47.91B;2021-03-01;;;;;(48.696175, 6.176398);Nancy;Meurthe-et-Moselle;Grand Est;;;;;;;;
False;;;True;True;False;attribue;{'StreetName': '23 CHEMIN DE LA PETITE ILE', 'AdditionalStreetName': None, 'CityName': 'METZ', 'PostalZone': '57050', 'Country': 'FRA'};562077503;True;SADE - COMPAGNIE GENERALE DE TRAVAUX HYDRAULIQUES;SADE - COMPAGNIE GENERALE DE TRAVAUX HYDRAULIQUES;2026-09-10;{'StreetName': '2 BIS RUE HENRI POULET', 'AdditionalStreetName': None, 'CityName': 'THIAUCOURT REGNIEVILLE', 'PostalZone': '54470', 'Country': 'FRA'};200070738;True;CC MAD ET MOSELLE;Finances/compta/budget;;;services;['Prix 40 points', 'Valeur technique 60 points'];['prix', 'technique'];[40.0, 60.0];1440.0;False;;False;;hybride;;26-87208;;736505.0;;LOT-0001;65111000;3600000.0;8;3.0;0.0;Exploitation des installations de distribution d’eau et d’assainissement;ouverte;2026-SEA-04;;;;False;False;False;;7346.0;Communauté de communes ;100  à  199;False;2017-01-01;84.11Z;2008;5599.0;SA à conseil d'administration (s.a.i.);2 000  à  4 999;False;<NA>;2008;F;42;42.2;42.21;42.21Z;1956-01-01;(49.127695, 6.154499);Metz;Moselle;Grand Est;(48.955719, 5.866777);Thiaucourt-Regniéville;Meurthe-et-Moselle;Grand Est;;;;;;;;
False;;;True;True;False;attribue;{'StreetName': '23 CHEMIN DE LA PETITE ILE', 'AdditionalStreetName': None, 'CityName': 'METZ', 'PostalZone': '57050', 'Country': 'FRA'};562077503;True;SADE - COMPAGNIE GENERALE DE TRAVAUX HYDRAULIQUES;SADE - COMPAGNIE GENERALE DE TRAVAUX HYDRAULIQUES;2026-09-10;{'StreetName': '2 BIS RUE HENRI POULET', 'AdditionalStreetName': None, 'CityName': 'THIAUCOURT REGNIEVILLE', 'PostalZone': '54470', 'Country': 'FRA'};200070738;True;CC MAD ET MOSELLE;Finances/compta/budget;;;services;['Prix 40 points', 'Valeur technique 60 points'];['prix', 'technique'];[40.0, 60.0];1440.0;False;;False;;hybride;;26-87208;;736505.0;;LOT-0002;65111000;3600000.0;8;4.0;0.0;Exploitation des installations de distribution d’eau et d’assainissement;ouverte;2026-SEA-04;;;;False;False;False;;7346.0;Communauté de communes ;100  à  199;False;2017-01-01;84.11Z;2008;5599.0;SA à conseil d'administration (s.a.i.);2 000  à  4 999;False;<NA>;2008;F;42;42.2;42.21;42.21Z;1956-01-01;(49.127695, 6.154499);Metz;Moselle;Grand Est;(48.955719, 5.866777);Thiaucourt-Regniéville;Meurthe-et-Moselle;Grand Est;;;;;;;;
False;;;True;True;False;attribue;{'StreetName': '18 avenue François Mitterrand bp 60045', 'AdditionalStreetName': None, 'CityName': 'METZ', 'PostalZone': '57000', 'Country': 'FRA'};572025526;True;VEOLIA EAU - COMPAGNIE GENERALE DES EAUX;VEOLIA EAU - COMPAGNIE GENERALE DES EAUX - VEOLIA EAU CIE GEN DES EAUX;2026-09-10;{'StreetName': '2 BIS RUE HENRI POULET', 'AdditionalStreetName': None, 'CityName': 'THIAUCOURT REGNIEVILLE', 'PostalZone': '54470', 'Country': 'FRA'};200070738;True;CC MAD ET MOSELLE;Finances/compta/budget;;;services;['prix 30 points', 'Valeur technique 70 points'];['prix', 'technique'];[30.0, 70.0];1440.0;False;;False;;hybride;;26-87208;;31578.34;;LOT-0003;65111000;3600000.0;8;1.0;0.0;Exploitation des installations de distribution d’eau et d’assainissement;ouverte;2026-SEA-04;;;;False;False;False;;7346.0;Communauté de communes ;100  à  199;False;2017-01-01;84.11Z;2008;5308.0;Société en commandite par actions ;5 000  à  9 999;False;False;2008;E;36;36.0;36.0;36.00Z;1957-01-01;(49.107336, 6.180351);Metz;Moselle;Grand Est;(48.955719, 5.866777);Thiaucourt-Regniéville;Meurthe-et-Moselle;Grand Est;;;;;;;;
False;;;True;True;False;attribue;{'StreetName': '16 RUE DES HAUTS JARDINS', 'AdditionalStreetName': None, 'CityName': 'FRAIZE', 'PostalZone': '88230', 'Country': 'FRA'};448408609;True;AQUA MAINTENANCE;AQUA MAINTENANCE;2026-09-10;{'StreetName': '2 BIS RUE HENRI POULET', 'AdditionalStreetName': None, 'CityName': 'THIAUCOURT REGNIEVILLE', 'PostalZone': '54470', 'Country': 'FRA'};200070738;True;CC MAD ET MOSELLE;Finances/compta/budget;;;services;['Prix 30 points', 'Valeur technique 70 points'];['prix', 'technique'];[30.0, 70.0];1440.0;False;;False;;hybride;;26-87208;;34294.0;;LOT-0004;65111000;3600000.0;8;2.0;0.0;Exploitation des installations de distribution d’eau et d’assainissement;ouverte;2026-SEA-04;;;;False;False;False;;7346.0;Communauté de communes ;100  à  199;False;2017-01-01;84.11Z;2008;5710.0;SAS, société par actions simplifiée;3  à  5;False;<NA>;2008;E;37;37.0;37.0;37.00Z;2003-05-02;(48.183055, 6.999216);Fraize;Vosges;Grand Est;(48.955719, 5.866777);Thiaucourt-Regniéville;Meurthe-et-Moselle;Grand Est;;;;;;;;
False;;;True;True;False;attribue;{'StreetName': '1 RUE SAINT VINCENT CS 60640', 'AdditionalStreetName': None, 'CityName': 'WOIPPY CEDEX', 'PostalZone': '57146', 'Country': 'FRA'};321336141;True;ENTREPRISE MALEZIEUX;ENTREPRISE MALEZIEUX;2026-09-10;{'StreetName': '2 BIS RUE HENRI POULET', 'AdditionalStreetName': None, 'CityName': 'THIAUCOURT REGNIEVILLE', 'PostalZone': '54470', 'Country': 'FRA'};200070738;True;CC MAD ET MOSELLE;Finances/compta/budget;;;services;['Prix 50 points', 'Valeur technique 50 points'];['prix', 'technique'];[50.0, 50.0];1440.0;False;;False;;hybride;;26-87208;;108150.0;;LOT-0005;90470000;3600000.0;8;1.0;0.0;Exploitation des installations de distribution d’eau et d’assainissement;ouverte;2026-SEA-04;;;;False;False;False;;7346.0;Communauté de communes ;100  à  199;False;2017-01-01;84.11Z;2008;5710.0;SAS, société par actions simplifiée;100  à  199;False;<NA>;2008;E;37;37.0;37.0;37.00Z;1980-07-01;(49.168825, 6.152114);Woippy;Moselle;Grand Est;(48.955719, 5.866777);Thiaucourt-Regniéville;Meurthe-et-Moselle;Grand Est;;;;;;;;
False;;;True;True;False;attribue;{'StreetName': '23 CHEMIN DE LA PETITE ILE', 'AdditionalStreetName': None, 'CityName': 'METZ', 'PostalZone': '57050', 'Country': 'FRA'};562077503;True;SADE - COMPAGNIE GENERALE DE TRAVAUX HYDRAULIQUES;SADE - COMPAGNIE GENERALE DE TRAVAUX HYDRAULIQUES;2026-09-10;{'StreetName': '2 BIS RUE HENRI POULET', 'AdditionalStreetName': None, 'CityName': 'THIAUCOURT REGNIEVILLE', 'PostalZone': '54470', 'Country': 'FRA'};200070738;True;CC MAD ET MOSELLE;Finances/compta/budget;;;services;['Prix 40 points', 'Valeur technique 60 points'];['prix', 'technique'];[40.0, 60.0];1440.0;False;;False;;hybride;;26-87208;;768500.0;;LOT-0006;90480000;3600000.0;8;2.0;0.0;Exploitation des installations de distribution d’eau et d’assainissement;ouverte;2026-SEA-04;;;;False;False;False;;7346.0;Communauté de communes ;100  à  199;False;2017-01-01;84.11Z;2008;5599.0;SA à conseil d'administration (s.a.i.);2 000  à  4 999;False;<NA>;2008;F;42;42.2;42.21;42.21Z;1956-01-01;(49.127695, 6.154499);Metz;Moselle;Grand Est;(48.955719, 5.866777);Thiaucourt-Regniéville;Meurthe-et-Moselle;Grand Est;;;;;;;;
False;;;True;True;False;attribue;{'StreetName': '23 CHEMIN DE LA PETITE ILE', 'AdditionalStreetName': None, 'CityName': 'METZ', 'PostalZone': '57050', 'Country': 'FRA'};562077503;True;SADE - COMPAGNIE GENERALE DE TRAVAUX HYDRAULIQUES;SADE - COMPAGNIE GENERALE DE TRAVAUX HYDRAULIQUES;2026-09-10;{'StreetName': '2 BIS RUE HENRI POULET', 'AdditionalStreetName': None, 'CityName': 'THIAUCOURT REGNIEVILLE', 'PostalZone': '54470', 'Country': 'FRA'};200070738;True;CC MAD ET MOSELLE;Finances/compta/budget;;;services;['Prix 40 points', 'Valeur technique 60 points'];['prix', 'technique'];[40.0, 60.0];1440.0;False;;False;;hybride;;26-87208;;768500.0;;LOT-0007;90480000;3600000.0;8;3.0;0.0;Exploitation des installations de distribution d’eau et d’assainissement;ouverte;2026-SEA-04;;;;False;False;False;;7346.0;Communauté de communes ;100  à  199;False;2017-01-01;84.11Z;2008;5599.0;SA à conseil d'administration (s.a.i.);2 000  à  4 999;False;<NA>;2008;F;42;42.2;42.21;42.21Z;1956-01-01;(49.127695, 6.154499);Metz;Moselle;Grand Est;(48.955719, 5.866777);Thiaucourt-Regniéville;Meurthe-et-Moselle;Grand Est;;;;;;;;
False;;;True;True;False;attribue;{'StreetName': '23 CHEMIN DE LA PETITE ILE', 'AdditionalStreetName': None, 'CityName': 'METZ', 'PostalZone': '57050', 'Country': 'FRA'};562077503;True;SADE - COMPAGNIE GENERALE DE TRAVAUX HYDRAULIQUES;SADE - COMPAGNIE GENERALE DE TRAVAUX HYDRAULIQUES;2026-09-10;{'StreetName': '2 BIS RUE HENRI POULET', 'AdditionalStreetName': None, 'CityName': 'THIAUCOURT REGNIEVILLE', 'PostalZone': '54470', 'Country': 'FRA'};200070738;True;CC MAD ET MOSELLE;Finances/compta/budget;;;services;['Prix 30 points', 'Valeur technique 70 points'];['prix', 'technique'];[30.0, 70.0];1440.0;False;;False;;hybride;;26-87208;;335926.0;;LOT-0008;90480000;3600000.0;8;3.0;0.0;Exploitation des installations de distribution d’eau et d’assainissement;ouverte;2026-SEA-04;;;;False;False;False;;7346.0;Communauté de communes ;100  à  199;False;2017-01-01;84.11Z;2008;5599.0;SA à conseil d'administration (s.a.i.);2 000  à  4 999;False;<NA>;2008;F;42;42.2;42.21;42.21Z;1956-01-01;(49.127695, 6.154499);Metz;Moselle;Grand Est;(48.955719, 5.866777);Thiaucourt-Regniéville;Meurthe-et-Moselle;Grand Est;;;;;;;;
False;;;;False;False;attribue;{'StreetName': '9 RUE ALBERT EINSTEIN', 'AdditionalStreetName': None, 'CityName': 'MAXEVILLE', 'PostalZone': '54320', 'Country': 'FRA'};477181010;True;API RESTAURATION;API RESTAURATION;2026-09-10;{'StreetName': '712 RUE NICOLAS CUGNOT', 'AdditionalStreetName': None, 'CityName': 'NEUVES MAISONS', 'PostalZone': '54230', 'Country': 'FRA'};245400171;True;COMMUNAUTE DE COMMUNES MOSELLE ET MADON;COMMANDE PUBLIQUE;;;services;['Qualité alimentaire du repas', 'Performances environnementales', 'Offre financière', 'Offre de formation'];['qualite', 'environnemental', 'prix', 'qualite'];[30.0, 25.0, 43.0, 2.0];1440.0;True;;False;;sans remise en concurrence;;26-87299;;3733016.0;;LOT-0001;55523100;3733016.0;1;4.0;0.0;Préparation et livraison des repas en liaison froide servis dans les restaurants scolaires et accueils collectifs de mineurs;ouverte;2026_02_S04;;;;False;True;False;3733016.0;7346.0;Communauté de communes ;100  à  199;False;1965-08-31;84.11Z;2008;5710.0;SAS, société par actions simplifiée;5 000  à  9 999;False;False;2008;I;56;56.2;56.29;56.29A;1985-09-27;(48.702405, 6.124947);Maxéville;Meurthe-et-Moselle;Grand Est;(48.611578, 6.092604);Neuves-Maisons;Meurthe-et-Moselle;Grand Est;;;;;;;;
False;;;True;True;False;attribue;{'StreetName': '230 rue du Pré à Varois', 'AdditionalStreetName': None, 'CityName': 'Custines', 'PostalZone': '54670', 'Country': 'FRA'};339068975;True;ETABLISSEMENTS CHAVEY;CHAVEY;2026-09-10;{'StreetName': '2 RUE DE LA VISITATION', 'AdditionalStreetName': None, 'CityName': 'Nancy cedex', 'PostalZone': '54042', 'Country': 'FRA'};195400387;True;LYCEE GENERAL TECHNOLOGIQ HENRI POINCARE;GROUPEMENT DE COMMANDES LYCEE HENRI POINCARE;;2026-09-01+02:00;fournitures;"[""Qualité du service à travers l'analyse de la notice technique détaillée et qualité des produits au moyen de l'analyse des fiches techniques et fiches produits."", ""Montant de l'offre et estimation du catalogue.""]";['qualite', 'prix'];[55.0, 45.0];;False;0.0;False;;sans remise en concurrence;;26-87337;;669671.0;0.0;LOT-0001;15112100;;4;4.0;;Marché de volaille fraîche et produits élaborés à partir de volaille 2026/2027.;ouverte;Marché Volaille 2026 - 03;;;;False;False;False;5021062.0;7331.0;Établissement public local d'enseignement ;200  à  249;<NA>;1983-03-01;85.31Z;2008;5710.0;SAS, société par actions simplifiée;50  à  99;False;<NA>;2008;G;46;46.3;46.32;46.32C;1986-10-16;(48.788527, 6.136618);Custines;Meurthe-et-Moselle;Grand Est;(48.691458, 6.179529);Nancy;Meurthe-et-Moselle;Grand Est;;;;;;;;
False;;;True;True;False;attribue;{'StreetName': '12 rue du Bois Jacquot', 'AdditionalStreetName': 'ZI Les sablons', 'CityName': 'Millery', 'PostalZone': '54670', 'Country': 'FRA'};552044992;True;POMONA;Pomona Passion Froid;2026-09-10;{'StreetName': '2 RUE DE LA VISITATION', 'AdditionalStreetName': None, 'CityName': 'Nancy cedex', 'PostalZone': '54042', 'Country': 'FRA'};195400387;True;LYCEE GENERAL TECHNOLOGIQ HENRI POINCARE;GROUPEMENT DE COMMANDES LYCEE HENRI POINCARE;;2026-09-01+02:00;fournitures;"[""Qualité du service à travers l'analyse de la notice technique détaillée et qualité des produits au moyen de l'analyse des fiches techniques et fiches produits."", ""Montant de l'offre et estimation du catalogue.""]";['qualite', 'prix'];[55.0, 45.0];;False;0.0;False;;sans remise en concurrence;;26-87337;;597019.0;0.0;LOT-0002;15112100;;4;3.0;;Marché de volaille fraîche et produits élaborés à partir de volaille 2026/2027.;ouverte;Marché Volaille 2026 - 03;;;;False;False;False;5021062.0;7331.0;Établissement public local d'enseignement ;200  à  249;<NA>;1983-03-01;85.31Z;2008;5699.0;SA à directoire (s.a.i.);5 000  à  9 999;False;False;2008;G;46;46.3;46.39;46.39B;1955-01-01;(48.801898, 6.116569);Millery;Meurthe-et-Moselle;Grand Est;(48.691458, 6.179529);Nancy;Meurthe-et-Moselle;Grand Est;;;;;;;;
False;;;True;True;False;attribue;{'StreetName': '12 rue du Bois Jacquot', 'AdditionalStreetName': 'ZI Les sablons', 'CityName': 'Millery', 'PostalZone': '54670', 'Country': 'FRA'};552044992;True;POMONA;Pomona Passion Froid;2026-09-10;{'StreetName': '2 RUE DE LA VISITATION', 'AdditionalStreetName': None, 'CityName': 'Nancy cedex', 'PostalZone': '54042', 'Country': 'FRA'};195400387;True;LYCEE GENERAL TECHNOLOGIQ HENRI POINCARE;GROUPEMENT DE COMMANDES LYCEE HENRI POINCARE;;2026-09-01+02:00;fournitures;"[""Qualité du service à travers l'analyse de la notice technique détaillée et qualité des produits au moyen de l'analyse des fiches techniques et fiches produits."", ""Montant de l'offre et estimation du catalogue.""]";['qualite', 'prix'];[55.0, 45.0];;False;0.0;False;;sans remise en concurrence;;26-87337;;268927.0;0.0;LOT-0003;15112100;;4;4.0;;Marché de volaille fraîche et produits élaborés à partir de volaille 2026/2027.;ouverte;Marché Volaille 2026 - 03;;;;False;False;False;5021062.0;7331.0;Établissement public local d'enseignement ;200  à  249;<NA>;1983-03-01;85.31Z;2008;5699.0;SA à directoire (s.a.i.);5 000  à  9 999;False;False;2008;G;46;46.3;46.39;46.39B;1955-01-01;(48.801898, 6.116569);Millery;Meurthe-et-Moselle;Grand Est;(48.691458, 6.179529);Nancy;Meurthe-et-Moselle;Grand Est;;;;;;;;
False;;;True;True;False;attribue;;;False;;;2026-09-10;{'StreetName': '2 RUE DE LA VISITATION', 'AdditionalStreetName': None, 'CityName': 'Nancy cedex', 'PostalZone': '54042', 'Country': 'FRA'};195400387;True;LYCEE GENERAL TECHNOLOGIQ HENRI POINCARE;GROUPEMENT DE COMMANDES LYCEE HENRI POINCARE;;2026-09-01+02:00;fournitures;"[""Qualité du service à travers l'analyse de la notice technique détaillée et qualité des produits au moyen de tests d'échantillons et analyse des fiches techniques des produits."", ""Montant de l'offre et estimation du catalogue.""]";['qualite', 'prix'];[55.0, 45.0];;False;0.0;False;;sans remise en concurrence;;26-87337;;138069.0;0.0;LOT-0004;15131500;;4;4.0;;Marché de volaille fraîche et produits élaborés à partir de volaille 2026/2027.;ouverte;Marché Volaille 2026 - 03;;;;False;False;False;5021062.0;7331.0;Établissement public local d'enseignement ;200  à  249;<NA>;1983-03-01;85.31Z;2008;;;;;;<NA>;;;;;<NA>;<NA>;;;;;(48.691458, 6.179529);Nancy;Meurthe-et-Moselle;Grand Est;;;;;;;;
False;['90919200', '90919200', '90911200', '90911300'];;True;True;False;attribue;{'StreetName': '9 Rue Charles Coulomb', 'AdditionalStreetName': None, 'CityName': 'Chartres', 'PostalZone': '28000', 'Country': 'FRA'};494021355;False;FINANCIERE CHROME NETTOYAGE;CHROME;2026-09-10;{'StreetName': '28 Rue du faubourg de Bourgogne', 'AdditionalStreetName': None, 'CityName': 'Orleans', 'PostalZone': '45000', 'Country': 'FRA'};130027980;False;CHAMBRE DE METIERS ET DE L'ARTISANAT DE REGION CENTRE-VAL DE LOIRE;CHAMBRE DE METIERS ET DE L'ARTISANAT DE REGION CENTRE-VAL DE LOIRE;;;services;"[""Valeur technique de l'offre"", ""Qualité environnementale de l'offre"", 'Prix']";['technique', 'environnemental', 'prix'];[40.0, 10.0, 50.0];;True;1852200.0;False;;;;26-87360;;94025.68;;LOT-0001;90910000;;9;5.0;1.0;Prestations de nettoyage de locaux;ouverte;2601_CMAR_NETTOYAGE-LOCAUX_RT;3.0;;;True;True;True;1890284.0;7381.0;Organisme consulaire ;500  à  999;False;2021-01-01;94.11Z;2008;5710.0;SAS, société par actions simplifiée;10  à  19;False;<NA>;2008;M;70;70.1;70.1;70.10Z;2007-01-18;(48.438305, 1.520304);Chartres;Eure-et-Loir;Centre-Val de Loire;(47.901399, 1.922389);Orléans;Loiret;Centre-Val de Loire;;;;;;;;
False;['90919200', '90919200', '90911200', '90911300'];;True;True;False;attribue;{'StreetName': '9 Rue Charles Coulomb', 'AdditionalStreetName': None, 'CityName': 'Chartres', 'PostalZone': '28000', 'Country': 'FRA'};494021355;False;FINANCIERE CHROME NETTOYAGE;CHROME;2026-09-10;{'StreetName': '28 Rue du faubourg de Bourgogne', 'AdditionalStreetName': None, 'CityName': 'Orleans', 'PostalZone': '45000', 'Country': 'FRA'};130027980;False;CHAMBRE DE METIERS ET DE L'ARTISANAT DE REGION CENTRE-VAL DE LOIRE;CHAMBRE DE METIERS ET DE L'ARTISANAT DE REGION CENTRE-VAL DE LOIRE;;;services;"[""Valeur technique de l'offre"", ""Qualité environnementale de l'offre"", 'Prix']";['technique', 'environnemental', 'prix'];[40.0, 10.0, 50.0];;True;1852200.0;False;;;;26-87360;;55297.84;;LOT-0002;90910000;;9;5.0;1.0;Prestations de nettoyage de locaux;ouverte;2601_CMAR_NETTOYAGE-LOCAUX_RT;3.0;;;True;True;True;1890284.0;7381.0;Organisme consulaire ;500  à  999;False;2021-01-01;94.11Z;2008;5710.0;SAS, société par actions simplifiée;10  à  19;False;<NA>;2008;M;70;70.1;70.1;70.10Z;2007-01-18;(48.438305, 1.520304);Chartres;Eure-et-Loir;Centre-Val de Loire;(47.901399, 1.922389);Orléans;Loiret;Centre-Val de Loire;;;;;;;;
False;['90919200', '90919200', '90911200', '90911300'];;True;True;False;attribue;{'StreetName': '9 Rue Charles Coulomb', 'AdditionalStreetName': None, 'CityName': 'Chartres', 'PostalZone': '28000', 'Country': 'FRA'};494021355;False;FINANCIERE CHROME NETTOYAGE;CHROME;2026-09-10;{'StreetName': '28 Rue du faubourg de Bourgogne', 'AdditionalStreetName': None, 'CityName': 'Orleans', 'PostalZone': '45000', 'Country': 'FRA'};130027980;False;CHAMBRE DE METIERS ET DE L'ARTISANAT DE REGION CENTRE-VAL DE LOIRE;CHAMBRE DE METIERS ET DE L'ARTISANAT DE REGION CENTRE-VAL DE LOIRE;;;services;"[""Valeur technique de l'offre"", ""Qualité environnementale de l'offre"", 'Prix']";['technique', 'environnemental', 'prix'];[40.0, 10.0, 50.0];;True;1852200.0;False;;;;26-87360;;58044.3;;LOT-0003;90910000;;9;5.0;1.0;Prestations de nettoyage de locaux;ouverte;2601_CMAR_NETTOYAGE-LOCAUX_RT;3.0;;;True;True;True;1890284.0;7381.0;Organisme consulaire ;500  à  999;False;2021-01-01;94.11Z;2008;5710.0;SAS, société par actions simplifiée;10  à  19;False;<NA>;2008;M;70;70.1;70.1;70.10Z;2007-01-18;(48.438305, 1.520304);Chartres;Eure-et-Loir;Centre-Val de Loire;(47.901399, 1.922389);Orléans;Loiret;Centre-Val de Loire;;;;;;;;
False;['90919200', '90919200', '90911200', '90911300'];;True;True;False;attribue;{'StreetName': '9 Rue Charles Coulomb', 'AdditionalStreetName': None, 'CityName': 'Chartres', 'PostalZone': '28000', 'Country': 'FRA'};494021355;False;FINANCIERE CHROME NETTOYAGE;CHROME;2026-09-10;{'StreetName': '28 Rue du faubourg de Bourgogne', 'AdditionalStreetName': None, 'CityName': 'Orleans', 'PostalZone': '45000', 'Country': 'FRA'};130027980;False;CHAMBRE DE METIERS ET DE L'ARTISANAT DE REGION CENTRE-VAL DE LOIRE;CHAMBRE DE METIERS ET DE L'ARTISANAT DE REGION CENTRE-VAL DE LOIRE;;;services;"[""Valeur technique de l'offre"", ""Qualité environnementale de l'offre"", 'Prix']";['technique', 'environnemental', 'prix'];[40.0, 10.0, 50.0];;True;1852200.0;False;;;;26-87360;;140835.22;;LOT-0004;90910000;;9;9.0;2.0;Prestations de nettoyage de locaux;ouverte;2601_CMAR_NETTOYAGE-LOCAUX_RT;3.0;;;True;True;True;1890284.0;7381.0;Organisme consulaire ;500  à  999;False;2021-01-01;94.11Z;2008;5710.0;SAS, société par actions simplifiée;10  à  19;False;<NA>;2008;M;70;70.1;70.1;70.10Z;2007-01-18;(48.438305, 1.520304);Chartres;Eure-et-Loir;Centre-Val de Loire;(47.901399, 1.922389);Orléans;Loiret;Centre-Val de Loire;;;;;;;;
False;['90919200', '90919200', '90911200', '90911300'];;True;True;False;attribue;{'StreetName': '51 Chemin Des Meches', 'AdditionalStreetName': None, 'CityName': 'Creteil', 'PostalZone': '94000', 'Country': 'FRA'};933096828;False;DESPS;DESPS;2026-09-10;{'StreetName': '28 Rue du faubourg de Bourgogne', 'AdditionalStreetName': None, 'CityName': 'Orleans', 'PostalZone': '45000', 'Country': 'FRA'};130027980;False;CHAMBRE DE METIERS ET DE L'ARTISANAT DE REGION CENTRE-VAL DE LOIRE;CHAMBRE DE METIERS ET DE L'ARTISANAT DE REGION CENTRE-VAL DE LOIRE;;;services;"[""Valeur technique de l'offre"", ""Qualité environnementale de l'offre"", 'Prix']";['technique', 'environnemental', 'prix'];[40.0, 10.0, 50.0];;True;1852200.0;False;;;;26-87360;;65753.12;;LOT-0005;90910000;;9;10.0;3.0;Prestations de nettoyage de locaux;ouverte;2601_CMAR_NETTOYAGE-LOCAUX_RT;3.0;;;True;True;True;1890284.0;7381.0;Organisme consulaire ;500  à  999;False;2021-01-01;94.11Z;2008;5710.0;SAS, société par actions simplifiée;;False;False;2008;N;81;81.2;81.21;81.21Z;2024-09-16;(48.785331, 2.439033);Créteil;Val-de-Marne;Île-de-France;(47.901399, 1.922389);Orléans;Loiret;Centre-Val de Loire;;;;;;;;
False;['90910000', '90919200', '90911200', '90911300'];;True;True;False;attribue;{'StreetName': '9 Rue Charles Coulomb', 'AdditionalStreetName': None, 'CityName': 'Chartres', 'PostalZone': '28000', 'Country': 'FRA'};494021355;False;FINANCIERE CHROME NETTOYAGE;CHROME;2026-09-10;{'StreetName': '28 Rue du faubourg de Bourgogne', 'AdditionalStreetName': None, 'CityName': 'Orleans', 'PostalZone': '45000', 'Country': 'FRA'};130027980;False;CHAMBRE DE METIERS ET DE L'ARTISANAT DE REGION CENTRE-VAL DE LOIRE;CHAMBRE DE METIERS ET DE L'ARTISANAT DE REGION CENTRE-VAL DE LOIRE;;;services;"[""Valeur technique de l'offre"", ""Qualité environnementale de l'offre"", 'Prix']";['technique', 'environnemental', 'prix'];[40.0, 10.0, 50.0];;True;1852200.0;False;;;;26-87360;;304619.52;;LOT-0006;90910000;;9;11.0;5.0;Prestations de nettoyage de locaux;ouverte;2601_CMAR_NETTOYAGE-LOCAUX_RT;3.0;;;True;True;True;1890284.0;7381.0;Organisme consulaire ;500  à  999;False;2021-01-01;94.11Z;2008;5710.0;SAS, société par actions simplifiée;10  à  19;False;<NA>;2008;M;70;70.1;70.1;70.10Z;2007-01-18;(48.438305, 1.520304);Chartres;Eure-et-Loir;Centre-Val de Loire;(47.901399, 1.922389);Orléans;Loiret;Centre-Val de Loire;;;;;;;;
False;['90910000', '90919200', '90911200', '90911300'];;True;True;False;attribue;{'StreetName': '51 Chemin Des Meches', 'AdditionalStreetName': None, 'CityName': 'Creteil', 'PostalZone': '94000', 'Country': 'FRA'};933096828;False;DESPS;DESPS;2026-09-10;{'StreetName': '28 Rue du faubourg de Bourgogne', 'AdditionalStreetName': None, 'CityName': 'Orleans', 'PostalZone': '45000', 'Country': 'FRA'};130027980;False;CHAMBRE DE METIERS ET DE L'ARTISANAT DE REGION CENTRE-VAL DE LOIRE;CHAMBRE DE METIERS ET DE L'ARTISANAT DE REGION CENTRE-VAL DE LOIRE;;;services;"[""Valeur technique de l'offre"", ""Qualité environnementale de l'offre"", 'Prix']";['technique', 'environnemental', 'prix'];[40.0, 10.0, 50.0];;True;1852200.0;False;;;;26-87360;;184170.52;;LOT-0007;90910000;;9;5.0;1.0;Prestations de nettoyage de locaux;ouverte;2601_CMAR_NETTOYAGE-LOCAUX_RT;3.0;;;True;True;True;1890284.0;7381.0;Organisme consulaire ;500  à  999;False;2021-01-01;94.11Z;2008;5710.0;SAS, société par actions simplifiée;;False;False;2008;N;81;81.2;81.21;81.21Z;2024-09-16;(48.785331, 2.439033);Créteil;Val-de-Marne;Île-de-France;(47.901399, 1.922389);Orléans;Loiret;Centre-Val de Loire;;;;;;;;
False;['90910000', '90919200', '90911200', '90911300'];;True;True;False;attribue;{'StreetName': '51 Chemin Des Meches', 'AdditionalStreetName': None, 'CityName': 'Creteil', 'PostalZone': '94000', 'Country': 'FRA'};933096828;False;DESPS;DESPS;2026-09-10;{'StreetName': '28 Rue du faubourg de Bourgogne', 'AdditionalStreetName': None, 'CityName': 'Orleans', 'PostalZone': '45000', 'Country': 'FRA'};130027980;False;CHAMBRE DE METIERS ET DE L'ARTISANAT DE REGION CENTRE-VAL DE LOIRE;CHAMBRE DE METIERS ET DE L'ARTISANAT DE REGION CENTRE-VAL DE LOIRE;;;services;"[""Valeur technique de l'offre"", ""Qualité environnementale de l'offre"", 'Prix']";['technique', 'environnemental', 'prix'];[40.0, 10.0, 50.0];;True;1852200.0;False;;;;26-87360;;629437.18;;LOT-0008;90910000;;9;9.0;3.0;Prestations de nettoyage de locaux;ouverte;2601_CMAR_NETTOYAGE-LOCAUX_RT;3.0;;;True;True;True;1890284.0;7381.0;Organisme consulaire ;500  à  999;False;2021-01-01;94.11Z;2008;5710.0;SAS, société par actions simplifiée;;False;False;2008;N;81;81.2;81.21;81.21Z;2024-09-16;(48.785331, 2.439033);Créteil;Val-de-Marne;Île-de-France;(47.901399, 1.922389);Orléans;Loiret;Centre-Val de Loire;;;;;;;;
False;['90910000', '90919200', '90911200', '90911300'];;True;True;False;attribue;{'StreetName': '9 Rue Charles Coulomb', 'AdditionalStreetName': None, 'CityName': 'Chartres', 'PostalZone': '28000', 'Country': 'FRA'};494021355;False;FINANCIERE CHROME NETTOYAGE;CHROME;2026-09-10;{'StreetName': '28 Rue du faubourg de Bourgogne', 'AdditionalStreetName': None, 'CityName': 'Orleans', 'PostalZone': '45000', 'Country': 'FRA'};130027980;False;CHAMBRE DE METIERS ET DE L'ARTISANAT DE REGION CENTRE-VAL DE LOIRE;CHAMBRE DE METIERS ET DE L'ARTISANAT DE REGION CENTRE-VAL DE LOIRE;;;services;"[""Valeur technique de l'offre"", ""Qualité environnementale de l'offre"", 'Prix']";['technique', 'environnemental', 'prix'];[40.0, 10.0, 50.0];;True;1852200.0;False;;;;26-87360;;358100.3;;LOT-0009;90910000;;9;9.0;3.0;Prestations de nettoyage de locaux;ouverte;2601_CMAR_NETTOYAGE-LOCAUX_RT;3.0;;;True;True;True;1890284.0;7381.0;Organisme consulaire ;500  à  999;False;2021-01-01;94.11Z;2008;5710.0;SAS, société par actions simplifiée;10  à  19;False;<NA>;2008;M;70;70.1;70.1;70.10Z;2007-01-18;(48.438305, 1.520304);Chartres;Eure-et-Loir;Centre-Val de Loire;(47.901399, 1.922389);Orléans;Loiret;Centre-Val de Loire;;;;;;;;
False;['71420000'];;True;False;False;attribue;{'StreetName': 'All De La Mandallaz', 'AdditionalStreetName': None, 'CityName': 'Epagny Metz-Tessy', 'PostalZone': '74330', 'Country': 'FRA'};428856926;False;ATELIER FONTAINE;ATELIER FONTAINE;2026-09-10;{'StreetName': '1 rue François Buloz', 'AdditionalStreetName': None, 'CityName': 'Vulbens', 'PostalZone': '74520', 'Country': 'FRA'};217403146;False;COMMUNE DE VULBENS;Commune de Vulbens;;2026-07-15+02:00;services;"['Valeur technique', ""Performance en matière de protection de l'environnement"", 'Prix']";['technique', 'environnemental', 'prix'];[45.0, 15.0, 40.0];1440.0;False;;False;;;;26-87418;;864000.0;;LOT-0000;71420000;;1;4.0;;Mission de maîtrise d'oeuvre relatif à l'aménagement centre de Vulbens;ouverte;2026-09;3.0;;;False;False;False;864000.0;7210.0;Commune et commune nouvelle ;20  à  49;False;1983-03-01;84.11Z;2008;5499.0;Société à responsabilité limitée (sans autre indication);6  à  9;False;<NA>;2008;M;71;71.1;71.11;71.11Z;2000-01-15;(45.935112, 6.116431);Epagny Metz-Tessy;Haute-Savoie;Auvergne-Rhône-Alpes;(46.101655, 5.929161);Vulbens;Haute-Savoie;Auvergne-Rhône-Alpes;;;;;;;;
False;['98380000'];;True;False;False;attribue;{'StreetName': 'Refuge De Marlioz', 'AdditionalStreetName': None, 'CityName': 'Marlioz', 'PostalZone': '74270', 'Country': 'FRA'};300243748;False;SOC PROTECTRICE DES ANIMAUX;SPA ANNECY MARLIOZ;2026-09-10;{'StreetName': '46, avenue des Iles', 'AdditionalStreetName': None, 'CityName': 'Annecy', 'PostalZone': '74007', 'Country': 'FRA'};200066793;False;GRAND ANNECY;GRAND ANNECY;;2026-01-01+01:00;services;['La valeur technique est appréciée au regard du contenu du mémoire technique', 'Le critère prix sera calculé en prenant compte le montant global des prix en Ttc'];['technique', 'prix'];[40.0, 60.0];1800.0;False;;False;;;;26-87445;25-58143;1260000.0;;LOT-0000;85210000;;1;1.0;;Prestation de fourrière animale : capture, ramassage, transport et gestion des animaux errants;ouverte;20250063;;;False;False;False;False;1260000.0;7348.0;Communauté d'agglomération ;1 000  à  1 999;False;2017-01-01;84.11Z;2008;9220.0;Association déclarée ;10  à  19;True;<NA>;2008;S;94;94.9;94.99;94.99Z;1900-01-01;(46.011322, 5.992986);Sallenôves;Haute-Savoie;Auvergne-Rhône-Alpes;;;;;;;;;;;;
False;;;True;True;False;attribue;{'StreetName': None, 'AdditionalStreetName': None, 'CityName': '59346', 'PostalZone': '59260', 'Country': 'FRA'};745550111;True;VEOLIA RECYCLAGE VALORISATION HAUTS DE FRANCE;VEOLIA RECYCLAGE VALORISATION HAUTS DE FRANCE;2026-09-10;{'StreetName': 'Chemin rural n°3', 'AdditionalStreetName': None, 'CityName': 'Thieulloy l abbaye', 'PostalZone': '80640', 'Country': 'FRA'};258002344;True;TRINOVAL;TRINOVAL;;;services;['Prix', 'Valeur technique', 'environnemental et social'];['prix', 'technique', 'environnemental & social'];[40.0, 40.0, 20.0];1095.0;False;;False;{'StreetName': None, 'CityName': None, 'PostalZone': None, 'NUTS': 'FRE23', 'Country': 'FRA'};;;26-87083;25-12408;800000.0;;LOT-0001;90510000;;2;1.0;;TRI DES DECHETS RECYCLABLES;ouverte;2025-009;1.0;False;False;False;False;False;800000.0;4140.0;Établissement public local à caractère industriel ou commercial ;50  à  99;<NA>;1978-01-01;38.11Z;2008;5599.0;SA à conseil d'administration (s.a.i.);500  à  999;False;<NA>;2008;E;38;38.2;38.21;38.21Z;1955-01-01;;;;;(49.826406, 1.940266);Thieulloy-l'Abbaye;Somme;Hauts-de-France;;;;;;;;
False;;;True;True;False;non attribue;;;False;;;2026-09-10;{'StreetName': 'Chemin rural n°3', 'AdditionalStreetName': None, 'CityName': 'Thieulloy l abbaye', 'PostalZone': '80640', 'Country': 'FRA'};258002344;True;TRINOVAL;TRINOVAL;;;services;['Prix', 'Valeur technique', 'environnementale et sociale'];['prix', 'technique', 'environnemental & social'];[40.0, 40.0, 20.0];;False;;False;{'StreetName': None, 'CityName': None, 'PostalZone': None, 'NUTS': 'FRE23', 'Country': 'FRA'};;;26-87083;25-12408;;;LOT-0002;90510000;;2;1.0;;TRI DES DECHETS RECYCLABLES;ouverte;2025-009;1.0;False;False;False;False;False;800000.0;4140.0;Établissement public local à caractère industriel ou commercial ;50  à  99;<NA>;1978-01-01;38.11Z;2008;;;;;;<NA>;;;;;<NA>;<NA>;;;;;(49.826406, 1.940266);Thieulloy-l'Abbaye;Somme;Hauts-de-France;;;;;;;;
False;;;True;True;False;attribue;{'StreetName': '300 Rue de Lille', 'AdditionalStreetName': None, 'CityName': 'MARQUETTE LEZ LILLE', 'PostalZone': '59520', 'Country': 'FRA'};458504495;True;DESCAMPS D'HAUSSY ET CIE;ADH-DESCAMPS D'HAUSSY;2026-09-10;{'StreetName': 'BP 60070', 'AdditionalStreetName': None, 'CityName': 'Avignon Cedex 1', 'PostalZone': '84005', 'Country': 'FRA'};288400021;True;SCE DEPARTEMENTAL INCENDIE ET SECOURS;SDIS (84);;2027-01-01+01:00;services;['55 %', '45 %'];['prix', 'qualite'];[55.0, 45.0];;False;1501588.0;False;{'StreetName': 'BP 60070', 'CityName': 'Avignon Cedex 1', 'PostalZone': '84005', 'NUTS': 'FRL06', 'Country': 'FRA'};;;26-87414;;27308.0;55000.0;LOT-0001;66515000;;8;3.0;;PASSATION DE MARCHES D'ASSURANCE POUR LES BESOINS DU SDIS DE VAUCLUSE;ouverte;;;;;False;False;False;335000.0;7372.0;Service départemental d'incendie et de secours (SDIS);500  à  999;<NA>;1982-09-30;84.25Z;2008;5499.0;Société à responsabilité limitée (sans autre indication);20  à  49;False;<NA>;2008;K;66;66.2;66.22;66.22Z;1958-01-01;(50.663882, 3.06375);Marquette-lez-Lille;Nord;Hauts-de-France;;;;;;;;;;;;
False;;;True;True;False;attribue;{'StreetName': '300 Rue de Lille', 'AdditionalStreetName': None, 'CityName': 'MARQUETTE LEZ LILLE', 'PostalZone': '59520', 'Country': 'FRA'};458504495;True;DESCAMPS D'HAUSSY ET CIE;ADH-DESCAMPS D'HAUSSY;2026-09-10;{'StreetName': 'BP 60070', 'AdditionalStreetName': None, 'CityName': 'Avignon Cedex 1', 'PostalZone': '84005', 'Country': 'FRA'};288400021;True;SCE DEPARTEMENTAL INCENDIE ET SECOURS;SDIS (84);;2027-01-01+01:00;services;['55 %', '45 %'];['prix', 'qualite'];[55.0, 45.0];;False;1501588.0;False;{'StreetName': 'BP 60070', 'CityName': 'Avignon Cedex 1', 'PostalZone': '84005', 'NUTS': 'FRL06', 'Country': 'FRA'};;;26-87414;;10880.0;11000.0;LOT-0002;66515200;;8;1.0;;PASSATION DE MARCHES D'ASSURANCE POUR LES BESOINS DU SDIS DE VAUCLUSE;ouverte;;;;;False;False;False;335000.0;7372.0;Service départemental d'incendie et de secours (SDIS);500  à  999;<NA>;1982-09-30;84.25Z;2008;5499.0;Société à responsabilité limitée (sans autre indication);20  à  49;False;<NA>;2008;K;66;66.2;66.22;66.22Z;1958-01-01;(50.663882, 3.06375);Marquette-lez-Lille;Nord;Hauts-de-France;;;;;;;;;;;;
False;;;True;True;False;attribue;{'StreetName': 'Route de Creton', 'AdditionalStreetName': None, 'CityName': 'VASSELAY', 'PostalZone': '18110', 'Country': 'FRA'};335171096;True;RELYENS SPS;RELYENS SPS;2026-09-10;{'StreetName': 'BP 60070', 'AdditionalStreetName': None, 'CityName': 'Avignon Cedex 1', 'PostalZone': '84005', 'Country': 'FRA'};288400021;True;SCE DEPARTEMENTAL INCENDIE ET SECOURS;SDIS (84);;2027-01-01+01:00;services;['55 %', '45 %'];['prix', 'qualite'];[55.0, 45.0];;False;1501588.0;False;{'StreetName': 'BP 60070', 'CityName': 'Avignon Cedex 1', 'PostalZone': '84005', 'NUTS': 'FRL06', 'Country': 'FRA'};;;26-87414;;91945.0;70000.0;LOT-0003;66516400;;8;1.0;;PASSATION DE MARCHES D'ASSURANCE POUR LES BESOINS DU SDIS DE VAUCLUSE;ouverte;;;;;False;False;False;335000.0;7372.0;Service départemental d'incendie et de secours (SDIS);500  à  999;<NA>;1982-09-30;84.25Z;2008;5599.0;SA à conseil d'administration (s.a.i.);1  ou  2;False;<NA>;2008;K;66;66.2;66.22;66.22Z;1986-01-01;(47.160031, 2.381043);Vasselay;Cher;Centre-Val de Loire;;;;;;;;;;;;
False;;;True;True;False;non attribue;;;False;;;2026-09-10;{'StreetName': 'BP 60070', 'AdditionalStreetName': None, 'CityName': 'Avignon Cedex 1', 'PostalZone': '84005', 'Country': 'FRA'};288400021;True;SCE DEPARTEMENTAL INCENDIE ET SECOURS;SDIS (84);;;services;['55 %', '45 %'];['prix', 'qualite'];[55.0, 45.0];1825.0;False;1501588.0;False;{'StreetName': 'BP 60070', 'CityName': 'Avignon Cedex 1', 'PostalZone': '84005', 'NUTS': 'FRL06', 'Country': 'FRA'};;;26-87414;;;330000.0;LOT-0004;66514110;;8;1.0;;PASSATION DE MARCHES D'ASSURANCE POUR LES BESOINS DU SDIS DE VAUCLUSE;ouverte;;;;;False;False;False;335000.0;7372.0;Service départemental d'incendie et de secours (SDIS);500  à  999;<NA>;1982-09-30;84.25Z;2008;;;;;;<NA>;;;;;<NA>;<NA>;;;;;;;;;;;;;;;;
False;;;True;True;False;attribue;{'StreetName': 'Route de Creton', 'AdditionalStreetName': None, 'CityName': 'VASSELAY', 'PostalZone': '18110', 'Country': 'FRA'};335171096;True;RELYENS SPS;RELYENS SPS;2026-09-10;{'StreetName': 'BP 60070', 'AdditionalStreetName': None, 'CityName': 'Avignon Cedex 1', 'PostalZone': '84005', 'Country': 'FRA'};288400021;True;SCE DEPARTEMENTAL INCENDIE ET SECOURS;SDIS (84);;2027-01-01+01:00;services;['60 %', '40 %'];['prix', 'qualite'];[60.0, 40.0];;False;1501588.0;False;{'StreetName': 'BP 60070', 'CityName': 'Avignon Cedex 1', 'PostalZone': '84005', 'NUTS': 'FRL06', 'Country': 'FRA'};;;26-87414;;177595.0;130000.0;LOT-0005;66512000;;8;3.0;;PASSATION DE MARCHES D'ASSURANCE POUR LES BESOINS DU SDIS DE VAUCLUSE;ouverte;;;;;False;False;False;335000.0;7372.0;Service départemental d'incendie et de secours (SDIS);500  à  999;<NA>;1982-09-30;84.25Z;2008;5599.0;SA à conseil d'administration (s.a.i.);1  ou  2;False;<NA>;2008;K;66;66.2;66.22;66.22Z;1986-01-01;(47.160031, 2.381043);Vasselay;Cher;Centre-Val de Loire;;;;;;;;;;;;
False;;;True;True;False;non attribue;;;False;;;2026-09-10;{'StreetName': 'BP 60070', 'AdditionalStreetName': None, 'CityName': 'Avignon Cedex 1', 'PostalZone': '84005', 'Country': 'FRA'};288400021;True;SCE DEPARTEMENTAL INCENDIE ET SECOURS;SDIS (84);;;services;['60 %', '40 %'];['prix', 'qualite'];[60.0, 40.0];1825.0;False;1501588.0;False;{'StreetName': 'BP 60070', 'CityName': 'Avignon Cedex 1', 'PostalZone': '84005', 'NUTS': 'FRL06', 'Country': 'FRA'};;;26-87414;;;22000.0;LOT-0006;66512000;;8;2.0;;PASSATION DE MARCHES D'ASSURANCE POUR LES BESOINS DU SDIS DE VAUCLUSE;ouverte;;;;;False;False;False;335000.0;7372.0;Service départemental d'incendie et de secours (SDIS);500  à  999;<NA>;1982-09-30;84.25Z;2008;;;;;;<NA>;;;;;<NA>;<NA>;;;;;;;;;;;;;;;;
False;;;True;True;False;non attribue;;;False;;;2026-09-10;{'StreetName': 'BP 60070', 'AdditionalStreetName': None, 'CityName': 'Avignon Cedex 1', 'PostalZone': '84005', 'Country': 'FRA'};288400021;True;SCE DEPARTEMENTAL INCENDIE ET SECOURS;SDIS (84);;;services;['55 %', '45 %'];['prix', 'qualite'];[55.0, 45.0];1825.0;False;1501588.0;False;{'StreetName': 'BP 60070', 'CityName': 'Avignon Cedex 1', 'PostalZone': '84005', 'NUTS': 'FRL06', 'Country': 'FRA'};;;26-87414;;;15000.0;LOT-0007;66515000;;8;2.0;;PASSATION DE MARCHES D'ASSURANCE POUR LES BESOINS DU SDIS DE VAUCLUSE;ouverte;;;;;False;False;False;335000.0;7372.0;Service départemental d'incendie et de secours (SDIS);500  à  999;<NA>;1982-09-30;84.25Z;2008;;;;;;<NA>;;;;;<NA>;<NA>;;;;;;;;;;;;;;;;
False;;;True;True;False;attribue;{'StreetName': '11 Rue Faidherbe', 'AdditionalStreetName': None, 'CityName': 'SAINT CERE', 'PostalZone': '46400', 'Country': 'FRA'};818660771;True;ACL COURTAGE;ACL COURTAGE;2026-09-10;{'StreetName': 'BP 60070', 'AdditionalStreetName': None, 'CityName': 'Avignon Cedex 1', 'PostalZone': '84005', 'Country': 'FRA'};288400021;True;SCE DEPARTEMENTAL INCENDIE ET SECOURS;SDIS (84);;2027-01-01+01:00;services;['55 %', '45 %'];['prix', 'qualite'];[55.0, 45.0];;False;1501588.0;False;{'StreetName': 'BP 60070', 'CityName': 'Avignon Cedex 1', 'PostalZone': '84005', 'NUTS': 'FRL06', 'Country': 'FRA'};;;26-87414;;4758.0;10000.0;LOT-0008;66514150;;8;3.0;;PASSATION DE MARCHES D'ASSURANCE POUR LES BESOINS DU SDIS DE VAUCLUSE;ouverte;;;;;False;False;False;335000.0;7372.0;Service départemental d'incendie et de secours (SDIS);500  à  999;<NA>;1982-09-30;84.25Z;2008;5499.0;Société à responsabilité limitée (sans autre indication);3  à  5;<NA>;<NA>;2008;K;66;66.2;66.22;66.22Z;2016-02-05;(44.859094, 1.890467);Saint-Céré;Lot;Occitanie;;;;;;;;;;;;
False;['45232150', '45232411'];;True;False;False;attribue;{'StreetName': '407 Rue De L Industrie', 'AdditionalStreetName': None, 'CityName': 'Tarnos', 'PostalZone': '40220', 'Country': 'FRA'};302475405;False;NEO RESEAUX;NEO RESEAUX;2026-09-10;{'StreetName': 'Monsieur le Président', 'AdditionalStreetName': '15 avenue Maréchal Foch, Cs88507', 'CityName': 'Bayonne Cedex', 'PostalZone': '64185', 'Country': 'FRA'};200067106;False;CA DU PAYS BASQUE;Communauté d'agglomération Pays Basque;;2026-07-01+02:00;travaux;"[""Valeur technique de l'offre"", 'Valeur environnementale', 'Prix']";['technique', 'environnemental', 'prix'];[40.0, 10.0, 50.0];480.0;True;;False;;;;26-87279;;1814953.0;;LOT-0000;45232130;;1;3.0;;Travaux pour la réalisation d'une canalisation de rejet des eaux traitées issues de la future station d'épuration Archilua à Saint-Jean-de-Luz;negociee;2025_ELMN_0053;;;;True;True;True;1814953.0;7348.0;Communauté d'agglomération ;1 000  à  1 999;False;2017-01-01;84.11Z;2008;5710.0;SAS, société par actions simplifiée;50  à  99;False;<NA>;2008;F;42;42.2;42.21;42.21Z;1975-01-01;(43.540208, -1.500778);Tarnos;Landes;Nouvelle-Aquitaine;(43.493858, -1.482345);Bayonne;Pyrénées-Atlantiques;Nouvelle-Aquitaine;;;;;;;;
False;['66515200', '66515200', '66516000', '66513100'];;True;True;False;attribue;{'StreetName': '24 Rue Cambaceres', 'AdditionalStreetName': None, 'CityName': 'Paris 8', 'PostalZone': '75008', 'Country': 'FRA'};784395725;False;SOCIETE ANONYME DE TRANSACTIONS ET COURTAGE;SATEC;2026-09-10;{'StreetName': '40 Rue de Rennes', 'AdditionalStreetName': None, 'CityName': 'Angers', 'PostalZone': '49035', 'Country': 'FRA'};194909701;False;UNIVERSITE D'ANGERS;Université d'Angers;;;services;['Nature des garanties', 'Capacité de gestion', 'Prix'];['qualite', 'qualite', 'prix'];[50.0, 10.0, 40.0];;False;0.0;False;{'StreetName': '147 rue nationale', 'CityName': '45140 - Ormes', 'PostalZone': '45140', 'NUTS': 'FRB06', 'Country': 'FRA'};;;26-87417;25-74417;139248.0;30000.0;LOT-0001;66510000;;6;3.0;;Marché d'assurances de l'Université d'Angers;ouverte;2026-01;;;False;False;False;False;172707.0;7383.0;Établissement public national à caractère scientifique culturel et professionnel ;2 000  à  4 999;False;1965-05-16;85.42Z;2008;5710.0;SAS, société par actions simplifiée;250  à  499;False;<NA>;2008;K;66;66.2;66.22;66.22Z;1977-01-01;(48.873592, 2.317879);Paris;Paris;Île-de-France;(47.47687, -0.549657);Angers;Maine-et-Loire;Pays de la Loire;;;;;;;;
False;['66516000', '66515200', '66516000', '66513100'];;True;True;False;attribue;{'StreetName': '4 Sq La Fayette', 'AdditionalStreetName': None, 'CityName': 'Angers', 'PostalZone': '49000', 'Country': 'FRA'};['802613869'];False;;ROBINEAU*ERIC/;2026-09-10;{'StreetName': '40 Rue de Rennes', 'AdditionalStreetName': None, 'CityName': 'Angers', 'PostalZone': '49035', 'Country': 'FRA'};194909701;False;UNIVERSITE D'ANGERS;Université d'Angers;;;services;['Nature des garanties', 'Capacité de gestion', 'Prix'];['qualite', 'qualite', 'prix'];[50.0, 10.0, 40.0];;False;0.0;False;{'StreetName': '147 rue nationale', 'CityName': '45140 - Ormes', 'PostalZone': '45140', 'NUTS': 'FRB06', 'Country': 'FRA'};;;26-87417;25-74417;12514.0;100000.0;LOT-0002;66510000;;6;1.0;;Marché d'assurances de l'Université d'Angers;ouverte;2026-01;;;False;False;False;False;172707.0;7383.0;Établissement public national à caractère scientifique culturel et professionnel ;2 000  à  4 999;False;1965-05-16;85.42Z;2008;;;;;;<NA>;;;;;<NA>;<NA>;(47.461965, -0.553779);Angers;Maine-et-Loire;Pays de la Loire;(47.47687, -0.549657);Angers;Maine-et-Loire;Pays de la Loire;;;;;;;;
False;['66516000', '66515200', '66516000', '66513100'];;True;True;False;non attribue;;;False;;;2026-09-10;{'StreetName': '40 Rue de Rennes', 'AdditionalStreetName': None, 'CityName': 'Angers', 'PostalZone': '49035', 'Country': 'FRA'};194909701;False;UNIVERSITE D'ANGERS;Université d'Angers;;;services;['Nature des garanties', 'Capacité de gestion', 'Prix'];['qualite', 'qualite', 'prix'];[50.0, 10.0, 40.0];;False;0.0;False;{'StreetName': '147 rue nationale', 'CityName': '45140 - Ormes', 'PostalZone': '45140', 'NUTS': 'FRB06', 'Country': 'FRA'};;;26-87417;25-74417;;450000.0;LOT-0003;66510000;;6;0.0;;Marché d'assurances de l'Université d'Angers;ouverte;2026-01;;;False;False;False;False;172707.0;7383.0;Établissement public national à caractère scientifique culturel et professionnel ;2 000  à  4 999;False;1965-05-16;85.42Z;2008;;;;;;<NA>;;;;;<NA>;<NA>;;;;;(47.47687, -0.549657);Angers;Maine-et-Loire;Pays de la Loire;;;;;;;;
False;['66513100', '66515200', '66516000', '66513100'];;True;True;False;attribue;{'StreetName': 'Rue Georges Magnoac', 'AdditionalStreetName': None, 'CityName': 'Tarbes', 'PostalZone': '65000', 'Country': 'FRA'};443176359;False;2C COURTAGE;2C COURTAGE;2026-09-10;{'StreetName': '40 Rue de Rennes', 'AdditionalStreetName': None, 'CityName': 'Angers', 'PostalZone': '49035', 'Country': 'FRA'};194909701;False;UNIVERSITE D'ANGERS;Université d'Angers;;;services;['Nature des garanties', 'Capacité de gestion', 'Prix'];['qualite', 'qualite', 'prix'];[50.0, 10.0, 40.0];;False;0.0;False;{'StreetName': '147 rue nationale', 'CityName': '45140 - Ormes', 'PostalZone': '45140', 'NUTS': 'FRB06', 'Country': 'FRA'};;;26-87417;25-74417;886.8;2000.0;LOT-0004;66510000;;6;2.0;;Marché d'assurances de l'Université d'Angers;ouverte;2026-01;;;False;False;False;False;172707.0;7383.0;Établissement public national à caractère scientifique culturel et professionnel ;2 000  à  4 999;False;1965-05-16;85.42Z;2008;5499.0;Société à responsabilité limitée (sans autre indication);1  ou  2;False;<NA>;2008;K;66;66.2;66.22;66.22Z;2002-01-01;(43.234251, 0.075208);Tarbes;Hautes-Pyrénées;Occitanie;(47.47687, -0.549657);Angers;Maine-et-Loire;Pays de la Loire;;;;;;;;
False;['66512000', '66515200', '66516000', '66513100'];;True;True;False;attribue;{'StreetName': '17 Av Raymond Poincare', 'AdditionalStreetName': None, 'CityName': 'Sarrebourg', 'PostalZone': '57400', 'Country': 'FRA'};301573143;False;SARRE ET MOSELLE;SARRE ET MOSELLE;2026-09-10;{'StreetName': '40 Rue de Rennes', 'AdditionalStreetName': None, 'CityName': 'Angers', 'PostalZone': '49035', 'Country': 'FRA'};194909701;False;UNIVERSITE D'ANGERS;Université d'Angers;;;services;['Nature des garanties', 'Capacité de gestion', 'Prix'];['qualite', 'qualite', 'prix'];[50.0, 10.0, 40.0];;False;0.0;False;{'StreetName': '147 rue nationale', 'CityName': '45140 - Ormes', 'PostalZone': '45140', 'NUTS': 'FRB06', 'Country': 'FRA'};;;26-87417;25-74417;10248.18;4000.0;LOT-0005;66510000;;6;2.0;;Marché d'assurances de l'Université d'Angers;ouverte;2026-01;;;False;False;False;False;172707.0;7383.0;Établissement public national à caractère scientifique culturel et professionnel ;2 000  à  4 999;False;1965-05-16;85.42Z;2008;5710.0;SAS, société par actions simplifiée;6  à  9;False;<NA>;2008;K;66;66.2;66.22;66.22Z;1975-01-01;(48.736464, 7.05228);Sarrebourg;Moselle;Grand Est;(47.47687, -0.549657);Angers;Maine-et-Loire;Pays de la Loire;;;;;;;;
False;['66515000', '66515200', '66516000', '66513100'];;True;True;False;attribue;{'StreetName': '58 Avenue De La Grande Armee', 'AdditionalStreetName': None, 'CityName': 'Paris', 'PostalZone': '75017', 'Country': 'FRA'};952659605;False;ARCH INSURANCE (EU) DESIGNATED ACTIVITY COMPANY;CYBER COVER;2026-09-10;{'StreetName': '40 Rue de Rennes', 'AdditionalStreetName': None, 'CityName': 'Angers', 'PostalZone': '49035', 'Country': 'FRA'};194909701;False;UNIVERSITE D'ANGERS;Université d'Angers;;;services;['Nature des garanties', 'Capacité de gestion', 'Prix'];['qualite', 'qualite', 'prix'];[50.0, 10.0, 40.0];;False;0.0;False;;;;26-87417;25-74417;9810.0;;LOT-0006;66510000;;6;1.0;;Marché d'assurances de l'Université d'Angers;ouverte;2026-01;;;False;False;False;False;172707.0;7383.0;Établissement public national à caractère scientifique culturel et professionnel ;2 000  à  4 999;False;1965-05-16;85.42Z;2008;3120.0;Société commerciale étrangère immatriculée au RCS;;False;<NA>;2008;K;65;65.1;65.12;65.12Z;2023-05-29;(48.876795, 2.286683);Paris;Paris;Île-de-France;(47.47687, -0.549657);Angers;Maine-et-Loire;Pays de la Loire;;;;;;;;
False;['48421000', '50324100', '50324200'];;True;True;False;attribue;{'StreetName': '482 Rue Des Mercieres', 'AdditionalStreetName': None, 'CityName': 'Rillieux-La-Pape', 'PostalZone': '69140', 'Country': 'FRA'};414879510;False;ENFRASYS;ENFRASYS;2026-09-10;{'StreetName': 'Plateforme du tunnel du Fréjus', 'AdditionalStreetName': None, 'CityName': 'Modane', 'PostalZone': '73500', 'Country': 'FRA'};962504049;False;SOC FRANCAISE TUNNEL ROUTIER DE FREJUS;SFTRF;;;services;"[""Valeur technique et méthodologique de l'offre appréciée à l'aide du mémoire technique"", ""Valeur environnementale de l'offre appréciée à l'aide du mémoire environnemental"", 'Prix']";['technique', 'environnemental', 'prix'];[30.0, 10.0, 60.0];;True;;False;;sans remise en concurrence;;26-87145;;1002155.0;;LOT-0001;72514200;2800000.0;2;3.0;;EVOLUTIONS ET MAINTENANCES GTC - REX DE L'AUTOROUTE DE LA MAURIENNE;ouverte;2026AOES03;3.0;;;False;True;False;;5515.0;SA d'économie mixte à conseil d'administration ;250  à  499;False;1962-01-01;52.21Z;2008;5710.0;SAS, société par actions simplifiée;50  à  99;False;<NA>;2008;F;43;43.2;43.21;43.21A;1997-12-11;(45.816561, 4.879626);Rillieux-la-Pape;Rhône;Auvergne-Rhône-Alpes;(45.20086, 6.676765);Modane;Savoie;Auvergne-Rhône-Alpes;;;;;;;;
False;['72700000', '50324100', '50324200'];;True;True;False;attribue;{'StreetName': '148 avenue Pierre Brossolette', 'AdditionalStreetName': None, 'CityName': 'Malakoff Cedex', 'PostalZone': '92247', 'Country': 'FRA'};324103829;False;SPIE ICS;SPIE ICS;2026-09-10;{'StreetName': 'Plateforme du tunnel du Fréjus', 'AdditionalStreetName': None, 'CityName': 'Modane', 'PostalZone': '73500', 'Country': 'FRA'};962504049;False;SOC FRANCAISE TUNNEL ROUTIER DE FREJUS;SFTRF;;;services;"[""Valeur technique et méthodologique de l'offre appréciée à l'aide du mémoire technique"", ""Valeur environnementale de l'offre appréciée à l'aide du mémoire environnemental"", 'Prix']";['technique', 'environnemental', 'prix'];[30.0, 10.0, 60.0];;True;;False;;sans remise en concurrence;;26-87145;;402700.27;;LOT-0002;72514200;2800000.0;2;2.0;;EVOLUTIONS ET MAINTENANCES GTC - REX DE L'AUTOROUTE DE LA MAURIENNE;ouverte;2026AOES03;3.0;;;False;True;False;;5515.0;SA d'économie mixte à conseil d'administration ;250  à  499;False;1962-01-01;52.21Z;2008;5710.0;SAS, société par actions simplifiée;2 000  à  4 999;False;<NA>;2008;J;62;62.0;62.02;62.02A;1982-04-01;(48.815656, 2.304636);Malakoff;Hauts-de-Seine;Île-de-France;(45.20086, 6.676765);Modane;Savoie;Auvergne-Rhône-Alpes;;;;;;;;
False;;;;False;False;attribue;;;False;;;2026-09-10;"{'StreetName': ""1 avenue Michel de l'hospital"", 'AdditionalStreetName': None, 'CityName': 'Saint quentin', 'PostalZone': '02321', 'Country': 'FRA'}";260208616;True;CENTRE HOSPITALIER GENERAL ST QUENTIN;Centre hospitalier de Saint Quentin;2025-07-23;;services;[];[];;;True;;True;{'StreetName': '40 Rue aux Loups', 'CityName': 'HIRSON', 'PostalZone': '02500', 'NUTS': 'FRE21', 'Country': 'FRA'};;;26-87238;25-83245;;;LOT-0001;71000000;;1;3.0;;REHABILITATION LOURDE ET EXTENSION MEDICO-SOCIALE DE L'EHPAD BRISSET A HIRSON;restreinte;225900;;;False;False;False;False;;7364.0;Établissement d'hospitalisation ;2 000  à  4 999;False;1980-01-01;86.10Z;2008;;;;;;<NA>;;;;;<NA>;<NA>;;;;;(49.861846, 3.269154);Saint-Quentin;Aisne;Hauts-de-France;;;;;;;;
False;['71631450'];;True;False;False;attribue;{'StreetName': 'Bd De L Industrie', 'AdditionalStreetName': None, 'CityName': 'Saint-Just-Saint-Rambert', 'PostalZone': '42170', 'Country': 'FRA'};981878804;False;INGENIERIE SUPERSTRUCTURE OUVRAGE D'ART;INGENIERIE SUPERSTRUCTURE OUVRAGE D'ART;2026-09-10;{'StreetName': '24, rue Saint Esprit', 'AdditionalStreetName': None, 'CityName': 'Clermont-Ferrand', 'PostalZone': '63033', 'Country': 'FRA'};226300010;False;DEPARTEMENT DU PUY DE DOME;Département du Puy-de-Dôme;;2026-08-31+02:00;services;"['Valeur technique', ""Performance en matière de protection de l'environnement"", 'Prix des prestations']";['technique', 'environnemental', 'prix'];[50.0, 10.0, 40.0];;True;383900.0;False;{'StreetName': '24, rue Saint Esprit', 'CityName': 'Clermont-Ferrand', 'PostalZone': '63033', 'NUTS': 'FRK14', 'Country': 'FRA'};sans remise en concurrence;;26-87356;;150000.0;;LOT-0000;71631450;150000.0;1;3.0;;Inspections des appuis immergés des ouvrages d'art de 2026 à 2029;ouverte;2026-SOA-0001;3.0;;;False;True;False;150000.0;7220.0;Département ;2 000  à  4 999;False;1982-01-01;84.11Z;2008;5710.0;SAS, société par actions simplifiée;6  à  9;False;<NA>;2008;M;71;71.1;71.12;71.12B;2023-11-10;(45.518749, 4.261056);Saint-Just-Saint-Rambert;Loire;Auvergne-Rhône-Alpes;(45.776248, 3.085147);Clermont-Ferrand;Puy-de-Dôme;Auvergne-Rhône-Alpes;;;;;;;;
False;['44613800'];;True;True;False;attribue;{'StreetName': '1 Rue Du Debarcadere', 'AdditionalStreetName': None, 'CityName': 'Colombes', 'PostalZone': '92700', 'Country': 'FRA'};778151944;False;SULO FRANCE;SULO FRANCE;2026-09-10;{'StreetName': 'Zone de Layat 2', 'AdditionalStreetName': '13, Rue Joaquin Perez Carretero', 'CityName': 'Riom', 'PostalZone': '63200', 'Country': 'FRA'};256300161;False;SYNDICAT DU BOIS DE L'AUMONE (S.B.A.);SYNDICAT DU BOIS DE L'AUMONE;;;fournitures;['Valeur technique et qualités fonctionnelles', 'Conditions de production, de commercialisation et de livraison', 'Valeur environnementale', 'Prix des prestations'];['qualite', 'qualite', 'environnemental', 'prix'];[25.0, 10.0, 15.0, 50.0];;True;1800000.0;False;;sans remise en concurrence;;26-87281;;1000000.0;;LOT-0001;44613800;1800000.0;2;2.0;;FOURNITURE DE CONTENEURS DE COLLECTE DE DÉCHETS MÉNAGERS;ouverte;2602M;3.0;;;False;True;False;;7354.0;Syndicat mixte fermé ;200  à  249;<NA>;1975-12-17;38.11Z;2008;5710.0;SAS, société par actions simplifiée;500  à  999;False;False;2008;C;22;22.2;22.22;22.22Z;1960-01-01;(48.908702, 2.235645);Colombes;Hauts-de-Seine;Île-de-France;(45.902659, 3.126133);Riom;Puy-de-Dôme;Auvergne-Rhône-Alpes;;;;;;;;
False;['44613800'];;True;True;False;attribue;{'StreetName': '1 Rue Du Debarcadere', 'AdditionalStreetName': None, 'CityName': 'Colombes', 'PostalZone': '92700', 'Country': 'FRA'};778151944;False;SULO FRANCE;SULO FRANCE;2026-09-10;{'StreetName': 'Zone de Layat 2', 'AdditionalStreetName': '13, Rue Joaquin Perez Carretero', 'CityName': 'Riom', 'PostalZone': '63200', 'Country': 'FRA'};256300161;False;SYNDICAT DU BOIS DE L'AUMONE (S.B.A.);SYNDICAT DU BOIS DE L'AUMONE;;;fournitures;['Valeur technique et qualités fonctionnelles', 'Conditions de production, de commercialisation et de livraison', 'Valeur environnementale', 'Prix des prestations'];['qualite', 'qualite', 'environnemental', 'prix'];[25.0, 10.0, 15.0, 50.0];;True;1800000.0;False;;sans remise en concurrence;;26-87281;;800000.0;;LOT-0002;44613800;1800000.0;2;2.0;;FOURNITURE DE CONTENEURS DE COLLECTE DE DÉCHETS MÉNAGERS;ouverte;2602M;3.0;;;False;True;False;;7354.0;Syndicat mixte fermé ;200  à  249;<NA>;1975-12-17;38.11Z;2008;5710.0;SAS, société par actions simplifiée;500  à  999;False;False;2008;C;22;22.2;22.22;22.22Z;1960-01-01;(48.908702, 2.235645);Colombes;Hauts-de-Seine;Île-de-France;(45.902659, 3.126133);Riom;Puy-de-Dôme;Auvergne-Rhône-Alpes;;;;;;;;
False;;;True;True;False;attribue;{'StreetName': '7chemin Arthur Rimbaud', 'AdditionalStreetName': None, 'CityName': 'SAINTE-MARIE', 'PostalZone': '97438', 'Country': 'FRA'};892970110;True;;SAS EI LE ZARBOUTAN;2026-09-10;{'StreetName': '2 bis, avenue Georges Brassens – CS 61002', 'AdditionalStreetName': None, 'CityName': 'SAINT-DENIS CEDEX', 'PostalZone': '97743', 'Country': 'FRA'};130026057;True;AGENCE REGIONALE DE SANTE DE LA REUNION;AGENCE REGIONALE DE SANTE LA REUNION;;2026-07-01+04:00;services;"['Le critère « prix » est évalué sur la base des prix hors taxes (HT) figurant dans le tableau de prix annexé à l’acte d’engagement.\nLe prix global HT retenu pour la comparaison des offres est obtenu en par application d’une\nsimulation de commande annuelle aux prix unitaires et forfaitaires du tableau de prix. La note affectée au prix est calculée comme suit :\n1° - le prix le plus bas détermine la note maximum de 100, les autres notes sont calculées au prorata de celle-ci par la formule suivante :\n2° - la note prix (  ) = prix le plus bas / prix Examiné X 100.\nLa note (P), ainsi obtenue, est arrondie au centième près et comporte donc un maximum de 2 décimales après la virgule.', 'Critère « valeur technique »\nLe critère « valeur technique » est apprécié au regard du contenu du cadre-réponses remis par le\ncandidat.\nCompte tenu de la prestation, l’étude du critère a été décomposée en deux (2) sous-critères ; la notation maximale de chaque sous critère est fixée de la manière suivante :\n- Organisation mise en oeuvre par la société pour assurer une exécution optimale du marché (15 Pts) ;\n- Moyens humains mis en place par la société pour assurer une exécution optimale du marché (15 Pts).\nLes offres non conformes techniquement sont éliminées.\nVt = note du critère « valeur technique » des prestations sur 30.\n\nCritère « valeur environnementales »\nL’analyse, l’appréciation et la notation de ce critère se font au regard du contenu de la fiche performance en matière de développement durable jointe aux documents de la consultation.\nLa fiche performance en matière de développement durable doit être dûment remplie soit par des commentaires directement portés sur le document soit par les références à la page d’un autre document de l’offre (par exemple, le mémoire technique) où l’acheteur peut retrouver les informations.\nEnv = note du critère environnemental sur 10.']";['prix', 'environnemental & social'];;1440.0;True;134000.0;False;{'StreetName': None, 'CityName': 'Saint-Denis', 'PostalZone': '97400', 'NUTS': 'FRY40', 'Country': 'FRA'};sans remise en concurrence;;26-87425;;14232.0;74000.0;LOT-0001;77310000;112000.0;3;4.0;;Entretien des espaces verts et extérieurs de l’ARS la Réunion;ouverte;ARS974 - MP 2025 005;3.0;;;True;False;False;112000.0;7385.0;Autre établissement public national administratif à compétence territoriale limitée ;250  à  499;<NA>;2020-01-01;84.12Z;2008;;;;;;<NA>;;;;;<NA>;<NA>;(-20.942906, 55.529164);Sainte-Marie;La Réunion;;(49.85637, 3.307965);Saint-Quentin;Aisne;Hauts-de-France;;;;;;;;
False;;;True;True;False;attribue;{'StreetName': '7chemin Arthur Rimbaud', 'AdditionalStreetName': None, 'CityName': 'SAINTE-MARIE', 'PostalZone': '97438', 'Country': 'FRA'};892970110;True;;SAS EI LE ZARBOUTAN;2026-09-10;{'StreetName': '2 bis, avenue Georges Brassens – CS 61002', 'AdditionalStreetName': None, 'CityName': 'SAINT-DENIS CEDEX', 'PostalZone': '97743', 'Country': 'FRA'};130026057;True;AGENCE REGIONALE DE SANTE DE LA REUNION;AGENCE REGIONALE DE SANTE LA REUNION;;2026-07-01+04:00;services;"['Le critère « prix » est évalué sur la base des prix hors taxes (HT) figurant dans le tableau de prix annexé à l’acte d’engagement.\nLe prix global HT retenu pour la comparaison des offres est obtenu en par application d’une\nsimulation de commande annuelle aux prix unitaires et forfaitaires du tableau de prix. La note affectée au prix est calculée comme suit :\n1° - le prix le plus bas détermine la note maximum de 100, les autres notes sont calculées au prorata de celle-ci par la formule suivante :\n2° - la note prix (  ) = prix le plus bas / prix Examiné X 100.\nLa note (P), ainsi obtenue, est arrondie au centième près et comporte donc un maximum de 2 décimales après la virgule.', 'Critère « valeur technique »\nLe critère « valeur technique » est apprécié au regard du contenu du cadre-réponses remis par le\ncandidat.\nCompte tenu de la prestation, l’étude du critère a été décomposée en deux (2) sous-critères ; la notation maximale de chaque sous critère est fixée de la manière suivante :\n- Organisation mise en oeuvre par la société pour assurer une exécution optimale du marché (15 Pts) ;\n- Moyens humains mis en place par la société pour assurer une exécution optimale du marché (15 Pts).\nLes offres non conformes techniquement sont éliminées.\nVt = note du critère « valeur technique » des prestations sur 30.\n\nCritère « valeur environnementales »\nL’analyse, l’appréciation et la notation de ce critère se font au regard du contenu de la fiche performance en matière de développement durable jointe aux documents de la consultation.\nLa fiche performance en matière de développement durable doit être dûment remplie soit par des commentaires directement portés sur le document soit par les références à la page d’un autre document de l’offre (par exemple, le mémoire technique) où l’acheteur peut retrouver les informations.\nEnv = note du critère environnemental sur 10.']";['prix', 'environnemental & social'];;1440.0;True;134000.0;False;{'StreetName': None, 'CityName': 'Saint-Benoit', 'PostalZone': None, 'NUTS': 'FRY40', 'Country': 'FRA'};sans remise en concurrence;;26-87425;;6600.0;38000.0;LOT-0002;77310000;112000.0;3;5.0;;Entretien des espaces verts et extérieurs de l’ARS la Réunion;ouverte;ARS974 - MP 2025 005;3.0;;;True;False;False;112000.0;7385.0;Autre établissement public national administratif à compétence territoriale limitée ;250  à  499;<NA>;2020-01-01;84.12Z;2008;;;;;;<NA>;;;;;<NA>;<NA>;(-20.942906, 55.529164);Sainte-Marie;La Réunion;;(49.85637, 3.307965);Saint-Quentin;Aisne;Hauts-de-France;;;;;;;;
False;;;True;True;False;non attribue;;;False;;;2026-09-10;{'StreetName': '2 bis, avenue Georges Brassens – CS 61002', 'AdditionalStreetName': None, 'CityName': 'SAINT-DENIS CEDEX', 'PostalZone': '97743', 'Country': 'FRA'};130026057;True;AGENCE REGIONALE DE SANTE DE LA REUNION;AGENCE REGIONALE DE SANTE LA REUNION;;2026-07-01+04:00;services;"['Le critère « prix » est évalué sur la base des prix hors taxes (HT) figurant dans le tableau de prix annexé à l’acte d’engagement.\nLe prix global HT retenu pour la comparaison des offres est obtenu en par application d’une\nsimulation de commande annuelle aux prix unitaires et forfaitaires du tableau de prix. La note affectée au prix est calculée comme suit :\n1° - le prix le plus bas détermine la note maximum de 100, les autres notes sont calculées au prorata de celle-ci par la formule suivante :\n2° - la note prix (  ) = prix le plus bas / prix Examiné X 100.\nLa note (P), ainsi obtenue, est arrondie au centième près et comporte donc un maximum de 2 décimales après la virgule.', 'Critère « valeur technique »\nLe critère « valeur technique » est apprécié au regard du contenu du cadre-réponses remis par le\ncandidat.\nCompte tenu de la prestation, l’étude du critère a été décomposée en deux (2) sous-critères ; la notation maximale de chaque sous critère est fixée de la manière suivante :\n- Organisation mise en oeuvre par la société pour assurer une exécution optimale du marché (15 Pts) ;\n- Moyens humains mis en place par la société pour assurer une exécution optimale du marché (15 Pts).\nLes offres non conformes techniquement sont éliminées.\nVt = note du critère « valeur technique » des prestations sur 30.\n\nCritère « valeur environnementales »\nL’analyse, l’appréciation et la notation de ce critère se font au regard du contenu de la fiche performance en matière de développement durable jointe aux documents de la consultation.\nLa fiche performance en matière de développement durable doit être dûment remplie soit par des commentaires directement portés sur le document soit par les références à la page d’un autre document de l’offre (par exemple, le mémoire technique) où l’acheteur peut retrouver les informations.\nEnv = note du critère environnemental sur 10.']";['prix', 'environnemental & social'];;1440.0;True;134000.0;False;{'StreetName': None, 'CityName': 'Saint-Pierre', 'PostalZone': None, 'NUTS': 'FRY40', 'Country': 'FRA'};sans remise en concurrence;;26-87425;;;22000.0;LOT-0003;77310000;112000.0;3;0.0;;Entretien des espaces verts et extérieurs de l’ARS la Réunion;ouverte;ARS974 - MP 2025 005;3.0;;;True;False;False;112000.0;7385.0;Autre établissement public national administratif à compétence territoriale limitée ;250  à  499;<NA>;2020-01-01;84.12Z;2008;;;;;;<NA>;;;;;<NA>;<NA>;;;;;(49.85637, 3.307965);Saint-Quentin;Aisne;Hauts-de-France;;;;;;;;
False;['44212321'];;True;True;False;attribue;{'StreetName': '9, rue de la voie lactée', 'AdditionalStreetName': None, 'CityName': 'la possession', 'PostalZone': '97419', 'Country': 'FRA'};493092233;True;METALLERIE DE L'OCEAN INDIEN RM;MDOI;2026-09-10;{'StreetName': '28 Rue des Tamarins\nPôle Bois de Saint-Benoît', 'AdditionalStreetName': None, 'CityName': 'Saint Benoît', 'PostalZone': '97470', 'Country': 'FRA'};249740093;True;COMMUNAUTE INTERCOMMUNALE REUNION EST;CIREST : Communauté Intercommunale Réunion EST (974);;;fournitures;"['Prix : 40 points', 'Valeur Technique : 40 Points', ""Délai d'exécution : 20 points""]";['prix', 'technique', 'delai'];[40.0, 40.0, 20.0];1460.0;False;228000.0;False;{'StreetName': 'Territoire de la CIREST', 'CityName': 'SAINT-BENOIT', 'PostalZone': '97470', 'NUTS': 'FRY40', 'Country': 'FRA'};;;26-87260;;88936.0;132000.0;LOT-0001;34928400;;2;5.0;;Fabrication et pose d'abris voyageurs sur le territoire de la Cirest;ouverte;2025aoo35;;;;False;False;False;228000.0;7348.0;Communauté d'agglomération ;200  à  249;False;1997-04-02;84.11Z;2008;5499.0;Société à responsabilité limitée (sans autre indication);6  à  9;False;<NA>;2008;C;25;25.1;25.11;25.11Z;2007-01-01;(-20.940688, 55.333797);La Possession;La Réunion;;(-21.051471, 55.71689);Saint-Benoît;La Réunion;;;;;;;;;
False;['44212321'];;True;True;False;attribue;{'StreetName': '2 RUE DE CANCUN - ZONE ECOPARC', 'AdditionalStreetName': None, 'CityName': 'LE PORT', 'PostalZone': '97420', 'Country': 'FRA'};414715102;True;SELF SIGNAL OCEAN INDIEN;SELF SIGNAL OCEAN INDIEN;2026-09-10;{'StreetName': '28 Rue des Tamarins\nPôle Bois de Saint-Benoît', 'AdditionalStreetName': None, 'CityName': 'Saint Benoît', 'PostalZone': '97470', 'Country': 'FRA'};249740093;True;COMMUNAUTE INTERCOMMUNALE REUNION EST;CIREST : Communauté Intercommunale Réunion EST (974);;;fournitures;"['Prix : 40 points', 'Valeur Technique : 40 Points', ""Délai d'exécution : 20 points""]";['prix', 'technique', 'delai'];[40.0, 40.0, 20.0];1460.0;False;228000.0;False;{'StreetName': 'Territoire de la CIREST', 'CityName': 'SAINT-BENOIT', 'PostalZone': '97470', 'NUTS': 'FRY40', 'Country': 'FRA'};;;26-87260;;89474.0;96000.0;LOT-0002;34928400;;2;5.0;;Fabrication et pose d'abris voyageurs sur le territoire de la Cirest;ouverte;2025aoo35;;;;False;False;False;228000.0;7348.0;Communauté d'agglomération ;200  à  249;False;1997-04-02;84.11Z;2008;5499.0;Société à responsabilité limitée (sans autre indication);10  à  19;False;False;2008;C;25;25.9;25.99;25.99B;1997-11-06;(-20.951323, 55.285257);Le Port;La Réunion;;(-21.051471, 55.71689);Saint-Benoît;La Réunion;;;;;;;;;
False;['50324200'];40.0;True;True;False;attribue;{'StreetName': '17 Rue Claude Berthollet', 'AdditionalStreetName': None, 'CityName': 'Poitiers', 'PostalZone': '86000', 'Country': 'FRA'};480108034;False;INEO CENTRE;INEO CENTRE;2026-09-10;{'StreetName': 'Place de la Préfecture', 'AdditionalStreetName': None, 'CityName': 'Tours', 'PostalZone': '37927', 'Country': 'FRA'};223700014;False;DEPARTEMENT DE L'INDRE ET LOIRE;Conseil départemental d'Indre et Loire;2025-08-24;2026-01-01+01:00;services;['Valeur technique', 'Prix'];['technique', 'prix'];[60.0, 40.0];360.0;False;340000.0;False;"{'StreetName': ""Conseil départemental d'Indre-et-Loire Direction Education et Patrimoine 2 rue de Buffon"", 'CityName': 'Tours cedex 9', 'PostalZone': '37927', 'NUTS': 'FRB04', 'Country': 'FRA'}";sans remise en concurrence;;26-87354;25-94195;;;LOT-0001;50324200;340000.0;3;4.0;;Immeuble du champ Girault à Tours - Maintenance des installations d'alarme incendie dans les locaux du Conseil départemental d'Indre-et-Loire, de l'UIOSS et de la DDFP, locaux situés dans l'Immeuble d;ouverte;F2025_0057;3.0;;False;False;False;False;;7220.0;Département ;2 000  à  4 999;False;1978-01-01;84.11Z;2008;5710.0;SAS, société par actions simplifiée;500  à  999;False;<NA>;2008;F;43;43.2;43.21;43.21A;2004-12-22;(46.606276, 0.326955);Poitiers;Vienne;Nouvelle-Aquitaine;(50.292481, 2.766359);Arras;Pas-de-Calais;Hauts-de-France;;;;;;;;
False;['50324200'];40.0;True;True;False;attribue;{'StreetName': '17 Rue Claude Berthollet', 'AdditionalStreetName': None, 'CityName': 'Poitiers', 'PostalZone': '86000', 'Country': 'FRA'};480108034;False;INEO CENTRE;INEO CENTRE;2026-09-10;{'StreetName': 'Place de la Préfecture', 'AdditionalStreetName': None, 'CityName': 'Tours', 'PostalZone': '37927', 'Country': 'FRA'};223700014;False;DEPARTEMENT DE L'INDRE ET LOIRE;Conseil départemental d'Indre et Loire;2025-08-24;2026-01-01+01:00;services;['Valeur technique', 'Prix'];['technique', 'prix'];[60.0, 40.0];360.0;False;340000.0;False;"{'StreetName': ""Conseil départemental d'Indre-et-Loire Direction Education et Patrimoine 2 rue de Buffon"", 'CityName': 'Tours cedex 9', 'PostalZone': '37927', 'NUTS': 'FRB04', 'Country': 'FRA'}";sans remise en concurrence;;26-87354;25-94195;;;LOT-0002;50324200;340000.0;3;4.0;;Immeuble du champ Girault à Tours - Maintenance des installations d'alarme incendie dans les locaux du Conseil départemental d'Indre-et-Loire, de l'UIOSS et de la DDFP, locaux situés dans l'Immeuble d;ouverte;F2025_0057;3.0;;False;False;False;False;;7220.0;Département ;2 000  à  4 999;False;1978-01-01;84.11Z;2008;5710.0;SAS, société par actions simplifiée;500  à  999;False;<NA>;2008;F;43;43.2;43.21;43.21A;2004-12-22;(46.606276, 0.326955);Poitiers;Vienne;Nouvelle-Aquitaine;(50.292481, 2.766359);Arras;Pas-de-Calais;Hauts-de-France;;;;;;;;
False;['50324200'];40.0;True;True;False;attribue;{'StreetName': '17 Rue Claude Berthollet', 'AdditionalStreetName': None, 'CityName': 'Poitiers', 'PostalZone': '86000', 'Country': 'FRA'};480108034;False;INEO CENTRE;INEO CENTRE;2026-09-10;{'StreetName': 'Place de la Préfecture', 'AdditionalStreetName': None, 'CityName': 'Tours', 'PostalZone': '37927', 'Country': 'FRA'};223700014;False;DEPARTEMENT DE L'INDRE ET LOIRE;Conseil départemental d'Indre et Loire;2025-08-24;2026-01-01+01:00;services;['Valeur technique', 'Prix'];['technique', 'prix'];[60.0, 40.0];360.0;False;340000.0;False;"{'StreetName': ""Conseil départemental d'Indre-et-Loire Direction Education et Patrimoine 2 rue de Buffon"", 'CityName': 'Tours cedex 9', 'PostalZone': '37927', 'NUTS': 'FRB04', 'Country': 'FRA'}";sans remise en concurrence;;26-87354;25-94195;;;LOT-0003;50324200;340000.0;3;4.0;;Immeuble du champ Girault à Tours - Maintenance des installations d'alarme incendie dans les locaux du Conseil départemental d'Indre-et-Loire, de l'UIOSS et de la DDFP, locaux situés dans l'Immeuble d;ouverte;F2025_0057;3.0;;False;False;False;False;;7220.0;Département ;2 000  à  4 999;False;1978-01-01;84.11Z;2008;5710.0;SAS, société par actions simplifiée;500  à  999;False;<NA>;2008;F;43;43.2;43.21;43.21A;2004-12-22;(46.606276, 0.326955);Poitiers;Vienne;Nouvelle-Aquitaine;(50.292481, 2.766359);Arras;Pas-de-Calais;Hauts-de-France;;;;;;;;
False;['44143000'];;True;True;False;attribue;{'StreetName': '57 rue Jules Vallès', 'AdditionalStreetName': None, 'CityName': 'Rennes', 'PostalZone': '35000', 'Country': 'FRA'};450192174;False;DBR ENVIRONNEMENT;DBR ENVIRONNEMENT;2026-09-10;{'StreetName': '60 Avenue Marcel Dassault', 'AdditionalStreetName': None, 'CityName': 'Tours', 'PostalZone': '37200', 'Country': 'FRA'};243700754;False;TOURS METROPOLE VAL DE LOIRE;Tours métropole Val de Loire;;;services;"[""Valeur technique de l'offre"", 'Développement durable, impact environnement', 'Valorisation financière']";['technique', 'environnemental', 'prix'];[30.0, 10.0, 60.0];;True;640000.0;False;;sans remise en concurrence;;26-87320;;40000.0;;LOT-0001;90510000;640000.0;2;1.0;;Relance : prestations de collecte, traitement et recyclage des déchets produits par l'activité des services (palettes bois et déchets industriels et produits dangereux);ouverte;26_Rel.DechetsServ;1.0;;;False;True;False;;7344.0;Métropole;1 000  à  1 999;False;2000-01-01;84.11Z;2008;5499.0;Société à responsabilité limitée (sans autre indication);3  à  5;<NA>;<NA>;2008;E;38;38.3;38.32;38.32Z;2003-10-01;(48.104144, -1.710514);Rennes;Ille-et-Vilaine;Bretagne;(47.363857, 0.676654);Tours;Indre-et-Loire;Centre-Val de Loire;;;;;;;;
False;['90510000'];;True;True;False;attribue;{'StreetName': '10 rue de Prony', 'AdditionalStreetName': None, 'CityName': 'Joue Les Tours', 'PostalZone': '37300', 'Country': 'FRA'};085480440;False;SOCIETE ORLEANAISE D'ASSAINISSEMENT;SOA;2026-09-10;{'StreetName': '60 Avenue Marcel Dassault', 'AdditionalStreetName': None, 'CityName': 'Tours', 'PostalZone': '37200', 'Country': 'FRA'};243700754;False;TOURS METROPOLE VAL DE LOIRE;Tours métropole Val de Loire;;;services;"[""Valeur technique de l'offre"", 'Développement durable, impact environnement', 'Valorisation financière']";['technique', 'environnemental', 'prix'];[30.0, 10.0, 60.0];;True;640000.0;False;;sans remise en concurrence;;26-87320;;160000.0;;LOT-0002;90510000;640000.0;2;3.0;;Relance : prestations de collecte, traitement et recyclage des déchets produits par l'activité des services (palettes bois et déchets industriels et produits dangereux);ouverte;26_Rel.DechetsServ;1.0;;;False;True;False;;7344.0;Métropole;1 000  à  1 999;False;2000-01-01;84.11Z;2008;5599.0;SA à conseil d'administration (s.a.i.);250  à  499;False;<NA>;2008;E;37;37.0;37.0;37.00Z;1954-01-01;(47.343121, 0.630887);Joué-lès-Tours;Indre-et-Loire;Centre-Val de Loire;(47.363857, 0.676654);Tours;Indre-et-Loire;Centre-Val de Loire;;;;;;;;
False;['90720000'];;True;True;False;attribue;{'StreetName': None, 'AdditionalStreetName': None, 'CityName': '86100', 'PostalZone': '86240', 'Country': 'FRA'};326842069;True;ASSOC PROTEC NATURE ENVIRONNEMENT VIENNE;ASSOC PROTEC NATURE ENVIRONNEMENT VIENNE;2026-09-10;{'StreetName': '14 rue François de Sourdis', 'AdditionalStreetName': None, 'CityName': 'Bordeaux', 'PostalZone': '33077', 'Country': 'FRA'};200053759;True;REGION NOUVELLE-AQUITAINE;Région Nouvelle-Aquitaine;;;services;['PRIX DES PRESTATIONS', 'VALEUR TECHNIQUE', 'PERFORMANCE EN MATIERE DE DEVELOPPEMENT DURABLE'];['prix', 'technique', 'environnemental'];[40.0, 55.0, 5.0];1080.0;False;;True;{'StreetName': None, 'CityName': None, 'PostalZone': None, 'NUTS': 'FRI34', 'Country': 'FRA'};sans remise en concurrence;;26-87426;;53000.0;;LOT-0001;71313000;277000.0;3;1.0;;ANIMATION DU DOCUMENT D'OBJECTIFS DES SITES NATURA 2000 SUR LES TERRITOIRES DU 86 ET DU 23.;ouverte;2026I000E01966;;;;False;False;False;;7230.0;Région ;5 000  à  9 999;False;2016-01-01;84.11Z;2008;9220.0;Association déclarée ;10  à  19;True;<NA>;2008;S;94;94.9;94.99;94.99Z;1983-03-01;;Châtellerault;Vienne;Nouvelle-Aquitaine;(44.836539, -0.589206);Bordeaux;Gironde;Nouvelle-Aquitaine;;;;;;;;
False;['90720000'];;True;True;False;attribue;{'StreetName': None, 'AdditionalStreetName': None, 'CityName': '86194', 'PostalZone': '86000', 'Country': 'FRA'};784263287;True;LIGUE FRANCAISE PROTECTION OISEAUX;LIGUE FRANCAISE PROTECTION OISEAUX;2026-09-10;{'StreetName': '14 rue François de Sourdis', 'AdditionalStreetName': None, 'CityName': 'Bordeaux', 'PostalZone': '33077', 'Country': 'FRA'};200053759;True;REGION NOUVELLE-AQUITAINE;Région Nouvelle-Aquitaine;;;services;['PRIX DES PRESTATIONS', 'VALEUR TECHNIQUE', 'PERFORMANCE EN MATIERE DE DEVELOPPEMENT DURABLE'];['prix', 'technique', 'environnemental'];[40.0, 55.0, 5.0];1080.0;False;;True;{'StreetName': None, 'CityName': None, 'PostalZone': None, 'NUTS': 'FRI34', 'Country': 'FRA'};sans remise en concurrence;;26-87426;;79000.0;;LOT-0002;71313000;277000.0;3;1.0;;ANIMATION DU DOCUMENT D'OBJECTIFS DES SITES NATURA 2000 SUR LES TERRITOIRES DU 86 ET DU 23.;ouverte;2026I000E01966;;;;False;False;False;;7230.0;Région ;5 000  à  9 999;False;2016-01-01;84.11Z;2008;9220.0;Association déclarée ;250  à  499;True;<NA>;2008;S;94;94.9;94.99;94.99Z;1981-05-11;;;;;(44.836539, -0.589206);Bordeaux;Gironde;Nouvelle-Aquitaine;;;;;;;;
False;['90720000'];;True;True;False;attribue;{'StreetName': None, 'AdditionalStreetName': None, 'CityName': '87143', 'PostalZone': '87510', 'Country': 'FRA'};388575961;True;CONSERVATOIRE D'ESPACES NATURELS DE NOUVELLE-AQUITAINE;CONSERVATOIRE D'ESPACES NATURELS DE NOUVELLE-AQUITAINE;2026-09-10;{'StreetName': '14 rue François de Sourdis', 'AdditionalStreetName': None, 'CityName': 'Bordeaux', 'PostalZone': '33077', 'Country': 'FRA'};200053759;True;REGION NOUVELLE-AQUITAINE;Région Nouvelle-Aquitaine;;;services;['PRIX DES PRESTATIONS', 'VALEUR TECHNIQUE', 'PERFORMANCE EN MATIERE DE DEVELOPPEMENT DURABLE'];['prix', 'technique', 'environnemental'];[40.0, 55.0, 5.0];1080.0;False;;True;{'StreetName': None, 'CityName': None, 'PostalZone': None, 'NUTS': 'FRI22', 'Country': 'FRA'};sans remise en concurrence;;26-87426;;145000.0;;LOT-0003;71313000;277000.0;3;1.0;;ANIMATION DU DOCUMENT D'OBJECTIFS DES SITES NATURA 2000 SUR LES TERRITOIRES DU 86 ET DU 23.;ouverte;2026I000E01966;;;;False;False;False;;7230.0;Région ;5 000  à  9 999;False;2016-01-01;84.11Z;2008;9220.0;Association déclarée ;100  à  199;True;<NA>;2008;R;91;91.0;91.04;91.04Z;1992-02-22;;;;;(44.836539, -0.589206);Bordeaux;Gironde;Nouvelle-Aquitaine;;;;;;;;
False;['90919200', '90919200'];;True;True;False;attribue;{'StreetName': 'Zon Espace Entrep Mediterranee', 'AdditionalStreetName': None, 'CityName': 'Rivesaltes', 'PostalZone': '66600', 'Country': 'FRA'};453453060;False;ABER PROPRETE AZUR;ABER PROPRETE AZUR;2026-09-10;{'StreetName': '11 Boulevard Saint Assiscle', 'AdditionalStreetName': None, 'CityName': 'Perpignan', 'PostalZone': '66006', 'Country': 'FRA'};200027183;False;PERPIGNAN MEDITERRANEE METROPOLE COMMUNAUTE URBAINE;Perpignan Méditerranée Métropole Communauté Urbaine;;;services;"[""Valeur technique de l'offre"", 'Démarche Rse mise en place par le candidat', 'Prix']";['technique', 'social', 'prix'];[35.0, 5.0, 60.0];;True;;False;;;;26-87237;;279554.4;;LOT-0001;98341110;;13;8.0;;Entretien ménager des divers locaux de Perpignan Méditerranée Métropole Communauté Urbaine;ouverte;2026015;;;;True;True;True;1161259.04;7343.0;Communauté urbaine ;500  à  999;False;2011-01-01;84.11Z;2008;5710.0;SAS, société par actions simplifiée;1 000  à  1 999;False;False;2008;N;81;81.2;81.21;81.21Z;2004-05-06;(42.763775, 2.869884);Rivesaltes;Pyrénées-Orientales;Occitanie;(42.69605, 2.878076);Perpignan;Pyrénées-Orientales;Occitanie;;;;;;;;
False;['90919200', '90919200'];;True;True;False;attribue;{'StreetName': '51 Av Cdt Soubielle', 'AdditionalStreetName': None, 'CityName': 'Perpignan', 'PostalZone': '66000', 'Country': 'FRA'};790573745;False;CATALOGNE NETTOYAGE;CATALOGNE NETTOYAGE;2026-09-10;{'StreetName': '11 Boulevard Saint Assiscle', 'AdditionalStreetName': None, 'CityName': 'Perpignan', 'PostalZone': '66006', 'Country': 'FRA'};200027183;False;PERPIGNAN MEDITERRANEE METROPOLE COMMUNAUTE URBAINE;Perpignan Méditerranée Métropole Communauté Urbaine;;;services;"[""Valeur technique de l'offre"", 'Démarche Rse mise en place par le candidat', 'Prix']";['technique', 'social', 'prix'];[35.0, 5.0, 60.0];;True;;False;;;;26-87237;;218880.0;;LOT-0002;98341110;;13;7.0;;Entretien ménager des divers locaux de Perpignan Méditerranée Métropole Communauté Urbaine;ouverte;2026015;;;;True;True;True;1161259.04;7343.0;Communauté urbaine ;500  à  999;False;2011-01-01;84.11Z;2008;5710.0;SAS, société par actions simplifiée;20  à  49;False;<NA>;2008;N;81;81.2;81.22;81.22Z;2013-01-14;(42.704348, 2.887904);Perpignan;Pyrénées-Orientales;Occitanie;(42.69605, 2.878076);Perpignan;Pyrénées-Orientales;Occitanie;;;;;;;;
False;['90919200', '90919200'];;True;True;False;attribue;{'StreetName': '5 Che Du Mas Taillant', 'AdditionalStreetName': None, 'CityName': 'Bompas', 'PostalZone': '66430', 'Country': 'FRA'};776190951;False;ASSOCIATION JOSEPH SAUVY;ASSOCIATION JOSEPH SAUVY;2026-09-10;{'StreetName': '11 Boulevard Saint Assiscle', 'AdditionalStreetName': None, 'CityName': 'Perpignan', 'PostalZone': '66006', 'Country': 'FRA'};200027183;False;PERPIGNAN MEDITERRANEE METROPOLE COMMUNAUTE URBAINE;Perpignan Méditerranée Métropole Communauté Urbaine;;;services;"[""Valeur technique de l'offre"", 'Démarche Rse mise en place par le candidat', 'Prix']";['technique', 'social', 'prix'];[35.0, 5.0, 60.0];;True;;False;;;;26-87237;;97400.64;;LOT-0003;98341110;;13;6.0;;Entretien ménager des divers locaux de Perpignan Méditerranée Métropole Communauté Urbaine;ouverte;2026015;;;;True;True;True;1161259.04;7343.0;Communauté urbaine ;500  à  999;False;2011-01-01;84.11Z;2008;9220.0;Association déclarée ;1 000  à  1 999;True;<NA>;2008;Q;87;87.3;87.3;87.30B;1900-01-01;(42.716533, 2.927314);Bompas;Pyrénées-Orientales;Occitanie;(42.69605, 2.878076);Perpignan;Pyrénées-Orientales;Occitanie;;;;;;;;
False;['90919200', '90919200'];;True;True;False;attribue;{'StreetName': '151 Av Ibrahim Ali', 'AdditionalStreetName': None, 'CityName': 'Marseille 15', 'PostalZone': '13015', 'Country': 'FRA'};412479347;False;HEXA NET;HEXA NET;2026-09-10;{'StreetName': '11 Boulevard Saint Assiscle', 'AdditionalStreetName': None, 'CityName': 'Perpignan', 'PostalZone': '66006', 'Country': 'FRA'};200027183;False;PERPIGNAN MEDITERRANEE METROPOLE COMMUNAUTE URBAINE;Perpignan Méditerranée Métropole Communauté Urbaine;;;services;"[""Valeur technique de l'offre"", 'Démarche Rse mise en place par le candidat', 'Prix']";['technique', 'social', 'prix'];[35.0, 5.0, 60.0];;True;;False;;;;26-87237;;138736.8;;LOT-0004;98341110;;13;5.0;;Entretien ménager des divers locaux de Perpignan Méditerranée Métropole Communauté Urbaine;ouverte;2026015;;;;True;True;True;1161259.04;7343.0;Communauté urbaine ;500  à  999;False;2011-01-01;84.11Z;2008;5710.0;SAS, société par actions simplifiée;1 000  à  1 999;False;<NA>;2008;N;81;81.2;81.21;81.21Z;1997-06-12;(43.343774, 5.365694);Marseille;Bouches-du-Rhône;Provence-Alpes-Côte d'Azur;(42.69605, 2.878076);Perpignan;Pyrénées-Orientales;Occitanie;;;;;;;;
False;['90919200', '90919200'];;True;True;False;attribue;{'StreetName': '51 Av Cdt Soubielle', 'AdditionalStreetName': None, 'CityName': 'Perpignan', 'PostalZone': '66000', 'Country': 'FRA'};790573745;False;CATALOGNE NETTOYAGE;CATALOGNE NETTOYAGE;2026-09-10;{'StreetName': '11 Boulevard Saint Assiscle', 'AdditionalStreetName': None, 'CityName': 'Perpignan', 'PostalZone': '66006', 'Country': 'FRA'};200027183;False;PERPIGNAN MEDITERRANEE METROPOLE COMMUNAUTE URBAINE;Perpignan Méditerranée Métropole Communauté Urbaine;;;services;"[""Valeur technique de l'offre"", 'Démarche Rse mise en place par le candidat', 'Prix']";['technique', 'social', 'prix'];[35.0, 5.0, 60.0];;True;;False;;;;26-87237;;58560.0;;LOT-0005;98341110;;13;5.0;;Entretien ménager des divers locaux de Perpignan Méditerranée Métropole Communauté Urbaine;ouverte;2026015;;;;True;True;True;1161259.04;7343.0;Communauté urbaine ;500  à  999;False;2011-01-01;84.11Z;2008;5710.0;SAS, société par actions simplifiée;20  à  49;False;<NA>;2008;N;81;81.2;81.22;81.22Z;2013-01-14;(42.704348, 2.887904);Perpignan;Pyrénées-Orientales;Occitanie;(42.69605, 2.878076);Perpignan;Pyrénées-Orientales;Occitanie;;;;;;;;
False;['90919200', '90919200'];;True;True;False;attribue;{'StreetName': '151 Av Ibrahim Ali', 'AdditionalStreetName': None, 'CityName': 'Marseille 15', 'PostalZone': '13015', 'Country': 'FRA'};412479347;False;HEXA NET;HEXA NET;2026-09-10;{'StreetName': '11 Boulevard Saint Assiscle', 'AdditionalStreetName': None, 'CityName': 'Perpignan', 'PostalZone': '66006', 'Country': 'FRA'};200027183;False;PERPIGNAN MEDITERRANEE METROPOLE COMMUNAUTE URBAINE;Perpignan Méditerranée Métropole Communauté Urbaine;;;services;"[""Valeur technique de l'offre"", 'Démarche Rse mise en place par le candidat', 'Prix']";['technique', 'social', 'prix'];[35.0, 5.0, 60.0];;True;;False;;;;26-87237;;43407.36;;LOT-0006;98341110;;13;5.0;;Entretien ménager des divers locaux de Perpignan Méditerranée Métropole Communauté Urbaine;ouverte;2026015;;;;True;True;True;1161259.04;7343.0;Communauté urbaine ;500  à  999;False;2011-01-01;84.11Z;2008;5710.0;SAS, société par actions simplifiée;1 000  à  1 999;False;<NA>;2008;N;81;81.2;81.21;81.21Z;1997-06-12;(43.343774, 5.365694);Marseille;Bouches-du-Rhône;Provence-Alpes-Côte d'Azur;(42.69605, 2.878076);Perpignan;Pyrénées-Orientales;Occitanie;;;;;;;;
False;['90919200', '90919200'];;True;True;False;attribue;{'StreetName': 'Zon Espace Entrep Mediterranee', 'AdditionalStreetName': None, 'CityName': 'Rivesaltes', 'PostalZone': '66600', 'Country': 'FRA'};453453060;False;ABER PROPRETE AZUR;ABER PROPRETE AZUR;2026-09-10;{'StreetName': '11 Boulevard Saint Assiscle', 'AdditionalStreetName': None, 'CityName': 'Perpignan', 'PostalZone': '66006', 'Country': 'FRA'};200027183;False;PERPIGNAN MEDITERRANEE METROPOLE COMMUNAUTE URBAINE;Perpignan Méditerranée Métropole Communauté Urbaine;;;services;"[""Valeur technique de l'offre"", 'Démarche Rse mise en place par le candidat', 'Prix']";['technique', 'social', 'prix'];[35.0, 5.0, 60.0];;True;;False;;;;26-87237;;34560.0;;LOT-0007;98341110;;13;5.0;;Entretien ménager des divers locaux de Perpignan Méditerranée Métropole Communauté Urbaine;ouverte;2026015;;;;True;True;True;1161259.04;7343.0;Communauté urbaine ;500  à  999;False;2011-01-01;84.11Z;2008;5710.0;SAS, société par actions simplifiée;1 000  à  1 999;False;False;2008;N;81;81.2;81.21;81.21Z;2004-05-06;(42.763775, 2.869884);Rivesaltes;Pyrénées-Orientales;Occitanie;(42.69605, 2.878076);Perpignan;Pyrénées-Orientales;Occitanie;;;;;;;;
False;['90919200', '90919200'];;True;True;False;attribue;{'StreetName': 'Zon Espace Entrep Mediterranee', 'AdditionalStreetName': None, 'CityName': 'Rivesaltes', 'PostalZone': '66600', 'Country': 'FRA'};453453060;False;ABER PROPRETE AZUR;ABER PROPRETE AZUR;2026-09-10;{'StreetName': '11 Boulevard Saint Assiscle', 'AdditionalStreetName': None, 'CityName': 'Perpignan', 'PostalZone': '66006', 'Country': 'FRA'};200027183;False;PERPIGNAN MEDITERRANEE METROPOLE COMMUNAUTE URBAINE;Perpignan Méditerranée Métropole Communauté Urbaine;;;services;"[""Valeur technique de l'offre"", 'Démarche Rse mise en place par le candidat', 'Prix']";['technique', 'social', 'prix'];[35.0, 5.0, 60.0];;True;;False;;;;26-87237;;33120.0;;LOT-0008;98341110;;13;4.0;;Entretien ménager des divers locaux de Perpignan Méditerranée Métropole Communauté Urbaine;ouverte;2026015;;;;True;True;True;1161259.04;7343.0;Communauté urbaine ;500  à  999;False;2011-01-01;84.11Z;2008;5710.0;SAS, société par actions simplifiée;1 000  à  1 999;False;False;2008;N;81;81.2;81.21;81.21Z;2004-05-06;(42.763775, 2.869884);Rivesaltes;Pyrénées-Orientales;Occitanie;(42.69605, 2.878076);Perpignan;Pyrénées-Orientales;Occitanie;;;;;;;;
False;['90919200', '90919200'];;True;True;False;attribue;{'StreetName': '51 Av Cdt Soubielle', 'AdditionalStreetName': None, 'CityName': 'Perpignan', 'PostalZone': '66000', 'Country': 'FRA'};790573745;False;CATALOGNE NETTOYAGE;CATALOGNE NETTOYAGE;2026-09-10;{'StreetName': '11 Boulevard Saint Assiscle', 'AdditionalStreetName': None, 'CityName': 'Perpignan', 'PostalZone': '66006', 'Country': 'FRA'};200027183;False;PERPIGNAN MEDITERRANEE METROPOLE COMMUNAUTE URBAINE;Perpignan Méditerranée Métropole Communauté Urbaine;;;services;"[""Valeur technique de l'offre"", 'Démarche Rse mise en place par le candidat', 'Prix']";['technique', 'social', 'prix'];[35.0, 5.0, 60.0];;True;;False;;;;26-87237;;22080.0;;LOT-0009;98341110;;13;4.0;;Entretien ménager des divers locaux de Perpignan Méditerranée Métropole Communauté Urbaine;ouverte;2026015;;;;True;True;True;1161259.04;7343.0;Communauté urbaine ;500  à  999;False;2011-01-01;84.11Z;2008;5710.0;SAS, société par actions simplifiée;20  à  49;False;<NA>;2008;N;81;81.2;81.22;81.22Z;2013-01-14;(42.704348, 2.887904);Perpignan;Pyrénées-Orientales;Occitanie;(42.69605, 2.878076);Perpignan;Pyrénées-Orientales;Occitanie;;;;;;;;
False;['90919200', '90919200'];;True;True;False;attribue;{'StreetName': '5 Che Du Mas Taillant', 'AdditionalStreetName': None, 'CityName': 'Bompas', 'PostalZone': '66430', 'Country': 'FRA'};776190951;False;ASSOCIATION JOSEPH SAUVY;ASSOCIATION JOSEPH SAUVY;2026-09-10;{'StreetName': '11 Boulevard Saint Assiscle', 'AdditionalStreetName': None, 'CityName': 'Perpignan', 'PostalZone': '66006', 'Country': 'FRA'};200027183;False;PERPIGNAN MEDITERRANEE METROPOLE COMMUNAUTE URBAINE;Perpignan Méditerranée Métropole Communauté Urbaine;;;services;"[""Valeur technique de l'offre"", 'Démarche Rse mise en place par le candidat', 'Prix']";['technique', 'social', 'prix'];[35.0, 5.0, 60.0];;True;;False;;;;26-87237;;22080.0;;LOT-0010;98341110;;13;2.0;;Entretien ménager des divers locaux de Perpignan Méditerranée Métropole Communauté Urbaine;ouverte;2026015;;;;True;True;True;1161259.04;7343.0;Communauté urbaine ;500  à  999;False;2011-01-01;84.11Z;2008;9220.0;Association déclarée ;1 000  à  1 999;True;<NA>;2008;Q;87;87.3;87.3;87.30B;1900-01-01;(42.716533, 2.927314);Bompas;Pyrénées-Orientales;Occitanie;(42.69605, 2.878076);Perpignan;Pyrénées-Orientales;Occitanie;;;;;;;;
False;['90919200', '90919200'];;True;True;False;attribue;{'StreetName': '5 Che Du Mas Taillant', 'AdditionalStreetName': None, 'CityName': 'Bompas', 'PostalZone': '66430', 'Country': 'FRA'};776190951;False;ASSOCIATION JOSEPH SAUVY;ASSOCIATION JOSEPH SAUVY;2026-09-10;{'StreetName': '11 Boulevard Saint Assiscle', 'AdditionalStreetName': None, 'CityName': 'Perpignan', 'PostalZone': '66006', 'Country': 'FRA'};200027183;False;PERPIGNAN MEDITERRANEE METROPOLE COMMUNAUTE URBAINE;Perpignan Méditerranée Métropole Communauté Urbaine;;;services;"[""Valeur technique de l'offre"", 'Démarche Rse mise en place par le candidat', 'Prix']";['technique', 'social', 'prix'];[35.0, 5.0, 60.0];;True;;False;;;;26-87237;;19479.84;;LOT-0011;98341110;;13;2.0;;Entretien ménager des divers locaux de Perpignan Méditerranée Métropole Communauté Urbaine;ouverte;2026015;;;;True;True;True;1161259.04;7343.0;Communauté urbaine ;500  à  999;False;2011-01-01;84.11Z;2008;9220.0;Association déclarée ;1 000  à  1 999;True;<NA>;2008;Q;87;87.3;87.3;87.30B;1900-01-01;(42.716533, 2.927314);Bompas;Pyrénées-Orientales;Occitanie;(42.69605, 2.878076);Perpignan;Pyrénées-Orientales;Occitanie;;;;;;;;
False;['90919200', '90919200'];;True;True;False;attribue;{'StreetName': 'Zon Espace Entrep Mediterranee', 'AdditionalStreetName': None, 'CityName': 'Rivesaltes', 'PostalZone': '66600', 'Country': 'FRA'};453453060;False;ABER PROPRETE AZUR;ABER PROPRETE AZUR;2026-09-10;{'StreetName': '11 Boulevard Saint Assiscle', 'AdditionalStreetName': None, 'CityName': 'Perpignan', 'PostalZone': '66006', 'Country': 'FRA'};200027183;False;PERPIGNAN MEDITERRANEE METROPOLE COMMUNAUTE URBAINE;Perpignan Méditerranée Métropole Communauté Urbaine;;;services;"[""Valeur technique de l'offre"", 'Démarche Rse mise en place par le candidat', 'Prix']";['technique', 'social', 'prix'];[35.0, 5.0, 60.0];;True;;False;;;;26-87237;;72480.0;;LOT-0012;98341110;;13;4.0;;Entretien ménager des divers locaux de Perpignan Méditerranée Métropole Communauté Urbaine;ouverte;2026015;;;;True;True;True;1161259.04;7343.0;Communauté urbaine ;500  à  999;False;2011-01-01;84.11Z;2008;5710.0;SAS, société par actions simplifiée;1 000  à  1 999;False;False;2008;N;81;81.2;81.21;81.21Z;2004-05-06;(42.763775, 2.869884);Rivesaltes;Pyrénées-Orientales;Occitanie;(42.69605, 2.878076);Perpignan;Pyrénées-Orientales;Occitanie;;;;;;;;
False;['90919200', '90919200'];;True;True;False;non attribue;;;False;;;2026-09-10;{'StreetName': '11 Boulevard Saint Assiscle', 'AdditionalStreetName': None, 'CityName': 'Perpignan', 'PostalZone': '66006', 'Country': 'FRA'};200027183;False;PERPIGNAN MEDITERRANEE METROPOLE COMMUNAUTE URBAINE;Perpignan Méditerranée Métropole Communauté Urbaine;;;services;"[""Valeur technique de l'offre"", 'Démarche Rse mise en place par le candidat', 'Prix']";['technique', 'social', 'prix'];[35.0, 5.0, 60.0];;True;;False;;;;26-87237;;;;LOT-0013;98341110;;13;1.0;;Entretien ménager des divers locaux de Perpignan Méditerranée Métropole Communauté Urbaine;ouverte;2026015;;;;True;True;True;1161259.04;7343.0;Communauté urbaine ;500  à  999;False;2011-01-01;84.11Z;2008;;;;;;<NA>;;;;;<NA>;<NA>;;;;;(42.69605, 2.878076);Perpignan;Pyrénées-Orientales;Occitanie;;;;;;;;
False;['71900000', '71620000'];;True;False;False;attribue;{'StreetName': None, 'AdditionalStreetName': None, 'CityName': '22215', 'PostalZone': '22440', 'Country': 'FRA'};130002082;True;LABOCEA;LABOCEA;2026-09-10;"{'StreetName': ""5 rue de 71ème Régiment d'Infanterie"", 'AdditionalStreetName': None, 'CityName': 'SAINT-BRIEUC', 'PostalZone': '22000', 'Country': 'FRA'}";200069409;True;CA SAINT-BRIEUC ARMOR AGGLOMERATION;Saint-Brieuc Armor Agglomération;;;services;['55', '40', '5'];['qualite', 'prix', 'qualite'];[55.0, 40.0, 5.0];360.0;False;;False;{'StreetName': None, 'CityName': None, 'PostalZone': None, 'NUTS': 'FRH01', 'Country': 'FRA'};;;26-87368;;680000.0;;LOT-0001;85111820;;1;2.0;;Marché de prélèvements et analyses;ouverte;2026011;3.0;;;False;False;False;680000.0;7348.0;Communauté d'agglomération ;500  à  999;False;2017-01-01;84.11Z;2008;4140.0;Établissement public local à caractère industriel ou commercial ;250  à  499;False;<NA>;2008;M;71;71.2;71.2;71.20B;2007-01-01;;;;;(48.511417, -2.763536);Saint-Brieuc;Côtes-d'Armor;Bretagne;;;;;;;;
False;;;True;False;False;attribue;{'StreetName': '28 Rue Etienne Dolet', 'AdditionalStreetName': None, 'CityName': 'PARIS', 'PostalZone': '75020', 'Country': 'FRA'};528366396;True;LANDFABRIK;GPT LANDFABRIK/OXALIS SWITCH/BIELEC ECLA/ADATT;2026-09-10;{'StreetName': 'Maison du Parc', 'AdditionalStreetName': None, 'CityName': 'Piney', 'PostalZone': '10220', 'Country': 'FRA'};251001574;True;SYNDICAT MIXTE POUR L AMENAGEMENT ET LA GESTION DU PARC NATUREL DE LA FORET D ORIENT;Syndicat Mixte pour l’Aménagement et la Gestion du Parc Naturel Régional de la Forêt d’Orient (SMAG PNRFO);;;services;['Se reporter au Réglement de la Consultation', 'Se reporter au Réglement de la Consultation'];['prix', 'qualite'];;540.0;True;;True;{'StreetName': None, 'CityName': 'Piney', 'PostalZone': '10220', 'NUTS': 'FRF22', 'Country': 'FRA'};;;26-87294;;378000.0;;LOT-0001;71223000;;1;3.0;;Maîtrise d'oeuvre pour la rénovation et l'extension de la Maison du Parc à PINEY;negociee;2025-02-0132;;;;False;False;False;378000.0;7355.0;Syndicat mixte ouvert;20  à  49;False;1978-01-01;91.04Z;2008;5499.0;Société à responsabilité limitée (sans autre indication);1  ou  2;False;<NA>;2008;M;71;71.1;71.11;71.11Z;2010-11-02;(48.867881, 2.38491);Paris;Paris;Île-de-France;(48.301641, 4.33684);Piney;Aube;Grand Est;;;;;;;;
False;;;True;True;False;attribue;{'StreetName': 'Zone industrielle Les Mangles Acajou', 'AdditionalStreetName': None, 'CityName': 'LE LAMENTIN', 'PostalZone': '97232', 'Country': 'FRA'};328375548;True;MADIANET;MADIANET;2026-09-10;{'StreetName': 'Morne Desaix BP 612', 'AdditionalStreetName': None, 'CityName': 'FORT DE FRANCE', 'PostalZone': '97261', 'Country': 'FRA'};130015431;True;;DICOM ANTILLES;;;services;;;;1440.0;True;1120000.0;False;{'StreetName': None, 'CityName': 'Fort de France', 'PostalZone': '97200', 'NUTS': 'FRY20', 'Country': 'FRA'};avec remise en concurrence;;26-87240;;880000.0;;LOT-0001;90910000;1120000.0;3;1.0;;Prestations de  nettoyage des locaux,des vitres, de la plonge et des logements au profit du RSMA de la Martinique;ouverte;CCP26-006;3.0;;;True;False;False;1120000.0;;;;;<NA>;<NA>;<NA>;5710.0;SAS, société par actions simplifiée;250  à  499;<NA>;<NA>;2008;N;81;81.2;81.21;81.21Z;1983-10-19;(14.617372, -61.02017);Le Lamentin;Martinique;;(14.61821, -61.064978);Fort-de-France;Martinique;;;;;;;;;
False;;;True;True;False;attribue;{'StreetName': 'Zone industrielle Les Mangles Acajou', 'AdditionalStreetName': None, 'CityName': 'LE LAMENTIN', 'PostalZone': '97232', 'Country': 'FRA'};328375548;True;MADIANET;MADIANET;2026-09-10;{'StreetName': 'Morne Desaix BP 612', 'AdditionalStreetName': None, 'CityName': 'FORT DE FRANCE', 'PostalZone': '97261', 'Country': 'FRA'};130015431;True;;DICOM ANTILLES;;;services;;;;1440.0;True;1120000.0;False;{'StreetName': None, 'CityName': None, 'PostalZone': None, 'NUTS': 'FRY20', 'Country': 'FRA'};avec remise en concurrence;;26-87240;;200000.0;;LOT-0002;90910000;1120000.0;3;1.0;;Prestations de  nettoyage des locaux,des vitres, de la plonge et des logements au profit du RSMA de la Martinique;ouverte;CCP26-006;3.0;;;True;False;False;1120000.0;;;;;<NA>;<NA>;<NA>;5710.0;SAS, société par actions simplifiée;250  à  499;<NA>;<NA>;2008;N;81;81.2;81.21;81.21Z;1983-10-19;(14.617372, -61.02017);Le Lamentin;Martinique;;(14.61821, -61.064978);Fort-de-France;Martinique;;;;;;;;;
False;;;True;True;False;attribue;{'StreetName': 'Zone industrielle Les Mangles Acajou', 'AdditionalStreetName': None, 'CityName': 'LE LAMENTIN', 'PostalZone': '97232', 'Country': 'FRA'};328375548;True;MADIANET;MADIANET;2026-09-10;{'StreetName': 'Morne Desaix BP 612', 'AdditionalStreetName': None, 'CityName': 'FORT DE FRANCE', 'PostalZone': '97261', 'Country': 'FRA'};130015431;True;;DICOM ANTILLES;;;services;;;;1440.0;True;1120000.0;False;{'StreetName': None, 'CityName': None, 'PostalZone': None, 'NUTS': 'FRY20', 'Country': 'FRA'};avec remise en concurrence;;26-87240;;40000.0;;LOT-0003;90910000;1120000.0;3;2.0;;Prestations de  nettoyage des locaux,des vitres, de la plonge et des logements au profit du RSMA de la Martinique;ouverte;CCP26-006;3.0;;;True;False;False;1120000.0;;;;;<NA>;<NA>;<NA>;5710.0;SAS, société par actions simplifiée;250  à  499;<NA>;<NA>;2008;N;81;81.2;81.21;81.21Z;1983-10-19;(14.617372, -61.02017);Le Lamentin;Martinique;;(14.61821, -61.064978);Fort-de-France;Martinique;;;;;;;;;
False;['30197630'];;True;True;False;attribue;{'StreetName': '12 Lotissement Marengo', 'AdditionalStreetName': None, 'CityName': 'Cayenne', 'PostalZone': '97300', 'Country': 'FRA'};430241737;False;SOC D'EXPLOITATION BV GUYANE;SOC D'EXPLOITATION BV GUYANE;2026-09-10;{'StreetName': 'Avenue des flamboyants', 'AdditionalStreetName': 'Cellule des marchés publics', 'CityName': 'Cayenne Cedex', 'PostalZone': '97306', 'Country': 'FRA'};498262393;False;FORCE OUVRIERE DU CENTRE HOSPITALIER ANDREE ROSEMON;"Centre Hospitalier de Cayenne ""Andrée ROSEMON""";;;fournitures;['Qualité et valeur technique des réponses', 'Qualité et organisation de la prestation', 'Démarches environnementales et Rse spécifiques aux prestations du marché', 'Prix'];['qualite', 'qualite', 'environnemental & social', 'prix'];[40.0, 20.0, 5.0, 35.0];;False;229540000.0;False;;sans remise en concurrence;;26-87252;;57219000.0;;LOT-0001;30197630;229540000.0;4;3.0;;FOURNITURE DE PAPIERS D'IMPRESSIONS, TAMPONS ET CONSOMMABLES ASSOCIES POUR LE COMPTE DU CENTRE HOSPITALIER UNIVERSITAIRE DE GUYANE;ouverte;CHU/2026_FCS_004;3.0;;;False;False;False;;8410.0;Syndicat de salariés ;;<NA>;1981-10-01;94.20Z;2008;5710.0;SAS, société par actions simplifiée;10  à  19;False;<NA>;2008;G;47;47.6;47.62;47.62Z;2000-04-01;(4.93166, -52.293779);Cayenne;Guyane;;;;;;;;;;;;;
False;['30192111'];;True;True;False;attribue;{'StreetName': '23 Rue Des Fourmis Manioc', 'AdditionalStreetName': None, 'CityName': 'Cayenne', 'PostalZone': '97300', 'Country': 'FRA'};437709421;False;SCMB;OFFICE FOURNITURES;2026-09-10;{'StreetName': 'Avenue des flamboyants', 'AdditionalStreetName': 'Cellule des marchés publics', 'CityName': 'Cayenne Cedex', 'PostalZone': '97306', 'Country': 'FRA'};498262393;False;FORCE OUVRIERE DU CENTRE HOSPITALIER ANDREE ROSEMON;"Centre Hospitalier de Cayenne ""Andrée ROSEMON""";;;fournitures;['Qualité et valeur technique des réponses', 'Qualité et organisation de la prestation', 'Démarches environnementales et Rse spécifiques aux prestations du marché', 'Prix'];['qualite', 'qualite', 'environnemental & social', 'prix'];[40.0, 20.0, 5.0, 35.0];;False;229540000.0;False;;sans remise en concurrence;;26-87252;;65000.0;;LOT-0002;30197630;229540000.0;4;1.0;;FOURNITURE DE PAPIERS D'IMPRESSIONS, TAMPONS ET CONSOMMABLES ASSOCIES POUR LE COMPTE DU CENTRE HOSPITALIER UNIVERSITAIRE DE GUYANE;ouverte;CHU/2026_FCS_004;3.0;;;False;False;False;;8410.0;Syndicat de salariés ;;<NA>;1981-10-01;94.20Z;2008;5499.0;Société à responsabilité limitée (sans autre indication);10  à  19;False;<NA>;2008;G;47;47.9;47.91;47.91B;2001-03-28;(4.901361, -52.323954);Cayenne;Guyane;;;;;;;;;;;;;
False;['30192111'];;True;True;False;attribue;{'StreetName': '12 Lotissement Marengo', 'AdditionalStreetName': None, 'CityName': 'Cayenne', 'PostalZone': '97300', 'Country': 'FRA'};430241737;False;SOC D'EXPLOITATION BV GUYANE;SOC D'EXPLOITATION BV GUYANE;2026-09-10;{'StreetName': 'Avenue des flamboyants', 'AdditionalStreetName': 'Cellule des marchés publics', 'CityName': 'Cayenne Cedex', 'PostalZone': '97306', 'Country': 'FRA'};498262393;False;FORCE OUVRIERE DU CENTRE HOSPITALIER ANDREE ROSEMON;"Centre Hospitalier de Cayenne ""Andrée ROSEMON""";;;fournitures;['Qualité et valeur technique des réponses', 'Qualité et organisation de la prestation', 'Démarches environnementales et Rse spécifiques aux prestations du marché', 'Prix'];['qualite', 'qualite', 'environnemental & social', 'prix'];[40.0, 20.0, 5.0, 35.0];;False;229540000.0;False;;sans remise en concurrence;;26-87252;;65000.0;;LOT-0003;30197630;229540000.0;4;1.0;;FOURNITURE DE PAPIERS D'IMPRESSIONS, TAMPONS ET CONSOMMABLES ASSOCIES POUR LE COMPTE DU CENTRE HOSPITALIER UNIVERSITAIRE DE GUYANE;ouverte;CHU/2026_FCS_004;3.0;;;False;False;False;;8410.0;Syndicat de salariés ;;<NA>;1981-10-01;94.20Z;2008;5710.0;SAS, société par actions simplifiée;10  à  19;False;<NA>;2008;G;47;47.6;47.62;47.62Z;2000-04-01;(4.93166, -52.293779);Cayenne;Guyane;;;;;;;;;;;;;
False;['30192111'];;True;True;False;attribue;{'StreetName': '12 Lotissement Marengo', 'AdditionalStreetName': None, 'CityName': 'Cayenne', 'PostalZone': '97300', 'Country': 'FRA'};430241737;False;SOC D'EXPLOITATION BV GUYANE;SOC D'EXPLOITATION BV GUYANE;2026-09-10;{'StreetName': 'Avenue des flamboyants', 'AdditionalStreetName': 'Cellule des marchés publics', 'CityName': 'Cayenne Cedex', 'PostalZone': '97306', 'Country': 'FRA'};498262393;False;FORCE OUVRIERE DU CENTRE HOSPITALIER ANDREE ROSEMON;"Centre Hospitalier de Cayenne ""Andrée ROSEMON""";;;fournitures;['Qualité et valeur technique des réponses', 'Qualité et organisation de la prestation', 'Démarches environnementales et Rse spécifiques aux prestations du marché', 'Prix'];['qualite', 'qualite', 'environnemental & social', 'prix'];[40.0, 20.0, 5.0, 35.0];;False;229540000.0;False;;sans remise en concurrence;;26-87252;;36000.0;;LOT-0004;30197630;229540000.0;4;2.0;;FOURNITURE DE PAPIERS D'IMPRESSIONS, TAMPONS ET CONSOMMABLES ASSOCIES POUR LE COMPTE DU CENTRE HOSPITALIER UNIVERSITAIRE DE GUYANE;ouverte;CHU/2026_FCS_004;3.0;;;False;False;False;;8410.0;Syndicat de salariés ;;<NA>;1981-10-01;94.20Z;2008;5710.0;SAS, société par actions simplifiée;10  à  19;False;<NA>;2008;G;47;47.6;47.62;47.62Z;2000-04-01;(4.93166, -52.293779);Cayenne;Guyane;;;;;;;;;;;;;
False;['71200000'];29.0;True;False;False;attribue;{'StreetName': '16 Vla Saint Michel', 'AdditionalStreetName': None, 'CityName': 'Paris 18', 'PostalZone': '75018', 'Country': 'FRA'};344580063;False;BARBOSA VIVIER ET ASSOCIES ARCHITECTES DPLG;BARBOSA VIVIER ARCHITECTES;2026-09-10;{'StreetName': 'Avenue des flamboyants', 'AdditionalStreetName': 'Cellule des marchés publics', 'CityName': 'Cayenne Cedex', 'PostalZone': '97306', 'Country': 'FRA'};498262393;False;FORCE OUVRIERE DU CENTRE HOSPITALIER ANDREE ROSEMON;"Centre Hospitalier de Cayenne ""Andrée ROSEMON""";2025-04-08;2025-05-11-03:00;services;"[""Adéquation des références des membres de l'équipe"", ""Qualification de l'équipe pluridisciplinaire affectée à la mission, qualité des moyens humains et techniques en cohérence avec la complexité du projet"", ""Pertinence de la composition et de l'organisation de l'équipe""]";['qualite', 'social', 'prix'];[30.0, 20.0, 50.0];780.0;False;;False;{'StreetName': 'Centre Hospitalier De Cayenne (Chc)\n3, Avenue Alexis Blaise', 'CityName': 'Cayenne', 'PostalZone': '97300', 'NUTS': 'FRY30', 'Country': 'FRA'};;;26-87246;25-39156;704999.21;;LOT-0000;71200000;;1;3.0;;CONCOURS RESTREINT EN VUE DE L'ATTRIBUTION D'UN MARCHE DE MAITRISE D'OEUVRE POUR LA CONSTRUCTION DE LA PERMANENCE D'ACCES AUX SOINS DE SANTE (PASS) ET LE CEGIDD;restreinte;CHU/2025_MOE_026;;False;False;False;False;False;704999.21;8410.0;Syndicat de salariés ;;<NA>;1981-10-01;94.20Z;2008;5499.0;Société à responsabilité limitée (sans autre indication);1  ou  2;False;<NA>;2008;M;71;71.1;71.11;71.11Z;1988-05-01;(48.889708, 2.327805);Paris;Paris;Île-de-France;;;;;;;;;;;;
False;['34300000', '16810000'];;True;True;False;non attribue;;;False;;;2026-09-10;{'StreetName': 'Service de la commande publique Responsable', 'AdditionalStreetName': 'Hôtel du département , 2 rue Paul-Louis Courier - Cs 11200', 'CityName': 'Perigueux', 'PostalZone': '24019', 'Country': 'FRA'};222400012;False;DEPARTEMENT DE LA DORDOGNE;Département de la Dordogne;;;fournitures;"[""Valeur technique de l'offre"", 'Prix']";['technique', 'prix'];[30.0, 70.0];;True;;False;;sans remise en concurrence;;26-87078;;;;LOT-0001;34300000;6816000.0;20;1.0;;Fourniture et livraison de pièces détachées pour les VL, VLU, PL, matériel de fauchage, matériel de débroussaillage, matériel pour tracteurs agricoles et filtres pour les véhicules et engins du Parc d;ouverte;2026DPRPMPARC136;3.0;;;True;True;True;;7220.0;Département ;2 000  à  4 999;False;1982-01-01;84.11Z;2008;;;;;;<NA>;;;;;<NA>;<NA>;;;;;(45.187249, 0.725262);Périgueux;Dordogne;Nouvelle-Aquitaine;;;;;;;;
False;['34300000', '16810000'];;True;True;False;attribue;{'StreetName': '9 Av De L Automobile', 'AdditionalStreetName': None, 'CityName': 'Trelissac', 'PostalZone': '24750', 'Country': 'FRA'};581980745;False;H. DELUC ET COMPAGNIE;H. DELUC ET COMPAGNIE;2026-09-10;{'StreetName': 'Service de la commande publique Responsable', 'AdditionalStreetName': 'Hôtel du département , 2 rue Paul-Louis Courier - Cs 11200', 'CityName': 'Perigueux', 'PostalZone': '24019', 'Country': 'FRA'};222400012;False;DEPARTEMENT DE LA DORDOGNE;Département de la Dordogne;;;fournitures;"[""Valeur technique de l'offre"", 'Prix']";['technique', 'prix'];[30.0, 70.0];;True;;False;;sans remise en concurrence;;26-87078;;456000.0;;LOT-0002;34300000;6816000.0;20;2.0;;Fourniture et livraison de pièces détachées pour les VL, VLU, PL, matériel de fauchage, matériel de débroussaillage, matériel pour tracteurs agricoles et filtres pour les véhicules et engins du Parc d;ouverte;2026DPRPMPARC136;3.0;;;True;True;True;;7220.0;Département ;2 000  à  4 999;False;1982-01-01;84.11Z;2008;5710.0;SAS, société par actions simplifiée;20  à  49;False;<NA>;2008;G;45;45.1;45.11;45.11Z;1958-01-01;(45.197748, 0.789229);Trélissac;Dordogne;Nouvelle-Aquitaine;(45.187249, 0.725262);Périgueux;Dordogne;Nouvelle-Aquitaine;;;;;;;;
False;['34300000', '16810000'];;True;True;False;attribue;{'StreetName': '9 Av De L Automobile', 'AdditionalStreetName': None, 'CityName': 'Trelissac', 'PostalZone': '24750', 'Country': 'FRA'};581980745;False;H. DELUC ET COMPAGNIE;H. DELUC ET COMPAGNIE;2026-09-10;{'StreetName': 'Service de la commande publique Responsable', 'AdditionalStreetName': 'Hôtel du département , 2 rue Paul-Louis Courier - Cs 11200', 'CityName': 'Perigueux', 'PostalZone': '24019', 'Country': 'FRA'};222400012;False;DEPARTEMENT DE LA DORDOGNE;Département de la Dordogne;;;fournitures;"[""Valeur technique de l'offre"", 'Prix']";['technique', 'prix'];[30.0, 70.0];;True;;False;;sans remise en concurrence;;26-87078;;240000.0;;LOT-0003;34300000;6816000.0;20;2.0;;Fourniture et livraison de pièces détachées pour les VL, VLU, PL, matériel de fauchage, matériel de débroussaillage, matériel pour tracteurs agricoles et filtres pour les véhicules et engins du Parc d;ouverte;2026DPRPMPARC136;3.0;;;True;True;True;;7220.0;Département ;2 000  à  4 999;False;1982-01-01;84.11Z;2008;5710.0;SAS, société par actions simplifiée;20  à  49;False;<NA>;2008;G;45;45.1;45.11;45.11Z;1958-01-01;(45.197748, 0.789229);Trélissac;Dordogne;Nouvelle-Aquitaine;(45.187249, 0.725262);Périgueux;Dordogne;Nouvelle-Aquitaine;;;;;;;;
False;['34300000', '16810000'];;True;True;False;attribue;{'StreetName': 'La Mongie', 'AdditionalStreetName': None, 'CityName': 'Essarts-En-Bocage', 'PostalZone': '85140', 'Country': 'FRA'};444678296;False;OUEST PIECES AUTO LOGISTIQUE;OUEST PIECES AUTO LOGISTIQUE;2026-09-10;{'StreetName': 'Service de la commande publique Responsable', 'AdditionalStreetName': 'Hôtel du département , 2 rue Paul-Louis Courier - Cs 11200', 'CityName': 'Perigueux', 'PostalZone': '24019', 'Country': 'FRA'};222400012;False;DEPARTEMENT DE LA DORDOGNE;Département de la Dordogne;;;fournitures;"[""Valeur technique de l'offre"", 'Prix']";['technique', 'prix'];[30.0, 70.0];;True;;False;;sans remise en concurrence;;26-87078;;48000.0;;LOT-0004;34300000;6816000.0;20;1.0;;Fourniture et livraison de pièces détachées pour les VL, VLU, PL, matériel de fauchage, matériel de débroussaillage, matériel pour tracteurs agricoles et filtres pour les véhicules et engins du Parc d;ouverte;2026DPRPMPARC136;3.0;;;True;True;True;;7220.0;Département ;2 000  à  4 999;False;1982-01-01;84.11Z;2008;5710.0;SAS, société par actions simplifiée;100  à  199;False;<NA>;2008;G;45;45.3;45.31;45.31Z;2002-12-16;(46.784294, -1.191058);Essarts-en-Bocage;Vendée;Pays de la Loire;(45.187249, 0.725262);Périgueux;Dordogne;Nouvelle-Aquitaine;;;;;;;;
False;['34300000', '16810000'];;True;True;False;attribue;{'StreetName': '201 Av Jacques Douzans', 'AdditionalStreetName': None, 'CityName': 'Muret', 'PostalZone': '31600', 'Country': 'FRA'};528473010;False;ALLIANCE AUTO INDUSTRIE;ALLIANCE AUTO INDUSTRIE;2026-09-10;{'StreetName': 'Service de la commande publique Responsable', 'AdditionalStreetName': 'Hôtel du département , 2 rue Paul-Louis Courier - Cs 11200', 'CityName': 'Perigueux', 'PostalZone': '24019', 'Country': 'FRA'};222400012;False;DEPARTEMENT DE LA DORDOGNE;Département de la Dordogne;;;fournitures;"[""Valeur technique de l'offre"", 'Prix']";['technique', 'prix'];[30.0, 70.0];;True;;False;;sans remise en concurrence;;26-87078;;1128000.0;;LOT-0005;34300000;6816000.0;20;1.0;;Fourniture et livraison de pièces détachées pour les VL, VLU, PL, matériel de fauchage, matériel de débroussaillage, matériel pour tracteurs agricoles et filtres pour les véhicules et engins du Parc d;ouverte;2026DPRPMPARC136;3.0;;;True;True;True;;7220.0;Département ;2 000  à  4 999;False;1982-01-01;84.11Z;2008;5710.0;SAS, société par actions simplifiée;250  à  499;False;<NA>;2008;G;45;45.3;45.31;45.31Z;2010-11-12;(43.473332, 1.33053);Muret;Haute-Garonne;Occitanie;(45.187249, 0.725262);Périgueux;Dordogne;Nouvelle-Aquitaine;;;;;;;;
False;['34100000', '16810000'];;True;True;False;attribue;{'StreetName': 'Grand Font', 'AdditionalStreetName': None, 'CityName': 'Boulazac Isle Manoire', 'PostalZone': '24330', 'Country': 'FRA'};601980188;False;FAURIE TRUCKS PERIGUEUX;FAURIE 24;2026-09-10;{'StreetName': 'Service de la commande publique Responsable', 'AdditionalStreetName': 'Hôtel du département , 2 rue Paul-Louis Courier - Cs 11200', 'CityName': 'Perigueux', 'PostalZone': '24019', 'Country': 'FRA'};222400012;False;DEPARTEMENT DE LA DORDOGNE;Département de la Dordogne;;;fournitures;"[""Valeur technique de l'offre"", 'Prix']";['technique', 'prix'];[30.0, 70.0];;True;;False;;sans remise en concurrence;;26-87078;;552000.0;;LOT-0006;34300000;6816000.0;20;1.0;;Fourniture et livraison de pièces détachées pour les VL, VLU, PL, matériel de fauchage, matériel de débroussaillage, matériel pour tracteurs agricoles et filtres pour les véhicules et engins du Parc d;ouverte;2026DPRPMPARC136;3.0;;;True;True;True;;7220.0;Département ;2 000  à  4 999;False;1982-01-01;84.11Z;2008;5710.0;SAS, société par actions simplifiée;20  à  49;False;<NA>;2008;G;45;45.2;45.2;45.20B;1960-01-01;(45.138859, 0.783086);Boulazac Isle Manoire;Dordogne;Nouvelle-Aquitaine;(45.187249, 0.725262);Périgueux;Dordogne;Nouvelle-Aquitaine;;;;;;;;
False;['34100000', '16810000'];;True;True;False;attribue;{'StreetName': 'Rue De Fieuzal', 'AdditionalStreetName': None, 'CityName': 'Bruges', 'PostalZone': '33520', 'Country': 'FRA'};309467884;False;PAROT VI;PAROT VI;2026-09-10;{'StreetName': 'Service de la commande publique Responsable', 'AdditionalStreetName': 'Hôtel du département , 2 rue Paul-Louis Courier - Cs 11200', 'CityName': 'Perigueux', 'PostalZone': '24019', 'Country': 'FRA'};222400012;False;DEPARTEMENT DE LA DORDOGNE;Département de la Dordogne;;;fournitures;"[""Valeur technique de l'offre"", 'Prix']";['technique', 'prix'];[30.0, 70.0];;True;;False;;sans remise en concurrence;;26-87078;;216000.0;;LOT-0007;34300000;6816000.0;20;1.0;;Fourniture et livraison de pièces détachées pour les VL, VLU, PL, matériel de fauchage, matériel de débroussaillage, matériel pour tracteurs agricoles et filtres pour les véhicules et engins du Parc d;ouverte;2026DPRPMPARC136;3.0;;;True;True;True;;7220.0;Département ;2 000  à  4 999;False;1982-01-01;84.11Z;2008;5710.0;SAS, société par actions simplifiée;250  à  499;False;<NA>;2008;G;45;45.1;45.19;45.19Z;1980-06-01;(44.885648, -0.594208);Bruges;Gironde;Nouvelle-Aquitaine;(45.187249, 0.725262);Périgueux;Dordogne;Nouvelle-Aquitaine;;;;;;;;
False;['34100000', '16810000'];;True;True;False;attribue;{'StreetName': 'Rte De Vars', 'AdditionalStreetName': None, 'CityName': 'Anais', 'PostalZone': '16560', 'Country': 'FRA'};349790204;False;AD POIDS LOURDS CENTRE OUEST;FRANCE POIDS LOURDS;2026-09-10;{'StreetName': 'Service de la commande publique Responsable', 'AdditionalStreetName': 'Hôtel du département , 2 rue Paul-Louis Courier - Cs 11200', 'CityName': 'Perigueux', 'PostalZone': '24019', 'Country': 'FRA'};222400012;False;DEPARTEMENT DE LA DORDOGNE;Département de la Dordogne;;;fournitures;"[""Valeur technique de l'offre"", 'Prix']";['technique', 'prix'];[30.0, 70.0];;True;;False;;sans remise en concurrence;;26-87078;;96000.0;;LOT-0008;34300000;6816000.0;20;1.0;;Fourniture et livraison de pièces détachées pour les VL, VLU, PL, matériel de fauchage, matériel de débroussaillage, matériel pour tracteurs agricoles et filtres pour les véhicules et engins du Parc d;ouverte;2026DPRPMPARC136;3.0;;;True;True;True;;7220.0;Département ;2 000  à  4 999;False;1982-01-01;84.11Z;2008;5710.0;SAS, société par actions simplifiée;100  à  199;False;<NA>;2008;G;45;45.3;45.31;45.31Z;1989-01-29;(45.761357, 0.200699);Anais;Charente;Nouvelle-Aquitaine;(45.187249, 0.725262);Périgueux;Dordogne;Nouvelle-Aquitaine;;;;;;;;
False;['34100000', '16810000'];;True;True;False;attribue;{'StreetName': '1 Avenue Firmin Bouvier', 'AdditionalStreetName': None, 'CityName': 'Boulazac Isle Manoire', 'PostalZone': '24750', 'Country': 'FRA'};326580214;False;SAGA CENTRE;SAGA CENTRE;2026-09-10;{'StreetName': 'Service de la commande publique Responsable', 'AdditionalStreetName': 'Hôtel du département , 2 rue Paul-Louis Courier - Cs 11200', 'CityName': 'Perigueux', 'PostalZone': '24019', 'Country': 'FRA'};222400012;False;DEPARTEMENT DE LA DORDOGNE;Département de la Dordogne;;;fournitures;"[""Valeur technique de l'offre"", 'Prix']";['technique', 'prix'];[30.0, 70.0];;True;;False;;sans remise en concurrence;;26-87078;;696000.0;;LOT-0009;34300000;6816000.0;20;1.0;;Fourniture et livraison de pièces détachées pour les VL, VLU, PL, matériel de fauchage, matériel de débroussaillage, matériel pour tracteurs agricoles et filtres pour les véhicules et engins du Parc d;ouverte;2026DPRPMPARC136;3.0;;;True;True;True;;7220.0;Département ;2 000  à  4 999;False;1982-01-01;84.11Z;2008;5710.0;SAS, société par actions simplifiée;20  à  49;False;<NA>;2008;G;45;45.1;45.19;45.19Z;1965-01-01;(45.179137, 0.767812);Boulazac Isle Manoire;Dordogne;Nouvelle-Aquitaine;(45.187249, 0.725262);Périgueux;Dordogne;Nouvelle-Aquitaine;;;;;;;;
False;['34100000', '16810000'];;True;True;False;non attribue;;;False;;;2026-09-10;{'StreetName': 'Service de la commande publique Responsable', 'AdditionalStreetName': 'Hôtel du département , 2 rue Paul-Louis Courier - Cs 11200', 'CityName': 'Perigueux', 'PostalZone': '24019', 'Country': 'FRA'};222400012;False;DEPARTEMENT DE LA DORDOGNE;Département de la Dordogne;;;fournitures;"[""Valeur technique de l'offre"", 'Prix']";['technique', 'prix'];[30.0, 70.0];;True;;False;;sans remise en concurrence;;26-87078;;;;LOT-0010;34300000;6816000.0;20;0.0;;Fourniture et livraison de pièces détachées pour les VL, VLU, PL, matériel de fauchage, matériel de débroussaillage, matériel pour tracteurs agricoles et filtres pour les véhicules et engins du Parc d;ouverte;2026DPRPMPARC136;3.0;;;True;True;True;;7220.0;Département ;2 000  à  4 999;False;1982-01-01;84.11Z;2008;;;;;;<NA>;;;;;<NA>;<NA>;;;;;(45.187249, 0.725262);Périgueux;Dordogne;Nouvelle-Aquitaine;;;;;;;;
False;['34400000', '16810000'];;True;True;False;attribue;{'StreetName': 'Za Les Coteaux De La Touche', 'AdditionalStreetName': None, 'CityName': 'Vars', 'PostalZone': '16330', 'Country': 'FRA'};542107800;False;OTIS;ANGOULEME MATERIEL AGRICOLE;2026-09-10;{'StreetName': 'Service de la commande publique Responsable', 'AdditionalStreetName': 'Hôtel du département , 2 rue Paul-Louis Courier - Cs 11200', 'CityName': 'Perigueux', 'PostalZone': '24019', 'Country': 'FRA'};222400012;False;DEPARTEMENT DE LA DORDOGNE;Département de la Dordogne;;;fournitures;"[""Valeur technique de l'offre"", 'Prix']";['technique', 'prix'];[30.0, 70.0];;True;;False;;sans remise en concurrence;;26-87078;;384000.0;;LOT-0011;34300000;6816000.0;20;2.0;;Fourniture et livraison de pièces détachées pour les VL, VLU, PL, matériel de fauchage, matériel de débroussaillage, matériel pour tracteurs agricoles et filtres pour les véhicules et engins du Parc d;ouverte;2026DPRPMPARC136;3.0;;;True;True;True;;7220.0;Département ;2 000  à  4 999;False;1982-01-01;84.11Z;2008;5306.0;Société en commandite simple ;2 000  à  4 999;True;<NA>;2008;F;43;43.2;43.29;43.29B;1954-01-01;(45.769021, 0.186051);La Boixe;Charente;Nouvelle-Aquitaine;(45.187249, 0.725262);Périgueux;Dordogne;Nouvelle-Aquitaine;;;;;;;;
False;['34400000', '16810000'];;True;True;False;attribue;{'StreetName': '355 Rte De Montfort', 'AdditionalStreetName': None, 'CityName': 'Yzosse', 'PostalZone': '40180', 'Country': 'FRA'};323067413;False;AGRIVISION;AGRIVISION;2026-09-10;{'StreetName': 'Service de la commande publique Responsable', 'AdditionalStreetName': 'Hôtel du département , 2 rue Paul-Louis Courier - Cs 11200', 'CityName': 'Perigueux', 'PostalZone': '24019', 'Country': 'FRA'};222400012;False;DEPARTEMENT DE LA DORDOGNE;Département de la Dordogne;;;fournitures;"[""Valeur technique de l'offre"", 'Prix']";['technique', 'prix'];[30.0, 70.0];;True;;False;;sans remise en concurrence;;26-87078;;96000.0;;LOT-0012;34300000;6816000.0;20;1.0;;Fourniture et livraison de pièces détachées pour les VL, VLU, PL, matériel de fauchage, matériel de débroussaillage, matériel pour tracteurs agricoles et filtres pour les véhicules et engins du Parc d;ouverte;2026DPRPMPARC136;3.0;;;True;True;True;;7220.0;Département ;2 000  à  4 999;False;1982-01-01;84.11Z;2008;5710.0;SAS, société par actions simplifiée;250  à  499;False;<NA>;2008;G;46;46.6;46.61;46.61Z;1981-11-06;(43.706701, -1.028303);Yzosse;Landes;Nouvelle-Aquitaine;(45.187249, 0.725262);Périgueux;Dordogne;Nouvelle-Aquitaine;;;;;;;;
False;['34900000', '16810000'];;True;True;False;attribue;{'StreetName': '450 Che De Cruye', 'AdditionalStreetName': None, 'CityName': 'Vaissac', 'PostalZone': '82800', 'Country': 'FRA'};492994744;False;SOCIETE D'EXPLOITATION DES ETABLISSEMENTS JEAN CANE;SOCIETE D'EXPLOITATION DES ETABLISSEMENTS JEAN CANE;2026-09-10;{'StreetName': 'Service de la commande publique Responsable', 'AdditionalStreetName': 'Hôtel du département , 2 rue Paul-Louis Courier - Cs 11200', 'CityName': 'Perigueux', 'PostalZone': '24019', 'Country': 'FRA'};222400012;False;DEPARTEMENT DE LA DORDOGNE;Département de la Dordogne;;;fournitures;"[""Valeur technique de l'offre"", 'Prix']";['technique', 'prix'];[30.0, 70.0];;True;;False;;sans remise en concurrence;;26-87078;;288000.0;;LOT-0013;34300000;6816000.0;20;1.0;;Fourniture et livraison de pièces détachées pour les VL, VLU, PL, matériel de fauchage, matériel de débroussaillage, matériel pour tracteurs agricoles et filtres pour les véhicules et engins du Parc d;ouverte;2026DPRPMPARC136;3.0;;;True;True;True;;7220.0;Département ;2 000  à  4 999;False;1982-01-01;84.11Z;2008;5499.0;Société à responsabilité limitée (sans autre indication);6  à  9;False;<NA>;2008;G;46;46.6;46.61;46.61Z;2006-07-01;(44.033757, 1.556739);Vaïssac;Tarn-et-Garonne;Occitanie;(45.187249, 0.725262);Périgueux;Dordogne;Nouvelle-Aquitaine;;;;;;;;
False;['34920000', '16810000'];;True;True;False;attribue;{'StreetName': 'Za Les Coteaux De La Touche', 'AdditionalStreetName': None, 'CityName': 'Vars', 'PostalZone': '16330', 'Country': 'FRA'};542107800;False;OTIS;ANGOULEME MATERIEL AGRICOLE;2026-09-10;{'StreetName': 'Service de la commande publique Responsable', 'AdditionalStreetName': 'Hôtel du département , 2 rue Paul-Louis Courier - Cs 11200', 'CityName': 'Perigueux', 'PostalZone': '24019', 'Country': 'FRA'};222400012;False;DEPARTEMENT DE LA DORDOGNE;Département de la Dordogne;;;fournitures;"[""Valeur technique de l'offre"", 'Prix']";['technique', 'prix'];[30.0, 70.0];;True;;False;;sans remise en concurrence;;26-87078;;96000.0;;LOT-0014;34300000;6816000.0;20;2.0;;Fourniture et livraison de pièces détachées pour les VL, VLU, PL, matériel de fauchage, matériel de débroussaillage, matériel pour tracteurs agricoles et filtres pour les véhicules et engins du Parc d;ouverte;2026DPRPMPARC136;3.0;;;True;True;True;;7220.0;Département ;2 000  à  4 999;False;1982-01-01;84.11Z;2008;5306.0;Société en commandite simple ;2 000  à  4 999;True;<NA>;2008;F;43;43.2;43.29;43.29B;1954-01-01;(45.769021, 0.186051);La Boixe;Charente;Nouvelle-Aquitaine;(45.187249, 0.725262);Périgueux;Dordogne;Nouvelle-Aquitaine;;;;;;;;
False;['34920000', '16810000'];;True;True;False;attribue;{'StreetName': '229 Rte Du Perigord', 'AdditionalStreetName': None, 'CityName': 'Saint-Laurent-Des-Hommes', 'PostalZone': '24400', 'Country': 'FRA'};752028167;False;ETABLISSEMENTS CHAMBON & FILS;ETABLISSEMENTS CHAMBON & FILS;2026-09-10;{'StreetName': 'Service de la commande publique Responsable', 'AdditionalStreetName': 'Hôtel du département , 2 rue Paul-Louis Courier - Cs 11200', 'CityName': 'Perigueux', 'PostalZone': '24019', 'Country': 'FRA'};222400012;False;DEPARTEMENT DE LA DORDOGNE;Département de la Dordogne;;;fournitures;"[""Valeur technique de l'offre"", 'Prix']";['technique', 'prix'];[30.0, 70.0];;True;;False;;sans remise en concurrence;;26-87078;;288000.0;;LOT-0015;34300000;6816000.0;20;2.0;;Fourniture et livraison de pièces détachées pour les VL, VLU, PL, matériel de fauchage, matériel de débroussaillage, matériel pour tracteurs agricoles et filtres pour les véhicules et engins du Parc d;ouverte;2026DPRPMPARC136;3.0;;;True;True;True;;7220.0;Département ;2 000  à  4 999;False;1982-01-01;84.11Z;2008;5710.0;SAS, société par actions simplifiée;200  à  249;False;<NA>;2008;G;46;46.6;46.61;46.61Z;2012-06-07;(45.02159, 0.282627);Saint-Laurent-des-Hommes;Dordogne;Nouvelle-Aquitaine;(45.187249, 0.725262);Périgueux;Dordogne;Nouvelle-Aquitaine;;;;;;;;
False;['34920000', '16810000'];;True;True;False;attribue;{'StreetName': '166 Rue Ampere', 'AdditionalStreetName': None, 'CityName': 'Ludres', 'PostalZone': '54710', 'Country': 'FRA'};322213679;False;NOREMAT;NOREMAT;2026-09-10;{'StreetName': 'Service de la commande publique Responsable', 'AdditionalStreetName': 'Hôtel du département , 2 rue Paul-Louis Courier - Cs 11200', 'CityName': 'Perigueux', 'PostalZone': '24019', 'Country': 'FRA'};222400012;False;DEPARTEMENT DE LA DORDOGNE;Département de la Dordogne;;;fournitures;"[""Valeur technique de l'offre"", 'Prix']";['technique', 'prix'];[30.0, 70.0];;True;;False;;sans remise en concurrence;;26-87078;;864000.0;;LOT-0016;34300000;6816000.0;20;1.0;;Fourniture et livraison de pièces détachées pour les VL, VLU, PL, matériel de fauchage, matériel de débroussaillage, matériel pour tracteurs agricoles et filtres pour les véhicules et engins du Parc d;ouverte;2026DPRPMPARC136;3.0;;;True;True;True;;7220.0;Département ;2 000  à  4 999;False;1982-01-01;84.11Z;2008;5710.0;SAS, société par actions simplifiée;250  à  499;False;<NA>;2008;C;28;28.3;28.3;28.30Z;1981-06-01;(48.618556, 6.184457);Ludres;Meurthe-et-Moselle;Grand Est;(45.187249, 0.725262);Périgueux;Dordogne;Nouvelle-Aquitaine;;;;;;;;
False;['34920000', '16810000'];;True;True;False;attribue;{'StreetName': 'Rue Raymond Frenot', 'AdditionalStreetName': None, 'CityName': 'Toul', 'PostalZone': '54200', 'Country': 'FRA'};885318626;False;MANEKO;MANEKO;2026-09-10;{'StreetName': 'Service de la commande publique Responsable', 'AdditionalStreetName': 'Hôtel du département , 2 rue Paul-Louis Courier - Cs 11200', 'CityName': 'Perigueux', 'PostalZone': '24019', 'Country': 'FRA'};222400012;False;DEPARTEMENT DE LA DORDOGNE;Département de la Dordogne;;;fournitures;"[""Valeur technique de l'offre"", 'Prix']";['technique', 'prix'];[30.0, 70.0];;True;;False;;sans remise en concurrence;;26-87078;;144000.0;;LOT-0017;34300000;6816000.0;20;2.0;;Fourniture et livraison de pièces détachées pour les VL, VLU, PL, matériel de fauchage, matériel de débroussaillage, matériel pour tracteurs agricoles et filtres pour les véhicules et engins du Parc d;ouverte;2026DPRPMPARC136;3.0;;;True;True;True;;7220.0;Département ;2 000  à  4 999;False;1982-01-01;84.11Z;2008;5710.0;SAS, société par actions simplifiée;20  à  49;False;<NA>;2008;C;33;33.1;33.12;33.12Z;2020-06-18;(48.697512, 5.910305);Toul;Meurthe-et-Moselle;Grand Est;(45.187249, 0.725262);Périgueux;Dordogne;Nouvelle-Aquitaine;;;;;;;;
False;['34920000', '16810000'];;True;True;False;attribue;{'StreetName': '15 Rue Jules Berthonneau', 'AdditionalStreetName': None, 'CityName': 'Villebarou', 'PostalZone': '41000', 'Country': 'FRA'};510424427;False;SEPAMAC;SEPAMAC;2026-09-10;{'StreetName': 'Service de la commande publique Responsable', 'AdditionalStreetName': 'Hôtel du département , 2 rue Paul-Louis Courier - Cs 11200', 'CityName': 'Perigueux', 'PostalZone': '24019', 'Country': 'FRA'};222400012;False;DEPARTEMENT DE LA DORDOGNE;Département de la Dordogne;;;fournitures;"[""Valeur technique de l'offre"", 'Prix']";['technique', 'prix'];[30.0, 70.0];;True;;False;;sans remise en concurrence;;26-87078;;288000.0;;LOT-0018;34300000;6816000.0;20;1.0;;Fourniture et livraison de pièces détachées pour les VL, VLU, PL, matériel de fauchage, matériel de débroussaillage, matériel pour tracteurs agricoles et filtres pour les véhicules et engins du Parc d;ouverte;2026DPRPMPARC136;3.0;;;True;True;True;;7220.0;Département ;2 000  à  4 999;False;1982-01-01;84.11Z;2008;5499.0;Société à responsabilité limitée (sans autre indication);6  à  9;False;<NA>;2008;G;46;46.6;46.61;46.61Z;2009-02-01;(47.608397, 1.304633);Villebarou;Loir-et-Cher;Centre-Val de Loire;(45.187249, 0.725262);Périgueux;Dordogne;Nouvelle-Aquitaine;;;;;;;;
False;['34920000', '16810000'];;True;True;False;attribue;{'StreetName': 'Rue Raymond Frenot', 'AdditionalStreetName': None, 'CityName': 'Toul', 'PostalZone': '54200', 'Country': 'FRA'};885318626;False;MANEKO;MANEKO;2026-09-10;{'StreetName': 'Service de la commande publique Responsable', 'AdditionalStreetName': 'Hôtel du département , 2 rue Paul-Louis Courier - Cs 11200', 'CityName': 'Perigueux', 'PostalZone': '24019', 'Country': 'FRA'};222400012;False;DEPARTEMENT DE LA DORDOGNE;Département de la Dordogne;;;fournitures;"[""Valeur technique de l'offre"", 'Prix']";['technique', 'prix'];[30.0, 70.0];;True;;False;;sans remise en concurrence;;26-87078;;144000.0;;LOT-0019;34300000;6816000.0;20;4.0;;Fourniture et livraison de pièces détachées pour les VL, VLU, PL, matériel de fauchage, matériel de débroussaillage, matériel pour tracteurs agricoles et filtres pour les véhicules et engins du Parc d;ouverte;2026DPRPMPARC136;3.0;;;True;True;True;;7220.0;Département ;2 000  à  4 999;False;1982-01-01;84.11Z;2008;5710.0;SAS, société par actions simplifiée;20  à  49;False;<NA>;2008;C;33;33.1;33.12;33.12Z;2020-06-18;(48.697512, 5.910305);Toul;Meurthe-et-Moselle;Grand Est;(45.187249, 0.725262);Périgueux;Dordogne;Nouvelle-Aquitaine;;;;;;;;
False;['31600000', '16810000'];;True;True;False;attribue;{'StreetName': '18 Rue Pierre Dechanet', 'AdditionalStreetName': None, 'CityName': 'Pontarlier', 'PostalZone': '25300', 'Country': 'FRA'};352534887;False;HIFI FILTER FRANCE;HIFI FILTER FRANCE;2026-09-10;{'StreetName': 'Service de la commande publique Responsable', 'AdditionalStreetName': 'Hôtel du département , 2 rue Paul-Louis Courier - Cs 11200', 'CityName': 'Perigueux', 'PostalZone': '24019', 'Country': 'FRA'};222400012;False;DEPARTEMENT DE LA DORDOGNE;Département de la Dordogne;;;fournitures;"[""Valeur technique de l'offre"", 'Prix']";['technique', 'prix'];[30.0, 70.0];;True;;False;;sans remise en concurrence;;26-87078;;792000.0;;LOT-0020;34300000;6816000.0;20;6.0;;Fourniture et livraison de pièces détachées pour les VL, VLU, PL, matériel de fauchage, matériel de débroussaillage, matériel pour tracteurs agricoles et filtres pour les véhicules et engins du Parc d;ouverte;2026DPRPMPARC136;3.0;;;True;True;True;;7220.0;Département ;2 000  à  4 999;False;1982-01-01;84.11Z;2008;5710.0;SAS, société par actions simplifiée;200  à  249;False;<NA>;2008;G;45;45.3;45.31;45.31Z;1989-10-01;(46.905206, 6.333312);Pontarlier;Doubs;Bourgogne-Franche-Comté;(45.187249, 0.725262);Périgueux;Dordogne;Nouvelle-Aquitaine;;;;;;;;
False;['31640000'];;True;True;False;attribue;{'StreetName': 'ZAC DU PARC', 'AdditionalStreetName': None, 'CityName': 'FRAISSES', 'PostalZone': '42490', 'Country': 'FRA'};444784953;True;DIDATEC;DIDATEC;2026-09-10;{'StreetName': None, 'AdditionalStreetName': None, 'CityName': 'Aubenas', 'PostalZone': '07200', 'Country': 'FRA'};130014004;True;CHAMBRE DE COMMERCE ET D INDUSTRIE DE L ARDECHE;CCI de l'Ardèche;;2026-07-27+02:00;fournitures;['1-Prix des prestations', '2-Valeur technique', '3-Délai', '4- Mesures que le candidat met en place dans un objectif de développement durable tout en ayant une approche sociétale, dans le cadre de l’exécution du marché'];['prix', 'technique', 'delai', 'environnemental & social'];[50.0, 30.0, 10.0, 10.0];360.0;True;;False;{'StreetName': '550 avenue Marie Curie ', 'CityName': 'La Voulte', 'PostalZone': '07800', 'NUTS': 'FRK22', 'Country': 'FRA'};sans remise en concurrence;;26-87098;;14127.08;;LOT-0001;39162100;250000.0;18;5.0;;FOURNITURE ET MISE EN SERVICE D’ÉQUIPEMENTS PÉDAGOGIQUES DESTINÉS À L'INSTITUT DE FORMATION DES TECHNIQUES ET DE L’ENERGIE D’ARDÈCHE (IFTEA);ouverte;2607A01AO;;;;False;False;False;250000.0;7381.0;Organisme consulaire ;6  à  9;False;2009-08-25;94.11Z;2008;5710.0;SAS, société par actions simplifiée;20  à  49;False;<NA>;2008;C;32;32.9;32.99;32.99Z;2003-01-01;(45.39021, 4.273896);Fraisses;Loire;Auvergne-Rhône-Alpes;;Aubenas;Ardèche;Auvergne-Rhône-Alpes;;;;;;;;
False;['31640000'];;True;True;False;attribue;{'StreetName': 'ZAC DU PARC', 'AdditionalStreetName': None, 'CityName': 'FRAISSES', 'PostalZone': '42490', 'Country': 'FRA'};444784953;True;DIDATEC;DIDATEC;2026-09-10;{'StreetName': None, 'AdditionalStreetName': None, 'CityName': 'Aubenas', 'PostalZone': '07200', 'Country': 'FRA'};130014004;True;CHAMBRE DE COMMERCE ET D INDUSTRIE DE L ARDECHE;CCI de l'Ardèche;;2026-07-27+02:00;fournitures;['1-Prix des prestations', '2-Valeur technique', '3-Délai', '4- Mesures que le candidat met en place dans un objectif de développement durable tout en ayant une approche sociétale, dans le cadre de l’exécution du marché'];['prix', 'technique', 'delai', 'environnemental & social'];[50.0, 30.0, 10.0, 10.0];360.0;True;;False;{'StreetName': '550 avenue Marie Curie ', 'CityName': 'La Voulte', 'PostalZone': '07800', 'NUTS': 'FRK22', 'Country': 'FRA'};sans remise en concurrence;;26-87098;;15161.1;;LOT-0002;39162100;250000.0;18;2.0;;FOURNITURE ET MISE EN SERVICE D’ÉQUIPEMENTS PÉDAGOGIQUES DESTINÉS À L'INSTITUT DE FORMATION DES TECHNIQUES ET DE L’ENERGIE D’ARDÈCHE (IFTEA);ouverte;2607A01AO;;;;False;False;False;250000.0;7381.0;Organisme consulaire ;6  à  9;False;2009-08-25;94.11Z;2008;5710.0;SAS, société par actions simplifiée;20  à  49;False;<NA>;2008;C;32;32.9;32.99;32.99Z;2003-01-01;(45.39021, 4.273896);Fraisses;Loire;Auvergne-Rhône-Alpes;;Aubenas;Ardèche;Auvergne-Rhône-Alpes;;;;;;;;
False;['31640000'];;True;True;False;attribue;{'StreetName': 'ZA BELLECOUR III, 561 ALLEE BELLECOUR', 'AdditionalStreetName': None, 'CityName': 'CARPENTRAS', 'PostalZone': '84200', 'Country': 'FRA'};353183601;True;ERM AUTOMATISMES INDUSTRIELS;ERM Automatismes Industriels;2026-09-10;{'StreetName': None, 'AdditionalStreetName': None, 'CityName': 'Aubenas', 'PostalZone': '07200', 'Country': 'FRA'};130014004;True;CHAMBRE DE COMMERCE ET D INDUSTRIE DE L ARDECHE;CCI de l'Ardèche;;2026-07-27+02:00;fournitures;['1-Prix des prestations', '2-Valeur technique', '3-Délai', '4- Mesures que le candidat met en place dans un objectif de développement durable tout en ayant une approche sociétale, dans le cadre de l’exécution du marché'];['prix', 'technique', 'delai', 'environnemental & social'];[50.0, 30.0, 10.0, 10.0];360.0;True;;False;{'StreetName': '550 avenue Marie Curie ', 'CityName': 'La Voulte', 'PostalZone': '07800', 'NUTS': 'FRK22', 'Country': 'FRA'};sans remise en concurrence;;26-87098;;14569.4;;LOT-0003;39162100;250000.0;18;3.0;;FOURNITURE ET MISE EN SERVICE D’ÉQUIPEMENTS PÉDAGOGIQUES DESTINÉS À L'INSTITUT DE FORMATION DES TECHNIQUES ET DE L’ENERGIE D’ARDÈCHE (IFTEA);ouverte;2607A01AO;;;;False;False;False;250000.0;7381.0;Organisme consulaire ;6  à  9;False;2009-08-25;94.11Z;2008;5599.0;SA à conseil d'administration (s.a.i.);50  à  99;False;<NA>;2008;C;32;32.9;32.99;32.99Z;1990-01-01;(44.034999, 5.036166);Carpentras;Vaucluse;Provence-Alpes-Côte d'Azur;;Aubenas;Ardèche;Auvergne-Rhône-Alpes;;;;;;;;
False;['31640000'];;True;True;False;attribue;{'StreetName': 'ZAC DU PARC', 'AdditionalStreetName': None, 'CityName': 'FRAISSES', 'PostalZone': '42490', 'Country': 'FRA'};444784953;True;DIDATEC;DIDATEC;2026-09-10;{'StreetName': None, 'AdditionalStreetName': None, 'CityName': 'Aubenas', 'PostalZone': '07200', 'Country': 'FRA'};130014004;True;CHAMBRE DE COMMERCE ET D INDUSTRIE DE L ARDECHE;CCI de l'Ardèche;;2026-07-27+02:00;fournitures;['1-Prix des prestations', '2-Valeur technique', '3-Délai', '4- Mesures que le candidat met en place dans un objectif de développement durable tout en ayant une approche sociétale, dans le cadre de l’exécution du marché'];['prix', 'technique', 'delai', 'environnemental & social'];[50.0, 30.0, 10.0, 10.0];360.0;True;;False;{'StreetName': '550 avenue Marie Curie ', 'CityName': 'La Voulte', 'PostalZone': '07800', 'NUTS': 'FRK22', 'Country': 'FRA'};sans remise en concurrence;;26-87098;;17004.1;;LOT-0004;39162100;250000.0;18;2.0;;FOURNITURE ET MISE EN SERVICE D’ÉQUIPEMENTS PÉDAGOGIQUES DESTINÉS À L'INSTITUT DE FORMATION DES TECHNIQUES ET DE L’ENERGIE D’ARDÈCHE (IFTEA);ouverte;2607A01AO;;;;False;False;False;250000.0;7381.0;Organisme consulaire ;6  à  9;False;2009-08-25;94.11Z;2008;5710.0;SAS, société par actions simplifiée;20  à  49;False;<NA>;2008;C;32;32.9;32.99;32.99Z;2003-01-01;(45.39021, 4.273896);Fraisses;Loire;Auvergne-Rhône-Alpes;;Aubenas;Ardèche;Auvergne-Rhône-Alpes;;;;;;;;
False;['31640000', '44510000'];;True;True;False;attribue;{'StreetName': 'ZAC DU PARC', 'AdditionalStreetName': None, 'CityName': 'FRAISSES', 'PostalZone': '42490', 'Country': 'FRA'};444784953;True;DIDATEC;DIDATEC;2026-09-10;{'StreetName': None, 'AdditionalStreetName': None, 'CityName': 'Aubenas', 'PostalZone': '07200', 'Country': 'FRA'};130014004;True;CHAMBRE DE COMMERCE ET D INDUSTRIE DE L ARDECHE;CCI de l'Ardèche;;2026-07-27+02:00;fournitures;['1-Prix des prestations', '2-Valeur technique', '3-Délai', '4- Mesures que le candidat met en place dans un objectif de développement durable tout en ayant une approche sociétale, dans le cadre de l’exécution du marché'];['prix', 'technique', 'delai', 'environnemental & social'];[50.0, 30.0, 10.0, 10.0];360.0;True;;False;{'StreetName': None, 'CityName': 'La Voulte', 'PostalZone': '07800', 'NUTS': 'FRK22', 'Country': 'FRA'};sans remise en concurrence;;26-87098;;9180.08;;LOT-0005;39162100;250000.0;18;6.0;;FOURNITURE ET MISE EN SERVICE D’ÉQUIPEMENTS PÉDAGOGIQUES DESTINÉS À L'INSTITUT DE FORMATION DES TECHNIQUES ET DE L’ENERGIE D’ARDÈCHE (IFTEA);ouverte;2607A01AO;;;;False;False;False;250000.0;7381.0;Organisme consulaire ;6  à  9;False;2009-08-25;94.11Z;2008;5710.0;SAS, société par actions simplifiée;20  à  49;False;<NA>;2008;C;32;32.9;32.99;32.99Z;2003-01-01;(45.39021, 4.273896);Fraisses;Loire;Auvergne-Rhône-Alpes;;Aubenas;Ardèche;Auvergne-Rhône-Alpes;;;;;;;;
False;['31640000', '44510000'];;True;True;False;attribue;{'StreetName': 'ZAC DU PARC', 'AdditionalStreetName': None, 'CityName': 'FRAISSES', 'PostalZone': '42490', 'Country': 'FRA'};444784953;True;DIDATEC;DIDATEC;2026-09-10;{'StreetName': None, 'AdditionalStreetName': None, 'CityName': 'Aubenas', 'PostalZone': '07200', 'Country': 'FRA'};130014004;True;CHAMBRE DE COMMERCE ET D INDUSTRIE DE L ARDECHE;CCI de l'Ardèche;;2026-07-27+02:00;fournitures;['1-Prix des prestations', '2-Valeur technique', '3-Délai', '4- Mesures que le candidat met en place dans un objectif de développement durable tout en ayant une approche sociétale, dans le cadre de l’exécution du marché'];['prix', 'technique', 'delai', 'environnemental & social'];[50.0, 30.0, 10.0, 10.0];360.0;True;;False;{'StreetName': '550 avenue Marie Curie ', 'CityName': 'La Voulte', 'PostalZone': '07800', 'NUTS': 'FRK22', 'Country': 'FRA'};sans remise en concurrence;;26-87098;;17813.08;;LOT-0006;39162100;250000.0;18;4.0;;FOURNITURE ET MISE EN SERVICE D’ÉQUIPEMENTS PÉDAGOGIQUES DESTINÉS À L'INSTITUT DE FORMATION DES TECHNIQUES ET DE L’ENERGIE D’ARDÈCHE (IFTEA);ouverte;2607A01AO;;;;False;False;False;250000.0;7381.0;Organisme consulaire ;6  à  9;False;2009-08-25;94.11Z;2008;5710.0;SAS, société par actions simplifiée;20  à  49;False;<NA>;2008;C;32;32.9;32.99;32.99Z;2003-01-01;(45.39021, 4.273896);Fraisses;Loire;Auvergne-Rhône-Alpes;;Aubenas;Ardèche;Auvergne-Rhône-Alpes;;;;;;;;
False;['31640000', '44510000'];;True;True;False;attribue;{'StreetName': 'ZAC DU PARC', 'AdditionalStreetName': None, 'CityName': 'FRAISSES', 'PostalZone': '42490', 'Country': 'FRA'};444784953;True;DIDATEC;DIDATEC;2026-09-10;{'StreetName': None, 'AdditionalStreetName': None, 'CityName': 'Aubenas', 'PostalZone': '07200', 'Country': 'FRA'};130014004;True;CHAMBRE DE COMMERCE ET D INDUSTRIE DE L ARDECHE;CCI de l'Ardèche;;2026-07-27+02:00;fournitures;['1-Prix des prestations', '2-Valeur technique', '3-Délai', '4- Mesures que le candidat met en place dans un objectif de développement durable tout en ayant une approche sociétale, dans le cadre de l’exécution du marché'];['prix', 'technique', 'delai', 'environnemental & social'];[50.0, 30.0, 10.0, 10.0];360.0;True;;False;{'StreetName': '550 avenue Marie Curie ', 'CityName': 'La Voulte', 'PostalZone': '07800', 'NUTS': 'FRK22', 'Country': 'FRA'};sans remise en concurrence;;26-87098;;11828.0;;LOT-0007;39162100;250000.0;18;2.0;;FOURNITURE ET MISE EN SERVICE D’ÉQUIPEMENTS PÉDAGOGIQUES DESTINÉS À L'INSTITUT DE FORMATION DES TECHNIQUES ET DE L’ENERGIE D’ARDÈCHE (IFTEA);ouverte;2607A01AO;;;;False;False;False;250000.0;7381.0;Organisme consulaire ;6  à  9;False;2009-08-25;94.11Z;2008;5710.0;SAS, société par actions simplifiée;20  à  49;False;<NA>;2008;C;32;32.9;32.99;32.99Z;2003-01-01;(45.39021, 4.273896);Fraisses;Loire;Auvergne-Rhône-Alpes;;Aubenas;Ardèche;Auvergne-Rhône-Alpes;;;;;;;;
False;['44510000'];;True;True;False;attribue;{'StreetName': 'ZA BELLECOUR III, 561 ALLEE BELLECOUR', 'AdditionalStreetName': None, 'CityName': 'CARPENTRAS', 'PostalZone': '84200', 'Country': 'FRA'};353183601;True;ERM AUTOMATISMES INDUSTRIELS;ERM Automatismes Industriels;2026-09-10;{'StreetName': None, 'AdditionalStreetName': None, 'CityName': 'Aubenas', 'PostalZone': '07200', 'Country': 'FRA'};130014004;True;CHAMBRE DE COMMERCE ET D INDUSTRIE DE L ARDECHE;CCI de l'Ardèche;;2026-07-27+02:00;fournitures;['1-Prix des prestations', '2-Valeur technique', '3-Délai', '4- les mesures que le candidat met en place dans un objectif de développement durable tout en ayant une approche sociétale, dans le cadre de l’exécution du marché'];['prix', 'technique', 'delai', 'environnemental & social'];[50.0, 30.0, 10.0, 10.0];1440.0;True;;False;{'StreetName': '550 avenue Marie Curie ', 'CityName': 'la Voulte', 'PostalZone': '07800', 'NUTS': 'FRK22', 'Country': 'FRA'};avec remise en concurrence;;26-87098;;49438.0;;LOT-0008;39162100;250000.0;18;2.0;;FOURNITURE ET MISE EN SERVICE D’ÉQUIPEMENTS PÉDAGOGIQUES DESTINÉS À L'INSTITUT DE FORMATION DES TECHNIQUES ET DE L’ENERGIE D’ARDÈCHE (IFTEA);ouverte;2607A01AO;;;;False;False;False;250000.0;7381.0;Organisme consulaire ;6  à  9;False;2009-08-25;94.11Z;2008;5599.0;SA à conseil d'administration (s.a.i.);50  à  99;False;<NA>;2008;C;32;32.9;32.99;32.99Z;1990-01-01;(44.034999, 5.036166);Carpentras;Vaucluse;Provence-Alpes-Côte d'Azur;;Aubenas;Ardèche;Auvergne-Rhône-Alpes;;;;;;;;
False;['44510000'];;True;True;False;attribue;{'StreetName': '18 20 Quai du Point du Jour ', 'AdditionalStreetName': None, 'CityName': 'BOULOGNE-BILLANCOURT', 'PostalZone': '92100', 'Country': 'FRA'};824484653;True;SONEPAR FRANCE DISTRIBUTION;SONEPAR FRANCE DISTRIBUTION;2026-09-10;{'StreetName': None, 'AdditionalStreetName': None, 'CityName': 'Aubenas', 'PostalZone': '07200', 'Country': 'FRA'};130014004;True;CHAMBRE DE COMMERCE ET D INDUSTRIE DE L ARDECHE;CCI de l'Ardèche;;2026-07-27+02:00;fournitures;['1-Prix des prestations', '2-Valeur technique', '3-Délai', '4- les mesures que le candidat met en place dans un objectif de développement durable tout en ayant une approche sociétale, dans le cadre de l’exécution du marché'];['prix', 'technique', 'delai', 'environnemental & social'];[50.0, 30.0, 10.0, 10.0];1440.0;True;;False;{'StreetName': '550 avenue Marie Curie ', 'CityName': 'la Voulte', 'PostalZone': '07800', 'NUTS': 'FRK22', 'Country': 'FRA'};avec remise en concurrence;;26-87098;;49438.0;;LOT-0008;39162100;250000.0;18;2.0;;FOURNITURE ET MISE EN SERVICE D’ÉQUIPEMENTS PÉDAGOGIQUES DESTINÉS À L'INSTITUT DE FORMATION DES TECHNIQUES ET DE L’ENERGIE D’ARDÈCHE (IFTEA);ouverte;2607A01AO;;;;False;False;False;250000.0;7381.0;Organisme consulaire ;6  à  9;False;2009-08-25;94.11Z;2008;5710.0;SAS, société par actions simplifiée;2 000  à  4 999;True;<NA>;2008;G;46;46.6;46.69;46.69A;2022-04-01;(48.832218, 2.259209);Boulogne-Billancourt;Hauts-de-Seine;Île-de-France;;Aubenas;Ardèche;Auvergne-Rhône-Alpes;;;;;;;;
False;['44510000'];;True;True;False;attribue;{'StreetName': 'ZA BELLECOUR III, 561 ALLEE BELLECOUR', 'AdditionalStreetName': None, 'CityName': 'CARPENTRAS', 'PostalZone': '84200', 'Country': 'FRA'};353183601;True;ERM AUTOMATISMES INDUSTRIELS;ERM Automatismes Industriels;2026-09-10;{'StreetName': None, 'AdditionalStreetName': None, 'CityName': 'Aubenas', 'PostalZone': '07200', 'Country': 'FRA'};130014004;True;CHAMBRE DE COMMERCE ET D INDUSTRIE DE L ARDECHE;CCI de l'Ardèche;;2026-07-27+02:00;fournitures;['1-Prix des prestations', '2-Valeur technique', '3-Délai', '4- les mesures que le candidat met en place dans un objectif de développement durable tout en ayant une approche sociétale, dans le cadre de l’exécution du marché'];['prix', 'technique', 'delai', 'environnemental & social'];[50.0, 30.0, 10.0, 10.0];1440.0;True;;False;{'StreetName': '550 avenue Marie Curie ', 'CityName': 'la Voulte', 'PostalZone': '07800', 'NUTS': 'FRK22', 'Country': 'FRA'};avec remise en concurrence;;26-87098;;49438.0;;LOT-0008;39162100;250000.0;18;2.0;;FOURNITURE ET MISE EN SERVICE D’ÉQUIPEMENTS PÉDAGOGIQUES DESTINÉS À L'INSTITUT DE FORMATION DES TECHNIQUES ET DE L’ENERGIE D’ARDÈCHE (IFTEA);ouverte;2607A01AO;;;;False;False;False;250000.0;7381.0;Organisme consulaire ;6  à  9;False;2009-08-25;94.11Z;2008;5599.0;SA à conseil d'administration (s.a.i.);50  à  99;False;<NA>;2008;C;32;32.9;32.99;32.99Z;1990-01-01;(44.034999, 5.036166);Carpentras;Vaucluse;Provence-Alpes-Côte d'Azur;;Aubenas;Ardèche;Auvergne-Rhône-Alpes;;;;;;;;
False;['44510000'];;True;True;False;attribue;{'StreetName': '18 20 Quai du Point du Jour ', 'AdditionalStreetName': None, 'CityName': 'BOULOGNE-BILLANCOURT', 'PostalZone': '92100', 'Country': 'FRA'};824484653;True;SONEPAR FRANCE DISTRIBUTION;SONEPAR FRANCE DISTRIBUTION;2026-09-10;{'StreetName': None, 'AdditionalStreetName': None, 'CityName': 'Aubenas', 'PostalZone': '07200', 'Country': 'FRA'};130014004;True;CHAMBRE DE COMMERCE ET D INDUSTRIE DE L ARDECHE;CCI de l'Ardèche;;2026-07-27+02:00;fournitures;['1-Prix des prestations', '2-Valeur technique', '3-Délai', '4- les mesures que le candidat met en place dans un objectif de développement durable tout en ayant une approche sociétale, dans le cadre de l’exécution du marché'];['prix', 'technique', 'delai', 'environnemental & social'];[50.0, 30.0, 10.0, 10.0];1440.0;True;;False;{'StreetName': '550 avenue Marie Curie ', 'CityName': 'la Voulte', 'PostalZone': '07800', 'NUTS': 'FRK22', 'Country': 'FRA'};avec remise en concurrence;;26-87098;;49438.0;;LOT-0008;39162100;250000.0;18;2.0;;FOURNITURE ET MISE EN SERVICE D’ÉQUIPEMENTS PÉDAGOGIQUES DESTINÉS À L'INSTITUT DE FORMATION DES TECHNIQUES ET DE L’ENERGIE D’ARDÈCHE (IFTEA);ouverte;2607A01AO;;;;False;False;False;250000.0;7381.0;Organisme consulaire ;6  à  9;False;2009-08-25;94.11Z;2008;5710.0;SAS, société par actions simplifiée;2 000  à  4 999;True;<NA>;2008;G;46;46.6;46.69;46.69A;2022-04-01;(48.832218, 2.259209);Boulogne-Billancourt;Hauts-de-Seine;Île-de-France;;Aubenas;Ardèche;Auvergne-Rhône-Alpes;;;;;;;;
False;['31640000', '44510000'];;True;True;False;attribue;{'StreetName': '45 AVENUE DE MARSEILLE', 'AdditionalStreetName': None, 'CityName': 'VALENCE', 'PostalZone': '26000', 'Country': 'FRA'};342938107;True;TRENOIS DECAMPS;TRENOIS DECAMPS VALENCE;2026-09-10;{'StreetName': None, 'AdditionalStreetName': None, 'CityName': 'Aubenas', 'PostalZone': '07200', 'Country': 'FRA'};130014004;True;CHAMBRE DE COMMERCE ET D INDUSTRIE DE L ARDECHE;CCI de l'Ardèche;;2026-07-27+02:00;fournitures;['1-Prix des prestations', '2-Valeur technique', '3-Délai', '4- les mesures que le candidat met en place dans un objectif de développement durable tout en ayant une approche sociétale, dans le cadre de l’exécution du marché'];['prix', 'technique', 'delai', 'environnemental & social'];[50.0, 30.0, 10.0, 10.0];1440.0;True;;False;{'StreetName': None, 'CityName': 'La Voulte', 'PostalZone': '07800', 'NUTS': 'FRK22', 'Country': 'FRA'};avec remise en concurrence;;26-87098;;91636.36;;LOT-0009;39162100;250000.0;18;6.0;;FOURNITURE ET MISE EN SERVICE D’ÉQUIPEMENTS PÉDAGOGIQUES DESTINÉS À L'INSTITUT DE FORMATION DES TECHNIQUES ET DE L’ENERGIE D’ARDÈCHE (IFTEA);ouverte;2607A01AO;;;;False;False;False;250000.0;7381.0;Organisme consulaire ;6  à  9;False;2009-08-25;94.11Z;2008;5710.0;SAS, société par actions simplifiée;500  à  999;False;<NA>;2008;G;46;46.7;46.74;46.74A;1987-08-01;(44.920424, 4.917112);Valence;Drôme;Auvergne-Rhône-Alpes;;Aubenas;Ardèche;Auvergne-Rhône-Alpes;;;;;;;;
False;['31640000', '44510000'];;True;True;False;attribue;{'StreetName': '400 avenue Pierre Brossolette ZI les Auréats ', 'AdditionalStreetName': '04 75 40 99 44 ', 'CityName': 'PORTES-LES-VALENCE', 'PostalZone': '26800', 'Country': 'FRA'};424821221;True;ETABLISSEMENTS DESCOURS ET CABAUD RHONE ALPES AUVERGNE;Ets Descours & Cabaud PROLIANS RAA Valence;2026-09-10;{'StreetName': None, 'AdditionalStreetName': None, 'CityName': 'Aubenas', 'PostalZone': '07200', 'Country': 'FRA'};130014004;True;CHAMBRE DE COMMERCE ET D INDUSTRIE DE L ARDECHE;CCI de l'Ardèche;;2026-07-27+02:00;fournitures;['1-Prix des prestations', '2-Valeur technique', '3-Délai', '4- les mesures que le candidat met en place dans un objectif de développement durable tout en ayant une approche sociétale, dans le cadre de l’exécution du marché'];['prix', 'technique', 'delai', 'environnemental & social'];[50.0, 30.0, 10.0, 10.0];1440.0;True;;False;{'StreetName': None, 'CityName': 'La Voulte', 'PostalZone': '07800', 'NUTS': 'FRK22', 'Country': 'FRA'};avec remise en concurrence;;26-87098;;91636.36;;LOT-0009;39162100;250000.0;18;6.0;;FOURNITURE ET MISE EN SERVICE D’ÉQUIPEMENTS PÉDAGOGIQUES DESTINÉS À L'INSTITUT DE FORMATION DES TECHNIQUES ET DE L’ENERGIE D’ARDÈCHE (IFTEA);ouverte;2607A01AO;;;;False;False;False;250000.0;7381.0;Organisme consulaire ;6  à  9;False;2009-08-25;94.11Z;2008;5710.0;SAS, société par actions simplifiée;500  à  999;False;<NA>;2008;G;46;46.7;46.74;46.74A;1999-10-21;(44.883484, 4.887023);Portes-lès-Valence;Drôme;Auvergne-Rhône-Alpes;;Aubenas;Ardèche;Auvergne-Rhône-Alpes;;;;;;;;
False;['31640000', '44510000'];;True;True;False;attribue;{'StreetName': '45 AVENUE DE MARSEILLE', 'AdditionalStreetName': None, 'CityName': 'VALENCE', 'PostalZone': '26000', 'Country': 'FRA'};342938107;True;TRENOIS DECAMPS;TRENOIS DECAMPS VALENCE;2026-09-10;{'StreetName': None, 'AdditionalStreetName': None, 'CityName': 'Aubenas', 'PostalZone': '07200', 'Country': 'FRA'};130014004;True;CHAMBRE DE COMMERCE ET D INDUSTRIE DE L ARDECHE;CCI de l'Ardèche;;2026-07-27+02:00;fournitures;['1-Prix des prestations', '2-Valeur technique', '3-Délai', '4- les mesures que le candidat met en place dans un objectif de développement durable tout en ayant une approche sociétale, dans le cadre de l’exécution du marché'];['prix', 'technique', 'delai', 'environnemental & social'];[50.0, 30.0, 10.0, 10.0];1440.0;True;;False;{'StreetName': None, 'CityName': 'La Voulte', 'PostalZone': '07800', 'NUTS': 'FRK22', 'Country': 'FRA'};avec remise en concurrence;;26-87098;;91636.36;;LOT-0009;39162100;250000.0;18;6.0;;FOURNITURE ET MISE EN SERVICE D’ÉQUIPEMENTS PÉDAGOGIQUES DESTINÉS À L'INSTITUT DE FORMATION DES TECHNIQUES ET DE L’ENERGIE D’ARDÈCHE (IFTEA);ouverte;2607A01AO;;;;False;False;False;250000.0;7381.0;Organisme consulaire ;6  à  9;False;2009-08-25;94.11Z;2008;5710.0;SAS, société par actions simplifiée;500  à  999;False;<NA>;2008;G;46;46.7;46.74;46.74A;1987-08-01;(44.920424, 4.917112);Valence;Drôme;Auvergne-Rhône-Alpes;;Aubenas;Ardèche;Auvergne-Rhône-Alpes;;;;;;;;
False;['31640000', '44510000'];;True;True;False;attribue;{'StreetName': '400 avenue Pierre Brossolette ZI les Auréats ', 'AdditionalStreetName': '04 75 40 99 44 ', 'CityName': 'PORTES-LES-VALENCE', 'PostalZone': '26800', 'Country': 'FRA'};424821221;True;ETABLISSEMENTS DESCOURS ET CABAUD RHONE ALPES AUVERGNE;Ets Descours & Cabaud PROLIANS RAA Valence;2026-09-10;{'StreetName': None, 'AdditionalStreetName': None, 'CityName': 'Aubenas', 'PostalZone': '07200', 'Country': 'FRA'};130014004;True;CHAMBRE DE COMMERCE ET D INDUSTRIE DE L ARDECHE;CCI de l'Ardèche;;2026-07-27+02:00;fournitures;['1-Prix des prestations', '2-Valeur technique', '3-Délai', '4- les mesures que le candidat met en place dans un objectif de développement durable tout en ayant une approche sociétale, dans le cadre de l’exécution du marché'];['prix', 'technique', 'delai', 'environnemental & social'];[50.0, 30.0, 10.0, 10.0];1440.0;True;;False;{'StreetName': None, 'CityName': 'La Voulte', 'PostalZone': '07800', 'NUTS': 'FRK22', 'Country': 'FRA'};avec remise en concurrence;;26-87098;;91636.36;;LOT-0009;39162100;250000.0;18;6.0;;FOURNITURE ET MISE EN SERVICE D’ÉQUIPEMENTS PÉDAGOGIQUES DESTINÉS À L'INSTITUT DE FORMATION DES TECHNIQUES ET DE L’ENERGIE D’ARDÈCHE (IFTEA);ouverte;2607A01AO;;;;False;False;False;250000.0;7381.0;Organisme consulaire ;6  à  9;False;2009-08-25;94.11Z;2008;5710.0;SAS, société par actions simplifiée;500  à  999;False;<NA>;2008;G;46;46.7;46.74;46.74A;1999-10-21;(44.883484, 4.887023);Portes-lès-Valence;Drôme;Auvergne-Rhône-Alpes;;Aubenas;Ardèche;Auvergne-Rhône-Alpes;;;;;;;;
False;['31640000'];;True;True;False;attribue;{'StreetName': '18 20 Quai du Point du Jour ', 'AdditionalStreetName': None, 'CityName': 'BOULOGNE-BILLANCOURT', 'PostalZone': '92100', 'Country': 'FRA'};824484653;True;SONEPAR FRANCE DISTRIBUTION;SONEPAR FRANCE DISTRIBUTION;2026-09-10;{'StreetName': None, 'AdditionalStreetName': None, 'CityName': 'Aubenas', 'PostalZone': '07200', 'Country': 'FRA'};130014004;True;CHAMBRE DE COMMERCE ET D INDUSTRIE DE L ARDECHE;CCI de l'Ardèche;;2026-07-27+02:00;fournitures;['1-Prix des prestations', '2-Valeur technique', '3-Délai', '4- les mesures que le candidat met en place dans un objectif de développement durable tout en ayant une approche sociétale, dans le cadre de l’exécution du marché'];['prix', 'technique', 'delai', 'environnemental & social'];[50.0, 30.0, 10.0, 10.0];360.0;True;;False;{'StreetName': '550 avenue Marie Curie ', 'CityName': 'La Voulte', 'PostalZone': '07800', 'NUTS': 'FRK22', 'Country': 'FRA'};sans remise en concurrence;;26-87098;;1100.16;;LOT-0010;39162100;250000.0;18;3.0;;FOURNITURE ET MISE EN SERVICE D’ÉQUIPEMENTS PÉDAGOGIQUES DESTINÉS À L'INSTITUT DE FORMATION DES TECHNIQUES ET DE L’ENERGIE D’ARDÈCHE (IFTEA);ouverte;2607A01AO;;;;False;False;False;250000.0;7381.0;Organisme consulaire ;6  à  9;False;2009-08-25;94.11Z;2008;5710.0;SAS, société par actions simplifiée;2 000  à  4 999;True;<NA>;2008;G;46;46.6;46.69;46.69A;2022-04-01;(48.832218, 2.259209);Boulogne-Billancourt;Hauts-de-Seine;Île-de-France;;Aubenas;Ardèche;Auvergne-Rhône-Alpes;;;;;;;;
False;['31640000', '44510000'];;True;True;False;attribue;{'StreetName': ' 32 allée Guglielmo Marconi ZI des Auréats', 'AdditionalStreetName': None, 'CityName': 'VALENCE', 'PostalZone': '26000', 'Country': 'FRA'};491760831;True;MAINTENANCE ET TECHNIQUES DU SOUDAGE;SARL MTS;2026-09-10;{'StreetName': None, 'AdditionalStreetName': None, 'CityName': 'Aubenas', 'PostalZone': '07200', 'Country': 'FRA'};130014004;True;CHAMBRE DE COMMERCE ET D INDUSTRIE DE L ARDECHE;CCI de l'Ardèche;;2026-07-27+02:00;fournitures;['1-Prix des prestations', '2-Valeur technique', '3-Délai', '4- les mesures que le candidat met en place dans un objectif de développement durable tout en ayant une approche sociétale, dans le cadre de l’exécution du marché'];['prix', 'technique', 'delai', 'environnemental & social'];[50.0, 30.0, 10.0, 10.0];360.0;True;;False;{'StreetName': '550 avenue Marie Curie ', 'CityName': 'La Voulte', 'PostalZone': '07800', 'NUTS': 'FRK22', 'Country': 'FRA'};sans remise en concurrence;;26-87098;;8832.15;;LOT-0011;39162100;250000.0;18;6.0;;FOURNITURE ET MISE EN SERVICE D’ÉQUIPEMENTS PÉDAGOGIQUES DESTINÉS À L'INSTITUT DE FORMATION DES TECHNIQUES ET DE L’ENERGIE D’ARDÈCHE (IFTEA);ouverte;2607A01AO;;;;False;False;False;250000.0;7381.0;Organisme consulaire ;6  à  9;False;2009-08-25;94.11Z;2008;5499.0;Société à responsabilité limitée (sans autre indication);3  à  5;False;<NA>;2008;G;46;46.6;46.69;46.69B;2006-09-07;(44.891435, 4.889707);Valence;Drôme;Auvergne-Rhône-Alpes;;Aubenas;Ardèche;Auvergne-Rhône-Alpes;;;;;;;;
False;['31640000', '44510000'];;True;True;False;attribue;{'StreetName': '18 20 Quai du Point du Jour ', 'AdditionalStreetName': None, 'CityName': 'BOULOGNE-BILLANCOURT', 'PostalZone': '92100', 'Country': 'FRA'};824484653;True;SONEPAR FRANCE DISTRIBUTION;SONEPAR FRANCE DISTRIBUTION;2026-09-10;{'StreetName': None, 'AdditionalStreetName': None, 'CityName': 'Aubenas', 'PostalZone': '07200', 'Country': 'FRA'};130014004;True;CHAMBRE DE COMMERCE ET D INDUSTRIE DE L ARDECHE;CCI de l'Ardèche;;2026-07-27+02:00;fournitures;['1-Prix des prestations', '2-Valeur technique', '3-Délai', '4- Mesures que le candidat met en place dans un objectif de développement durable tout en ayant une approche sociétale, dans le cadre de l’exécution du marché'];['prix', 'technique', 'delai', 'environnemental & social'];[50.0, 30.0, 10.0, 10.0];1440.0;True;;False;{'StreetName': '550 avenue Marie Curie ', 'CityName': 'La Voulte', 'PostalZone': '07800', 'NUTS': 'FRK22', 'Country': 'FRA'};avec remise en concurrence;;26-87098;;110659.92;;LOT-0012;39162100;250000.0;18;3.0;;FOURNITURE ET MISE EN SERVICE D’ÉQUIPEMENTS PÉDAGOGIQUES DESTINÉS À L'INSTITUT DE FORMATION DES TECHNIQUES ET DE L’ENERGIE D’ARDÈCHE (IFTEA);ouverte;2607A01AO;;;;False;False;False;250000.0;7381.0;Organisme consulaire ;6  à  9;False;2009-08-25;94.11Z;2008;5710.0;SAS, société par actions simplifiée;2 000  à  4 999;True;<NA>;2008;G;46;46.6;46.69;46.69A;2022-04-01;(48.832218, 2.259209);Boulogne-Billancourt;Hauts-de-Seine;Île-de-France;;Aubenas;Ardèche;Auvergne-Rhône-Alpes;;;;;;;;
False;['31640000', '44510000'];;True;True;False;attribue;{'StreetName': '55 Av. de Marseille', 'AdditionalStreetName': None, 'CityName': 'Valence', 'PostalZone': '26000', 'Country': 'FRA'};309304616;True;REXEL FRANCE;REXEL France;2026-09-10;{'StreetName': None, 'AdditionalStreetName': None, 'CityName': 'Aubenas', 'PostalZone': '07200', 'Country': 'FRA'};130014004;True;CHAMBRE DE COMMERCE ET D INDUSTRIE DE L ARDECHE;CCI de l'Ardèche;;2026-07-27+02:00;fournitures;['1-Prix des prestations', '2-Valeur technique', '3-Délai', '4- Mesures que le candidat met en place dans un objectif de développement durable tout en ayant une approche sociétale, dans le cadre de l’exécution du marché'];['prix', 'technique', 'delai', 'environnemental & social'];[50.0, 30.0, 10.0, 10.0];1440.0;True;;False;{'StreetName': '550 avenue Marie Curie ', 'CityName': 'La Voulte', 'PostalZone': '07800', 'NUTS': 'FRK22', 'Country': 'FRA'};avec remise en concurrence;;26-87098;;110659.92;;LOT-0012;39162100;250000.0;18;3.0;;FOURNITURE ET MISE EN SERVICE D’ÉQUIPEMENTS PÉDAGOGIQUES DESTINÉS À L'INSTITUT DE FORMATION DES TECHNIQUES ET DE L’ENERGIE D’ARDÈCHE (IFTEA);ouverte;2607A01AO;;;;False;False;False;250000.0;7381.0;Organisme consulaire ;6  à  9;False;2009-08-25;94.11Z;2008;5710.0;SAS, société par actions simplifiée;5 000  à  9 999;False;False;2008;G;46;46.6;46.69;46.69A;1975-01-01;(44.935069, 4.919859);Valence;Drôme;Auvergne-Rhône-Alpes;;Aubenas;Ardèche;Auvergne-Rhône-Alpes;;;;;;;;
False;['31640000', '44510000'];;True;True;False;attribue;{'StreetName': '18 20 Quai du Point du Jour ', 'AdditionalStreetName': None, 'CityName': 'BOULOGNE-BILLANCOURT', 'PostalZone': '92100', 'Country': 'FRA'};824484653;True;SONEPAR FRANCE DISTRIBUTION;SONEPAR FRANCE DISTRIBUTION;2026-09-10;{'StreetName': None, 'AdditionalStreetName': None, 'CityName': 'Aubenas', 'PostalZone': '07200', 'Country': 'FRA'};130014004;True;CHAMBRE DE COMMERCE ET D INDUSTRIE DE L ARDECHE;CCI de l'Ardèche;;2026-07-27+02:00;fournitures;['1-Prix des prestations', '2-Valeur technique', '3-Délai', '4- Mesures que le candidat met en place dans un objectif de développement durable tout en ayant une approche sociétale, dans le cadre de l’exécution du marché'];['prix', 'technique', 'delai', 'environnemental & social'];[50.0, 30.0, 10.0, 10.0];1440.0;True;;False;{'StreetName': '550 avenue Marie Curie ', 'CityName': 'La Voulte', 'PostalZone': '07800', 'NUTS': 'FRK22', 'Country': 'FRA'};avec remise en concurrence;;26-87098;;110659.92;;LOT-0012;39162100;250000.0;18;3.0;;FOURNITURE ET MISE EN SERVICE D’ÉQUIPEMENTS PÉDAGOGIQUES DESTINÉS À L'INSTITUT DE FORMATION DES TECHNIQUES ET DE L’ENERGIE D’ARDÈCHE (IFTEA);ouverte;2607A01AO;;;;False;False;False;250000.0;7381.0;Organisme consulaire ;6  à  9;False;2009-08-25;94.11Z;2008;5710.0;SAS, société par actions simplifiée;2 000  à  4 999;True;<NA>;2008;G;46;46.6;46.69;46.69A;2022-04-01;(48.832218, 2.259209);Boulogne-Billancourt;Hauts-de-Seine;Île-de-France;;Aubenas;Ardèche;Auvergne-Rhône-Alpes;;;;;;;;
False;['31640000', '44510000'];;True;True;False;attribue;{'StreetName': '55 Av. de Marseille', 'AdditionalStreetName': None, 'CityName': 'Valence', 'PostalZone': '26000', 'Country': 'FRA'};309304616;True;REXEL FRANCE;REXEL France;2026-09-10;{'StreetName': None, 'AdditionalStreetName': None, 'CityName': 'Aubenas', 'PostalZone': '07200', 'Country': 'FRA'};130014004;True;CHAMBRE DE COMMERCE ET D INDUSTRIE DE L ARDECHE;CCI de l'Ardèche;;2026-07-27+02:00;fournitures;['1-Prix des prestations', '2-Valeur technique', '3-Délai', '4- Mesures que le candidat met en place dans un objectif de développement durable tout en ayant une approche sociétale, dans le cadre de l’exécution du marché'];['prix', 'technique', 'delai', 'environnemental & social'];[50.0, 30.0, 10.0, 10.0];1440.0;True;;False;{'StreetName': '550 avenue Marie Curie ', 'CityName': 'La Voulte', 'PostalZone': '07800', 'NUTS': 'FRK22', 'Country': 'FRA'};avec remise en concurrence;;26-87098;;110659.92;;LOT-0012;39162100;250000.0;18;3.0;;FOURNITURE ET MISE EN SERVICE D’ÉQUIPEMENTS PÉDAGOGIQUES DESTINÉS À L'INSTITUT DE FORMATION DES TECHNIQUES ET DE L’ENERGIE D’ARDÈCHE (IFTEA);ouverte;2607A01AO;;;;False;False;False;250000.0;7381.0;Organisme consulaire ;6  à  9;False;2009-08-25;94.11Z;2008;5710.0;SAS, société par actions simplifiée;5 000  à  9 999;False;False;2008;G;46;46.6;46.69;46.69A;1975-01-01;(44.935069, 4.919859);Valence;Drôme;Auvergne-Rhône-Alpes;;Aubenas;Ardèche;Auvergne-Rhône-Alpes;;;;;;;;
False;['31640000'];;True;True;False;non attribue;;;False;;;2026-09-10;{'StreetName': None, 'AdditionalStreetName': None, 'CityName': 'Aubenas', 'PostalZone': '07200', 'Country': 'FRA'};130014004;True;CHAMBRE DE COMMERCE ET D INDUSTRIE DE L ARDECHE;CCI de l'Ardèche;;2026-07-27+02:00;fournitures;['1-Prix des prestations', '2-Valeur technique', '3-Délai', '4- Mesures que le candidat met en place dans un objectif de développement durable tout en ayant une approche sociétale, dans le cadre de l’exécution du marché'];['prix', 'technique', 'delai', 'environnemental & social'];[50.0, 30.0, 10.0, 10.0];360.0;True;;False;{'StreetName': '550 avenue Marie Curie ', 'CityName': 'La Voulte', 'PostalZone': '07800', 'NUTS': 'FRK22', 'Country': 'FRA'};sans remise en concurrence;;26-87098;;;;LOT-0013;39162100;250000.0;18;1.0;;FOURNITURE ET MISE EN SERVICE D’ÉQUIPEMENTS PÉDAGOGIQUES DESTINÉS À L'INSTITUT DE FORMATION DES TECHNIQUES ET DE L’ENERGIE D’ARDÈCHE (IFTEA);ouverte;2607A01AO;;;;False;False;False;250000.0;7381.0;Organisme consulaire ;6  à  9;False;2009-08-25;94.11Z;2008;;;;;;<NA>;;;;;<NA>;<NA>;;;;;;Aubenas;Ardèche;Auvergne-Rhône-Alpes;;;;;;;;
False;['31640000', '44510000'];;True;True;False;attribue;{'StreetName': '18 20 Quai du Point du Jour ', 'AdditionalStreetName': None, 'CityName': 'BOULOGNE-BILLANCOURT', 'PostalZone': '92100', 'Country': 'FRA'};824484653;True;SONEPAR FRANCE DISTRIBUTION;SONEPAR FRANCE DISTRIBUTION;2026-09-10;{'StreetName': None, 'AdditionalStreetName': None, 'CityName': 'Aubenas', 'PostalZone': '07200', 'Country': 'FRA'};130014004;True;CHAMBRE DE COMMERCE ET D INDUSTRIE DE L ARDECHE;CCI de l'Ardèche;;2026-07-27+02:00;fournitures;['1-Prix des prestations', '2-Valeur technique', '3-Délai', '4- les mesures que le candidat met en place dans un objectif de développement durable tout en ayant une approche sociétale, dans le cadre de l’exécution du marché'];['prix', 'technique', 'delai', 'environnemental & social'];[50.0, 30.0, 10.0, 10.0];1440.0;True;;False;{'StreetName': '550 avenue Marie Curie ', 'CityName': 'La Voulte', 'PostalZone': '07800', 'NUTS': 'FRK22', 'Country': 'FRA'};avec remise en concurrence;;26-87098;;24502.68;;LOT-0014;39162100;250000.0;18;2.0;;FOURNITURE ET MISE EN SERVICE D’ÉQUIPEMENTS PÉDAGOGIQUES DESTINÉS À L'INSTITUT DE FORMATION DES TECHNIQUES ET DE L’ENERGIE D’ARDÈCHE (IFTEA);ouverte;2607A01AO;;;;False;False;False;250000.0;7381.0;Organisme consulaire ;6  à  9;False;2009-08-25;94.11Z;2008;5710.0;SAS, société par actions simplifiée;2 000  à  4 999;True;<NA>;2008;G;46;46.6;46.69;46.69A;2022-04-01;(48.832218, 2.259209);Boulogne-Billancourt;Hauts-de-Seine;Île-de-France;;Aubenas;Ardèche;Auvergne-Rhône-Alpes;;;;;;;;
False;['31640000', '44510000'];;True;True;False;attribue;{'StreetName': '55 Av. de Marseille', 'AdditionalStreetName': None, 'CityName': 'Valence', 'PostalZone': '26000', 'Country': 'FRA'};309304616;True;REXEL FRANCE;REXEL France;2026-09-10;{'StreetName': None, 'AdditionalStreetName': None, 'CityName': 'Aubenas', 'PostalZone': '07200', 'Country': 'FRA'};130014004;True;CHAMBRE DE COMMERCE ET D INDUSTRIE DE L ARDECHE;CCI de l'Ardèche;;2026-07-27+02:00;fournitures;['1-Prix des prestations', '2-Valeur technique', '3-Délai', '4- les mesures que le candidat met en place dans un objectif de développement durable tout en ayant une approche sociétale, dans le cadre de l’exécution du marché'];['prix', 'technique', 'delai', 'environnemental & social'];[50.0, 30.0, 10.0, 10.0];1440.0;True;;False;{'StreetName': '550 avenue Marie Curie ', 'CityName': 'La Voulte', 'PostalZone': '07800', 'NUTS': 'FRK22', 'Country': 'FRA'};avec remise en concurrence;;26-87098;;24502.68;;LOT-0014;39162100;250000.0;18;2.0;;FOURNITURE ET MISE EN SERVICE D’ÉQUIPEMENTS PÉDAGOGIQUES DESTINÉS À L'INSTITUT DE FORMATION DES TECHNIQUES ET DE L’ENERGIE D’ARDÈCHE (IFTEA);ouverte;2607A01AO;;;;False;False;False;250000.0;7381.0;Organisme consulaire ;6  à  9;False;2009-08-25;94.11Z;2008;5710.0;SAS, société par actions simplifiée;5 000  à  9 999;False;False;2008;G;46;46.6;46.69;46.69A;1975-01-01;(44.935069, 4.919859);Valence;Drôme;Auvergne-Rhône-Alpes;;Aubenas;Ardèche;Auvergne-Rhône-Alpes;;;;;;;;
False;['31640000', '44510000'];;True;True;False;attribue;{'StreetName': '18 20 Quai du Point du Jour ', 'AdditionalStreetName': None, 'CityName': 'BOULOGNE-BILLANCOURT', 'PostalZone': '92100', 'Country': 'FRA'};824484653;True;SONEPAR FRANCE DISTRIBUTION;SONEPAR FRANCE DISTRIBUTION;2026-09-10;{'StreetName': None, 'AdditionalStreetName': None, 'CityName': 'Aubenas', 'PostalZone': '07200', 'Country': 'FRA'};130014004;True;CHAMBRE DE COMMERCE ET D INDUSTRIE DE L ARDECHE;CCI de l'Ardèche;;2026-07-27+02:00;fournitures;['1-Prix des prestations', '2-Valeur technique', '3-Délai', '4- les mesures que le candidat met en place dans un objectif de développement durable tout en ayant une approche sociétale, dans le cadre de l’exécution du marché'];['prix', 'technique', 'delai', 'environnemental & social'];[50.0, 30.0, 10.0, 10.0];1440.0;True;;False;{'StreetName': '550 avenue Marie Curie ', 'CityName': 'La Voulte', 'PostalZone': '07800', 'NUTS': 'FRK22', 'Country': 'FRA'};avec remise en concurrence;;26-87098;;24502.68;;LOT-0014;39162100;250000.0;18;2.0;;FOURNITURE ET MISE EN SERVICE D’ÉQUIPEMENTS PÉDAGOGIQUES DESTINÉS À L'INSTITUT DE FORMATION DES TECHNIQUES ET DE L’ENERGIE D’ARDÈCHE (IFTEA);ouverte;2607A01AO;;;;False;False;False;250000.0;7381.0;Organisme consulaire ;6  à  9;False;2009-08-25;94.11Z;2008;5710.0;SAS, société par actions simplifiée;2 000  à  4 999;True;<NA>;2008;G;46;46.6;46.69;46.69A;2022-04-01;(48.832218, 2.259209);Boulogne-Billancourt;Hauts-de-Seine;Île-de-France;;Aubenas;Ardèche;Auvergne-Rhône-Alpes;;;;;;;;
False;['31640000', '44510000'];;True;True;False;attribue;{'StreetName': '55 Av. de Marseille', 'AdditionalStreetName': None, 'CityName': 'Valence', 'PostalZone': '26000', 'Country': 'FRA'};309304616;True;REXEL FRANCE;REXEL France;2026-09-10;{'StreetName': None, 'AdditionalStreetName': None, 'CityName': 'Aubenas', 'PostalZone': '07200', 'Country': 'FRA'};130014004;True;CHAMBRE DE COMMERCE ET D INDUSTRIE DE L ARDECHE;CCI de l'Ardèche;;2026-07-27+02:00;fournitures;['1-Prix des prestations', '2-Valeur technique', '3-Délai', '4- les mesures que le candidat met en place dans un objectif de développement durable tout en ayant une approche sociétale, dans le cadre de l’exécution du marché'];['prix', 'technique', 'delai', 'environnemental & social'];[50.0, 30.0, 10.0, 10.0];1440.0;True;;False;{'StreetName': '550 avenue Marie Curie ', 'CityName': 'La Voulte', 'PostalZone': '07800', 'NUTS': 'FRK22', 'Country': 'FRA'};avec remise en concurrence;;26-87098;;24502.68;;LOT-0014;39162100;250000.0;18;2.0;;FOURNITURE ET MISE EN SERVICE D’ÉQUIPEMENTS PÉDAGOGIQUES DESTINÉS À L'INSTITUT DE FORMATION DES TECHNIQUES ET DE L’ENERGIE D’ARDÈCHE (IFTEA);ouverte;2607A01AO;;;;False;False;False;250000.0;7381.0;Organisme consulaire ;6  à  9;False;2009-08-25;94.11Z;2008;5710.0;SAS, société par actions simplifiée;5 000  à  9 999;False;False;2008;G;46;46.6;46.69;46.69A;1975-01-01;(44.935069, 4.919859);Valence;Drôme;Auvergne-Rhône-Alpes;;Aubenas;Ardèche;Auvergne-Rhône-Alpes;;;;;;;;
