procedure_acceleree;cpv_supp;publicite;omc;allotissement;modifie;decision;adresse_fournisseur;siren_fournisseur;siren_fournisseur_connu;nom_siren_fournisseur;nom_declare_fournisseur;date_avis_attribution;adresse_acheteur;siren_acheteur;siren_acheteur_connu;nom_siren_acheteur;nom_declare_acheteur;date_avis_marche;debut_contrat;type_contrat;intitule_critere;type_critere;poids_critere;duree;clause_environnementale;valeur_totale_estimee;financement_ue;lieu_execution;type_accord_cadre;nom_fonds_ue;id_boamp_attribution;id_boamp_contrat;prix_attribution_lot;valeur_estimee_lot;id_lot;cpv;valeur_max_totale_accord_cadre;nombre_lots;nombre_offres;nombre_offres_pme;objet;procedure;id_projet;renouvellement;marche_reserve;favorable_pme;clause_sociale;strategique_environnemental;strategique_social;valeur_totale;code_statut_juridique_acheteur;nom_statut_juridique_acheteur;effectif_acheteur;acheteur_ess;date_creation_acheteur;code_activite_principale_acheteur;version_activite_acheteur;code_statut_juridique_fournisseur;nom_statut_juridique_fournisseur;effectif_fournisseur;fournisseur_ess;fournisseur_mission;version_activite_fournisseur;niveau_activite1_fournisseur;niveau_activite2_fournisseur;niveau_activite3_fournisseur;niveau_activite4_fournisseur;niveau_activite5_fournisseur;date_creation_fournisseur;gps_fournisseur;nom_commune_fournisseur;departement_fournisseur;region_fournisseur;gps_acheteur;nom_commune_acheteur;departement_acheteur;region_acheteur;epci_fournisseur;nom_epci_fournisseur;nature_epci_fournisseur;epci_acheteur;nom_epci_acheteur;nature_epci_acheteur;code_commune_fournisseur;code_commune_acheteur
False;;;True;False;False;attribue;{'StreetName': None, 'AdditionalStreetName': None, 'CityName': '78297', 'PostalZone': '78280', 'Country': 'FRA'};338253131;True;SOCIETE FRANCAISE DE RESTAURATION ET SERVICES;SOCIETE FRANCAISE DE RESTAURATION ET SERVICES;2026-09-11;{'StreetName': '2 rue Simone Veil', 'AdditionalStreetName': None, 'CityName': 'SAINT-OUEN-SUR-SEINE', 'PostalZone': '93400', 'Country': 'FRA'};237500079;True;REGION ILE DE FRANCE;Région Ile de France;;;services;"['Valeur technique', ""Délais d'intervention : optimisation des délais"", 'Prix - DQE complété sur la base des prix du BPU']";['technique', 'delai', 'prix'];[30.0, 25.0, 45.0];1440.0;False;;False;;sans remise en concurrence;;26-87816;;956648.0;;LOT-0001;55521200;4000000.0;1;1.0;;Fourniture et livraison de repas d’urgence pour répondre à des situations ponctuelles au profit des lycées de la Région Île-de-France.;ouverte;2600347;3.0;;;False;False;False;956648.0;7230.0;Région ;10 000  et plus ;False;1982-01-01;84.11Z;2008;5710.0;SAS, société par actions simplifiée;2 000  à  4 999;False;False;2008;I;56;56.2;56.29;56.29A;1986-07-01;;;;;(48.912395, 2.331462);Saint-Ouen-sur-Seine;Seine-Saint-Denis;Île-de-France;;;;;;;;
False;['71200000'];47.0;True;False;False;attribue;{'StreetName': '26 rue des osiers', 'AdditionalStreetName': None, 'CityName': 'COIGNIERES', 'PostalZone': '78310', 'Country': 'FRA'};745420653;True;ENTREPRISE GENERALE LEON GROSSE;LEON GROSSE;2026-09-11;{'StreetName': 'Place de la Mairie', 'AdditionalStreetName': None, 'CityName': 'Villepinte', 'PostalZone': '93420', 'Country': 'FRA'};219300787;True;COMMUNE DE VILLEPINTE;Mairie de Villepinte;2025-04-13;;travaux;"[""analyse qualitative sur l'architecture, la technique et l'environnement"", 'analyse du coût sur la conception et sur la réalisation']";['environnemental', 'prix'];;1460.0;True;20000000.0;False;{'StreetName': None, 'CityName': None, 'PostalZone': None, 'NUTS': None, 'Country': None};;;26-87749;25-42006;18477000.0;20000000.0;LOT-0001;45000000;;1;16.0;;Réhabilitation et extension du groupe scolaire V. Hugo, à Villepinte;negociee;;;False;False;True;False;False;18477000.0;7210.0;Commune et commune nouvelle ;1 000  à  1 999;False;1980-01-01;84.11Z;2008;5699.0;SA à directoire (s.a.i.);1 000  à  1 999;False;False;2008;F;41;41.2;41.2;41.20B;1954-01-01;(48.742359, 1.921801);Coignières;Yvelines;Île-de-France;(48.96349, 2.534431);Villepinte;Seine-Saint-Denis;Île-de-France;;;;;;;;
False;;46.0;False;True;False;attribue;{'StreetName': '65 RUE MAURICE BERTEAUX', 'AdditionalStreetName': None, 'CityName': 'LA COURNEUVE', 'PostalZone': '93120', 'Country': 'FRA'};799393340;True;;ERS AUTO;2026-09-11;{'StreetName': '2 place Victor Hugo BP 269', 'AdditionalStreetName': None, 'CityName': 'Saint-Denis CEDEX 01', 'PostalZone': '93205', 'Country': 'FRA'};929939411;True;COMMUNE DE SAINT-DENIS;Ville de Saint-denis;2024-07-28;;services;['Critère 1 – Prix des prestations apprécié sur la base d’un devis type (DT) - 45%', 'Critère 2 – Valeur Technique appréciée sur la base du mémoire technique remis par le candidat sur la base du cadre de réponse transmis par la collectivité - 40%,', 'Critère 3 - Performances environnementales appréciés sur la base du mémoire technique remis par le candidat sur la base du cadre de réponse transmis par la collectivité – 15 %'];['prix', 'technique', 'environnemental'];[45.0, 40.0, 15.0];365.0;False;;False;{'StreetName': None, 'CityName': 'Saint-Denis Commune Nouvelle', 'PostalZone': '93200', 'NUTS': 'FR106', 'Country': 'FRA'};sans remise en concurrence;;26-87636;24-88576;104000.0;;LOT-0001;50111000;300000.0;6;5.0;;Prestations d'Entretien et de Maintenance de la Flotte automobile de la ville de Saint Denis;ouverte;;;False;False;False;False;False;;7210.0;Commune et commune nouvelle ;;False;2025-01-01;84.11Z;2008;;;;;;<NA>;;;;;<NA>;<NA>;(48.931289, 2.409203);La Courneuve;Seine-Saint-Denis;Île-de-France;(49.570536, 3.633713);Laon;Aisne;Hauts-de-France;;;;;;;;
False;;46.0;False;True;False;attribue;{'StreetName': '15 RUE ALFRED NOBEL', 'AdditionalStreetName': None, 'CityName': 'AULNAY-SOUS-BOIS', 'PostalZone': '93600', 'Country': 'FRA'};384695292;True;NORD PARIS DIESEL TENAUD;NORD PARIS DIESEL;2026-09-11;{'StreetName': '2 place Victor Hugo BP 269', 'AdditionalStreetName': None, 'CityName': 'Saint-Denis CEDEX 01', 'PostalZone': '93205', 'Country': 'FRA'};929939411;True;COMMUNE DE SAINT-DENIS;Ville de Saint-denis;2024-07-28;;services;['Critère 1 – Prix des prestations apprécié sur la base d’un devis quantitatif estimatif (DQE)- 45%', 'Critère 2 – Valeur Technique appréciée sur la base du mémoire technique remis par le candidat sur la base du cadre de réponse transmis par la collectivité - 40%,', 'Critère 3 - Performances environnementales appréciés sur la base du mémoire technique remis par le candidat sur la base du cadre de réponse transmis par la collectivité – 15 %'];['prix', 'technique', 'environnemental'];[45.0, 40.0, 15.0];;False;;False;{'StreetName': None, 'CityName': 'Saint-Denis Commune Nouvelle', 'PostalZone': '93200', 'NUTS': 'FR106', 'Country': 'FRA'};sans remise en concurrence;;26-87636;24-88576;40000.0;;LOT-0002;50111000;300000.0;6;3.0;;Prestations d'Entretien et de Maintenance de la Flotte automobile de la ville de Saint Denis;ouverte;;;False;False;False;False;False;;7210.0;Commune et commune nouvelle ;;False;2025-01-01;84.11Z;2008;5710.0;SAS, société par actions simplifiée;10  à  19;False;<NA>;2008;G;45;45.2;45.2;45.20A;1992-02-01;(48.947498, 2.477224);Aulnay-sous-Bois;Seine-Saint-Denis;Île-de-France;(49.570536, 3.633713);Laon;Aisne;Hauts-de-France;;;;;;;;
False;;46.0;False;True;False;attribue;{'StreetName': '8 RUE RENE FRANCART\nZAC DE LA CROIX BLANDIN', 'AdditionalStreetName': None, 'CityName': 'REIMS', 'PostalZone': '51100', 'Country': 'FRA'};447610155;True;EDRA;EDRA SA;2026-09-11;{'StreetName': '2 place Victor Hugo BP 269', 'AdditionalStreetName': None, 'CityName': 'Saint-Denis CEDEX 01', 'PostalZone': '93205', 'Country': 'FRA'};929939411;True;COMMUNE DE SAINT-DENIS;Ville de Saint-denis;2024-07-28;;services;['Critère 1 – Prix des prestations apprécié sur la base d’un devis type (DT) - 45%', 'Critère 2 – Valeur Technique appréciée sur la base du mémoire technique remis par le candidat sur la base du cadre de réponse transmis par la collectivité - 40%,', 'Critère 3 - Performances environnementales appréciés sur la base du mémoire technique remis par le candidat sur la base du cadre de réponse transmis par la collectivité – 15 %'];['prix', 'technique', 'environnemental'];[45.0, 40.0, 15.0];;False;;False;{'StreetName': None, 'CityName': 'Saint-Denis Commune Nouvelle', 'PostalZone': '93200', 'NUTS': 'FR106', 'Country': 'FRA'};sans remise en concurrence;;26-87636;24-88576;108000.0;;LOT-0007;50112110;300000.0;6;4.0;;Prestations d'Entretien et de Maintenance de la Flotte automobile de la ville de Saint Denis;ouverte;;;False;False;False;False;False;;7210.0;Commune et commune nouvelle ;;False;2025-01-01;84.11Z;2008;5599.0;SA à conseil d'administration (s.a.i.);20  à  49;False;<NA>;2008;G;46;46.1;46.19;46.19A;2003-03-01;(49.241175, 4.077303);Reims;Marne;Grand Est;(49.570536, 3.633713);Laon;Aisne;Hauts-de-France;;;;;;;;
False;;46.0;False;True;False;attribue;{'StreetName': '65 AVENUE LENINE', 'AdditionalStreetName': None, 'CityName': 'PIERREFITTE SUR SEINE', 'PostalZone': '93800', 'Country': 'FRA'};394744353;True;SOCIETE NOUVELLE SAINT DENIS PNEUMATIQUES;SAS SOCIETE NOUVELLE SAINT DENIS PNEUMATIQUES;2026-09-11;{'StreetName': '2 place Victor Hugo BP 269', 'AdditionalStreetName': None, 'CityName': 'Saint-Denis CEDEX 01', 'PostalZone': '93205', 'Country': 'FRA'};929939411;True;COMMUNE DE SAINT-DENIS;Ville de Saint-denis;2024-07-28;;services;['Critère 1 – Prix des prestations apprécié sur la base d’un devis quantitatif estimatif (DQE)- 45%', 'Critère 2 – Valeur Technique appréciée sur la base du mémoire technique remis par le candidat sur la base du cadre de réponse transmis par la collectivité - 40%,', 'Critère 3 - Performances environnementales appréciés sur la base du mémoire technique remis par le candidat sur la base du cadre de réponse transmis par la collectivité – 15 %'];['prix', 'technique', 'environnemental'];[45.0, 40.0, 15.0];;False;;False;{'StreetName': None, 'CityName': 'Saint-Denis Commune Nouvelle', 'PostalZone': '93200', 'NUTS': 'FR106', 'Country': 'FRA'};sans remise en concurrence;;26-87636;24-88576;32000.0;;LOT-0008;50111000;300000.0;6;4.0;;Prestations d'Entretien et de Maintenance de la Flotte automobile de la ville de Saint Denis;ouverte;;;False;False;False;False;False;;7210.0;Commune et commune nouvelle ;;False;2025-01-01;84.11Z;2008;5710.0;SAS, société par actions simplifiée;20  à  49;<NA>;<NA>;2008;G;45;45.3;45.31;45.31Z;1994-03-21;(48.959345, 2.358994);Saint-Denis;Seine-Saint-Denis;Île-de-France;(49.570536, 3.633713);Laon;Aisne;Hauts-de-France;;;;;;;;
False;;46.0;False;True;False;attribue;{'StreetName': '1 RUE DECAUVILLE\nZI MITRY COMPANS', 'AdditionalStreetName': None, 'CityName': 'MITRY-MORY', 'PostalZone': '77290', 'Country': 'FRA'};501323695;True;CENTRE DE CONTROLE POIDS LOURDS DE MITRY MORY;CENTRE DE CONTROLE POIDS LOURDS DE MITRY MORY;2026-09-11;{'StreetName': '2 place Victor Hugo BP 269', 'AdditionalStreetName': None, 'CityName': 'Saint-Denis CEDEX 01', 'PostalZone': '93205', 'Country': 'FRA'};929939411;True;COMMUNE DE SAINT-DENIS;Ville de Saint-denis;2024-07-28;;services;['o\tCritère 1 – Prix sur la base d’un devis quantitatif estimatif DQE (65%)', 'Critère 2 – Valeur Technique (25%) décomposé comme suit :\n-Capacité de prise en charge hebdomadaire de véhicules (15%)\n-Délai entre la prise en charge du véhicule et sa restitution (10%)', 'Critère 3 - Performances environnementales appréciés sur la base du mémoire technique remis par le candidat sur la base du cadre de réponse transmis par la collectivité – 10 %'];['prix', 'delai', 'environnemental'];[65.0, 25.0, 10.0];;False;;False;{'StreetName': None, 'CityName': 'Saint-Denis Commune Nouvelle', 'PostalZone': '93200', 'NUTS': 'FR106', 'Country': 'FRA'};sans remise en concurrence;;26-87636;24-88576;16000.0;;LOT-0009;50112000;300000.0;6;1.0;;Prestations d'Entretien et de Maintenance de la Flotte automobile de la ville de Saint Denis;ouverte;;;False;False;False;False;False;;7210.0;Commune et commune nouvelle ;;False;2025-01-01;84.11Z;2008;5710.0;SAS, société par actions simplifiée;6  à  9;False;<NA>;2008;M;71;71.2;71.2;71.20A;2007-12-05;(48.97837, 2.6341);Mitry-Mory;Seine-et-Marne;Île-de-France;(49.570536, 3.633713);Laon;Aisne;Hauts-de-France;;;;;;;;
False;;46.0;False;True;False;non attribue;;;False;;;2026-09-11;{'StreetName': '2 place Victor Hugo BP 269', 'AdditionalStreetName': None, 'CityName': 'Saint-Denis CEDEX 01', 'PostalZone': '93205', 'Country': 'FRA'};929939411;True;COMMUNE DE SAINT-DENIS;Ville de Saint-denis;2024-07-28;;services;['o\tCritère 1 – Prix sur la base d’un devis quantitatif estimatif DQE (65%)', 'Critère 2 – Valeur Technique (25%) décomposé comme suit :\n-Capacité de prise en charge hebdomadaire de véhicules (15%)\n-Délai entre la prise en charge du véhicule et sa restitution (10%)', 'Critère 3 - Performances environnementales appréciés sur la base du mémoire technique remis par le candidat sur la base du cadre de réponse transmis par la collectivité – 10 %'];['prix', 'delai', 'environnemental'];[65.0, 25.0, 10.0];;False;;False;{'StreetName': None, 'CityName': 'Saint-Denis Commune Nouvelle', 'PostalZone': '93200', 'NUTS': 'FR106', 'Country': 'FRA'};sans remise en concurrence;;26-87636;24-88576;;;LOT-0010;50112000;300000.0;6;2.0;;Prestations d'Entretien et de Maintenance de la Flotte automobile de la ville de Saint Denis;ouverte;;;False;False;False;False;False;;7210.0;Commune et commune nouvelle ;;False;2025-01-01;84.11Z;2008;;;;;;<NA>;;;;;<NA>;<NA>;;;;;(49.570536, 3.633713);Laon;Aisne;Hauts-de-France;;;;;;;;
False;;;True;True;False;attribue;"{'StreetName': ""1 place des Droits de l'Homme"", 'AdditionalStreetName': None, 'CityName': 'Saint-Denis La Plaine', 'PostalZone': '93210', 'Country': 'FRA'}";345039416;True;ORANGE BUSINESS SERVICES;Orange Business Services;2026-09-11;{'StreetName': '9 rue Brahms', 'AdditionalStreetName': None, 'CityName': 'Paris', 'PostalZone': '75012', 'Country': 'FRA'};130005010;True;RESEAU DES ACHETEURS HOSPITALIERS;GIP RESAH;;2026-09-07+02:00;fournitures;"[""Le critère Prix et sa pondération sont décrits dans l'IS."", ""Les critères Solution Logicielle, services associées à la Solution Logicielle, caractère innovant de la solution et prise en compte des considérations sociales et environnementales dans l'exécution des prestations objet du Marché Spécifique sont décrits dans l'IS.""]";['prix', 'environnemental & social'];;;False;20000000.0;False;{'StreetName': None, 'CityName': None, 'PostalZone': None, 'NUTS': None, 'Country': 'FRA'};avec remise en concurrence;;26-87830;;50000000.0;10000000.0;LOT-0001;48000000;100000000.0;2;3.0;;Acquisition d’une plateforme innovante de services d’intelligence artificielle générative multi-modèles;restreinte;2024-R055-000-005;;;;False;False;False;;7410.0;Groupement d'intérêt public (GIP) ;100  à  199;<NA>;2008-01-18;84.11Z;2008;5599.0;SA à conseil d'administration (s.a.i.);5 000  à  9 999;False;<NA>;2008;J;62;62.0;62.02;62.02A;1988-05-06;(48.919254, 2.363151);Saint-Denis;Seine-Saint-Denis;Île-de-France;(48.840954, 2.392684);Paris;Paris;Île-de-France;;;;;;;;
False;;;True;True;False;attribue;{'StreetName': 'Domaine de Tourillon, rue Denis Papin', 'AdditionalStreetName': None, 'CityName': 'Aix-en-Provence', 'PostalZone': '13290', 'Country': 'FRA'};480937366;True;COM NETWORK;COM NETWORK;2026-09-11;{'StreetName': '9 rue Brahms', 'AdditionalStreetName': None, 'CityName': 'Paris', 'PostalZone': '75012', 'Country': 'FRA'};130005010;True;RESEAU DES ACHETEURS HOSPITALIERS;GIP RESAH;;2026-09-07+02:00;fournitures;"[""Le critère prix et sa pondération sont décrits dans l'IS."", ""Les critères qualité de la Solution Logicielle, des services associés à la Solution Logicielle et la Prise en compte des considérations sociales et environnementales dans l'exécution des prestations objet du Marché Spécifique sont décrits dans l'IS.""]";['prix', 'environnemental & social'];;;False;20000000.0;False;{'StreetName': None, 'CityName': None, 'PostalZone': None, 'NUTS': None, 'Country': 'FRA'};avec remise en concurrence;;26-87830;;50000000.0;10000000.0;LOT-0002;48000000;100000000.0;2;3.0;;Acquisition d’une plateforme innovante de services d’intelligence artificielle générative multi-modèles;restreinte;2024-R055-000-005;;;;False;False;False;;7410.0;Groupement d'intérêt public (GIP) ;100  à  199;<NA>;2008-01-18;84.11Z;2008;5710.0;SAS, société par actions simplifiée;50  à  99;False;<NA>;2008;G;46;46.5;46.51;46.51Z;2005-02-02;(43.483767, 5.39294);Aix-en-Provence;Bouches-du-Rhône;Provence-Alpes-Côte d'Azur;(48.840954, 2.392684);Paris;Paris;Île-de-France;;;;;;;;
False;;;False;False;False;attribue;{'StreetName': '16 AVENUE DES CHATEAUPIEDS', 'AdditionalStreetName': None, 'CityName': 'RUEILMALMAISON', 'PostalZone': '92500', 'Country': 'FRA'};424333417;True;SERVICES MANAGEMENT SYSTEMS;SERVICES MANAGEMENT SYSTEMS;2026-09-11;"{'StreetName': ""7 avenue de la Porte d'Ivry"", 'AdditionalStreetName': None, 'CityName': 'PARIS', 'PostalZone': '75013', 'Country': 'FRA'}";217500016;True;VILLE DE PARIS;VILLE DE PARIS;;;services;"[""Prix de l'offre"", 'Pertinence de l’organisation, de la méthodologie et des moyens mis en oeuvre pour garantir la continuité de service de la solution']";['prix', 'technique'];[50.0, 50.0];;False;;False;{'StreetName': None, 'CityName': None, 'PostalZone': None, 'NUTS': 'FR101', 'Country': 'FRA'};sans remise en concurrence;;26-87645;;95111.6;;LOT-0001;72267100;200000.0;1;1.0;;Maintenance de la solution logicielle Pocket Manager utilisée par la ville de Paris et prestations associées;negociee;2600558;;;;False;False;False;95111.6;7229.0;(Autre) Collectivité territoriale ;10 000  et plus ;False;1983-03-01;84.11Z;2008;5710.0;SAS, société par actions simplifiée;10  à  19;False;<NA>;2008;J;62;62.0;62.02;62.02A;1999-09-15;(48.881045, 2.17468);Rueil-Malmaison;Hauts-de-Seine;Île-de-France;(48.819802, 2.372255);Paris;Paris;Île-de-France;;;;;;;;
False;;;True;False;False;attribue;{'StreetName': None, 'AdditionalStreetName': None, 'CityName': 'COURBEVOIE', 'PostalZone': '92400', 'Country': 'FRA'};499087625;True;EY EXPERTISES & TRANSACTIONS;EY Expertises & Transactions;2026-09-11;{'StreetName': '50 rue Henry Farman', 'AdditionalStreetName': None, 'CityName': 'PARIS CEDEX 15', 'PostalZone': '75720', 'Country': 'FRA'};120064019;True;DIRECTION GENERALE DE L'AVIATION CIVILE;DGAC - DSNA;;;services;['Valeur technique avec sous-critères (voir règlement de consultation) : 50%', 'Prix TTC (voir règlement de consultation) : 40%', 'Performance environnementale avec sous-critères (voir règlement de consultation) : 10%'];['technique', 'prix', 'environnemental'];[50.0, 40.0, 10.0];360.0;True;;False;{'StreetName': None, 'CityName': None, 'PostalZone': None, 'NUTS': 'FR101', 'Country': 'FRA'};;;26-87620;;305000.0;;LOT-0001;79211200;;1;1.0;;Mission de production des comptes du prestataire de Service de Navigation Aérienne (PSNA) français;ouverte;2024-DSNAEC-006;4.0;;;False;False;False;305000.0;7120.0;Service central d'un ministère ;500  à  999;False;1981-06-23;84.13Z;2008;5710.0;SAS, société par actions simplifiée;500  à  999;False;<NA>;2008;M;69;69.2;69.2;69.20Z;2007-07-09;;Courbevoie;Hauts-de-Seine;Île-de-France;(48.834243, 2.272004);Paris;Paris;Île-de-France;;;;;;;;
False;;;True;False;False;attribue;;;False;;;2026-09-11;{'StreetName': '21/23 rue Miollis', 'AdditionalStreetName': None, 'CityName': 'Paris', 'PostalZone': '75015', 'Country': 'FRA'};130029325;True;DIRECTION REGIONALE ET INTERDEPARTEMENTALE DE L'ENVIRONNEMENT, DE L'AMENAGEMENT ET DES TRANSPORTS D'ILE-DE-FRANCE;DRIEAT IF;;;services;"['Le prix, apprécié au regard du montant total indiqué dans la Détail Estimatif', ""La valeur technique de l'offre, appréciée au regard du mémoire technique"", ""La valeur environnementale de l'offre, appréciée au regard du mémoire environnemental""]";['prix', 'technique', 'environnemental'];[40.0, 50.0, 10.0];1440.0;False;;False;{'StreetName': '79B avenue du Maréchal de Lattre de Tassigny', 'CityName': 'Créteil', 'PostalZone': '94000', 'NUTS': 'FR107', 'Country': 'FRA'};sans remise en concurrence;;26-87632;;4000000.0;;LOT-0001;71318000;4000000.0;1;5.0;;Assistance à Maîtrise d’ouvrage pour l’instruction des demandes d’aménagement sur le réseau routier national géré par la DiRIF par des maîtrises d’ouvrage tiers;ouverte;DRIEAT-DIRIF-SGPR-AOO-26-005;;;;True;False;False;4000000.0;7171.0;Service déconcentré de l'État à compétence (inter) régionale ;2 000  à  4 999;False;2021-04-01;84.13Z;2008;;;;;;<NA>;;;;;<NA>;<NA>;;;;;(48.84563, 2.303466);Paris;Paris;Île-de-France;;;;;;;;
False;;;True;True;False;attribue;{'StreetName': None, 'AdditionalStreetName': None, 'CityName': 'ROSNY-SOUS-BOIS', 'PostalZone': '93110', 'Country': 'FRA'};562077503;True;SADE - COMPAGNIE GENERALE DE TRAVAUX HYDRAULIQUES;SADE - COMPAGNIE GENERALE DE TRAVAUX HYDRAULIQUES;2026-09-11;"{'StreetName': ""7 AVENUE DE LA PORTE D'IVRY"", 'AdditionalStreetName': None, 'CityName': 'Paris', 'PostalZone': '75013', 'Country': 'FRA'}";217500016;True;VILLE DE PARIS;Ville de Paris - DFA- SDA;;;services;"['Prix', 'Pertinence de la méthodologie et des moyens mis en œuvre pour fluidifier l’articulation entre le contrôle (lots 1 et 2) et la maintenance curative (lot 3)  o Sous-critère 1 : méthodologie de travail (pondéré à 30 %) ;  o  Sous-critère 2 : moyens de communication mis en place pour optimiser l’articulation entre le contrôle et la maintenance curative : plateforme en ligne (pondéré à 70 %)', 'Pertinence des mesures prises pour l’optimisation des déplacements']";['prix', 'technique', 'qualite'];[50.0, 40.0, 10.0];720.0;False;;False;{'StreetName': None, 'CityName': None, 'PostalZone': None, 'NUTS': 'FR101', 'Country': 'FRA'};;;26-87741;;150000.0;;LOT-0001;71631100;;3;7.0;;Contrôle réglementaire, réparation et remplacement des disconnecteurs et des clapets anti-pollution de la Ville de Paris;ouverte;2501722;1.0;;;False;False;False;27000.0;7229.0;(Autre) Collectivité territoriale ;10 000  et plus ;False;1983-03-01;84.11Z;2008;5599.0;SA à conseil d'administration (s.a.i.);2 000  à  4 999;False;<NA>;2008;F;42;42.2;42.21;42.21Z;1956-01-01;;Rosny-sous-Bois;Seine-Saint-Denis;Île-de-France;(48.819802, 2.372255);Paris;Paris;Île-de-France;;;;;;;;
False;;;True;True;False;attribue;{'StreetName': None, 'AdditionalStreetName': None, 'CityName': 'EMERAINVILLE', 'PostalZone': '77184', 'Country': 'FRA'};339609661;True;IDVERDE;IDVERDE;2026-09-11;"{'StreetName': ""7 AVENUE DE LA PORTE D'IVRY"", 'AdditionalStreetName': None, 'CityName': 'Paris', 'PostalZone': '75013', 'Country': 'FRA'}";217500016;True;VILLE DE PARIS;Ville de Paris - DFA- SDA;;;services;"['Prix', 'Pertinence de la méthodologie et des moyens mis en œuvre pour fluidifier l’articulation entre le contrôle (lots 1 et 2) et la maintenance curative (lot 3)  o Sous-critère 1 : méthodologie de travail (pondéré à 30 %) ;  o  Sous-critère 2 : moyens de communication mis en place pour optimiser l’articulation entre le contrôle et la maintenance curative : plateforme en ligne (pondéré à 70 %)', 'Pertinence des mesures prises pour l’optimisation des déplacements']";['prix', 'technique', 'qualite'];[50.0, 40.0, 10.0];720.0;False;;False;{'StreetName': None, 'CityName': None, 'PostalZone': None, 'NUTS': 'FR101', 'Country': 'FRA'};;;26-87741;;150000.0;;LOT-0002;71631100;;3;7.0;;Contrôle réglementaire, réparation et remplacement des disconnecteurs et des clapets anti-pollution de la Ville de Paris;ouverte;2501722;1.0;;;False;False;False;27000.0;7229.0;(Autre) Collectivité territoriale ;10 000  et plus ;False;1983-03-01;84.11Z;2008;5710.0;SAS, société par actions simplifiée;2 000  à  4 999;False;False;2008;N;81;81.3;81.3;81.30Z;1986-10-01;;Émerainville;Seine-et-Marne;Île-de-France;(48.819802, 2.372255);Paris;Paris;Île-de-France;;;;;;;;
False;['50710000'];;True;True;False;attribue;{'StreetName': None, 'AdditionalStreetName': None, 'CityName': 'BOBIGNY', 'PostalZone': '93000', 'Country': 'FRA'};301291738;True;SOCIETE D ETUDES, DE TRAVAUX HYDRAULIQUES ET D'ADDUCTION D'EAU;SOCIETE D ETUDES, DE TRAVAUX HYDRAULIQUES ET D'ADDUCTION D'EAU;2026-09-11;"{'StreetName': ""7 AVENUE DE LA PORTE D'IVRY"", 'AdditionalStreetName': None, 'CityName': 'Paris', 'PostalZone': '75013', 'Country': 'FRA'}";217500016;True;VILLE DE PARIS;Ville de Paris - DFA- SDA;;;services;"['Prix', 'Pertinence de l’organisation logistique et de la méthodologie   o   Sous-critère 1 : organisation logistique (pondéré à 50 %) ; o  sous-critère 2 : méthodologie de travail (pondéré à 50 %)', 'Pertinence des mesures prises pour l’optimisation des déplacements et la valorisation des pièces détachées   o\tSous-critère 1 : Optimisation des déplacements (pondéré à 50%) ;   o  Sous-critère 2 : Valorisation des pièces détachées (pondéré à 50%).']";['prix', 'technique', 'qualite'];[50.0, 40.0, 10.0];720.0;False;;False;{'StreetName': None, 'CityName': None, 'PostalZone': None, 'NUTS': 'FR101', 'Country': 'FRA'};;;26-87741;;112000.0;;LOT-0003;50410000;;3;4.0;;Contrôle réglementaire, réparation et remplacement des disconnecteurs et des clapets anti-pollution de la Ville de Paris;ouverte;2501722;1.0;;;False;False;False;27000.0;7229.0;(Autre) Collectivité territoriale ;10 000  et plus ;False;1983-03-01;84.11Z;2008;5710.0;SAS, société par actions simplifiée;100  à  199;False;<NA>;2008;F;42;42.2;42.21;42.21Z;1974-01-01;;Bobigny;Seine-Saint-Denis;Île-de-France;(48.819802, 2.372255);Paris;Paris;Île-de-France;;;;;;;;
False;;;True;True;False;non attribue;;;False;;;2026-09-11;{'StreetName': '2 rue Simone Veil', 'AdditionalStreetName': None, 'CityName': 'SAINT-OUEN-SUR-SEINE', 'PostalZone': '93400', 'Country': 'FRA'};237500079;True;REGION ILE DE FRANCE;Région Ile de France;;;services;['Prix  apprécié au regard du montant du devis quantitatif estimatif complété sur la base des prix du BPU', 'Valeur technique appréciée au regard des éléments fournis dans le cadre de réponse « mémoire technique » remis à l’appui de l’offre'];['prix', 'technique'];[60.0, 40.0];360.0;False;;False;;sans remise en concurrence;;26-87721;;;;LOT-0001;71356100;10000000.0;3;4.0;;Contrôles Techniques Obligatoires des équipements et des installations bâtimentaires.;ouverte;2600110;3.0;;;False;False;False;;7230.0;Région ;10 000  et plus ;False;1982-01-01;84.11Z;2008;;;;;;<NA>;;;;;<NA>;<NA>;;;;;(48.912395, 2.331462);Saint-Ouen-sur-Seine;Seine-Saint-Denis;Île-de-France;;;;;;;;
False;;;True;True;False;non attribue;;;False;;;2026-09-11;{'StreetName': '2 rue Simone Veil', 'AdditionalStreetName': None, 'CityName': 'SAINT-OUEN-SUR-SEINE', 'PostalZone': '93400', 'Country': 'FRA'};237500079;True;REGION ILE DE FRANCE;Région Ile de France;;;services;['Prix  apprécié au regard du montant du devis quantitatif estimatif complété sur la base des prix du BPU', 'Valeur technique appréciée au regard des éléments fournis dans le cadre de réponse « mémoire technique » remis à l’appui de l’offre'];['prix', 'technique'];[60.0, 40.0];360.0;False;;False;;sans remise en concurrence;;26-87721;;;;LOT-0002;71356100;10000000.0;3;4.0;;Contrôles Techniques Obligatoires des équipements et des installations bâtimentaires.;ouverte;2600110;3.0;;;False;False;False;;7230.0;Région ;10 000  et plus ;False;1982-01-01;84.11Z;2008;;;;;;<NA>;;;;;<NA>;<NA>;;;;;(48.912395, 2.331462);Saint-Ouen-sur-Seine;Seine-Saint-Denis;Île-de-France;;;;;;;;
False;;;True;True;False;attribue;;;False;;;2026-09-11;{'StreetName': '2 rue Simone Veil', 'AdditionalStreetName': None, 'CityName': 'SAINT-OUEN-SUR-SEINE', 'PostalZone': '93400', 'Country': 'FRA'};237500079;True;REGION ILE DE FRANCE;Région Ile de France;;;services;['Prix  apprécié au regard du montant du devis quantitatif estimatif complété sur la base des prix du BPU', 'Valeur technique appréciée au regard des éléments fournis dans le cadre de réponse « mémoire technique » remis à l’appui de l’offre'];['prix', 'technique'];[60.0, 40.0];360.0;False;;False;;sans remise en concurrence;;26-87721;;490400.0;;LOT-0003;71356100;10000000.0;3;4.0;;Contrôles Techniques Obligatoires des équipements et des installations bâtimentaires.;ouverte;2600110;3.0;;;False;False;False;;7230.0;Région ;10 000  et plus ;False;1982-01-01;84.11Z;2008;;;;;;<NA>;;;;;<NA>;<NA>;;;;;(48.912395, 2.331462);Saint-Ouen-sur-Seine;Seine-Saint-Denis;Île-de-France;;;;;;;;
False;;;False;False;False;attribue;{'StreetName': '2 rue Antoine Becquerel ', 'AdditionalStreetName': None, 'CityName': 'RENNES', 'PostalZone': '35700 ', 'Country': 'FRA'};487574394;True;SCALIAN DS;SCALIAN;2026-09-11;{'StreetName': None, 'AdditionalStreetName': None, 'CityName': 'Seine-Saint-Denis', 'PostalZone': '93212', 'Country': 'FRA'};180092587;True;AGENCE DE LA BIOMEDECINE;Agence de la biomédecine;;2026-05-13+02:00;services;['Valeur technique et prix des prestations détails décrits dans le DCE'];['technique'];;;True;;False;{'StreetName': None, 'CityName': None, 'PostalZone': None, 'NUTS': None, 'Country': 'FRA'};avec remise en concurrence;;26-87534;;;;LOT-0001;72267000;6000000.0;1;11.0;;Tierce Maintenance Applicative (TMA) des applications du SI Cristal (SI du prélèvement et de la greffe d'organes et de tissus) de l’Agence de la biomédecine;ouverte;AO25-47DSI-ND;3.0;;;False;False;False;;7389.0;Établissement public national à caractère administratif ;250  à  499;<NA>;2005-05-10;84.12Z;2008;5710.0;SAS, société par actions simplifiée;1 000  à  1 999;False;False;2008;J;62;62.0;62.02;62.02A;2005-12-09;(48.120816, -1.631784);Rennes;Ille-et-Vilaine;Bretagne;;Saint-Denis;Seine-Saint-Denis;Île-de-France;;;;;;;;
False;['22113000'];;True;True;False;attribue;{'StreetName': '3 Avenue Charles Lindberg - ZA du Haut de Wissous', 'AdditionalStreetName': None, 'CityName': 'WISSOUS', 'PostalZone': '91320', 'Country': 'FRA'};349014472;True;ALIZE-SFL;ALIZE-SFL;2026-09-11;{'StreetName': '78 rue du Général Leclerc', 'AdditionalStreetName': None, 'CityName': 'Kremlin-Bicêtre', 'PostalZone': '94270', 'Country': 'FRA'};267500452;True;ASSISTANCE PUBLIQUE HOPITAUX DE PARIS;ASSISTANCE PUBLIQUE - HOPITAUX DE PARIS (AP-HP);;2026-09-01+02:00;fournitures;"['Critère n°1 : Prix (20%)', 'Critère n°2 : Valeur technique (70%) ; Sous-critère 2.1 : Suivi des commandes et de la livraison (30%) ; Sous-critère 2.2 : Logistique mise à disposition pour effectuer la prestation (30%) ; Sous-critère 2.3 : Délai de livraison des ouvrages (20%) ; Sous-critère 2.4 :  Etendu du réseau de librairies conseils et organisation du magasin (20%)', 'Critère n°3 : Eléments de développement durable et responsabilité sociétale (10%) ; Sous-critère 3.1 : Inclusion sociale (30%) ; Sous-critère 3.2 : Durabilité et économie circulaire des documents (35%) ; Sous-critère 3.3 : Performance environnementale des livraisons et distributions (35%)']";['prix', 'delai', 'environnemental & social'];;1460.0;True;;False;{'StreetName': None, 'CityName': None, 'PostalZone': None, 'NUTS': None, 'Country': 'FRA'};sans remise en concurrence;;26-87748;;1818272.0;;LOT-0001;22100000;12420205.2;5;5.0;;Fourniture d’ouvrages et périodiques français et étrangers et de documents vidéo et musicaux;ouverte;26-074;;;;False;False;False;12420205.2;7364.0;Établissement d'hospitalisation ;10 000  et plus ;False;1982-01-01;86.10Z;2008;5710.0;SAS, société par actions simplifiée;20  à  49;False;<NA>;2008;G;46;46.4;46.49;46.49Z;1988-12-01;(48.726887, 2.306922);Wissous;Essonne;Île-de-France;(48.810048, 2.357902);Le Kremlin-Bicêtre;Val-de-Marne;Île-de-France;;;;;;;;
False;['22113000'];;True;True;False;attribue;{'StreetName': '3 AVENUE JEANNE GARNERIN BATIMENT LE PELICAN', 'AdditionalStreetName': None, 'CityName': 'WISSOUS', 'PostalZone': '91321', 'Country': 'FRA'};448531236;True;EBSCO INFORMATION SERVICES SAS;EBSCO INFORMATION SERVICES;2026-09-11;{'StreetName': '78 rue du Général Leclerc', 'AdditionalStreetName': None, 'CityName': 'Kremlin-Bicêtre', 'PostalZone': '94270', 'Country': 'FRA'};267500452;True;ASSISTANCE PUBLIQUE HOPITAUX DE PARIS;ASSISTANCE PUBLIQUE - HOPITAUX DE PARIS (AP-HP);;2026-09-01+02:00;fournitures;"['Critère n°1 : Prix (20%)', 'Critère n°2 : Valeur technique (70%) ; Sous-critère 2.1 : Suivi des commandes et de la livraison (30%) ; Sous-critère 2.2 : Logistique mise à disposition pour effectuer la prestation (30%) ; Sous-critère 2.3 : Délai de livraison des ouvrages (20%) ; Sous-critère 2.4 :  Etendu du réseau de librairies conseils et organisation du magasin (20%).', 'Critère n°3 : Eléments de développement durable et responsabilité sociétale (10%), Sous-critère 3.1 : Inclusion sociale (30%), Sous-critère 3.2 : Durabilité et économie circulaire des documents (35%), Sous-critère 3.3 : Performance environnementale des livraisons et distributions (35%)']";['prix', 'delai', 'environnemental & social'];;1460.0;True;;False;{'StreetName': None, 'CityName': None, 'PostalZone': None, 'NUTS': None, 'Country': 'FRA'};sans remise en concurrence;;26-87748;;24752.0;;LOT-0002;22100000;12420205.2;5;2.0;;Fourniture d’ouvrages et périodiques français et étrangers et de documents vidéo et musicaux;ouverte;26-074;;;;False;False;False;12420205.2;7364.0;Établissement d'hospitalisation ;10 000  et plus ;False;1982-01-01;86.10Z;2008;5710.0;SAS, société par actions simplifiée;50  à  99;False;<NA>;2008;J;63;63.1;63.12;63.12Z;2003-04-30;(48.727855, 2.307074);Wissous;Essonne;Île-de-France;(48.810048, 2.357902);Le Kremlin-Bicêtre;Val-de-Marne;Île-de-France;;;;;;;;
False;['22212000'];;True;True;False;attribue;{'StreetName': '3 AVENUE JEANNE GARNERIN BATIMENT LE PELICAN', 'AdditionalStreetName': None, 'CityName': 'WISSOUS', 'PostalZone': '91321', 'Country': 'FRA'};448531236;True;EBSCO INFORMATION SERVICES SAS;EBSCO INFORMATION SERVICES;2026-09-11;{'StreetName': '78 rue du Général Leclerc', 'AdditionalStreetName': None, 'CityName': 'Kremlin-Bicêtre', 'PostalZone': '94270', 'Country': 'FRA'};267500452;True;ASSISTANCE PUBLIQUE HOPITAUX DE PARIS;ASSISTANCE PUBLIQUE - HOPITAUX DE PARIS (AP-HP);;2026-09-01+02:00;fournitures;['Critère n°1 : Prix (20%)'];['prix'];[100];1460.0;True;;False;{'StreetName': None, 'CityName': None, 'PostalZone': None, 'NUTS': None, 'Country': 'FRA'};;;26-87748;;2964220.72;;LOT-0003;22200000;12420205.2;5;3.0;;Fourniture d’ouvrages et périodiques français et étrangers et de documents vidéo et musicaux;ouverte;26-074;;;;False;False;False;12420205.2;7364.0;Établissement d'hospitalisation ;10 000  et plus ;False;1982-01-01;86.10Z;2008;5710.0;SAS, société par actions simplifiée;50  à  99;False;<NA>;2008;J;63;63.1;63.12;63.12Z;2003-04-30;(48.727855, 2.307074);Wissous;Essonne;Île-de-France;(48.810048, 2.357902);Le Kremlin-Bicêtre;Val-de-Marne;Île-de-France;;;;;;;;
False;['22212000'];;True;True;False;attribue;{'StreetName': '3 AVENUE JEANNE GARNERIN BATIMENT LE PELICAN', 'AdditionalStreetName': None, 'CityName': 'WISSOUS', 'PostalZone': '91321', 'Country': 'FRA'};448531236;True;EBSCO INFORMATION SERVICES SAS;EBSCO INFORMATION SERVICES;2026-09-11;{'StreetName': '78 rue du Général Leclerc', 'AdditionalStreetName': None, 'CityName': 'Kremlin-Bicêtre', 'PostalZone': '94270', 'Country': 'FRA'};267500452;True;ASSISTANCE PUBLIQUE HOPITAUX DE PARIS;ASSISTANCE PUBLIQUE - HOPITAUX DE PARIS (AP-HP);;2026-09-01+02:00;fournitures;"['Critère n°1 : Prix (20%)', 'Critère n°2 : Valeur technique (70%) ; Sous-critère 2.1 : Suivi des commandes et des abonnements (40%) ; Sous-critère 2.2 : Gestion des réclamations (30%); Sous-critère 2.3 : Services proposés par le prestataire (30%)', 'Critère n°3 : Eléments de développement durable et responsabilité sociétale (10%) ; Sous-critère 3.1 : Inclusion sociale (30%) ; Sous-critère 3.2 : Durabilité et économie circulaire des documents (35%) ; Sous-critère 3.3 : Performance environnementale des livraisons et distributions (35%)']";['prix', 'technique', 'environnemental & social'];;1460.0;True;;False;{'StreetName': None, 'CityName': None, 'PostalZone': None, 'NUTS': None, 'Country': 'FRA'};sans remise en concurrence;;26-87748;;7347454.24;;LOT-0004;22200000;12420205.2;5;1.0;;Fourniture d’ouvrages et périodiques français et étrangers et de documents vidéo et musicaux;ouverte;26-074;;;;False;False;False;12420205.2;7364.0;Établissement d'hospitalisation ;10 000  et plus ;False;1982-01-01;86.10Z;2008;5710.0;SAS, société par actions simplifiée;50  à  99;False;<NA>;2008;J;63;63.1;63.12;63.12Z;2003-04-30;(48.727855, 2.307074);Wissous;Essonne;Île-de-France;(48.810048, 2.357902);Le Kremlin-Bicêtre;Val-de-Marne;Île-de-France;;;;;;;;
False;['30234400'];;True;True;False;attribue;{'StreetName': '125-127 BOULEVARD GAMBETTA', 'AdditionalStreetName': None, 'CityName': 'SANNOIS', 'PostalZone': '95110', 'Country': 'FRA'};317526309;True;R D M VIDEO;RDM VIDEO;2026-09-11;{'StreetName': '78 rue du Général Leclerc', 'AdditionalStreetName': None, 'CityName': 'Kremlin-Bicêtre', 'PostalZone': '94270', 'Country': 'FRA'};267500452;True;ASSISTANCE PUBLIQUE HOPITAUX DE PARIS;ASSISTANCE PUBLIQUE - HOPITAUX DE PARIS (AP-HP);;2026-09-01+02:00;fournitures;"['Critère n°1 : Prix (20%)', 'Critère n°2 : Valeur technique (70%) ; Sous-critère 2.1 : Logistique mise à disposition pour effectuer la prestation (50%) ; Sous-critère 2.2 : Suivi des commandes et des livraisons (30%); Sous-critère 2.3 : Délai de livraison des documents (20%)', 'Critère n°3 : Eléments de développement durable et responsabilité sociétale (10%) ; Sous-critère 3.1 : Inclusion sociale (30%) ; Sous-critère 3.2 : Durabilité et économie circulaire des documents (35%) ; Sous-critère 3.3 : Performance environnementale des livraisons et distributions (35%)']";['prix', 'delai', 'environnemental & social'];;1460.0;True;;False;{'StreetName': None, 'CityName': None, 'PostalZone': None, 'NUTS': None, 'Country': 'FRA'};sans remise en concurrence;;26-87748;;265506.24;;LOT-0005;30234400;12420205.2;5;1.0;;Fourniture d’ouvrages et périodiques français et étrangers et de documents vidéo et musicaux;ouverte;26-074;;;;False;False;False;12420205.2;7364.0;Établissement d'hospitalisation ;10 000  et plus ;False;1982-01-01;86.10Z;2008;5599.0;SA à conseil d'administration (s.a.i.);20  à  49;<NA>;<NA>;2008;G;46;46.4;46.43;46.43Z;1979-01-01;(48.978576, 2.239334);Sannois;Val-d'Oise;Île-de-France;(48.810048, 2.357902);Le Kremlin-Bicêtre;Val-de-Marne;Île-de-France;;;;;;;;
False;;;True;False;False;attribue;{'StreetName': '35 rue de Fontarabie', 'AdditionalStreetName': None, 'CityName': 'Paris 20eme', 'PostalZone': '75020', 'Country': 'FRA'};804104115;True;TILLOU CRECHE;TILLOU CRECHE;2026-09-11;{'StreetName': '2 place DU CAQUETBP 269', 'AdditionalStreetName': 'BP 269', 'CityName': 'SAINT-DENIS CEDEX', 'PostalZone': '93205', 'Country': 'FRA'};939929411;True;;VILLE DE SAINT-DENIS;;;services;"['Prix au regard du total DQE (40%)', ""Valeur technique (50 %)\nMoyens humains permettant un accueil de qualité (20%) : indiquer notamment les qualifications des personnels, la proportion de personnels diplômés (qualifications définies à l'alinéa 1° de l'article R.2324-42 du code de la santé publique : puéricultrice, éducateur de jeunes enfants, auxiliaire de puériculture, infirmier ou psychomotricien), nombre de personnel rapporté au nombre de places, volume horaire des vacations de psychologue, formation du personnel temps dévolu à l'analyse de pratiques.\nMoyens matériels (10%) : Qualité du projet d'aménagement, agencement/disposition des locaux, etc\nModalités d'accueil des enfants : (20%) : le projet éducatif, le mode de participation des parents à la vie de la structure, les projets d’accompagnement à la parentalité, les activités éducatives « hors les murs » proposées dans les différents établissements culturels de la commune, ou à l’intérieur des locaux par le biais de l’intervention d’intervenants extérieurs, les jours et horaires d’ouverture, le mode de facturation aux familles, les moyens mis en œuvre pour assurer la continuité de la fonction de direction en l’absence du responsable en titre, le contrat d’accueil type et le mode de restauration"", ""Performances en matière de protection de l'environnement (10 %)\nDenrées alimentaires, produits d’entretiens utilisés, etc""]";['prix', 'social', 'environnemental'];[40.0, 50.0, 10.0];;True;;False;{'StreetName': None, 'CityName': None, 'PostalZone': None, 'NUTS': None, 'Country': 'FRA'};sans remise en concurrence;;26-87783;;57000.0;;LOT-0001;85312110;156000.0;1;1.0;;Réservation de places en crèche dans le quartier Porte de Paris ville de Saint-Denis Commune Nouvelle Relance du lot 3;negociee;202602261050Bis;;;;False;False;False;57000.0;;;;;<NA>;<NA>;<NA>;5710.0;SAS, société par actions simplifiée;100  à  199;False;<NA>;2008;Q;88;88.9;88.91;88.91A;2014-07-10;(48.858056, 2.403114);Paris;Paris;Île-de-France;;;;;;;;;;;;
False;;;True;False;False;attribue;{'StreetName': '2 PONT VILLARS', 'AdditionalStreetName': None, 'CityName': 'VALENCIENNES', 'PostalZone': '59300', 'Country': 'FRA'};830355640;True;FORMOTION FRANCE S.A.S.;FORMOTION FRANCE S.A.S.;2026-09-11;{'StreetName': 'Avenue Désandrouin - CS 50 479', 'AdditionalStreetName': None, 'CityName': 'VALENCIENNES', 'PostalZone': '59322', 'Country': 'FRA'};265906735;True;CENTRE HOSPITALIER DE VALENCIENNES;Centre hospitalier de Valenciennes;;;fournitures;['Prix des prestations 35%\nQualité technique des corsets et prise en charge (sur la base des essais de l’article 5.2) 35%\nDélais et réactivité 25%\nOrganisation et moyen 2.5%\nDéveloppement durable 2.5%'];['environnemental'];;1440.0;True;;False;{'StreetName': None, 'CityName': None, 'PostalZone': None, 'NUTS': 'FRE11', 'Country': 'FRA'};sans remise en concurrence;;26-87823;;;;LOT-0001;33141700;780000.0;1;2.0;;Fourniture et réalisation d’orthèses sur mesure et autres dispositifs médicaux d’immobilisation externe pour les Hôpitaux Hainaut-Cambrésis;ouverte;20260068;;;;False;False;False;;7364.0;Établissement d'hospitalisation ;5 000  à  9 999;False;1982-01-01;86.10Z;2008;5710.0;SAS, société par actions simplifiée;20  à  49;False;<NA>;2008;C;32;32.5;32.5;32.50A;2017-06-13;(50.359654, 3.516111);Valenciennes;Nord;Hauts-de-France;(50.361388, 3.495602);Valenciennes;Nord;Hauts-de-France;;;;;;;;
False;['45223220', '45410000', '45431000'];;True;True;False;attribue;{'StreetName': '19 rue de Lorival', 'AdditionalStreetName': None, 'CityName': 'SECLIN', 'PostalZone': '59113', 'Country': 'FRA'};319862959;False;SOCIETE ROUZE;ROUZE;2026-09-11;{'StreetName': '18 rue de Pas', 'AdditionalStreetName': None, 'CityName': 'LILLE', 'PostalZone': '59000', 'Country': 'FRA'};285900015;True;SCE DEPARTEMENTAL INCENDIE ET SECOURS;Service Départemental d’Incendie et de Secours du Nord;;;travaux;['Prix', 'Valeur technique'];['prix', 'technique'];[70.0, 30.0];1280.0;False;34240000.0;False;{'StreetName': None, 'CityName': 'LILLE', 'PostalZone': '59000', 'NUTS': 'FRE11', 'Country': 'FRA'};sans remise en concurrence;;26-87834;;0.0;3560000.0;LOT-0001;45454100;32720000.0;16;3.0;;Accords-cadres pour le gros entretien, l’entretien courant et l’amélioration du cadre de vie sur le patrimoine bâti du SDIS du Nord;ouverte;PPP1QE-207/6462/2026PB_AC_MAINTENANCE_TRAVAUX;1.0;;;False;False;False;;7372.0;Service départemental d'incendie et de secours (SDIS);2 000  à  4 999;<NA>;1982-01-01;84.25Z;2008;5710.0;SAS, société par actions simplifiée;20  à  49;False;<NA>;2008;F;43;43.9;43.99;43.99C;1980-07-01;(50.560608, 3.031325);Seclin;Nord;Hauts-de-France;(50.62365, 3.067814);Lille;Nord;Hauts-de-France;;;;;;;;
False;['45223220', '45410000', '45431000'];;True;True;False;attribue;{'StreetName': '19 rue de Lorival', 'AdditionalStreetName': None, 'CityName': 'SECLIN', 'PostalZone': '59113', 'Country': 'FRA'};319862959;False;SOCIETE ROUZE;ROUZE;2026-09-11;{'StreetName': '18 rue de Pas', 'AdditionalStreetName': None, 'CityName': 'LILLE', 'PostalZone': '59000', 'Country': 'FRA'};285900015;True;SCE DEPARTEMENTAL INCENDIE ET SECOURS;Service Départemental d’Incendie et de Secours du Nord;;;travaux;['Prix', 'Valeur technique'];['prix', 'technique'];[70.0, 30.0];1280.0;False;34240000.0;False;{'StreetName': None, 'CityName': 'LILLE', 'PostalZone': '59000', 'NUTS': 'FRE11', 'Country': 'FRA'};sans remise en concurrence;;26-87834;;0.0;3560000.0;LOT-0002;45454100;32720000.0;16;5.0;;Accords-cadres pour le gros entretien, l’entretien courant et l’amélioration du cadre de vie sur le patrimoine bâti du SDIS du Nord;ouverte;PPP1QE-207/6462/2026PB_AC_MAINTENANCE_TRAVAUX;1.0;;;False;False;False;;7372.0;Service départemental d'incendie et de secours (SDIS);2 000  à  4 999;<NA>;1982-01-01;84.25Z;2008;5710.0;SAS, société par actions simplifiée;20  à  49;False;<NA>;2008;F;43;43.9;43.99;43.99C;1980-07-01;(50.560608, 3.031325);Seclin;Nord;Hauts-de-France;(50.62365, 3.067814);Lille;Nord;Hauts-de-France;;;;;;;;
False;['45112500', '45112710'];;True;True;False;attribue;{'StreetName': 'PA de la Verte Rue, 515 Allée des Prêles', 'AdditionalStreetName': None, 'CityName': 'BAILLEUL', 'PostalZone': '59270', 'Country': 'FRA'};340947050;True;EURO FLANDRES TP;EURO FLANDRES TP;2026-09-11;{'StreetName': '18 rue de Pas', 'AdditionalStreetName': None, 'CityName': 'LILLE', 'PostalZone': '59000', 'Country': 'FRA'};285900015;True;SCE DEPARTEMENTAL INCENDIE ET SECOURS;Service Départemental d’Incendie et de Secours du Nord;;;travaux;['Prix', 'Valeur technique'];['prix', 'technique'];[70.0, 30.0];1280.0;False;34240000.0;False;{'StreetName': None, 'CityName': 'LILLE', 'PostalZone': '59000', 'NUTS': 'FRE11', 'Country': 'FRA'};sans remise en concurrence;;26-87834;;0.0;1280000.0;LOT-0003;45454100;32720000.0;16;6.0;;Accords-cadres pour le gros entretien, l’entretien courant et l’amélioration du cadre de vie sur le patrimoine bâti du SDIS du Nord;ouverte;PPP1QE-207/6462/2026PB_AC_MAINTENANCE_TRAVAUX;1.0;;;False;False;False;;7372.0;Service départemental d'incendie et de secours (SDIS);2 000  à  4 999;<NA>;1982-01-01;84.25Z;2008;5558.0;SA coopérative de production  (SCOP) à conseil d'administration;20  à  49;True;<NA>;2008;F;43;43.1;43.12;43.12A;1987-03-13;(50.718896, 2.742653);Bailleul;Nord;Hauts-de-France;(50.62365, 3.067814);Lille;Nord;Hauts-de-France;;;;;;;;
False;['45112500', '45112710'];;True;True;False;attribue;{'StreetName': '380 RUE JEAN PERRIN', 'AdditionalStreetName': None, 'CityName': 'DOUAI CEDEX', 'PostalZone': '59505', 'Country': 'FRA'};404164014;True;ENTREPRISE JEAN LEFEBVRE NORD;ENTREPRISE JEAN LEFEBVRE NORD;2026-09-11;{'StreetName': '18 rue de Pas', 'AdditionalStreetName': None, 'CityName': 'LILLE', 'PostalZone': '59000', 'Country': 'FRA'};285900015;True;SCE DEPARTEMENTAL INCENDIE ET SECOURS;Service Départemental d’Incendie et de Secours du Nord;;;travaux;['Prix', 'Valeur technique'];['prix', 'technique'];[70.0, 30.0];1280.0;False;34240000.0;False;{'StreetName': None, 'CityName': 'LILLE', 'PostalZone': '59000', 'NUTS': 'FRE11', 'Country': 'FRA'};sans remise en concurrence;;26-87834;;0.0;1280000.0;LOT-0004;45454100;32720000.0;16;5.0;;Accords-cadres pour le gros entretien, l’entretien courant et l’amélioration du cadre de vie sur le patrimoine bâti du SDIS du Nord;ouverte;PPP1QE-207/6462/2026PB_AC_MAINTENANCE_TRAVAUX;1.0;;;False;False;False;;7372.0;Service départemental d'incendie et de secours (SDIS);2 000  à  4 999;<NA>;1982-01-01;84.25Z;2008;5710.0;SAS, société par actions simplifiée;250  à  499;False;<NA>;2008;F;42;42.1;42.11;42.11Z;1996-03-07;(50.395498, 3.097573);Douai;Nord;Hauts-de-France;(50.62365, 3.067814);Lille;Nord;Hauts-de-France;;;;;;;;
False;['45421000', '45421143', '45441000'];;True;True;False;attribue;{'StreetName': '29 BIS RUE GAMBETTA', 'AdditionalStreetName': None, 'CityName': 'LOOS', 'PostalZone': '59120', 'Country': 'FRA'};397886805;True;MONTAIGNE SAS;MONTAIGNE SAS;2026-09-11;{'StreetName': '18 rue de Pas', 'AdditionalStreetName': None, 'CityName': 'LILLE', 'PostalZone': '59000', 'Country': 'FRA'};285900015;True;SCE DEPARTEMENTAL INCENDIE ET SECOURS;Service Départemental d’Incendie et de Secours du Nord;;;travaux;['Prix', 'Valeur technique'];['prix', 'technique'];[70.0, 30.0];1280.0;False;34240000.0;False;{'StreetName': None, 'CityName': 'LILLE', 'PostalZone': '59000', 'NUTS': 'FRE11', 'Country': 'FRA'};sans remise en concurrence;;26-87834;;0.0;2000000.0;LOT-0005;45454100;32720000.0;16;5.0;;Accords-cadres pour le gros entretien, l’entretien courant et l’amélioration du cadre de vie sur le patrimoine bâti du SDIS du Nord;ouverte;PPP1QE-207/6462/2026PB_AC_MAINTENANCE_TRAVAUX;1.0;;;False;False;False;;7372.0;Service départemental d'incendie et de secours (SDIS);2 000  à  4 999;<NA>;1982-01-01;84.25Z;2008;5710.0;SAS, société par actions simplifiée;10  à  19;False;<NA>;2008;F;43;43.3;43.33;43.33Z;1994-07-10;(50.616892, 3.011707);Loos;Nord;Hauts-de-France;(50.62365, 3.067814);Lille;Nord;Hauts-de-France;;;;;;;;
False;['45421000'];;True;True;False;attribue;{'StreetName': '29 BIS RUE GAMBETTA', 'AdditionalStreetName': None, 'CityName': 'LOOS', 'PostalZone': '59120', 'Country': 'FRA'};397886805;True;MONTAIGNE SAS;MONTAIGNE SAS;2026-09-11;{'StreetName': '18 rue de Pas', 'AdditionalStreetName': None, 'CityName': 'LILLE', 'PostalZone': '59000', 'Country': 'FRA'};285900015;True;SCE DEPARTEMENTAL INCENDIE ET SECOURS;Service Départemental d’Incendie et de Secours du Nord;;;travaux;['Prix', 'Valeur technique'];['prix', 'technique'];[70.0, 30.0];1280.0;False;34240000.0;False;{'StreetName': None, 'CityName': 'LILLE', 'PostalZone': '59000', 'NUTS': 'FRE11', 'Country': 'FRA'};sans remise en concurrence;;26-87834;;0.0;2000000.0;LOT-0006;45454100;32720000.0;16;5.0;;Accords-cadres pour le gros entretien, l’entretien courant et l’amélioration du cadre de vie sur le patrimoine bâti du SDIS du Nord;ouverte;PPP1QE-207/6462/2026PB_AC_MAINTENANCE_TRAVAUX;1.0;;;False;False;False;;7372.0;Service départemental d'incendie et de secours (SDIS);2 000  à  4 999;<NA>;1982-01-01;84.25Z;2008;5710.0;SAS, société par actions simplifiée;10  à  19;False;<NA>;2008;F;43;43.3;43.33;43.33Z;1994-07-10;(50.616892, 3.011707);Loos;Nord;Hauts-de-France;(50.62365, 3.067814);Lille;Nord;Hauts-de-France;;;;;;;;
False;['45330000', '45232460', '45331000'];;True;True;False;attribue;{'StreetName': 'Z.I DE CANTIMPRE\nRUE DU CHAMPS DE TIR', 'AdditionalStreetName': None, 'CityName': 'CAMBRAI CEDEX', 'PostalZone': '59403', 'Country': 'FRA'};285900015;False;SCE DEPARTEMENTAL INCENDIE ET SECOURS;FARASSE FLUIDES;2026-09-11;{'StreetName': '18 rue de Pas', 'AdditionalStreetName': None, 'CityName': 'LILLE', 'PostalZone': '59000', 'Country': 'FRA'};285900015;True;SCE DEPARTEMENTAL INCENDIE ET SECOURS;Service Départemental d’Incendie et de Secours du Nord;;;travaux;['Prix', 'Valeur technique'];['prix', 'technique'];[70.0, 30.0];1280.0;False;34240000.0;False;{'StreetName': None, 'CityName': 'LILLE', 'PostalZone': '59000', 'NUTS': 'FRE11', 'Country': 'FRA'};sans remise en concurrence;;26-87834;;0.0;2120000.0;LOT-0007;45454100;32720000.0;16;4.0;;Accords-cadres pour le gros entretien, l’entretien courant et l’amélioration du cadre de vie sur le patrimoine bâti du SDIS du Nord;ouverte;PPP1QE-207/6462/2026PB_AC_MAINTENANCE_TRAVAUX;1.0;;;False;False;False;;7372.0;Service départemental d'incendie et de secours (SDIS);2 000  à  4 999;<NA>;1982-01-01;84.25Z;2008;7372.0;Service départemental d'incendie et de secours (SDIS);2 000  à  4 999;<NA>;<NA>;2008;O;84;84.2;84.25;84.25Z;1982-01-01;(50.172927, 3.210323);Cambrai;Nord;Hauts-de-France;(50.62365, 3.067814);Lille;Nord;Hauts-de-France;;;;;;;;
False;['45330000', '45232460', '45331000'];;True;True;False;attribue;{'StreetName': 'Z.I DE CANTIMPRE\nRUE DU CHAMPS DE TIR', 'AdditionalStreetName': None, 'CityName': 'CAMBRAI CEDEX', 'PostalZone': '59403', 'Country': 'FRA'};285900015;False;SCE DEPARTEMENTAL INCENDIE ET SECOURS;FARASSE FLUIDES;2026-09-11;{'StreetName': '18 rue de Pas', 'AdditionalStreetName': None, 'CityName': 'LILLE', 'PostalZone': '59000', 'Country': 'FRA'};285900015;True;SCE DEPARTEMENTAL INCENDIE ET SECOURS;Service Départemental d’Incendie et de Secours du Nord;;;travaux;['Prix', 'Valeur technique'];['prix', 'technique'];[70.0, 30.0];1280.0;False;34240000.0;False;{'StreetName': None, 'CityName': 'LILLE', 'PostalZone': '59000', 'NUTS': 'FRE11', 'Country': 'FRA'};sans remise en concurrence;;26-87834;;0.0;2120000.0;LOT-0008;45454100;32720000.0;16;2.0;;Accords-cadres pour le gros entretien, l’entretien courant et l’amélioration du cadre de vie sur le patrimoine bâti du SDIS du Nord;ouverte;PPP1QE-207/6462/2026PB_AC_MAINTENANCE_TRAVAUX;1.0;;;False;False;False;;7372.0;Service départemental d'incendie et de secours (SDIS);2 000  à  4 999;<NA>;1982-01-01;84.25Z;2008;7372.0;Service départemental d'incendie et de secours (SDIS);2 000  à  4 999;<NA>;<NA>;2008;O;84;84.2;84.25;84.25Z;1982-01-01;(50.172927, 3.210323);Cambrai;Nord;Hauts-de-France;(50.62365, 3.067814);Lille;Nord;Hauts-de-France;;;;;;;;
False;['45260000', '45261420', '45262650'];;True;True;False;attribue;{'StreetName': '22 Rue de Bône', 'AdditionalStreetName': None, 'CityName': 'ROUBAIX', 'PostalZone': '59100', 'Country': 'FRA'};783789571;True;ETABLISSEMENTS RENE DELPORTE;RENE DELPORTE;2026-09-11;{'StreetName': '18 rue de Pas', 'AdditionalStreetName': None, 'CityName': 'LILLE', 'PostalZone': '59000', 'Country': 'FRA'};285900015;True;SCE DEPARTEMENTAL INCENDIE ET SECOURS;Service Départemental d’Incendie et de Secours du Nord;;;travaux;['Prix', 'Valeur technique'];['prix', 'technique'];[70.0, 30.0];1280.0;False;34240000.0;False;{'StreetName': None, 'CityName': 'LILLE', 'PostalZone': '59000', 'NUTS': 'FRE11', 'Country': 'FRA'};sans remise en concurrence;;26-87834;;0.0;1960000.0;LOT-0009;45454100;32720000.0;16;6.0;;Accords-cadres pour le gros entretien, l’entretien courant et l’amélioration du cadre de vie sur le patrimoine bâti du SDIS du Nord;ouverte;PPP1QE-207/6462/2026PB_AC_MAINTENANCE_TRAVAUX;1.0;;;False;False;False;;7372.0;Service départemental d'incendie et de secours (SDIS);2 000  à  4 999;<NA>;1982-01-01;84.25Z;2008;5710.0;SAS, société par actions simplifiée;20  à  49;False;<NA>;2008;F;43;43.9;43.91;43.91B;1973-01-01;(50.70568, 3.185555);Roubaix;Nord;Hauts-de-France;(50.62365, 3.067814);Lille;Nord;Hauts-de-France;;;;;;;;
False;['45260000', '45261420', '45262650'];;True;True;False;attribue;{'StreetName': '22 Rue de Bône', 'AdditionalStreetName': None, 'CityName': 'ROUBAIX', 'PostalZone': '59100', 'Country': 'FRA'};783789571;True;ETABLISSEMENTS RENE DELPORTE;RENE DELPORTE;2026-09-11;{'StreetName': '18 rue de Pas', 'AdditionalStreetName': None, 'CityName': 'LILLE', 'PostalZone': '59000', 'Country': 'FRA'};285900015;True;SCE DEPARTEMENTAL INCENDIE ET SECOURS;Service Départemental d’Incendie et de Secours du Nord;;;travaux;['Prix', 'Valeur technique'];['prix', 'technique'];[70.0, 30.0];1280.0;False;34240000.0;False;{'StreetName': None, 'CityName': 'LILLE', 'PostalZone': '59000', 'NUTS': 'FRE11', 'Country': 'FRA'};sans remise en concurrence;;26-87834;;0.0;1960000.0;LOT-0010;45454100;32720000.0;16;7.0;;Accords-cadres pour le gros entretien, l’entretien courant et l’amélioration du cadre de vie sur le patrimoine bâti du SDIS du Nord;ouverte;PPP1QE-207/6462/2026PB_AC_MAINTENANCE_TRAVAUX;1.0;;;False;False;False;;7372.0;Service départemental d'incendie et de secours (SDIS);2 000  à  4 999;<NA>;1982-01-01;84.25Z;2008;5710.0;SAS, société par actions simplifiée;20  à  49;False;<NA>;2008;F;43;43.9;43.91;43.91B;1973-01-01;(50.70568, 3.185555);Roubaix;Nord;Hauts-de-France;(50.62365, 3.067814);Lille;Nord;Hauts-de-France;;;;;;;;
False;['45310000'];;True;True;False;attribue;{'StreetName': '59 CHAUSSEE MARCELIN BERTHELOT', 'AdditionalStreetName': None, 'CityName': 'TOURCOING CEDEX', 'PostalZone': '59331', 'Country': 'FRA'};971201546;False;SATELEC;SATELEC AGENCE DE TOURCOING;2026-09-11;{'StreetName': '18 rue de Pas', 'AdditionalStreetName': None, 'CityName': 'LILLE', 'PostalZone': '59000', 'Country': 'FRA'};285900015;True;SCE DEPARTEMENTAL INCENDIE ET SECOURS;Service Départemental d’Incendie et de Secours du Nord;;;travaux;['Prix', 'Valeur technique'];['prix', 'technique'];[70.0, 30.0];1280.0;False;34240000.0;False;{'StreetName': None, 'CityName': 'LILLE', 'PostalZone': '59000', 'NUTS': 'FRE11', 'Country': 'FRA'};sans remise en concurrence;;26-87834;;0.0;3440000.0;LOT-0013;45454100;32720000.0;16;3.0;;Accords-cadres pour le gros entretien, l’entretien courant et l’amélioration du cadre de vie sur le patrimoine bâti du SDIS du Nord;ouverte;PPP1QE-207/6462/2026PB_AC_MAINTENANCE_TRAVAUX;1.0;;;False;False;False;;7372.0;Service départemental d'incendie et de secours (SDIS);2 000  à  4 999;<NA>;1982-01-01;84.25Z;2008;5710.0;SAS, société par actions simplifiée;1 000  à  1 999;False;<NA>;2008;F;43;43.2;43.21;43.21A;1971-01-01;(50.723502, 3.181395);Tourcoing;Nord;Hauts-de-France;(50.62365, 3.067814);Lille;Nord;Hauts-de-France;;;;;;;;
False;['45310000'];;True;True;False;attribue;{'StreetName': '1ERE - 302 AVENUE DU PORT FLUVIAL', 'AdditionalStreetName': None, 'CityName': 'WAMBRECHIES', 'PostalZone': '59118', 'Country': 'FRA'};327124772;True;SOCIETE DE TELEPHONE ET DE TELEDISTRIBUTION DU NORD;STTN ENERGIE;2026-09-11;{'StreetName': '18 rue de Pas', 'AdditionalStreetName': None, 'CityName': 'LILLE', 'PostalZone': '59000', 'Country': 'FRA'};285900015;True;SCE DEPARTEMENTAL INCENDIE ET SECOURS;Service Départemental d’Incendie et de Secours du Nord;;;travaux;['Prix', 'Valeur technique'];['prix', 'technique'];[70.0, 30.0];1280.0;False;34240000.0;False;{'StreetName': None, 'CityName': 'LILLE', 'PostalZone': '59000', 'NUTS': 'FRE11', 'Country': 'FRA'};sans remise en concurrence;;26-87834;;0.0;3440000.0;LOT-0014;45454100;32720000.0;16;2.0;;Accords-cadres pour le gros entretien, l’entretien courant et l’amélioration du cadre de vie sur le patrimoine bâti du SDIS du Nord;ouverte;PPP1QE-207/6462/2026PB_AC_MAINTENANCE_TRAVAUX;1.0;;;False;False;False;;7372.0;Service départemental d'incendie et de secours (SDIS);2 000  à  4 999;<NA>;1982-01-01;84.25Z;2008;5710.0;SAS, société par actions simplifiée;50  à  99;False;<NA>;2008;F;43;43.2;43.21;43.21A;1983-04-01;(50.693011, 3.028866);Wambrechies;Nord;Hauts-de-France;(50.62365, 3.067814);Lille;Nord;Hauts-de-France;;;;;;;;
False;['45430000', '45442100'];;True;True;False;attribue;{'StreetName': '2 RUE COLBERT', 'AdditionalStreetName': None, 'CityName': 'HEM', 'PostalZone': '59510', 'Country': 'FRA'};414254383;False;GILMANT CONSTRUCTION;SARL GILMANT CONSTRUCTION;2026-09-11;{'StreetName': '18 rue de Pas', 'AdditionalStreetName': None, 'CityName': 'LILLE', 'PostalZone': '59000', 'Country': 'FRA'};285900015;True;SCE DEPARTEMENTAL INCENDIE ET SECOURS;Service Départemental d’Incendie et de Secours du Nord;;;travaux;['Prix', 'Valeur technique'];['prix', 'technique'];[70.0, 30.0];1280.0;False;34240000.0;False;{'StreetName': None, 'CityName': 'LILLE', 'PostalZone': '59000', 'NUTS': 'FRE11', 'Country': 'FRA'};sans remise en concurrence;;26-87834;;0.0;2000000.0;LOT-0015;45454100;32720000.0;16;6.0;;Accords-cadres pour le gros entretien, l’entretien courant et l’amélioration du cadre de vie sur le patrimoine bâti du SDIS du Nord;ouverte;PPP1QE-207/6462/2026PB_AC_MAINTENANCE_TRAVAUX;1.0;;;False;False;False;;7372.0;Service départemental d'incendie et de secours (SDIS);2 000  à  4 999;<NA>;1982-01-01;84.25Z;2008;5710.0;SAS, société par actions simplifiée;20  à  49;False;<NA>;2008;F;43;43.3;43.33;43.33Z;1997-10-27;(50.664902, 3.18043);Hem;Nord;Hauts-de-France;(50.62365, 3.067814);Lille;Nord;Hauts-de-France;;;;;;;;
False;['45430000', '45442100'];;True;True;False;attribue;{'StreetName': '2 RUE COLBERT', 'AdditionalStreetName': None, 'CityName': 'HEM', 'PostalZone': '59510', 'Country': 'FRA'};414254383;False;GILMANT CONSTRUCTION;SARL GILMANT CONSTRUCTION;2026-09-11;{'StreetName': '18 rue de Pas', 'AdditionalStreetName': None, 'CityName': 'LILLE', 'PostalZone': '59000', 'Country': 'FRA'};285900015;True;SCE DEPARTEMENTAL INCENDIE ET SECOURS;Service Départemental d’Incendie et de Secours du Nord;;;travaux;['Prix', 'Valeur technique'];['prix', 'technique'];[70.0, 30.0];1280.0;False;34240000.0;False;{'StreetName': None, 'CityName': 'LILLE', 'PostalZone': '59000', 'NUTS': 'FRE11', 'Country': 'FRA'};sans remise en concurrence;;26-87834;;0.0;2000000.0;LOT-0016;45454100;32720000.0;16;7.0;;Accords-cadres pour le gros entretien, l’entretien courant et l’amélioration du cadre de vie sur le patrimoine bâti du SDIS du Nord;ouverte;PPP1QE-207/6462/2026PB_AC_MAINTENANCE_TRAVAUX;1.0;;;False;False;False;;7372.0;Service départemental d'incendie et de secours (SDIS);2 000  à  4 999;<NA>;1982-01-01;84.25Z;2008;5710.0;SAS, société par actions simplifiée;20  à  49;False;<NA>;2008;F;43;43.3;43.33;43.33Z;1997-10-27;(50.664902, 3.18043);Hem;Nord;Hauts-de-France;(50.62365, 3.067814);Lille;Nord;Hauts-de-France;;;;;;;;
False;['44316500', '45340000', '45262400'];;True;True;False;non attribue;;;False;;;2026-09-11;{'StreetName': '18 rue de Pas', 'AdditionalStreetName': None, 'CityName': 'LILLE', 'PostalZone': '59000', 'Country': 'FRA'};285900015;True;SCE DEPARTEMENTAL INCENDIE ET SECOURS;Service Départemental d’Incendie et de Secours du Nord;;;travaux;['Prix', 'Valeur technique'];['prix', 'technique'];[70.0, 30.0];1280.0;False;34240000.0;False;{'StreetName': None, 'CityName': 'LILLE', 'PostalZone': '59000', 'NUTS': 'FRE11', 'Country': 'FRA'};sans remise en concurrence;;26-87834;;;760000.0;LOT-0011;45454100;32720000.0;16;1.0;;Accords-cadres pour le gros entretien, l’entretien courant et l’amélioration du cadre de vie sur le patrimoine bâti du SDIS du Nord;ouverte;PPP1QE-207/6462/2026PB_AC_MAINTENANCE_TRAVAUX;1.0;;;False;False;False;;7372.0;Service départemental d'incendie et de secours (SDIS);2 000  à  4 999;<NA>;1982-01-01;84.25Z;2008;;;;;;<NA>;;;;;<NA>;<NA>;;;;;(50.62365, 3.067814);Lille;Nord;Hauts-de-France;;;;;;;;
False;['44316500', '45340000', '45262400'];;True;True;False;non attribue;;;False;;;2026-09-11;{'StreetName': '18 rue de Pas', 'AdditionalStreetName': None, 'CityName': 'LILLE', 'PostalZone': '59000', 'Country': 'FRA'};285900015;True;SCE DEPARTEMENTAL INCENDIE ET SECOURS;Service Départemental d’Incendie et de Secours du Nord;;;travaux;['Prix', 'Valeur technique'];['prix', 'technique'];[70.0, 30.0];1280.0;False;34240000.0;False;{'StreetName': None, 'CityName': 'LILLE', 'PostalZone': '59000', 'NUTS': 'FRE11', 'Country': 'FRA'};sans remise en concurrence;;26-87834;;;760000.0;LOT-0012;45454100;32720000.0;16;1.0;;Accords-cadres pour le gros entretien, l’entretien courant et l’amélioration du cadre de vie sur le patrimoine bâti du SDIS du Nord;ouverte;PPP1QE-207/6462/2026PB_AC_MAINTENANCE_TRAVAUX;1.0;;;False;False;False;;7372.0;Service départemental d'incendie et de secours (SDIS);2 000  à  4 999;<NA>;1982-01-01;84.25Z;2008;;;;;;<NA>;;;;;<NA>;<NA>;;;;;(50.62365, 3.067814);Lille;Nord;Hauts-de-France;;;;;;;;
False;;;False;False;False;attribue;{'StreetName': '297 BOULEVARD DE LIEGE', 'AdditionalStreetName': None, 'CityName': 'DOUAI', 'PostalZone': '59500', 'Country': 'FRA'};572028629;True;BUREAU D'ETUDES ET DE RECHERCHES POUR L'INDUSTRIE MODERNE BERIM;BERIM;2026-09-11;{'StreetName': '12 rue jean sans peur', 'AdditionalStreetName': None, 'CityName': 'LILLE', 'PostalZone': '59000', 'Country': 'FRA'};130027121;True;SECRETARIAT GENERAL COMMUN DEPARTEMENTAL NORD;SGCD59;;2026-08-11+02:00;services;['Critère technique'];['technique'];;1620.0;False;;False;{'StreetName': '12 rue jean sans peur', 'CityName': 'LILLE', 'PostalZone': '59000', 'NUTS': 'FRE11', 'Country': 'FRA'};;;26-87496;;255471.0;;LOT-0001;71000000;;1;4.0;;Avis d'attribution : Mission de maîtrise d’œuvre relative aux travaux de remplacement des chaudières fioul et à l’isolation des planchers de la sous-préfecture de Valenciennes (59);ouverte;C070059-26-03;;;;False;False;False;255471.0;7172.0;Service déconcentré de l'État à compétence (inter) départementale ;100  à  199;<NA>;2021-01-01;84.11Z;2008;5599.0;SA à conseil d'administration (s.a.i.);250  à  499;False;<NA>;2008;M;71;71.1;71.12;71.12B;1957-01-01;(50.374883, 3.08924);Douai;Nord;Hauts-de-France;(50.633894, 3.06051);Lille;Nord;Hauts-de-France;;;;;;;;
False;['79632000', '75200000', '63121100'];;True;False;False;attribue;{'StreetName': None, 'AdditionalStreetName': None, 'CityName': 'Lille Hellemmes', 'PostalZone': '59260', 'Country': 'FRA'};880646955;True;NORD COMPOST;NORD COMPOST;2026-09-11;{'StreetName': '2 boulevard des Cités Unies – CS 70043', 'AdditionalStreetName': None, 'CityName': 'Lille', 'PostalZone': '59040', 'Country': 'FRA'};200093201;True;METROPOLE EUROPEENNE DE LILLE;Métropole européenne de Lille;;;services;['Prix des prestations (pondération : 60 points)  Analysé au regard du montant total obtenu par application des prix du bordereau des prix unitaires (BPU) du lot 1 aux quantités estimées sur la durée du marché reprises dans la liste quantitative estimative (LQE) du lot 1. L’offre la moins-disante a obtenu la note maximale et les autres offres ont obtenu une note inversement proportionnelle, suivant la formule : (montant de l’offre la moins-disante / montant de l’offre du soumissionnaire noté) x 60.', 'Valeur technique (pondération 40 points) appréciée au regard du contenu du mémoire technique et des sous-critères suivants :  - Qualité de l’organisation et des moyens humains affectés à l’exécution des prestations (5 points) - Qualité des modalités de stockage et des moyens matériels proposés par le soumissionnaire pour l’exécution des prestations (2 points) - Pertinence de la méthodologie proposée par le soumissionnaire pour assurer l’entretien du parc de composteurs collectif de la MEL (3 points)  - Pertinence de la plateforme de suivi proposée par le soumissionnaire (15 points) - Pertinence de la méthodologie proposée par le soumissionnaire pour l’animation des réseaux (10 points) - Qualité des animations de sensibilisation à la PG.Prox proposées par le soumissionnaire (5 points)'];['delai', 'social'];[60.0, 40.0];1440.0;False;;False;{'StreetName': None, 'CityName': None, 'PostalZone': None, 'NUTS': 'FRE11', 'Country': 'FRA'};sans remise en concurrence;;26-87800;;;;LOT-0001;77120000;1700000.0;1;2.0;;Installation, suivi technique des sites de compostage collectif, formation, sensibilisation des publics au compostage;ouverte;26DM04;;;;False;False;False;;7344.0;Métropole;2 000  à  4 999;False;2020-03-14;84.11Z;2008;5710.0;SAS, société par actions simplifiée;20  à  49;False;<NA>;2008;E;38;38.1;38.11;38.11Z;2020-02-01;;Lille;Nord;Hauts-de-France;(50.631189, 3.078497);Lille;Nord;Hauts-de-France;;;;;;;;
False;;;True;True;False;attribue;{'StreetName': None, 'AdditionalStreetName': None, 'CityName': 'VITROLLES', 'PostalZone': '13127', 'Country': 'FRA'};552044992;True;POMONA;PASSION FROID PACA;2026-09-11;{'StreetName': 'Hôtel de ville', 'AdditionalStreetName': 'Place Gabriel Payeur', 'CityName': 'EGUILLES', 'PostalZone': '13510', 'Country': 'FRA'};211300322;True;COMMUNE D EGUILLES;Mairie d'Eguilles;;2026-09-01+02:00;fournitures;['Pondération 40', 'Pondération 35', 'Pondération 20', 'Pondération 5'];['prix', 'qualite', 'qualite', 'qualite'];[40.0, 35.0, 20.0, 5.0];365.0;False;500000.0;False;{'StreetName': None, 'CityName': None, 'PostalZone': None, 'NUTS': 'FRL04', 'Country': 'FRA'};sans remise en concurrence;;26-87686;;;;LOT-0001;15800000;404605.9;6;4.0;;Fourniture de denrées alimentaires pour la restauration collective des services de la commune d'Eguilles;ouverte;;3.0;;;False;False;False;;7210.0;Commune et commune nouvelle ;200  à  249;False;1983-03-01;84.11Z;2008;5699.0;SA à directoire (s.a.i.);5 000  à  9 999;False;False;2008;G;46;46.3;46.39;46.39B;1955-01-01;;Vitrolles;Bouches-du-Rhône;Provence-Alpes-Côte d'Azur;(43.568526, 5.353984);Éguilles;Bouches-du-Rhône;Provence-Alpes-Côte d'Azur;;;;;;;;
False;;;True;True;False;attribue;{'StreetName': None, 'AdditionalStreetName': None, 'CityName': 'MONTELIMAR', 'PostalZone': '26200', 'Country': 'FRA'};398551002;True;MIDI VOLAILLES;MIDI VOLAILLES;2026-09-11;{'StreetName': 'Hôtel de ville', 'AdditionalStreetName': 'Place Gabriel Payeur', 'CityName': 'EGUILLES', 'PostalZone': '13510', 'Country': 'FRA'};211300322;True;COMMUNE D EGUILLES;Mairie d'Eguilles;;2026-09-01+02:00;fournitures;['Pondération 40', 'Pondération 35', 'Pondération 20', 'Pondération 5'];['prix', 'qualite', 'qualite', 'qualite'];[40.0, 35.0, 20.0, 5.0];365.0;False;500000.0;False;{'StreetName': None, 'CityName': 'EGUILLES', 'PostalZone': '13510', 'NUTS': 'FRL04', 'Country': 'FRA'};sans remise en concurrence;;26-87686;;;;LOT-0002;15800000;404605.9;6;2.0;;Fourniture de denrées alimentaires pour la restauration collective des services de la commune d'Eguilles;ouverte;;3.0;;;False;False;False;;7210.0;Commune et commune nouvelle ;200  à  249;False;1983-03-01;84.11Z;2008;5710.0;SAS, société par actions simplifiée;20  à  49;False;<NA>;2008;G;46;46.3;46.32;46.32C;1994-10-01;;Montélimar;Drôme;Auvergne-Rhône-Alpes;(43.568526, 5.353984);Éguilles;Bouches-du-Rhône;Provence-Alpes-Côte d'Azur;;;;;;;;
False;['03221200'];;True;True;False;attribue;{'StreetName': None, 'AdditionalStreetName': None, 'CityName': 'CAVAILLON', 'PostalZone': '84035', 'Country': 'FRA'};839797636;True;PASSION FRUIT;PASSION FRUIT;2026-09-11;{'StreetName': 'Hôtel de ville', 'AdditionalStreetName': 'Place Gabriel Payeur', 'CityName': 'EGUILLES', 'PostalZone': '13510', 'Country': 'FRA'};211300322;True;COMMUNE D EGUILLES;Mairie d'Eguilles;;2026-09-01+02:00;fournitures;['Pondération 40', 'Pondération 35', 'Pondération 20', 'Pondération 5'];['prix', 'qualite', 'qualite', 'qualite'];[40.0, 35.0, 20.0, 5.0];365.0;False;500000.0;False;{'StreetName': None, 'CityName': 'EGUILLES', 'PostalZone': '13510', 'NUTS': 'FRL04', 'Country': 'FRA'};sans remise en concurrence;;26-87686;;;;LOT-0003;03221000;404605.9;6;8.0;;Fourniture de denrées alimentaires pour la restauration collective des services de la commune d'Eguilles;ouverte;;3.0;;;False;False;False;;7210.0;Commune et commune nouvelle ;200  à  249;False;1983-03-01;84.11Z;2008;5710.0;SAS, société par actions simplifiée;3  à  5;False;<NA>;2008;G;46;46.3;46.31;46.31Z;2018-05-22;;Cavaillon;Vaucluse;Provence-Alpes-Côte d'Azur;(43.568526, 5.353984);Éguilles;Bouches-du-Rhône;Provence-Alpes-Côte d'Azur;;;;;;;;
False;;;True;True;False;attribue;{'StreetName': None, 'AdditionalStreetName': None, 'CityName': 'VITROLLES', 'PostalZone': '13127', 'Country': 'FRA'};552044992;True;POMONA;PASSION FROID PACA;2026-09-11;{'StreetName': 'Hôtel de ville', 'AdditionalStreetName': 'Place Gabriel Payeur', 'CityName': 'EGUILLES', 'PostalZone': '13510', 'Country': 'FRA'};211300322;True;COMMUNE D EGUILLES;Mairie d'Eguilles;;2026-09-01+02:00;fournitures;['Pondération 40', 'Pondération 35', 'Pondération 20', 'Pondération 5'];['prix', 'qualite', 'qualite', 'qualite'];[40.0, 35.0, 20.0, 5.0];365.0;False;500000.0;False;{'StreetName': None, 'CityName': 'EGUILLES', 'PostalZone': '13510', 'NUTS': 'FRL04', 'Country': 'FRA'};sans remise en concurrence;;26-87686;;;;LOT-0004;15800000;404605.9;6;2.0;;Fourniture de denrées alimentaires pour la restauration collective des services de la commune d'Eguilles;ouverte;;3.0;;;False;False;False;;7210.0;Commune et commune nouvelle ;200  à  249;False;1983-03-01;84.11Z;2008;5699.0;SA à directoire (s.a.i.);5 000  à  9 999;False;False;2008;G;46;46.3;46.39;46.39B;1955-01-01;;Vitrolles;Bouches-du-Rhône;Provence-Alpes-Côte d'Azur;(43.568526, 5.353984);Éguilles;Bouches-du-Rhône;Provence-Alpes-Côte d'Azur;;;;;;;;
False;['15890000', '15813000', '15812200'];;True;True;False;attribue;{'StreetName': None, 'AdditionalStreetName': None, 'CityName': 'MIRAMAS', 'PostalZone': '13142', 'Country': 'FRA'};385006234;True;PRO A PRO;PRO A PRO Distribution;2026-09-11;{'StreetName': 'Hôtel de ville', 'AdditionalStreetName': 'Place Gabriel Payeur', 'CityName': 'EGUILLES', 'PostalZone': '13510', 'Country': 'FRA'};211300322;True;COMMUNE D EGUILLES;Mairie d'Eguilles;;2026-09-01+02:00;fournitures;['Pondération 40', 'Pondération 35', 'Pondération 20', 'Pondération 5'];['prix', 'qualite', 'qualite', 'qualite'];[40.0, 35.0, 20.0, 5.0];365.0;False;500000.0;False;{'StreetName': None, 'CityName': 'EGUILLES', 'PostalZone': '13510', 'NUTS': 'FRL04', 'Country': 'FRA'};sans remise en concurrence;;26-87686;;;;LOT-0005;15800000;404605.9;6;2.0;;Fourniture de denrées alimentaires pour la restauration collective des services de la commune d'Eguilles;ouverte;;3.0;;;False;False;False;;7210.0;Commune et commune nouvelle ;200  à  249;False;1983-03-01;84.11Z;2008;5710.0;SAS, société par actions simplifiée;2 000  à  4 999;False;<NA>;2008;G;46;46.3;46.39;46.39B;1992-03-26;;Miramas;Bouches-du-Rhône;Provence-Alpes-Côte d'Azur;(43.568526, 5.353984);Éguilles;Bouches-du-Rhône;Provence-Alpes-Côte d'Azur;;;;;;;;
False;['03142000', '15131120'];;True;True;False;attribue;{'StreetName': None, 'AdditionalStreetName': None, 'CityName': 'VITROLLES', 'PostalZone': '13127', 'Country': 'FRA'};552044992;True;POMONA;PASSION FROID PACA;2026-09-11;{'StreetName': 'Hôtel de ville', 'AdditionalStreetName': 'Place Gabriel Payeur', 'CityName': 'EGUILLES', 'PostalZone': '13510', 'Country': 'FRA'};211300322;True;COMMUNE D EGUILLES;Mairie d'Eguilles;;2026-09-01+02:00;fournitures;['Pondération 40', 'Pondération 35', 'Pondération 20', 'Pondération 5'];['prix', 'qualite', 'qualite', 'qualite'];[40.0, 35.0, 20.0, 5.0];365.0;False;500000.0;False;{'StreetName': None, 'CityName': 'EGUILLES', 'PostalZone': '13510', 'NUTS': 'FRL04', 'Country': 'FRA'};sans remise en concurrence;;26-87686;;;;LOT-0006;15800000;404605.9;6;1.0;;Fourniture de denrées alimentaires pour la restauration collective des services de la commune d'Eguilles;ouverte;;3.0;;;False;False;False;;7210.0;Commune et commune nouvelle ;200  à  249;False;1983-03-01;84.11Z;2008;5699.0;SA à directoire (s.a.i.);5 000  à  9 999;False;False;2008;G;46;46.3;46.39;46.39B;1955-01-01;;Vitrolles;Bouches-du-Rhône;Provence-Alpes-Côte d'Azur;(43.568526, 5.353984);Éguilles;Bouches-du-Rhône;Provence-Alpes-Côte d'Azur;;;;;;;;
False;['45236112'];;False;False;False;attribue;{'StreetName': '20, Rue des Cigognes', 'AdditionalStreetName': None, 'CityName': '67670', 'PostalZone': 'MOMMENHEIM', 'Country': 'FRA'};829164318;True;SLAMCOURT;Groupement SARL SLAMCOURT (mandataire solidaire) / SAS REVAR TP;2026-09-11;{'StreetName': '12 Avenue Joseph Clotis', 'AdditionalStreetName': None, 'CityName': 'Hyeres cedex', 'PostalZone': '83410', 'Country': 'FRA'};218300697;True;COMMUNE D HYERES;Commune d'Hyères;;2026-09-02+02:00;travaux;"[""Valeur technique jugée d'après la grille de notation"", ""Prix des prestations d'après le montant TTC indiqué au DQE, le cas échéant corrigé"", ""Performances environnementales jugées d'après la grille de notation""]";['technique', 'prix', 'environnemental'];[50.0, 40.0, 10.0];450.0;True;;False;{'StreetName': None, 'CityName': 'Hyères', 'PostalZone': '83400', 'NUTS': 'FRL05', 'Country': 'FRA'};;;26-87742;;349515.7;;LOT-0001;45212221;;1;1.0;;SPORTS - Réfection du sol des terrains de tennis en béton poreux par un revêtement artificiel;autre;CS0625;;;;False;False;False;349515.7;7210.0;Commune et commune nouvelle ;1 000  à  1 999;False;1983-03-01;84.11Z;2008;5499.0;Société à responsabilité limitée (sans autre indication);3  à  5;False;<NA>;2008;F;42;42.9;42.99;42.99Z;2017-03-28;(48.758891, 7.64769);Mommenheim;Bas-Rhin;Grand Est;(43.119921, 6.129986);Hyères;Var;Provence-Alpes-Côte d'Azur;;;;;;;;
False;['18930000'];;True;True;False;attribue;{'StreetName': 'Rue Des Hallots', 'AdditionalStreetName': None, 'CityName': 'Ruitz', 'PostalZone': '62620', 'Country': 'FRA'};422876151;False;HANOVA;HANOVA;2026-09-11;{'StreetName': '80 rue Brochier', 'AdditionalStreetName': None, 'CityName': 'Marseille', 'PostalZone': '13295', 'Country': 'FRA'};261300081;False;CENTRE HOSPITALIER REGIONAL DE MARSEILLE;HOPITAUX DE PROVENCE;;;fournitures;"['Valeur technique', ""Démarche Rse du candidat dans le cadre de l'exécution du contrat"", 'Délai de livraison', 'Prix des prestations']";['technique', 'social', 'delai', 'prix'];[50.0, 3.0, 2.0, 45.0];;False;1616084.0;False;;sans remise en concurrence;;26-87811;;232125.0;;LOT-0001;18937100;4826000.0;26;3.0;2.0;2026-0029 FOURNITURE  DE PETITS MATERIELS DE MANUTENTION,  D'EMBALLAGES DIVERS ET D'EMBALLAGES DE PRELEVEMENTS BIOLOGIQUES;ouverte;2026-0029;3.0;;;False;False;False;;7364.0;Établissement d'hospitalisation ;10 000  et plus ;False;1901-01-01;86.10Z;2008;5499.0;Société à responsabilité limitée (sans autre indication);20  à  49;False;<NA>;2008;C;22;22.2;22.22;22.22Z;1999-04-26;(50.473359, 2.596031);Ruitz;Pas-de-Calais;Hauts-de-France;(43.291346, 5.393925);Marseille;Bouches-du-Rhône;Provence-Alpes-Côte d'Azur;;;;;;;;
False;['18930000'];;True;True;False;attribue;{'StreetName': 'Rue Des Hallots', 'AdditionalStreetName': None, 'CityName': 'Ruitz', 'PostalZone': '62620', 'Country': 'FRA'};422876151;False;HANOVA;HANOVA;2026-09-11;{'StreetName': '80 rue Brochier', 'AdditionalStreetName': None, 'CityName': 'Marseille', 'PostalZone': '13295', 'Country': 'FRA'};261300081;False;CENTRE HOSPITALIER REGIONAL DE MARSEILLE;HOPITAUX DE PROVENCE;;;fournitures;"['Valeur technique', ""Démarche Rse du candidat dans le cadre de l'exécution du contrat"", 'Délai de livraison', 'Prix des prestations']";['technique', 'social', 'delai', 'prix'];[50.0, 3.0, 2.0, 45.0];;False;1616084.0;False;;sans remise en concurrence;;26-87811;;99174.5;;LOT-0002;18937100;4826000.0;26;3.0;2.0;2026-0029 FOURNITURE  DE PETITS MATERIELS DE MANUTENTION,  D'EMBALLAGES DIVERS ET D'EMBALLAGES DE PRELEVEMENTS BIOLOGIQUES;ouverte;2026-0029;3.0;;;False;False;False;;7364.0;Établissement d'hospitalisation ;10 000  et plus ;False;1901-01-01;86.10Z;2008;5499.0;Société à responsabilité limitée (sans autre indication);20  à  49;False;<NA>;2008;C;22;22.2;22.22;22.22Z;1999-04-26;(50.473359, 2.596031);Ruitz;Pas-de-Calais;Hauts-de-France;(43.291346, 5.393925);Marseille;Bouches-du-Rhône;Provence-Alpes-Côte d'Azur;;;;;;;;
False;['18930000'];;True;True;False;attribue;{'StreetName': 'Rue Des Hallots', 'AdditionalStreetName': None, 'CityName': 'Ruitz', 'PostalZone': '62620', 'Country': 'FRA'};422876151;False;HANOVA;HANOVA;2026-09-11;{'StreetName': '80 rue Brochier', 'AdditionalStreetName': None, 'CityName': 'Marseille', 'PostalZone': '13295', 'Country': 'FRA'};261300081;False;CENTRE HOSPITALIER REGIONAL DE MARSEILLE;HOPITAUX DE PROVENCE;;;fournitures;"['Valeur technique', ""Démarche Rse du candidat dans le cadre de l'exécution du contrat"", 'Délai de livraison', 'Prix des prestations']";['technique', 'social', 'delai', 'prix'];[50.0, 3.0, 2.0, 45.0];;False;1616084.0;False;;sans remise en concurrence;;26-87811;;28000.0;;LOT-0003;18937100;4826000.0;26;4.0;4.0;2026-0029 FOURNITURE  DE PETITS MATERIELS DE MANUTENTION,  D'EMBALLAGES DIVERS ET D'EMBALLAGES DE PRELEVEMENTS BIOLOGIQUES;ouverte;2026-0029;3.0;;;False;False;False;;7364.0;Établissement d'hospitalisation ;10 000  et plus ;False;1901-01-01;86.10Z;2008;5499.0;Société à responsabilité limitée (sans autre indication);20  à  49;False;<NA>;2008;C;22;22.2;22.22;22.22Z;1999-04-26;(50.473359, 2.596031);Ruitz;Pas-de-Calais;Hauts-de-France;(43.291346, 5.393925);Marseille;Bouches-du-Rhône;Provence-Alpes-Côte d'Azur;;;;;;;;
False;['18937100'];;True;True;False;attribue;{'StreetName': '27 Rue Des Cayennes', 'AdditionalStreetName': None, 'CityName': 'Conflans-Sainte-Honorine', 'PostalZone': '78700', 'Country': 'FRA'};385091962;False;LMREA;LM PLASTIQUES;2026-09-11;{'StreetName': '80 rue Brochier', 'AdditionalStreetName': None, 'CityName': 'Marseille', 'PostalZone': '13295', 'Country': 'FRA'};261300081;False;CENTRE HOSPITALIER REGIONAL DE MARSEILLE;HOPITAUX DE PROVENCE;;;fournitures;"['Valeur technique', ""Démarche Rse du candidat dans le cadre de l'exécution du contrat"", 'Délai de livraison', 'Prix des prestations']";['technique', 'social', 'delai', 'prix'];[50.0, 3.0, 2.0, 45.0];;False;1616084.0;False;;sans remise en concurrence;;26-87811;;50584.0;;LOT-0004;18937100;4826000.0;26;4.0;3.0;2026-0029 FOURNITURE  DE PETITS MATERIELS DE MANUTENTION,  D'EMBALLAGES DIVERS ET D'EMBALLAGES DE PRELEVEMENTS BIOLOGIQUES;ouverte;2026-0029;3.0;;;False;False;False;;7364.0;Établissement d'hospitalisation ;10 000  et plus ;False;1901-01-01;86.10Z;2008;5710.0;SAS, société par actions simplifiée;10  à  19;False;<NA>;2008;C;22;22.2;22.29;22.29A;1992-04-01;(49.01146, 2.084659);Conflans-Sainte-Honorine;Yvelines;Île-de-France;(43.291346, 5.393925);Marseille;Bouches-du-Rhône;Provence-Alpes-Côte d'Azur;;;;;;;;
False;['18937100'];;True;True;False;attribue;{'StreetName': '27 Rue Des Cayennes', 'AdditionalStreetName': None, 'CityName': 'Conflans-Sainte-Honorine', 'PostalZone': '78700', 'Country': 'FRA'};385091962;False;LMREA;LM PLASTIQUES;2026-09-11;{'StreetName': '80 rue Brochier', 'AdditionalStreetName': None, 'CityName': 'Marseille', 'PostalZone': '13295', 'Country': 'FRA'};261300081;False;CENTRE HOSPITALIER REGIONAL DE MARSEILLE;HOPITAUX DE PROVENCE;;;fournitures;"['Valeur technique', ""Démarche Rse du candidat dans le cadre de l'exécution du contrat"", 'Délai de livraison', 'Prix des prestations']";['technique', 'social', 'delai', 'prix'];[50.0, 3.0, 2.0, 45.0];;False;1616084.0;False;;sans remise en concurrence;;26-87811;;58848.2;;LOT-0005;18937100;4826000.0;26;1.0;1.0;2026-0029 FOURNITURE  DE PETITS MATERIELS DE MANUTENTION,  D'EMBALLAGES DIVERS ET D'EMBALLAGES DE PRELEVEMENTS BIOLOGIQUES;ouverte;2026-0029;3.0;;;False;False;False;;7364.0;Établissement d'hospitalisation ;10 000  et plus ;False;1901-01-01;86.10Z;2008;5710.0;SAS, société par actions simplifiée;10  à  19;False;<NA>;2008;C;22;22.2;22.29;22.29A;1992-04-01;(49.01146, 2.084659);Conflans-Sainte-Honorine;Yvelines;Île-de-France;(43.291346, 5.393925);Marseille;Bouches-du-Rhône;Provence-Alpes-Côte d'Azur;;;;;;;;
False;['18937100'];;True;True;False;non attribue;;;False;;;2026-09-11;{'StreetName': '80 rue Brochier', 'AdditionalStreetName': None, 'CityName': 'Marseille', 'PostalZone': '13295', 'Country': 'FRA'};261300081;False;CENTRE HOSPITALIER REGIONAL DE MARSEILLE;HOPITAUX DE PROVENCE;;;fournitures;"['Valeur technique', ""Démarche Rse du candidat dans le cadre de l'exécution du contrat"", 'Délai de livraison', 'Prix des prestations']";['technique', 'social', 'delai', 'prix'];[40.0, 3.0, 2.0, 55.0];;False;1616084.0;False;;sans remise en concurrence;;26-87811;;;;LOT-0006;18937100;4826000.0;26;0.0;;2026-0029 FOURNITURE  DE PETITS MATERIELS DE MANUTENTION,  D'EMBALLAGES DIVERS ET D'EMBALLAGES DE PRELEVEMENTS BIOLOGIQUES;ouverte;2026-0029;3.0;;;False;False;False;;7364.0;Établissement d'hospitalisation ;10 000  et plus ;False;1901-01-01;86.10Z;2008;;;;;;<NA>;;;;;<NA>;<NA>;;;;;(43.291346, 5.393925);Marseille;Bouches-du-Rhône;Provence-Alpes-Côte d'Azur;;;;;;;;
False;['39221150'];;True;True;False;attribue;{'StreetName': 'Zae Le Pre De La Dame Jeanne', 'AdditionalStreetName': None, 'CityName': 'Plailly', 'PostalZone': '60128', 'Country': 'FRA'};328451919;False;E 3 CORTEX;societe e3 cortex;2026-09-11;{'StreetName': '80 rue Brochier', 'AdditionalStreetName': None, 'CityName': 'Marseille', 'PostalZone': '13295', 'Country': 'FRA'};261300081;False;CENTRE HOSPITALIER REGIONAL DE MARSEILLE;HOPITAUX DE PROVENCE;;;fournitures;"['Valeur technique', ""Démarche Rse du candidat dans le cadre de l'exécution du contrat"", 'Délai de livraison', 'Prix des prestations']";['technique', 'social', 'delai', 'prix'];[50.0, 3.0, 2.0, 45.0];;False;1616084.0;False;;sans remise en concurrence;;26-87811;;2656.0;;LOT-0007;18937100;4826000.0;26;1.0;1.0;2026-0029 FOURNITURE  DE PETITS MATERIELS DE MANUTENTION,  D'EMBALLAGES DIVERS ET D'EMBALLAGES DE PRELEVEMENTS BIOLOGIQUES;ouverte;2026-0029;3.0;;;False;False;False;;7364.0;Établissement d'hospitalisation ;10 000  et plus ;False;1901-01-01;86.10Z;2008;5710.0;SAS, société par actions simplifiée;20  à  49;False;<NA>;2008;G;46;46.7;46.73;46.73A;1983-11-04;(49.099532, 2.560281);Plailly;Oise;Hauts-de-France;(43.291346, 5.393925);Marseille;Bouches-du-Rhône;Provence-Alpes-Côte d'Azur;;;;;;;;
False;['39221150'];;True;True;False;attribue;{'StreetName': '6 Rue De L Electricite', 'AdditionalStreetName': None, 'CityName': 'Hoenheim', 'PostalZone': '67800', 'Country': 'FRA'};380527168;False;LABORATORY ENVIRONMENT SUPPORT SYSTEMS - LESS FRANCE -;LABORATORY ENVIRONMENT SUPPORT SYSTEMS - LESS FRANCE -;2026-09-11;{'StreetName': '80 rue Brochier', 'AdditionalStreetName': None, 'CityName': 'Marseille', 'PostalZone': '13295', 'Country': 'FRA'};261300081;False;CENTRE HOSPITALIER REGIONAL DE MARSEILLE;HOPITAUX DE PROVENCE;;;fournitures;"['Valeur technique', ""Démarche Rse du candidat dans le cadre de l'exécution du contrat"", 'Délai de livraison', 'Prix des prestations']";['technique', 'social', 'delai', 'prix'];[50.0, 3.0, 2.0, 45.0];;False;1616084.0;False;;sans remise en concurrence;;26-87811;;48000.0;;LOT-0008;18937100;4826000.0;26;4.0;4.0;2026-0029 FOURNITURE  DE PETITS MATERIELS DE MANUTENTION,  D'EMBALLAGES DIVERS ET D'EMBALLAGES DE PRELEVEMENTS BIOLOGIQUES;ouverte;2026-0029;3.0;;;False;False;False;;7364.0;Établissement d'hospitalisation ;10 000  et plus ;False;1901-01-01;86.10Z;2008;5710.0;SAS, société par actions simplifiée;10  à  19;False;<NA>;2008;G;46;46.4;46.46;46.46Z;1991-01-07;(48.627226, 7.762384);Hœnheim;Bas-Rhin;Grand Est;(43.291346, 5.393925);Marseille;Bouches-du-Rhône;Provence-Alpes-Côte d'Azur;;;;;;;;
False;['33954000'];;True;True;False;attribue;{'StreetName': '3 Av Du Pays D Auge', 'AdditionalStreetName': None, 'CityName': 'Amiens', 'PostalZone': '80000', 'Country': 'FRA'};832821870;False;A.L.M.P;ALMP-DELEMA PACKAGING;2026-09-11;{'StreetName': '80 rue Brochier', 'AdditionalStreetName': None, 'CityName': 'Marseille', 'PostalZone': '13295', 'Country': 'FRA'};261300081;False;CENTRE HOSPITALIER REGIONAL DE MARSEILLE;HOPITAUX DE PROVENCE;;;fournitures;"['Valeur technique', ""Démarche Rse du candidat dans le cadre de l'exécution du contrat"", 'Délai de livraison', 'Prix des prestations']";['technique', 'social', 'delai', 'prix'];[50.0, 3.0, 2.0, 45.0];;False;1616084.0;False;;sans remise en concurrence;;26-87811;;134544.0;;LOT-0009;18937100;4826000.0;26;4.0;4.0;2026-0029 FOURNITURE  DE PETITS MATERIELS DE MANUTENTION,  D'EMBALLAGES DIVERS ET D'EMBALLAGES DE PRELEVEMENTS BIOLOGIQUES;ouverte;2026-0029;3.0;;;False;False;False;;7364.0;Établissement d'hospitalisation ;10 000  et plus ;False;1901-01-01;86.10Z;2008;5710.0;SAS, société par actions simplifiée;1  ou  2;False;<NA>;2008;M;71;71.1;71.12;71.12B;2017-10-16;(49.912824, 2.253467);Amiens;Somme;Hauts-de-France;(43.291346, 5.393925);Marseille;Bouches-du-Rhône;Provence-Alpes-Côte d'Azur;;;;;;;;
False;['33954000'];;True;True;False;attribue;{'StreetName': '3 Av Du Pays D Auge', 'AdditionalStreetName': None, 'CityName': 'Amiens', 'PostalZone': '80000', 'Country': 'FRA'};832821870;False;A.L.M.P;ALMP-DELEMA PACKAGING;2026-09-11;{'StreetName': '80 rue Brochier', 'AdditionalStreetName': None, 'CityName': 'Marseille', 'PostalZone': '13295', 'Country': 'FRA'};261300081;False;CENTRE HOSPITALIER REGIONAL DE MARSEILLE;HOPITAUX DE PROVENCE;;;fournitures;"['Valeur technique', ""Démarche Rse du candidat dans le cadre de l'exécution du contrat"", 'Délai de livraison', 'Prix des prestations']";['technique', 'social', 'delai', 'prix'];[50.0, 3.0, 2.0, 45.0];;False;1616084.0;False;;sans remise en concurrence;;26-87811;;6786.8;;LOT-0010;18937100;4826000.0;26;3.0;3.0;2026-0029 FOURNITURE  DE PETITS MATERIELS DE MANUTENTION,  D'EMBALLAGES DIVERS ET D'EMBALLAGES DE PRELEVEMENTS BIOLOGIQUES;ouverte;2026-0029;3.0;;;False;False;False;;7364.0;Établissement d'hospitalisation ;10 000  et plus ;False;1901-01-01;86.10Z;2008;5710.0;SAS, société par actions simplifiée;1  ou  2;False;<NA>;2008;M;71;71.1;71.12;71.12B;2017-10-16;(49.912824, 2.253467);Amiens;Somme;Hauts-de-France;(43.291346, 5.393925);Marseille;Bouches-du-Rhône;Provence-Alpes-Côte d'Azur;;;;;;;;
False;['39221150'];;True;True;False;attribue;{'StreetName': '6 Rue De L Electricite', 'AdditionalStreetName': None, 'CityName': 'Hoenheim', 'PostalZone': '67800', 'Country': 'FRA'};380527168;False;LABORATORY ENVIRONMENT SUPPORT SYSTEMS - LESS FRANCE -;LABORATORY ENVIRONMENT SUPPORT SYSTEMS - LESS FRANCE -;2026-09-11;{'StreetName': '80 rue Brochier', 'AdditionalStreetName': None, 'CityName': 'Marseille', 'PostalZone': '13295', 'Country': 'FRA'};261300081;False;CENTRE HOSPITALIER REGIONAL DE MARSEILLE;HOPITAUX DE PROVENCE;;;fournitures;"['Valeur technique', ""Démarche Rse du candidat dans le cadre de l'exécution du contrat"", 'Délai de livraison', 'Prix des prestations']";['technique', 'social', 'delai', 'prix'];[50.0, 3.0, 2.0, 45.0];;False;1616084.0;False;;sans remise en concurrence;;26-87811;;8285.76;;LOT-0011;18937100;4826000.0;26;4.0;4.0;2026-0029 FOURNITURE  DE PETITS MATERIELS DE MANUTENTION,  D'EMBALLAGES DIVERS ET D'EMBALLAGES DE PRELEVEMENTS BIOLOGIQUES;ouverte;2026-0029;3.0;;;False;False;False;;7364.0;Établissement d'hospitalisation ;10 000  et plus ;False;1901-01-01;86.10Z;2008;5710.0;SAS, société par actions simplifiée;10  à  19;False;<NA>;2008;G;46;46.4;46.46;46.46Z;1991-01-07;(48.627226, 7.762384);Hœnheim;Bas-Rhin;Grand Est;(43.291346, 5.393925);Marseille;Bouches-du-Rhône;Provence-Alpes-Côte d'Azur;;;;;;;;
False;['39221150'];;True;True;False;non attribue;;;False;;;2026-09-11;{'StreetName': '80 rue Brochier', 'AdditionalStreetName': None, 'CityName': 'Marseille', 'PostalZone': '13295', 'Country': 'FRA'};261300081;False;CENTRE HOSPITALIER REGIONAL DE MARSEILLE;HOPITAUX DE PROVENCE;;;fournitures;"['Valeur technique', ""Démarche Rse du candidat dans le cadre de l'exécution du contrat"", 'Délai de livraison', 'Prix des prestations']";['technique', 'social', 'delai', 'prix'];[50.0, 3.0, 2.0, 45.0];;False;1616084.0;False;;sans remise en concurrence;;26-87811;;;;LOT-0012;18937100;4826000.0;26;4.0;;2026-0029 FOURNITURE  DE PETITS MATERIELS DE MANUTENTION,  D'EMBALLAGES DIVERS ET D'EMBALLAGES DE PRELEVEMENTS BIOLOGIQUES;ouverte;2026-0029;3.0;;;False;False;False;;7364.0;Établissement d'hospitalisation ;10 000  et plus ;False;1901-01-01;86.10Z;2008;;;;;;<NA>;;;;;<NA>;<NA>;;;;;(43.291346, 5.393925);Marseille;Bouches-du-Rhône;Provence-Alpes-Côte d'Azur;;;;;;;;
False;['18937100'];;True;True;False;attribue;{'StreetName': 'Zae Le Pre De La Dame Jeanne', 'AdditionalStreetName': None, 'CityName': 'Plailly', 'PostalZone': '60128', 'Country': 'FRA'};328451919;False;E 3 CORTEX;societe e3 cortex;2026-09-11;{'StreetName': '80 rue Brochier', 'AdditionalStreetName': None, 'CityName': 'Marseille', 'PostalZone': '13295', 'Country': 'FRA'};261300081;False;CENTRE HOSPITALIER REGIONAL DE MARSEILLE;HOPITAUX DE PROVENCE;;;fournitures;"['Valeur technique', ""Démarche Rse du candidat dans le cadre de l'exécution du contrat"", 'Délai de livraison', 'Prix des prestations']";['technique', 'social', 'delai', 'prix'];[50.0, 3.0, 2.0, 45.0];;False;1616084.0;False;;sans remise en concurrence;;26-87811;;9180.32;;LOT-0013;18937100;4826000.0;26;4.0;4.0;2026-0029 FOURNITURE  DE PETITS MATERIELS DE MANUTENTION,  D'EMBALLAGES DIVERS ET D'EMBALLAGES DE PRELEVEMENTS BIOLOGIQUES;ouverte;2026-0029;3.0;;;False;False;False;;7364.0;Établissement d'hospitalisation ;10 000  et plus ;False;1901-01-01;86.10Z;2008;5710.0;SAS, société par actions simplifiée;20  à  49;False;<NA>;2008;G;46;46.7;46.73;46.73A;1983-11-04;(49.099532, 2.560281);Plailly;Oise;Hauts-de-France;(43.291346, 5.393925);Marseille;Bouches-du-Rhône;Provence-Alpes-Côte d'Azur;;;;;;;;
False;['18930000'];;True;True;False;attribue;{'StreetName': '27 Rue Des Cayennes', 'AdditionalStreetName': None, 'CityName': 'Conflans-Sainte-Honorine', 'PostalZone': '78700', 'Country': 'FRA'};385091962;False;LMREA;LM PLASTIQUES;2026-09-11;{'StreetName': '80 rue Brochier', 'AdditionalStreetName': None, 'CityName': 'Marseille', 'PostalZone': '13295', 'Country': 'FRA'};261300081;False;CENTRE HOSPITALIER REGIONAL DE MARSEILLE;HOPITAUX DE PROVENCE;;;fournitures;"['Valeur technique', ""Démarche Rse du candidat dans le cadre de l'exécution du contrat"", 'Délai de livraison', 'Prix des prestations']";['technique', 'social', 'delai', 'prix'];[40.0, 3.0, 2.0, 55.0];;False;1616084.0;False;;sans remise en concurrence;;26-87811;;94486.08;;LOT-0014;18937100;4826000.0;26;2.0;2.0;2026-0029 FOURNITURE  DE PETITS MATERIELS DE MANUTENTION,  D'EMBALLAGES DIVERS ET D'EMBALLAGES DE PRELEVEMENTS BIOLOGIQUES;ouverte;2026-0029;3.0;;;False;False;False;;7364.0;Établissement d'hospitalisation ;10 000  et plus ;False;1901-01-01;86.10Z;2008;5710.0;SAS, société par actions simplifiée;10  à  19;False;<NA>;2008;C;22;22.2;22.29;22.29A;1992-04-01;(49.01146, 2.084659);Conflans-Sainte-Honorine;Yvelines;Île-de-France;(43.291346, 5.393925);Marseille;Bouches-du-Rhône;Provence-Alpes-Côte d'Azur;;;;;;;;
False;['35113000'];;True;True;False;attribue;{'StreetName': '2 Rue Paul Langevin', 'AdditionalStreetName': None, 'CityName': 'Tourcoing', 'PostalZone': '59200', 'Country': 'FRA'};435392725;False;ETIGO;SARL ETIGO;2026-09-11;{'StreetName': '80 rue Brochier', 'AdditionalStreetName': None, 'CityName': 'Marseille', 'PostalZone': '13295', 'Country': 'FRA'};261300081;False;CENTRE HOSPITALIER REGIONAL DE MARSEILLE;HOPITAUX DE PROVENCE;;;fournitures;"['Valeur technique', ""Démarche Rse du candidat dans le cadre de l'exécution du contrat"", 'Délai de livraison', 'Prix des prestations']";['technique', 'social', 'delai', 'prix'];[40.0, 3.0, 2.0, 55.0];;False;1616084.0;False;;sans remise en concurrence;;26-87811;;378000.0;;LOT-0015;18937100;4826000.0;26;2.0;1.0;2026-0029 FOURNITURE  DE PETITS MATERIELS DE MANUTENTION,  D'EMBALLAGES DIVERS ET D'EMBALLAGES DE PRELEVEMENTS BIOLOGIQUES;ouverte;2026-0029;3.0;;;False;False;False;;7364.0;Établissement d'hospitalisation ;10 000  et plus ;False;1901-01-01;86.10Z;2008;5710.0;SAS, société par actions simplifiée;50  à  99;False;<NA>;2008;G;46;46.6;46.69;46.69B;2001-04-01;(50.717469, 3.134046);Tourcoing;Nord;Hauts-de-France;(43.291346, 5.393925);Marseille;Bouches-du-Rhône;Provence-Alpes-Côte d'Azur;;;;;;;;
False;['35113000'];;True;True;False;attribue;{'StreetName': '2 Rue Paul Langevin', 'AdditionalStreetName': None, 'CityName': 'Tourcoing', 'PostalZone': '59200', 'Country': 'FRA'};435392725;False;ETIGO;SARL ETIGO;2026-09-11;{'StreetName': '80 rue Brochier', 'AdditionalStreetName': None, 'CityName': 'Marseille', 'PostalZone': '13295', 'Country': 'FRA'};261300081;False;CENTRE HOSPITALIER REGIONAL DE MARSEILLE;HOPITAUX DE PROVENCE;;;fournitures;"['Valeur technique', ""Démarche Rse du candidat dans le cadre de l'exécution du contrat"", 'Délai de livraison', 'Prix des prestations']";['technique', 'social', 'delai', 'prix'];[40.0, 3.0, 2.0, 55.0];;False;1616084.0;False;;sans remise en concurrence;;26-87811;;91880.08;;LOT-0016;18937100;4826000.0;26;1.0;1.0;2026-0029 FOURNITURE  DE PETITS MATERIELS DE MANUTENTION,  D'EMBALLAGES DIVERS ET D'EMBALLAGES DE PRELEVEMENTS BIOLOGIQUES;ouverte;2026-0029;3.0;;;False;False;False;;7364.0;Établissement d'hospitalisation ;10 000  et plus ;False;1901-01-01;86.10Z;2008;5710.0;SAS, société par actions simplifiée;50  à  99;False;<NA>;2008;G;46;46.6;46.69;46.69B;2001-04-01;(50.717469, 3.134046);Tourcoing;Nord;Hauts-de-France;(43.291346, 5.393925);Marseille;Bouches-du-Rhône;Provence-Alpes-Côte d'Azur;;;;;;;;
False;['44143000'];;True;True;False;attribue;{'StreetName': '41 Bd Romain Rolland', 'AdditionalStreetName': None, 'CityName': 'Paris 14', 'PostalZone': '75014', 'Country': 'FRA'};672009636;False;BRINK'S FRANCE;BRINK'S;2026-09-11;{'StreetName': '80 rue Brochier', 'AdditionalStreetName': None, 'CityName': 'Marseille', 'PostalZone': '13295', 'Country': 'FRA'};261300081;False;CENTRE HOSPITALIER REGIONAL DE MARSEILLE;HOPITAUX DE PROVENCE;;;fournitures;"['Valeur technique', ""Démarche Rse du candidat dans le cadre de l'exécution du contrat"", 'Délai de livraison', 'Prix des prestations']";['technique', 'social', 'delai', 'prix'];[40.0, 3.0, 2.0, 55.0];;False;1616084.0;False;;sans remise en concurrence;;26-87811;;174597.0;;LOT-0017;18937100;4826000.0;26;3.0;2.0;2026-0029 FOURNITURE  DE PETITS MATERIELS DE MANUTENTION,  D'EMBALLAGES DIVERS ET D'EMBALLAGES DE PRELEVEMENTS BIOLOGIQUES;ouverte;2026-0029;3.0;;;False;False;False;;7364.0;Établissement d'hospitalisation ;10 000  et plus ;False;1901-01-01;86.10Z;2008;5710.0;SAS, société par actions simplifiée;200  à  249;False;<NA>;2008;M;70;70.1;70.1;70.10Z;1967-01-01;(48.831065, 2.321395);Paris;Paris;Île-de-France;(43.291346, 5.393925);Marseille;Bouches-du-Rhône;Provence-Alpes-Côte d'Azur;;;;;;;;
False;['19520000'];;True;True;False;non attribue;;;False;;;2026-09-11;{'StreetName': '80 rue Brochier', 'AdditionalStreetName': None, 'CityName': 'Marseille', 'PostalZone': '13295', 'Country': 'FRA'};261300081;False;CENTRE HOSPITALIER REGIONAL DE MARSEILLE;HOPITAUX DE PROVENCE;;;fournitures;"['Valeur technique', ""Démarche Rse du candidat dans le cadre de l'exécution du contrat"", 'Délai de livraison', 'Prix des prestations']";['technique', 'social', 'delai', 'prix'];[40.0, 3.0, 2.0, 55.0];;False;1616084.0;False;;sans remise en concurrence;;26-87811;;;;LOT-0018;18937100;4826000.0;26;0.0;;2026-0029 FOURNITURE  DE PETITS MATERIELS DE MANUTENTION,  D'EMBALLAGES DIVERS ET D'EMBALLAGES DE PRELEVEMENTS BIOLOGIQUES;ouverte;2026-0029;3.0;;;False;False;False;;7364.0;Établissement d'hospitalisation ;10 000  et plus ;False;1901-01-01;86.10Z;2008;;;;;;<NA>;;;;;<NA>;<NA>;;;;;(43.291346, 5.393925);Marseille;Bouches-du-Rhône;Provence-Alpes-Côte d'Azur;;;;;;;;
False;['44614100'];;True;True;False;attribue;{'StreetName': '112 Rue Haute De Crouin', 'AdditionalStreetName': None, 'CityName': 'Cognac', 'PostalZone': '16100', 'Country': 'FRA'};440372951;False;ACTILEV;ACTILEV;2026-09-11;{'StreetName': '80 rue Brochier', 'AdditionalStreetName': None, 'CityName': 'Marseille', 'PostalZone': '13295', 'Country': 'FRA'};261300081;False;CENTRE HOSPITALIER REGIONAL DE MARSEILLE;HOPITAUX DE PROVENCE;;;fournitures;"['Valeur technique', ""Démarche Rse du candidat dans le cadre de l'exécution du contrat"", 'Délai de livraison', 'Prix des prestations']";['technique', 'social', 'delai', 'prix'];[40.0, 3.0, 2.0, 55.0];;False;1616084.0;False;;sans remise en concurrence;;26-87811;;16536.8;;LOT-0019;18937100;4826000.0;26;1.0;1.0;2026-0029 FOURNITURE  DE PETITS MATERIELS DE MANUTENTION,  D'EMBALLAGES DIVERS ET D'EMBALLAGES DE PRELEVEMENTS BIOLOGIQUES;ouverte;2026-0029;3.0;;;False;False;False;;7364.0;Établissement d'hospitalisation ;10 000  et plus ;False;1901-01-01;86.10Z;2008;5710.0;SAS, société par actions simplifiée;10  à  19;False;<NA>;2008;C;28;28.2;28.22;28.22Z;2002-01-03;(45.688188, -0.348993);Cognac;Charente;Nouvelle-Aquitaine;(43.291346, 5.393925);Marseille;Bouches-du-Rhône;Provence-Alpes-Côte d'Azur;;;;;;;;
False;['19520000'];;True;True;False;non attribue;;;False;;;2026-09-11;{'StreetName': '80 rue Brochier', 'AdditionalStreetName': None, 'CityName': 'Marseille', 'PostalZone': '13295', 'Country': 'FRA'};261300081;False;CENTRE HOSPITALIER REGIONAL DE MARSEILLE;HOPITAUX DE PROVENCE;;;fournitures;"['Valeur technique', ""Démarche Rse du candidat dans le cadre de l'exécution du contrat"", 'Délai de livraison', 'Prix des prestations']";['technique', 'social', 'delai', 'prix'];[40.0, 3.0, 2.0, 55.0];;False;1616084.0;False;;sans remise en concurrence;;26-87811;;;;LOT-0020;18937100;4826000.0;26;0.0;;2026-0029 FOURNITURE  DE PETITS MATERIELS DE MANUTENTION,  D'EMBALLAGES DIVERS ET D'EMBALLAGES DE PRELEVEMENTS BIOLOGIQUES;ouverte;2026-0029;3.0;;;False;False;False;;7364.0;Établissement d'hospitalisation ;10 000  et plus ;False;1901-01-01;86.10Z;2008;;;;;;<NA>;;;;;<NA>;<NA>;;;;;(43.291346, 5.393925);Marseille;Bouches-du-Rhône;Provence-Alpes-Côte d'Azur;;;;;;;;
False;['39221150'];;True;True;False;attribue;{'StreetName': '6 Rue De L Electricite', 'AdditionalStreetName': None, 'CityName': 'Hoenheim', 'PostalZone': '67800', 'Country': 'FRA'};380527168;False;LABORATORY ENVIRONMENT SUPPORT SYSTEMS - LESS FRANCE -;LABORATORY ENVIRONMENT SUPPORT SYSTEMS - LESS FRANCE -;2026-09-11;{'StreetName': '80 rue Brochier', 'AdditionalStreetName': None, 'CityName': 'Marseille', 'PostalZone': '13295', 'Country': 'FRA'};261300081;False;CENTRE HOSPITALIER REGIONAL DE MARSEILLE;HOPITAUX DE PROVENCE;;;fournitures;"['Valeur technique', ""Démarche Rse du candidat dans le cadre de l'exécution du contrat"", 'Délai de livraison', 'Prix des prestations']";['technique', 'social', 'delai', 'prix'];[40.0, 3.0, 2.0, 55.0];;False;1616084.0;False;;sans remise en concurrence;;26-87811;;5810.4;;LOT-0021;18937100;4826000.0;26;2.0;2.0;2026-0029 FOURNITURE  DE PETITS MATERIELS DE MANUTENTION,  D'EMBALLAGES DIVERS ET D'EMBALLAGES DE PRELEVEMENTS BIOLOGIQUES;ouverte;2026-0029;3.0;;;False;False;False;;7364.0;Établissement d'hospitalisation ;10 000  et plus ;False;1901-01-01;86.10Z;2008;5710.0;SAS, société par actions simplifiée;10  à  19;False;<NA>;2008;G;46;46.4;46.46;46.46Z;1991-01-07;(48.627226, 7.762384);Hœnheim;Bas-Rhin;Grand Est;(43.291346, 5.393925);Marseille;Bouches-du-Rhône;Provence-Alpes-Côte d'Azur;;;;;;;;
False;['44143000'];;True;True;False;attribue;{'StreetName': '41 Bd Romain Rolland', 'AdditionalStreetName': None, 'CityName': 'Paris 14', 'PostalZone': '75014', 'Country': 'FRA'};672009636;False;BRINK'S FRANCE;BRINK'S;2026-09-11;{'StreetName': '80 rue Brochier', 'AdditionalStreetName': None, 'CityName': 'Marseille', 'PostalZone': '13295', 'Country': 'FRA'};261300081;False;CENTRE HOSPITALIER REGIONAL DE MARSEILLE;HOPITAUX DE PROVENCE;;;fournitures;"['Valeur technique', ""Démarche Rse du candidat dans le cadre de l'exécution du contrat"", 'Délai de livraison', 'Prix des prestations']";['technique', 'social', 'delai', 'prix'];[40.0, 3.0, 2.0, 55.0];;False;1616084.0;False;;sans remise en concurrence;;26-87811;;154370.8;;LOT-0022;18937100;4826000.0;26;3.0;2.0;2026-0029 FOURNITURE  DE PETITS MATERIELS DE MANUTENTION,  D'EMBALLAGES DIVERS ET D'EMBALLAGES DE PRELEVEMENTS BIOLOGIQUES;ouverte;2026-0029;3.0;;;False;False;False;;7364.0;Établissement d'hospitalisation ;10 000  et plus ;False;1901-01-01;86.10Z;2008;5710.0;SAS, société par actions simplifiée;200  à  249;False;<NA>;2008;M;70;70.1;70.1;70.10Z;1967-01-01;(48.831065, 2.321395);Paris;Paris;Île-de-France;(43.291346, 5.393925);Marseille;Bouches-du-Rhône;Provence-Alpes-Côte d'Azur;;;;;;;;
False;['44423300'];;True;True;False;non attribue;;;False;;;2026-09-11;{'StreetName': '80 rue Brochier', 'AdditionalStreetName': None, 'CityName': 'Marseille', 'PostalZone': '13295', 'Country': 'FRA'};261300081;False;CENTRE HOSPITALIER REGIONAL DE MARSEILLE;HOPITAUX DE PROVENCE;;;fournitures;"['Valeur technique', ""Démarche Rse du candidat dans le cadre de l'exécution du contrat"", 'Délai de livraison', 'Prix des prestations']";['technique', 'social', 'delai', 'prix'];[40.0, 3.0, 2.0, 55.0];;False;1616084.0;False;;sans remise en concurrence;;26-87811;;;;LOT-0023;18937100;4826000.0;26;0.0;;2026-0029 FOURNITURE  DE PETITS MATERIELS DE MANUTENTION,  D'EMBALLAGES DIVERS ET D'EMBALLAGES DE PRELEVEMENTS BIOLOGIQUES;ouverte;2026-0029;3.0;;;False;False;False;;7364.0;Établissement d'hospitalisation ;10 000  et plus ;False;1901-01-01;86.10Z;2008;;;;;;<NA>;;;;;<NA>;<NA>;;;;;(43.291346, 5.393925);Marseille;Bouches-du-Rhône;Provence-Alpes-Côte d'Azur;;;;;;;;
False;['44617100'];;True;True;False;attribue;{'StreetName': '37 Rue Denfert Rochereau', 'AdditionalStreetName': None, 'CityName': 'Lyon 4eme', 'PostalZone': '69004', 'Country': 'FRA'};957527021;False;CARTONNAGES HALLER;CARTONNAGES HALLER;2026-09-11;{'StreetName': '80 rue Brochier', 'AdditionalStreetName': None, 'CityName': 'Marseille', 'PostalZone': '13295', 'Country': 'FRA'};261300081;False;CENTRE HOSPITALIER REGIONAL DE MARSEILLE;HOPITAUX DE PROVENCE;;;fournitures;"['Valeur technique', ""Démarche Rse du candidat dans le cadre de l'exécution du contrat"", 'Délai de livraison', 'Prix des prestations']";['technique', 'social', 'delai', 'prix'];[40.0, 3.0, 2.0, 55.0];;False;1616084.0;False;;sans remise en concurrence;;26-87811;;44320.0;;LOT-0024;18937100;4826000.0;26;3.0;2.0;2026-0029 FOURNITURE  DE PETITS MATERIELS DE MANUTENTION,  D'EMBALLAGES DIVERS ET D'EMBALLAGES DE PRELEVEMENTS BIOLOGIQUES;ouverte;2026-0029;3.0;;;False;False;False;;7364.0;Établissement d'hospitalisation ;10 000  et plus ;False;1901-01-01;86.10Z;2008;5710.0;SAS, société par actions simplifiée;10  à  19;False;<NA>;2008;C;17;17.2;17.21;17.21A;1957-01-01;(45.776701, 4.826249);Lyon;Rhône;Auvergne-Rhône-Alpes;(43.291346, 5.393925);Marseille;Bouches-du-Rhône;Provence-Alpes-Côte d'Azur;;;;;;;;
False;['39221150'];;True;True;False;attribue;{'StreetName': 'Zae Le Pre De La Dame Jeanne', 'AdditionalStreetName': None, 'CityName': 'Plailly', 'PostalZone': '60128', 'Country': 'FRA'};328451919;False;E 3 CORTEX;societe e3 cortex;2026-09-11;{'StreetName': '80 rue Brochier', 'AdditionalStreetName': None, 'CityName': 'Marseille', 'PostalZone': '13295', 'Country': 'FRA'};261300081;False;CENTRE HOSPITALIER REGIONAL DE MARSEILLE;HOPITAUX DE PROVENCE;;;fournitures;"['Valeur technique', ""Démarche Rse du candidat dans le cadre de l'exécution du contrat"", 'Délai de livraison', 'Prix des prestations']";['technique', 'social', 'delai', 'prix'];[40.0, 3.0, 2.0, 55.0];;False;1616084.0;False;;sans remise en concurrence;;26-87811;;56540.0;;LOT-0025;18937100;4826000.0;26;1.0;1.0;2026-0029 FOURNITURE  DE PETITS MATERIELS DE MANUTENTION,  D'EMBALLAGES DIVERS ET D'EMBALLAGES DE PRELEVEMENTS BIOLOGIQUES;ouverte;2026-0029;3.0;;;False;False;False;;7364.0;Établissement d'hospitalisation ;10 000  et plus ;False;1901-01-01;86.10Z;2008;5710.0;SAS, société par actions simplifiée;20  à  49;False;<NA>;2008;G;46;46.7;46.73;46.73A;1983-11-04;(49.099532, 2.560281);Plailly;Oise;Hauts-de-France;(43.291346, 5.393925);Marseille;Bouches-du-Rhône;Provence-Alpes-Côte d'Azur;;;;;;;;
False;['42990000'];;True;True;False;non attribue;;;False;;;2026-09-11;{'StreetName': '80 rue Brochier', 'AdditionalStreetName': None, 'CityName': 'Marseille', 'PostalZone': '13295', 'Country': 'FRA'};261300081;False;CENTRE HOSPITALIER REGIONAL DE MARSEILLE;HOPITAUX DE PROVENCE;;;fournitures;"['Valeur technique', ""Démarche Rse du candidat dans le cadre de l'exécution du contrat"", 'Délai de livraison', 'Prix des prestations']";['technique', 'social', 'delai', 'prix'];[45.0, 3.0, 2.0, 50.0];;False;1616084.0;False;;sans remise en concurrence;;26-87811;;;;LOT-0026;18937100;4826000.0;26;1.0;;2026-0029 FOURNITURE  DE PETITS MATERIELS DE MANUTENTION,  D'EMBALLAGES DIVERS ET D'EMBALLAGES DE PRELEVEMENTS BIOLOGIQUES;ouverte;2026-0029;3.0;;;False;False;False;;7364.0;Établissement d'hospitalisation ;10 000  et plus ;False;1901-01-01;86.10Z;2008;;;;;;<NA>;;;;;<NA>;<NA>;;;;;(43.291346, 5.393925);Marseille;Bouches-du-Rhône;Provence-Alpes-Côte d'Azur;;;;;;;;
False;['71250000'];;False;False;False;attribue;;;False;;;2026-09-11;{'StreetName': '2 place victor hugo BP 269', 'AdditionalStreetName': None, 'CityName': 'Saint-denis cédex 01', 'PostalZone': '93205', 'Country': 'FRA'};929939411;True;COMMUNE DE SAINT-DENIS;Commune de  Saint-Denis;2025-08-19;;services;"[""Valeur technique de l'offre jugée au travers du mémoire technique détaillant -40% : \nLa compréhension des enjeux (techniques et environnementaux) du programme, et des contraintes du site\nLa méthode mise en oeuvre pour respecter le coût objectif de travaux et le calendrier prévisionnel\nLa méthodologie et organisation de travail et de coordination au sein de l'équipe de maîtrise d'oeuvre"", ""Mesures environnementales prises par le candidat dans le cadre du marché (5%)notamment sur la qualité des véhicules utilisées dans le cadre des déplacements et lors de l'exécution de la prestation, sur l'utilisation de papiers et d'encres labellisés, respectueux de l'environnement, pour l'impression des livrables"", 'le montant global des honoraires - 40%', ""Cohérence de l'offre jugée au travers de la décomposition des honoraires - 15% :\n-Cohérence de la répartition des volumes horaires par membre de l'équipe de maîtrise d'oeuvre\n-Cohérence de la répartition et des quantités horaires par élément de missions""]";['environnemental', 'environnemental', 'prix', 'qualite'];[40.0, 5.0, 40.0, 15.0];1230.0;False;;False;{'StreetName': None, 'CityName': 'Saint-Denis', 'PostalZone': '93200', 'NUTS': 'FR106', 'Country': 'FRA'};;;26-87644;25-92698;261261.0;;LOT-0001;71200000;;1;3.0;;PHASE CANDIDATURE - Mission de Maîtrise d'OEuvre pour la Relocalisation de la MPE les Poulbots et la restructuration de la RPA Basilique (activités intergénérationnelles).;negociee;;;;True;False;False;False;261261.0;7210.0;Commune et commune nouvelle ;;False;2025-01-01;84.11Z;2008;;;;;;<NA>;;;;;<NA>;<NA>;;;;;(49.570536, 3.633713);Laon;Aisne;Hauts-de-France;;;;;;;;
False;['90610000', '77310000'];;True;False;False;attribue;{'StreetName': '4 Allée René Descartes', 'AdditionalStreetName': None, 'CityName': 'NANTERRE', 'PostalZone': '92000', 'Country': 'FRA'};521117036;True;REGIE DE QUARTIERS DE NANTERRE;RÉGIE DE QUARTIER DE NATERRE;2026-09-11;{'StreetName': 'Service de la Commande Publique 1 Place du 27 Mars 2002', 'AdditionalStreetName': None, 'CityName': 'NANTERRE', 'PostalZone': '92000', 'Country': 'FRA'};219200508;True;COMMUNE DE NANTERRE;Commune de Nanterre;;2026-09-03+01:00;services;['Prix au regard du détail quantitatif Estimatif (DQE)', 'Valeur technique au regard du mémoire technique :\nsous-critère 1 : qualité de la démarche d’accompagnement et de professionnalisation mis en œuvre pour la mission principale liée à l’insertion professionnelle\nsous-critère 2 : qualité  de la réalisation des activités supports'];['prix', 'social'];;1460.0;False;1300000.0;False;{'StreetName': 'Commune de Nanterre', 'CityName': 'Nanterre', 'PostalZone': '92000', 'NUTS': 'FR105', 'Country': 'FRA'};;;26-87676;;1300000.0;1300000.0;LOT-0001;75231240;;1;1.0;;SERVICES D’INSERTION ET DE QUALIFICATION PROFESSIONNELLE AXES SUR DES PRESTATIONS D’ENTRETIEN DES ESPACES PUBLICS ET DES ESPACES VERTS;ouverte;MAPA-SPE-13-2026;3.0;;;True;False;False;1300000.0;7210.0;Commune et commune nouvelle ;2 000  à  4 999;False;1966-05-01;84.11Z;2008;9220.0;Association déclarée ;50  à  99;True;<NA>;2008;Q;88;88.9;88.99;88.99B;2010-04-01;(48.89582, 2.212357);Nanterre;Hauts-de-Seine;Île-de-France;(48.892222, 2.206936);Nanterre;Hauts-de-Seine;Île-de-France;;;;;;;;
False;['45213210'];;False;False;False;attribue;"{'StreetName': ""7 RUE DU ZEPHIR - PARC D’ACTIVITÉS DE L'OCEANE"", 'AdditionalStreetName': None, 'CityName': 'VILLEJUST', 'PostalZone': '91140', 'Country': 'FRA'}";423606433;True;AFATEK;AFATEK;2026-09-11;{'StreetName': '2 place DU CAQUETBP 269', 'AdditionalStreetName': 'BP 269', 'CityName': 'SAINT-DENIS CEDEX', 'PostalZone': '93205', 'Country': 'FRA'};929939411;True;COMMUNE DE SAINT-DENIS;COMMUNE NOUVELLE DE VILLE DE SAINT-DENIS;;;services;['Modalités d’organisation de la prestation, personnes dédiées à la prestation, traitement des fluides frigorigènes etc.', 'Délais d’intervention - 15% \n(24/24h et 7/7jours) et modalités d’intervention (description du dispositif d’astreinte, modalités de prises en compte des demandes etc.)', 'Critère environnemental 15 % :\nPerformance énergétique et réduction des émissions notamment : Engagements et solutions proposées pour optimiser les réglages des équipements, réduire la consommation électrique et limiter les émissions liées aux installations. Plan de maintenance préventive écologique : Actions prévues pour réduire les fuites de fluides frigorigènes et prolonger la durée de vie des équipements afin de limiter leur renouvellement', 'PRIX- 35 % :\nTotal DPGF 20% \nTotal DQE 15%'];['qualite', 'delai', 'environnemental', 'prix'];[35.0, 15.0, 15.0, 35.0];365.0;True;;False;{'StreetName': None, 'CityName': 'Commune nouvelle de Saint-Denis', 'PostalZone': '93200', 'NUTS': 'FR106', 'Country': 'FRA'};sans remise en concurrence;;26-87647;;38700.0;;LOT-0001;75310000;75000.0;1;2.0;;Accord-cadre pour la maintenance et petits travaux des installations frigorifiques de la cuisine centrale;ouverte;202512161219;;;;False;False;False;38700.0;7210.0;Commune et commune nouvelle ;;False;2025-01-01;84.11Z;2008;5710.0;SAS, société par actions simplifiée;20  à  49;False;<NA>;2008;C;33;33.2;33.2;33.20B;1999-06-15;(48.684151, 2.219577);Villejust;Essonne;Île-de-France;;;;;;;;;;;;
False;;;True;True;False;attribue;{'StreetName': '194 AVENUE DE LA GARE SUD DE FRANCE', 'AdditionalStreetName': None, 'CityName': 'LATTES', 'PostalZone': '34970', 'Country': 'FRA'};522921634;True;SEPTEO HOSPITALITY SOLUTIONS;SEPTEO HOSPITALITY SOLUTIONS;2026-09-11;{'StreetName': '3 rue Franklin, Tour Cityscope', 'AdditionalStreetName': None, 'CityName': 'Montreuil cedex', 'PostalZone': '93108', 'Country': 'FRA'};305080178;True;ACTION SOCIALE FINANCES VACANCES;Association ASF Vacances;;2026-07-15+02:00;services;['Prix', 'Valeur technique', 'Démarche RSE'];['prix', 'technique', 'social'];[40.0, 50.0, 10.0];;False;;False;{'StreetName': '3 rue Franklin, Tour Cityscope', 'CityName': 'Montreuil cedex', 'PostalZone': '93108', 'NUTS': 'FR101', 'Country': 'FRA'};sans remise en concurrence;;26-87739;;0.0;;LOT-0001;72000000;800000.0;2;6.0;;Acquisition et mise en œuvre d'une solution ERP en mode SaaS avec site web marchand et application mobile;ouverte;PPP1J3-88/6062/202606;3.0;;;False;False;False;;9220.0;Association déclarée ;50  à  99;True;1900-01-01;55.20Z;2008;5710.0;SAS, société par actions simplifiée;250  à  499;False;False;2008;J;58;58.2;58.29;58.29C;2010-04-26;(43.591509, 3.932524);Lattes;Hérault;Occitanie;(48.8618, 2.443557);Montreuil;Seine-Saint-Denis;Île-de-France;;;;;;;;
False;;;True;True;False;non attribue;;;False;;;2026-09-11;{'StreetName': '3 rue Franklin, Tour Cityscope', 'AdditionalStreetName': None, 'CityName': 'Montreuil cedex', 'PostalZone': '93108', 'Country': 'FRA'};305080178;True;ACTION SOCIALE FINANCES VACANCES;Association ASF Vacances;;;services;['Prix', 'Valeur technique', 'Démarche RSE'];['prix', 'technique', 'social'];[40.0, 50.0, 10.0];1440.0;False;;False;{'StreetName': '3 rue Franklin, Tour Cityscope', 'CityName': 'Montreuil cedex', 'PostalZone': '93108', 'NUTS': 'FR101', 'Country': 'FRA'};sans remise en concurrence;;26-87739;;;;LOT-0002;72000000;800000.0;2;6.0;;Acquisition et mise en œuvre d'une solution ERP en mode SaaS avec site web marchand et application mobile;ouverte;PPP1J3-88/6062/202606;3.0;;;False;False;False;;9220.0;Association déclarée ;50  à  99;True;1900-01-01;55.20Z;2008;;;;;;<NA>;;;;;<NA>;<NA>;;;;;(48.8618, 2.443557);Montreuil;Seine-Saint-Denis;Île-de-France;;;;;;;;
False;['85312110'];;False;False;False;attribue;{'StreetName': '148 Rte De La Reine', 'AdditionalStreetName': None, 'CityName': 'Boulogne-Billancourt', 'PostalZone': '92100', 'Country': 'FRA'};821450749;False;LA MAISON BLEUE;La MAISON BLEUE;2026-09-11;{'StreetName': '28, avenue du Général Leclerc', 'AdditionalStreetName': None, 'CityName': 'Sevran', 'PostalZone': '93270', 'Country': 'FRA'};219300712;False;COMMUNE DE SEVRAN;Ville de Sevran;;2026-08-11+02:00;services;"[""Valeur technique de l'offre"", 'Prix']";['technique', 'prix'];[70.0, 30.0];1440.0;False;500000.0;False;;;;26-87629;;480000.0;;LOT-0000;85312110;;1;1.0;;Réservation de places d'accueil en crèche à Sevran Quartier Westinghouse;ouverte;SE26033;;;;False;False;False;480000.0;7210.0;Commune et commune nouvelle ;1 000  à  1 999;False;1980-01-01;84.11Z;2008;5710.0;SAS, société par actions simplifiée;100  à  199;False;<NA>;2008;Q;88;88.9;88.91;88.91A;2016-07-07;(48.840666, 2.230695);Boulogne-Billancourt;Hauts-de-Seine;Île-de-France;(48.940022, 2.526722);Sevran;Seine-Saint-Denis;Île-de-France;;;;;;;;
False;['77312100'];;True;False;False;non attribue;;;False;;;2026-09-11;{'StreetName': '28, avenue du Général Leclerc', 'AdditionalStreetName': None, 'CityName': 'Sevran', 'PostalZone': '93270', 'Country': 'FRA'};219300712;False;COMMUNE DE SEVRAN;Ville de Sevran;;2026-12-01+01:00;services;"['La valeur technique est appréciée au regard du contenu du mémoire technique', ""Performances en matière d'insertion professionnelle des publics en difficulté"", 'Le critère prix sera calculé en prenant compte le montant global des prix en Ht']";['technique', 'social', 'prix'];[30.0, 40.0, 30.0];1440.0;True;;False;;sans remise en concurrence;;26-87778;;;;LOT-0000;77312100;;1;0.0;;Désherbage mécanique et manuel des voiries de la ville;ouverte;SE26022;3.0;;;True;True;True;;7210.0;Commune et commune nouvelle ;1 000  à  1 999;False;1980-01-01;84.11Z;2008;;;;;;<NA>;;;;;<NA>;<NA>;;;;;(48.940022, 2.526722);Sevran;Seine-Saint-Denis;Île-de-France;;;;;;;;
False;['71200000', '71223000', '71221000'];;True;True;False;attribue;;;False;;;2026-09-11;{'StreetName': 'Esplanade Charles de Gaulle', 'AdditionalStreetName': None, 'CityName': 'Bordeaux', 'PostalZone': '33045', 'Country': 'FRA'};243300316;False;BORDEAUX METROPOLE;Bordeaux Métropole;;;services;"[""Expérience de l'équipe et expertise dans la typologie de projet du lot concerné"", 'Organisation et méthodes spécifiquement mises en place pour assurer les missions précisant le détail pour les différentes phases', 'Prix']";['qualite', 'technique', 'prix'];[25.0, 25.0, 50.0];;False;39000000.0;False;;avec remise en concurrence;;26-87669;;2000000.0;;LOT-0001;71200000;23650000.0;6;23.0;;Accord-cadre de MOE pour les projets de travaux neufs (constructions et petites extensions)  ou/et  des travaux de restructuration/rénovation - Montant travaux inférieur à 850 000  euros  HT;ouverte;2025-CABMGC-0047;;;;False;False;False;;7344.0;Métropole;5 000  à  9 999;<NA>;1968-01-01;84.11Z;2008;;;;;;<NA>;;;;;<NA>;<NA>;;;;;(44.837353, -0.584767);Bordeaux;Gironde;Nouvelle-Aquitaine;;;;;;;;
False;['71200000', '71223000', '71221000'];;True;True;False;attribue;;;False;;;2026-09-11;{'StreetName': 'Esplanade Charles de Gaulle', 'AdditionalStreetName': None, 'CityName': 'Bordeaux', 'PostalZone': '33045', 'Country': 'FRA'};243300316;False;BORDEAUX METROPOLE;Bordeaux Métropole;;;services;"[""Expérience de l'équipe et expertise dans la typologie de projet du lot concerné"", 'Organisation et méthodes spécifiquement mises en place pour assurer les missions précisant le détail pour les différentes phases', 'Prix']";['qualite', 'technique', 'prix'];[25.0, 25.0, 50.0];;False;39000000.0;False;;avec remise en concurrence;;26-87669;;1833333.0;;LOT-0002;71200000;23650000.0;6;22.0;;Accord-cadre de MOE pour les projets de travaux neufs (constructions et petites extensions)  ou/et  des travaux de restructuration/rénovation - Montant travaux inférieur à 850 000  euros  HT;ouverte;2025-CABMGC-0047;;;;False;False;False;;7344.0;Métropole;5 000  à  9 999;<NA>;1968-01-01;84.11Z;2008;;;;;;<NA>;;;;;<NA>;<NA>;;;;;(44.837353, -0.584767);Bordeaux;Gironde;Nouvelle-Aquitaine;;;;;;;;
False;['71200000', '71223000', '71221000'];;True;True;False;attribue;;;False;;;2026-09-11;{'StreetName': 'Esplanade Charles de Gaulle', 'AdditionalStreetName': None, 'CityName': 'Bordeaux', 'PostalZone': '33045', 'Country': 'FRA'};243300316;False;BORDEAUX METROPOLE;Bordeaux Métropole;;;services;"[""Expérience de l'équipe et expertise dans la typologie de projet du lot concerné"", 'Organisation et méthodes spécifiquement mises en place pour assurer les missions précisant le détail pour les différentes phases', 'Prix']";['qualite', 'technique', 'prix'];[25.0, 25.0, 50.0];;False;39000000.0;False;;avec remise en concurrence;;26-87669;;333333.0;;LOT-0003;71200000;23650000.0;6;23.0;;Accord-cadre de MOE pour les projets de travaux neufs (constructions et petites extensions)  ou/et  des travaux de restructuration/rénovation - Montant travaux inférieur à 850 000  euros  HT;ouverte;2025-CABMGC-0047;;;;False;False;False;;7344.0;Métropole;5 000  à  9 999;<NA>;1968-01-01;84.11Z;2008;;;;;;<NA>;;;;;<NA>;<NA>;;;;;(44.837353, -0.584767);Bordeaux;Gironde;Nouvelle-Aquitaine;;;;;;;;
False;['71200000', '71223000', '71221000'];;True;True;False;attribue;;;False;;;2026-09-11;{'StreetName': 'Esplanade Charles de Gaulle', 'AdditionalStreetName': None, 'CityName': 'Bordeaux', 'PostalZone': '33045', 'Country': 'FRA'};243300316;False;BORDEAUX METROPOLE;Bordeaux Métropole;;;services;"[""Expérience de l'équipe et expertise dans la typologie de projet du lot concerné"", 'Organisation et méthodes spécifiquement mises en place pour assurer les missions précisant le détail pour les différentes phases', 'Prix']";['qualite', 'technique', 'prix'];[25.0, 25.0, 50.0];;False;39000000.0;False;;avec remise en concurrence;;26-87669;;2716666.0;;LOT-0004;71200000;23650000.0;6;27.0;;Accord-cadre de MOE pour les projets de travaux neufs (constructions et petites extensions)  ou/et  des travaux de restructuration/rénovation - Montant travaux inférieur à 850 000  euros  HT;ouverte;2025-CABMGC-0047;;;;False;False;False;;7344.0;Métropole;5 000  à  9 999;<NA>;1968-01-01;84.11Z;2008;;;;;;<NA>;;;;;<NA>;<NA>;;;;;(44.837353, -0.584767);Bordeaux;Gironde;Nouvelle-Aquitaine;;;;;;;;
False;['71200000', '71223000', '71221000'];;True;True;False;attribue;;;False;;;2026-09-11;{'StreetName': 'Esplanade Charles de Gaulle', 'AdditionalStreetName': None, 'CityName': 'Bordeaux', 'PostalZone': '33045', 'Country': 'FRA'};243300316;False;BORDEAUX METROPOLE;Bordeaux Métropole;;;services;"[""Expérience de l'équipe et expertise dans la typologie de projet du lot concerné"", 'Organisation et méthodes spécifiquement mises en place pour assurer les missions précisant le détail pour les différentes phases', 'Prix']";['qualite', 'technique', 'prix'];[25.0, 25.0, 50.0];;False;39000000.0;False;;avec remise en concurrence;;26-87669;;1000000.0;;LOT-0005;71200000;23650000.0;6;21.0;;Accord-cadre de MOE pour les projets de travaux neufs (constructions et petites extensions)  ou/et  des travaux de restructuration/rénovation - Montant travaux inférieur à 850 000  euros  HT;ouverte;2025-CABMGC-0047;;;;False;False;False;;7344.0;Métropole;5 000  à  9 999;<NA>;1968-01-01;84.11Z;2008;;;;;;<NA>;;;;;<NA>;<NA>;;;;;(44.837353, -0.584767);Bordeaux;Gironde;Nouvelle-Aquitaine;;;;;;;;
False;['71200000', '71223000', '71221000'];;True;True;False;non attribue;;;False;;;2026-09-11;{'StreetName': 'Esplanade Charles de Gaulle', 'AdditionalStreetName': None, 'CityName': 'Bordeaux', 'PostalZone': '33045', 'Country': 'FRA'};243300316;False;BORDEAUX METROPOLE;Bordeaux Métropole;;;services;"[""Expérience de l'équipe et expertise dans la typologie de projet du lot concerné"", 'Organisation et méthodes spécifiquement mises en place pour assurer les missions précisant le détail pour les différentes phases', 'Prix']";['qualite', 'technique', 'prix'];[25.0, 25.0, 50.0];;False;39000000.0;False;;avec remise en concurrence;;26-87669;;;;LOT-0006;71200000;23650000.0;6;6.0;;Accord-cadre de MOE pour les projets de travaux neufs (constructions et petites extensions)  ou/et  des travaux de restructuration/rénovation - Montant travaux inférieur à 850 000  euros  HT;ouverte;2025-CABMGC-0047;;;;False;False;False;;7344.0;Métropole;5 000  à  9 999;<NA>;1968-01-01;84.11Z;2008;;;;;;<NA>;;;;;<NA>;<NA>;;;;;(44.837353, -0.584767);Bordeaux;Gironde;Nouvelle-Aquitaine;;;;;;;;
False;;;True;False;False;attribue;"{'StreetName': ""2 rue de l'Aujardière - ZA PARC V"", 'AdditionalStreetName': None, 'CityName': 'Saint Christophe du Bois', 'PostalZone': '49280', 'Country': 'FRA'}";340327923;True;SOREMA;SAS SOREMA;2026-09-11;{'StreetName': 'Enora Park - Bâtiment 4 - 198 avenue du Haut Lévêque - CS 20020', 'AdditionalStreetName': None, 'CityName': 'Pessac', 'PostalZone': '33615', 'Country': 'FRA'};428822852;True;ETABLISSEMENT FRANCAIS DU SANG;EFS NOUVELLE-AQUITAINE;;;fournitures;['Valeur technique', 'Prix', 'Développement durable'];['technique', 'prix', 'environnemental'];[50.0, 40.0, 10.0];360.0;True;;False;{'StreetName': 'Place Amélie Raba Léon - CS 21010', 'CityName': 'Bordeaux', 'PostalZone': '33075', 'NUTS': 'FRI12', 'Country': 'FRA'};;;26-87822;;155000.0;;LOT-0001;38000000;;1;1.0;;Fourniture, installation et mise en service d'un surgélateur rapide;negociee;EFS-NVAQ417;;;;False;False;False;155000.0;7389.0;Établissement public national à caractère administratif ;5 000  à  9 999;False;1999-12-29;86.90C;2008;5710.0;SAS, société par actions simplifiée;20  à  49;False;<NA>;2008;C;28;28.2;28.25;28.25Z;1987-02-12;(47.030466, -0.936356);Saint-Christophe-du-Bois;Maine-et-Loire;Pays de la Loire;(44.782164, -0.650509);Pessac;Gironde;Nouvelle-Aquitaine;;;;;;;;
False;;;True;True;False;attribue;{'StreetName': '27 chemin des Peupliers Multiparc du Jubin Bât B', 'AdditionalStreetName': None, 'CityName': 'Dardilly', 'PostalZone': '69570', 'Country': 'FRA'};385293311;True;ASKCO;ASKCO;2026-09-11;{'StreetName': 'ENORA PARK - 198 avenue du Haut Lévêque', 'AdditionalStreetName': None, 'CityName': 'Pessac', 'PostalZone': '33615', 'Country': 'FRA'};428822852;True;ETABLISSEMENT FRANCAIS DU SANG;EFS NOUVELLE-AQUITAINE;;;services;['Prix', 'Valeur technique', 'Développement durable'];['prix', 'technique', 'environnemental'];[40.0, 50.0, 10.0];360.0;True;;False;{'StreetName': None, 'CityName': None, 'PostalZone': None, 'NUTS': 'FRI12', 'Country': 'FRA'};sans remise en concurrence;;26-87824;;7850.0;;LOT-0001;50000000;;2;3.0;;Maintenance des onduleurs et groupes électrogènes de l'EFS Nouvelle-Aquitaine;ouverte;EFS-NVAQ351;3.0;;;True;False;False;;7389.0;Établissement public national à caractère administratif ;5 000  à  9 999;False;1999-12-29;86.90C;2008;5710.0;SAS, société par actions simplifiée;20  à  49;False;<NA>;2008;C;33;33.1;33.14;33.14Z;1992-04-29;(45.813189, 4.761001);Dardilly;Rhône;Auvergne-Rhône-Alpes;(44.782164, -0.650509);Pessac;Gironde;Nouvelle-Aquitaine;;;;;;;;
False;;;True;True;False;attribue;{'StreetName': 'ZA La Plaine', 'AdditionalStreetName': None, 'CityName': 'BOISSEUIL', 'PostalZone': '87220', 'Country': 'FRA'};352774079;True;ENERIA;ENERIA;2026-09-11;{'StreetName': 'ENORA PARK - 198 avenue du Haut Lévêque', 'AdditionalStreetName': None, 'CityName': 'Pessac', 'PostalZone': '33615', 'Country': 'FRA'};428822852;True;ETABLISSEMENT FRANCAIS DU SANG;EFS NOUVELLE-AQUITAINE;;;services;['Prix', 'Valeur technique', 'Développement durable'];['prix', 'technique', 'environnemental'];[40.0, 50.0, 10.0];360.0;True;;False;{'StreetName': None, 'CityName': None, 'PostalZone': None, 'NUTS': 'FRI12', 'Country': 'FRA'};sans remise en concurrence;;26-87824;;24670.0;;LOT-0002;50000000;;2;4.0;;Maintenance des onduleurs et groupes électrogènes de l'EFS Nouvelle-Aquitaine;ouverte;EFS-NVAQ351;3.0;;;True;False;False;;7389.0;Établissement public national à caractère administratif ;5 000  à  9 999;False;1999-12-29;86.90C;2008;5710.0;SAS, société par actions simplifiée;500  à  999;False;<NA>;2008;C;33;33.1;33.14;33.14Z;1989-12-11;(45.76292, 1.331851);Boisseuil;Haute-Vienne;Nouvelle-Aquitaine;(44.782164, -0.650509);Pessac;Gironde;Nouvelle-Aquitaine;;;;;;;;
False;['44211500', '45112500', '45112710'];30.0;True;False;False;non attribue;;;False;;;2026-09-11;{'StreetName': 'Esplanade Charles de Gaulle', 'AdditionalStreetName': None, 'CityName': 'Bordeaux', 'PostalZone': '33045', 'Country': 'FRA'};243300316;False;BORDEAUX METROPOLE;Bordeaux Métropole;2025-04-09;2026-09-01+02:00;travaux;"['Valeur technique', 'Engagements de performance', 'Méthodologie de réalisation du projet', 'Pourcentage de prestations confiées aux Pme/Artisans', ""Coût global et forfaitaire définitif pour l'ensemble du marché""]";['technique', 'qualite', 'technique', 'qualite', 'prix'];[30.0, 15.0, 10.0, 5.0, 40.0];3780.0;True;23064602.0;False;{'StreetName': '2 Rue du Moulineau', 'CityName': 'Le Haillan', 'PostalZone': '33185', 'NUTS': 'FRI12', 'Country': 'FRA'};;;26-87483;25-39244;;23064602.0;LOT-0000;45454000;;1;3.0;;Marché global de performance pour la restructuration du Centre de Culture Mutualisé du Haillan;negociee;2024-CABM-0048;;False;False;True;True;True;;7344.0;Métropole;5 000  à  9 999;<NA>;1968-01-01;84.11Z;2008;;;;;;<NA>;;;;;<NA>;<NA>;;;;;(44.837353, -0.584767);Bordeaux;Gironde;Nouvelle-Aquitaine;;;;;;;;
False;;;True;True;False;attribue;{'StreetName': '251 rue de la Ferronnerie', 'AdditionalStreetName': None, 'CityName': 'Biscarrosse', 'PostalZone': '40600', 'Country': 'FRA'};401070891;True;EIFFAGE ENERGIE SYSTEMES - AQUITAINE;EIFFAGE ENERGIE SYSTEMES AQUITAINE;2026-09-11;{'StreetName': 'ENOAR PARK bâtiment 4 198 avenue du Haut Lévêque CS 20020', 'AdditionalStreetName': None, 'CityName': 'Pessac', 'PostalZone': '33615', 'Country': 'FRA'};428822852;True;ETABLISSEMENT FRANCAIS DU SANG;EFS NOUVELLE-AQUITAINE;;;services;['Prix', 'Valeur technique'];['prix', 'technique'];[40.0, 60.0];360.0;False;;False;{'StreetName': None, 'CityName': None, 'PostalZone': None, 'NUTS': 'FRI12', 'Country': 'FRA'};sans remise en concurrence;;26-87828;;816184.0;;LOT-0001;50610000;;3;1.0;;Maintenance des chambres froides, installations CVC, installations de plomberie/réseaux d’eau des sites de l’EFS Nouvelle-Aquitaine et petits travaux d’entretien;restreinte;EFS-NVAQ428;3.0;;;False;False;False;;7389.0;Établissement public national à caractère administratif ;5 000  à  9 999;False;1999-12-29;86.90C;2008;5710.0;SAS, société par actions simplifiée;500  à  999;False;<NA>;2008;F;43;43.2;43.21;43.21A;1994-12-15;(44.383465, -1.141849);Biscarrosse;Landes;Nouvelle-Aquitaine;(44.782164, -0.650509);Pessac;Gironde;Nouvelle-Aquitaine;;;;;;;;
False;;;True;True;False;attribue;{'StreetName': 'ZI La République - 3 rue des entrepreneurs CS 31027', 'AdditionalStreetName': None, 'CityName': 'Poitiers', 'PostalZone': '86060', 'Country': 'FRA'};302068382;True;EIFFAGE ENERGIE SYSTEMES - POITOU CHARENTES;EIFFAGE ENERGIE SYSTEMES POITOU CHARENTES;2026-09-11;{'StreetName': 'ENOAR PARK bâtiment 4 198 avenue du Haut Lévêque CS 20020', 'AdditionalStreetName': None, 'CityName': 'Pessac', 'PostalZone': '33615', 'Country': 'FRA'};428822852;True;ETABLISSEMENT FRANCAIS DU SANG;EFS NOUVELLE-AQUITAINE;;;services;['Prix', 'Valeur technique'];['prix', 'technique'];[40.0, 60.0];360.0;False;;False;{'StreetName': None, 'CityName': None, 'PostalZone': None, 'NUTS': 'FRI34', 'Country': 'FRA'};sans remise en concurrence;;26-87828;;570980.0;;LOT-0002;50610000;;3;1.0;;Maintenance des chambres froides, installations CVC, installations de plomberie/réseaux d’eau des sites de l’EFS Nouvelle-Aquitaine et petits travaux d’entretien;restreinte;EFS-NVAQ428;3.0;;;False;False;False;;7389.0;Établissement public national à caractère administratif ;5 000  à  9 999;False;1999-12-29;86.90C;2008;5710.0;SAS, société par actions simplifiée;250  à  499;False;<NA>;2008;F;43;43.2;43.21;43.21A;1975-01-01;(46.613461, 0.342419);Poitiers;Vienne;Nouvelle-Aquitaine;(44.782164, -0.650509);Pessac;Gironde;Nouvelle-Aquitaine;;;;;;;;
False;;;True;True;False;attribue;{'StreetName': '251 rue de la Ferronnerie', 'AdditionalStreetName': None, 'CityName': 'Biscarrosse', 'PostalZone': '40600', 'Country': 'FRA'};401070891;True;EIFFAGE ENERGIE SYSTEMES - AQUITAINE;EIFFAGE ENERGIE SYSTEMES AQUITAINE;2026-09-11;{'StreetName': 'ENOAR PARK bâtiment 4 198 avenue du Haut Lévêque CS 20020', 'AdditionalStreetName': None, 'CityName': 'Pessac', 'PostalZone': '33615', 'Country': 'FRA'};428822852;True;ETABLISSEMENT FRANCAIS DU SANG;EFS NOUVELLE-AQUITAINE;;;services;['Prix', 'Valeur technique'];['prix', 'technique'];[40.0, 60.0];360.0;False;;False;{'StreetName': None, 'CityName': None, 'PostalZone': None, 'NUTS': 'FRI13', 'Country': 'FRA'};sans remise en concurrence;;26-87828;;128372.0;;LOT-0003;50610000;;3;2.0;;Maintenance des chambres froides, installations CVC, installations de plomberie/réseaux d’eau des sites de l’EFS Nouvelle-Aquitaine et petits travaux d’entretien;restreinte;EFS-NVAQ428;3.0;;;False;False;False;;7389.0;Établissement public national à caractère administratif ;5 000  à  9 999;False;1999-12-29;86.90C;2008;5710.0;SAS, société par actions simplifiée;500  à  999;False;<NA>;2008;F;43;43.2;43.21;43.21A;1994-12-15;(44.383465, -1.141849);Biscarrosse;Landes;Nouvelle-Aquitaine;(44.782164, -0.650509);Pessac;Gironde;Nouvelle-Aquitaine;;;;;;;;
False;;198.0;;False;False;attribue;;;False;;;2026-09-11;{'StreetName': '11 rue de Groussay', 'AdditionalStreetName': 'Quartier Estienne', 'CityName': 'Rambouillet', 'PostalZone': '78513', 'Country': 'FRA'};110002011;True;SERVICES DE L'ETAT POUR LA FACTURATION ELECTRONIQUE;Plate-forme commissariat Rambouillet;2025-02-23;2026-08-31+02:00;fournitures;['note de qualité obtenue par l’échantillon proposé par le soumissionnaire', 'prix unitaire HT en euro du mètre linéaire de tissu proposé par le soumissionnaire', 'note relative aux conditions de sécurisation du stockage du tissu obtenu par le soumissionnaire', 'note du dossier de développement durable proposé par le soumissionnaire'];['qualite', 'prix', 'prix', 'environnemental'];[50.0, 30.0, 10.0, 10.0];2520.0;False;395000000.0;False;{'StreetName': None, 'CityName': 'Rambouillet', 'PostalZone': None, 'NUTS': 'FR103', 'Country': 'FRA'};hybride;;26-87610;25-20462;158865000.0;;LOT-0001;19210000;395000000.0;1;4.0;;FABRICATION DE TISSUS POUR TENUES DE COMBAT NON THERMOSTABLES;restreinte;DAF_2024_001944;0.0;;False;True;False;False;158865000.0;7120.0;Service central d'un ministère ;50  à  99;False;1981-06-23;84.11Z;2008;;;;;;<NA>;;;;;<NA>;<NA>;;;;;(48.653264, 1.819499);Rambouillet;Yvelines;Île-de-France;;;;;;;;
False;['90911300', '90919200'];;True;False;False;attribue;"{'StreetName': ""18 Rue D'Arras"", 'AdditionalStreetName': None, 'CityName': 'Nanterre', 'PostalZone': '92000', 'Country': 'FRA'}";844841403;False;ISOR EXPLOITATION;ISOR EXPLOITATION;2026-09-11;{'StreetName': '1 rue Eugène-Hénaff', 'AdditionalStreetName': None, 'CityName': 'Trappes', 'PostalZone': '78192', 'Country': 'FRA'};200058782;False;SAINT QUENTIN EN YVELINES;Saint-Quentin-en-Yvelines - Communauté d'agglomération;;2026-10-01+02:00;services;['Valeur technique', 'Prix'];['technique', 'prix'];[60.0, 40.0];;True;;False;;;;26-87716;;1036796.52;;LOT-0000;90911200;;1;11.0;;Prestations de mise en propreté des bâtiments de Saint-Quentin-en-Yvelines;ouverte;26FS-MP-1836-E;;;;False;True;False;1036796.52;7348.0;Communauté d'agglomération ;500  à  999;<NA>;2016-01-01;84.11Z;2008;5710.0;SAS, société par actions simplifiée;2 000  à  4 999;False;<NA>;2008;N;81;81.2;81.21;81.21Z;2018-12-20;(48.900517, 2.22773);Nanterre;Hauts-de-Seine;Île-de-France;(48.769228, 2.004673);Trappes;Yvelines;Île-de-France;;;;;;;;
False;['71320000'];;True;True;False;attribue;;;False;;;2026-09-11;{'StreetName': '2, place André Mignot', 'AdditionalStreetName': None, 'CityName': 'Versailles', 'PostalZone': '78012', 'Country': 'FRA'};227806460;False;DEPARTEMENT DES YVELINES;Conseil Départemental des Yvelines;;;services;['Valeur technique', 'Valeur environnementale et sociale', 'Prix sur la base du Dqe masqué'];['technique', 'environnemental & social', 'prix'];[60.0, 10.0, 30.0];;True;;False;;;;26-87670;;550548.0;;LOT-0001;71300000;;2;7.0;;Missions de maitrise d'oeuvre pour des opérations de travaux concernant les équipements techniques d'un bâtiment portées par le département des Yvelines en MOA (maîtrise d'ouvrage) ou MOA déléguée;ouverte;20251327;;;;True;True;True;3200000.0;7220.0;Département ;2 000  à  4 999;False;1982-01-01;84.11Z;2008;;;;;;<NA>;;;;;<NA>;<NA>;;;;;(48.80248, 2.131327);Versailles;Yvelines;Île-de-France;;;;;;;;
False;['71320000'];;True;True;False;attribue;;;False;;;2026-09-11;{'StreetName': '2, place André Mignot', 'AdditionalStreetName': None, 'CityName': 'Versailles', 'PostalZone': '78012', 'Country': 'FRA'};227806460;False;DEPARTEMENT DES YVELINES;Conseil Départemental des Yvelines;;;services;['Valeur technique', 'Valeur environnementale et sociale', 'Prix sur la base du Dqe masqué'];['technique', 'environnemental & social', 'prix'];[60.0, 10.0, 30.0];;True;;False;;;;26-87670;;570005.53;;LOT-0002;71300000;;2;12.0;;Missions de maitrise d'oeuvre pour des opérations de travaux concernant les équipements techniques d'un bâtiment portées par le département des Yvelines en MOA (maîtrise d'ouvrage) ou MOA déléguée;ouverte;20251327;;;;True;True;True;3200000.0;7220.0;Département ;2 000  à  4 999;False;1982-01-01;84.11Z;2008;;;;;;<NA>;;;;;<NA>;<NA>;;;;;(48.80248, 2.131327);Versailles;Yvelines;Île-de-France;;;;;;;;
False;['09134230'];;True;False;False;attribue;{'StreetName': '5 Pl Des Coureauleurs', 'AdditionalStreetName': None, 'CityName': 'La Rochelle', 'PostalZone': '17000', 'Country': 'FRA'};889212221;False;ALTENS;ALTENS;2026-09-11;{'StreetName': '1, boulevard Archimède', 'AdditionalStreetName': 'Champs-sur-Marne', 'CityName': 'Marne La Vallée', 'PostalZone': '77444', 'Country': 'FRA'};776056467;False;UNION DES GROUPEMENTS D'ACHATS PUBLICS;Union des Groupements d'Achats Publics;;;fournitures;['Qualité de service', 'Environnement et social', 'prix'];['qualite', 'environnemental & social', 'prix'];[20.0, 10.0, 70.0];;False;11000000.0;False;;sans remise en concurrence;;26-87485;;11000000.0;;LOT-0001;09134230;11000000.0;1;1.0;0.0;Fourniture et transport de carburant de synthèse HVO en France continentale;negociee;25U064;1.0;;;False;False;False;11000000.0;4110.0;Établissement public national à caractère industriel ou commercial doté d'un comptable public ;1 000  à  1 999;False;1900-01-01;46.19A;2008;5710.0;SAS, société par actions simplifiée;10  à  19;False;<NA>;2008;G;46;46.7;46.71;46.71Z;2020-09-11;(46.15545, -1.150937);La Rochelle;Charente-Maritime;Nouvelle-Aquitaine;;;;;;;;;;;;
False;;;True;True;False;attribue;{'StreetName': '128 avenue du Marquisat', 'AdditionalStreetName': None, 'CityName': 'Tournefeuille', 'PostalZone': '31170', 'Country': 'FRA'};402315386;True;BUREAU D'ETUDES FERRER;BET FERRER (Mandataire);2026-09-11;{'StreetName': '118 route de Narbonne', 'AdditionalStreetName': None, 'CityName': 'Toulouse cedex 09', 'PostalZone': '31062', 'Country': 'FRA'};938271392;True;UNIVERSITE DE TOULOUSE;Université de Toulouse;;;services;['Voir règlement de consultation'];['qualite'];;1440.0;False;;False;{'StreetName': 'Université de Toulouse \n118, route de Narbonne', 'CityName': 'TOULOUSE', 'PostalZone': '31062', 'NUTS': 'FRJ23', 'Country': 'FRA'};avec remise en concurrence;;26-87541;;;2500000.0;LOT-0001;71000000;2500000.0;3;21.0;;Accord cadre pour des missions de maîtrise d'oeuvre et d'assistance technique - UNIVERSITE DE TOULOUSE;ouverte;2026ACMOE00600;;;;False;False;False;;7383.0;Établissement public national à caractère scientifique culturel et professionnel ;;False;2024-12-06;85.42Z;2008;5499.0;Société à responsabilité limitée (sans autre indication);6  à  9;False;<NA>;2008;M;71;71.1;71.12;71.12B;1995-10-01;(43.57733, 1.351041);Tournefeuille;Haute-Garonne;Occitanie;(43.561566, 1.463029);Toulouse;Haute-Garonne;Occitanie;;;;;;;;
False;;;True;True;False;attribue;{'StreetName': '128 avenue du Marquisat', 'AdditionalStreetName': None, 'CityName': 'Tournefeuille', 'PostalZone': '31170', 'Country': 'FRA'};402315386;True;BUREAU D'ETUDES FERRER;BET FERRER (Mandataire);2026-09-11;{'StreetName': '118 route de Narbonne', 'AdditionalStreetName': None, 'CityName': 'Toulouse cedex 09', 'PostalZone': '31062', 'Country': 'FRA'};938271392;True;UNIVERSITE DE TOULOUSE;Université de Toulouse;;;services;['Voir règlement de consultation'];['qualite'];;1440.0;False;;False;{'StreetName': 'Université de Toulouse \n118, route de Narbonne', 'CityName': 'TOULOUSE', 'PostalZone': '31062', 'NUTS': 'FRJ23', 'Country': 'FRA'};avec remise en concurrence;;26-87541;;;2500000.0;LOT-0001;71000000;2500000.0;3;21.0;;Accord cadre pour des missions de maîtrise d'oeuvre et d'assistance technique - UNIVERSITE DE TOULOUSE;ouverte;2026ACMOE00600;;;;False;False;False;;7383.0;Établissement public national à caractère scientifique culturel et professionnel ;;False;2024-12-06;85.42Z;2008;5499.0;Société à responsabilité limitée (sans autre indication);6  à  9;False;<NA>;2008;M;71;71.1;71.12;71.12B;1995-10-01;(43.57733, 1.351041);Tournefeuille;Haute-Garonne;Occitanie;(43.561566, 1.463029);Toulouse;Haute-Garonne;Occitanie;;;;;;;;
False;;;True;True;False;attribue;{'StreetName': '128 avenue du Marquisat', 'AdditionalStreetName': None, 'CityName': 'Tournefeuille', 'PostalZone': '31170', 'Country': 'FRA'};402315386;True;BUREAU D'ETUDES FERRER;BET FERRER (Mandataire);2026-09-11;{'StreetName': '118 route de Narbonne', 'AdditionalStreetName': None, 'CityName': 'Toulouse cedex 09', 'PostalZone': '31062', 'Country': 'FRA'};938271392;True;UNIVERSITE DE TOULOUSE;Université de Toulouse;;;services;['Voir règlement de consultation'];['qualite'];;1440.0;False;;False;{'StreetName': 'Université de Toulouse \n118, route de Narbonne', 'CityName': 'TOULOUSE', 'PostalZone': '31062', 'NUTS': 'FRJ23', 'Country': 'FRA'};avec remise en concurrence;;26-87541;;;2500000.0;LOT-0001;71000000;2500000.0;3;21.0;;Accord cadre pour des missions de maîtrise d'oeuvre et d'assistance technique - UNIVERSITE DE TOULOUSE;ouverte;2026ACMOE00600;;;;False;False;False;;7383.0;Établissement public national à caractère scientifique culturel et professionnel ;;False;2024-12-06;85.42Z;2008;5499.0;Société à responsabilité limitée (sans autre indication);6  à  9;False;<NA>;2008;M;71;71.1;71.12;71.12B;1995-10-01;(43.57733, 1.351041);Tournefeuille;Haute-Garonne;Occitanie;(43.561566, 1.463029);Toulouse;Haute-Garonne;Occitanie;;;;;;;;
False;;;True;True;False;attribue;{'StreetName': '128 avenue du Marquisat', 'AdditionalStreetName': None, 'CityName': 'Tournefeuille', 'PostalZone': '31170', 'Country': 'FRA'};402315386;True;BUREAU D'ETUDES FERRER;BET FERRER (Mandataire);2026-09-11;{'StreetName': '118 route de Narbonne', 'AdditionalStreetName': None, 'CityName': 'Toulouse cedex 09', 'PostalZone': '31062', 'Country': 'FRA'};938271392;True;UNIVERSITE DE TOULOUSE;Université de Toulouse;;;services;['Voir règlement de consultation'];['qualite'];;1440.0;False;;False;{'StreetName': 'Université de Toulouse \n118, route de Narbonne', 'CityName': 'TOULOUSE', 'PostalZone': '31062', 'NUTS': 'FRJ23', 'Country': 'FRA'};avec remise en concurrence;;26-87541;;;2500000.0;LOT-0001;71000000;2500000.0;3;21.0;;Accord cadre pour des missions de maîtrise d'oeuvre et d'assistance technique - UNIVERSITE DE TOULOUSE;ouverte;2026ACMOE00600;;;;False;False;False;;7383.0;Établissement public national à caractère scientifique culturel et professionnel ;;False;2024-12-06;85.42Z;2008;5499.0;Société à responsabilité limitée (sans autre indication);6  à  9;False;<NA>;2008;M;71;71.1;71.12;71.12B;1995-10-01;(43.57733, 1.351041);Tournefeuille;Haute-Garonne;Occitanie;(43.561566, 1.463029);Toulouse;Haute-Garonne;Occitanie;;;;;;;;
False;;;True;True;False;attribue;{'StreetName': '128 avenue du Marquisat', 'AdditionalStreetName': None, 'CityName': 'Tournefeuille', 'PostalZone': '31170', 'Country': 'FRA'};402315386;True;BUREAU D'ETUDES FERRER;BET FERRER (Mandataire);2026-09-11;{'StreetName': '118 route de Narbonne', 'AdditionalStreetName': None, 'CityName': 'Toulouse cedex 09', 'PostalZone': '31062', 'Country': 'FRA'};938271392;True;UNIVERSITE DE TOULOUSE;Université de Toulouse;;;services;['Voir règlement de consultation'];['qualite'];;1440.0;False;;False;{'StreetName': 'Université de Toulouse \n118, route de Narbonne', 'CityName': 'TOULOUSE', 'PostalZone': '31062', 'NUTS': 'FRJ23', 'Country': 'FRA'};avec remise en concurrence;;26-87541;;;2500000.0;LOT-0001;71000000;2500000.0;3;21.0;;Accord cadre pour des missions de maîtrise d'oeuvre et d'assistance technique - UNIVERSITE DE TOULOUSE;ouverte;2026ACMOE00600;;;;False;False;False;;7383.0;Établissement public national à caractère scientifique culturel et professionnel ;;False;2024-12-06;85.42Z;2008;5499.0;Société à responsabilité limitée (sans autre indication);6  à  9;False;<NA>;2008;M;71;71.1;71.12;71.12B;1995-10-01;(43.57733, 1.351041);Tournefeuille;Haute-Garonne;Occitanie;(43.561566, 1.463029);Toulouse;Haute-Garonne;Occitanie;;;;;;;;
False;;;True;True;False;attribue;{'StreetName': '128 avenue du Marquisat', 'AdditionalStreetName': None, 'CityName': 'Tournefeuille', 'PostalZone': '31170', 'Country': 'FRA'};402315386;True;BUREAU D'ETUDES FERRER;BET FERRER (Mandataire);2026-09-11;{'StreetName': '118 route de Narbonne', 'AdditionalStreetName': None, 'CityName': 'Toulouse cedex 09', 'PostalZone': '31062', 'Country': 'FRA'};938271392;True;UNIVERSITE DE TOULOUSE;Université de Toulouse;;;services;['Voir règlement de consultation'];['qualite'];;1440.0;False;;False;{'StreetName': 'Université de Toulouse \n118, route de Narbonne', 'CityName': 'TOULOUSE', 'PostalZone': '31062', 'NUTS': 'FRJ23', 'Country': 'FRA'};avec remise en concurrence;;26-87541;;;2500000.0;LOT-0001;71000000;2500000.0;3;21.0;;Accord cadre pour des missions de maîtrise d'oeuvre et d'assistance technique - UNIVERSITE DE TOULOUSE;ouverte;2026ACMOE00600;;;;False;False;False;;7383.0;Établissement public national à caractère scientifique culturel et professionnel ;;False;2024-12-06;85.42Z;2008;5499.0;Société à responsabilité limitée (sans autre indication);6  à  9;False;<NA>;2008;M;71;71.1;71.12;71.12B;1995-10-01;(43.57733, 1.351041);Tournefeuille;Haute-Garonne;Occitanie;(43.561566, 1.463029);Toulouse;Haute-Garonne;Occitanie;;;;;;;;
False;;;True;True;False;attribue;{'StreetName': '128 avenue du Marquisat', 'AdditionalStreetName': None, 'CityName': 'Tournefeuille', 'PostalZone': '31170', 'Country': 'FRA'};402315386;True;BUREAU D'ETUDES FERRER;BET FERRER (Mandataire);2026-09-11;{'StreetName': '118 route de Narbonne', 'AdditionalStreetName': None, 'CityName': 'Toulouse cedex 09', 'PostalZone': '31062', 'Country': 'FRA'};938271392;True;UNIVERSITE DE TOULOUSE;Université de Toulouse;;;services;['Voir règlement de consultation'];['qualite'];;1440.0;False;;False;{'StreetName': 'Université de Toulouse \n118, route de Narbonne', 'CityName': 'TOULOUSE', 'PostalZone': '31062', 'NUTS': 'FRJ23', 'Country': 'FRA'};avec remise en concurrence;;26-87541;;;2500000.0;LOT-0001;71000000;2500000.0;3;21.0;;Accord cadre pour des missions de maîtrise d'oeuvre et d'assistance technique - UNIVERSITE DE TOULOUSE;ouverte;2026ACMOE00600;;;;False;False;False;;7383.0;Établissement public national à caractère scientifique culturel et professionnel ;;False;2024-12-06;85.42Z;2008;5499.0;Société à responsabilité limitée (sans autre indication);6  à  9;False;<NA>;2008;M;71;71.1;71.12;71.12B;1995-10-01;(43.57733, 1.351041);Tournefeuille;Haute-Garonne;Occitanie;(43.561566, 1.463029);Toulouse;Haute-Garonne;Occitanie;;;;;;;;
False;;;True;True;False;attribue;{'StreetName': '128 avenue du Marquisat', 'AdditionalStreetName': None, 'CityName': 'Tournefeuille', 'PostalZone': '31170', 'Country': 'FRA'};402315386;True;BUREAU D'ETUDES FERRER;BET FERRER (Mandataire);2026-09-11;{'StreetName': '118 route de Narbonne', 'AdditionalStreetName': None, 'CityName': 'Toulouse cedex 09', 'PostalZone': '31062', 'Country': 'FRA'};938271392;True;UNIVERSITE DE TOULOUSE;Université de Toulouse;;;services;['Voir règlement de consultation'];['qualite'];;1440.0;False;;False;{'StreetName': 'Université de Toulouse \n118, route de Narbonne', 'CityName': 'TOULOUSE', 'PostalZone': '31062', 'NUTS': 'FRJ23', 'Country': 'FRA'};avec remise en concurrence;;26-87541;;;2500000.0;LOT-0001;71000000;2500000.0;3;21.0;;Accord cadre pour des missions de maîtrise d'oeuvre et d'assistance technique - UNIVERSITE DE TOULOUSE;ouverte;2026ACMOE00600;;;;False;False;False;;7383.0;Établissement public national à caractère scientifique culturel et professionnel ;;False;2024-12-06;85.42Z;2008;5499.0;Société à responsabilité limitée (sans autre indication);6  à  9;False;<NA>;2008;M;71;71.1;71.12;71.12B;1995-10-01;(43.57733, 1.351041);Tournefeuille;Haute-Garonne;Occitanie;(43.561566, 1.463029);Toulouse;Haute-Garonne;Occitanie;;;;;;;;
False;;;True;True;False;attribue;{'StreetName': '128 avenue du Marquisat', 'AdditionalStreetName': None, 'CityName': 'Tournefeuille', 'PostalZone': '31170', 'Country': 'FRA'};402315386;True;BUREAU D'ETUDES FERRER;BET FERRER (Mandataire);2026-09-11;{'StreetName': '118 route de Narbonne', 'AdditionalStreetName': None, 'CityName': 'Toulouse cedex 09', 'PostalZone': '31062', 'Country': 'FRA'};938271392;True;UNIVERSITE DE TOULOUSE;Université de Toulouse;;;services;['Voir règlement de consultation'];['qualite'];;1440.0;False;;False;{'StreetName': 'Université de Toulouse \n118, route de Narbonne', 'CityName': 'TOULOUSE', 'PostalZone': '31062', 'NUTS': 'FRJ23', 'Country': 'FRA'};avec remise en concurrence;;26-87541;;;2500000.0;LOT-0001;71000000;2500000.0;3;21.0;;Accord cadre pour des missions de maîtrise d'oeuvre et d'assistance technique - UNIVERSITE DE TOULOUSE;ouverte;2026ACMOE00600;;;;False;False;False;;7383.0;Établissement public national à caractère scientifique culturel et professionnel ;;False;2024-12-06;85.42Z;2008;5499.0;Société à responsabilité limitée (sans autre indication);6  à  9;False;<NA>;2008;M;71;71.1;71.12;71.12B;1995-10-01;(43.57733, 1.351041);Tournefeuille;Haute-Garonne;Occitanie;(43.561566, 1.463029);Toulouse;Haute-Garonne;Occitanie;;;;;;;;
False;;;True;True;False;attribue;{'StreetName': 'PARC D INNOVATIONS BOULEVARD SEBASTIEN BRANT', 'AdditionalStreetName': None, 'CityName': 'ILLKIRCH-GRAFFENSTADEN', 'PostalZone': '67400', 'Country': 'FRA'};398827337;True;FISHER SCIENTIFIC S.A.S.;FISHER SCIENTIFIC;2026-09-11;{'StreetName': '60 rue de Navacelles', 'AdditionalStreetName': None, 'CityName': 'MONTPELLIER Cedex 5', 'PostalZone': '34 394', 'Country': 'FRA'};180036048;True;INSTITUT NATIONAL DE LA SANTE ET DE LA RECHERCHE MEDICALE;Inserm DR Occitanie Méditerranée;;;fournitures;['Prix - 30%'];['prix'];[100];1080.0;True;;False;{'StreetName': None, 'CityName': 'Montpellier', 'PostalZone': None, 'NUTS': 'FRJ13', 'Country': 'FRA'};sans remise en concurrence;;26-87566;;;;LOT-0001;24931250;1040.0;2;7.0;;FOURNITURE DE SERUM DE VEAU;ouverte;2026DRMPL002;;;;True;False;False;;7389.0;Établissement public national à caractère administratif ;5 000  à  9 999;False;1968-01-01;72.19Z;2008;5710.0;SAS, société par actions simplifiée;250  à  499;False;<NA>;2008;G;46;46.6;46.69;46.69B;1994-11-03;(48.522177, 7.738838);Illkirch-Graffenstaden;Bas-Rhin;Grand Est;(43.635885, 3.845162);Montpellier;Hérault;Occitanie;;;;;;;;
False;;;True;True;False;attribue;{'StreetName': 'C RUE DE BRUXELLES', 'AdditionalStreetName': None, 'CityName': 'BERNOLSHEIM', 'PostalZone': '67170', 'Country': 'FRA'};325204725;True;DOMINIQUE DUTSCHER S.A;DOMINIQUE DUSTCHER;2026-09-11;{'StreetName': '60 rue de Navacelles', 'AdditionalStreetName': None, 'CityName': 'MONTPELLIER Cedex 5', 'PostalZone': '34 394', 'Country': 'FRA'};180036048;True;INSTITUT NATIONAL DE LA SANTE ET DE LA RECHERCHE MEDICALE;Inserm DR Occitanie Méditerranée;;;fournitures;['Prix - 30%'];['prix'];[100];1080.0;True;;False;{'StreetName': None, 'CityName': 'Montpellier', 'PostalZone': None, 'NUTS': 'FRJ13', 'Country': 'FRA'};sans remise en concurrence;;26-87566;;;;LOT-0002;24931250;1040.0;2;6.0;;FOURNITURE DE SERUM DE VEAU;ouverte;2026DRMPL002;;;;True;False;False;;7389.0;Établissement public national à caractère administratif ;5 000  à  9 999;False;1968-01-01;72.19Z;2008;5710.0;SAS, société par actions simplifiée;200  à  249;False;<NA>;2008;G;46;46.4;46.46;46.46Z;1982-08-01;(48.750999, 7.673175);Bernolsheim;Bas-Rhin;Grand Est;(43.635885, 3.845162);Montpellier;Hérault;Occitanie;;;;;;;;
False;;;True;True;False;attribue;{'StreetName': None, 'AdditionalStreetName': None, 'CityName': 'ANTONY', 'PostalZone': '92160', 'Country': 'FRA'};476980321;True;POMONA EPISAVEURS;POMONA EPISAVEURS BRETAGNE;2026-09-11;"{'StreetName': ""5 ALLEE DE L'ILE GLORIETTE"", 'AdditionalStreetName': None, 'CityName': 'NANTES', 'PostalZone': '44093', 'Country': 'FRA'}";264400136;True;CHU NANTES;44 CHU;;2026-06-01+02:00;fournitures;['Qualité du produit (fiche technique et le cas échéant test organoleptique sur échantillon) 40 % - Prix 50% -  Qualité logistique (délai, franco) 10%'];['delai'];[40.0, 50.0, 10.0];;False;;False;{'StreetName': None, 'CityName': None, 'PostalZone': None, 'NUTS': 'FRG01', 'Country': 'FRA'};sans remise en concurrence;;26-87798;;;;LOT-0001;15800000;320406.0;4;2.0;;avis d'attribution;restreinte;SAD-22060_MS1-2;;;;False;False;False;;7364.0;Établissement d'hospitalisation ;10 000  et plus ;<NA>;1978-01-01;86.10Z;2008;5710.0;SAS, société par actions simplifiée;1 000  à  1 999;False;<NA>;2008;G;46;46.3;46.39;46.39B;1900-01-01;;Beaupréau-en-Mauges;Maine-et-Loire;Pays de la Loire;(47.211138, -1.557241);Nantes;Loire-Atlantique;Pays de la Loire;;;;;;;;
False;;;True;True;False;attribue;{'StreetName': None, 'AdditionalStreetName': None, 'CityName': 'ANTONY', 'PostalZone': '92160', 'Country': 'FRA'};476980321;True;POMONA EPISAVEURS;POMONA EPISAVEURS BRETAGNE;2026-09-11;"{'StreetName': ""5 ALLEE DE L'ILE GLORIETTE"", 'AdditionalStreetName': None, 'CityName': 'NANTES', 'PostalZone': '44093', 'Country': 'FRA'}";264400136;True;CHU NANTES;44 CHU;;2026-06-01+02:00;fournitures;['Qualité du produit (fiche technique et le cas échéant test organoleptique sur échantillon) 40% - Prix 50% - Qualité logistique (délai, franco) 10%'];['delai'];[40.0, 50.0, 10.0];;False;;False;{'StreetName': None, 'CityName': None, 'PostalZone': None, 'NUTS': 'FRG01', 'Country': 'FRA'};sans remise en concurrence;;26-87798;;;;LOT-0002;15800000;320406.0;4;2.0;;avis d'attribution;restreinte;SAD-22060_MS1-2;;;;False;False;False;;7364.0;Établissement d'hospitalisation ;10 000  et plus ;<NA>;1978-01-01;86.10Z;2008;5710.0;SAS, société par actions simplifiée;1 000  à  1 999;False;<NA>;2008;G;46;46.3;46.39;46.39B;1900-01-01;;Beaupréau-en-Mauges;Maine-et-Loire;Pays de la Loire;(47.211138, -1.557241);Nantes;Loire-Atlantique;Pays de la Loire;;;;;;;;
False;;;True;True;False;attribue;{'StreetName': None, 'AdditionalStreetName': None, 'CityName': 'ANTONY', 'PostalZone': '92160', 'Country': 'FRA'};476980321;True;POMONA EPISAVEURS;POMONA EPISAVEURS BRETAGNE;2026-09-11;"{'StreetName': ""5 ALLEE DE L'ILE GLORIETTE"", 'AdditionalStreetName': None, 'CityName': 'NANTES', 'PostalZone': '44093', 'Country': 'FRA'}";264400136;True;CHU NANTES;44 CHU;;2026-06-01+02:00;fournitures;['Qualité du produit (fiche technique et le cas échéant test organoleptique sur échantillon) 40% - Prix 50% - Qualité logistique (délai, franco) 10%'];['delai'];[40.0, 50.0, 10.0];;False;;False;{'StreetName': None, 'CityName': None, 'PostalZone': None, 'NUTS': 'FRG01', 'Country': 'FRA'};sans remise en concurrence;;26-87798;;;;LOT-0003;15800000;320406.0;4;2.0;;avis d'attribution;restreinte;SAD-22060_MS1-2;;;;False;False;False;;7364.0;Établissement d'hospitalisation ;10 000  et plus ;<NA>;1978-01-01;86.10Z;2008;5710.0;SAS, société par actions simplifiée;1 000  à  1 999;False;<NA>;2008;G;46;46.3;46.39;46.39B;1900-01-01;;Beaupréau-en-Mauges;Maine-et-Loire;Pays de la Loire;(47.211138, -1.557241);Nantes;Loire-Atlantique;Pays de la Loire;;;;;;;;
False;;;True;True;False;attribue;{'StreetName': None, 'AdditionalStreetName': None, 'CityName': 'CHAPONOST', 'PostalZone': '69630', 'Country': 'FRA'};423700970;True;NUTRISENS FRANCE;NUTRISENS FRANCE;2026-09-11;"{'StreetName': ""5 ALLEE DE L'ILE GLORIETTE"", 'AdditionalStreetName': None, 'CityName': 'NANTES', 'PostalZone': '44093', 'Country': 'FRA'}";264400136;True;CHU NANTES;44 CHU;;2026-06-01+02:00;fournitures;['Qualité du produit (fiche technique et le cas échéant test organoleptique sur échantillon) 40% - Prix 50% - Qualité logistique (délai, franco) 10%'];['delai'];[40.0, 50.0, 10.0];;False;;False;{'StreetName': None, 'CityName': None, 'PostalZone': None, 'NUTS': 'FRG01', 'Country': 'FRA'};sans remise en concurrence;;26-87798;;;;LOT-0004;15800000;320406.0;4;2.0;;avis d'attribution;restreinte;SAD-22060_MS1-2;;;;False;False;False;;7364.0;Établissement d'hospitalisation ;10 000  et plus ;<NA>;1978-01-01;86.10Z;2008;5710.0;SAS, société par actions simplifiée;50  à  99;False;<NA>;2008;C;10;10.8;10.86;10.86Z;1999-06-28;;Chaponost;Rhône;Auvergne-Rhône-Alpes;(47.211138, -1.557241);Nantes;Loire-Atlantique;Pays de la Loire;;;;;;;;
False;;;True;True;False;attribue;{'StreetName': None, 'AdditionalStreetName': None, 'CityName': 'REZE', 'PostalZone': '44400', 'Country': 'FRA'};441309002;True;BIOLOIRE;BIOLOIRE;2026-09-11;"{'StreetName': ""5 ALLEE DE L'ILE GLORIETTE"", 'AdditionalStreetName': None, 'CityName': 'NANTES', 'PostalZone': '44093', 'Country': 'FRA'}";264400136;True;CHU NANTES;44 CHU;;2026-07-01+02:00;services;"[""PERFORMANCE PRESTATION 60% - SYSTEME D'INFORMATION 15% - ACCOMPAGNEMENT ET SERVICES 20% - RSE 5% - PRIX 50%""]";['social'];;;False;;False;{'StreetName': None, 'CityName': None, 'PostalZone': None, 'NUTS': 'FRG01', 'Country': 'FRA'};sans remise en concurrence;;26-87682;;;;LOT-0001;85148000;16408000.0;10;13.0;;avis d'attribution;ouverte;PA-25103;;;;False;False;False;;7364.0;Établissement d'hospitalisation ;10 000  et plus ;<NA>;1978-01-01;86.10Z;2008;5785.0;Société d'exercice libéral par action simplifiée ;50  à  99;False;<NA>;2008;Q;86;86.9;86.9;86.90B;2002-01-11;;Rezé;Loire-Atlantique;Pays de la Loire;(47.211138, -1.557241);Nantes;Loire-Atlantique;Pays de la Loire;;;;;;;;
False;;;True;True;False;attribue;{'StreetName': None, 'AdditionalStreetName': None, 'CityName': 'CLISSON', 'PostalZone': '44190', 'Country': 'FRA'};352016836;True;LABORATOIRE SYNLAB BIOLIANCE;LABORATOIRE SYNLAB BIOLIANCE;2026-09-11;"{'StreetName': ""5 ALLEE DE L'ILE GLORIETTE"", 'AdditionalStreetName': None, 'CityName': 'NANTES', 'PostalZone': '44093', 'Country': 'FRA'}";264400136;True;CHU NANTES;44 CHU;;2026-07-01+02:00;services;"[""PERFORMANCE PRESTATION 60% - SYSTEME D'INFORMATION 15% - ACCOMPAGNEMENT ET SERVICES 20% - RSE 5% - PRIX 50%""]";['social'];;;False;;False;{'StreetName': None, 'CityName': None, 'PostalZone': None, 'NUTS': 'FRG01', 'Country': 'FRA'};sans remise en concurrence;;26-87682;;;;LOT-0002;85148000;16408000.0;10;13.0;;avis d'attribution;ouverte;PA-25103;;;;False;False;False;;7364.0;Établissement d'hospitalisation ;10 000  et plus ;<NA>;1978-01-01;86.10Z;2008;5785.0;Société d'exercice libéral par action simplifiée ;250  à  499;False;<NA>;2008;Q;86;86.9;86.9;86.90B;1989-07-01;;Clisson;Loire-Atlantique;Pays de la Loire;(47.211138, -1.557241);Nantes;Loire-Atlantique;Pays de la Loire;;;;;;;;
False;;;True;True;False;attribue;{'StreetName': None, 'AdditionalStreetName': None, 'CityName': 'CHATEAUBRIANT', 'PostalZone': '44110', 'Country': 'FRA'};316419621;True;CERBALLIANCE PORTES DE BRETAGNE;CERBALLIANCE PRTE DE BRETAGNE;2026-09-11;"{'StreetName': ""5 ALLEE DE L'ILE GLORIETTE"", 'AdditionalStreetName': None, 'CityName': 'NANTES', 'PostalZone': '44093', 'Country': 'FRA'}";264400136;True;CHU NANTES;44 CHU;;2026-07-01+02:00;services;"[""PERFORMANCE PRESTATION 60% - SYSTEME D'INFORMATION 15% - ACCOMPAGNEMENT ET SERVICES 20% - RSE 5% - PRIX 50%""]";['social'];;;False;;False;{'StreetName': None, 'CityName': None, 'PostalZone': None, 'NUTS': 'FRG01', 'Country': 'FRA'};sans remise en concurrence;;26-87682;;;;LOT-0003;85148000;16408000.0;10;13.0;;avis d'attribution;ouverte;PA-25103;;;;False;False;False;;7364.0;Établissement d'hospitalisation ;10 000  et plus ;<NA>;1978-01-01;86.10Z;2008;5785.0;Société d'exercice libéral par action simplifiée ;100  à  199;False;<NA>;2008;Q;86;86.9;86.9;86.90B;1979-01-01;;Châteaubriant;Loire-Atlantique;Pays de la Loire;(47.211138, -1.557241);Nantes;Loire-Atlantique;Pays de la Loire;;;;;;;;
False;;;True;True;False;attribue;{'StreetName': None, 'AdditionalStreetName': None, 'CityName': 'CLISSON', 'PostalZone': '44190', 'Country': 'FRA'};352016836;True;LABORATOIRE SYNLAB BIOLIANCE;LABORATOIRE SYNLAB BIOLIANCE;2026-09-11;"{'StreetName': ""5 ALLEE DE L'ILE GLORIETTE"", 'AdditionalStreetName': None, 'CityName': 'NANTES', 'PostalZone': '44093', 'Country': 'FRA'}";264400136;True;CHU NANTES;44 CHU;;2026-07-01+02:00;services;"[""PERFORMANCE PRESTATION 60% - SYSTEME D'INFORMATION 15% - ACCOMPAGNEMENT ET SERVICES 20% - RSE 5% - PRIX 50%""]";['social'];;;False;;False;{'StreetName': None, 'CityName': None, 'PostalZone': None, 'NUTS': 'FRG01', 'Country': 'FRA'};sans remise en concurrence;;26-87682;;;;LOT-0004;85148000;16408000.0;10;13.0;;avis d'attribution;ouverte;PA-25103;;;;False;False;False;;7364.0;Établissement d'hospitalisation ;10 000  et plus ;<NA>;1978-01-01;86.10Z;2008;5785.0;Société d'exercice libéral par action simplifiée ;250  à  499;False;<NA>;2008;Q;86;86.9;86.9;86.90B;1989-07-01;;Clisson;Loire-Atlantique;Pays de la Loire;(47.211138, -1.557241);Nantes;Loire-Atlantique;Pays de la Loire;;;;;;;;
False;;;True;True;False;attribue;{'StreetName': None, 'AdditionalStreetName': None, 'CityName': 'ANCENIS', 'PostalZone': '44150', 'Country': 'FRA'};311595391;True;LABOUEST;LBM LABOUEST ANCENIS;2026-09-11;"{'StreetName': ""5 ALLEE DE L'ILE GLORIETTE"", 'AdditionalStreetName': None, 'CityName': 'NANTES', 'PostalZone': '44093', 'Country': 'FRA'}";264400136;True;CHU NANTES;44 CHU;;2026-07-01+02:00;services;"[""PERFORMANCE PRESTATION 60% - SYSTEME D'INFORMATION 15% - ACCOMPAGNEMENT ET SERVICES 20% - RSE 5% - PRIX 50%""]";['social'];;;False;;False;{'StreetName': None, 'CityName': None, 'PostalZone': None, 'NUTS': 'FRG01', 'Country': 'FRA'};sans remise en concurrence;;26-87682;;;;LOT-0005;85148000;16408000.0;10;13.0;;avis d'attribution;ouverte;PA-25103;;;;False;False;False;;7364.0;Établissement d'hospitalisation ;10 000  et plus ;<NA>;1978-01-01;86.10Z;2008;5785.0;Société d'exercice libéral par action simplifiée ;250  à  499;False;<NA>;2008;Q;86;86.9;86.9;86.90B;1977-01-01;;Ancenis-Saint-Géréon;Loire-Atlantique;Pays de la Loire;(47.211138, -1.557241);Nantes;Loire-Atlantique;Pays de la Loire;;;;;;;;
False;;;True;True;False;attribue;{'StreetName': None, 'AdditionalStreetName': None, 'CityName': 'CLISSON', 'PostalZone': '44190', 'Country': 'FRA'};352016836;True;LABORATOIRE SYNLAB BIOLIANCE;LABORATOIRE SYNLAB BIOLIANCE;2026-09-11;"{'StreetName': ""5 ALLEE DE L'ILE GLORIETTE"", 'AdditionalStreetName': None, 'CityName': 'NANTES', 'PostalZone': '44093', 'Country': 'FRA'}";264400136;True;CHU NANTES;44 CHU;;2026-07-01+02:00;services;"[""PERFORMANCE PRESTATION 60% - SYSTEME D'INFORMATION 15% - ACCOMPAGNEMENT ET SERVICES 20% - RSE 5% - PRIX 50%""]";['social'];;;False;;False;{'StreetName': None, 'CityName': None, 'PostalZone': None, 'NUTS': 'FRG01', 'Country': 'FRA'};sans remise en concurrence;;26-87682;;;;LOT-0006;85148000;16408000.0;10;13.0;;avis d'attribution;ouverte;PA-25103;;;;False;False;False;;7364.0;Établissement d'hospitalisation ;10 000  et plus ;<NA>;1978-01-01;86.10Z;2008;5785.0;Société d'exercice libéral par action simplifiée ;250  à  499;False;<NA>;2008;Q;86;86.9;86.9;86.90B;1989-07-01;;Clisson;Loire-Atlantique;Pays de la Loire;(47.211138, -1.557241);Nantes;Loire-Atlantique;Pays de la Loire;;;;;;;;
False;;;True;True;False;attribue;{'StreetName': None, 'AdditionalStreetName': None, 'CityName': 'LYON', 'PostalZone': '69357', 'Country': 'FRA'};493519904;True;EUROFINS BIOMNIS;EUROFINS BIOMNIS;2026-09-11;"{'StreetName': ""5 ALLEE DE L'ILE GLORIETTE"", 'AdditionalStreetName': None, 'CityName': 'NANTES', 'PostalZone': '44093', 'Country': 'FRA'}";264400136;True;CHU NANTES;44 CHU;;2026-07-01+02:00;services;"[""PERFORMANCE PRESTATION 30% - SYSTEME D'INFORMATION 10% - ACCOMPAGNEMENT ET SERVICES 8% - RSE 2% - PRIX 50%""]";['social'];[30.0, 10.0, 8.0, 2.0, 50.0];;False;;False;{'StreetName': None, 'CityName': None, 'PostalZone': None, 'NUTS': 'FRG01', 'Country': 'FRA'};sans remise en concurrence;;26-87682;;;;LOT-0007;85148000;16408000.0;10;13.0;;avis d'attribution;ouverte;PA-25103;;;;False;False;False;;7364.0;Établissement d'hospitalisation ;10 000  et plus ;<NA>;1978-01-01;86.10Z;2008;5785.0;Société d'exercice libéral par action simplifiée ;500  à  999;False;<NA>;2008;Q;86;86.9;86.9;86.90B;2006-12-26;;Lyon;Rhône;Auvergne-Rhône-Alpes;(47.211138, -1.557241);Nantes;Loire-Atlantique;Pays de la Loire;;;;;;;;
False;;;True;True;False;attribue;{'StreetName': None, 'AdditionalStreetName': None, 'CityName': 'FREPILLON', 'PostalZone': '95740', 'Country': 'FRA'};402928766;True;CERBA;CERBA;2026-09-11;"{'StreetName': ""5 ALLEE DE L'ILE GLORIETTE"", 'AdditionalStreetName': None, 'CityName': 'NANTES', 'PostalZone': '44093', 'Country': 'FRA'}";264400136;True;CHU NANTES;44 CHU;;2026-07-01+02:00;services;"[""PERFORMANCE PRESTATION 30% - SYSTEME D'INFORMATION 10% - ACCOMPAGNEMENT ET SERVICES 8% - RSE 2% - PRIX 50%""]";['social'];[30.0, 10.0, 8.0, 2.0, 50.0];;False;;False;{'StreetName': None, 'CityName': None, 'PostalZone': None, 'NUTS': 'FRG01', 'Country': 'FRA'};sans remise en concurrence;;26-87682;;;;LOT-0007;85148000;16408000.0;10;13.0;;avis d'attribution;ouverte;PA-25103;;;;False;False;False;;7364.0;Établissement d'hospitalisation ;10 000  et plus ;<NA>;1978-01-01;86.10Z;2008;5585.0;Société d'exercice libéral à forme anonyme à conseil d'administration ;500  à  999;False;<NA>;2008;Q;86;86.9;86.9;86.90B;1995-10-31;;Frépillon;Val-d'Oise;Île-de-France;(47.211138, -1.557241);Nantes;Loire-Atlantique;Pays de la Loire;;;;;;;;
False;;;True;True;False;attribue;{'StreetName': None, 'AdditionalStreetName': None, 'CityName': 'LYON', 'PostalZone': '69357', 'Country': 'FRA'};493519904;True;EUROFINS BIOMNIS;EUROFINS BIOMNIS;2026-09-11;"{'StreetName': ""5 ALLEE DE L'ILE GLORIETTE"", 'AdditionalStreetName': None, 'CityName': 'NANTES', 'PostalZone': '44093', 'Country': 'FRA'}";264400136;True;CHU NANTES;44 CHU;;2026-07-01+02:00;services;"[""PERFORMANCE PRESTATION 30% - SYSTEME D'INFORMATION 10% - ACCOMPAGNEMENT ET SERVICES 8% - RSE 2% - PRIX 50%""]";['social'];[30.0, 10.0, 8.0, 2.0, 50.0];;False;;False;{'StreetName': None, 'CityName': None, 'PostalZone': None, 'NUTS': 'FRG01', 'Country': 'FRA'};sans remise en concurrence;;26-87682;;;;LOT-0007;85148000;16408000.0;10;13.0;;avis d'attribution;ouverte;PA-25103;;;;False;False;False;;7364.0;Établissement d'hospitalisation ;10 000  et plus ;<NA>;1978-01-01;86.10Z;2008;5785.0;Société d'exercice libéral par action simplifiée ;500  à  999;False;<NA>;2008;Q;86;86.9;86.9;86.90B;2006-12-26;;Lyon;Rhône;Auvergne-Rhône-Alpes;(47.211138, -1.557241);Nantes;Loire-Atlantique;Pays de la Loire;;;;;;;;
False;;;True;True;False;attribue;{'StreetName': None, 'AdditionalStreetName': None, 'CityName': 'FREPILLON', 'PostalZone': '95740', 'Country': 'FRA'};402928766;True;CERBA;CERBA;2026-09-11;"{'StreetName': ""5 ALLEE DE L'ILE GLORIETTE"", 'AdditionalStreetName': None, 'CityName': 'NANTES', 'PostalZone': '44093', 'Country': 'FRA'}";264400136;True;CHU NANTES;44 CHU;;2026-07-01+02:00;services;"[""PERFORMANCE PRESTATION 30% - SYSTEME D'INFORMATION 10% - ACCOMPAGNEMENT ET SERVICES 8% - RSE 2% - PRIX 50%""]";['social'];[30.0, 10.0, 8.0, 2.0, 50.0];;False;;False;{'StreetName': None, 'CityName': None, 'PostalZone': None, 'NUTS': 'FRG01', 'Country': 'FRA'};sans remise en concurrence;;26-87682;;;;LOT-0007;85148000;16408000.0;10;13.0;;avis d'attribution;ouverte;PA-25103;;;;False;False;False;;7364.0;Établissement d'hospitalisation ;10 000  et plus ;<NA>;1978-01-01;86.10Z;2008;5585.0;Société d'exercice libéral à forme anonyme à conseil d'administration ;500  à  999;False;<NA>;2008;Q;86;86.9;86.9;86.90B;1995-10-31;;Frépillon;Val-d'Oise;Île-de-France;(47.211138, -1.557241);Nantes;Loire-Atlantique;Pays de la Loire;;;;;;;;
False;;;True;True;False;attribue;{'StreetName': None, 'AdditionalStreetName': None, 'CityName': 'BRIVE LA GAILLARDE', 'PostalZone': '19100', 'Country': 'FRA'};422809574;True;MEDIPATH;SELAS MEDIPATH;2026-09-11;"{'StreetName': ""5 ALLEE DE L'ILE GLORIETTE"", 'AdditionalStreetName': None, 'CityName': 'NANTES', 'PostalZone': '44093', 'Country': 'FRA'}";264400136;True;CHU NANTES;44 CHU;;2026-07-01+02:00;services;"[""PERFORMANCE PRESTATION 30% - SYSTEME D'INFORMATION 10% - ACCOMPAGNEMENT ET SERVICES 8% - RSE 2% - PRIX 50%""]";['social'];[30.0, 10.0, 8.0, 2.0, 50.0];;False;;False;{'StreetName': None, 'CityName': None, 'PostalZone': None, 'NUTS': 'FRG01', 'Country': 'FRA'};sans remise en concurrence;;26-87682;;;;LOT-0008;85148000;16408000.0;10;13.0;;avis d'attribution;ouverte;PA-25103;;;;False;False;False;;7364.0;Établissement d'hospitalisation ;10 000  et plus ;<NA>;1978-01-01;86.10Z;2008;5785.0;Société d'exercice libéral par action simplifiée ;500  à  999;False;<NA>;2008;Q;86;86.2;86.22;86.22C;1999-04-26;;Brive-la-Gaillarde;Corrèze;Nouvelle-Aquitaine;(47.211138, -1.557241);Nantes;Loire-Atlantique;Pays de la Loire;;;;;;;;
False;;;True;True;False;attribue;{'StreetName': None, 'AdditionalStreetName': None, 'CityName': 'NANTES', 'PostalZone': '44100', 'Country': 'FRA'};786007013;True;INSTITUT D'HISTO-PATHOLOGIE - ANATOMIE ET CYTOLOGIE PATHOLOGIQUES;INSTITUT D'HISTOPATHOLOGIE;2026-09-11;"{'StreetName': ""5 ALLEE DE L'ILE GLORIETTE"", 'AdditionalStreetName': None, 'CityName': 'NANTES', 'PostalZone': '44093', 'Country': 'FRA'}";264400136;True;CHU NANTES;44 CHU;;2026-07-01+02:00;services;"[""PERFORMANCE PRESTATION 30% - SYSTEME D'INFORMATION 10% - ACCOMPAGNEMENT ET SERVICES 8% - RSE 2% - PRIX 50%""]";['social'];[30.0, 10.0, 8.0, 2.0, 50.0];;False;;False;{'StreetName': None, 'CityName': None, 'PostalZone': None, 'NUTS': 'FRG01', 'Country': 'FRA'};sans remise en concurrence;;26-87682;;;;LOT-0008;85148000;16408000.0;10;13.0;;avis d'attribution;ouverte;PA-25103;;;;False;False;False;;7364.0;Établissement d'hospitalisation ;10 000  et plus ;<NA>;1978-01-01;86.10Z;2008;5785.0;Société d'exercice libéral par action simplifiée ;100  à  199;False;<NA>;2008;Q;86;86.2;86.22;86.22C;1986-04-24;;Nantes;Loire-Atlantique;Pays de la Loire;(47.211138, -1.557241);Nantes;Loire-Atlantique;Pays de la Loire;;;;;;;;
False;;;True;True;False;attribue;{'StreetName': None, 'AdditionalStreetName': None, 'CityName': 'BRIVE LA GAILLARDE', 'PostalZone': '19100', 'Country': 'FRA'};422809574;True;MEDIPATH;SELAS MEDIPATH;2026-09-11;"{'StreetName': ""5 ALLEE DE L'ILE GLORIETTE"", 'AdditionalStreetName': None, 'CityName': 'NANTES', 'PostalZone': '44093', 'Country': 'FRA'}";264400136;True;CHU NANTES;44 CHU;;2026-07-01+02:00;services;"[""PERFORMANCE PRESTATION 30% - SYSTEME D'INFORMATION 10% - ACCOMPAGNEMENT ET SERVICES 8% - RSE 2% - PRIX 50%""]";['social'];[30.0, 10.0, 8.0, 2.0, 50.0];;False;;False;{'StreetName': None, 'CityName': None, 'PostalZone': None, 'NUTS': 'FRG01', 'Country': 'FRA'};sans remise en concurrence;;26-87682;;;;LOT-0008;85148000;16408000.0;10;13.0;;avis d'attribution;ouverte;PA-25103;;;;False;False;False;;7364.0;Établissement d'hospitalisation ;10 000  et plus ;<NA>;1978-01-01;86.10Z;2008;5785.0;Société d'exercice libéral par action simplifiée ;500  à  999;False;<NA>;2008;Q;86;86.2;86.22;86.22C;1999-04-26;;Brive-la-Gaillarde;Corrèze;Nouvelle-Aquitaine;(47.211138, -1.557241);Nantes;Loire-Atlantique;Pays de la Loire;;;;;;;;
False;;;True;True;False;attribue;{'StreetName': None, 'AdditionalStreetName': None, 'CityName': 'NANTES', 'PostalZone': '44100', 'Country': 'FRA'};786007013;True;INSTITUT D'HISTO-PATHOLOGIE - ANATOMIE ET CYTOLOGIE PATHOLOGIQUES;INSTITUT D'HISTOPATHOLOGIE;2026-09-11;"{'StreetName': ""5 ALLEE DE L'ILE GLORIETTE"", 'AdditionalStreetName': None, 'CityName': 'NANTES', 'PostalZone': '44093', 'Country': 'FRA'}";264400136;True;CHU NANTES;44 CHU;;2026-07-01+02:00;services;"[""PERFORMANCE PRESTATION 30% - SYSTEME D'INFORMATION 10% - ACCOMPAGNEMENT ET SERVICES 8% - RSE 2% - PRIX 50%""]";['social'];[30.0, 10.0, 8.0, 2.0, 50.0];;False;;False;{'StreetName': None, 'CityName': None, 'PostalZone': None, 'NUTS': 'FRG01', 'Country': 'FRA'};sans remise en concurrence;;26-87682;;;;LOT-0008;85148000;16408000.0;10;13.0;;avis d'attribution;ouverte;PA-25103;;;;False;False;False;;7364.0;Établissement d'hospitalisation ;10 000  et plus ;<NA>;1978-01-01;86.10Z;2008;5785.0;Société d'exercice libéral par action simplifiée ;100  à  199;False;<NA>;2008;Q;86;86.2;86.22;86.22C;1986-04-24;;Nantes;Loire-Atlantique;Pays de la Loire;(47.211138, -1.557241);Nantes;Loire-Atlantique;Pays de la Loire;;;;;;;;
False;;;True;False;False;attribue;{'StreetName': None, 'AdditionalStreetName': None, 'CityName': 'FONTENAY SOUS BOIS', 'PostalZone': '94120', 'Country': 'FRA'};310644877;True;KARDEX FRANCE;KARDEX FRANCE;2026-09-11;"{'StreetName': ""5 ALLEE DE L'ILE GLORIETTE"", 'AdditionalStreetName': None, 'CityName': 'NANTES', 'PostalZone': '44093', 'Country': 'FRA'}";264400136;True;CHU NANTES;CHU de Nantes;;2026-08-03+02:00;fournitures;"[""l'analyse du critère prix se fera en coût global"", 'critère technique']";['prix', 'technique'];[50.0, 50.0];;False;;False;{'StreetName': None, 'CityName': 'NANTES', 'PostalZone': None, 'NUTS': 'FRG01', 'Country': 'FRA'};sans remise en concurrence;;26-87685;;3000000.0;;LOT-0001;39173000;3000000.0;1;4.0;;Avis d'attribution;negociee;PAN-25090;7.0;;;False;False;False;3000000.0;7364.0;Établissement d'hospitalisation ;10 000  et plus ;<NA>;1978-01-01;86.10Z;2008;5710.0;SAS, société par actions simplifiée;50  à  99;False;<NA>;2008;G;46;46.6;46.69;46.69B;1977-01-01;;Fontenay-sous-Bois;Val-de-Marne;Île-de-France;(47.211138, -1.557241);Nantes;Loire-Atlantique;Pays de la Loire;;;;;;;;
False;;;True;True;False;attribue;{'StreetName': None, 'AdditionalStreetName': None, 'CityName': 'NIEDERBRONN-LES-BAINS', 'PostalZone': '67110', 'Country': 'FRA'};838977742;True;BOULANGERIE PATISSERIE HOFFMANN;BOULANGERIE HOFFMANN;2026-09-11;{'StreetName': 'PLATE-FORME COMMISSARIAT EST', 'AdditionalStreetName': 'DIVISION ACHATS PUBLICS', 'CityName': 'METZ CEDEX 1', 'PostalZone': '57044', 'Country': 'FRA'};130015357;True;;Plate-Forme Commissariat Est PLATE-FORME COMMISSARIAT EST;;2026-08-29+02:00;fournitures;['CRITÈRE DE PONDÉRATION PRIX', 'CRITÈRE DE PONDÉRATION VALEUR TECHNIQUE'];['prix', 'technique'];[45.0, 55.0];300.0;True;;False;{'StreetName': None, 'CityName': None, 'PostalZone': None, 'NUTS': None, 'Country': None};sans remise en concurrence;;26-87724;;83620.0;83620.0;LOT-0003;15811000;;3;2.0;;APPROVISIONNEMENT EN PAINS A L'ETAT FRAIS AU PROFIT DU CERCLE INTERARMEES DE LA BASE DE DEFENSE DE PHALSBOURG;ouverte;DAF_2025_000738;3.0;;;True;False;False;;;;;;<NA>;<NA>;<NA>;5710.0;SAS, société par actions simplifiée;20  à  49;False;<NA>;2008;C;10;10.7;10.71;10.71C;2018-04-11;;Niederbronn-les-Bains;Bas-Rhin;Grand Est;;;;;;;;;;;;
False;;;True;True;False;non attribue;;;False;;;2026-09-11;{'StreetName': 'PLATE-FORME COMMISSARIAT EST', 'AdditionalStreetName': 'DIVISION ACHATS PUBLICS', 'CityName': 'METZ CEDEX 1', 'PostalZone': '57044', 'Country': 'FRA'};130015357;True;;Plate-Forme Commissariat Est PLATE-FORME COMMISSARIAT EST;;2026-06-01+02:00;fournitures;['CRITÈRE DE PONDÉRATION PRIX', 'CRITÈRE DE PONDÉRATION VALEUR TECHNIQUE'];['prix', 'technique'];[45.0, 55.0];360.0;True;;False;{'StreetName': 'QUARTIER LA HORIE', 'CityName': 'PHALSBOURG', 'PostalZone': '57370', 'NUTS': 'FRF33', 'Country': 'FRA'};sans remise en concurrence;;26-87724;;;31050.0;LOT-0001;15811000;;3;;;APPROVISIONNEMENT EN PAINS A L'ETAT FRAIS AU PROFIT DU CERCLE INTERARMEES DE LA BASE DE DEFENSE DE PHALSBOURG;ouverte;DAF_2025_000738;3.0;;;True;False;False;;;;;;<NA>;<NA>;<NA>;;;;;;<NA>;;;;;<NA>;<NA>;;;;;;;;;;;;;;;;
False;;;True;True;False;non attribue;;;False;;;2026-09-11;{'StreetName': 'PLATE-FORME COMMISSARIAT EST', 'AdditionalStreetName': 'DIVISION ACHATS PUBLICS', 'CityName': 'METZ CEDEX 1', 'PostalZone': '57044', 'Country': 'FRA'};130015357;True;;Plate-Forme Commissariat Est PLATE-FORME COMMISSARIAT EST;;2026-06-01+02:00;fournitures;['CRITÈRE DE PONDÉRATION PRIX', 'CRITÈRE DE PONDÉRATION VALEUR TECHNIQUE'];['prix', 'technique'];[45.0, 55.0];360.0;True;;False;{'StreetName': None, 'CityName': None, 'PostalZone': None, 'NUTS': None, 'Country': None};sans remise en concurrence;;26-87724;;;88200.0;LOT-0002;15811000;;3;0.0;;APPROVISIONNEMENT EN PAINS A L'ETAT FRAIS AU PROFIT DU CERCLE INTERARMEES DE LA BASE DE DEFENSE DE PHALSBOURG;ouverte;DAF_2025_000738;3.0;;;True;False;False;;;;;;<NA>;<NA>;<NA>;;;;;;<NA>;;;;;<NA>;<NA>;;;;;;;;;;;;;;;;
False;;;True;False;False;attribue;{'StreetName': 'Rue Ariane II, Espace Valentin Nord', 'AdditionalStreetName': None, 'CityName': 'Miserey-Salines', 'PostalZone': '25480', 'Country': 'FRA'};383693975;True;KUBA;KUBA;2026-09-11;{'StreetName': '22-24 Viaduc Kennedy CO n°80036', 'AdditionalStreetName': None, 'CityName': 'NANCY Cedex', 'PostalZone': '54035', 'Country': 'FRA'};245400676;True;METROPOLE DU GRAND NANCY;Métropole du Grand Nancy - Service Commande Publique;;;fournitures;['Prix des prestations', 'Valeur technique', 'Qualité responsabilité sociale et environnementale'];['prix', 'technique', 'environnemental & social'];[35.0, 60.0, 5.0];2880.0;False;;True;;hybride;;26-87796;;7200000.0;5500000.0;LOT-0001;48214000;7200000.0;1;3.0;0.0;Renouvellement du système Billettique du bassin nancéien;negociee;MGN_2025_046_SG;;;;False;False;False;7200000.0;7344.0;Métropole;1 000  à  1 999;False;1996-01-01;84.11Z;2008;5710.0;SAS, société par actions simplifiée;100  à  199;False;<NA>;2008;J;62;62.0;62.01;62.01Z;1991-11-15;(47.279604, 5.981605);Miserey-Salines;Doubs;Bourgogne-Franche-Comté;(48.686042, 6.17494);Nancy;Meurthe-et-Moselle;Grand Est;;;;;;;;
False;;;True;False;False;attribue;{'StreetName': '2 rue Bartisch', 'AdditionalStreetName': None, 'CityName': 'STRASBOURG', 'PostalZone': '67100', 'Country': 'FRA'};339623860;True;ROEDERER;ROEDERER SAS;2026-09-11;{'StreetName': '1 Rue Jacques Villermaux BP 33730', 'AdditionalStreetName': None, 'CityName': 'Nancy cedex', 'PostalZone': '54098', 'Country': 'FRA'};761800119;True;SUD LORRAINE INGENIERIE MUTUALISEE PROJETS;SLIM PROJETS, mandataire du CH de Verdun Saint-Mihiel;;;services;['Valeur technique', 'Tarification', 'Qualité de gestion'];['technique', 'prix', 'qualite'];[40.0, 40.0, 20.0];1380.0;True;;False;"{'StreetName': ""2 rue d'Anthouard"", 'CityName': 'VERDUN', 'PostalZone': '55100', 'NUTS': 'FRF32', 'Country': 'FRA'}";;;26-87689;;392420.16;500000.0;LOT-0001;66515200;;1;3.0;;Marché public de prestation d'assurance dommages ouvrage et contrat collectif de responsabilité décennale dans le cadre des travaux de restructuration du Centre Hospitalier de VERDUN SAINT-MIHIEL (...;ouverte;PJ/VV Assurances CH VERDUN;;;;False;False;False;392420.16;5599.0;SA à conseil d'administration (s.a.i.);20  à  49;False;1961-01-01;42.99Z;2008;5710.0;SAS, société par actions simplifiée;250  à  499;False;<NA>;2008;K;66;66.2;66.22;66.22Z;1986-11-15;(48.552041, 7.73898);Strasbourg;Bas-Rhin;Grand Est;(48.692954, 6.200166);Nancy;Meurthe-et-Moselle;Grand Est;;;;;;;;
False;['80410000', '92331210'];;True;False;False;attribue;{'StreetName': '1238 Rte De Ganges', 'AdditionalStreetName': None, 'CityName': 'Montpellier', 'PostalZone': '34090', 'Country': 'FRA'};808775613;False;MAYANE RESILIENCE CENTER;MAYANE Association;2026-09-11;{'StreetName': 'Place de la mairie', 'AdditionalStreetName': None, 'CityName': 'Rodilhan', 'PostalZone': '30230', 'Country': 'FRA'};200090892;False;SM EPTB VISTRE - VISTRENQUE;SM EPTB Vistre Vistrenque;;2026-09-01+02:00;services;"[""Valeur technique de l'offre"", 'Prix']";['technique', 'prix'];[50.0, 50.0];360.0;False;;False;;sans remise en concurrence;;26-87673;26-87728;510000.0;;LOT-0000;80540000;510000.0;1;2.0;;Programme de sensibilisation scolaire au risque inondation;ouverte;2026-04;3.0;;False;False;False;False;510000.0;7354.0;Syndicat mixte fermé ;20  à  49;<NA>;2020-01-01;84.13Z;2008;5710.0;SAS, société par actions simplifiée;20  à  49;False;<NA>;2008;M;72;72.1;72.19;72.19Z;2015-01-06;(43.636366, 3.848555);Montpellier;Hérault;Occitanie;(43.82614, 4.431227);Rodilhan;Gard;Occitanie;;;;;;;;
False;['33692000', '09343000', '33610000', '33692000'];;True;True;False;non attribue;;;False;;;2026-09-11;{'StreetName': 'Place du Professeur Robert Debré', 'AdditionalStreetName': None, 'CityName': 'Nimes', 'PostalZone': '30029', 'Country': 'FRA'};263000036;False;CENTRE HOSPITALIER UNIVERSITAIRE DE NIMES;Centre Hospitalier Universitaire de Nîmes;;;fournitures;"[""Valeur technique de l'offre"", 'Prise en compte de la notion de développement durable', 'Prix']";['technique', 'environnemental', 'prix'];[45.0, 5.0, 50.0];;True;5000000.0;False;{'StreetName': 'Chu Nimes', 'CityName': 'Nimes', 'PostalZone': '30000', 'NUTS': 'FRJ12', 'Country': 'FRA'};sans remise en concurrence;;26-87720;;;;LOT-0001;33600000;;18;0.0;;FOURNITURE DE PRODUITS RADIO-PHARMACEUTIQUES POUR LE CHU DE NIMES;ouverte;0499C;3.0;;;False;True;False;;7364.0;Établissement d'hospitalisation ;5 000  à  9 999;False;1982-01-01;86.10Z;2008;;;;;;<NA>;;;;;<NA>;<NA>;;;;;(43.822554, 4.318858);Nîmes;Gard;Occitanie;;;;;;;;
False;['33692000', '09343000', '33610000', '33692000'];;True;True;False;non attribue;;;False;;;2026-09-11;{'StreetName': 'Place du Professeur Robert Debré', 'AdditionalStreetName': None, 'CityName': 'Nimes', 'PostalZone': '30029', 'Country': 'FRA'};263000036;False;CENTRE HOSPITALIER UNIVERSITAIRE DE NIMES;Centre Hospitalier Universitaire de Nîmes;;;fournitures;"[""Valeur technique de l'offre"", 'Prise en compte de la notion de développement durable', 'Prix']";['technique', 'environnemental', 'prix'];[45.0, 5.0, 50.0];;True;5000000.0;False;{'StreetName': 'Chu Nimes', 'CityName': 'Nimes', 'PostalZone': '30000', 'NUTS': 'FRJ12', 'Country': 'FRA'};sans remise en concurrence;;26-87720;;;;LOT-0002;33600000;;18;0.0;;FOURNITURE DE PRODUITS RADIO-PHARMACEUTIQUES POUR LE CHU DE NIMES;ouverte;0499C;3.0;;;False;True;False;;7364.0;Établissement d'hospitalisation ;5 000  à  9 999;False;1982-01-01;86.10Z;2008;;;;;;<NA>;;;;;<NA>;<NA>;;;;;(43.822554, 4.318858);Nîmes;Gard;Occitanie;;;;;;;;
False;['33692000', '09343000', '33610000', '33692000'];;True;True;False;non attribue;;;False;;;2026-09-11;{'StreetName': 'Place du Professeur Robert Debré', 'AdditionalStreetName': None, 'CityName': 'Nimes', 'PostalZone': '30029', 'Country': 'FRA'};263000036;False;CENTRE HOSPITALIER UNIVERSITAIRE DE NIMES;Centre Hospitalier Universitaire de Nîmes;;;fournitures;"[""Valeur technique de l'offre"", 'Prise en compte de la notion de développement durable', 'Prix']";['technique', 'environnemental', 'prix'];[45.0, 5.0, 50.0];;True;5000000.0;False;{'StreetName': 'Chu Nimes', 'CityName': 'Nimes', 'PostalZone': '30000', 'NUTS': 'FRJ12', 'Country': 'FRA'};sans remise en concurrence;;26-87720;;;;LOT-0003;33600000;;18;0.0;;FOURNITURE DE PRODUITS RADIO-PHARMACEUTIQUES POUR LE CHU DE NIMES;ouverte;0499C;3.0;;;False;True;False;;7364.0;Établissement d'hospitalisation ;5 000  à  9 999;False;1982-01-01;86.10Z;2008;;;;;;<NA>;;;;;<NA>;<NA>;;;;;(43.822554, 4.318858);Nîmes;Gard;Occitanie;;;;;;;;
False;['33692000', '09343000', '33610000', '33692000'];;True;True;False;non attribue;;;False;;;2026-09-11;{'StreetName': 'Place du Professeur Robert Debré', 'AdditionalStreetName': None, 'CityName': 'Nimes', 'PostalZone': '30029', 'Country': 'FRA'};263000036;False;CENTRE HOSPITALIER UNIVERSITAIRE DE NIMES;Centre Hospitalier Universitaire de Nîmes;;;fournitures;"[""Valeur technique de l'offre"", 'Prise en compte de la notion de développement durable', 'Prix']";['technique', 'environnemental', 'prix'];[45.0, 5.0, 50.0];;True;5000000.0;False;{'StreetName': 'Chu Nimes', 'CityName': 'Nimes', 'PostalZone': '30000', 'NUTS': 'FRJ12', 'Country': 'FRA'};sans remise en concurrence;;26-87720;;;;LOT-0004;33600000;;18;0.0;;FOURNITURE DE PRODUITS RADIO-PHARMACEUTIQUES POUR LE CHU DE NIMES;ouverte;0499C;3.0;;;False;True;False;;7364.0;Établissement d'hospitalisation ;5 000  à  9 999;False;1982-01-01;86.10Z;2008;;;;;;<NA>;;;;;<NA>;<NA>;;;;;(43.822554, 4.318858);Nîmes;Gard;Occitanie;;;;;;;;
False;['33692000', '09343000', '33610000', '33692000'];;True;True;False;non attribue;;;False;;;2026-09-11;{'StreetName': 'Place du Professeur Robert Debré', 'AdditionalStreetName': None, 'CityName': 'Nimes', 'PostalZone': '30029', 'Country': 'FRA'};263000036;False;CENTRE HOSPITALIER UNIVERSITAIRE DE NIMES;Centre Hospitalier Universitaire de Nîmes;;;fournitures;"[""Valeur technique de l'offre"", 'Prise en compte de la notion de développement durable', 'Prix']";['technique', 'environnemental', 'prix'];[45.0, 5.0, 50.0];;True;5000000.0;False;{'StreetName': 'Chu Nimes', 'CityName': 'Nimes', 'PostalZone': '30000', 'NUTS': 'FRJ12', 'Country': 'FRA'};sans remise en concurrence;;26-87720;;;;LOT-0005;33600000;;18;0.0;;FOURNITURE DE PRODUITS RADIO-PHARMACEUTIQUES POUR LE CHU DE NIMES;ouverte;0499C;3.0;;;False;True;False;;7364.0;Établissement d'hospitalisation ;5 000  à  9 999;False;1982-01-01;86.10Z;2008;;;;;;<NA>;;;;;<NA>;<NA>;;;;;(43.822554, 4.318858);Nîmes;Gard;Occitanie;;;;;;;;
False;['33692000', '09343000', '33610000', '33692000'];;True;True;False;non attribue;;;False;;;2026-09-11;{'StreetName': 'Place du Professeur Robert Debré', 'AdditionalStreetName': None, 'CityName': 'Nimes', 'PostalZone': '30029', 'Country': 'FRA'};263000036;False;CENTRE HOSPITALIER UNIVERSITAIRE DE NIMES;Centre Hospitalier Universitaire de Nîmes;;;fournitures;"[""Valeur technique de l'offre"", 'Prise en compte de la notion de développement durable', 'Prix']";['technique', 'environnemental', 'prix'];[45.0, 5.0, 50.0];;True;5000000.0;False;{'StreetName': 'Chu Nimes', 'CityName': 'Nimes', 'PostalZone': '30000', 'NUTS': 'FRJ12', 'Country': 'FRA'};sans remise en concurrence;;26-87720;;;;LOT-0006;33600000;;18;0.0;;FOURNITURE DE PRODUITS RADIO-PHARMACEUTIQUES POUR LE CHU DE NIMES;ouverte;0499C;3.0;;;False;True;False;;7364.0;Établissement d'hospitalisation ;5 000  à  9 999;False;1982-01-01;86.10Z;2008;;;;;;<NA>;;;;;<NA>;<NA>;;;;;(43.822554, 4.318858);Nîmes;Gard;Occitanie;;;;;;;;
False;['33692000', '09343000', '33610000', '33692000'];;True;True;False;non attribue;;;False;;;2026-09-11;{'StreetName': 'Place du Professeur Robert Debré', 'AdditionalStreetName': None, 'CityName': 'Nimes', 'PostalZone': '30029', 'Country': 'FRA'};263000036;False;CENTRE HOSPITALIER UNIVERSITAIRE DE NIMES;Centre Hospitalier Universitaire de Nîmes;;;fournitures;"[""Valeur technique de l'offre"", 'Prise en compte de la notion de développement durable', 'Prix']";['technique', 'environnemental', 'prix'];[45.0, 5.0, 50.0];;True;5000000.0;False;{'StreetName': 'Chu Nimes', 'CityName': 'Nimes', 'PostalZone': '30000', 'NUTS': 'FRJ12', 'Country': 'FRA'};sans remise en concurrence;;26-87720;;;;LOT-0007;33600000;;18;0.0;;FOURNITURE DE PRODUITS RADIO-PHARMACEUTIQUES POUR LE CHU DE NIMES;ouverte;0499C;3.0;;;False;True;False;;7364.0;Établissement d'hospitalisation ;5 000  à  9 999;False;1982-01-01;86.10Z;2008;;;;;;<NA>;;;;;<NA>;<NA>;;;;;(43.822554, 4.318858);Nîmes;Gard;Occitanie;;;;;;;;
False;['33692000', '09343000', '33610000', '33692000'];;True;True;False;non attribue;;;False;;;2026-09-11;{'StreetName': 'Place du Professeur Robert Debré', 'AdditionalStreetName': None, 'CityName': 'Nimes', 'PostalZone': '30029', 'Country': 'FRA'};263000036;False;CENTRE HOSPITALIER UNIVERSITAIRE DE NIMES;Centre Hospitalier Universitaire de Nîmes;;;fournitures;"[""Valeur technique de l'offre"", 'Prise en compte de la notion de développement durable', 'Prix']";['technique', 'environnemental', 'prix'];[45.0, 5.0, 50.0];;True;5000000.0;False;{'StreetName': 'Chu Nimes', 'CityName': 'Nimes', 'PostalZone': '30000', 'NUTS': 'FRJ12', 'Country': 'FRA'};sans remise en concurrence;;26-87720;;;;LOT-0008;33600000;;18;0.0;;FOURNITURE DE PRODUITS RADIO-PHARMACEUTIQUES POUR LE CHU DE NIMES;ouverte;0499C;3.0;;;False;True;False;;7364.0;Établissement d'hospitalisation ;5 000  à  9 999;False;1982-01-01;86.10Z;2008;;;;;;<NA>;;;;;<NA>;<NA>;;;;;(43.822554, 4.318858);Nîmes;Gard;Occitanie;;;;;;;;
False;['33692000', '09343000', '33610000', '33692000'];;True;True;False;non attribue;;;False;;;2026-09-11;{'StreetName': 'Place du Professeur Robert Debré', 'AdditionalStreetName': None, 'CityName': 'Nimes', 'PostalZone': '30029', 'Country': 'FRA'};263000036;False;CENTRE HOSPITALIER UNIVERSITAIRE DE NIMES;Centre Hospitalier Universitaire de Nîmes;;;fournitures;"[""Valeur technique de l'offre"", 'Prise en compte de la notion de développement durable', 'Prix']";['technique', 'environnemental', 'prix'];[45.0, 5.0, 50.0];;True;5000000.0;False;{'StreetName': 'Chu Nimes', 'CityName': 'Nimes', 'PostalZone': '30000', 'NUTS': 'FRJ12', 'Country': 'FRA'};sans remise en concurrence;;26-87720;;;;LOT-0009;33600000;;18;0.0;;FOURNITURE DE PRODUITS RADIO-PHARMACEUTIQUES POUR LE CHU DE NIMES;ouverte;0499C;3.0;;;False;True;False;;7364.0;Établissement d'hospitalisation ;5 000  à  9 999;False;1982-01-01;86.10Z;2008;;;;;;<NA>;;;;;<NA>;<NA>;;;;;(43.822554, 4.318858);Nîmes;Gard;Occitanie;;;;;;;;
False;['33692000', '09343000', '33610000', '33692000'];;True;True;False;non attribue;;;False;;;2026-09-11;{'StreetName': 'Place du Professeur Robert Debré', 'AdditionalStreetName': None, 'CityName': 'Nimes', 'PostalZone': '30029', 'Country': 'FRA'};263000036;False;CENTRE HOSPITALIER UNIVERSITAIRE DE NIMES;Centre Hospitalier Universitaire de Nîmes;;;fournitures;"[""Valeur technique de l'offre"", 'Prise en compte de la notion de développement durable', 'Prix']";['technique', 'environnemental', 'prix'];[45.0, 5.0, 50.0];;True;5000000.0;False;{'StreetName': 'Chu Nimes', 'CityName': 'Nimes', 'PostalZone': '30000', 'NUTS': 'FRJ12', 'Country': 'FRA'};sans remise en concurrence;;26-87720;;;;LOT-0010;33600000;;18;0.0;;FOURNITURE DE PRODUITS RADIO-PHARMACEUTIQUES POUR LE CHU DE NIMES;ouverte;0499C;3.0;;;False;True;False;;7364.0;Établissement d'hospitalisation ;5 000  à  9 999;False;1982-01-01;86.10Z;2008;;;;;;<NA>;;;;;<NA>;<NA>;;;;;(43.822554, 4.318858);Nîmes;Gard;Occitanie;;;;;;;;
False;['33692000', '09343000', '33610000', '33692000'];;True;True;False;non attribue;;;False;;;2026-09-11;{'StreetName': 'Place du Professeur Robert Debré', 'AdditionalStreetName': None, 'CityName': 'Nimes', 'PostalZone': '30029', 'Country': 'FRA'};263000036;False;CENTRE HOSPITALIER UNIVERSITAIRE DE NIMES;Centre Hospitalier Universitaire de Nîmes;;;fournitures;"[""Valeur technique de l'offre"", 'Prise en compte de la notion de développement durable', 'Prix']";['technique', 'environnemental', 'prix'];[45.0, 5.0, 50.0];;True;5000000.0;False;{'StreetName': 'Chu Nimes', 'CityName': 'Nimes', 'PostalZone': '30000', 'NUTS': 'FRJ12', 'Country': 'FRA'};sans remise en concurrence;;26-87720;;;;LOT-0011;33600000;;18;0.0;;FOURNITURE DE PRODUITS RADIO-PHARMACEUTIQUES POUR LE CHU DE NIMES;ouverte;0499C;3.0;;;False;True;False;;7364.0;Établissement d'hospitalisation ;5 000  à  9 999;False;1982-01-01;86.10Z;2008;;;;;;<NA>;;;;;<NA>;<NA>;;;;;(43.822554, 4.318858);Nîmes;Gard;Occitanie;;;;;;;;
False;['33692000', '09343000', '33610000', '33692000'];;True;True;False;non attribue;;;False;;;2026-09-11;{'StreetName': 'Place du Professeur Robert Debré', 'AdditionalStreetName': None, 'CityName': 'Nimes', 'PostalZone': '30029', 'Country': 'FRA'};263000036;False;CENTRE HOSPITALIER UNIVERSITAIRE DE NIMES;Centre Hospitalier Universitaire de Nîmes;;;fournitures;"[""Valeur technique de l'offre"", 'Prise en compte de la notion de développement durable', 'Prix']";['technique', 'environnemental', 'prix'];[45.0, 5.0, 50.0];;True;5000000.0;False;{'StreetName': 'Chu Nimes', 'CityName': 'Nimes', 'PostalZone': '30000', 'NUTS': 'FRJ12', 'Country': 'FRA'};sans remise en concurrence;;26-87720;;;;LOT-0012;33600000;;18;0.0;;FOURNITURE DE PRODUITS RADIO-PHARMACEUTIQUES POUR LE CHU DE NIMES;ouverte;0499C;3.0;;;False;True;False;;7364.0;Établissement d'hospitalisation ;5 000  à  9 999;False;1982-01-01;86.10Z;2008;;;;;;<NA>;;;;;<NA>;<NA>;;;;;(43.822554, 4.318858);Nîmes;Gard;Occitanie;;;;;;;;
False;['33692000', '09343000', '33610000', '33692000'];;True;True;False;non attribue;;;False;;;2026-09-11;{'StreetName': 'Place du Professeur Robert Debré', 'AdditionalStreetName': None, 'CityName': 'Nimes', 'PostalZone': '30029', 'Country': 'FRA'};263000036;False;CENTRE HOSPITALIER UNIVERSITAIRE DE NIMES;Centre Hospitalier Universitaire de Nîmes;;;fournitures;"[""Valeur technique de l'offre"", 'Prise en compte de la notion de développement durable', 'Prix']";['technique', 'environnemental', 'prix'];[45.0, 5.0, 50.0];;True;5000000.0;False;{'StreetName': 'Chu Nimes', 'CityName': 'Nimes', 'PostalZone': '30000', 'NUTS': 'FRJ12', 'Country': 'FRA'};sans remise en concurrence;;26-87720;;;;LOT-0013;33600000;;18;0.0;;FOURNITURE DE PRODUITS RADIO-PHARMACEUTIQUES POUR LE CHU DE NIMES;ouverte;0499C;3.0;;;False;True;False;;7364.0;Établissement d'hospitalisation ;5 000  à  9 999;False;1982-01-01;86.10Z;2008;;;;;;<NA>;;;;;<NA>;<NA>;;;;;(43.822554, 4.318858);Nîmes;Gard;Occitanie;;;;;;;;
False;['33692000', '09343000', '33610000', '33692000'];;True;True;False;non attribue;;;False;;;2026-09-11;{'StreetName': 'Place du Professeur Robert Debré', 'AdditionalStreetName': None, 'CityName': 'Nimes', 'PostalZone': '30029', 'Country': 'FRA'};263000036;False;CENTRE HOSPITALIER UNIVERSITAIRE DE NIMES;Centre Hospitalier Universitaire de Nîmes;;;fournitures;"[""Valeur technique de l'offre"", 'Prise en compte de la notion de développement durable', 'Prix']";['technique', 'environnemental', 'prix'];[45.0, 5.0, 50.0];;True;5000000.0;False;{'StreetName': 'Chu Nimes', 'CityName': 'Nimes', 'PostalZone': '30000', 'NUTS': 'FRJ12', 'Country': 'FRA'};sans remise en concurrence;;26-87720;;;;LOT-0014;33600000;;18;0.0;;FOURNITURE DE PRODUITS RADIO-PHARMACEUTIQUES POUR LE CHU DE NIMES;ouverte;0499C;3.0;;;False;True;False;;7364.0;Établissement d'hospitalisation ;5 000  à  9 999;False;1982-01-01;86.10Z;2008;;;;;;<NA>;;;;;<NA>;<NA>;;;;;(43.822554, 4.318858);Nîmes;Gard;Occitanie;;;;;;;;
False;['33692000', '09343000', '33610000', '33692000'];;True;True;False;non attribue;;;False;;;2026-09-11;{'StreetName': 'Place du Professeur Robert Debré', 'AdditionalStreetName': None, 'CityName': 'Nimes', 'PostalZone': '30029', 'Country': 'FRA'};263000036;False;CENTRE HOSPITALIER UNIVERSITAIRE DE NIMES;Centre Hospitalier Universitaire de Nîmes;;;fournitures;"[""Valeur technique de l'offre"", 'Prise en compte de la notion de développement durable', 'Prix']";['technique', 'environnemental', 'prix'];[45.0, 5.0, 50.0];;True;5000000.0;False;{'StreetName': 'Chu Nimes', 'CityName': 'Nimes', 'PostalZone': '30000', 'NUTS': 'FRJ12', 'Country': 'FRA'};sans remise en concurrence;;26-87720;;;;LOT-0015;33600000;;18;0.0;;FOURNITURE DE PRODUITS RADIO-PHARMACEUTIQUES POUR LE CHU DE NIMES;ouverte;0499C;3.0;;;False;True;False;;7364.0;Établissement d'hospitalisation ;5 000  à  9 999;False;1982-01-01;86.10Z;2008;;;;;;<NA>;;;;;<NA>;<NA>;;;;;(43.822554, 4.318858);Nîmes;Gard;Occitanie;;;;;;;;
False;['33692000', '09343000', '33610000', '33692000'];;True;True;False;non attribue;;;False;;;2026-09-11;{'StreetName': 'Place du Professeur Robert Debré', 'AdditionalStreetName': None, 'CityName': 'Nimes', 'PostalZone': '30029', 'Country': 'FRA'};263000036;False;CENTRE HOSPITALIER UNIVERSITAIRE DE NIMES;Centre Hospitalier Universitaire de Nîmes;;;fournitures;"[""Valeur technique de l'offre"", 'Prise en compte de la notion de développement durable', 'Prix']";['technique', 'environnemental', 'prix'];[45.0, 5.0, 50.0];;True;5000000.0;False;{'StreetName': 'Chu Nimes', 'CityName': 'Nimes', 'PostalZone': '30000', 'NUTS': 'FRJ12', 'Country': 'FRA'};sans remise en concurrence;;26-87720;;;;LOT-0016;33600000;;18;0.0;;FOURNITURE DE PRODUITS RADIO-PHARMACEUTIQUES POUR LE CHU DE NIMES;ouverte;0499C;3.0;;;False;True;False;;7364.0;Établissement d'hospitalisation ;5 000  à  9 999;False;1982-01-01;86.10Z;2008;;;;;;<NA>;;;;;<NA>;<NA>;;;;;(43.822554, 4.318858);Nîmes;Gard;Occitanie;;;;;;;;
False;['33692000', '09343000', '33610000', '33692000'];;True;True;False;non attribue;;;False;;;2026-09-11;{'StreetName': 'Place du Professeur Robert Debré', 'AdditionalStreetName': None, 'CityName': 'Nimes', 'PostalZone': '30029', 'Country': 'FRA'};263000036;False;CENTRE HOSPITALIER UNIVERSITAIRE DE NIMES;Centre Hospitalier Universitaire de Nîmes;;;fournitures;"[""Valeur technique de l'offre"", 'Prise en compte de la notion de développement durable', 'Prix']";['technique', 'environnemental', 'prix'];[45.0, 5.0, 50.0];;True;5000000.0;False;{'StreetName': 'Chu Nimes', 'CityName': 'Nimes', 'PostalZone': '30000', 'NUTS': 'FRJ12', 'Country': 'FRA'};sans remise en concurrence;;26-87720;;;;LOT-0017;33600000;;18;0.0;;FOURNITURE DE PRODUITS RADIO-PHARMACEUTIQUES POUR LE CHU DE NIMES;ouverte;0499C;3.0;;;False;True;False;;7364.0;Établissement d'hospitalisation ;5 000  à  9 999;False;1982-01-01;86.10Z;2008;;;;;;<NA>;;;;;<NA>;<NA>;;;;;(43.822554, 4.318858);Nîmes;Gard;Occitanie;;;;;;;;
False;['33692000', '09343000', '33610000', '33692000'];;True;True;False;non attribue;;;False;;;2026-09-11;{'StreetName': 'Place du Professeur Robert Debré', 'AdditionalStreetName': None, 'CityName': 'Nimes', 'PostalZone': '30029', 'Country': 'FRA'};263000036;False;CENTRE HOSPITALIER UNIVERSITAIRE DE NIMES;Centre Hospitalier Universitaire de Nîmes;;;fournitures;"[""Valeur technique de l'offre"", 'Prise en compte de la notion de développement durable', 'Prix']";['technique', 'environnemental', 'prix'];[45.0, 5.0, 50.0];;True;5000000.0;False;{'StreetName': 'Chu Nimes', 'CityName': 'Nimes', 'PostalZone': '30000', 'NUTS': 'FRJ12', 'Country': 'FRA'};sans remise en concurrence;;26-87720;;;;LOT-0018;33600000;;18;0.0;;FOURNITURE DE PRODUITS RADIO-PHARMACEUTIQUES POUR LE CHU DE NIMES;ouverte;0499C;3.0;;;False;True;False;;7364.0;Établissement d'hospitalisation ;5 000  à  9 999;False;1982-01-01;86.10Z;2008;;;;;;<NA>;;;;;<NA>;<NA>;;;;;(43.822554, 4.318858);Nîmes;Gard;Occitanie;;;;;;;;
False;['09132100', '09132100', '09134000', '09135100'];;True;True;False;non attribue;;;False;;;2026-09-11;"{'StreetName': ""Place de l'hotel de ville"", 'AdditionalStreetName': None, 'CityName': 'Amiens', 'PostalZone': '80027', 'Country': 'FRA'}";248000531;False;COMMUNAUTE AGGLO AMIENS METROPOLE;Centrale d'achat d'amiens metropole;;;fournitures;"[""Valeur technique de l'offre"", 'Prix']";['technique', 'prix'];[20.0, 80.0];;False;7338000.0;False;;sans remise en concurrence;;26-87717;;;;LOT-0001;09100000;7338000.0;2;0.0;;Fourniture et livraison de carburant et fioul domestique en vrac pour les véhicules et certains équipements des adhérents à la centrale d'achat d'Amiens Métropole;ouverte;26005_AO;2.0;;;False;False;False;;7348.0;Communauté d'agglomération ;2 000  à  4 999;False;1993-12-21;84.11Z;2008;;;;;;<NA>;;;;;<NA>;<NA>;;;;;(49.893238, 2.295394);Amiens;Somme;Hauts-de-France;;;;;;;;
False;['09135100', '09132100', '09134000', '09135100'];;True;True;False;attribue;{'StreetName': 'Tour Bolloré 31-32 Quai de Dion Bouton', 'AdditionalStreetName': None, 'CityName': 'Puteaux Cedex', 'PostalZone': '91811', 'Country': 'FRA'};601251614;False;BOLLORE ENERGY;BOLLORE ENERGY;2026-09-11;"{'StreetName': ""Place de l'hotel de ville"", 'AdditionalStreetName': None, 'CityName': 'Amiens', 'PostalZone': '80027', 'Country': 'FRA'}";248000531;False;COMMUNAUTE AGGLO AMIENS METROPOLE;Centrale d'achat d'amiens metropole;;;fournitures;"[""Valeur technique de l'offre"", 'Prix']";['technique', 'prix'];[20.0, 80.0];;False;7338000.0;False;;sans remise en concurrence;;26-87717;;2916.97;;LOT-0002;09100000;7338000.0;2;3.0;;Fourniture et livraison de carburant et fioul domestique en vrac pour les véhicules et certains équipements des adhérents à la centrale d'achat d'Amiens Métropole;ouverte;26005_AO;2.0;;;False;False;False;;7348.0;Communauté d'agglomération ;2 000  à  4 999;False;1993-12-21;84.11Z;2008;5599.0;SA à conseil d'administration (s.a.i.);500  à  999;False;False;2008;G;46;46.7;46.71;46.71Z;1900-01-01;(48.881123, 2.24553);Puteaux;Hauts-de-Seine;Île-de-France;(49.893238, 2.295394);Amiens;Somme;Hauts-de-France;;;;;;;;
False;;76.0;True;True;True;attribue;{'StreetName': '15 RUE HUBERT PENNEVERT ', 'AdditionalStreetName': 'ZI DU CANAL DES SOEURS EST', 'CityName': 'ROCHEFORT', 'PostalZone': '17300', 'Country': 'FRA'};701980203;True;SUEZ RV SUD OUEST;SUEZ RV SUD OUEST;2026-09-11;{'StreetName': '11 boulevard Ambroise Paré', 'AdditionalStreetName': 'BP10326', 'CityName': 'Saintes cedex', 'PostalZone': '17108', 'Country': 'FRA'};261700025;True;GROUPE HOSPITALIER SAINTES-SAINT-JEAN-D'ANGELY;GH Saintes - SJY - Ets support GHT;2025-07-26;2026-03-30+02:00;services;"[""1) Prix sur la base du montant total en Euros HT complété dans le BPU faisant office de DQE - valorisation de l'offre moins disante par application d'une formule mathématique"", '2) Valeur technique sur la base des éléments du Mémoire  Technique 2-1) solutions techniques proposées de collecte ; 2-2) solutions techniques proposées de stockage interne', '3) Mémoire environnemental précisant les solutions de collectes externes (mode et périodicité) et aux méthodes de traitement (valorisation matière, énergétique...)']";['prix', 'technique', 'environnemental'];[50.0, 25.0, 25.0];1460.0;True;;False;;sans remise en concurrence;;26-87754;25-85091;320000.0;;LOT-0001;90511000;906880.0;15;3.0;;COLLECTE ET TRAITEMENT DES DECHETS;ouverte;;;;False;False;False;False;906880.0;7364.0;Établissement d'hospitalisation ;2 000  à  4 999;False;1983-03-01;86.10Z;2008;5710.0;SAS, société par actions simplifiée;500  à  999;False;<NA>;2008;E;38;38.1;38.11;38.11Z;1970-01-01;(45.958896, -0.949347);Rochefort;Charente-Maritime;Nouvelle-Aquitaine;(49.875294, 2.271563);Amiens;Somme;Hauts-de-France;;;;;;;;
False;;76.0;True;True;True;attribue;{'StreetName': '15 RUE HUBERT PENNEVERT ', 'AdditionalStreetName': 'ZI DU CANAL DES SOEURS EST', 'CityName': 'ROCHEFORT', 'PostalZone': '17300', 'Country': 'FRA'};701980203;True;SUEZ RV SUD OUEST;SUEZ RV SUD OUEST;2026-09-11;{'StreetName': '11 boulevard Ambroise Paré', 'AdditionalStreetName': 'BP10326', 'CityName': 'Saintes cedex', 'PostalZone': '17108', 'Country': 'FRA'};261700025;True;GROUPE HOSPITALIER SAINTES-SAINT-JEAN-D'ANGELY;GH Saintes - SJY - Ets support GHT;2025-07-26;2026-03-30+02:00;services;"['1) Prix sur la base du montant total en € HT complété dans le  BPU faisant office de DQE - valorisation de l’offre moins  disante par application d’une formule mathématique', '2) Valeur technique sur la base des éléments du Mémoire  Technique 2-1) solutions techniques proposées de collecte ; 2-2) solutions techniques proposées de stockage interne', '3) Mémoire environnemental précisant les solutions de  collectes externes (mode et périodicité) et aux méthodes de  traitement (valorisation matière, énergétique...)']";['prix', 'technique', 'environnemental'];[50.0, 25.0, 25.0];1460.0;True;;False;"{'StreetName': ""GROUPE HOSPITALIER SAINTES SAINT JEAN D'ANGELY"", 'CityName': 'SAINTES', 'PostalZone': '17100', 'NUTS': 'FRI32', 'Country': 'FRA'}";sans remise en concurrence;;26-87754;25-85091;19200.0;;LOT-0002;90511000;906880.0;15;4.0;;COLLECTE ET TRAITEMENT DES DECHETS;ouverte;;;;False;False;False;False;906880.0;7364.0;Établissement d'hospitalisation ;2 000  à  4 999;False;1983-03-01;86.10Z;2008;5710.0;SAS, société par actions simplifiée;500  à  999;False;<NA>;2008;E;38;38.1;38.11;38.11Z;1970-01-01;(45.958896, -0.949347);Rochefort;Charente-Maritime;Nouvelle-Aquitaine;(49.875294, 2.271563);Amiens;Somme;Hauts-de-France;;;;;;;;
False;;76.0;True;True;True;attribue;{'StreetName': '370 CHEMIN ROMAIN', 'AdditionalStreetName': 'LES PETITS PRES', 'CityName': 'NERCILLAC', 'PostalZone': '16200', 'Country': 'FRA'};511867327;True;PAPREC SUD-OUEST;PAPREC SUD OUEST;2026-09-11;{'StreetName': '11 boulevard Ambroise Paré', 'AdditionalStreetName': 'BP10326', 'CityName': 'Saintes cedex', 'PostalZone': '17108', 'Country': 'FRA'};261700025;True;GROUPE HOSPITALIER SAINTES-SAINT-JEAN-D'ANGELY;GH Saintes - SJY - Ets support GHT;2025-07-26;2026-03-30+02:00;services;"['1) Prix sur la base du montant total en € HT complété dans le  BPU faisant office de DQE - valorisation de l’offre moins  disante par application d’une formule mathématique', '2) Valeur technique sur la base des éléments du Mémoire  Technique 2-1) solutions techniques proposées de collecte ; 2-2) solutions techniques proposées de stockage interne', '3) Mémoire environnemental précisant les solutions de  collectes externes (mode et périodicit25é) et aux méthodes de  traitement (valorisation matière, énergétique...)']";['prix', 'technique', 'environnemental'];[50.0, 25.0, 25.0];1460.0;True;;False;"{'StreetName': ""GROUPE HOSPITALIER SAINTES SAINT JEAN D'ANGELY"", 'CityName': 'SAINTES', 'PostalZone': '17100', 'NUTS': 'FRI32', 'Country': 'FRA'}";sans remise en concurrence;;26-87754;25-85091;48000.0;;LOT-0003;90511000;906880.0;15;3.0;;COLLECTE ET TRAITEMENT DES DECHETS;ouverte;;;;False;False;False;False;906880.0;7364.0;Établissement d'hospitalisation ;2 000  à  4 999;False;1983-03-01;86.10Z;2008;5710.0;SAS, société par actions simplifiée;200  à  249;False;<NA>;2008;E;38;38.3;38.32;38.32Z;2009-04-06;(45.748962, -0.299146);Nercillac;Charente;Nouvelle-Aquitaine;(49.875294, 2.271563);Amiens;Somme;Hauts-de-France;;;;;;;;
False;;76.0;True;True;True;attribue;{'StreetName': '370 CHEMIN ROMAIN', 'AdditionalStreetName': 'LES PETITS PRES', 'CityName': 'NERCILLAC', 'PostalZone': '16200', 'Country': 'FRA'};511867327;True;PAPREC SUD-OUEST;PAPREC SUD OUEST;2026-09-11;{'StreetName': '11 boulevard Ambroise Paré', 'AdditionalStreetName': 'BP10326', 'CityName': 'Saintes cedex', 'PostalZone': '17108', 'Country': 'FRA'};261700025;True;GROUPE HOSPITALIER SAINTES-SAINT-JEAN-D'ANGELY;GH Saintes - SJY - Ets support GHT;2025-07-26;2026-03-30+02:00;services;"['1) Prix sur la base du montant total en € HT complété dans le  BPU faisant office de DQE - valorisation de l’offre moins  disante par application d’une formule mathématique', '2) Valeur technique sur la base des éléments du Mémoire  Technique 2-1) solutions techniques proposées de collecte ; 2-2) solutions techniques proposées de stockage interne', '3) Mémoire environnemental précisant les solutions de  collectes externes (mode et périodicité) et aux méthodes de  traitement (valorisation matière, énergétique...)']";['prix', 'technique', 'environnemental'];[50.0, 25.0, 25.0];1460.0;True;;False;"{'StreetName': ""GROUPE HOSPITALIER SAINTES - SAINT-JEAN-D'ANGELY"", 'CityName': 'SAINTES', 'PostalZone': '17100', 'NUTS': 'FRI32', 'Country': 'FRA'}";sans remise en concurrence;;26-87754;25-85091;5760.0;;LOT-0004;90511000;906880.0;15;4.0;;COLLECTE ET TRAITEMENT DES DECHETS;ouverte;;;;False;False;False;False;906880.0;7364.0;Établissement d'hospitalisation ;2 000  à  4 999;False;1983-03-01;86.10Z;2008;5710.0;SAS, société par actions simplifiée;200  à  249;False;<NA>;2008;E;38;38.3;38.32;38.32Z;2009-04-06;(45.748962, -0.299146);Nercillac;Charente;Nouvelle-Aquitaine;(49.875294, 2.271563);Amiens;Somme;Hauts-de-France;;;;;;;;
False;;76.0;True;True;True;attribue;{'StreetName': '15 RUE HUBERT PENNEVERT ', 'AdditionalStreetName': 'ZI DU CANAL DES SOEURS EST', 'CityName': 'ROCHEFORT', 'PostalZone': '17300', 'Country': 'FRA'};701980203;True;SUEZ RV SUD OUEST;SUEZ RV SUD OUEST;2026-09-11;{'StreetName': '11 boulevard Ambroise Paré', 'AdditionalStreetName': 'BP10326', 'CityName': 'Saintes cedex', 'PostalZone': '17108', 'Country': 'FRA'};261700025;True;GROUPE HOSPITALIER SAINTES-SAINT-JEAN-D'ANGELY;GH Saintes - SJY - Ets support GHT;2025-07-26;2026-03-30+02:00;services;"['1) Prix sur la base du montant total en € HT complété dans le  BPU faisant office de DQE - valorisation de l’offre moins  disante par application d’une formule mathématique', '2) Valeur technique sur la base des éléments du Mémoire  Technique 2-1) solutions techniques proposées de collecte ; 2-2) solutions techniques proposées de stockage interne', '3) Mémoire environnemental précisant les solutions de  collectes externes (mode et périodicité) et aux méthodes de  traitement (valorisation matière, énergétique...)']";['prix', 'technique', 'environnemental'];[50.0, 25.0, 25.0];1460.0;True;;False;"{'StreetName': ""GROUPE HOSPITALIER SAINTES - SAINT-JEAN-D'ANGELY"", 'CityName': 'SAINTES', 'PostalZone': '17100', 'NUTS': 'FRI32', 'Country': 'FRA'}";sans remise en concurrence;;26-87754;25-85091;5120.0;;LOT-0005;90511400;906880.0;15;4.0;;COLLECTE ET TRAITEMENT DES DECHETS;ouverte;;;;False;False;False;False;906880.0;7364.0;Établissement d'hospitalisation ;2 000  à  4 999;False;1983-03-01;86.10Z;2008;5710.0;SAS, société par actions simplifiée;500  à  999;False;<NA>;2008;E;38;38.1;38.11;38.11Z;1970-01-01;(45.958896, -0.949347);Rochefort;Charente-Maritime;Nouvelle-Aquitaine;(49.875294, 2.271563);Amiens;Somme;Hauts-de-France;;;;;;;;
False;;76.0;True;True;True;attribue;{'StreetName': '15 RUE HUBERT PENNEVERT ', 'AdditionalStreetName': 'ZI DU CANAL DES SOEURS EST', 'CityName': 'ROCHEFORT', 'PostalZone': '17300', 'Country': 'FRA'};701980203;True;SUEZ RV SUD OUEST;SUEZ RV SUD OUEST;2026-09-11;{'StreetName': '11 boulevard Ambroise Paré', 'AdditionalStreetName': 'BP10326', 'CityName': 'Saintes cedex', 'PostalZone': '17108', 'Country': 'FRA'};261700025;True;GROUPE HOSPITALIER SAINTES-SAINT-JEAN-D'ANGELY;GH Saintes - SJY - Ets support GHT;2025-07-26;2026-03-30+02:00;services;"['1) Prix sur la base du montant total en € HT complété dans le  BPU faisant office de DQE - valorisation de l’offre moins  disante par application d’une formule mathématique', '2) Valeur technique sur la base des éléments du Mémoire  Technique 2-1) solutions techniques proposées de collecte ; 2-2) solutions techniques proposées de stockage interne', '3) Mémoire environnemental précisant les solutions de  collectes externes (mode et périodicité) et aux méthodes de  traitement (valorisation matière, énergétique...)']";['prix', 'technique', 'environnemental'];[50.0, 25.0, 25.0];1460.0;True;;False;"{'StreetName': ""GROUPE HOSPITALIER SAINTES - SAINT-JEAN-D'ANGELY"", 'CityName': 'SAINTES', 'PostalZone': '17100', 'NUTS': 'FRI32', 'Country': 'FRA'}";sans remise en concurrence;;26-87754;25-85091;16000.0;;LOT-0006;90511000;906880.0;15;2.0;;COLLECTE ET TRAITEMENT DES DECHETS;ouverte;;;;False;False;False;False;906880.0;7364.0;Établissement d'hospitalisation ;2 000  à  4 999;False;1983-03-01;86.10Z;2008;5710.0;SAS, société par actions simplifiée;500  à  999;False;<NA>;2008;E;38;38.1;38.11;38.11Z;1970-01-01;(45.958896, -0.949347);Rochefort;Charente-Maritime;Nouvelle-Aquitaine;(49.875294, 2.271563);Amiens;Somme;Hauts-de-France;;;;;;;;
False;;76.0;True;True;True;attribue;{'StreetName': '15 RUE MARTHE DUTHEIL', 'AdditionalStreetName': None, 'CityName': 'FEYTIAT', 'PostalZone': '87220', 'Country': 'FRA'};792599755;True;ID-VERT;ID VERT - ELISE;2026-09-11;{'StreetName': '11 boulevard Ambroise Paré', 'AdditionalStreetName': 'BP10326', 'CityName': 'Saintes cedex', 'PostalZone': '17108', 'Country': 'FRA'};261700025;True;GROUPE HOSPITALIER SAINTES-SAINT-JEAN-D'ANGELY;GH Saintes - SJY - Ets support GHT;2025-07-26;2026-05-04+02:00;services;"['1) Prix sur la base du montant total en € HT complété dans le  BPU faisant office de DQE - valorisation de l’offre moins  disante par application d’une formule mathématique', '2) Valeur technique sur la base des éléments du Mémoire  Technique 2-1) solutions techniques proposées de colle25cte ; 2-2) solutions techniques proposées de stockage interne', '3) Mémoire environnemental précisant les solutions de  collectes externes (mode et périodicité) et aux méthodes de  traitement (valorisation matière, énergétique...)']";['prix', 'technique', 'environnemental'];[50.0, 25.0, 25.0];1460.0;True;;False;;sans remise en concurrence;;26-87754;25-85091;76800.0;;LOT-0007;90511400;906880.0;15;3.0;;COLLECTE ET TRAITEMENT DES DECHETS;ouverte;;;;False;False;False;False;906880.0;7364.0;Établissement d'hospitalisation ;2 000  à  4 999;False;1983-03-01;86.10Z;2008;5499.0;Société à responsabilité limitée (sans autre indication);20  à  49;False;<NA>;2008;E;38;38.3;38.32;38.32Z;2013-05-01;(45.815133, 1.302004);Feytiat;Haute-Vienne;Nouvelle-Aquitaine;(49.875294, 2.271563);Amiens;Somme;Hauts-de-France;;;;;;;;
False;;76.0;True;True;True;attribue;{'StreetName': '1A RUE DE PAQUES', 'AdditionalStreetName': None, 'CityName': 'DOUVRIN', 'PostalZone': '62138', 'Country': 'FRA'};941903262;True;RECYCL-M;RECYCL M;2026-09-11;{'StreetName': '11 boulevard Ambroise Paré', 'AdditionalStreetName': 'BP10326', 'CityName': 'Saintes cedex', 'PostalZone': '17108', 'Country': 'FRA'};261700025;True;GROUPE HOSPITALIER SAINTES-SAINT-JEAN-D'ANGELY;GH Saintes - SJY - Ets support GHT;2025-07-26;2026-03-30+02:00;services;"['1) Prix sur la base du montant total en € HT complété dans le  BPU faisant office de DQE - valorisation de l’offre moins  disante par application d’une formule mathématique', '2) Valeur technique sur la base des éléments du Mémoire  Technique 2-1) solutions techniques proposées de collecte ; 2-2) solutions techniques proposées de stockage interne', '3) Mémoire environnemental précisant les solutions de  collectes externes (mode et périodicité) et aux méthodes de  traitement (valorisation matière, énergétique...)']";['prix', 'technique', 'environnemental'];[50.0, 25.0, 25.0];1460.0;True;;False;;sans remise en concurrence;;26-87754;25-85091;19200.0;;LOT-0008;90524100;906880.0;15;3.0;;COLLECTE ET TRAITEMENT DES DECHETS;ouverte;;;;False;False;False;False;906880.0;7364.0;Établissement d'hospitalisation ;2 000  à  4 999;False;1983-03-01;86.10Z;2008;5710.0;SAS, société par actions simplifiée;;False;False;2008;G;46;46.7;46.77;46.77Z;2025-03-01;(50.509174, 2.816093);Douvrin;Pas-de-Calais;Hauts-de-France;(49.875294, 2.271563);Amiens;Somme;Hauts-de-France;;;;;;;;
False;;76.0;True;True;True;attribue;{'StreetName': '15 RUE HUBERT PENNEVERT ', 'AdditionalStreetName': 'ZI DU CANAL DES SOEURS EST', 'CityName': 'ROCHEFORT', 'PostalZone': '17300', 'Country': 'FRA'};701980203;True;SUEZ RV SUD OUEST;SUEZ RV SUD OUEST;2026-09-11;{'StreetName': '11 boulevard Ambroise Paré', 'AdditionalStreetName': 'BP10326', 'CityName': 'Saintes cedex', 'PostalZone': '17108', 'Country': 'FRA'};261700025;True;GROUPE HOSPITALIER SAINTES-SAINT-JEAN-D'ANGELY;GH Saintes - SJY - Ets support GHT;2025-07-26;2026-03-30+02:00;services;"['1) Prix sur la base du montant total en € HT complété dans le  BPU faisant office de DQE - valorisation de l’offre moins  disante par application d’une formule mathématique', '2) Valeur technique sur la base des éléments du Mémoire  Technique 2-1) solutions techniques proposées de collecte ; 2-2) solutions techniques proposées de stockage interne', '3) Mémoire environnemental précisant les solutions de  collectes externes (mode et périodicité) et a25ux méthodes de  traitement (valorisation matière, énergétique...)']";['prix', 'technique', 'environnemental'];[50.0, 25.0, 25.0];1460.0;True;;False;;sans remise en concurrence;;26-87754;25-85091;44800.0;;LOT-0009;90524100;906880.0;15;2.0;;COLLECTE ET TRAITEMENT DES DECHETS;ouverte;;;;False;False;False;False;906880.0;7364.0;Établissement d'hospitalisation ;2 000  à  4 999;False;1983-03-01;86.10Z;2008;5710.0;SAS, société par actions simplifiée;500  à  999;False;<NA>;2008;E;38;38.1;38.11;38.11Z;1970-01-01;(45.958896, -0.949347);Rochefort;Charente-Maritime;Nouvelle-Aquitaine;(49.875294, 2.271563);Amiens;Somme;Hauts-de-France;;;;;;;;
False;;76.0;True;True;True;attribue;{'StreetName': 'RUE DU SUD', 'AdditionalStreetName': 'ZI SAINT FLORENT', 'CityName': 'NIORT', 'PostalZone': '79000', 'Country': 'FRA'};790208920;True;ORTEC SERVICES ENVIRONNEMENT;ORTEC SERVICES ENVIRONNEMENT;2026-09-11;{'StreetName': '11 boulevard Ambroise Paré', 'AdditionalStreetName': 'BP10326', 'CityName': 'Saintes cedex', 'PostalZone': '17108', 'Country': 'FRA'};261700025;True;GROUPE HOSPITALIER SAINTES-SAINT-JEAN-D'ANGELY;GH Saintes - SJY - Ets support GHT;2025-07-26;2026-04-20+02:00;services;"['1) Prix sur la base du montant total en € HT complété dans le  BPU faisant office de DQE - valorisation de l’offre moins  disante par application d’une formule mathématique', '2) Valeur technique sur la base des éléments du Mémoire  Technique 2-1) solutions techniques proposées de collecte ; 2-2) solutions techniques proposées de stockage interne', '3) Mémoire environnemental précisant les solutions de  collectes externes (mode et périodicité) et aux méthodes de  traitement (valorisation matière, énergétique...)']";['prix', 'technique', 'environnemental'];[50.0, 25.0, 25.0];1460.0;True;;False;"{'StreetName': ""GROUPE HOSPITALIER SAINTES - SAINT-JEAN-D'ANGELY"", 'CityName': 'SAINTES', 'PostalZone': '17100', 'NUTS': 'FRI32', 'Country': 'FRA'}";sans remise en concurrence;;26-87754;25-85091;16000.0;;LOT-0010;90523000;906880.0;15;3.0;;COLLECTE ET TRAITEMENT DES DECHETS;ouverte;;;;False;False;False;False;906880.0;7364.0;Établissement d'hospitalisation ;2 000  à  4 999;False;1983-03-01;86.10Z;2008;5710.0;SAS, société par actions simplifiée;250  à  499;False;<NA>;2008;E;38;38.2;38.22;38.22Z;2012-12-27;(46.321422, -0.458754);Niort;Deux-Sèvres;Nouvelle-Aquitaine;(49.875294, 2.271563);Amiens;Somme;Hauts-de-France;;;;;;;;
False;;76.0;True;True;True;attribue;{'StreetName': 'RUE DU SUD', 'AdditionalStreetName': 'ZI SAINT FLORENT', 'CityName': 'NIORT', 'PostalZone': '79000', 'Country': 'FRA'};790208920;True;ORTEC SERVICES ENVIRONNEMENT;ORTEC SERVICES ENVIRONNEMENT;2026-09-11;{'StreetName': '11 boulevard Ambroise Paré', 'AdditionalStreetName': 'BP10326', 'CityName': 'Saintes cedex', 'PostalZone': '17108', 'Country': 'FRA'};261700025;True;GROUPE HOSPITALIER SAINTES-SAINT-JEAN-D'ANGELY;GH Saintes - SJY - Ets support GHT;2025-07-26;2026-04-20+02:00;services;"['1) Prix sur la base du montant total en € HT complété dans le  BPU faisant office de DQE - valorisation de l’offre moins  disante par application d’une formule mathématique', '2) Valeur technique sur la base des éléments du Mémoire  Technique 2-1) solutions techniques proposées de collecte ; 2-2) solutions techniques proposées de stockage interne', '3) Mémoire environnemental précisant les solutions de  collectes externes (mode et périodicité) et aux méthodes de  traitement (valorisation matière, énergétique...)']";['prix', 'technique', 'environnemental'];[50.0, 25.0, 25.0];1460.0;True;;False;"{'StreetName': ""GROUPE HOSPITALIER SAINTES - SAINT-JEAN-D'ANGELY"", 'CityName': 'SAINTES', 'PostalZone': '17100', 'NUTS': 'FRI32', 'Country': 'FRA'}";sans remise en concurrence;;26-87754;25-85091;22400.0;;LOT-0011;90523000;906880.0;15;3.0;;COLLECTE ET TRAITEMENT DES DECHETS;ouverte;;;;False;False;False;False;906880.0;7364.0;Établissement d'hospitalisation ;2 000  à  4 999;False;1983-03-01;86.10Z;2008;5710.0;SAS, société par actions simplifiée;250  à  499;False;<NA>;2008;E;38;38.2;38.22;38.22Z;2012-12-27;(46.321422, -0.458754);Niort;Deux-Sèvres;Nouvelle-Aquitaine;(49.875294, 2.271563);Amiens;Somme;Hauts-de-France;;;;;;;;
False;;76.0;True;True;True;attribue;{'StreetName': 'Cité numérique - 406 Boulevard Jean-Jacques Bosc ', 'AdditionalStreetName': 'Bat. 2B - CS 50045', 'CityName': 'BEGLES', 'PostalZone': '33323', 'Country': 'FRA'};848953873;True;KEENAT;KEENAT;2026-09-11;{'StreetName': '11 boulevard Ambroise Paré', 'AdditionalStreetName': 'BP10326', 'CityName': 'Saintes cedex', 'PostalZone': '17108', 'Country': 'FRA'};261700025;True;GROUPE HOSPITALIER SAINTES-SAINT-JEAN-D'ANGELY;GH Saintes - SJY - Ets support GHT;2025-07-26;2026-04-14+02:00;services;"['1) Prix sur la base du montant total en € HT complété dans le  BPU faisant office de DQE - valorisation de l’offre moins  disante par application d’une formule mathématique', '2) Valeur technique sur la base des éléments du Mémoire  Technique 2-1) solutions techniques proposées de collecte ; 2-252) solutions techniques proposées de stockage interne', '3) Mémoire environnemental précisant les solutions de  collectes externes (mode et périodicité) et aux méthodes de  traitement (valorisation matière, énergétique...)']";['prix', 'technique', 'environnemental'];[50.0, 25.0, 25.0];1460.0;True;;False;"{'StreetName': ""GROUPE HOSPITALIER SAINTES - SAINT-JEAN-D'ANGELY"", 'CityName': 'SAINTES', 'PostalZone': '17100', 'NUTS': 'FRI32', 'Country': 'FRA'}";sans remise en concurrence;;26-87754;25-85091;89600.0;;LOT-0012;90511000;906880.0;15;3.0;;COLLECTE ET TRAITEMENT DES DECHETS;ouverte;;;;False;False;False;False;906880.0;7364.0;Établissement d'hospitalisation ;2 000  à  4 999;False;1983-03-01;86.10Z;2008;5710.0;SAS, société par actions simplifiée;20  à  49;False;<NA>;2008;E;38;38.1;38.11;38.11Z;2019-03-07;(44.813638, -0.554697);Bègles;Gironde;Nouvelle-Aquitaine;(49.875294, 2.271563);Amiens;Somme;Hauts-de-France;;;;;;;;
False;;76.0;True;True;True;attribue;{'StreetName': '15 RUE HUBERT PENNEVERT ', 'AdditionalStreetName': 'ZI DU CANAL DES SOEURS EST', 'CityName': 'ROCHEFORT', 'PostalZone': '17300', 'Country': 'FRA'};701980203;True;SUEZ RV SUD OUEST;SUEZ RV SUD OUEST;2026-09-11;{'StreetName': '11 boulevard Ambroise Paré', 'AdditionalStreetName': 'BP10326', 'CityName': 'Saintes cedex', 'PostalZone': '17108', 'Country': 'FRA'};261700025;True;GROUPE HOSPITALIER SAINTES-SAINT-JEAN-D'ANGELY;GH Saintes - SJY - Ets support GHT;2025-07-26;2026-03-30+02:00;services;"['1) Prix sur la base du montant total en € HT complété dans le  BPU faisant office de DQE - valorisation de l’offre moins  disante par application d’une formule mathématique', '2) Valeur technique sur la base des éléments du Mémoire  Technique 2-1) solutions techniques proposées de collecte ; 2-2) solutions techniques proposées de stockage interne', '3) Mémoire environnemental précisant les solutions de  collectes externes (mode et périodicité) et aux méthodes de  traitement (valorisation matière, énergétique...)']";['prix', 'technique', 'environnemental'];[50.0, 25.0, 25.0];1460.0;True;;False;"{'StreetName': ""GROUPE HOSPITALIER SAINTES - SAINT-JEAN-D'ANGELY"", 'CityName': 'SAINTES', 'PostalZone': '17100', 'NUTS': 'FRI32', 'Country': 'FRA'}";sans remise en concurrence;;26-87754;25-85091;243200.0;;LOT-0013;90511000;906880.0;15;5.0;;COLLECTE ET TRAITEMENT DES DECHETS;ouverte;;;;False;False;False;False;906880.0;7364.0;Établissement d'hospitalisation ;2 000  à  4 999;False;1983-03-01;86.10Z;2008;5710.0;SAS, société par actions simplifiée;500  à  999;False;<NA>;2008;E;38;38.1;38.11;38.11Z;1970-01-01;(45.958896, -0.949347);Rochefort;Charente-Maritime;Nouvelle-Aquitaine;(49.875294, 2.271563);Amiens;Somme;Hauts-de-France;;;;;;;;
False;;76.0;True;True;True;attribue;{'StreetName': '15 RUE HUBERT PENNEVERT ', 'AdditionalStreetName': 'ZI DU CANAL DES SOEURS EST', 'CityName': 'ROCHEFORT', 'PostalZone': '17300', 'Country': 'FRA'};701980203;True;SUEZ RV SUD OUEST;SUEZ RV SUD OUEST;2026-09-11;{'StreetName': '11 boulevard Ambroise Paré', 'AdditionalStreetName': 'BP10326', 'CityName': 'Saintes cedex', 'PostalZone': '17108', 'Country': 'FRA'};261700025;True;GROUPE HOSPITALIER SAINTES-SAINT-JEAN-D'ANGELY;GH Saintes - SJY - Ets support GHT;2025-07-26;2026-03-30+02:00;services;"['1) Prix sur la base du montant total en € HT complété dans le  BPU faisant office de DQE - valorisation de l’offre moins  disante par application d’une formule mathématique', '2) Valeur technique sur la base des éléments du Mémoire  Technique 2-1) solutions techniques proposées de collecte ; 2-2) solutions techniques proposées de stockage interne', '3) Mémoire environnemental précisant les solutions de  collectes externes (mode et périodicité) et aux méthodes de  traitement (valorisation matière, énergétique...)']";['prix', 'technique', 'environnemental'];[50.0, 25.0, 25.0];1460.0;True;;False;"{'StreetName': ""GROUPE HOSPITALIER SAINTES - SAINT-JEAN-D'ANGELY"", 'CityName': 'SAINTES', 'PostalZone': '17100', 'NUTS': 'FRI32', 'Country': 'FRA'}";sans remise en concurrence;;26-87754;25-85091;32000.0;;LOT-0014;90524100;906880.0;15;1.0;;COLLECTE ET TRAITEMENT DES DECHETS;ouverte;;;;False;False;False;False;906880.0;7364.0;Établissement d'hospitalisation ;2 000  à  4 999;False;1983-03-01;86.10Z;2008;5710.0;SAS, société par actions simplifiée;500  à  999;False;<NA>;2008;E;38;38.1;38.11;38.11Z;1970-01-01;(45.958896, -0.949347);Rochefort;Charente-Maritime;Nouvelle-Aquitaine;(49.875294, 2.271563);Amiens;Somme;Hauts-de-France;;;;;;;;
False;;76.0;True;True;True;non attribue;;;False;;;2026-09-11;{'StreetName': '11 boulevard Ambroise Paré', 'AdditionalStreetName': 'BP10326', 'CityName': 'Saintes cedex', 'PostalZone': '17108', 'Country': 'FRA'};261700025;True;GROUPE HOSPITALIER SAINTES-SAINT-JEAN-D'ANGELY;GH Saintes - SJY - Ets support GHT;2025-07-26;;services;"['1) Prix sur la base du montant total en € HT complété dans le  BPU faisant office de DQE - valorisation de l’offre moins  disante par application d’une formule mathématique', '2) Valeur technique sur la base des éléments du Mémoire  Technique 2-1) solutions techniques proposées de collecte ; 2-2) solutions techniques proposées de stockage interne', '3) Mémoire environnemental précisant les solutions de  collectes externes (mode et périodicité) et aux méthodes de  traitement (valorisation matière, énergétique...)']";['prix', 'technique', 'environnemental'];[50.0, 25.0, 25.0];1460.0;True;;False;;sans remise en concurrence;;26-87754;25-85091;;;LOT-0015;90524100;906880.0;15;0.0;;COLLECTE ET TRAITEMENT DES DECHETS;ouverte;;;;False;False;False;False;906880.0;7364.0;Établissement d'hospitalisation ;2 000  à  4 999;False;1983-03-01;86.10Z;2008;;;;;;<NA>;;;;;<NA>;<NA>;;;;;(49.875294, 2.271563);Amiens;Somme;Hauts-de-France;;;;;;;;
False;;;False;True;False;attribue;{'StreetName': '5 rue du Moulin de la Prée', 'AdditionalStreetName': None, 'CityName': 'Rochefort', 'PostalZone': '17300', 'Country': 'FRA'};200045854;True;SYNDICAT CUISINE ROCHEFORT OCEAN;Syndicat Cuisine Rochefort Océan;2026-09-11;"{'StreetName': '55 rue Michel Texier BP 50052', 'AdditionalStreetName': None, 'CityName': ""SAINT JEAN D'ANGELY"", 'PostalZone': '17413', 'Country': 'FRA'}";200041689;True;VALS DE SAINTONGE COMMUNAUTE;CC des Vals de Saintonge;;2026-09-01+02:00;fournitures;['Prix des prestations', 'Valeur technique'];['prix', 'technique'];[40.0, 60.0];1440.0;True;;False;{'StreetName': None, 'CityName': None, 'PostalZone': None, 'NUTS': 'FRI32', 'Country': 'FRA'};sans remise en concurrence;;26-87784;;;992000.0;LOT-0001;15894210;1342000.0;2;5.0;;Restauration en liaison froide des école et ALSH;ouverte;26FBM13;;;;False;False;False;;7346.0;Communauté de communes ;250  à  499;False;2014-01-01;84.11Z;2008;7353.0;Syndicat intercommunal à vocation unique (SIVU) ;10  à  19;<NA>;<NA>;2008;I;56;56.2;56.29;56.29A;2014-03-01;(45.940985, -0.985516);Rochefort;Charente-Maritime;Nouvelle-Aquitaine;(45.945801, -0.528436);Saint-Jean-d'Angély;Charente-Maritime;Nouvelle-Aquitaine;;;;;;;;
False;;;False;True;False;attribue;{'StreetName': '5 rue du Moulin de la Prée', 'AdditionalStreetName': None, 'CityName': 'Rochefort', 'PostalZone': '17300', 'Country': 'FRA'};200045854;True;SYNDICAT CUISINE ROCHEFORT OCEAN;Syndicat Cuisine Rochefort Océan;2026-09-11;"{'StreetName': '55 rue Michel Texier BP 50052', 'AdditionalStreetName': None, 'CityName': ""SAINT JEAN D'ANGELY"", 'PostalZone': '17413', 'Country': 'FRA'}";200041689;True;VALS DE SAINTONGE COMMUNAUTE;CC des Vals de Saintonge;;2026-09-01+02:00;fournitures;['Prix de la prestation', 'Valeur technique'];['prix', 'technique'];[40.0, 60.0];1440.0;True;;False;{'StreetName': None, 'CityName': None, 'PostalZone': None, 'NUTS': 'FRI32', 'Country': 'FRA'};sans remise en concurrence;;26-87784;;;;LOT-0002;15894210;1342000.0;2;5.0;;Restauration en liaison froide des école et ALSH;ouverte;26FBM13;;;;False;False;False;;7346.0;Communauté de communes ;250  à  499;False;2014-01-01;84.11Z;2008;7353.0;Syndicat intercommunal à vocation unique (SIVU) ;10  à  19;<NA>;<NA>;2008;I;56;56.2;56.29;56.29A;2014-03-01;(45.940985, -0.985516);Rochefort;Charente-Maritime;Nouvelle-Aquitaine;(45.945801, -0.528436);Saint-Jean-d'Angély;Charente-Maritime;Nouvelle-Aquitaine;;;;;;;;
False;;;True;True;False;attribue;{'StreetName': '46, rue de la Garounère', 'AdditionalStreetName': None, 'CityName': 'TARBES', 'PostalZone': '65000', 'Country': 'FRA'};380157875;True;VEOLIA PROPRETE MIDI PYRENEES;VEOLIA PROPRETE MIDI-PYRENEES S.A.S;2026-09-11;{'StreetName': 'BCRM TOULON - BP42', 'AdditionalStreetName': None, 'CityName': 'TOULON', 'PostalZone': '83800', 'Country': 'FRA'};130015373;True;;PFC Sud;;2026-09-18+02:00;services;['Analyse DQE', 'Selon DQE'];['prix', 'qualite'];;1440.0;True;675926.0;False;;sans remise en concurrence;;26-87819;;506348.0;451688.0;LOT-0001;90513000;1360000.0;2;2.0;;MAD contenants, collecte et traitement des déchets assimilés ménagers, bio déchets, DAE, DID et DASRI des emprises de Tarbes (65) et GER (64) soutenues par le GSC de Toulouse;ouverte;DAF_2025_001419;;;;True;False;False;681376.0;;;;;<NA>;<NA>;<NA>;5710.0;SAS, société par actions simplifiée;100  à  199;False;<NA>;2008;E;38;38.1;38.11;38.11Z;1990-11-12;(43.236465, 0.040468);Tarbes;Hautes-Pyrénées;Occitanie;(43.123445, 5.929969);Toulon;Var;Provence-Alpes-Côte d'Azur;;;;;;;;
False;;;True;True;False;attribue;{'StreetName': 'ZA de MOUNEOU', 'AdditionalStreetName': None, 'CityName': 'TARTAS', 'PostalZone': '40400', 'Country': 'FRA'};344451398;True;CHIMIREC DARGELOS;CHIMIREC DARGELOS;2026-09-11;{'StreetName': 'BCRM TOULON - BP42', 'AdditionalStreetName': None, 'CityName': 'TOULON', 'PostalZone': '83800', 'Country': 'FRA'};130015373;True;;PFC Sud;;2026-09-18+02:00;services;['Analyse DQE', 'Analyse DQE'];['prix', 'qualite'];;1440.0;True;675926.0;False;;sans remise en concurrence;;26-87819;;175028.0;224238.0;LOT-0002;90520000;1360000.0;2;1.0;;MAD contenants, collecte et traitement des déchets assimilés ménagers, bio déchets, DAE, DID et DASRI des emprises de Tarbes (65) et GER (64) soutenues par le GSC de Toulouse;ouverte;DAF_2025_001419;;;;True;False;False;681376.0;;;;;<NA>;<NA>;<NA>;5710.0;SAS, société par actions simplifiée;20  à  49;<NA>;<NA>;2008;E;38;38.1;38.12;38.12Z;1988-04-11;(43.836221, -0.821379);Tartas;Landes;Nouvelle-Aquitaine;(43.123445, 5.929969);Toulon;Var;Provence-Alpes-Côte d'Azur;;;;;;;;
False;['79600000'];;True;False;False;attribue;{'StreetName': '160 Rue De Paris', 'AdditionalStreetName': None, 'CityName': 'Boulogne-Billancourt', 'PostalZone': '92100', 'Country': 'FRA'};329925010;False;SYNERGIE;SYNERGIE;2026-09-11;{'StreetName': '11 rue du Clon', 'AdditionalStreetName': 'Cs 70146', 'CityName': 'Angers', 'PostalZone': '49001', 'Country': 'FRA'};274900034;False;MELDOMYS;Meldomys;;;services;"['Valeur technique', ""Délai d'exécution"", 'Prix']";['technique', 'delai', 'prix'];[50.0, 10.0, 40.0];;False;55000.0;False;;sans remise en concurrence;;26-87516;;59407.24;;LOT-0001;79600000;59407.24;1;8.0;;Accord-cadre - Mise à disposition d'intérimaires et assistance au recrutement;ouverte;202605110924VL;3.0;;;False;False;False;59407.24;4140.0;Établissement public local à caractère industriel ou commercial ;200  à  249;False;1978-01-01;68.20A;2008;5800.0;Société européenne ;1 000  à  1 999;False;False;2008;N;78;78.2;78.2;78.20Z;1983-04-01;(48.841669, 2.233941);Boulogne-Billancourt;Hauts-de-Seine;Île-de-France;(47.461325, -0.551308);Angers;Maine-et-Loire;Pays de la Loire;;;;;;;;
False;['34144700'];;True;False;False;attribue;{'StreetName': '125 Rue De La Dent Du Chat', 'AdditionalStreetName': None, 'CityName': 'Voglans', 'PostalZone': '73420', 'Country': 'FRA'};423062827;False;A QUICK RENTAL;A QUICK RENTAL;2026-09-11;{'StreetName': 'Château des Ducs de Savoie', 'AdditionalStreetName': 'Cs 31802', 'CityName': 'Chambery', 'PostalZone': '73018', 'Country': 'FRA'};227300019;False;DEPARTEMENT DE LA SAVOIE;Département de la Savoie;;2026-08-01+02:00;fournitures;['Critère environnemental (émissions de gaz à effet de serre et consommation énergétique)', 'Prix des prestations'];['environnemental', 'prix'];[20.0, 80.0];;True;;False;;sans remise en concurrence;;26-87775;;600000.0;;LOT-0000;34144700;600000.0;1;3.0;;Location de véhicules utilitaires pour le Département de la Savoie;ouverte;26AA010;3.0;;;False;True;False;600000.0;7220.0;Département ;2 000  à  4 999;False;1983-03-01;84.11Z;2008;5710.0;SAS, société par actions simplifiée;20  à  49;False;<NA>;2008;N;77;77.1;77.11;77.11A;1999-04-23;(45.62384, 5.890423);Voglans;Savoie;Auvergne-Rhône-Alpes;(45.567833, 5.922813);Chambéry;Savoie;Auvergne-Rhône-Alpes;;;;;;;;
False;['92521210'];;True;False;False;non attribue;;;False;;;2026-09-11;{'StreetName': 'Château des Ducs de Savoie', 'AdditionalStreetName': 'Cs 31802', 'CityName': 'Chambery', 'PostalZone': '73018', 'Country': 'FRA'};227300019;False;DEPARTEMENT DE LA SAVOIE;Département de la Savoie;;2026-10-12+02:00;services;"['Valeur technique', ""Performances en matière de protection de l'environnement"", 'Prix des prestations']";['technique', 'environnemental', 'prix'];[50.0, 10.0, 40.0];1440.0;False;144000.0;False;;sans remise en concurrence;;26-87777;;;;LOT-0000;92521210;;1;1.0;;Traitement, conditionnement et transport sécurisé d'objets du Musée Savoisien dans le cadre du déménagement des collections vers les nouvelles réserves Lot 1 - Désinsectisation par anoxie dynamique d';ouverte;26AP07;;;;False;False;False;;7220.0;Département ;2 000  à  4 999;False;1983-03-01;84.11Z;2008;;;;;;<NA>;;;;;<NA>;<NA>;;;;;(45.567833, 5.922813);Chambéry;Savoie;Auvergne-Rhône-Alpes;;;;;;;;
False;['71400000', '79932000'];34.0;False;False;False;attribue;{'StreetName': '66 rue des Binelles', 'AdditionalStreetName': None, 'CityName': 'Sevres', 'PostalZone': '92310', 'Country': 'FRA'};227300019;False;DEPARTEMENT DE LA SAVOIE;GRP PRUNET ARCHITECTURE;2026-09-11;{'StreetName': '126 Rue Anatole France', 'AdditionalStreetName': None, 'CityName': 'Oyonnax', 'PostalZone': '01100', 'Country': 'FRA'};210102836;False;COMMUNE D OYONNAX;MAIRIE OYONNAX;2024-10-29;;services;"['Qualité scénographique du projet', ""Qualité de l'intégration du musée et de son extension à son environnement urbain et paysager"", 'Qualité architecturale et fonctionnelle du projet', 'Qualité technique et environnementale du projet', ""Comptabilité du projet avec l'enveloppe budgétaire arrêtée""]";['qualite', 'environnemental', 'qualite', 'environnemental', 'prix'];[25.0, 20.0, 20.0, 20.0, 15.0];;False;;False;;;;26-87810;24-122877;2117319.0;;LOT-0000;71222000;;1;42.0;;Concours de maîtrise d'oeuvre pour l'intégration du musée du peigne et de la plasturgie ainsi que du bureau d'information touristique au sein du site de la Grande Vapeur;ouverte;2410COVA;;;False;False;False;False;2117319.0;7210.0;Commune et commune nouvelle ;500  à  999;False;1982-01-01;84.11Z;2008;7220.0;Département ;2 000  à  4 999;False;<NA>;2008;O;84;84.1;84.11;84.11Z;1983-03-01;(48.822716, 2.212242);Sèvres;Hauts-de-Seine;Île-de-France;(46.257492, 5.655623);Oyonnax;Ain;Auvergne-Rhône-Alpes;;;;;;;;
False;;;True;True;False;attribue;"{'StreetName': ""25 RUE D'ILLZACH"", 'AdditionalStreetName': None, 'CityName': 'MULHOUSE', 'PostalZone': '68100', 'Country': 'FRA'}";502522204;True;ELECTRO SERVICE PRO;ELECTRO SERVICE PRO;2026-09-11;"{'StreetName': ""87 AVENUE D'ALTKIRCH"", 'AdditionalStreetName': None, 'CityName': 'MULHOUSE', 'PostalZone': '68100', 'Country': 'FRA'}";200046985;True;GROUPE HOSPITALIER DE LA REGION DE MULHOUSE ET SUD ALSACE;GHR MULHOUSE ET SUD ALSACE;;2026-04-28+01:00;services;"['Sous-critère 1 : \n- Organisation : Présentation de l’entreprise \n- Organisation : moyens humains dédiés au marché \n- Organisation : moyens matériels mis en œuvre \n- Références similaires \n- Démarche et certifications qualité \n\nSous-critère 2 :  \n-Organisation et planification des interventions \n-Détails de la prestation technique \n-Gestion documentaire et traçabilité,  \n-Qualité technique des prestations \n\nSous-critère 3 :  Respect des délais d’intervention et de remise en fonctionnement\n \nSous-critère 4 :  Modalités et procédures de prise en charge des installations  \n\nSous-critère 5 :   \n- Habilitation et qualification du personnel \n- Programme de formation \n- Veille technologique', ""Sous critère1 : prix de la maintenance préventive DPGF complété : \n\n - Montant total annuel de l’offre la mieux disante / montant total annuel de l’offre examinée X 25 points \n\n - Coût horaire du montant annuel de l’offre la mieux disante (volume d’heures annuel / montant total annuel) / coût horaire du montant annuel de l’offre examinée (volume d’heures/montant total annuel) / X 5 points \n\nSous critère 2 : prix d'une intervention BPU selon le DQE : \n\nCoût total de l’offre la mieux disante / coût total de l’offre examinée X 15 points \n \nSous critère 3 : prix remise pièces détachées \n\nTaux de remise de l’offre examinée / taux de remise de l’offre la mieux disante X 5 points"", 'Sous-critère 1 : Axe environnemental - Gestion et tri des déchets \n\nSous-critère 2 : Axe environnemental - Réduction de l’empreinte carbone \n\nSous-critère 3 : Axe environnemental - Reconditionnement ou recyclage et d’utilisation de produits d’entretien de façon à réduire leur impact environnemental \n\nSous-critère 4 : Axe social - Politique d’insertion professionnelle \n\nSous-critère 5 : Axe social - Critères éco-responsables liés aux EPI']";['social', 'prix', 'environnemental & social'];;1460.0;False;;False;{'StreetName': None, 'CityName': 'Mulhouse', 'PostalZone': None, 'NUTS': 'FRF12', 'Country': 'FRA'};;;26-87487;25-78932;487084.8;180000.0;LOT-0001;50000000;;10;1.0;;Maintenance des cuisines du GHT Haute Alsace;ouverte;25S0059;;;False;False;False;False;2614889.94;7364.0;Établissement d'hospitalisation ;5 000  à  9 999;<NA>;2015-01-01;86.10Z;2008;5499.0;Société à responsabilité limitée (sans autre indication);20  à  49;False;<NA>;2008;G;46;46.6;46.69;46.69B;2008-02-07;(47.752576, 7.340117);Mulhouse;Haut-Rhin;Grand Est;(47.735848, 7.332069);Mulhouse;Haut-Rhin;Grand Est;;;;;;;;
False;;;True;True;False;attribue;"{'StreetName': ""25 RUE D'ILLZACH"", 'AdditionalStreetName': None, 'CityName': 'MULHOUSE', 'PostalZone': '68100', 'Country': 'FRA'}";502522204;True;ELECTRO SERVICE PRO;ELECTRO SERVICE PRO;2026-09-11;"{'StreetName': ""87 AVENUE D'ALTKIRCH"", 'AdditionalStreetName': None, 'CityName': 'MULHOUSE', 'PostalZone': '68100', 'Country': 'FRA'}";200046985;True;GROUPE HOSPITALIER DE LA REGION DE MULHOUSE ET SUD ALSACE;GHR MULHOUSE ET SUD ALSACE;;2026-04-28+01:00;services;"['Sous-critère 1 : \n-  Organisation : Présentation de l’entreprise \n-  Organisation : moyens humains dédiés au marché \n-  Organisation : moyens matériels mis en œuvre \n-  Références similaires \n-  Démarche et certifications qualité \n\nSous-critère 2 :  \n- Organisation et planification des interventions \n- Détails de la prestation technique \n- Gestion documentaire et traçabilité,  \n- Qualité technique des prestations \n\nSous-critère 3 :  Respect des délais d’intervention et de remise en fonctionnement\n \nSous-critère 4 :  Modalités et procédures de prise en charge des installations  \n\nSous-critère 5 :   \n- Habilitation et qualification du personnel \n- Programme de formation \n- Veille technologique', ""Sous critère 1 : prix de la maintenance préventive DPGF complété : \n\n - Montant total annuel de l’offre la mieux disante / montant total annuel de l’offre examinée X 25 points \n - Coût horaire du montant annuel de l’offre la mieux disante (volume d’heures annuel / montant total annuel) / coût horaire du montant annuel de l’offre examinée (volume d’heures/montant total annuel) / X 5 points \n\nSous critère 2 : prix d'une intervention BPU selon le DQE : \n\nCoût total de l’offre la mieux disante / coût total de l’offre examinée X 15 points \n \nSous critère 3 : prix remise pièces détachées"", 'Sous-critère 1 : Axe environnemental - Gestion et tri des déchets \n\nSous-critère 2 : Axe environnemental - Réduction de l’empreinte carbone \n\nSous-critère 3 : Axe environnemental - Reconditionnement ou recyclage et d’utilisation de produits d’entretien de façon à réduire leur impact environnemental \n\nSous-critère 4 : Axe social - Politique d’insertion professionnelle \n\nSous-critère 5 : Axe social - Critères éco-responsables liés aux EPI']";['social', 'prix', 'environnemental & social'];;1460.0;False;;False;{'StreetName': None, 'CityName': 'Mulhouse', 'PostalZone': None, 'NUTS': 'FRF12', 'Country': 'FRA'};;;26-87487;25-78932;637132.8;180000.0;LOT-0002;50880000;;10;1.0;;Maintenance des cuisines du GHT Haute Alsace;ouverte;25S0059;3.0;;False;False;False;False;2614889.94;7364.0;Établissement d'hospitalisation ;5 000  à  9 999;<NA>;2015-01-01;86.10Z;2008;5499.0;Société à responsabilité limitée (sans autre indication);20  à  49;False;<NA>;2008;G;46;46.6;46.69;46.69B;2008-02-07;(47.752576, 7.340117);Mulhouse;Haut-Rhin;Grand Est;(47.735848, 7.332069);Mulhouse;Haut-Rhin;Grand Est;;;;;;;;
False;;;True;True;False;attribue;"{'StreetName': ""25 RUE D'ILLZACH"", 'AdditionalStreetName': None, 'CityName': 'MULHOUSE', 'PostalZone': '68100', 'Country': 'FRA'}";502522204;True;ELECTRO SERVICE PRO;ELECTRO SERVICE PRO;2026-09-11;"{'StreetName': ""87 AVENUE D'ALTKIRCH"", 'AdditionalStreetName': None, 'CityName': 'MULHOUSE', 'PostalZone': '68100', 'Country': 'FRA'}";200046985;True;GROUPE HOSPITALIER DE LA REGION DE MULHOUSE ET SUD ALSACE;GHR MULHOUSE ET SUD ALSACE;;2026-04-28+01:00;services;"['Sous-critère 1 : \n- Organisation : Présentation de l’entreprise \n- Organisation : moyens humains dédiés au marché \n- Organisation : moyens matériels mis en œuvre \n- Références similaires \n- Démarche et certifications qualité \n\nSous-critère 2 :  \n-  Organisation et planification des interventions \n-  Détails de la prestation technique \n-  Gestion documentaire et traçabilité,  \n-  Qualité technique des prestations \n\nSous-critère 3 :  Respect des délais d’intervention et de remise en fonctionnement\n \nSous-critère 4 :  Modalités et procédures de prise en charge des installations  \n\nSous-critère 5 :   \n-  Habilitation et qualification du personnel \n-  Programme de formation \n-  Veille technologique', ""Sous critère1 : prix de la maintenance préventive DPGF complété : \n\n - Montant total annuel de l’offre la mieux disante / montant total annuel de l’offre examinée X 25 points \n - Coût horaire du montant annuel de l’offre la mieux disante (volume d’heures annuel / montant total annuel) / coût horaire du montant annuel de l’offre examinée (volume d’heures/montant total annuel) / X 5 points \n\nSous critère 2 : prix d'une intervention BPU selon le DQE : \n\nCoût total de l’offre la mieux disante / coût total de l’offre examinée X 15 points \n \nSous critère 3 : prix remise pièces détachées \nTaux de remise de l’offre examinée / taux de remise de l’offre la mieux disante X 5 points"", 'Sous-critère 1 : Axe environnemental - Gestion et tri des déchets \n\nSous-critère 2 : Axe environnemental - Réduction de l’empreinte carbone \n\nSous-critère 3 : Axe environnemental - Reconditionnement ou recyclage et d’utilisation de produits d’entretien de façon à réduire leur impact environnemental \n\nSous-critère 4 : Axe social - Politique d’insertion professionnelle \n\nSous-critère 5 : Axe social - Critères éco-responsables liés aux EPI']";['social', 'prix', 'environnemental & social'];;1460.0;False;;False;{'StreetName': None, 'CityName': 'Mulhouse', 'PostalZone': None, 'NUTS': 'FRF12', 'Country': 'FRA'};;;26-87487;25-78932;827894.4;689912.0;LOT-0003;50880000;;10;1.0;;Maintenance des cuisines du GHT Haute Alsace;ouverte;25S0059;3.0;;False;False;False;False;2614889.94;7364.0;Établissement d'hospitalisation ;5 000  à  9 999;<NA>;2015-01-01;86.10Z;2008;5499.0;Société à responsabilité limitée (sans autre indication);20  à  49;False;<NA>;2008;G;46;46.6;46.69;46.69B;2008-02-07;(47.752576, 7.340117);Mulhouse;Haut-Rhin;Grand Est;(47.735848, 7.332069);Mulhouse;Haut-Rhin;Grand Est;;;;;;;;
False;;;True;True;False;attribue;{'StreetName': '27 RUE DES FRERES LUMIERE Z.I NORD', 'AdditionalStreetName': None, 'CityName': 'COLMAR', 'PostalZone': '68000', 'Country': 'FRA'};502084239;True;CHR ALSACE;CHR ALSACE COLMAR;2026-09-11;"{'StreetName': ""87 AVENUE D'ALTKIRCH"", 'AdditionalStreetName': None, 'CityName': 'MULHOUSE', 'PostalZone': '68100', 'Country': 'FRA'}";200046985;True;GROUPE HOSPITALIER DE LA REGION DE MULHOUSE ET SUD ALSACE;GHR MULHOUSE ET SUD ALSACE;;2026-05-12+01:00;services;"['Sous-critère 1 : \n- Organisation : Présentation de l’entreprise \n- Organisation : moyens humains dédiés au marché \n- Organisation : moyens matériels mis en œuvre \n- Références similaires \n- Démarche et certifications qualité \n\nSous-critère 2 :  \n-Organisation et planification des interventions \n-Détails de la prestation technique \n-Gestion documentaire et traçabilité,  \n-Qualité technique des prestations \n\nSous-critère 3 :  Respect des délais d’intervention et de remise en fonctionnement\n \nSous-critère 4 :  Modalités et procédures de prise en charge des installations  \n\nSous-critère 5 :   \n- Habilitation et qualification du personnel \n- Programme de formation \n- Veille technologique', ""Sous critère1 : prix de la maintenance préventive DPGF complété : \n\n - Montant total annuel de l’offre la mieux disante / montant total annuel de l’offre examinée X 25 points \n - Coût horaire du montant annuel de l’offre la mieux disante (volume d’heures annuel / montant total annuel) / coût horaire du montant annuel de l’offre examinée (volume d’heures/montant total annuel) / X 5 points \n\nSous critère 2 : prix d'une intervention BPU selon le DQE : \n\nCoût total de l’offre la mieux disante / coût total de l’offre examinée X 15 points \n \nSous critère 3 : prix remise pièces détachées \nTaux de remise de l’offre examinée / taux de remise de l’offre la mieux disante X 5 points"", 'Sous-critère 1 : Axe environnemental - Gestion et tri des déchets \n\nSous-critère 2 : Axe environnemental - Réduction de l’empreinte carbone \n\nSous-critère 3 : Axe environnemental - Reconditionnement ou recyclage et d’utilisation de produits d’entretien de façon à réduire leur impact environnemental \n\nSous-critère 4 : Axe social - Politique d’insertion professionnelle']";['social', 'prix', 'environnemental & social'];;1460.0;False;;False;{'StreetName': None, 'CityName': 'Mulhouse', 'PostalZone': None, 'NUTS': 'FRF12', 'Country': 'FRA'};;;26-87487;25-78932;36832.13;14000.0;LOT-0004;50880000;;10;2.0;;Maintenance des cuisines du GHT Haute Alsace;ouverte;25S0059;3.0;;False;False;False;False;2614889.94;7364.0;Établissement d'hospitalisation ;5 000  à  9 999;<NA>;2015-01-01;86.10Z;2008;5499.0;Société à responsabilité limitée (sans autre indication);20  à  49;False;<NA>;2008;G;46;46.4;46.49;46.49Z;2008-02-08;(48.110626, 7.377533);Colmar;Haut-Rhin;Grand Est;(47.735848, 7.332069);Mulhouse;Haut-Rhin;Grand Est;;;;;;;;
False;;;True;True;False;attribue;{'StreetName': '27 RUE DES FRERES LUMIERE Z.I NORD', 'AdditionalStreetName': None, 'CityName': 'COLMAR', 'PostalZone': '68000', 'Country': 'FRA'};502084239;True;CHR ALSACE;CHR ALSACE COLMAR;2026-09-11;"{'StreetName': ""87 AVENUE D'ALTKIRCH"", 'AdditionalStreetName': None, 'CityName': 'MULHOUSE', 'PostalZone': '68100', 'Country': 'FRA'}";200046985;True;GROUPE HOSPITALIER DE LA REGION DE MULHOUSE ET SUD ALSACE;GHR MULHOUSE ET SUD ALSACE;;2026-05-12+01:00;services;"['Sous-critère 1 : \n- Organisation : Présentation de l’entreprise \n- Organisation : moyens humains dédiés au marché \n- Organisation : moyens matériels mis en œuvre \n- Références similaires \n- Démarche et certifications qualité \n\nSous-critère 2 :  \n- Organisation et planification des interventions \n- Détails de la prestation technique \n- Gestion documentaire et traçabilité,  \n- Qualité technique des prestations \n\nSous-critère 3 :  Respect des délais d’intervention et de remise en fonctionnement\n \nSous-critère 4 :  Modalités et procédures de prise en charge des installations  \n\nSous-critère 5 :   \n-  Habilitation et qualification du personnel \n-  Programme de formation \n-  Veille technologique', ""Sous critère1 : prix de la maintenance préventive DPGF complété : \n\n - Montant total annuel de l’offre la mieux disante / montant total annuel de l’offre examinée X 25 points \n - Coût horaire du montant annuel de l’offre la mieux disante (volume d’heures annuel / montant total annuel) / coût horaire du montant annuel de l’offre examinée (volume d’heures/montant total annuel) / X 5 points \n\nSous critère 2 : prix d'une intervention BPU selon le DQE : \n\nCoût total de l’offre la mieux disante / coût total de l’offre examinée X 15 points \n \nSous critère 3: prix remise pièces détachées \nTaux de remise de l’offre examinée / taux de remise de l’offre la mieux disante X 5 points"", 'Sous-critère 1 : Axe environnemental - Gestion et tri des déchets \n\nSous-critère 2 : Axe environnemental - Réduction de l’empreinte carbone \n\nSous-critère 3 : Axe environnemental - Reconditionnement ou recyclage et d’utilisation de produits d’entretien de façon à réduire leur impact environnemental \n\nSous-critère 4 : Axe social - Politique d’insertion professionnelle \n\nSous-critère 5 : Axe social - Critères éco-responsables liés aux EPI']";['social', 'prix', 'environnemental & social'];;1460.0;False;;False;{'StreetName': None, 'CityName': 'Mulhouse', 'PostalZone': None, 'NUTS': 'FRF12', 'Country': 'FRA'};;;26-87487;25-78932;60842.88;;LOT-0005;50880000;;10;2.0;;Maintenance des cuisines du GHT Haute Alsace;ouverte;25S0059;3.0;;False;False;False;False;2614889.94;7364.0;Établissement d'hospitalisation ;5 000  à  9 999;<NA>;2015-01-01;86.10Z;2008;5499.0;Société à responsabilité limitée (sans autre indication);20  à  49;False;<NA>;2008;G;46;46.4;46.49;46.49Z;2008-02-08;(48.110626, 7.377533);Colmar;Haut-Rhin;Grand Est;(47.735848, 7.332069);Mulhouse;Haut-Rhin;Grand Est;;;;;;;;
False;;;True;True;False;attribue;{'StreetName': '27 RUE DES FRERES LUMIERE Z.I NORD', 'AdditionalStreetName': None, 'CityName': 'COLMAR', 'PostalZone': '68000', 'Country': 'FRA'};502084239;True;CHR ALSACE;CHR ALSACE COLMAR;2026-09-11;"{'StreetName': ""87 AVENUE D'ALTKIRCH"", 'AdditionalStreetName': None, 'CityName': 'MULHOUSE', 'PostalZone': '68100', 'Country': 'FRA'}";200046985;True;GROUPE HOSPITALIER DE LA REGION DE MULHOUSE ET SUD ALSACE;GHR MULHOUSE ET SUD ALSACE;;2026-05-12+01:00;services;"['Sous-critère 1 : \n-  Organisation : Présentation de l’entreprise \n-  Organisation : moyens humains dédiés au marché \n-  Organisation : moyens matériels mis en œuvre \n-  Références similaires \n-  Démarche et certifications qualité \n\nSous-critère 2 :  \n-Organisation et planification des interventions \n-Détails de la prestation technique \n-Gestion documentaire et traçabilité,  \n-Qualité technique des prestations \n\nSous-critère 3 :  Respect des délais d’intervention et de remise en fonctionnement\n \nSous-critère 4 :  Modalités et procédures de prise en charge des installations  \n\nSous-critère 5 :   \n- Habilitation et qualification du personnel \n- Programme de formation \n- Veille technologique', ""Sous critère1: prix de la maintenance préventive DPGF complété : \n\n - Montant total annuel de l’offre la mieux disante / montant total annuel de l’offre examinée X 25 points \n - Coût horaire du montant annuel de l’offre la mieux disante (volume d’heures annuel / montant total annuel) / coût horaire du montant annuel de l’offre examinée (volume d’heures/montant total annuel) / X 5 points \n\nSous critère 2: prix d'une intervention BPU selon le DQE : \n\nCoût total de l’offre la mieux disante / coût total de l’offre examinée X 15 points \n \nSous critère 3: prix remise pièces détachées \nTaux de remise de l’offre examinée / taux de remise de l’offre la mieux disante X 5 points"", 'Sous-critère 1 : Axe environnemental - Gestion et tri des déchets \n\nSous-critère 2 : Axe environnemental - Réduction de l’empreinte carbone \n\nSous-critère 3 : Axe environnemental - Reconditionnement ou recyclage et d’utilisation de produits d’entretien de façon à réduire leur impact environnemental \n\nSous-critère 4 : Axe social - Politique d’insertion professionnelle \n\nSous-critère 5 : Axe social - Critères éco-responsables liés aux EPI']";['social', 'prix', 'environnemental & social'];;1460.0;False;;False;{'StreetName': None, 'CityName': 'Mulhouse', 'PostalZone': None, 'NUTS': 'FRF12', 'Country': 'FRA'};;;26-87487;25-78932;20246.88;;LOT-0006;50880000;;10;2.0;;Maintenance des cuisines du GHT Haute Alsace;ouverte;25S0059;3.0;;False;False;False;False;2614889.94;7364.0;Établissement d'hospitalisation ;5 000  à  9 999;<NA>;2015-01-01;86.10Z;2008;5499.0;Société à responsabilité limitée (sans autre indication);20  à  49;False;<NA>;2008;G;46;46.4;46.49;46.49Z;2008-02-08;(48.110626, 7.377533);Colmar;Haut-Rhin;Grand Est;(47.735848, 7.332069);Mulhouse;Haut-Rhin;Grand Est;;;;;;;;
False;;;True;True;False;attribue;{'StreetName': '27 RUE DES FRERES LUMIERE Z.I NORD', 'AdditionalStreetName': None, 'CityName': 'COLMAR', 'PostalZone': '68000', 'Country': 'FRA'};502084239;True;CHR ALSACE;CHR ALSACE COLMAR;2026-09-11;"{'StreetName': ""87 AVENUE D'ALTKIRCH"", 'AdditionalStreetName': None, 'CityName': 'MULHOUSE', 'PostalZone': '68100', 'Country': 'FRA'}";200046985;True;GROUPE HOSPITALIER DE LA REGION DE MULHOUSE ET SUD ALSACE;GHR MULHOUSE ET SUD ALSACE;;2026-05-12+01:00;services;"['Sous-critère 1 : \n- Organisation : Présentation de l’entreprise \n- Organisation : moyens humains dédiés au marché \n- Organisation : moyens matériels mis en œuvre \n- Références similaires \n- Démarche et certifications qualité \n\nSous-critère 2 :  \n-Organisation et planification des interventions \n-Détails de la prestation technique \n-Gestion documentaire et traçabilité,  \n-Qualité technique des prestations \n\nSous-critère 3 :  Respect des délais d’intervention et de remise en fonctionnement\n \nSous-critère 4 :  Modalités et procédures de prise en charge des installations  \n\nSous-critère 5 :   \n- Habilitation et qualification du personnel \n- Programme de formation \n- Veille technologique', ""Sous critère1: prix de la maintenance préventive DPGF complété : \n\n - Montant total annuel de l’offre la mieux disante / montant total annuel de l’offre examinée X 25 points \n - Coût horaire du montant annuel de l’offre la mieux disante (volume d’heures annuel / montant total annuel) / coût horaire du montant annuel de l’offre examinée (volume d’heures/montant total annuel) / X 5 points \n\nSous critère 2: prix d'une intervention BPU selon le DQE : \n\nCoût total de l’offre la mieux disante / coût total de l’offre examinée X 15 points \n \nSous critère 3: prix remise pièces détachées \nTaux de remise de l’offre examinée / taux de remise de l’offre la mieux disante X 5 points"", 'Sous-critère 1 : Axe environnemental - Gestion et tri des déchets \n\nSous-critère 2 : Axe environnemental - Réduction de l’empreinte carbone \n\nSous-critère 3 : Axe environnemental - Reconditionnement ou recyclage et d’utilisation de produits d’entretien de façon à réduire leur impact environnemental \n\nSous-critère 4 : Axe social - Politique d’insertion professionnelle \n\nSous-critère 5 : Axe social - Critères éco-responsables liés aux EPI']";['social', 'prix', 'environnemental & social'];;1460.0;False;;False;{'StreetName': None, 'CityName': 'Mulhouse', 'PostalZone': None, 'NUTS': 'FRF12', 'Country': 'FRA'};;;26-87487;25-78932;27282.62;;LOT-0007;50880000;;10;2.0;;Maintenance des cuisines du GHT Haute Alsace;ouverte;25S0059;3.0;;False;False;False;False;2614889.94;7364.0;Établissement d'hospitalisation ;5 000  à  9 999;<NA>;2015-01-01;86.10Z;2008;5499.0;Société à responsabilité limitée (sans autre indication);20  à  49;False;<NA>;2008;G;46;46.4;46.49;46.49Z;2008-02-08;(48.110626, 7.377533);Colmar;Haut-Rhin;Grand Est;(47.735848, 7.332069);Mulhouse;Haut-Rhin;Grand Est;;;;;;;;
False;;;True;True;False;attribue;{'StreetName': '27 RUE DES FRERES LUMIERE Z.I NORD', 'AdditionalStreetName': None, 'CityName': 'COLMAR', 'PostalZone': '68000', 'Country': 'FRA'};502084239;True;CHR ALSACE;CHR ALSACE COLMAR;2026-09-11;"{'StreetName': ""87 AVENUE D'ALTKIRCH"", 'AdditionalStreetName': None, 'CityName': 'MULHOUSE', 'PostalZone': '68100', 'Country': 'FRA'}";200046985;True;GROUPE HOSPITALIER DE LA REGION DE MULHOUSE ET SUD ALSACE;GHR MULHOUSE ET SUD ALSACE;;2026-05-12+01:00;services;"['Sous-critère 1 : \n-  Organisation : Présentation de l’entreprise \n-  Organisation : moyens humains dédiés au marché \n-  Organisation : moyens matériels mis en œuvre \n-  Références similaires \n-  Démarche et certifications qualité \n\nSous-critère 2 :  \n- Organisation et planification des interventions \n- Détails de la prestation technique \n- Gestion documentaire et traçabilité,  \n- Qualité technique des prestations \n\nSous-critère 3 :  Respect des délais d’intervention et de remise en fonctionnement\n \nSous-critère 4 :  Modalités et procédures de prise en charge des installations  \n\nSous-critère 5 :   \n- Habilitation et qualification du personnel \n- Programme de formation \n- Veille technologique', ""Sous critère1: prix de la maintenance préventive DPGF complété : \n\n - Montant total annuel de l’offre la mieux disante / montant total annuel de l’offre examinée X 25 points \n - Coût horaire du montant annuel de l’offre la mieux disante (volume d’heures annuel / montant total annuel) / coût horaire du montant annuel de l’offre examinée (volume d’heures/montant total annuel) / X 5 points \n\nSous critère 2: prix d'une intervention BPU selon le DQE : \n\nCoût total de l’offre la mieux disante / coût total de l’offre examinée X 15 points \n \nSous critère 3: prix remise pièces détachées \nTaux de remise de l’offre examinée / taux de remise de l’offre la mieux disante X 5 points"", 'Sous-critère 1 : Axe environnemental - Gestion et tri des déchets \n\nSous-critère 2 : Axe environnemental - Réduction de l’empreinte carbone \n\nSous-critère 3 : Axe environnemental - Reconditionnement ou recyclage et d’utilisation de produits d’entretien de façon à réduire leur impact environnemental \n\nSous-critère 4 : Axe social - Politique d’insertion professionnelle \n\nSous-critère 5 : Axe social - Critères éco-responsables liés aux EPI']";['social', 'prix', 'environnemental & social'];;1460.0;False;;False;{'StreetName': None, 'CityName': 'Mulhouse', 'PostalZone': None, 'NUTS': 'FRF12', 'Country': 'FRA'};;;26-87487;25-78932;141103.1;;LOT-0008;50880000;;10;2.0;;Maintenance des cuisines du GHT Haute Alsace;ouverte;25S0059;3.0;;False;False;False;False;2614889.94;7364.0;Établissement d'hospitalisation ;5 000  à  9 999;<NA>;2015-01-01;86.10Z;2008;5499.0;Société à responsabilité limitée (sans autre indication);20  à  49;False;<NA>;2008;G;46;46.4;46.49;46.49Z;2008-02-08;(48.110626, 7.377533);Colmar;Haut-Rhin;Grand Est;(47.735848, 7.332069);Mulhouse;Haut-Rhin;Grand Est;;;;;;;;
False;;;True;True;False;attribue;{'StreetName': '27 RUE DES FRERES LUMIERE Z.I NORD', 'AdditionalStreetName': None, 'CityName': 'COLMAR', 'PostalZone': '68000', 'Country': 'FRA'};502084239;True;CHR ALSACE;CHR ALSACE COLMAR;2026-09-11;"{'StreetName': ""87 AVENUE D'ALTKIRCH"", 'AdditionalStreetName': None, 'CityName': 'MULHOUSE', 'PostalZone': '68100', 'Country': 'FRA'}";200046985;True;GROUPE HOSPITALIER DE LA REGION DE MULHOUSE ET SUD ALSACE;GHR MULHOUSE ET SUD ALSACE;;2026-05-12+01:00;services;"['Sous-critère 1 : \n- Organisation : Présentation de l’entreprise \n- Organisation : moyens humains dédiés au marché \n- Organisation : moyens matériels mis en œuvre \n- Références similaires \n- Démarche et certifications qualité \n\nSous-critère 2 :  \n-Organisation et planification des interventions \n-Détails de la prestation technique \n-Gestion documentaire et traçabilité,  \n-Qualité technique des prestations \n\nSous-critère 3 :  Respect des délais d’intervention et de remise en fonctionnement\n \nSous-critère 4 :  Modalités et procédures de prise en charge des installations  \n\nSous-critère 5 :   \n- Habilitation et qualification du personnel \n- Programme de formation \n- Veille technologique', ""Sous critère1: prix de la maintenance préventive DPGF complété : \n\n - Montant total annuel de l’offre la mieux disante / montant total annuel de l’offre examinée X 25 points \n - Coût horaire du montant annuel de l’offre la mieux disante (volume d’heures annuel / montant total annuel) / coût horaire du montant annuel de l’offre examinée (volume d’heures/montant total annuel) / X 5 points \n\nSous critère 2: prix d'une intervention BPU selon le DQE : \n\nCoût total de l’offre la mieux disante / coût total de l’offre examinée X 15 points \n \nSous critère 3: prix remise pièces détachées \nTaux de remise de l’offre examinée / taux de remise de l’offre la mieux disante X 5 points"", 'Sous-critère 1 : Axe environnemental - Gestion et tri des déchets \n\nSous-critère 2 : Axe environnemental - Réduction de l’empreinte carbone \n\nSous-critère 3 : Axe environnemental - Reconditionnement ou recyclage et d’utilisation de produits d’entretien de façon à réduire leur impact environnemental \n\nSous-critère 4 : Axe social - Politique d’insertion professionnelle \n\nSous-critère 5 : Axe social - Critères éco-responsables liés aux EPI']";['social', 'prix', 'environnemental & social'];;1460.0;False;;False;{'StreetName': None, 'CityName': 'Mulhouse', 'PostalZone': None, 'NUTS': 'FRF12', 'Country': 'FRA'};;;26-87487;25-78932;218858.59;;LOT-0009;50880000;;10;2.0;;Maintenance des cuisines du GHT Haute Alsace;ouverte;25S0059;3.0;;False;False;False;False;2614889.94;7364.0;Établissement d'hospitalisation ;5 000  à  9 999;<NA>;2015-01-01;86.10Z;2008;5499.0;Société à responsabilité limitée (sans autre indication);20  à  49;False;<NA>;2008;G;46;46.4;46.49;46.49Z;2008-02-08;(48.110626, 7.377533);Colmar;Haut-Rhin;Grand Est;(47.735848, 7.332069);Mulhouse;Haut-Rhin;Grand Est;;;;;;;;
False;;;True;True;False;attribue;{'StreetName': '27 RUE DES FRERES LUMIERE Z.I NORD', 'AdditionalStreetName': None, 'CityName': 'COLMAR', 'PostalZone': '68000', 'Country': 'FRA'};502084239;True;CHR ALSACE;CHR ALSACE COLMAR;2026-09-11;"{'StreetName': ""87 AVENUE D'ALTKIRCH"", 'AdditionalStreetName': None, 'CityName': 'MULHOUSE', 'PostalZone': '68100', 'Country': 'FRA'}";200046985;True;GROUPE HOSPITALIER DE LA REGION DE MULHOUSE ET SUD ALSACE;GHR MULHOUSE ET SUD ALSACE;;2026-05-12+01:00;services;"['Sous-critère 1 : \n- Organisation : Présentation de l’entreprise \n- Organisation : moyens humains dédiés au marché \n- Organisation : moyens matériels mis en œuvre \n- Références similaires \n- Démarche et certifications qualité \n\nSous-critère 2 :  \n-Organisation et planification des interventions \n-Détails de la prestation technique \n-Gestion documentaire et traçabilité,  \n-Qualité technique des prestations \n\nSous-critère 3 :  Respect des délais d’intervention et de remise en fonctionnement\n \nSous-critère 4 :  Modalités et procédures de prise en charge des installations  \n\nSous-critère 5 :   \n- Habilitation et qualification du personnel \n- Programme de formation \n- Veille technologique', ""Sous critère1 : prix de la maintenance préventive DPGF complété : \n\n - Montant total annuel de l’offre la mieux disante / montant total annuel de l’offre examinée X 25 points \n - Coût horaire du montant annuel de l’offre la mieux disante (volume d’heures annuel / montant total annuel) / coût horaire du montant annuel de l’offre examinée (volume d’heures/montant total annuel) / X 5 points \n\nSous critère 2: prix d'une intervention BPU selon le DQE : \n\nCoût total de l’offre la mieux disante / coût total de l’offre examinée X 15 points \n \nSous critère 3: prix remise pièces détachées \nTaux de remise de l’offre examinée / taux de remise de l’offre la mieux disante X 5 points"", 'Sous-critère 1 : Axe environnemental - Gestion et tri des déchets \n\nSous-critère 2 : Axe environnemental - Réduction de l’empreinte carbone \n\nSous-critère 3 : Axe environnemental - Reconditionnement ou recyclage et d’utilisation de produits d’entretien de façon à réduire leur impact environnemental \n\nSous-critère 4 : Axe social - Politique d’insertion professionnelle \n\nSous-critère 5 : Axe social - Critères éco-responsables liés aux EPI']";['social', 'prix', 'environnemental & social'];;1460.0;False;;False;{'StreetName': None, 'CityName': 'Mulhouse', 'PostalZone': None, 'NUTS': 'FRF12', 'Country': 'FRA'};;;26-87487;25-78932;157611.74;;LOT-0010;50880000;;10;2.0;;Maintenance des cuisines du GHT Haute Alsace;ouverte;25S0059;3.0;;False;False;False;False;2614889.94;7364.0;Établissement d'hospitalisation ;5 000  à  9 999;<NA>;2015-01-01;86.10Z;2008;5499.0;Société à responsabilité limitée (sans autre indication);20  à  49;False;<NA>;2008;G;46;46.4;46.49;46.49Z;2008-02-08;(48.110626, 7.377533);Colmar;Haut-Rhin;Grand Est;(47.735848, 7.332069);Mulhouse;Haut-Rhin;Grand Est;;;;;;;;
False;['60161000'];;True;True;False;attribue;{'StreetName': '4 RUE DU COUCOU', 'AdditionalStreetName': None, 'CityName': 'WITTELSHEIM', 'PostalZone': '68310', 'Country': 'FRA'};824538326;True;ALLIANCE TRANSPORTS SERVICES;ALLIANCE TRANSPORTS SERVICES;2026-09-11;{'StreetName': None, 'AdditionalStreetName': None, 'CityName': 'MULHOUSE CEDEX', 'PostalZone': '68100', 'Country': 'FRA'};200046985;True;GROUPE HOSPITALIER DE LA REGION DE MULHOUSE ET SUD ALSACE;GHR MULHOUSE ET SUD ALSACE;;2026-06-15+01:00;services;['Pour le critère financier : La note maximale sera attribuée au candidat dont les tarifs sont les plus avantageux (offre moins disante / offre * pondération).', 'La qualité technique correspond à l’appréciation des prestations associées aux transports que le candidat \ndevra décrire à partir du Cadre de Réponse Technique. \n\n Présentation de l’entreprise, organigramme, certifications, accréditations (1 point) \no Expérience en milieu hospitalier et références (1 point) \no Organisation de la prestation : moyens humains, qualifications: (7 points) \no Organisation de la prestation : moyens matériels (moyens de communication, véhicules, \nEPI…) : (7 points) \no Description de la prestation au niveau de la prise en charge : (5 points) \no Description de la gestion des demandes, en précisant les délais d’intervention : \n(engagement contractuel) (9 points) \no Gestion des demandes urgentes : (5 points)', 'Développement Durable'];['prix', 'social', 'environnemental'];;1460.0;True;;False;{'StreetName': None, 'CityName': 'MULHOUSE', 'PostalZone': '68100', 'NUTS': 'FRF12', 'Country': 'FRA'};avec remise en concurrence;;26-87526;;;;LOT-0001;60100000;1977600.0;5;2.0;;Prestations de transports de prélèvements, de PSL, de médicaments et de colis urgents pour le compte du GHRMSA et du Centre Hospitalier de Pfastatt;ouverte;25S0086;3.0;;;False;False;False;;7364.0;Établissement d'hospitalisation ;5 000  à  9 999;<NA>;2015-01-01;86.10Z;2008;5710.0;SAS, société par actions simplifiée;3  à  5;False;<NA>;2008;H;49;49.3;49.32;49.32Z;2016-12-21;(47.799329, 7.228962);Wittelsheim;Haut-Rhin;Grand Est;;Riedisheim;Haut-Rhin;Grand Est;;;;;;;;
False;['60161000'];;True;True;False;attribue;{'StreetName': '4 RUE DU COUCOU', 'AdditionalStreetName': None, 'CityName': 'WITTELSHEIM', 'PostalZone': '68310', 'Country': 'FRA'};824538326;True;ALLIANCE TRANSPORTS SERVICES;ALLIANCE TRANSPORTS SERVICES;2026-09-11;{'StreetName': None, 'AdditionalStreetName': None, 'CityName': 'MULHOUSE CEDEX', 'PostalZone': '68100', 'Country': 'FRA'};200046985;True;GROUPE HOSPITALIER DE LA REGION DE MULHOUSE ET SUD ALSACE;GHR MULHOUSE ET SUD ALSACE;;2026-06-15+01:00;services;['Pour le critère financier : La note maximale sera attribuée au candidat dont les tarifs sont les plus avantageux (offre moins disante / offre * pondération).', 'La qualité technique correspond à l’appréciation des prestations associées aux transports que le candidat \ndevra décrire à partir du Cadre de Réponse Technique. \n\n Présentation de l’entreprise, organigramme, certifications, accréditations (1 point) \no Expérience en milieu hospitalier et références (1 point) \no Organisation de la prestation : moyens humains, qualifications: (7 points) \no Organisation de la prestation : moyens matériels (moyens de communication, véhicules, \nEPI…) : (7 points) \no Description de la prestation au niveau de la prise en charge : (5 points) \no Description de la gestion des demandes, en précisant les délais d’intervention : \n(engagement contractuel) (9 points) \no Gestion des demandes urgentes : (5 points)', 'Développement Durable'];['prix', 'social', 'environnemental'];;1460.0;True;;False;{'StreetName': None, 'CityName': 'MULHOUSE', 'PostalZone': '68100', 'NUTS': 'FRF12', 'Country': 'FRA'};avec remise en concurrence;;26-87526;;;;LOT-0002;60100000;1977600.0;5;2.0;;Prestations de transports de prélèvements, de PSL, de médicaments et de colis urgents pour le compte du GHRMSA et du Centre Hospitalier de Pfastatt;ouverte;25S0086;3.0;;;False;False;False;;7364.0;Établissement d'hospitalisation ;5 000  à  9 999;<NA>;2015-01-01;86.10Z;2008;5710.0;SAS, société par actions simplifiée;3  à  5;False;<NA>;2008;H;49;49.3;49.32;49.32Z;2016-12-21;(47.799329, 7.228962);Wittelsheim;Haut-Rhin;Grand Est;;Riedisheim;Haut-Rhin;Grand Est;;;;;;;;
False;['60161000'];;True;True;False;attribue;{'StreetName': '4 RUE DU COUCOU', 'AdditionalStreetName': None, 'CityName': 'WITTELSHEIM', 'PostalZone': '68310', 'Country': 'FRA'};824538326;True;ALLIANCE TRANSPORTS SERVICES;ALLIANCE TRANSPORTS SERVICES;2026-09-11;{'StreetName': None, 'AdditionalStreetName': None, 'CityName': 'MULHOUSE CEDEX', 'PostalZone': '68100', 'Country': 'FRA'};200046985;True;GROUPE HOSPITALIER DE LA REGION DE MULHOUSE ET SUD ALSACE;GHR MULHOUSE ET SUD ALSACE;;2026-06-15+01:00;services;['Pour le critère financier : La note maximale sera attribuée au candidat dont les tarifs sont les plus avantageux (offre moins disante / offre * pondération).', 'La qualité technique correspond à l’appréciation des prestations associées aux transports que le candidat \ndevra décrire à partir du Cadre de Réponse Technique. \n\n Présentation de l’entreprise, organigramme, certifications, accréditations (1 point) \no Expérience en milieu hospitalier et références (1 point) \no Organisation de la prestation : moyens humains, qualifications: (7 points) \no Organisation de la prestation : moyens matériels (moyens de communication, véhicules, \nEPI…) : (7 points) \no Description de la prestation au niveau de la prise en charge : (5 points) \no Description de la gestion des demandes, en précisant les délais d’intervention : \n(engagement contractuel) (9 points) \no Gestion des demandes urgentes : (5 points)', 'Développement Durable'];['prix', 'social', 'environnemental'];;1460.0;True;;False;{'StreetName': None, 'CityName': 'MULHOUSE', 'PostalZone': '68100', 'NUTS': 'FRF12', 'Country': 'FRA'};avec remise en concurrence;;26-87526;;;;LOT-0003;60100000;1977600.0;5;3.0;;Prestations de transports de prélèvements, de PSL, de médicaments et de colis urgents pour le compte du GHRMSA et du Centre Hospitalier de Pfastatt;ouverte;25S0086;3.0;;;False;False;False;;7364.0;Établissement d'hospitalisation ;5 000  à  9 999;<NA>;2015-01-01;86.10Z;2008;5710.0;SAS, société par actions simplifiée;3  à  5;False;<NA>;2008;H;49;49.3;49.32;49.32Z;2016-12-21;(47.799329, 7.228962);Wittelsheim;Haut-Rhin;Grand Est;;Riedisheim;Haut-Rhin;Grand Est;;;;;;;;
False;['60161000'];;True;True;False;attribue;{'StreetName': '4 RUE DU COUCOU', 'AdditionalStreetName': None, 'CityName': 'WITTELSHEIM', 'PostalZone': '68310', 'Country': 'FRA'};824538326;True;ALLIANCE TRANSPORTS SERVICES;ALLIANCE TRANSPORTS SERVICES;2026-09-11;{'StreetName': None, 'AdditionalStreetName': None, 'CityName': 'MULHOUSE CEDEX', 'PostalZone': '68100', 'Country': 'FRA'};200046985;True;GROUPE HOSPITALIER DE LA REGION DE MULHOUSE ET SUD ALSACE;GHR MULHOUSE ET SUD ALSACE;;2026-06-15+01:00;services;['Pour le critère financier : La note maximale sera attribuée au candidat dont les tarifs sont les plus avantageux (offre moins disante / offre * pondération).', 'La qualité technique correspond à l’appréciation des prestations associées aux transports que le candidat \ndevra décrire à partir du Cadre de Réponse Technique. \n\n Présentation de l’entreprise, organigramme, certifications, accréditations (1 point) \no Expérience en milieu hospitalier et références (1 point) \no Organisation de la prestation : moyens humains, qualifications: (7 points) \no Organisation de la prestation : moyens matériels (moyens de communication, véhicules, \nEPI…) : (7 points) \no Description de la prestation au niveau de la prise en charge : (5 points) \no Description de la gestion des demandes, en précisant les délais d’intervention : \n(engagement contractuel) (9 points) \no Gestion des demandes urgentes : (5 points)', 'Développement Durable'];['prix', 'social', 'environnemental'];;1460.0;True;;False;{'StreetName': None, 'CityName': 'MULHOUSE', 'PostalZone': '68100', 'NUTS': 'FRF12', 'Country': 'FRA'};avec remise en concurrence;;26-87526;;;;LOT-0004;60100000;1977600.0;5;2.0;;Prestations de transports de prélèvements, de PSL, de médicaments et de colis urgents pour le compte du GHRMSA et du Centre Hospitalier de Pfastatt;ouverte;25S0086;3.0;;;False;False;False;;7364.0;Établissement d'hospitalisation ;5 000  à  9 999;<NA>;2015-01-01;86.10Z;2008;5710.0;SAS, société par actions simplifiée;3  à  5;False;<NA>;2008;H;49;49.3;49.32;49.32Z;2016-12-21;(47.799329, 7.228962);Wittelsheim;Haut-Rhin;Grand Est;;Riedisheim;Haut-Rhin;Grand Est;;;;;;;;
False;['60161000'];;True;True;False;attribue;{'StreetName': '4 RUE DU COUCOU', 'AdditionalStreetName': None, 'CityName': 'WITTELSHEIM', 'PostalZone': '68310', 'Country': 'FRA'};824538326;True;ALLIANCE TRANSPORTS SERVICES;ALLIANCE TRANSPORTS SERVICES;2026-09-11;{'StreetName': None, 'AdditionalStreetName': None, 'CityName': 'MULHOUSE CEDEX', 'PostalZone': '68100', 'Country': 'FRA'};200046985;True;GROUPE HOSPITALIER DE LA REGION DE MULHOUSE ET SUD ALSACE;GHR MULHOUSE ET SUD ALSACE;;2026-06-15+01:00;services;['Pour le critère financier : La note maximale sera attribuée au candidat dont les tarifs sont les plus avantageux (offre moins disante / offre * pondération).', 'La qualité technique correspond à l’appréciation des prestations associées aux transports que le candidat \ndevra décrire à partir du Cadre de Réponse Technique. \n\n Présentation de l’entreprise, organigramme, certifications, accréditations (1 point) \no Expérience en milieu hospitalier et références (1 point) \no Organisation de la prestation : moyens humains, qualifications: (7 points) \no Organisation de la prestation : moyens matériels (moyens de communication, véhicules, \nEPI…) : (7 points) \no Description de la prestation au niveau de la prise en charge : (5 points) \no Description de la gestion des demandes, en précisant les délais d’intervention : \n(engagement contractuel) (9 points) \no Gestion des demandes urgentes : (5 points)', 'Développement Durable'];['prix', 'social', 'environnemental'];;1460.0;True;;False;{'StreetName': None, 'CityName': 'MULHOUSE', 'PostalZone': '68100', 'NUTS': 'FRF12', 'Country': 'FRA'};avec remise en concurrence;;26-87526;;;;LOT-0005;60100000;1977600.0;5;3.0;;Prestations de transports de prélèvements, de PSL, de médicaments et de colis urgents pour le compte du GHRMSA et du Centre Hospitalier de Pfastatt;ouverte;25S0086;3.0;;;False;False;False;;7364.0;Établissement d'hospitalisation ;5 000  à  9 999;<NA>;2015-01-01;86.10Z;2008;5710.0;SAS, société par actions simplifiée;3  à  5;False;<NA>;2008;H;49;49.3;49.32;49.32Z;2016-12-21;(47.799329, 7.228962);Wittelsheim;Haut-Rhin;Grand Est;;Riedisheim;Haut-Rhin;Grand Est;;;;;;;;
False;;;;False;False;attribue;;;False;;;2026-09-11;"{'StreetName': ""1 avenue Michel de l'hospital"", 'AdditionalStreetName': None, 'CityName': 'Saint quentin', 'PostalZone': '02321', 'Country': 'FRA'}";260208616;True;CENTRE HOSPITALIER GENERAL ST QUENTIN;Centre hospitalier de Saint Quentin;;;services;[];[];;;True;;True;{'StreetName': None, 'CityName': None, 'PostalZone': None, 'NUTS': 'FRE21', 'Country': 'FRA'};;;26-87738;;;;LOT-0001;71000000;;1;3.0;;RESTRUCTURATION ET EXTENSION DU CENTRE HOSPITALIER DE VERVINS;restreinte;225902;;;;False;False;False;;7364.0;Établissement d'hospitalisation ;2 000  à  4 999;False;1980-01-01;86.10Z;2008;;;;;;<NA>;;;;;<NA>;<NA>;;;;;(49.861846, 3.269154);Saint-Quentin;Aisne;Hauts-de-France;;;;;;;;
False;['44613700'];;True;True;False;attribue;{'StreetName': 'Au Desert', 'AdditionalStreetName': None, 'CityName': 'Balanod', 'PostalZone': '39160', 'Country': 'FRA'};523036705;False;BELLEVRET INDUSTRIES;BELLEVRET INDUSTRIES;2026-09-11;{'StreetName': 'Zone de Layat 2', 'AdditionalStreetName': '13, Rue Joaquin Perez Carretero', 'CityName': 'Riom', 'PostalZone': '63200', 'Country': 'FRA'};256300161;False;SYNDICAT DU BOIS DE L'AUMONE (S.B.A.);SYNDICAT DU BOIS DE L'AUMONE;;;fournitures;"[""Valeur technique et environnementale de l'offre"", 'Délai de livraison', 'Prix']";['environnemental', 'delai', 'prix'];[40.0, 10.0, 50.0];;True;800000.0;False;;;;26-87812;;500000.0;;LOT-0001;44613700;;3;4.0;;FOURNITURE LIVRAISON ET INSTALLATION DE BENNES SPECIFIQUES A LA GESTION DES DECHETS EN DECHETERIE;ouverte;2604T;;;;False;True;False;800000.0;7354.0;Syndicat mixte fermé ;200  à  249;<NA>;1975-12-17;38.11Z;2008;5710.0;SAS, société par actions simplifiée;20  à  49;False;<NA>;2008;C;29;29.2;29.2;29.20Z;2010-06-01;(46.455299, 5.357712);Balanod;Jura;Bourgogne-Franche-Comté;(45.902659, 3.126133);Riom;Puy-de-Dôme;Auvergne-Rhône-Alpes;;;;;;;;
False;['44613700'];;True;True;False;attribue;{'StreetName': 'Au Desert', 'AdditionalStreetName': None, 'CityName': 'Balanod', 'PostalZone': '39160', 'Country': 'FRA'};523036705;False;BELLEVRET INDUSTRIES;BELLEVRET INDUSTRIES;2026-09-11;{'StreetName': 'Zone de Layat 2', 'AdditionalStreetName': '13, Rue Joaquin Perez Carretero', 'CityName': 'Riom', 'PostalZone': '63200', 'Country': 'FRA'};256300161;False;SYNDICAT DU BOIS DE L'AUMONE (S.B.A.);SYNDICAT DU BOIS DE L'AUMONE;;;fournitures;"[""Valeur technique et environnementale de l'offre"", 'Délai de livraison', 'Prix']";['environnemental', 'delai', 'prix'];[40.0, 10.0, 50.0];;True;800000.0;False;;;;26-87812;;200000.0;;LOT-0002;44613700;;3;4.0;;FOURNITURE LIVRAISON ET INSTALLATION DE BENNES SPECIFIQUES A LA GESTION DES DECHETS EN DECHETERIE;ouverte;2604T;;;;False;True;False;800000.0;7354.0;Syndicat mixte fermé ;200  à  249;<NA>;1975-12-17;38.11Z;2008;5710.0;SAS, société par actions simplifiée;20  à  49;False;<NA>;2008;C;29;29.2;29.2;29.20Z;2010-06-01;(46.455299, 5.357712);Balanod;Jura;Bourgogne-Franche-Comté;(45.902659, 3.126133);Riom;Puy-de-Dôme;Auvergne-Rhône-Alpes;;;;;;;;
False;['44613700'];;True;True;False;attribue;{'StreetName': 'Au Desert', 'AdditionalStreetName': None, 'CityName': 'Balanod', 'PostalZone': '39160', 'Country': 'FRA'};523036705;False;BELLEVRET INDUSTRIES;BELLEVRET INDUSTRIES;2026-09-11;{'StreetName': 'Zone de Layat 2', 'AdditionalStreetName': '13, Rue Joaquin Perez Carretero', 'CityName': 'Riom', 'PostalZone': '63200', 'Country': 'FRA'};256300161;False;SYNDICAT DU BOIS DE L'AUMONE (S.B.A.);SYNDICAT DU BOIS DE L'AUMONE;;;fournitures;"[""Valeur technique et environnementale de l'offre"", 'Délai de livraison', 'Prix']";['environnemental', 'delai', 'prix'];[40.0, 10.0, 50.0];;True;800000.0;False;;;;26-87812;;100000.0;;LOT-0003;44613700;;3;4.0;;FOURNITURE LIVRAISON ET INSTALLATION DE BENNES SPECIFIQUES A LA GESTION DES DECHETS EN DECHETERIE;ouverte;2604T;;;;False;True;False;800000.0;7354.0;Syndicat mixte fermé ;200  à  249;<NA>;1975-12-17;38.11Z;2008;5710.0;SAS, société par actions simplifiée;20  à  49;False;<NA>;2008;C;29;29.2;29.2;29.20Z;2010-06-01;(46.455299, 5.357712);Balanod;Jura;Bourgogne-Franche-Comté;(45.902659, 3.126133);Riom;Puy-de-Dôme;Auvergne-Rhône-Alpes;;;;;;;;
False;['80340000'];;True;False;False;attribue;{'StreetName': '3 Imp Des Plongeurs', 'AdditionalStreetName': None, 'CityName': 'Saint-Leu', 'PostalZone': '97416', 'Country': 'FRA'};882574015;False;MONORUN;EMA REUNION;2026-09-11;{'StreetName': '192 Rue Mahé de Labourdonnais', 'AdditionalStreetName': None, 'CityName': 'Petite-Ile', 'PostalZone': '97429', 'Country': 'FRA'};219740057;False;COMMUNE DE LA PETITE ILE;Commune de Petite-Ile;;2026-08-01+04:00;services;['La Valeur technique', 'Le Prix'];['technique', 'prix'];[60.0, 40.0];360.0;False;;False;;;;26-87671;;721389.0;;LOT-0000;80340000;;1;2.0;2.0;Prestations d'enseignement musical et activités connexes pour l'École de musique de la commune de Petite-Île;ouverte;2026_Ecole de musique;2.0;;;False;False;False;721389.0;7210.0;Commune et commune nouvelle ;250  à  499;False;1966-04-01;84.11Z;2008;5710.0;SAS, société par actions simplifiée;10  à  19;False;False;2008;G;47;47.1;47.19;47.19B;2020-04-01;(-21.144067, 55.275465);Saint-Leu;La Réunion;;(-21.355487, 55.565297);Petite-Île;La Réunion;;;;;;;;;
False;['71240000'];;False;False;False;attribue;"{'StreetName': ""76 rue Jeanne d'Arc"", 'AdditionalStreetName': None, 'CityName': 'Lille', 'PostalZone': '59000', 'Country': 'FRA'}";520284779;False;BUREAU FACEB;Bureau Face B;2026-09-11;{'StreetName': 'Place Jean Bart', 'AdditionalStreetName': None, 'CityName': 'Marsannay-la-Côte', 'PostalZone': '21160', 'Country': 'FRA'};824584502;False;SODIMARS;Marsannay-la-Côte;;;services;"['Pertinence de la réponse par rapport au programme, appréciée en fonction des paramètres suivants :    > fonctionnalité du projet et respect des surfaces ;   > qualité architecturale du projet ;   > qualité de la démarche environnementale ;   > qualité paysagère du projet et insertion dans le site', ""Compatibilité du projet avec l'enveloppe prévisionnelle affectée aux travaux, comprenant une approche en coût global""]";['environnemental & social', 'prix'];;;False;;False;;;;26-87515;;538669.29;;LOT-0000;71310000;;1;3.0;3.0;MARSANNAY LA COTE - Réhabilitation d'un gymnase à usage sportif (Gymnase Enselme);restreinte;2025MCCR0448;;;;False;False;False;538669.29;5710.0;SAS, société par actions simplifiée;;False;2016-11-29;47.11F;2008;5499.0;Société à responsabilité limitée (sans autre indication);6  à  9;False;<NA>;2008;M;71;71.1;71.11;71.11Z;2010-02-10;(50.625458, 3.064311);Lille;Nord;Hauts-de-France;(47.270301, 4.988385);Marsannay-la-Côte;Côte-d'Or;Bourgogne-Franche-Comté;;;;;;;;
False;;;True;True;False;attribue;{'StreetName': 'Rue Henri-Paul Schneider', 'AdditionalStreetName': None, 'CityName': 'MONTCHANIN', 'PostalZone': '71210', 'Country': 'FRA'};490921996;True;PASCAL GUINOT TRAVAUX PUBLICS;SAS Pascal GUINOT VRD;2026-09-11;{'StreetName': '53 bis, Rue de la Préfecture\nCS 13501', 'AdditionalStreetName': None, 'CityName': 'Dijon CEDEX', 'PostalZone': '21035', 'Country': 'FRA'};222100018;True;DEPARTEMENT DE COTE D OR;Conseil Départemental de Côte d'Or (21);;;travaux;['Prix', 'Remise commerciale au vu du montant des commandes', 'Valeur technique au vu du mémoire'];['prix', 'prix', 'technique'];[40.0, 40.0, 20.0];360.0;True;16000000.0;False;"{'StreetName': ""Côte-d'Or"", 'CityName': 'Dijon', 'PostalZone': '21000', 'NUTS': 'FRC11', 'Country': 'FRA'}";hybride;;26-87545;;20000000.0;3200000.0;LOT-0001;45233141;100000000.0;15;8.0;;Entretien et aménagements mineurs de la voirie départementale;ouverte;0426entretienamenagementmineurs;3.0;;;False;True;False;100000000.0;7220.0;Département ;2 000  à  4 999;False;1981-06-23;84.11Z;2008;5710.0;SAS, société par actions simplifiée;250  à  499;False;<NA>;2008;F;42;42.2;42.21;42.21Z;2006-07-05;(46.74232, 4.482488);Montchanin;Saône-et-Loire;Bourgogne-Franche-Comté;(47.325068, 5.042539);Dijon;Côte-d'Or;Bourgogne-Franche-Comté;;;;;;;;
False;;;True;True;False;attribue;{'StreetName': '88 ROUTE DE GRAY', 'AdditionalStreetName': 'BP 16', 'CityName': 'SAINT APOLLINAIRE', 'PostalZone': '21850', 'Country': 'FRA'};391338449;True;ENTREPRISE ROGER MARTIN;SAS ROGER MARTIN;2026-09-11;{'StreetName': '53 bis, Rue de la Préfecture\nCS 13501', 'AdditionalStreetName': None, 'CityName': 'Dijon CEDEX', 'PostalZone': '21035', 'Country': 'FRA'};222100018;True;DEPARTEMENT DE COTE D OR;Conseil Départemental de Côte d'Or (21);;;travaux;['Prix', 'Remise commerciale au vu du montant des commandes', 'Valeur technique au vu du mémoire'];['prix', 'prix', 'technique'];[40.0, 40.0, 20.0];360.0;True;16000000.0;False;"{'StreetName': ""Côte-d'Or"", 'CityName': 'Dijon', 'PostalZone': '21000', 'NUTS': 'FRC11', 'Country': 'FRA'}";hybride;;26-87545;;20000000.0;3200000.0;LOT-0001;45233141;100000000.0;15;8.0;;Entretien et aménagements mineurs de la voirie départementale;ouverte;0426entretienamenagementmineurs;3.0;;;False;True;False;100000000.0;7220.0;Département ;2 000  à  4 999;False;1981-06-23;84.11Z;2008;5710.0;SAS, société par actions simplifiée;250  à  499;False;<NA>;2008;F;42;42.1;42.11;42.11Z;1993-05-03;(47.335861, 5.100182);Saint-Apollinaire;Côte-d'Or;Bourgogne-Franche-Comté;(47.325068, 5.042539);Dijon;Côte-d'Or;Bourgogne-Franche-Comté;;;;;;;;
False;;;True;True;False;attribue;{'StreetName': '134 AV DE LA GARE', 'AdditionalStreetName': None, 'CityName': 'GEVREY-CHAMBERTIN', 'PostalZone': '21220', 'Country': 'FRA'};348899295;True;EUROVIA BOURGOGNE FRANCHE - COMTE;EUROVIA BFC Secteur d’Epoisses;2026-09-11;{'StreetName': '53 bis, Rue de la Préfecture\nCS 13501', 'AdditionalStreetName': None, 'CityName': 'Dijon CEDEX', 'PostalZone': '21035', 'Country': 'FRA'};222100018;True;DEPARTEMENT DE COTE D OR;Conseil Départemental de Côte d'Or (21);;;travaux;['Prix', 'Remise commerciale au vu du montant des commandes', 'Valeur technique au vu du mémoire'];['prix', 'prix', 'technique'];[40.0, 40.0, 20.0];360.0;True;16000000.0;False;"{'StreetName': ""Côte-d'Or"", 'CityName': 'Dijon', 'PostalZone': '21000', 'NUTS': 'FRC11', 'Country': 'FRA'}";hybride;;26-87545;;20000000.0;3200000.0;LOT-0001;45233141;100000000.0;15;8.0;;Entretien et aménagements mineurs de la voirie départementale;ouverte;0426entretienamenagementmineurs;3.0;;;False;True;False;100000000.0;7220.0;Département ;2 000  à  4 999;False;1981-06-23;84.11Z;2008;5710.0;SAS, société par actions simplifiée;500  à  999;False;<NA>;2008;F;42;42.1;42.11;42.11Z;1988-12-12;(47.228637, 4.999108);Gevrey-Chambertin;Côte-d'Or;Bourgogne-Franche-Comté;(47.325068, 5.042539);Dijon;Côte-d'Or;Bourgogne-Franche-Comté;;;;;;;;
False;;;True;True;False;attribue;{'StreetName': 'Rue Henri-Paul Schneider', 'AdditionalStreetName': None, 'CityName': 'MONTCHANIN', 'PostalZone': '71210', 'Country': 'FRA'};490921996;True;PASCAL GUINOT TRAVAUX PUBLICS;SAS Pascal GUINOT VRD;2026-09-11;{'StreetName': '53 bis, Rue de la Préfecture\nCS 13501', 'AdditionalStreetName': None, 'CityName': 'Dijon CEDEX', 'PostalZone': '21035', 'Country': 'FRA'};222100018;True;DEPARTEMENT DE COTE D OR;Conseil Départemental de Côte d'Or (21);;;travaux;['Prix', 'Remise commerciale au vu du montant des commandes', 'Valeur technique au vu du mémoire'];['prix', 'prix', 'technique'];[40.0, 40.0, 20.0];360.0;True;16000000.0;False;"{'StreetName': ""Côte-d'Or"", 'CityName': 'Dijon', 'PostalZone': '21000', 'NUTS': 'FRC11', 'Country': 'FRA'}";hybride;;26-87545;;20000000.0;3200000.0;LOT-0001;45233141;100000000.0;15;8.0;;Entretien et aménagements mineurs de la voirie départementale;ouverte;0426entretienamenagementmineurs;3.0;;;False;True;False;100000000.0;7220.0;Département ;2 000  à  4 999;False;1981-06-23;84.11Z;2008;5710.0;SAS, société par actions simplifiée;250  à  499;False;<NA>;2008;F;42;42.2;42.21;42.21Z;2006-07-05;(46.74232, 4.482488);Montchanin;Saône-et-Loire;Bourgogne-Franche-Comté;(47.325068, 5.042539);Dijon;Côte-d'Or;Bourgogne-Franche-Comté;;;;;;;;
False;;;True;True;False;attribue;{'StreetName': '88 ROUTE DE GRAY', 'AdditionalStreetName': 'BP 16', 'CityName': 'SAINT APOLLINAIRE', 'PostalZone': '21850', 'Country': 'FRA'};391338449;True;ENTREPRISE ROGER MARTIN;SAS ROGER MARTIN;2026-09-11;{'StreetName': '53 bis, Rue de la Préfecture\nCS 13501', 'AdditionalStreetName': None, 'CityName': 'Dijon CEDEX', 'PostalZone': '21035', 'Country': 'FRA'};222100018;True;DEPARTEMENT DE COTE D OR;Conseil Départemental de Côte d'Or (21);;;travaux;['Prix', 'Remise commerciale au vu du montant des commandes', 'Valeur technique au vu du mémoire'];['prix', 'prix', 'technique'];[40.0, 40.0, 20.0];360.0;True;16000000.0;False;"{'StreetName': ""Côte-d'Or"", 'CityName': 'Dijon', 'PostalZone': '21000', 'NUTS': 'FRC11', 'Country': 'FRA'}";hybride;;26-87545;;20000000.0;3200000.0;LOT-0001;45233141;100000000.0;15;8.0;;Entretien et aménagements mineurs de la voirie départementale;ouverte;0426entretienamenagementmineurs;3.0;;;False;True;False;100000000.0;7220.0;Département ;2 000  à  4 999;False;1981-06-23;84.11Z;2008;5710.0;SAS, société par actions simplifiée;250  à  499;False;<NA>;2008;F;42;42.1;42.11;42.11Z;1993-05-03;(47.335861, 5.100182);Saint-Apollinaire;Côte-d'Or;Bourgogne-Franche-Comté;(47.325068, 5.042539);Dijon;Côte-d'Or;Bourgogne-Franche-Comté;;;;;;;;
False;;;True;True;False;attribue;{'StreetName': '134 AV DE LA GARE', 'AdditionalStreetName': None, 'CityName': 'GEVREY-CHAMBERTIN', 'PostalZone': '21220', 'Country': 'FRA'};348899295;True;EUROVIA BOURGOGNE FRANCHE - COMTE;EUROVIA BFC Secteur d’Epoisses;2026-09-11;{'StreetName': '53 bis, Rue de la Préfecture\nCS 13501', 'AdditionalStreetName': None, 'CityName': 'Dijon CEDEX', 'PostalZone': '21035', 'Country': 'FRA'};222100018;True;DEPARTEMENT DE COTE D OR;Conseil Départemental de Côte d'Or (21);;;travaux;['Prix', 'Remise commerciale au vu du montant des commandes', 'Valeur technique au vu du mémoire'];['prix', 'prix', 'technique'];[40.0, 40.0, 20.0];360.0;True;16000000.0;False;"{'StreetName': ""Côte-d'Or"", 'CityName': 'Dijon', 'PostalZone': '21000', 'NUTS': 'FRC11', 'Country': 'FRA'}";hybride;;26-87545;;20000000.0;3200000.0;LOT-0001;45233141;100000000.0;15;8.0;;Entretien et aménagements mineurs de la voirie départementale;ouverte;0426entretienamenagementmineurs;3.0;;;False;True;False;100000000.0;7220.0;Département ;2 000  à  4 999;False;1981-06-23;84.11Z;2008;5710.0;SAS, société par actions simplifiée;500  à  999;False;<NA>;2008;F;42;42.1;42.11;42.11Z;1988-12-12;(47.228637, 4.999108);Gevrey-Chambertin;Côte-d'Or;Bourgogne-Franche-Comté;(47.325068, 5.042539);Dijon;Côte-d'Or;Bourgogne-Franche-Comté;;;;;;;;
False;;;True;True;False;attribue;{'StreetName': 'Rue Henri-Paul Schneider', 'AdditionalStreetName': None, 'CityName': 'MONTCHANIN', 'PostalZone': '71210', 'Country': 'FRA'};490921996;True;PASCAL GUINOT TRAVAUX PUBLICS;SAS Pascal GUINOT VRD;2026-09-11;{'StreetName': '53 bis, Rue de la Préfecture\nCS 13501', 'AdditionalStreetName': None, 'CityName': 'Dijon CEDEX', 'PostalZone': '21035', 'Country': 'FRA'};222100018;True;DEPARTEMENT DE COTE D OR;Conseil Départemental de Côte d'Or (21);;;travaux;['Prix', 'Remise commerciale au vu du montant des commandes', 'Valeur technique au vu du mémoire'];['prix', 'prix', 'technique'];[40.0, 40.0, 20.0];360.0;True;16000000.0;False;"{'StreetName': ""Côte-d'Or"", 'CityName': 'Dijon', 'PostalZone': '21000', 'NUTS': 'FRC11', 'Country': 'FRA'}";hybride;;26-87545;;20000000.0;3200000.0;LOT-0001;45233141;100000000.0;15;8.0;;Entretien et aménagements mineurs de la voirie départementale;ouverte;0426entretienamenagementmineurs;3.0;;;False;True;False;100000000.0;7220.0;Département ;2 000  à  4 999;False;1981-06-23;84.11Z;2008;5710.0;SAS, société par actions simplifiée;250  à  499;False;<NA>;2008;F;42;42.2;42.21;42.21Z;2006-07-05;(46.74232, 4.482488);Montchanin;Saône-et-Loire;Bourgogne-Franche-Comté;(47.325068, 5.042539);Dijon;Côte-d'Or;Bourgogne-Franche-Comté;;;;;;;;
False;;;True;True;False;attribue;{'StreetName': '88 ROUTE DE GRAY', 'AdditionalStreetName': 'BP 16', 'CityName': 'SAINT APOLLINAIRE', 'PostalZone': '21850', 'Country': 'FRA'};391338449;True;ENTREPRISE ROGER MARTIN;SAS ROGER MARTIN;2026-09-11;{'StreetName': '53 bis, Rue de la Préfecture\nCS 13501', 'AdditionalStreetName': None, 'CityName': 'Dijon CEDEX', 'PostalZone': '21035', 'Country': 'FRA'};222100018;True;DEPARTEMENT DE COTE D OR;Conseil Départemental de Côte d'Or (21);;;travaux;['Prix', 'Remise commerciale au vu du montant des commandes', 'Valeur technique au vu du mémoire'];['prix', 'prix', 'technique'];[40.0, 40.0, 20.0];360.0;True;16000000.0;False;"{'StreetName': ""Côte-d'Or"", 'CityName': 'Dijon', 'PostalZone': '21000', 'NUTS': 'FRC11', 'Country': 'FRA'}";hybride;;26-87545;;20000000.0;3200000.0;LOT-0001;45233141;100000000.0;15;8.0;;Entretien et aménagements mineurs de la voirie départementale;ouverte;0426entretienamenagementmineurs;3.0;;;False;True;False;100000000.0;7220.0;Département ;2 000  à  4 999;False;1981-06-23;84.11Z;2008;5710.0;SAS, société par actions simplifiée;250  à  499;False;<NA>;2008;F;42;42.1;42.11;42.11Z;1993-05-03;(47.335861, 5.100182);Saint-Apollinaire;Côte-d'Or;Bourgogne-Franche-Comté;(47.325068, 5.042539);Dijon;Côte-d'Or;Bourgogne-Franche-Comté;;;;;;;;
False;;;True;True;False;attribue;{'StreetName': '134 AV DE LA GARE', 'AdditionalStreetName': None, 'CityName': 'GEVREY-CHAMBERTIN', 'PostalZone': '21220', 'Country': 'FRA'};348899295;True;EUROVIA BOURGOGNE FRANCHE - COMTE;EUROVIA BFC Secteur d’Epoisses;2026-09-11;{'StreetName': '53 bis, Rue de la Préfecture\nCS 13501', 'AdditionalStreetName': None, 'CityName': 'Dijon CEDEX', 'PostalZone': '21035', 'Country': 'FRA'};222100018;True;DEPARTEMENT DE COTE D OR;Conseil Départemental de Côte d'Or (21);;;travaux;['Prix', 'Remise commerciale au vu du montant des commandes', 'Valeur technique au vu du mémoire'];['prix', 'prix', 'technique'];[40.0, 40.0, 20.0];360.0;True;16000000.0;False;"{'StreetName': ""Côte-d'Or"", 'CityName': 'Dijon', 'PostalZone': '21000', 'NUTS': 'FRC11', 'Country': 'FRA'}";hybride;;26-87545;;20000000.0;3200000.0;LOT-0001;45233141;100000000.0;15;8.0;;Entretien et aménagements mineurs de la voirie départementale;ouverte;0426entretienamenagementmineurs;3.0;;;False;True;False;100000000.0;7220.0;Département ;2 000  à  4 999;False;1981-06-23;84.11Z;2008;5710.0;SAS, société par actions simplifiée;500  à  999;False;<NA>;2008;F;42;42.1;42.11;42.11Z;1988-12-12;(47.228637, 4.999108);Gevrey-Chambertin;Côte-d'Or;Bourgogne-Franche-Comté;(47.325068, 5.042539);Dijon;Côte-d'Or;Bourgogne-Franche-Comté;;;;;;;;
False;;;True;True;False;attribue;{'StreetName': None, 'AdditionalStreetName': None, 'CityName': 'LONGVIC CEDEX', 'PostalZone': '21601', 'Country': 'FRA'};348899295;True;EUROVIA BOURGOGNE FRANCHE - COMTE;EUROVIA BOURGOGNE FRANCHE COMTE SAS;2026-09-11;{'StreetName': '53 bis, Rue de la Préfecture\nCS 13501', 'AdditionalStreetName': None, 'CityName': 'Dijon CEDEX', 'PostalZone': '21035', 'Country': 'FRA'};222100018;True;DEPARTEMENT DE COTE D OR;Conseil Départemental de Côte d'Or (21);;;travaux;['Prix', 'Remise commerciale au vu du montant des commandes', 'Valeur technique au vu du mémoire'];['prix', 'prix', 'technique'];[40.0, 40.0, 20.0];360.0;True;16000000.0;False;"{'StreetName': ""Côte-d'Or"", 'CityName': 'Dijon', 'PostalZone': '21000', 'NUTS': 'FRC11', 'Country': 'FRA'}";hybride;;26-87545;;20000000.0;3200000.0;LOT-0002;45233141;100000000.0;15;8.0;;Entretien et aménagements mineurs de la voirie départementale;ouverte;0426entretienamenagementmineurs;3.0;;;False;True;False;100000000.0;7220.0;Département ;2 000  à  4 999;False;1981-06-23;84.11Z;2008;5710.0;SAS, société par actions simplifiée;500  à  999;False;<NA>;2008;F;42;42.1;42.11;42.11Z;1988-12-12;;Longvic;Côte-d'Or;Bourgogne-Franche-Comté;(47.325068, 5.042539);Dijon;Côte-d'Or;Bourgogne-Franche-Comté;;;;;;;;
False;;;True;True;False;attribue;{'StreetName': '88 ROUTE DE GRAY', 'AdditionalStreetName': 'BP 16', 'CityName': 'SAINT APOLLINAIRE', 'PostalZone': '21850', 'Country': 'FRA'};391338449;True;ENTREPRISE ROGER MARTIN;SAS ROGER MARTIN;2026-09-11;{'StreetName': '53 bis, Rue de la Préfecture\nCS 13501', 'AdditionalStreetName': None, 'CityName': 'Dijon CEDEX', 'PostalZone': '21035', 'Country': 'FRA'};222100018;True;DEPARTEMENT DE COTE D OR;Conseil Départemental de Côte d'Or (21);;;travaux;['Prix', 'Remise commerciale au vu du montant des commandes', 'Valeur technique au vu du mémoire'];['prix', 'prix', 'technique'];[40.0, 40.0, 20.0];360.0;True;16000000.0;False;"{'StreetName': ""Côte-d'Or"", 'CityName': 'Dijon', 'PostalZone': '21000', 'NUTS': 'FRC11', 'Country': 'FRA'}";hybride;;26-87545;;20000000.0;3200000.0;LOT-0002;45233141;100000000.0;15;8.0;;Entretien et aménagements mineurs de la voirie départementale;ouverte;0426entretienamenagementmineurs;3.0;;;False;True;False;100000000.0;7220.0;Département ;2 000  à  4 999;False;1981-06-23;84.11Z;2008;5710.0;SAS, société par actions simplifiée;250  à  499;False;<NA>;2008;F;42;42.1;42.11;42.11Z;1993-05-03;(47.335861, 5.100182);Saint-Apollinaire;Côte-d'Or;Bourgogne-Franche-Comté;(47.325068, 5.042539);Dijon;Côte-d'Or;Bourgogne-Franche-Comté;;;;;;;;
False;;;True;True;False;attribue;{'StreetName': 'Rue Henri-Paul Schneider', 'AdditionalStreetName': None, 'CityName': 'MONTCHANIN', 'PostalZone': '71210', 'Country': 'FRA'};490921996;True;PASCAL GUINOT TRAVAUX PUBLICS;SAS Pascal GUINOT VRD;2026-09-11;{'StreetName': '53 bis, Rue de la Préfecture\nCS 13501', 'AdditionalStreetName': None, 'CityName': 'Dijon CEDEX', 'PostalZone': '21035', 'Country': 'FRA'};222100018;True;DEPARTEMENT DE COTE D OR;Conseil Départemental de Côte d'Or (21);;;travaux;['Prix', 'Remise commerciale au vu du montant des commandes', 'Valeur technique au vu du mémoire'];['prix', 'prix', 'technique'];[40.0, 40.0, 20.0];360.0;True;16000000.0;False;"{'StreetName': ""Côte-d'Or"", 'CityName': 'Dijon', 'PostalZone': '21000', 'NUTS': 'FRC11', 'Country': 'FRA'}";hybride;;26-87545;;20000000.0;3200000.0;LOT-0002;45233141;100000000.0;15;8.0;;Entretien et aménagements mineurs de la voirie départementale;ouverte;0426entretienamenagementmineurs;3.0;;;False;True;False;100000000.0;7220.0;Département ;2 000  à  4 999;False;1981-06-23;84.11Z;2008;5710.0;SAS, société par actions simplifiée;250  à  499;False;<NA>;2008;F;42;42.2;42.21;42.21Z;2006-07-05;(46.74232, 4.482488);Montchanin;Saône-et-Loire;Bourgogne-Franche-Comté;(47.325068, 5.042539);Dijon;Côte-d'Or;Bourgogne-Franche-Comté;;;;;;;;
False;;;True;True;False;attribue;{'StreetName': None, 'AdditionalStreetName': None, 'CityName': 'LONGVIC CEDEX', 'PostalZone': '21601', 'Country': 'FRA'};348899295;True;EUROVIA BOURGOGNE FRANCHE - COMTE;EUROVIA BOURGOGNE FRANCHE COMTE SAS;2026-09-11;{'StreetName': '53 bis, Rue de la Préfecture\nCS 13501', 'AdditionalStreetName': None, 'CityName': 'Dijon CEDEX', 'PostalZone': '21035', 'Country': 'FRA'};222100018;True;DEPARTEMENT DE COTE D OR;Conseil Départemental de Côte d'Or (21);;;travaux;['Prix', 'Remise commerciale au vu du montant des commandes', 'Valeur technique au vu du mémoire'];['prix', 'prix', 'technique'];[40.0, 40.0, 20.0];360.0;True;16000000.0;False;"{'StreetName': ""Côte-d'Or"", 'CityName': 'Dijon', 'PostalZone': '21000', 'NUTS': 'FRC11', 'Country': 'FRA'}";hybride;;26-87545;;20000000.0;3200000.0;LOT-0002;45233141;100000000.0;15;8.0;;Entretien et aménagements mineurs de la voirie départementale;ouverte;0426entretienamenagementmineurs;3.0;;;False;True;False;100000000.0;7220.0;Département ;2 000  à  4 999;False;1981-06-23;84.11Z;2008;5710.0;SAS, société par actions simplifiée;500  à  999;False;<NA>;2008;F;42;42.1;42.11;42.11Z;1988-12-12;;Longvic;Côte-d'Or;Bourgogne-Franche-Comté;(47.325068, 5.042539);Dijon;Côte-d'Or;Bourgogne-Franche-Comté;;;;;;;;
False;;;True;True;False;attribue;{'StreetName': '88 ROUTE DE GRAY', 'AdditionalStreetName': 'BP 16', 'CityName': 'SAINT APOLLINAIRE', 'PostalZone': '21850', 'Country': 'FRA'};391338449;True;ENTREPRISE ROGER MARTIN;SAS ROGER MARTIN;2026-09-11;{'StreetName': '53 bis, Rue de la Préfecture\nCS 13501', 'AdditionalStreetName': None, 'CityName': 'Dijon CEDEX', 'PostalZone': '21035', 'Country': 'FRA'};222100018;True;DEPARTEMENT DE COTE D OR;Conseil Départemental de Côte d'Or (21);;;travaux;['Prix', 'Remise commerciale au vu du montant des commandes', 'Valeur technique au vu du mémoire'];['prix', 'prix', 'technique'];[40.0, 40.0, 20.0];360.0;True;16000000.0;False;"{'StreetName': ""Côte-d'Or"", 'CityName': 'Dijon', 'PostalZone': '21000', 'NUTS': 'FRC11', 'Country': 'FRA'}";hybride;;26-87545;;20000000.0;3200000.0;LOT-0002;45233141;100000000.0;15;8.0;;Entretien et aménagements mineurs de la voirie départementale;ouverte;0426entretienamenagementmineurs;3.0;;;False;True;False;100000000.0;7220.0;Département ;2 000  à  4 999;False;1981-06-23;84.11Z;2008;5710.0;SAS, société par actions simplifiée;250  à  499;False;<NA>;2008;F;42;42.1;42.11;42.11Z;1993-05-03;(47.335861, 5.100182);Saint-Apollinaire;Côte-d'Or;Bourgogne-Franche-Comté;(47.325068, 5.042539);Dijon;Côte-d'Or;Bourgogne-Franche-Comté;;;;;;;;
False;;;True;True;False;attribue;{'StreetName': 'Rue Henri-Paul Schneider', 'AdditionalStreetName': None, 'CityName': 'MONTCHANIN', 'PostalZone': '71210', 'Country': 'FRA'};490921996;True;PASCAL GUINOT TRAVAUX PUBLICS;SAS Pascal GUINOT VRD;2026-09-11;{'StreetName': '53 bis, Rue de la Préfecture\nCS 13501', 'AdditionalStreetName': None, 'CityName': 'Dijon CEDEX', 'PostalZone': '21035', 'Country': 'FRA'};222100018;True;DEPARTEMENT DE COTE D OR;Conseil Départemental de Côte d'Or (21);;;travaux;['Prix', 'Remise commerciale au vu du montant des commandes', 'Valeur technique au vu du mémoire'];['prix', 'prix', 'technique'];[40.0, 40.0, 20.0];360.0;True;16000000.0;False;"{'StreetName': ""Côte-d'Or"", 'CityName': 'Dijon', 'PostalZone': '21000', 'NUTS': 'FRC11', 'Country': 'FRA'}";hybride;;26-87545;;20000000.0;3200000.0;LOT-0002;45233141;100000000.0;15;8.0;;Entretien et aménagements mineurs de la voirie départementale;ouverte;0426entretienamenagementmineurs;3.0;;;False;True;False;100000000.0;7220.0;Département ;2 000  à  4 999;False;1981-06-23;84.11Z;2008;5710.0;SAS, société par actions simplifiée;250  à  499;False;<NA>;2008;F;42;42.2;42.21;42.21Z;2006-07-05;(46.74232, 4.482488);Montchanin;Saône-et-Loire;Bourgogne-Franche-Comté;(47.325068, 5.042539);Dijon;Côte-d'Or;Bourgogne-Franche-Comté;;;;;;;;
False;;;True;True;False;attribue;{'StreetName': None, 'AdditionalStreetName': None, 'CityName': 'LONGVIC CEDEX', 'PostalZone': '21601', 'Country': 'FRA'};348899295;True;EUROVIA BOURGOGNE FRANCHE - COMTE;EUROVIA BOURGOGNE FRANCHE COMTE SAS;2026-09-11;{'StreetName': '53 bis, Rue de la Préfecture\nCS 13501', 'AdditionalStreetName': None, 'CityName': 'Dijon CEDEX', 'PostalZone': '21035', 'Country': 'FRA'};222100018;True;DEPARTEMENT DE COTE D OR;Conseil Départemental de Côte d'Or (21);;;travaux;['Prix', 'Remise commerciale au vu du montant des commandes', 'Valeur technique au vu du mémoire'];['prix', 'prix', 'technique'];[40.0, 40.0, 20.0];360.0;True;16000000.0;False;"{'StreetName': ""Côte-d'Or"", 'CityName': 'Dijon', 'PostalZone': '21000', 'NUTS': 'FRC11', 'Country': 'FRA'}";hybride;;26-87545;;20000000.0;3200000.0;LOT-0002;45233141;100000000.0;15;8.0;;Entretien et aménagements mineurs de la voirie départementale;ouverte;0426entretienamenagementmineurs;3.0;;;False;True;False;100000000.0;7220.0;Département ;2 000  à  4 999;False;1981-06-23;84.11Z;2008;5710.0;SAS, société par actions simplifiée;500  à  999;False;<NA>;2008;F;42;42.1;42.11;42.11Z;1988-12-12;;Longvic;Côte-d'Or;Bourgogne-Franche-Comté;(47.325068, 5.042539);Dijon;Côte-d'Or;Bourgogne-Franche-Comté;;;;;;;;
False;;;True;True;False;attribue;{'StreetName': '88 ROUTE DE GRAY', 'AdditionalStreetName': 'BP 16', 'CityName': 'SAINT APOLLINAIRE', 'PostalZone': '21850', 'Country': 'FRA'};391338449;True;ENTREPRISE ROGER MARTIN;SAS ROGER MARTIN;2026-09-11;{'StreetName': '53 bis, Rue de la Préfecture\nCS 13501', 'AdditionalStreetName': None, 'CityName': 'Dijon CEDEX', 'PostalZone': '21035', 'Country': 'FRA'};222100018;True;DEPARTEMENT DE COTE D OR;Conseil Départemental de Côte d'Or (21);;;travaux;['Prix', 'Remise commerciale au vu du montant des commandes', 'Valeur technique au vu du mémoire'];['prix', 'prix', 'technique'];[40.0, 40.0, 20.0];360.0;True;16000000.0;False;"{'StreetName': ""Côte-d'Or"", 'CityName': 'Dijon', 'PostalZone': '21000', 'NUTS': 'FRC11', 'Country': 'FRA'}";hybride;;26-87545;;20000000.0;3200000.0;LOT-0002;45233141;100000000.0;15;8.0;;Entretien et aménagements mineurs de la voirie départementale;ouverte;0426entretienamenagementmineurs;3.0;;;False;True;False;100000000.0;7220.0;Département ;2 000  à  4 999;False;1981-06-23;84.11Z;2008;5710.0;SAS, société par actions simplifiée;250  à  499;False;<NA>;2008;F;42;42.1;42.11;42.11Z;1993-05-03;(47.335861, 5.100182);Saint-Apollinaire;Côte-d'Or;Bourgogne-Franche-Comté;(47.325068, 5.042539);Dijon;Côte-d'Or;Bourgogne-Franche-Comté;;;;;;;;
False;;;True;True;False;attribue;{'StreetName': 'Rue Henri-Paul Schneider', 'AdditionalStreetName': None, 'CityName': 'MONTCHANIN', 'PostalZone': '71210', 'Country': 'FRA'};490921996;True;PASCAL GUINOT TRAVAUX PUBLICS;SAS Pascal GUINOT VRD;2026-09-11;{'StreetName': '53 bis, Rue de la Préfecture\nCS 13501', 'AdditionalStreetName': None, 'CityName': 'Dijon CEDEX', 'PostalZone': '21035', 'Country': 'FRA'};222100018;True;DEPARTEMENT DE COTE D OR;Conseil Départemental de Côte d'Or (21);;;travaux;['Prix', 'Remise commerciale au vu du montant des commandes', 'Valeur technique au vu du mémoire'];['prix', 'prix', 'technique'];[40.0, 40.0, 20.0];360.0;True;16000000.0;False;"{'StreetName': ""Côte-d'Or"", 'CityName': 'Dijon', 'PostalZone': '21000', 'NUTS': 'FRC11', 'Country': 'FRA'}";hybride;;26-87545;;20000000.0;3200000.0;LOT-0002;45233141;100000000.0;15;8.0;;Entretien et aménagements mineurs de la voirie départementale;ouverte;0426entretienamenagementmineurs;3.0;;;False;True;False;100000000.0;7220.0;Département ;2 000  à  4 999;False;1981-06-23;84.11Z;2008;5710.0;SAS, société par actions simplifiée;250  à  499;False;<NA>;2008;F;42;42.2;42.21;42.21Z;2006-07-05;(46.74232, 4.482488);Montchanin;Saône-et-Loire;Bourgogne-Franche-Comté;(47.325068, 5.042539);Dijon;Côte-d'Or;Bourgogne-Franche-Comté;;;;;;;;
False;;;True;True;False;attribue;{'StreetName': '88 ROUTE DE GRAY', 'AdditionalStreetName': 'BP 16', 'CityName': 'SAINT APOLLINAIRE', 'PostalZone': '21850', 'Country': 'FRA'};391338449;True;ENTREPRISE ROGER MARTIN;SAS ROGER MARTIN;2026-09-11;{'StreetName': '53 bis, Rue de la Préfecture\nCS 13501', 'AdditionalStreetName': None, 'CityName': 'Dijon CEDEX', 'PostalZone': '21035', 'Country': 'FRA'};222100018;True;DEPARTEMENT DE COTE D OR;Conseil Départemental de Côte d'Or (21);;;travaux;['Prix', 'Remise commerciale au vu du montant des commandes', 'Valeur technique au vu du mémoire'];['prix', 'prix', 'technique'];[40.0, 40.0, 20.0];360.0;True;16000000.0;False;"{'StreetName': ""Côte-d'Or"", 'CityName': 'Dijon', 'PostalZone': '21000', 'NUTS': 'FRC11', 'Country': 'FRA'}";hybride;;26-87545;;20000000.0;3200000.0;LOT-0003;45233141;100000000.0;15;8.0;;Entretien et aménagements mineurs de la voirie départementale;ouverte;0426entretienamenagementmineurs;3.0;;;False;True;False;100000000.0;7220.0;Département ;2 000  à  4 999;False;1981-06-23;84.11Z;2008;5710.0;SAS, société par actions simplifiée;250  à  499;False;<NA>;2008;F;42;42.1;42.11;42.11Z;1993-05-03;(47.335861, 5.100182);Saint-Apollinaire;Côte-d'Or;Bourgogne-Franche-Comté;(47.325068, 5.042539);Dijon;Côte-d'Or;Bourgogne-Franche-Comté;;;;;;;;
False;;;True;True;False;attribue;{'StreetName': '134 AV DE LA GARE', 'AdditionalStreetName': None, 'CityName': 'GEVREY-CHAMBERTIN', 'PostalZone': '21220', 'Country': 'FRA'};348899295;True;EUROVIA BOURGOGNE FRANCHE - COMTE;EUROVIA BFC Secteur d’Epoisses;2026-09-11;{'StreetName': '53 bis, Rue de la Préfecture\nCS 13501', 'AdditionalStreetName': None, 'CityName': 'Dijon CEDEX', 'PostalZone': '21035', 'Country': 'FRA'};222100018;True;DEPARTEMENT DE COTE D OR;Conseil Départemental de Côte d'Or (21);;;travaux;['Prix', 'Remise commerciale au vu du montant des commandes', 'Valeur technique au vu du mémoire'];['prix', 'prix', 'technique'];[40.0, 40.0, 20.0];360.0;True;16000000.0;False;"{'StreetName': ""Côte-d'Or"", 'CityName': 'Dijon', 'PostalZone': '21000', 'NUTS': 'FRC11', 'Country': 'FRA'}";hybride;;26-87545;;20000000.0;3200000.0;LOT-0003;45233141;100000000.0;15;8.0;;Entretien et aménagements mineurs de la voirie départementale;ouverte;0426entretienamenagementmineurs;3.0;;;False;True;False;100000000.0;7220.0;Département ;2 000  à  4 999;False;1981-06-23;84.11Z;2008;5710.0;SAS, société par actions simplifiée;500  à  999;False;<NA>;2008;F;42;42.1;42.11;42.11Z;1988-12-12;(47.228637, 4.999108);Gevrey-Chambertin;Côte-d'Or;Bourgogne-Franche-Comté;(47.325068, 5.042539);Dijon;Côte-d'Or;Bourgogne-Franche-Comté;;;;;;;;
False;;;True;True;False;attribue;{'StreetName': '10 BOULEVARD EIFFEL BP 58', 'AdditionalStreetName': None, 'CityName': 'LONVIC', 'PostalZone': '21600', 'Country': 'FRA'};329338883;True;COLAS FRANCE;COLAS FRANCE;2026-09-11;{'StreetName': '53 bis, Rue de la Préfecture\nCS 13501', 'AdditionalStreetName': None, 'CityName': 'Dijon CEDEX', 'PostalZone': '21035', 'Country': 'FRA'};222100018;True;DEPARTEMENT DE COTE D OR;Conseil Départemental de Côte d'Or (21);;;travaux;['Prix', 'Remise commerciale au vu du montant des commandes', 'Valeur technique au vu du mémoire'];['prix', 'prix', 'technique'];[40.0, 40.0, 20.0];360.0;True;16000000.0;False;"{'StreetName': ""Côte-d'Or"", 'CityName': 'Dijon', 'PostalZone': '21000', 'NUTS': 'FRC11', 'Country': 'FRA'}";hybride;;26-87545;;20000000.0;3200000.0;LOT-0003;45233141;100000000.0;15;8.0;;Entretien et aménagements mineurs de la voirie départementale;ouverte;0426entretienamenagementmineurs;3.0;;;False;True;False;100000000.0;7220.0;Département ;2 000  à  4 999;False;1981-06-23;84.11Z;2008;5710.0;SAS, société par actions simplifiée;10 000  et plus ;False;False;2008;F;42;42.1;42.11;42.11Z;1984-01-01;(47.278848, 5.055304);Longvic;Côte-d'Or;Bourgogne-Franche-Comté;(47.325068, 5.042539);Dijon;Côte-d'Or;Bourgogne-Franche-Comté;;;;;;;;
False;;;True;True;False;attribue;{'StreetName': '88 ROUTE DE GRAY', 'AdditionalStreetName': 'BP 16', 'CityName': 'SAINT APOLLINAIRE', 'PostalZone': '21850', 'Country': 'FRA'};391338449;True;ENTREPRISE ROGER MARTIN;SAS ROGER MARTIN;2026-09-11;{'StreetName': '53 bis, Rue de la Préfecture\nCS 13501', 'AdditionalStreetName': None, 'CityName': 'Dijon CEDEX', 'PostalZone': '21035', 'Country': 'FRA'};222100018;True;DEPARTEMENT DE COTE D OR;Conseil Départemental de Côte d'Or (21);;;travaux;['Prix', 'Remise commerciale au vu du montant des commandes', 'Valeur technique au vu du mémoire'];['prix', 'prix', 'technique'];[40.0, 40.0, 20.0];360.0;True;16000000.0;False;"{'StreetName': ""Côte-d'Or"", 'CityName': 'Dijon', 'PostalZone': '21000', 'NUTS': 'FRC11', 'Country': 'FRA'}";hybride;;26-87545;;20000000.0;3200000.0;LOT-0003;45233141;100000000.0;15;8.0;;Entretien et aménagements mineurs de la voirie départementale;ouverte;0426entretienamenagementmineurs;3.0;;;False;True;False;100000000.0;7220.0;Département ;2 000  à  4 999;False;1981-06-23;84.11Z;2008;5710.0;SAS, société par actions simplifiée;250  à  499;False;<NA>;2008;F;42;42.1;42.11;42.11Z;1993-05-03;(47.335861, 5.100182);Saint-Apollinaire;Côte-d'Or;Bourgogne-Franche-Comté;(47.325068, 5.042539);Dijon;Côte-d'Or;Bourgogne-Franche-Comté;;;;;;;;
False;;;True;True;False;attribue;{'StreetName': '134 AV DE LA GARE', 'AdditionalStreetName': None, 'CityName': 'GEVREY-CHAMBERTIN', 'PostalZone': '21220', 'Country': 'FRA'};348899295;True;EUROVIA BOURGOGNE FRANCHE - COMTE;EUROVIA BFC Secteur d’Epoisses;2026-09-11;{'StreetName': '53 bis, Rue de la Préfecture\nCS 13501', 'AdditionalStreetName': None, 'CityName': 'Dijon CEDEX', 'PostalZone': '21035', 'Country': 'FRA'};222100018;True;DEPARTEMENT DE COTE D OR;Conseil Départemental de Côte d'Or (21);;;travaux;['Prix', 'Remise commerciale au vu du montant des commandes', 'Valeur technique au vu du mémoire'];['prix', 'prix', 'technique'];[40.0, 40.0, 20.0];360.0;True;16000000.0;False;"{'StreetName': ""Côte-d'Or"", 'CityName': 'Dijon', 'PostalZone': '21000', 'NUTS': 'FRC11', 'Country': 'FRA'}";hybride;;26-87545;;20000000.0;3200000.0;LOT-0003;45233141;100000000.0;15;8.0;;Entretien et aménagements mineurs de la voirie départementale;ouverte;0426entretienamenagementmineurs;3.0;;;False;True;False;100000000.0;7220.0;Département ;2 000  à  4 999;False;1981-06-23;84.11Z;2008;5710.0;SAS, société par actions simplifiée;500  à  999;False;<NA>;2008;F;42;42.1;42.11;42.11Z;1988-12-12;(47.228637, 4.999108);Gevrey-Chambertin;Côte-d'Or;Bourgogne-Franche-Comté;(47.325068, 5.042539);Dijon;Côte-d'Or;Bourgogne-Franche-Comté;;;;;;;;
False;;;True;True;False;attribue;{'StreetName': '10 BOULEVARD EIFFEL BP 58', 'AdditionalStreetName': None, 'CityName': 'LONVIC', 'PostalZone': '21600', 'Country': 'FRA'};329338883;True;COLAS FRANCE;COLAS FRANCE;2026-09-11;{'StreetName': '53 bis, Rue de la Préfecture\nCS 13501', 'AdditionalStreetName': None, 'CityName': 'Dijon CEDEX', 'PostalZone': '21035', 'Country': 'FRA'};222100018;True;DEPARTEMENT DE COTE D OR;Conseil Départemental de Côte d'Or (21);;;travaux;['Prix', 'Remise commerciale au vu du montant des commandes', 'Valeur technique au vu du mémoire'];['prix', 'prix', 'technique'];[40.0, 40.0, 20.0];360.0;True;16000000.0;False;"{'StreetName': ""Côte-d'Or"", 'CityName': 'Dijon', 'PostalZone': '21000', 'NUTS': 'FRC11', 'Country': 'FRA'}";hybride;;26-87545;;20000000.0;3200000.0;LOT-0003;45233141;100000000.0;15;8.0;;Entretien et aménagements mineurs de la voirie départementale;ouverte;0426entretienamenagementmineurs;3.0;;;False;True;False;100000000.0;7220.0;Département ;2 000  à  4 999;False;1981-06-23;84.11Z;2008;5710.0;SAS, société par actions simplifiée;10 000  et plus ;False;False;2008;F;42;42.1;42.11;42.11Z;1984-01-01;(47.278848, 5.055304);Longvic;Côte-d'Or;Bourgogne-Franche-Comté;(47.325068, 5.042539);Dijon;Côte-d'Or;Bourgogne-Franche-Comté;;;;;;;;
False;;;True;True;False;attribue;{'StreetName': '88 ROUTE DE GRAY', 'AdditionalStreetName': 'BP 16', 'CityName': 'SAINT APOLLINAIRE', 'PostalZone': '21850', 'Country': 'FRA'};391338449;True;ENTREPRISE ROGER MARTIN;SAS ROGER MARTIN;2026-09-11;{'StreetName': '53 bis, Rue de la Préfecture\nCS 13501', 'AdditionalStreetName': None, 'CityName': 'Dijon CEDEX', 'PostalZone': '21035', 'Country': 'FRA'};222100018;True;DEPARTEMENT DE COTE D OR;Conseil Départemental de Côte d'Or (21);;;travaux;['Prix', 'Remise commerciale au vu du montant des commandes', 'Valeur technique au vu du mémoire'];['prix', 'prix', 'technique'];[40.0, 40.0, 20.0];360.0;True;16000000.0;False;"{'StreetName': ""Côte-d'Or"", 'CityName': 'Dijon', 'PostalZone': '21000', 'NUTS': 'FRC11', 'Country': 'FRA'}";hybride;;26-87545;;20000000.0;3200000.0;LOT-0003;45233141;100000000.0;15;8.0;;Entretien et aménagements mineurs de la voirie départementale;ouverte;0426entretienamenagementmineurs;3.0;;;False;True;False;100000000.0;7220.0;Département ;2 000  à  4 999;False;1981-06-23;84.11Z;2008;5710.0;SAS, société par actions simplifiée;250  à  499;False;<NA>;2008;F;42;42.1;42.11;42.11Z;1993-05-03;(47.335861, 5.100182);Saint-Apollinaire;Côte-d'Or;Bourgogne-Franche-Comté;(47.325068, 5.042539);Dijon;Côte-d'Or;Bourgogne-Franche-Comté;;;;;;;;
False;;;True;True;False;attribue;{'StreetName': '134 AV DE LA GARE', 'AdditionalStreetName': None, 'CityName': 'GEVREY-CHAMBERTIN', 'PostalZone': '21220', 'Country': 'FRA'};348899295;True;EUROVIA BOURGOGNE FRANCHE - COMTE;EUROVIA BFC Secteur d’Epoisses;2026-09-11;{'StreetName': '53 bis, Rue de la Préfecture\nCS 13501', 'AdditionalStreetName': None, 'CityName': 'Dijon CEDEX', 'PostalZone': '21035', 'Country': 'FRA'};222100018;True;DEPARTEMENT DE COTE D OR;Conseil Départemental de Côte d'Or (21);;;travaux;['Prix', 'Remise commerciale au vu du montant des commandes', 'Valeur technique au vu du mémoire'];['prix', 'prix', 'technique'];[40.0, 40.0, 20.0];360.0;True;16000000.0;False;"{'StreetName': ""Côte-d'Or"", 'CityName': 'Dijon', 'PostalZone': '21000', 'NUTS': 'FRC11', 'Country': 'FRA'}";hybride;;26-87545;;20000000.0;3200000.0;LOT-0003;45233141;100000000.0;15;8.0;;Entretien et aménagements mineurs de la voirie départementale;ouverte;0426entretienamenagementmineurs;3.0;;;False;True;False;100000000.0;7220.0;Département ;2 000  à  4 999;False;1981-06-23;84.11Z;2008;5710.0;SAS, société par actions simplifiée;500  à  999;False;<NA>;2008;F;42;42.1;42.11;42.11Z;1988-12-12;(47.228637, 4.999108);Gevrey-Chambertin;Côte-d'Or;Bourgogne-Franche-Comté;(47.325068, 5.042539);Dijon;Côte-d'Or;Bourgogne-Franche-Comté;;;;;;;;
False;;;True;True;False;attribue;{'StreetName': '10 BOULEVARD EIFFEL BP 58', 'AdditionalStreetName': None, 'CityName': 'LONVIC', 'PostalZone': '21600', 'Country': 'FRA'};329338883;True;COLAS FRANCE;COLAS FRANCE;2026-09-11;{'StreetName': '53 bis, Rue de la Préfecture\nCS 13501', 'AdditionalStreetName': None, 'CityName': 'Dijon CEDEX', 'PostalZone': '21035', 'Country': 'FRA'};222100018;True;DEPARTEMENT DE COTE D OR;Conseil Départemental de Côte d'Or (21);;;travaux;['Prix', 'Remise commerciale au vu du montant des commandes', 'Valeur technique au vu du mémoire'];['prix', 'prix', 'technique'];[40.0, 40.0, 20.0];360.0;True;16000000.0;False;"{'StreetName': ""Côte-d'Or"", 'CityName': 'Dijon', 'PostalZone': '21000', 'NUTS': 'FRC11', 'Country': 'FRA'}";hybride;;26-87545;;20000000.0;3200000.0;LOT-0003;45233141;100000000.0;15;8.0;;Entretien et aménagements mineurs de la voirie départementale;ouverte;0426entretienamenagementmineurs;3.0;;;False;True;False;100000000.0;7220.0;Département ;2 000  à  4 999;False;1981-06-23;84.11Z;2008;5710.0;SAS, société par actions simplifiée;10 000  et plus ;False;False;2008;F;42;42.1;42.11;42.11Z;1984-01-01;(47.278848, 5.055304);Longvic;Côte-d'Or;Bourgogne-Franche-Comté;(47.325068, 5.042539);Dijon;Côte-d'Or;Bourgogne-Franche-Comté;;;;;;;;
False;;;True;True;False;attribue;{'StreetName': '88 ROUTE DE GRAY', 'AdditionalStreetName': 'BP 16', 'CityName': 'SAINT APOLLINAIRE', 'PostalZone': '21850', 'Country': 'FRA'};391338449;True;ENTREPRISE ROGER MARTIN;SAS ROGER MARTIN;2026-09-11;{'StreetName': '53 bis, Rue de la Préfecture\nCS 13501', 'AdditionalStreetName': None, 'CityName': 'Dijon CEDEX', 'PostalZone': '21035', 'Country': 'FRA'};222100018;True;DEPARTEMENT DE COTE D OR;Conseil Départemental de Côte d'Or (21);;;travaux;['Prix', 'Remise commerciale au vu du montant des commandes', 'Valeur technique au vu du mémoire'];['prix', 'prix', 'technique'];[40.0, 40.0, 20.0];360.0;True;16000000.0;False;"{'StreetName': ""Côte-d'Or"", 'CityName': 'Dijon', 'PostalZone': '21000', 'NUTS': 'FRC11', 'Country': 'FRA'}";hybride;;26-87545;;20000000.0;3200000.0;LOT-0004;45233141;100000000.0;15;8.0;;Entretien et aménagements mineurs de la voirie départementale;ouverte;0426entretienamenagementmineurs;3.0;;;False;True;False;100000000.0;7220.0;Département ;2 000  à  4 999;False;1981-06-23;84.11Z;2008;5710.0;SAS, société par actions simplifiée;250  à  499;False;<NA>;2008;F;42;42.1;42.11;42.11Z;1993-05-03;(47.335861, 5.100182);Saint-Apollinaire;Côte-d'Or;Bourgogne-Franche-Comté;(47.325068, 5.042539);Dijon;Côte-d'Or;Bourgogne-Franche-Comté;;;;;;;;
False;;;True;True;False;attribue;{'StreetName': 'Rue Henri-Paul Schneider', 'AdditionalStreetName': None, 'CityName': 'MONTCHANIN', 'PostalZone': '71210', 'Country': 'FRA'};490921996;True;PASCAL GUINOT TRAVAUX PUBLICS;SAS Pascal GUINOT VRD;2026-09-11;{'StreetName': '53 bis, Rue de la Préfecture\nCS 13501', 'AdditionalStreetName': None, 'CityName': 'Dijon CEDEX', 'PostalZone': '21035', 'Country': 'FRA'};222100018;True;DEPARTEMENT DE COTE D OR;Conseil Départemental de Côte d'Or (21);;;travaux;['Prix', 'Remise commerciale au vu du montant des commandes', 'Valeur technique au vu du mémoire'];['prix', 'prix', 'technique'];[40.0, 40.0, 20.0];360.0;True;16000000.0;False;"{'StreetName': ""Côte-d'Or"", 'CityName': 'Dijon', 'PostalZone': '21000', 'NUTS': 'FRC11', 'Country': 'FRA'}";hybride;;26-87545;;20000000.0;3200000.0;LOT-0004;45233141;100000000.0;15;8.0;;Entretien et aménagements mineurs de la voirie départementale;ouverte;0426entretienamenagementmineurs;3.0;;;False;True;False;100000000.0;7220.0;Département ;2 000  à  4 999;False;1981-06-23;84.11Z;2008;5710.0;SAS, société par actions simplifiée;250  à  499;False;<NA>;2008;F;42;42.2;42.21;42.21Z;2006-07-05;(46.74232, 4.482488);Montchanin;Saône-et-Loire;Bourgogne-Franche-Comté;(47.325068, 5.042539);Dijon;Côte-d'Or;Bourgogne-Franche-Comté;;;;;;;;
False;;;True;True;False;attribue;{'StreetName': None, 'AdditionalStreetName': None, 'CityName': 'LONGVIC CEDEX', 'PostalZone': '21601', 'Country': 'FRA'};348899295;True;EUROVIA BOURGOGNE FRANCHE - COMTE;EUROVIA BOURGOGNE FRANCHE COMTE SAS;2026-09-11;{'StreetName': '53 bis, Rue de la Préfecture\nCS 13501', 'AdditionalStreetName': None, 'CityName': 'Dijon CEDEX', 'PostalZone': '21035', 'Country': 'FRA'};222100018;True;DEPARTEMENT DE COTE D OR;Conseil Départemental de Côte d'Or (21);;;travaux;['Prix', 'Remise commerciale au vu du montant des commandes', 'Valeur technique au vu du mémoire'];['prix', 'prix', 'technique'];[40.0, 40.0, 20.0];360.0;True;16000000.0;False;"{'StreetName': ""Côte-d'Or"", 'CityName': 'Dijon', 'PostalZone': '21000', 'NUTS': 'FRC11', 'Country': 'FRA'}";hybride;;26-87545;;20000000.0;3200000.0;LOT-0004;45233141;100000000.0;15;8.0;;Entretien et aménagements mineurs de la voirie départementale;ouverte;0426entretienamenagementmineurs;3.0;;;False;True;False;100000000.0;7220.0;Département ;2 000  à  4 999;False;1981-06-23;84.11Z;2008;5710.0;SAS, société par actions simplifiée;500  à  999;False;<NA>;2008;F;42;42.1;42.11;42.11Z;1988-12-12;;Longvic;Côte-d'Or;Bourgogne-Franche-Comté;(47.325068, 5.042539);Dijon;Côte-d'Or;Bourgogne-Franche-Comté;;;;;;;;
False;;;True;True;False;attribue;{'StreetName': '88 ROUTE DE GRAY', 'AdditionalStreetName': 'BP 16', 'CityName': 'SAINT APOLLINAIRE', 'PostalZone': '21850', 'Country': 'FRA'};391338449;True;ENTREPRISE ROGER MARTIN;SAS ROGER MARTIN;2026-09-11;{'StreetName': '53 bis, Rue de la Préfecture\nCS 13501', 'AdditionalStreetName': None, 'CityName': 'Dijon CEDEX', 'PostalZone': '21035', 'Country': 'FRA'};222100018;True;DEPARTEMENT DE COTE D OR;Conseil Départemental de Côte d'Or (21);;;travaux;['Prix', 'Remise commerciale au vu du montant des commandes', 'Valeur technique au vu du mémoire'];['prix', 'prix', 'technique'];[40.0, 40.0, 20.0];360.0;True;16000000.0;False;"{'StreetName': ""Côte-d'Or"", 'CityName': 'Dijon', 'PostalZone': '21000', 'NUTS': 'FRC11', 'Country': 'FRA'}";hybride;;26-87545;;20000000.0;3200000.0;LOT-0004;45233141;100000000.0;15;8.0;;Entretien et aménagements mineurs de la voirie départementale;ouverte;0426entretienamenagementmineurs;3.0;;;False;True;False;100000000.0;7220.0;Département ;2 000  à  4 999;False;1981-06-23;84.11Z;2008;5710.0;SAS, société par actions simplifiée;250  à  499;False;<NA>;2008;F;42;42.1;42.11;42.11Z;1993-05-03;(47.335861, 5.100182);Saint-Apollinaire;Côte-d'Or;Bourgogne-Franche-Comté;(47.325068, 5.042539);Dijon;Côte-d'Or;Bourgogne-Franche-Comté;;;;;;;;
False;;;True;True;False;attribue;{'StreetName': 'Rue Henri-Paul Schneider', 'AdditionalStreetName': None, 'CityName': 'MONTCHANIN', 'PostalZone': '71210', 'Country': 'FRA'};490921996;True;PASCAL GUINOT TRAVAUX PUBLICS;SAS Pascal GUINOT VRD;2026-09-11;{'StreetName': '53 bis, Rue de la Préfecture\nCS 13501', 'AdditionalStreetName': None, 'CityName': 'Dijon CEDEX', 'PostalZone': '21035', 'Country': 'FRA'};222100018;True;DEPARTEMENT DE COTE D OR;Conseil Départemental de Côte d'Or (21);;;travaux;['Prix', 'Remise commerciale au vu du montant des commandes', 'Valeur technique au vu du mémoire'];['prix', 'prix', 'technique'];[40.0, 40.0, 20.0];360.0;True;16000000.0;False;"{'StreetName': ""Côte-d'Or"", 'CityName': 'Dijon', 'PostalZone': '21000', 'NUTS': 'FRC11', 'Country': 'FRA'}";hybride;;26-87545;;20000000.0;3200000.0;LOT-0004;45233141;100000000.0;15;8.0;;Entretien et aménagements mineurs de la voirie départementale;ouverte;0426entretienamenagementmineurs;3.0;;;False;True;False;100000000.0;7220.0;Département ;2 000  à  4 999;False;1981-06-23;84.11Z;2008;5710.0;SAS, société par actions simplifiée;250  à  499;False;<NA>;2008;F;42;42.2;42.21;42.21Z;2006-07-05;(46.74232, 4.482488);Montchanin;Saône-et-Loire;Bourgogne-Franche-Comté;(47.325068, 5.042539);Dijon;Côte-d'Or;Bourgogne-Franche-Comté;;;;;;;;
False;;;True;True;False;attribue;{'StreetName': None, 'AdditionalStreetName': None, 'CityName': 'LONGVIC CEDEX', 'PostalZone': '21601', 'Country': 'FRA'};348899295;True;EUROVIA BOURGOGNE FRANCHE - COMTE;EUROVIA BOURGOGNE FRANCHE COMTE SAS;2026-09-11;{'StreetName': '53 bis, Rue de la Préfecture\nCS 13501', 'AdditionalStreetName': None, 'CityName': 'Dijon CEDEX', 'PostalZone': '21035', 'Country': 'FRA'};222100018;True;DEPARTEMENT DE COTE D OR;Conseil Départemental de Côte d'Or (21);;;travaux;['Prix', 'Remise commerciale au vu du montant des commandes', 'Valeur technique au vu du mémoire'];['prix', 'prix', 'technique'];[40.0, 40.0, 20.0];360.0;True;16000000.0;False;"{'StreetName': ""Côte-d'Or"", 'CityName': 'Dijon', 'PostalZone': '21000', 'NUTS': 'FRC11', 'Country': 'FRA'}";hybride;;26-87545;;20000000.0;3200000.0;LOT-0004;45233141;100000000.0;15;8.0;;Entretien et aménagements mineurs de la voirie départementale;ouverte;0426entretienamenagementmineurs;3.0;;;False;True;False;100000000.0;7220.0;Département ;2 000  à  4 999;False;1981-06-23;84.11Z;2008;5710.0;SAS, société par actions simplifiée;500  à  999;False;<NA>;2008;F;42;42.1;42.11;42.11Z;1988-12-12;;Longvic;Côte-d'Or;Bourgogne-Franche-Comté;(47.325068, 5.042539);Dijon;Côte-d'Or;Bourgogne-Franche-Comté;;;;;;;;
False;;;True;True;False;attribue;{'StreetName': '88 ROUTE DE GRAY', 'AdditionalStreetName': 'BP 16', 'CityName': 'SAINT APOLLINAIRE', 'PostalZone': '21850', 'Country': 'FRA'};391338449;True;ENTREPRISE ROGER MARTIN;SAS ROGER MARTIN;2026-09-11;{'StreetName': '53 bis, Rue de la Préfecture\nCS 13501', 'AdditionalStreetName': None, 'CityName': 'Dijon CEDEX', 'PostalZone': '21035', 'Country': 'FRA'};222100018;True;DEPARTEMENT DE COTE D OR;Conseil Départemental de Côte d'Or (21);;;travaux;['Prix', 'Remise commerciale au vu du montant des commandes', 'Valeur technique au vu du mémoire'];['prix', 'prix', 'technique'];[40.0, 40.0, 20.0];360.0;True;16000000.0;False;"{'StreetName': ""Côte-d'Or"", 'CityName': 'Dijon', 'PostalZone': '21000', 'NUTS': 'FRC11', 'Country': 'FRA'}";hybride;;26-87545;;20000000.0;3200000.0;LOT-0004;45233141;100000000.0;15;8.0;;Entretien et aménagements mineurs de la voirie départementale;ouverte;0426entretienamenagementmineurs;3.0;;;False;True;False;100000000.0;7220.0;Département ;2 000  à  4 999;False;1981-06-23;84.11Z;2008;5710.0;SAS, société par actions simplifiée;250  à  499;False;<NA>;2008;F;42;42.1;42.11;42.11Z;1993-05-03;(47.335861, 5.100182);Saint-Apollinaire;Côte-d'Or;Bourgogne-Franche-Comté;(47.325068, 5.042539);Dijon;Côte-d'Or;Bourgogne-Franche-Comté;;;;;;;;
False;;;True;True;False;attribue;{'StreetName': 'Rue Henri-Paul Schneider', 'AdditionalStreetName': None, 'CityName': 'MONTCHANIN', 'PostalZone': '71210', 'Country': 'FRA'};490921996;True;PASCAL GUINOT TRAVAUX PUBLICS;SAS Pascal GUINOT VRD;2026-09-11;{'StreetName': '53 bis, Rue de la Préfecture\nCS 13501', 'AdditionalStreetName': None, 'CityName': 'Dijon CEDEX', 'PostalZone': '21035', 'Country': 'FRA'};222100018;True;DEPARTEMENT DE COTE D OR;Conseil Départemental de Côte d'Or (21);;;travaux;['Prix', 'Remise commerciale au vu du montant des commandes', 'Valeur technique au vu du mémoire'];['prix', 'prix', 'technique'];[40.0, 40.0, 20.0];360.0;True;16000000.0;False;"{'StreetName': ""Côte-d'Or"", 'CityName': 'Dijon', 'PostalZone': '21000', 'NUTS': 'FRC11', 'Country': 'FRA'}";hybride;;26-87545;;20000000.0;3200000.0;LOT-0004;45233141;100000000.0;15;8.0;;Entretien et aménagements mineurs de la voirie départementale;ouverte;0426entretienamenagementmineurs;3.0;;;False;True;False;100000000.0;7220.0;Département ;2 000  à  4 999;False;1981-06-23;84.11Z;2008;5710.0;SAS, société par actions simplifiée;250  à  499;False;<NA>;2008;F;42;42.2;42.21;42.21Z;2006-07-05;(46.74232, 4.482488);Montchanin;Saône-et-Loire;Bourgogne-Franche-Comté;(47.325068, 5.042539);Dijon;Côte-d'Or;Bourgogne-Franche-Comté;;;;;;;;
False;;;True;True;False;attribue;{'StreetName': None, 'AdditionalStreetName': None, 'CityName': 'LONGVIC CEDEX', 'PostalZone': '21601', 'Country': 'FRA'};348899295;True;EUROVIA BOURGOGNE FRANCHE - COMTE;EUROVIA BOURGOGNE FRANCHE COMTE SAS;2026-09-11;{'StreetName': '53 bis, Rue de la Préfecture\nCS 13501', 'AdditionalStreetName': None, 'CityName': 'Dijon CEDEX', 'PostalZone': '21035', 'Country': 'FRA'};222100018;True;DEPARTEMENT DE COTE D OR;Conseil Départemental de Côte d'Or (21);;;travaux;['Prix', 'Remise commerciale au vu du montant des commandes', 'Valeur technique au vu du mémoire'];['prix', 'prix', 'technique'];[40.0, 40.0, 20.0];360.0;True;16000000.0;False;"{'StreetName': ""Côte-d'Or"", 'CityName': 'Dijon', 'PostalZone': '21000', 'NUTS': 'FRC11', 'Country': 'FRA'}";hybride;;26-87545;;20000000.0;3200000.0;LOT-0004;45233141;100000000.0;15;8.0;;Entretien et aménagements mineurs de la voirie départementale;ouverte;0426entretienamenagementmineurs;3.0;;;False;True;False;100000000.0;7220.0;Département ;2 000  à  4 999;False;1981-06-23;84.11Z;2008;5710.0;SAS, société par actions simplifiée;500  à  999;False;<NA>;2008;F;42;42.1;42.11;42.11Z;1988-12-12;;Longvic;Côte-d'Or;Bourgogne-Franche-Comté;(47.325068, 5.042539);Dijon;Côte-d'Or;Bourgogne-Franche-Comté;;;;;;;;
False;;;True;True;False;attribue;{'StreetName': 'Rue Henri-Paul Schneider', 'AdditionalStreetName': None, 'CityName': 'MONTCHANIN', 'PostalZone': '71210', 'Country': 'FRA'};490921996;True;PASCAL GUINOT TRAVAUX PUBLICS;SAS Pascal GUINOT VRD;2026-09-11;{'StreetName': '53 bis, Rue de la Préfecture\nCS 13501', 'AdditionalStreetName': None, 'CityName': 'Dijon CEDEX', 'PostalZone': '21035', 'Country': 'FRA'};222100018;True;DEPARTEMENT DE COTE D OR;Conseil Départemental de Côte d'Or (21);;;travaux;['Prix', 'Remise commerciale au vu du montant des commandes', 'Valeur technique au vu du mémoire'];['prix', 'prix', 'technique'];[40.0, 40.0, 20.0];360.0;True;16000000.0;False;"{'StreetName': ""Côte-d'Or"", 'CityName': 'Dijon', 'PostalZone': '21000', 'NUTS': 'FRC11', 'Country': 'FRA'}";hybride;;26-87545;;20000000.0;3200000.0;LOT-0005;45233141;100000000.0;15;8.0;;Entretien et aménagements mineurs de la voirie départementale;ouverte;0426entretienamenagementmineurs;3.0;;;False;True;False;100000000.0;7220.0;Département ;2 000  à  4 999;False;1981-06-23;84.11Z;2008;5710.0;SAS, société par actions simplifiée;250  à  499;False;<NA>;2008;F;42;42.2;42.21;42.21Z;2006-07-05;(46.74232, 4.482488);Montchanin;Saône-et-Loire;Bourgogne-Franche-Comté;(47.325068, 5.042539);Dijon;Côte-d'Or;Bourgogne-Franche-Comté;;;;;;;;
False;;;True;True;False;attribue;{'StreetName': '88 ROUTE DE GRAY', 'AdditionalStreetName': 'BP 16', 'CityName': 'SAINT APOLLINAIRE', 'PostalZone': '21850', 'Country': 'FRA'};391338449;True;ENTREPRISE ROGER MARTIN;SAS ROGER MARTIN;2026-09-11;{'StreetName': '53 bis, Rue de la Préfecture\nCS 13501', 'AdditionalStreetName': None, 'CityName': 'Dijon CEDEX', 'PostalZone': '21035', 'Country': 'FRA'};222100018;True;DEPARTEMENT DE COTE D OR;Conseil Départemental de Côte d'Or (21);;;travaux;['Prix', 'Remise commerciale au vu du montant des commandes', 'Valeur technique au vu du mémoire'];['prix', 'prix', 'technique'];[40.0, 40.0, 20.0];360.0;True;16000000.0;False;"{'StreetName': ""Côte-d'Or"", 'CityName': 'Dijon', 'PostalZone': '21000', 'NUTS': 'FRC11', 'Country': 'FRA'}";hybride;;26-87545;;20000000.0;3200000.0;LOT-0005;45233141;100000000.0;15;8.0;;Entretien et aménagements mineurs de la voirie départementale;ouverte;0426entretienamenagementmineurs;3.0;;;False;True;False;100000000.0;7220.0;Département ;2 000  à  4 999;False;1981-06-23;84.11Z;2008;5710.0;SAS, société par actions simplifiée;250  à  499;False;<NA>;2008;F;42;42.1;42.11;42.11Z;1993-05-03;(47.335861, 5.100182);Saint-Apollinaire;Côte-d'Or;Bourgogne-Franche-Comté;(47.325068, 5.042539);Dijon;Côte-d'Or;Bourgogne-Franche-Comté;;;;;;;;
False;;;True;True;False;attribue;{'StreetName': None, 'AdditionalStreetName': None, 'CityName': 'LONGVIC CEDEX', 'PostalZone': '21601', 'Country': 'FRA'};348899295;True;EUROVIA BOURGOGNE FRANCHE - COMTE;EUROVIA BOURGOGNE FRANCHE COMTE SAS;2026-09-11;{'StreetName': '53 bis, Rue de la Préfecture\nCS 13501', 'AdditionalStreetName': None, 'CityName': 'Dijon CEDEX', 'PostalZone': '21035', 'Country': 'FRA'};222100018;True;DEPARTEMENT DE COTE D OR;Conseil Départemental de Côte d'Or (21);;;travaux;['Prix', 'Remise commerciale au vu du montant des commandes', 'Valeur technique au vu du mémoire'];['prix', 'prix', 'technique'];[40.0, 40.0, 20.0];360.0;True;16000000.0;False;"{'StreetName': ""Côte-d'Or"", 'CityName': 'Dijon', 'PostalZone': '21000', 'NUTS': 'FRC11', 'Country': 'FRA'}";hybride;;26-87545;;20000000.0;3200000.0;LOT-0005;45233141;100000000.0;15;8.0;;Entretien et aménagements mineurs de la voirie départementale;ouverte;0426entretienamenagementmineurs;3.0;;;False;True;False;100000000.0;7220.0;Département ;2 000  à  4 999;False;1981-06-23;84.11Z;2008;5710.0;SAS, société par actions simplifiée;500  à  999;False;<NA>;2008;F;42;42.1;42.11;42.11Z;1988-12-12;;Longvic;Côte-d'Or;Bourgogne-Franche-Comté;(47.325068, 5.042539);Dijon;Côte-d'Or;Bourgogne-Franche-Comté;;;;;;;;
False;;;True;True;False;attribue;{'StreetName': 'Rue Henri-Paul Schneider', 'AdditionalStreetName': None, 'CityName': 'MONTCHANIN', 'PostalZone': '71210', 'Country': 'FRA'};490921996;True;PASCAL GUINOT TRAVAUX PUBLICS;SAS Pascal GUINOT VRD;2026-09-11;{'StreetName': '53 bis, Rue de la Préfecture\nCS 13501', 'AdditionalStreetName': None, 'CityName': 'Dijon CEDEX', 'PostalZone': '21035', 'Country': 'FRA'};222100018;True;DEPARTEMENT DE COTE D OR;Conseil Départemental de Côte d'Or (21);;;travaux;['Prix', 'Remise commerciale au vu du montant des commandes', 'Valeur technique au vu du mémoire'];['prix', 'prix', 'technique'];[40.0, 40.0, 20.0];360.0;True;16000000.0;False;"{'StreetName': ""Côte-d'Or"", 'CityName': 'Dijon', 'PostalZone': '21000', 'NUTS': 'FRC11', 'Country': 'FRA'}";hybride;;26-87545;;20000000.0;3200000.0;LOT-0005;45233141;100000000.0;15;8.0;;Entretien et aménagements mineurs de la voirie départementale;ouverte;0426entretienamenagementmineurs;3.0;;;False;True;False;100000000.0;7220.0;Département ;2 000  à  4 999;False;1981-06-23;84.11Z;2008;5710.0;SAS, société par actions simplifiée;250  à  499;False;<NA>;2008;F;42;42.2;42.21;42.21Z;2006-07-05;(46.74232, 4.482488);Montchanin;Saône-et-Loire;Bourgogne-Franche-Comté;(47.325068, 5.042539);Dijon;Côte-d'Or;Bourgogne-Franche-Comté;;;;;;;;
False;;;True;True;False;attribue;{'StreetName': '88 ROUTE DE GRAY', 'AdditionalStreetName': 'BP 16', 'CityName': 'SAINT APOLLINAIRE', 'PostalZone': '21850', 'Country': 'FRA'};391338449;True;ENTREPRISE ROGER MARTIN;SAS ROGER MARTIN;2026-09-11;{'StreetName': '53 bis, Rue de la Préfecture\nCS 13501', 'AdditionalStreetName': None, 'CityName': 'Dijon CEDEX', 'PostalZone': '21035', 'Country': 'FRA'};222100018;True;DEPARTEMENT DE COTE D OR;Conseil Départemental de Côte d'Or (21);;;travaux;['Prix', 'Remise commerciale au vu du montant des commandes', 'Valeur technique au vu du mémoire'];['prix', 'prix', 'technique'];[40.0, 40.0, 20.0];360.0;True;16000000.0;False;"{'StreetName': ""Côte-d'Or"", 'CityName': 'Dijon', 'PostalZone': '21000', 'NUTS': 'FRC11', 'Country': 'FRA'}";hybride;;26-87545;;20000000.0;3200000.0;LOT-0005;45233141;100000000.0;15;8.0;;Entretien et aménagements mineurs de la voirie départementale;ouverte;0426entretienamenagementmineurs;3.0;;;False;True;False;100000000.0;7220.0;Département ;2 000  à  4 999;False;1981-06-23;84.11Z;2008;5710.0;SAS, société par actions simplifiée;250  à  499;False;<NA>;2008;F;42;42.1;42.11;42.11Z;1993-05-03;(47.335861, 5.100182);Saint-Apollinaire;Côte-d'Or;Bourgogne-Franche-Comté;(47.325068, 5.042539);Dijon;Côte-d'Or;Bourgogne-Franche-Comté;;;;;;;;
False;;;True;True;False;attribue;{'StreetName': None, 'AdditionalStreetName': None, 'CityName': 'LONGVIC CEDEX', 'PostalZone': '21601', 'Country': 'FRA'};348899295;True;EUROVIA BOURGOGNE FRANCHE - COMTE;EUROVIA BOURGOGNE FRANCHE COMTE SAS;2026-09-11;{'StreetName': '53 bis, Rue de la Préfecture\nCS 13501', 'AdditionalStreetName': None, 'CityName': 'Dijon CEDEX', 'PostalZone': '21035', 'Country': 'FRA'};222100018;True;DEPARTEMENT DE COTE D OR;Conseil Départemental de Côte d'Or (21);;;travaux;['Prix', 'Remise commerciale au vu du montant des commandes', 'Valeur technique au vu du mémoire'];['prix', 'prix', 'technique'];[40.0, 40.0, 20.0];360.0;True;16000000.0;False;"{'StreetName': ""Côte-d'Or"", 'CityName': 'Dijon', 'PostalZone': '21000', 'NUTS': 'FRC11', 'Country': 'FRA'}";hybride;;26-87545;;20000000.0;3200000.0;LOT-0005;45233141;100000000.0;15;8.0;;Entretien et aménagements mineurs de la voirie départementale;ouverte;0426entretienamenagementmineurs;3.0;;;False;True;False;100000000.0;7220.0;Département ;2 000  à  4 999;False;1981-06-23;84.11Z;2008;5710.0;SAS, société par actions simplifiée;500  à  999;False;<NA>;2008;F;42;42.1;42.11;42.11Z;1988-12-12;;Longvic;Côte-d'Or;Bourgogne-Franche-Comté;(47.325068, 5.042539);Dijon;Côte-d'Or;Bourgogne-Franche-Comté;;;;;;;;
False;;;True;True;False;attribue;{'StreetName': 'Rue Henri-Paul Schneider', 'AdditionalStreetName': None, 'CityName': 'MONTCHANIN', 'PostalZone': '71210', 'Country': 'FRA'};490921996;True;PASCAL GUINOT TRAVAUX PUBLICS;SAS Pascal GUINOT VRD;2026-09-11;{'StreetName': '53 bis, Rue de la Préfecture\nCS 13501', 'AdditionalStreetName': None, 'CityName': 'Dijon CEDEX', 'PostalZone': '21035', 'Country': 'FRA'};222100018;True;DEPARTEMENT DE COTE D OR;Conseil Départemental de Côte d'Or (21);;;travaux;['Prix', 'Remise commerciale au vu du montant des commandes', 'Valeur technique au vu du mémoire'];['prix', 'prix', 'technique'];[40.0, 40.0, 20.0];360.0;True;16000000.0;False;"{'StreetName': ""Côte-d'Or"", 'CityName': 'Dijon', 'PostalZone': '21000', 'NUTS': 'FRC11', 'Country': 'FRA'}";hybride;;26-87545;;20000000.0;3200000.0;LOT-0005;45233141;100000000.0;15;8.0;;Entretien et aménagements mineurs de la voirie départementale;ouverte;0426entretienamenagementmineurs;3.0;;;False;True;False;100000000.0;7220.0;Département ;2 000  à  4 999;False;1981-06-23;84.11Z;2008;5710.0;SAS, société par actions simplifiée;250  à  499;False;<NA>;2008;F;42;42.2;42.21;42.21Z;2006-07-05;(46.74232, 4.482488);Montchanin;Saône-et-Loire;Bourgogne-Franche-Comté;(47.325068, 5.042539);Dijon;Côte-d'Or;Bourgogne-Franche-Comté;;;;;;;;
False;;;True;True;False;attribue;{'StreetName': '88 ROUTE DE GRAY', 'AdditionalStreetName': 'BP 16', 'CityName': 'SAINT APOLLINAIRE', 'PostalZone': '21850', 'Country': 'FRA'};391338449;True;ENTREPRISE ROGER MARTIN;SAS ROGER MARTIN;2026-09-11;{'StreetName': '53 bis, Rue de la Préfecture\nCS 13501', 'AdditionalStreetName': None, 'CityName': 'Dijon CEDEX', 'PostalZone': '21035', 'Country': 'FRA'};222100018;True;DEPARTEMENT DE COTE D OR;Conseil Départemental de Côte d'Or (21);;;travaux;['Prix', 'Remise commerciale au vu du montant des commandes', 'Valeur technique au vu du mémoire'];['prix', 'prix', 'technique'];[40.0, 40.0, 20.0];360.0;True;16000000.0;False;"{'StreetName': ""Côte-d'Or"", 'CityName': 'Dijon', 'PostalZone': '21000', 'NUTS': 'FRC11', 'Country': 'FRA'}";hybride;;26-87545;;20000000.0;3200000.0;LOT-0005;45233141;100000000.0;15;8.0;;Entretien et aménagements mineurs de la voirie départementale;ouverte;0426entretienamenagementmineurs;3.0;;;False;True;False;100000000.0;7220.0;Département ;2 000  à  4 999;False;1981-06-23;84.11Z;2008;5710.0;SAS, société par actions simplifiée;250  à  499;False;<NA>;2008;F;42;42.1;42.11;42.11Z;1993-05-03;(47.335861, 5.100182);Saint-Apollinaire;Côte-d'Or;Bourgogne-Franche-Comté;(47.325068, 5.042539);Dijon;Côte-d'Or;Bourgogne-Franche-Comté;;;;;;;;
False;;;True;True;False;attribue;{'StreetName': None, 'AdditionalStreetName': None, 'CityName': 'LONGVIC CEDEX', 'PostalZone': '21601', 'Country': 'FRA'};348899295;True;EUROVIA BOURGOGNE FRANCHE - COMTE;EUROVIA BOURGOGNE FRANCHE COMTE SAS;2026-09-11;{'StreetName': '53 bis, Rue de la Préfecture\nCS 13501', 'AdditionalStreetName': None, 'CityName': 'Dijon CEDEX', 'PostalZone': '21035', 'Country': 'FRA'};222100018;True;DEPARTEMENT DE COTE D OR;Conseil Départemental de Côte d'Or (21);;;travaux;['Prix', 'Remise commerciale au vu du montant des commandes', 'Valeur technique au vu du mémoire'];['prix', 'prix', 'technique'];[40.0, 40.0, 20.0];360.0;True;16000000.0;False;"{'StreetName': ""Côte-d'Or"", 'CityName': 'Dijon', 'PostalZone': '21000', 'NUTS': 'FRC11', 'Country': 'FRA'}";hybride;;26-87545;;20000000.0;3200000.0;LOT-0005;45233141;100000000.0;15;8.0;;Entretien et aménagements mineurs de la voirie départementale;ouverte;0426entretienamenagementmineurs;3.0;;;False;True;False;100000000.0;7220.0;Département ;2 000  à  4 999;False;1981-06-23;84.11Z;2008;5710.0;SAS, société par actions simplifiée;500  à  999;False;<NA>;2008;F;42;42.1;42.11;42.11Z;1988-12-12;;Longvic;Côte-d'Or;Bourgogne-Franche-Comté;(47.325068, 5.042539);Dijon;Côte-d'Or;Bourgogne-Franche-Comté;;;;;;;;
False;;;True;False;False;attribue;{'StreetName': None, 'AdditionalStreetName': None, 'CityName': '92025', 'PostalZone': '92700', 'Country': 'FRA'};778151944;True;SULO FRANCE;SULO FRANCE;2026-09-11;{'StreetName': '815 route des Partenses', 'AdditionalStreetName': None, 'CityName': 'Caupenne', 'PostalZone': '40250', 'Country': 'FRA'};254000839;True;SIETOM DE CHALOSSE;SIETOM DE CHALOSSE;;;fournitures;['Notation sur 10 des prix des fournitures', 'notation sur 10 de la qualité des fournitures'];['prix', 'qualite'];;1080.0;False;;False;{'StreetName': None, 'CityName': None, 'PostalZone': None, 'NUTS': 'FRI13', 'Country': 'FRA'};;;26-87486;;727200.0;;LOT-0001;34928480;;1;6.0;;Fourniture de colonnes de tri aérienne pour les besoins du SIETOM;ouverte;CS-2026-02;;;;False;False;False;727200.0;7354.0;Syndicat mixte fermé ;50  à  99;<NA>;1980-01-01;38.11Z;2008;5710.0;SAS, société par actions simplifiée;500  à  999;False;False;2008;C;22;22.2;22.22;22.22Z;1960-01-01;;;;;(43.662594, -0.757199);Caupenne;Landes;Nouvelle-Aquitaine;;;;;;;;
False;;;True;False;False;attribue;{'StreetName': '146 rue du Moulin aux Moines', 'AdditionalStreetName': None, 'CityName': 'LA CHAPELLE SAINT AUBIN', 'PostalZone': '72650', 'Country': 'FRA'};401449855;True;QUALICONSULT ;QUALICONSULT;2026-09-11;{'StreetName': '3 allée de Grenelle - CS60273', 'AdditionalStreetName': None, 'CityName': 'Issy les moulineaux cedex', 'PostalZone': '92442', 'Country': 'FRA'};399663905;True;TRANSAMO;TRANSAMO, mandataire de la Communauté urbaine de Le Mans Métropole;;;services;[];[];;2160.0;False;45000.0;False;{'StreetName': None, 'CityName': None, 'PostalZone': None, 'NUTS': 'FRG04', 'Country': 'FRA'};;;26-87715;;26425.0;0.0;LOT-0001;71356100;;1;2.0;;Contrôleur technique;ouverte;18-CT;;;;False;False;False;26425.0;5599.0;SA à conseil d'administration (s.a.i.);100  à  199;False;1994-12-01;71.12B;2008;5710.0;SAS, société par actions simplifiée;500  à  999;False;False;2008;M;71;71.2;71.2;71.20B;1995-06-19;(48.037202, 0.177908);La Chapelle-Saint-Aubin;Sarthe;Pays de la Loire;(48.828049, 2.264176);Issy-les-Moulineaux;Hauts-de-Seine;Île-de-France;;;;;;;;
False;['44112000', '44191000', '45223800'];;True;True;False;attribue;{'StreetName': '2 Rue Des Jonquilles', 'AdditionalStreetName': None, 'CityName': 'Bolquere', 'PostalZone': '66210', 'Country': 'FRA'};444175012;False;NORDIKA;NORDIKA;2026-09-11;{'StreetName': 'Bp 5', 'AdditionalStreetName': 'http://www.lebarcares.fr/la-mairie/marchespublics/', 'CityName': 'Le Barcares Cedex', 'PostalZone': '66421', 'Country': 'FRA'};216600171;False;COMMUNE DE LE BARCARES;Commune de Le BARCARES;;;fournitures;"['Caractère esthétique et fonctionnel', ""Valeur technique de l'offre"", ""Délai d'exécution"", 'Prix']";['technique', 'technique', 'delai', 'prix'];[30.0, 20.0, 10.0, 40.0];;False;;False;;sans remise en concurrence;;26-87672;;;;LOT-0001;44112000;3695000.0;3;1.0;1.0;Fourniture et installation d'ouvrages en bois démontables;ouverte;26BA28B;;;;False;False;False;;7210.0;Commune et commune nouvelle ;250  à  499;False;1982-01-01;84.11Z;2008;5710.0;SAS, société par actions simplifiée;10  à  19;False;<NA>;2008;F;43;43.3;43.32;43.32A;2002-11-06;(42.513657, 2.06339);Bolquère;Pyrénées-Orientales;Occitanie;;;;;;;;;;;;
False;['44112000', '44191000', '45223800'];;True;True;False;attribue;{'StreetName': '2 Rue Des Jonquilles', 'AdditionalStreetName': None, 'CityName': 'Bolquere', 'PostalZone': '66210', 'Country': 'FRA'};444175012;False;NORDIKA;NORDIKA;2026-09-11;{'StreetName': 'Bp 5', 'AdditionalStreetName': 'http://www.lebarcares.fr/la-mairie/marchespublics/', 'CityName': 'Le Barcares Cedex', 'PostalZone': '66421', 'Country': 'FRA'};216600171;False;COMMUNE DE LE BARCARES;Commune de Le BARCARES;;;fournitures;"['Caractère esthétique et fonctionnel', ""Valeur technique de l'offre"", ""Délai d'exécution"", 'Prix']";['technique', 'technique', 'delai', 'prix'];[30.0, 20.0, 10.0, 40.0];;False;;False;;sans remise en concurrence;;26-87672;;;;LOT-0002;44112000;3695000.0;3;1.0;1.0;Fourniture et installation d'ouvrages en bois démontables;ouverte;26BA28B;;;;False;False;False;;7210.0;Commune et commune nouvelle ;250  à  499;False;1982-01-01;84.11Z;2008;5710.0;SAS, société par actions simplifiée;10  à  19;False;<NA>;2008;F;43;43.3;43.32;43.32A;2002-11-06;(42.513657, 2.06339);Bolquère;Pyrénées-Orientales;Occitanie;;;;;;;;;;;;
False;['44112000', '44191000', '45223800'];;True;True;False;attribue;{'StreetName': '2 Rue Des Jonquilles', 'AdditionalStreetName': None, 'CityName': 'Bolquere', 'PostalZone': '66210', 'Country': 'FRA'};444175012;False;NORDIKA;NORDIKA;2026-09-11;{'StreetName': 'Bp 5', 'AdditionalStreetName': 'http://www.lebarcares.fr/la-mairie/marchespublics/', 'CityName': 'Le Barcares Cedex', 'PostalZone': '66421', 'Country': 'FRA'};216600171;False;COMMUNE DE LE BARCARES;Commune de Le BARCARES;;;fournitures;"['Caractère esthétique et fonctionnel', ""Valeur technique de l'offre"", ""Délai d'exécution"", 'Prix']";['technique', 'technique', 'delai', 'prix'];[30.0, 20.0, 10.0, 40.0];;False;;False;;sans remise en concurrence;;26-87672;;;;LOT-0003;44112000;3695000.0;3;1.0;1.0;Fourniture et installation d'ouvrages en bois démontables;ouverte;26BA28B;;;;False;False;False;;7210.0;Commune et commune nouvelle ;250  à  499;False;1982-01-01;84.11Z;2008;5710.0;SAS, société par actions simplifiée;10  à  19;False;<NA>;2008;F;43;43.3;43.32;43.32A;2002-11-06;(42.513657, 2.06339);Bolquère;Pyrénées-Orientales;Occitanie;;;;;;;;;;;;
False;['34931000', '31224500'];;True;True;False;non attribue;;;False;;;2026-09-11;{'StreetName': 'Ecoute du Port', 'AdditionalStreetName': None, 'CityName': 'Canet-en-Roussillon', 'PostalZone': '66141', 'Country': 'FRA'};338158405;False;SILLAGES;SPL SILLAGES;;;fournitures;"[""Valeur technique de l'offre appréciée à l'aide du mémoire technique"", 'Délai de livraison', 'Prix']";['technique', 'delai', 'prix'];[30.0, 10.0, 60.0];;False;1300000.0;False;;;;26-87563;;;;LOT-0001;34931000;;2;1.0;;Programme pluriannuel 2026 -2030 de renouvellement des équipements portuaires du port de Canet-en-Roussillon portant sur la fourniture et la livraison de pontons flottants, équipements d'amarrage et b;ouverte;F-PF-1842701;;;;False;False;False;1600000.0;5599.0;SA à conseil d'administration (s.a.i.);50  à  99;False;1986-06-01;93.29Z;2008;;;;;;<NA>;;;;;<NA>;<NA>;;;;;(42.70203, 3.035039);Canet-en-Roussillon;Pyrénées-Orientales;Occitanie;;;;;;;;
False;['31224500', '31224500'];;True;True;False;attribue;{'StreetName': 'Colguen', 'AdditionalStreetName': None, 'CityName': 'Concarneau', 'PostalZone': '29900', 'Country': 'FRA'};433705167;False;SARL AIRESERVICES;AR MARINA;2026-09-11;{'StreetName': 'Ecoute du Port', 'AdditionalStreetName': None, 'CityName': 'Canet-en-Roussillon', 'PostalZone': '66141', 'Country': 'FRA'};338158405;False;SILLAGES;SPL SILLAGES;;;fournitures;"[""Valeur technique de l'offre appréciée à l'aide du mémoire technique"", 'Délai de livraison', 'Prix']";['technique', 'delai', 'prix'];[30.0, 10.0, 60.0];;False;1300000.0;False;;;;26-87563;;121584.9;;LOT-0002;34931000;;2;3.0;;Programme pluriannuel 2026 -2030 de renouvellement des équipements portuaires du port de Canet-en-Roussillon portant sur la fourniture et la livraison de pontons flottants, équipements d'amarrage et b;ouverte;F-PF-1842701;;;;False;False;False;1600000.0;5599.0;SA à conseil d'administration (s.a.i.);50  à  99;False;1986-06-01;93.29Z;2008;5499.0;Société à responsabilité limitée (sans autre indication);20  à  49;False;<NA>;2008;C;27;27.1;27.12;27.12Z;2000-11-30;(47.90032, -3.904337);Concarneau;Finistère;Bretagne;(42.70203, 3.035039);Canet-en-Roussillon;Pyrénées-Orientales;Occitanie;;;;;;;;
False;['60180000'];;True;True;False;attribue;{'StreetName': '226 Av De Prades', 'AdditionalStreetName': None, 'CityName': 'Perpignan', 'PostalZone': '66000', 'Country': 'FRA'};530302827;False;MIDI LOCATION EQUIPEMENT;MIDI LOCATION EQUIPEMENT;2026-09-11;{'StreetName': 'Bp 5', 'AdditionalStreetName': 'http://www.lebarcares.fr/la-mairie/marchespublics/', 'CityName': 'Le Barcares Cedex', 'PostalZone': '66421', 'Country': 'FRA'};216600171;False;COMMUNE DE LE BARCARES;Commune de Le BARCARES;;;services;"[""Valeur technique de l'offre"", 'Prix']";['technique', 'prix'];[40.0, 60.0];;False;2200000.0;False;;sans remise en concurrence;;26-87718;;;;LOT-0001;60180000;1600000.0;6;1.0;1.0;Location de véhicules utilitaires et engins de chantier;ouverte;26BA08;3.0;;;False;False;False;;7210.0;Commune et commune nouvelle ;250  à  499;False;1982-01-01;84.11Z;2008;5710.0;SAS, société par actions simplifiée;20  à  49;False;<NA>;2008;N;77;77.1;77.11;77.11A;2011-03-01;(42.694207, 2.851903);Perpignan;Pyrénées-Orientales;Occitanie;;;;;;;;;;;;
False;['60180000'];;True;True;False;non attribue;;;False;;;2026-09-11;{'StreetName': 'Bp 5', 'AdditionalStreetName': 'http://www.lebarcares.fr/la-mairie/marchespublics/', 'CityName': 'Le Barcares Cedex', 'PostalZone': '66421', 'Country': 'FRA'};216600171;False;COMMUNE DE LE BARCARES;Commune de Le BARCARES;;;services;"[""Valeur technique de l'offre"", 'Prix']";['technique', 'prix'];[40.0, 60.0];;False;2200000.0;False;;sans remise en concurrence;;26-87718;;;;LOT-0002;60180000;1600000.0;6;0.0;0.0;Location de véhicules utilitaires et engins de chantier;ouverte;26BA08;3.0;;;False;False;False;;7210.0;Commune et commune nouvelle ;250  à  499;False;1982-01-01;84.11Z;2008;;;;;;<NA>;;;;;<NA>;<NA>;;;;;;;;;;;;;;;;
False;['60181000'];;True;True;False;attribue;{'StreetName': '226 Av De Prades', 'AdditionalStreetName': None, 'CityName': 'Perpignan', 'PostalZone': '66000', 'Country': 'FRA'};530302827;False;MIDI LOCATION EQUIPEMENT;MIDI LOCATION EQUIPEMENT;2026-09-11;{'StreetName': 'Bp 5', 'AdditionalStreetName': 'http://www.lebarcares.fr/la-mairie/marchespublics/', 'CityName': 'Le Barcares Cedex', 'PostalZone': '66421', 'Country': 'FRA'};216600171;False;COMMUNE DE LE BARCARES;Commune de Le BARCARES;;;services;"[""Valeur technique de l'offre"", 'Prix']";['technique', 'prix'];[40.0, 60.0];;False;2200000.0;False;;sans remise en concurrence;;26-87718;;;;LOT-0003;60180000;1600000.0;6;1.0;;Location de véhicules utilitaires et engins de chantier;ouverte;26BA08;3.0;;;False;False;False;;7210.0;Commune et commune nouvelle ;250  à  499;False;1982-01-01;84.11Z;2008;5710.0;SAS, société par actions simplifiée;20  à  49;False;<NA>;2008;N;77;77.1;77.11;77.11A;2011-03-01;(42.694207, 2.851903);Perpignan;Pyrénées-Orientales;Occitanie;;;;;;;;;;;;
False;['60182000'];;True;True;False;non attribue;;;False;;;2026-09-11;{'StreetName': 'Bp 5', 'AdditionalStreetName': 'http://www.lebarcares.fr/la-mairie/marchespublics/', 'CityName': 'Le Barcares Cedex', 'PostalZone': '66421', 'Country': 'FRA'};216600171;False;COMMUNE DE LE BARCARES;Commune de Le BARCARES;;;services;"[""Valeur technique de l'offre"", 'Prix']";['technique', 'prix'];[40.0, 60.0];;False;2200000.0;False;;sans remise en concurrence;;26-87718;;;;LOT-0004;60180000;1600000.0;6;0.0;0.0;Location de véhicules utilitaires et engins de chantier;ouverte;26BA08;3.0;;;False;False;False;;7210.0;Commune et commune nouvelle ;250  à  499;False;1982-01-01;84.11Z;2008;;;;;;<NA>;;;;;<NA>;<NA>;;;;;;;;;;;;;;;;
False;['60182000'];;True;True;False;attribue;{'StreetName': '226 Av De Prades', 'AdditionalStreetName': None, 'CityName': 'Perpignan', 'PostalZone': '66000', 'Country': 'FRA'};530302827;False;MIDI LOCATION EQUIPEMENT;MIDI LOCATION EQUIPEMENT;2026-09-11;{'StreetName': 'Bp 5', 'AdditionalStreetName': 'http://www.lebarcares.fr/la-mairie/marchespublics/', 'CityName': 'Le Barcares Cedex', 'PostalZone': '66421', 'Country': 'FRA'};216600171;False;COMMUNE DE LE BARCARES;Commune de Le BARCARES;;;services;"[""Valeur technique de l'offre"", 'Prix']";['technique', 'prix'];[40.0, 60.0];;False;2200000.0;False;;sans remise en concurrence;;26-87718;;;;LOT-0005;60180000;1600000.0;6;3.0;3.0;Location de véhicules utilitaires et engins de chantier;ouverte;26BA08;3.0;;;False;False;False;;7210.0;Commune et commune nouvelle ;250  à  499;False;1982-01-01;84.11Z;2008;5710.0;SAS, société par actions simplifiée;20  à  49;False;<NA>;2008;N;77;77.1;77.11;77.11A;2011-03-01;(42.694207, 2.851903);Perpignan;Pyrénées-Orientales;Occitanie;;;;;;;;;;;;
False;['45510000'];;True;True;False;attribue;{'StreetName': 'Che De L Etang Long', 'AdditionalStreetName': None, 'CityName': 'Pia', 'PostalZone': '66380', 'Country': 'FRA'};318404506;False;TRANSPORTS HUGON;TRANSPORTS HUGON;2026-09-11;{'StreetName': 'Bp 5', 'AdditionalStreetName': 'http://www.lebarcares.fr/la-mairie/marchespublics/', 'CityName': 'Le Barcares Cedex', 'PostalZone': '66421', 'Country': 'FRA'};216600171;False;COMMUNE DE LE BARCARES;Commune de Le BARCARES;;;services;"[""Valeur technique de l'offre"", 'Prix']";['technique', 'prix'];[40.0, 60.0];;False;2200000.0;False;;sans remise en concurrence;;26-87718;;;;LOT-0006;60180000;1600000.0;6;1.0;1.0;Location de véhicules utilitaires et engins de chantier;ouverte;26BA08;3.0;;;False;False;False;;7210.0;Commune et commune nouvelle ;250  à  499;False;1982-01-01;84.11Z;2008;5499.0;Société à responsabilité limitée (sans autre indication);10  à  19;<NA>;<NA>;2008;H;49;49.4;49.41;49.41B;1980-01-01;(42.742172, 2.903978);Pia;Pyrénées-Orientales;Occitanie;;;;;;;;;;;;
False;['71317210'];;True;False;False;attribue;{'StreetName': '6 Rue Du Canigou', 'AdditionalStreetName': None, 'CityName': 'Prades', 'PostalZone': '66500', 'Country': 'FRA'};977695139;False;EVOTEC BTP;EVOTEC BTP;2026-09-11;{'StreetName': 'Bp 5', 'AdditionalStreetName': 'http://www.lebarcares.fr/la-mairie/marchespublics/', 'CityName': 'Le Barcares Cedex', 'PostalZone': '66421', 'Country': 'FRA'};216600171;False;COMMUNE DE LE BARCARES;Commune de Le BARCARES;;2026-08-03+02:00;services;"[""Valeur méthodologique de l'offre"", 'Prix']";['technique', 'prix'];[45.0, 55.0];1440.0;False;400000.0;False;;sans remise en concurrence;;26-87674;;;;LOT-0000;71317210;400000.0;1;10.0;;MISSION DE COORDINATION EN MATIERE DE SECURITE ET DE PROTECTION DE LA SANTE;ouverte;26BA03B;1.0;;;False;False;False;;7210.0;Commune et commune nouvelle ;250  à  499;False;1982-01-01;84.11Z;2008;5499.0;Société à responsabilité limitée (sans autre indication);;False;False;2008;M;74;74.9;74.9;74.90A;2023-07-06;(42.6145, 2.42569);Prades;Pyrénées-Orientales;Occitanie;;;;;;;;;;;;
False;['71240000'];;False;False;False;attribue;{'StreetName': '2 Rue Patrice Lumumba', 'AdditionalStreetName': None, 'CityName': 'Montpellier', 'PostalZone': '34000', 'Country': 'FRA'};501949085;False;BETEM LANGUEDOC ROUSSILLON;BETEM LANGUEDOC ROUSSILLON;2026-09-11;{'StreetName': 'Ecoute du Port', 'AdditionalStreetName': None, 'CityName': 'Canet-en-Roussillon', 'PostalZone': '66141', 'Country': 'FRA'};338158405;False;SILLAGES;SPL SILLAGES;;2026-08-31+02:00;services;"[""Valeur technique de l'offre"", 'Prix']";['technique', 'prix'];[60.0, 40.0];1080.0;False;;False;;;;26-87484;;560000.0;;LOT-0000;71240000;;1;8.0;;MISSION COMPLETE DE MAITRISE D'OEUVRE POUR UNE OPERATION DE LOGEMENTS EN SITE PARTIELLEMENT OCCUPÉ;ouverte;S-PF-1835705;;;;False;False;False;560000.0;5599.0;SA à conseil d'administration (s.a.i.);50  à  99;False;1986-06-01;93.29Z;2008;5710.0;SAS, société par actions simplifiée;20  à  49;False;<NA>;2008;M;71;71.1;71.12;71.12B;2008-01-02;(43.57939, 3.861691);Montpellier;Hérault;Occitanie;(42.70203, 3.035039);Canet-en-Roussillon;Pyrénées-Orientales;Occitanie;;;;;;;;
False;['48822000'];34.0;True;False;False;attribue;{'StreetName': '1 Av Du Grand Chene', 'AdditionalStreetName': None, 'CityName': 'Saint-Mathieu-De-Treviers', 'PostalZone': '34270', 'Country': 'FRA'};501762678;False;ONE ID;ONE-ID;2026-09-11;{'StreetName': 'Bp 5', 'AdditionalStreetName': 'http://www.lebarcares.fr/la-mairie/marchespublics/', 'CityName': 'Le Barcares Cedex', 'PostalZone': '66421', 'Country': 'FRA'};216600171;False;COMMUNE DE LE BARCARES;Commune de Le BARCARES;2025-07-08;2026-07-27+02:00;fournitures;"[""Valeur technique de l'offre"", 'Engagement Rse', 'Prix']";['technique', 'social', 'prix'];[50.0, 5.0, 45.0];1800.0;False;380000.0;False;{'StreetName': 'boulevard du 14 juillet', 'CityName': 'Le Barcarès', 'PostalZone': '66420', 'NUTS': 'FRJ15', 'Country': 'FRA'};;;26-87675;25-76596;225223.0;200000.0;LOT-0000;48822000;;1;2.0;2.0;Remplacement de l'infrastructure serveurs et messagerie de la mairie;ouverte;26BA26B;;;False;False;False;False;225223.0;7210.0;Commune et commune nouvelle ;250  à  499;False;1982-01-01;84.11Z;2008;5710.0;SAS, société par actions simplifiée;20  à  49;False;<NA>;2008;J;62;62.0;62.01;62.01Z;2008-01-07;(43.760683, 3.872551);Saint-Mathieu-de-Tréviers;Hérault;Occitanie;;;;;;;;;;;;
False;['71314100'];;True;False;False;attribue;{'StreetName': '10 Rue Olivier De Serres', 'AdditionalStreetName': None, 'CityName': 'Rivesaltes', 'PostalZone': '66600', 'Country': 'FRA'};505281253;False;MADINE ELECTROSERVICES;MADINE ELECTROSERVICES;2026-09-11;{'StreetName': 'Bp 5', 'AdditionalStreetName': 'http://www.lebarcares.fr/la-mairie/marchespublics/', 'CityName': 'Le Barcares Cedex', 'PostalZone': '66421', 'Country': 'FRA'};216600171;False;COMMUNE DE LE BARCARES;Commune de Le BARCARES;;2026-09-05+02:00;fournitures;['Qualité technique', 'Prix'];['qualite', 'prix'];[50.0, 50.0];360.0;False;600000.0;False;;sans remise en concurrence;;26-87719;;;;LOT-0000;31170000;600000.0;1;1.0;1.0;Location, livraison, mise en service, maintenance et reprise de postes de livraison et de transformateurs HTA;ouverte;26BA29;3.0;;;False;False;False;;7210.0;Commune et commune nouvelle ;250  à  499;False;1982-01-01;84.11Z;2008;5710.0;SAS, société par actions simplifiée;10  à  19;False;<NA>;2008;C;33;33.2;33.2;33.20D;2008-07-01;(42.779958, 2.899151);Rivesaltes;Pyrénées-Orientales;Occitanie;;;;;;;;;;;;
False;;;True;False;False;attribue;{'StreetName': None, 'AdditionalStreetName': None, 'CityName': '94022', 'PostalZone': '94600', 'Country': 'FRA'};444523526;True;ARTELIA;ARTELIA;2026-09-11;{'StreetName': '1 Place du Général de Gaulle - CS 72365', 'AdditionalStreetName': None, 'CityName': 'SAINT-BRIEUC', 'PostalZone': '22023', 'Country': 'FRA'};212202782;True;COMMUNE DE SAINT BRIEUC;Ville de Saint-Brieuc;;;services;['Prix', 'Valeur technique', 'Performances sociales et environnementales'];['prix', 'technique', 'environnemental & social'];[50.0, 45.0, 5.0];1080.0;False;;False;{'StreetName': None, 'CityName': None, 'PostalZone': None, 'NUTS': 'FRH01', 'Country': 'FRA'};;;26-87492;;281900.0;;LOT-0001;75200000;;1;9.0;;Assistance à maîtrise d’ouvrage de suivi de la convention ANRU, et d’ordonnancement, pilotage et coordination du projet de renouvellement urbain;ouverte;2026005;2.0;;;False;False;False;281900.0;7210.0;Commune et commune nouvelle ;1 000  à  1 999;False;1983-03-01;84.11Z;2008;5710.0;SAS, société par actions simplifiée;2 000  à  4 999;False;False;2008;M;71;71.1;71.12;71.12B;2002-12-13;;;;;(48.513873, -2.764382);Saint-Brieuc;Côtes-d'Armor;Bretagne;;;;;;;;
False;;;True;True;False;attribue;{'StreetName': '46 AVENUE MARIE DE CHAMPAGNE CS 13048', 'AdditionalStreetName': None, 'CityName': 'TROYES CEDEX', 'PostalZone': '10012', 'Country': 'FRA'};335050233;True;LES COURRIERS DE L'AUBE;LES COURRIERS DE L'AUBE;2026-09-11;{'StreetName': 'Place Alexandre Israël', 'AdditionalStreetName': None, 'CityName': 'TROYES', 'PostalZone': '10000', 'Country': 'FRA'};211003744;True;COMMUNE DE TROYES;Service commande publique;;;services;['Coût des prestations, noté sur 10 points, jugée au regard du montant du Détail Quantitatif Estimatif', 'Qualité technique et environnementale de l’offre jugée au regard du mémoire technique et environneme'];['prix', 'environnemental'];[60.0, 40.0];1440.0;True;;False;;sans remise en concurrence;;26-87579;;880000.0;;LOT-0001;60100000;1480000.0;2;3.0;0.0;Prestations de service relatives au transport de personnes;ouverte;202604070906;;;;False;True;False;;7210.0;Commune et commune nouvelle ;1 000  à  1 999;False;1968-09-30;84.11Z;2008;5710.0;SAS, société par actions simplifiée;100  à  199;False;<NA>;2008;H;49;49.3;49.39;49.39A;1984-12-31;(48.309709, 4.061696);Troyes;Aube;Grand Est;(48.297167, 4.074027);Troyes;Aube;Grand Est;;;;;;;;
False;;;True;True;False;attribue;{'StreetName': '46 AVENUE MARIE DE CHAMPAGNE CS 13048', 'AdditionalStreetName': None, 'CityName': 'TROYES CEDEX', 'PostalZone': '10012', 'Country': 'FRA'};335050233;True;LES COURRIERS DE L'AUBE;LES COURRIERS DE L'AUBE;2026-09-11;{'StreetName': 'Place Alexandre Israël', 'AdditionalStreetName': None, 'CityName': 'TROYES', 'PostalZone': '10000', 'Country': 'FRA'};211003744;True;COMMUNE DE TROYES;Service commande publique;;;services;['Coût des prestations, noté sur 10 points, jugée au regard du montant du Détail Quantitatif Estimatif', 'Qualité technique et environnementale de l’offre jugée au regard du mémoire technique et environneme'];['prix', 'environnemental'];[60.0, 40.0];1440.0;True;;False;;sans remise en concurrence;;26-87579;;600000.0;;LOT-0002;60100000;1480000.0;2;3.0;0.0;Prestations de service relatives au transport de personnes;ouverte;202604070906;;;;False;True;False;;7210.0;Commune et commune nouvelle ;1 000  à  1 999;False;1968-09-30;84.11Z;2008;5710.0;SAS, société par actions simplifiée;100  à  199;False;<NA>;2008;H;49;49.3;49.39;49.39A;1984-12-31;(48.309709, 4.061696);Troyes;Aube;Grand Est;(48.297167, 4.074027);Troyes;Aube;Grand Est;;;;;;;;
False;;;True;True;False;attribue;{'StreetName': None, 'AdditionalStreetName': None, 'CityName': 'FORT DE FRANCE', 'PostalZone': '97200', 'Country': 'FRA'};414706697;True;CAMA VOYAGE;AVS VOYAGES CAMA;2026-09-11;{'StreetName': None, 'AdditionalStreetName': None, 'CityName': 'FORT DE FRANCE', 'PostalZone': '97261', 'Country': 'FRA'};200034528;True;CENTRE HOSPITALIER UNIVERSITAIRE DE LA MARTINIQUE;CHU DE LA MARTINIQUE;;;services;['P1-Tarif par type de prestations\t50.0\n1.1-Grille tarifaire par classe et par saison (avec indication de la remise tarifaire sur le tarif public\t20.0\n1.2-Frais d’émission du billet (un tarif unique et forfaitaire sera privilégié) et autres frais\t15.0\n1.3-Rabais sur Chiffre d’affaires                                                        \t10.0\n1.4-Remise sur les cartes d’abonnement                                                                \t5.0', '2-modalités de réservation(appréciées sur la base du cadre de réponse fournis)\t40.0\n2.1-Organisation proposée\t10.0\n2.2-Méthodes proposées pour garantir le meilleur prix des billets\t15.0\n2.3-Outil de réservation ONLINE\t15.0\n3-Reporting (appréciée sur la base cadre de réponse fournis)\t10.0'];['prix', 'technique'];;;True;;False;{'StreetName': None, 'CityName': None, 'PostalZone': None, 'NUTS': 'FRY20', 'Country': 'FRA'};sans remise en concurrence;;26-87598;;8000000.0;;LOT-0001;60400000;;2;1.0;;LA PRESTATION DE SERVICE DE TRANSPORT AERIEN ET SERVICES ASSOCIES POUR LE PERSONNEL ET LES INTERVENANTS DES ETABLISSEMENTS DU G.H.T. DE MARTINIQUE »;ouverte;;;;;False;False;False;8000000.0;7364.0;Établissement d'hospitalisation ;5 000  à  9 999;False;2013-01-01;86.10Z;2008;5710.0;SAS, société par actions simplifiée;10  à  19;False;<NA>;2008;N;79;79.1;79.11;79.11Z;1997-11-17;;Fort-de-France;Martinique;;;Fort-de-France;Martinique;;;;;;;;;
False;;;True;True;False;attribue;{'StreetName': None, 'AdditionalStreetName': None, 'CityName': 'FORT DE FRANCE', 'PostalZone': '97200', 'Country': 'FRA'};414706697;True;CAMA VOYAGE;AVS VOYAGES CAMA;2026-09-11;{'StreetName': None, 'AdditionalStreetName': None, 'CityName': 'FORT DE FRANCE', 'PostalZone': '97261', 'Country': 'FRA'};200034528;True;CENTRE HOSPITALIER UNIVERSITAIRE DE LA MARTINIQUE;CHU DE LA MARTINIQUE;;;services;['Pour le critère 1 « Tarifs par type de prestation » les offres seront notées selon la formule ci-dessous :\nNote du candidat = [(le prix le plus bas/le prix du candidat) *nombre de points]', '2-modalités de réservation(appréciées sur la base du cadre de réponse fournis)\t40.0\n2.1-Organisation proposée\t10.0\n2.2-Méthodes proposées pour garantir le meilleur prix des billets\t15.0\n2.3-Outil de réservation ONLINE\t15.0\n3-Reporting (appréciée sur la base cadre de réponse fournis)\t10.0'];['prix', 'technique'];;;True;;False;{'StreetName': None, 'CityName': None, 'PostalZone': None, 'NUTS': 'FRY20', 'Country': 'FRA'};sans remise en concurrence;;26-87598;;;;LOT-0002;60400000;;2;1.0;;LA PRESTATION DE SERVICE DE TRANSPORT AERIEN ET SERVICES ASSOCIES POUR LE PERSONNEL ET LES INTERVENANTS DES ETABLISSEMENTS DU G.H.T. DE MARTINIQUE »;ouverte;;;;;False;False;False;8000000.0;7364.0;Établissement d'hospitalisation ;5 000  à  9 999;False;2013-01-01;86.10Z;2008;5710.0;SAS, société par actions simplifiée;10  à  19;False;<NA>;2008;N;79;79.1;79.11;79.11Z;1997-11-17;;Fort-de-France;Martinique;;;Fort-de-France;Martinique;;;;;;;;;
False;;;True;False;False;attribue;;;False;;;2026-09-11;{'StreetName': '1 rue Zizine et des Etages', 'AdditionalStreetName': None, 'CityName': 'Ducos', 'PostalZone': '97224', 'Country': 'FRA'};219722071;True;COMMUNE DE DUCOS;Ville de Ducos (972);;;services;['Pondération 55 %', 'Pondération 45%'];['qualite', 'prix'];[55.0, 45.0];1350.0;False;;False;{'StreetName': 'Ville de Ducos', 'CityName': 'Ducos', 'PostalZone': '97224', 'NUTS': 'FRY20', 'Country': 'FRA'};;;26-87826;;412714.0;;LOT-0001;66515000;;1;2.0;;SERVICES D'ASSURANCES POUR LA COMMUNE DE DUCOS;ouverte;2026/26-02;;;;False;False;False;412714.0;7210.0;Commune et commune nouvelle ;250  à  499;False;1937-06-12;84.11Z;2008;;;;;;<NA>;;;;;<NA>;<NA>;;;;;(14.575849, -60.975807);Ducos;Martinique;;;;;;;;;
False;['33651680'];;True;True;False;attribue;{'StreetName': '10-12 cours Michelet', 'AdditionalStreetName': None, 'CityName': 'PUTEAUX', 'PostalZone': '92800', 'Country': 'FRA'};417890589;True;MSD FRANCE;MSD FRANCE;2026-09-11;{'StreetName': 'RUE GASTON DEFFERRE CS 30137', 'AdditionalStreetName': None, 'CityName': 'Fort-de-france cedex', 'PostalZone': '97201', 'Country': 'FRA'};200055507;True;COLLECTIVITE TERRITORIALE DE MARTINIQUE;COLLECTIVITE TERRITORIALE DE MARTINIQUE;;;fournitures;"['Prix de la prestation (apprécié au regard du montant total de l’offre, tel que résultant du détail quantitatif estimatif (DQE) ou du bordereau des prix unitaires (BPU).)', ""Qualité du service après-vente (appréciée au regard des éléments fournis par le candidat dans son cadre de réponse)\n2.1 - Modalités de reprise en cas d'erreur de commande (10 %)\n• Délais de prise en charge\n• Organisation logistique\n• Conditions financières (frais à la charge du titulaire ou non)\n\n2.2 - Modalités de reprise des vaccins en cas de délai de péremption non conforme ou insuffisant (5 %)\n• Seuils de péremption garantis\n• Procédures de reprise\n• Traçabilité et sécurisation des retours\n\n2.3 - Modalités de reprise en cas de retrait de lots (5 %)"", ""Performances en matière de protection de l'environnement (appréciées au regard des engagements et moyens décrits dans le cadre de réponse)\n3.1 - Caractéristiques environnementales des emballages (5 %)\n• Recyclabilité\n• Part de matériaux recyclés\n• Certifications (type FSC ou équivalent)\n\n3.2 - Réduction et optimisation des conditionnements (5 %)\n• Limitation des suremballages\n• Optimisation des volumes transporté\n\n3.3 - Modalités de gestion des déchets et des conditionnements isothermes et des enregistreurs de températures (5 %)\n• Reprise ou réutilisation des cartons\n• Gestion des pains de glace\n• Dispositifs de valorisation ou recyclage\n\n 3.4 - Organisation des livraisons et du transport (5 %)\n• Fiabilité et sécurisation de la chaîne du froid\n• Délais et flexibilité des livraisons\n• Traçabilité et suivi des livraisons""]";['prix', 'social', 'environnemental & social'];[60.0, 20.0, 20.0];360.0;True;0.0;False;{'StreetName': 'Les livraisons s’effectueront les jours ouvrés du lundi au vendredi de 9 h 00 à 12 h 00, à l’adresse suivante : \nCOLLECTIVITE TERRITORIALE DE MARTINIQUE\nCentre Administratif Territorial de Martinique\nDGA Santé, Prévention et Sports\nService Conseil en Santé et Pharmacie Territoriale\nPorte n° 30 (RDC)\nBoulevard Chevalier Sainte-Marthe', 'CityName': 'FORT-DE-FRANCE CEDEX', 'PostalZone': '97264', 'NUTS': 'FRY20', 'Country': 'FRA'};sans remise en concurrence;;26-87594;;3248.0;;LOT-0001;33651600;1710128.0;13;2.0;;FOURNITURE DE VACCINS POUR LES SERVICES DE LA COLLECTIVITE TERRITORIALE DE MARTINIQUE;ouverte;2025_PMI_0678;3.0;;;False;True;False;1710128.0;7229.0;(Autre) Collectivité territoriale ;2 000  à  4 999;False;2016-01-01;84.11Z;2008;5710.0;SAS, société par actions simplifiée;1 000  à  1 999;False;<NA>;2008;G;46;46.4;46.46;46.46Z;1998-02-27;(48.887909, 2.246855);Puteaux;Hauts-de-Seine;Île-de-France;(14.618256, -61.079745);Fort-de-France;Martinique;;;;;;;;;
False;['33651610'];;True;True;False;attribue;{'StreetName': '82 Avenue Raspail', 'AdditionalStreetName': None, 'CityName': 'GENTILLY', 'PostalZone': '94250', 'Country': 'FRA'};775662257;True;SANOFI WINTHROP INDUSTRIE;SANOFI WINTHROP INDUSTRIE;2026-09-11;{'StreetName': 'RUE GASTON DEFFERRE CS 30137', 'AdditionalStreetName': None, 'CityName': 'Fort-de-france cedex', 'PostalZone': '97201', 'Country': 'FRA'};200055507;True;COLLECTIVITE TERRITORIALE DE MARTINIQUE;COLLECTIVITE TERRITORIALE DE MARTINIQUE;;;fournitures;"['Prix de la prestation (apprécié au regard du montant total de l’offre, tel que résultant du détail quantitatif estimatif (DQE) ou du bordereau des prix unitaires (BPU).)', ""Qualité du service après-vente (appréciée au regard des éléments fournis par le candidat dans son cadre de réponse)\n2.1 - Modalités de reprise en cas d'erreur de commande (10 %)\n• Délais de prise en charge\n• Organisation logistique\n• Conditions financières (frais à la charge du titulaire ou non)\n\n2.2 - Modalités de reprise des vaccins en cas de délai de péremption non conforme ou insuffisant (5 %)\n• Seuils de péremption garantis\n• Procédures de reprise\n• Traçabilité et sécurisation des retours\n\n2.3 - Modalités de reprise en cas de retrait de lots (5 %)"", ""Performances en matière de protection de l'environnement (appréciées au regard des engagements et moyens décrits dans le cadre de réponse)\n3.1 - Caractéristiques environnementales des emballages (5 %)\n• Recyclabilité\n• Part de matériaux recyclés\n• Certifications (type FSC ou équivalent)\n\n3.2 - Réduction et optimisation des conditionnements (5 %)\n• Limitation des suremballages\n• Optimisation des volumes transporté\n\n3.3 - Modalités de gestion des déchets et des conditionnements isothermes et des enregistreurs de températures (5 %)\n• Reprise ou réutilisation des cartons\n• Gestion des pains de glace\n• Dispositifs de valorisation ou recyclage\n\n 3.4 - Organisation des livraisons et du transport (5 %)\n• Fiabilité et sécurisation de la chaîne du froid\n• Délais et flexibilité des livraisons\n• Traçabilité et suivi des livraisons""]";['prix', 'social', 'environnemental & social'];[60.0, 20.0, 20.0];360.0;True;0.0;False;{'StreetName': 'Les livraisons s’effectueront les jours ouvrés du lundi au vendredi de 9 h 00 à 12 h 00, à l’adresse suivante : \nCOLLECTIVITE TERRITORIALE DE MARTINIQUE\nCentre Administratif Territorial de Martinique\nDGA Santé, Prévention et Sports\nService Conseil en Santé et Pharmacie Territoriale\nPorte n° 30 (RDC)\nBoulevard Chevalier Sainte-Marthe', 'CityName': 'FORT-DE-FRANCE CEDEX', 'PostalZone': '97264', 'NUTS': 'FRY20', 'Country': 'FRA'};sans remise en concurrence;;26-87594;;204000.0;;LOT-0002;33651600;1710128.0;13;3.0;;FOURNITURE DE VACCINS POUR LES SERVICES DE LA COLLECTIVITE TERRITORIALE DE MARTINIQUE;ouverte;2025_PMI_0678;3.0;;;False;True;False;1710128.0;7229.0;(Autre) Collectivité territoriale ;2 000  à  4 999;False;2016-01-01;84.11Z;2008;5599.0;SA à conseil d'administration (s.a.i.);5 000  à  9 999;False;<NA>;2008;C;21;21.2;21.2;21.20Z;1973-01-01;(48.810031, 2.34339);Gentilly;Val-de-Marne;Île-de-France;(14.618256, -61.079745);Fort-de-France;Martinique;;;;;;;;;
False;['33651610'];;True;True;False;attribue;{'StreetName': '82 Avenue Raspail', 'AdditionalStreetName': None, 'CityName': 'GENTILLY', 'PostalZone': '94250', 'Country': 'FRA'};775662257;True;SANOFI WINTHROP INDUSTRIE;SANOFI WINTHROP INDUSTRIE;2026-09-11;{'StreetName': 'RUE GASTON DEFFERRE CS 30137', 'AdditionalStreetName': None, 'CityName': 'Fort-de-france cedex', 'PostalZone': '97201', 'Country': 'FRA'};200055507;True;COLLECTIVITE TERRITORIALE DE MARTINIQUE;COLLECTIVITE TERRITORIALE DE MARTINIQUE;;;fournitures;"['Prix de la prestation (apprécié au regard du montant total de l’offre, tel que résultant du détail quantitatif estimatif (DQE) ou du bordereau des prix unitaires (BPU).)', ""Qualité du service après-vente (appréciée au regard des éléments fournis par le candidat dans son cadre de réponse)\n2.1 - Modalités de reprise en cas d'erreur de commande (10 %)\n• Délais de prise en charge\n• Organisation logistique\n• Conditions financières (frais à la charge du titulaire ou non)\n\n2.2 - Modalités de reprise des vaccins en cas de délai de péremption non conforme ou insuffisant (5 %)\n• Seuils de péremption garantis\n• Procédures de reprise\n• Traçabilité et sécurisation des retours\n\n2.3 - Modalités de reprise en cas de retrait de lots (5 %)"", ""Performances en matière de protection de l'environnement (appréciées au regard des engagements et moyens décrits dans le cadre de réponse)\n3.1 – Caractéristiques environnementales des emballages (5 %)\n•\tRecyclabilité\n•\tPart de matériaux recyclés\n•\tCertifications (type FSC ou équivalent)\n\n3.2 – Réduction et optimisation des conditionnements (5 %)\n•\tLimitation des suremballages\n•\tOptimisation des volumes transporté\n\n3.3 – Modalités de gestion des déchets et des conditionnements isothermes et des enregistreurs de températures (5 %)\n•\tReprise ou réutilisation des cartons\n•\tGestion des pains de glace\n•\tDispositifs de valorisation ou recyclage\n\n\t3.4 – Organisation des livraisons et du transport (5 %)\n•\tFiabilité et sécurisation de la chaîne du froid\n•\tDélais et flexibilité des livraisons\n•\tTraçabilité et suivi des livraisons""]";['prix', 'social', 'environnemental & social'];[60.0, 20.0, 20.0];360.0;True;0.0;False;{'StreetName': 'Les livraisons s’effectueront les jours ouvrés du lundi au vendredi de 9 h 00 à 12 h 00, à l’adresse suivante : \nCOLLECTIVITE TERRITORIALE DE MARTINIQUE\nCentre Administratif Territorial de Martinique\nDGA Santé, Prévention et Sports\nService Conseil en Santé et Pharmacie Territoriale\nPorte n° 30 (RDC)\nBoulevard Chevalier Sainte-Marthe', 'CityName': 'FORT-DE-FRANCE CEDEX', 'PostalZone': '97264', 'NUTS': 'FRY20', 'Country': 'FRA'};sans remise en concurrence;;26-87594;;28656.0;;LOT-0003;33651600;1710128.0;13;1.0;;FOURNITURE DE VACCINS POUR LES SERVICES DE LA COLLECTIVITE TERRITORIALE DE MARTINIQUE;ouverte;2025_PMI_0678;3.0;;;False;True;False;1710128.0;7229.0;(Autre) Collectivité territoriale ;2 000  à  4 999;False;2016-01-01;84.11Z;2008;5599.0;SA à conseil d'administration (s.a.i.);5 000  à  9 999;False;<NA>;2008;C;21;21.2;21.2;21.20Z;1973-01-01;(48.810031, 2.34339);Gentilly;Val-de-Marne;Île-de-France;(14.618256, -61.079745);Fort-de-France;Martinique;;;;;;;;;
False;['33651640'];;True;True;False;attribue;{'StreetName': '10-12 cours Michelet', 'AdditionalStreetName': None, 'CityName': 'PUTEAUX', 'PostalZone': '92800', 'Country': 'FRA'};417890589;True;MSD FRANCE;MSD FRANCE;2026-09-11;{'StreetName': 'RUE GASTON DEFFERRE CS 30137', 'AdditionalStreetName': None, 'CityName': 'Fort-de-france cedex', 'PostalZone': '97201', 'Country': 'FRA'};200055507;True;COLLECTIVITE TERRITORIALE DE MARTINIQUE;COLLECTIVITE TERRITORIALE DE MARTINIQUE;;;fournitures;"['Prix de la prestation (apprécié au regard du montant total de l’offre, tel que résultant du détail quantitatif estimatif (DQE) ou du bordereau des prix unitaires (BPU).)', ""Qualité du service après-vente (appréciée au regard des éléments fournis par le candidat dans son cadre de réponse)\n2.1 - Modalités de reprise en cas d'erreur de commande (10 %)\n• Délais de prise en charge\n• Organisation logistique\n• Conditions financières (frais à la charge du titulaire ou non)\n\n2.2 - Modalités de reprise des vaccins en cas de délai de péremption non conforme ou insuffisant (5 %)\n• Seuils de péremption garantis\n• Procédures de reprise\n• Traçabilité et sécurisation des retours\n\n2.3 - Modalités de reprise en cas de retrait de lots (5 %)"", ""Performances en matière de protection de l'environnement (appréciées au regard des engagements et moyens décrits dans le cadre de réponse)\n3.1 - Caractéristiques environnementales des emballages (5 %)\n• Recyclabilité\n• Part de matériaux recyclés\n• Certifications (type FSC ou équivalent)\n\n3.2 - Réduction et optimisation des conditionnements (5 %)\n• Limitation des suremballages\n• Optimisation des volumes transporté\n\n3.3 - Modalités de gestion des déchets et des conditionnements isothermes et des enregistreurs de températures (5 %)\n• Reprise ou réutilisation des cartons\n• Gestion des pains de glace\n• Dispositifs de valorisation ou recyclage\n\n 3.4 - Organisation des livraisons et du transport (5 %)\n• Fiabilité et sécurisation de la chaîne du froid\n• Délais et flexibilité des livraisons\n• Traçabilité et suivi des livraisons""]";['prix', 'social', 'environnemental & social'];[60.0, 20.0, 20.0];360.0;True;0.0;False;{'StreetName': 'Les livraisons s’effectueront les jours ouvrés du lundi au vendredi de 9 h 00 à 12 h 00, à l’adresse suivante : \nCOLLECTIVITE TERRITORIALE DE MARTINIQUE\nCentre Administratif Territorial de Martinique\nDGA Santé, Prévention et Sports\nService Conseil en Santé et Pharmacie Territoriale\nPorte n° 30 (RDC)\nBoulevard Chevalier Sainte-Marthe', 'CityName': 'FORT-DE-FRANCE CEDEX', 'PostalZone': '97264', 'NUTS': 'FRY20', 'Country': 'FRA'};sans remise en concurrence;;26-87594;;70400.0;;LOT-0004;33651600;1710128.0;13;2.0;;FOURNITURE DE VACCINS POUR LES SERVICES DE LA COLLECTIVITE TERRITORIALE DE MARTINIQUE;ouverte;2025_PMI_0678;3.0;;;False;True;False;1710128.0;7229.0;(Autre) Collectivité territoriale ;2 000  à  4 999;False;2016-01-01;84.11Z;2008;5710.0;SAS, société par actions simplifiée;1 000  à  1 999;False;<NA>;2008;G;46;46.4;46.46;46.46Z;1998-02-27;(48.887909, 2.246855);Puteaux;Hauts-de-Seine;Île-de-France;(14.618256, -61.079745);Fort-de-France;Martinique;;;;;;;;;
False;;;True;True;False;non attribue;;;False;;;2026-09-11;{'StreetName': 'RUE GASTON DEFFERRE CS 30137', 'AdditionalStreetName': None, 'CityName': 'Fort-de-france cedex', 'PostalZone': '97201', 'Country': 'FRA'};200055507;True;COLLECTIVITE TERRITORIALE DE MARTINIQUE;COLLECTIVITE TERRITORIALE DE MARTINIQUE;;;fournitures;"['Prix de la prestation (apprécié au regard du montant total de l’offre, tel que résultant du détail quantitatif estimatif (DQE) ou du bordereau des prix unitaires (BPU).)', ""Qualité du service après-vente (appréciée au regard des éléments fournis par le candidat dans son cadre de réponse)\n2.1 - Modalités de reprise en cas d'erreur de commande (10 %)\n• Délais de prise en charge\n• Organisation logistique\n• Conditions financières (frais à la charge du titulaire ou non)\n\n2.2 - Modalités de reprise des vaccins en cas de délai de péremption non conforme ou insuffisant (5 %)\n• Seuils de péremption garantis\n• Procédures de reprise\n• Traçabilité et sécurisation des retours\n\n2.3 - Modalités de reprise en cas de retrait de lots (5 %)"", ""Performances en matière de protection de l'environnement (appréciées au regard des engagements et moyens décrits dans le cadre de réponse)\n3.1 – Caractéristiques environnementales des emballages (5 %)\n•\tRecyclabilité\n•\tPart de matériaux recyclés\n•\tCertifications (type FSC ou équivalent)\n\n3.2 – Réduction et optimisation des conditionnements (5 %)\n•\tLimitation des suremballages\n•\tOptimisation des volumes transporté\n\n3.3 – Modalités de gestion des déchets et des conditionnements isothermes et des enregistreurs de températures (5 %)\n•\tReprise ou réutilisation des cartons\n•\tGestion des pains de glace\n•\tDispositifs de valorisation ou recyclage\n\n\t3.4 – Organisation des livraisons et du transport (5 %)\n•\tFiabilité et sécurisation de la chaîne du froid\n•\tDélais et flexibilité des livraisons\n•\tTraçabilité et suivi des livraisons""]";['prix', 'social', 'environnemental & social'];[60.0, 20.0, 20.0];360.0;True;0.0;False;{'StreetName': 'Les livraisons s’effectueront les jours ouvrés du lundi au vendredi de 9 h 00 à 12 h 00, à l’adresse suivante : \nCOLLECTIVITE TERRITORIALE DE MARTINIQUE\nCentre Administratif Territorial de Martinique\nDGA Santé, Prévention et Sports\nService Conseil en Santé et Pharmacie Territoriale\nPorte n° 30 (RDC)\nBoulevard Chevalier Sainte-Marthe', 'CityName': 'FORT-DE-FRANCE CEDEX', 'PostalZone': '97264', 'NUTS': 'FRY20', 'Country': 'FRA'};sans remise en concurrence;;26-87594;;;;LOT-0005;33651600;1710128.0;13;2.0;;FOURNITURE DE VACCINS POUR LES SERVICES DE LA COLLECTIVITE TERRITORIALE DE MARTINIQUE;ouverte;2025_PMI_0678;3.0;;;False;True;False;1710128.0;7229.0;(Autre) Collectivité territoriale ;2 000  à  4 999;False;2016-01-01;84.11Z;2008;;;;;;<NA>;;;;;<NA>;<NA>;;;;;(14.618256, -61.079745);Fort-de-France;Martinique;;;;;;;;;
False;;;True;True;False;attribue;{'StreetName': '23 Rue François Jacob', 'AdditionalStreetName': None, 'CityName': 'RUEIL MALMAISON', 'PostalZone': '92500', 'Country': 'FRA'};642041362;True;LABORATOIRE GLAXOSMITHKLINE;LABORATOIRE GLAXOSMITHKLINE;2026-09-11;{'StreetName': 'RUE GASTON DEFFERRE CS 30137', 'AdditionalStreetName': None, 'CityName': 'Fort-de-france cedex', 'PostalZone': '97201', 'Country': 'FRA'};200055507;True;COLLECTIVITE TERRITORIALE DE MARTINIQUE;COLLECTIVITE TERRITORIALE DE MARTINIQUE;;;fournitures;"['Prix de la prestation (apprécié au regard du montant total de l’offre, tel que résultant du détail quantitatif estimatif (DQE) ou du bordereau des prix unitaires (BPU).)', ""Qualité du service après-vente (appréciée au regard des éléments fournis par le candidat dans son cadre de réponse)\n2.1 - Modalités de reprise en cas d'erreur de commande (10 %)\n• Délais de prise en charge\n• Organisation logistique\n• Conditions financières (frais à la charge du titulaire ou non)\n\n2.2 - Modalités de reprise des vaccins en cas de délai de péremption non conforme ou insuffisant (5 %)\n• Seuils de péremption garantis\n• Procédures de reprise\n• Traçabilité et sécurisation des retours\n\n2.3 - Modalités de reprise en cas de retrait de lots (5 %)"", ""Performances en matière de protection de l'environnement (appréciées au regard des engagements et moyens décrits dans le cadre de réponse)\n3.1 - Caractéristiques environnementales des emballages (5 %)\n• Recyclabilité\n• Part de matériaux recyclés\n• Certifications (type FSC ou équivalent)\n\n3.2 - Réduction et optimisation des conditionnements (5 %)\n• Limitation des suremballages\n• Optimisation des volumes transporté\n\n3.3 - Modalités de gestion des déchets et des conditionnements isothermes et des enregistreurs de températures (5 %)\n• Reprise ou réutilisation des cartons\n• Gestion des pains de glace\n• Dispositifs de valorisation ou recyclage\n\n 3.4 - Organisation des livraisons et du transport (5 %)\n• Fiabilité et sécurisation de la chaîne du froid\n• Délais et flexibilité des livraisons\n• Traçabilité et suivi des livraisons""]";['prix', 'social', 'environnemental & social'];[60.0, 20.0, 20.0];360.0;True;0.0;False;{'StreetName': 'Les livraisons s’effectueront les jours ouvrés du lundi au vendredi de 9 h 00 à 12 h 00, à l’adresse suivante : \nCOLLECTIVITE TERRITORIALE DE MARTINIQUE\nCentre Administratif Territorial de Martinique\nDGA Santé, Prévention et Sports\nService Conseil en Santé et Pharmacie Territoriale\nPorte n° 30 (RDC)\nBoulevard Chevalier Sainte-Marthe', 'CityName': 'FORT-DE-FRANCE CEDEX', 'PostalZone': '97264', 'NUTS': 'FRY20', 'Country': 'FRA'};sans remise en concurrence;;26-87594;;12240.0;0.0;LOT-0006;33651600;1710128.0;13;1.0;;FOURNITURE DE VACCINS POUR LES SERVICES DE LA COLLECTIVITE TERRITORIALE DE MARTINIQUE;ouverte;2025_PMI_0678;3.0;;;False;True;False;1710128.0;7229.0;(Autre) Collectivité territoriale ;2 000  à  4 999;False;2016-01-01;84.11Z;2008;5710.0;SAS, société par actions simplifiée;1 000  à  1 999;False;<NA>;2008;G;46;46.4;46.46;46.46Z;1964-01-01;(48.890899, 2.17602);Rueil-Malmaison;Hauts-de-Seine;Île-de-France;(14.618256, -61.079745);Fort-de-France;Martinique;;;;;;;;;
False;['33651680'];;True;True;False;attribue;{'StreetName': '23 Rue François Jacob', 'AdditionalStreetName': None, 'CityName': 'RUEIL MALMAISON', 'PostalZone': '92500', 'Country': 'FRA'};642041362;True;LABORATOIRE GLAXOSMITHKLINE;LABORATOIRE GLAXOSMITHKLINE;2026-09-11;{'StreetName': 'RUE GASTON DEFFERRE CS 30137', 'AdditionalStreetName': None, 'CityName': 'Fort-de-france cedex', 'PostalZone': '97201', 'Country': 'FRA'};200055507;True;COLLECTIVITE TERRITORIALE DE MARTINIQUE;COLLECTIVITE TERRITORIALE DE MARTINIQUE;;;fournitures;"['Prix de la prestation (apprécié au regard du montant total de l’offre, tel que résultant du détail quantitatif estimatif (DQE) ou du bordereau des prix unitaires (BPU).)', ""Qualité du service après-vente (appréciée au regard des éléments fournis par le candidat dans son cadre de réponse)\n2.1 - Modalités de reprise en cas d'erreur de commande (10 %)\n• Délais de prise en charge\n• Organisation logistique\n• Conditions financières (frais à la charge du titulaire ou non)\n\n2.2 - Modalités de reprise des vaccins en cas de délai de péremption non conforme ou insuffisant (5 %)\n• Seuils de péremption garantis\n• Procédures de reprise\n• Traçabilité et sécurisation des retours\n\n2.3 - Modalités de reprise en cas de retrait de lots (5 %)"", ""Performances en matière de protection de l'environnement (appréciées au regard des engagements et moyens décrits dans le cadre de réponse)\n3.1 – Caractéristiques environnementales des emballages (5 %)\n•\tRecyclabilité\n•\tPart de matériaux recyclés\n•\tCertifications (type FSC ou équivalent)\n\n3.2 – Réduction et optimisation des conditionnements (5 %)\n•\tLimitation des suremballages\n•\tOptimisation des volumes transporté\n\n3.3 – Modalités de gestion des déchets et des conditionnements isothermes et des enregistreurs de températures (5 %)\n•\tReprise ou réutilisation des cartons\n•\tGestion des pains de glace\n•\tDispositifs de valorisation ou recyclage\n\n\t3.4 – Organisation des livraisons et du transport (5 %)\n•\tFiabilité et sécurisation de la chaîne du froid\n•\tDélais et flexibilité des livraisons\n•\tTraçabilité et suivi des livraisons""]";['prix', 'social', 'environnemental & social'];[60.0, 20.0, 20.0];360.0;True;0.0;False;{'StreetName': 'Les livraisons s’effectueront les jours ouvrés du lundi au vendredi de 9 h 00 à 12 h 00, à l’adresse suivante : \nCOLLECTIVITE TERRITORIALE DE MARTINIQUE\nCentre Administratif Territorial de Martinique\nDGA Santé, Prévention et Sports\nService Conseil en Santé et Pharmacie Territoriale\nPorte n° 30 (RDC)\nBoulevard Chevalier Sainte-Marthe', 'CityName': 'FORT-DE-FRANCE CEDEX', 'PostalZone': '97264', 'NUTS': 'FRY20', 'Country': 'FRA'};sans remise en concurrence;;26-87594;;28000.0;0.0;LOT-0007;33651600;1710128.0;13;1.0;;FOURNITURE DE VACCINS POUR LES SERVICES DE LA COLLECTIVITE TERRITORIALE DE MARTINIQUE;ouverte;2025_PMI_0678;3.0;;;False;True;False;1710128.0;7229.0;(Autre) Collectivité territoriale ;2 000  à  4 999;False;2016-01-01;84.11Z;2008;5710.0;SAS, société par actions simplifiée;1 000  à  1 999;False;<NA>;2008;G;46;46.4;46.46;46.46Z;1964-01-01;(48.890899, 2.17602);Rueil-Malmaison;Hauts-de-Seine;Île-de-France;(14.618256, -61.079745);Fort-de-France;Martinique;;;;;;;;;
False;['33651610', '33651670'];;True;True;False;attribue;{'StreetName': '82 Avenue Raspail', 'AdditionalStreetName': None, 'CityName': 'GENTILLY', 'PostalZone': '94250', 'Country': 'FRA'};775662257;True;SANOFI WINTHROP INDUSTRIE;SANOFI WINTHROP INDUSTRIE;2026-09-11;{'StreetName': 'RUE GASTON DEFFERRE CS 30137', 'AdditionalStreetName': None, 'CityName': 'Fort-de-france cedex', 'PostalZone': '97201', 'Country': 'FRA'};200055507;True;COLLECTIVITE TERRITORIALE DE MARTINIQUE;COLLECTIVITE TERRITORIALE DE MARTINIQUE;;;fournitures;"['Prix de la prestation (apprécié au regard du montant total de l’offre, tel que résultant du détail quantitatif estimatif (DQE) ou du bordereau des prix unitaires (BPU).)', ""Qualité du service après-vente (appréciée au regard des éléments fournis par le candidat dans son cadre de réponse)\n2.1 - Modalités de reprise en cas d'erreur de commande (10 %)\n• Délais de prise en charge\n• Organisation logistique\n• Conditions financières (frais à la charge du titulaire ou non)\n\n2.2 - Modalités de reprise des vaccins en cas de délai de péremption non conforme ou insuffisant (5 %)\n• Seuils de péremption garantis\n• Procédures de reprise\n• Traçabilité et sécurisation des retours\n\n2.3 - Modalités de reprise en cas de retrait de lots (5 %)"", ""Performances en matière de protection de l'environnement (appréciées au regard des engagements et moyens décrits dans le cadre de réponse)\n3.1 - Caractéristiques environnementales des emballages (5 %)\n• Recyclabilité\n• Part de matériaux recyclés\n• Certifications (type FSC ou équivalent)\n\n3.2 - Réduction et optimisation des conditionnements (5 %)\n• Limitation des suremballages\n• Optimisation des volumes transporté\n\n3.3 - Modalités de gestion des déchets et des conditionnements isothermes et des enregistreurs de températures (5 %)\n• Reprise ou réutilisation des cartons\n• Gestion des pains de glace\n• Dispositifs de valorisation ou recyclage\n\n 3.4 - Organisation des livraisons et du transport (5 %)\n• Fiabilité et sécurisation de la chaîne du froid\n• Délais et flexibilité des livraisons\n• Traçabilité et suivi des livraisons""]";['prix', 'social', 'environnemental & social'];[60.0, 20.0, 20.0];360.0;True;0.0;False;{'StreetName': 'Les livraisons s’effectueront les jours ouvrés du lundi au vendredi de 9 h 00 à 12 h 00, à l’adresse suivante : \nCOLLECTIVITE TERRITORIALE DE MARTINIQUE\nCentre Administratif Territorial de Martinique\nDGA Santé, Prévention et Sports\nService Conseil en Santé et Pharmacie Territoriale\nPorte n° 30 (RDC)\nBoulevard Chevalier Sainte-Marthe', 'CityName': 'FORT-DE-FRANCE CEDEX', 'PostalZone': '97264', 'NUTS': 'FRY20', 'Country': 'FRA'};sans remise en concurrence;;26-87594;;103200.0;;LOT-0008;33651600;1710128.0;13;2.0;;FOURNITURE DE VACCINS POUR LES SERVICES DE LA COLLECTIVITE TERRITORIALE DE MARTINIQUE;ouverte;2025_PMI_0678;3.0;;;False;True;False;1710128.0;7229.0;(Autre) Collectivité territoriale ;2 000  à  4 999;False;2016-01-01;84.11Z;2008;5599.0;SA à conseil d'administration (s.a.i.);5 000  à  9 999;False;<NA>;2008;C;21;21.2;21.2;21.20Z;1973-01-01;(48.810031, 2.34339);Gentilly;Val-de-Marne;Île-de-France;(14.618256, -61.079745);Fort-de-France;Martinique;;;;;;;;;
False;['33651660'];;True;True;False;attribue;{'StreetName': '82 Avenue Raspail', 'AdditionalStreetName': None, 'CityName': 'GENTILLY', 'PostalZone': '94250', 'Country': 'FRA'};775662257;True;SANOFI WINTHROP INDUSTRIE;SANOFI WINTHROP INDUSTRIE;2026-09-11;{'StreetName': 'RUE GASTON DEFFERRE CS 30137', 'AdditionalStreetName': None, 'CityName': 'Fort-de-france cedex', 'PostalZone': '97201', 'Country': 'FRA'};200055507;True;COLLECTIVITE TERRITORIALE DE MARTINIQUE;COLLECTIVITE TERRITORIALE DE MARTINIQUE;;;fournitures;"['Prix de la prestation (apprécié au regard du montant total de l’offre, tel que résultant du détail quantitatif estimatif (DQE) ou du bordereau des prix unitaires (BPU).)', ""Qualité du service après-vente (appréciée au regard des éléments fournis par le candidat dans son cadre de réponse)\n2.1 - Modalités de reprise en cas d'erreur de commande (10 %)\n• Délais de prise en charge\n• Organisation logistique\n• Conditions financières (frais à la charge du titulaire ou non)\n\n2.2 - Modalités de reprise des vaccins en cas de délai de péremption non conforme ou insuffisant (5 %)\n• Seuils de péremption garantis\n• Procédures de reprise\n• Traçabilité et sécurisation des retours\n\n2.3 - Modalités de reprise en cas de retrait de lots (5 %)"", ""Performances en matière de protection de l'environnement (appréciées au regard des engagements et moyens décrits dans le cadre de réponse)\n3.1 - Caractéristiques environnementales des emballages (5 %)\n• Recyclabilité\n• Part de matériaux recyclés\n• Certifications (type FSC ou équivalent)\n\n3.2 - Réduction et optimisation des conditionnements (5 %)\n• Limitation des suremballages\n• Optimisation des volumes transporté\n\n3.3 - Modalités de gestion des déchets et des conditionnements isothermes et des enregistreurs de températures (5 %)\n• Reprise ou réutilisation des cartons\n• Gestion des pains de glace\n• Dispositifs de valorisation ou recyclage\n\n 3.4 - Organisation des livraisons et du transport (5 %)\n• Fiabilité et sécurisation de la chaîne du froid\n• Délais et flexibilité des livraisons\n• Traçabilité et suivi des livraisons""]";['prix', 'social', 'environnemental & social'];[60.0, 20.0, 20.0];360.0;True;0.0;False;{'StreetName': 'Les livraisons s’effectueront les jours ouvrés du lundi au vendredi de 9 h 00 à 12 h 00, à l’adresse suivante : \nCOLLECTIVITE TERRITORIALE DE MARTINIQUE\nCentre Administratif Territorial de Martinique\nDGA Santé, Prévention et Sports\nService Conseil en Santé et Pharmacie Territoriale\nPorte n° 30 (RDC)\nBoulevard Chevalier Sainte-Marthe', 'CityName': 'FORT-DE-FRANCE CEDEX', 'PostalZone': '97264', 'NUTS': 'FRY20', 'Country': 'FRA'};sans remise en concurrence;;26-87594;;64740.0;;LOT-0009;33651600;1710128.0;13;1.0;;FOURNITURE DE VACCINS POUR LES SERVICES DE LA COLLECTIVITE TERRITORIALE DE MARTINIQUE;ouverte;2025_PMI_0678;3.0;;;False;True;False;1710128.0;7229.0;(Autre) Collectivité territoriale ;2 000  à  4 999;False;2016-01-01;84.11Z;2008;5599.0;SA à conseil d'administration (s.a.i.);5 000  à  9 999;False;<NA>;2008;C;21;21.2;21.2;21.20Z;1973-01-01;(48.810031, 2.34339);Gentilly;Val-de-Marne;Île-de-France;(14.618256, -61.079745);Fort-de-France;Martinique;;;;;;;;;
False;;;True;True;False;attribue;{'StreetName': '10-12 cours Michelet', 'AdditionalStreetName': None, 'CityName': 'PUTEAUX', 'PostalZone': '92800', 'Country': 'FRA'};417890589;True;MSD FRANCE;MSD FRANCE;2026-09-11;{'StreetName': 'RUE GASTON DEFFERRE CS 30137', 'AdditionalStreetName': None, 'CityName': 'Fort-de-france cedex', 'PostalZone': '97201', 'Country': 'FRA'};200055507;True;COLLECTIVITE TERRITORIALE DE MARTINIQUE;COLLECTIVITE TERRITORIALE DE MARTINIQUE;;;fournitures;"['Prix de la prestation (apprécié au regard du montant total de l’offre, tel que résultant du détail quantitatif estimatif (DQE) ou du bordereau des prix unitaires (BPU).)', ""Qualité du service après-vente (appréciée au regard des éléments fournis par le candidat dans son cadre de réponse)\n2.1 - Modalités de reprise en cas d'erreur de commande (10 %)\n• Délais de prise en charge\n• Organisation logistique\n• Conditions financières (frais à la charge du titulaire ou non)\n\n2.2 - Modalités de reprise des vaccins en cas de délai de péremption non conforme ou insuffisant (5 %)\n• Seuils de péremption garantis\n• Procédures de reprise\n• Traçabilité et sécurisation des retours\n\n2.3 - Modalités de reprise en cas de retrait de lots (5 %)"", ""Performances en matière de protection de l'environnement (appréciées au regard des engagements et moyens décrits dans le cadre de réponse)\n3.1 - Caractéristiques environnementales des emballages (5 %)\n• Recyclabilité\n• Part de matériaux recyclés\n• Certifications (type FSC ou équivalent)\n\n3.2 - Réduction et optimisation des conditionnements (5 %)\n• Limitation des suremballages\n• Optimisation des volumes transporté\n\n3.3 - Modalités de gestion des déchets et des conditionnements isothermes et des enregistreurs de températures (5 %)\n• Reprise ou réutilisation des cartons\n• Gestion des pains de glace\n• Dispositifs de valorisation ou recyclage\n\n 3.4 - Organisation des livraisons et du transport (5 %)\n• Fiabilité et sécurisation de la chaîne du froid\n• Délais et flexibilité des livraisons\n• Traçabilité et suivi des livraisons""]";['prix', 'social', 'environnemental & social'];[60.0, 20.0, 20.0];360.0;True;0.0;False;{'StreetName': 'Les livraisons s’effectueront les jours ouvrés du lundi au vendredi de 9 h 00 à 12 h 00, à l’adresse suivante : \nCOLLECTIVITE TERRITORIALE DE MARTINIQUE\nCentre Administratif Territorial de Martinique\nDGA Santé, Prévention et Sports\nService Conseil en Santé et Pharmacie Territoriale\nPorte n° 30 (RDC)\nBoulevard Chevalier Sainte-Marthe', 'CityName': 'FORT-DE-FRANCE CEDEX', 'PostalZone': '97264', 'NUTS': 'FRY20', 'Country': 'FRA'};sans remise en concurrence;;26-87594;;660000.0;;LOT-0010;33651600;1710128.0;13;1.0;;FOURNITURE DE VACCINS POUR LES SERVICES DE LA COLLECTIVITE TERRITORIALE DE MARTINIQUE;ouverte;2025_PMI_0678;3.0;;;False;True;False;1710128.0;7229.0;(Autre) Collectivité territoriale ;2 000  à  4 999;False;2016-01-01;84.11Z;2008;5710.0;SAS, société par actions simplifiée;1 000  à  1 999;False;<NA>;2008;G;46;46.4;46.46;46.46Z;1998-02-27;(48.887909, 2.246855);Puteaux;Hauts-de-Seine;Île-de-France;(14.618256, -61.079745);Fort-de-France;Martinique;;;;;;;;;
False;;;True;True;False;attribue;{'StreetName': '23 Rue François Jacob', 'AdditionalStreetName': None, 'CityName': 'RUEIL MALMAISON', 'PostalZone': '92500', 'Country': 'FRA'};642041362;True;LABORATOIRE GLAXOSMITHKLINE;LABORATOIRE GLAXOSMITHKLINE;2026-09-11;{'StreetName': 'RUE GASTON DEFFERRE CS 30137', 'AdditionalStreetName': None, 'CityName': 'Fort-de-france cedex', 'PostalZone': '97201', 'Country': 'FRA'};200055507;True;COLLECTIVITE TERRITORIALE DE MARTINIQUE;COLLECTIVITE TERRITORIALE DE MARTINIQUE;;;fournitures;"['Prix de la prestation (apprécié au regard du montant total de l’offre, tel que résultant du détail quantitatif estimatif (DQE) ou du bordereau des prix unitaires (BPU).)', ""Qualité du service après-vente (appréciée au regard des éléments fournis par le candidat dans son cadre de réponse)\n2.1 - Modalités de reprise en cas d'erreur de commande (10 %)\n• Délais de prise en charge\n• Organisation logistique\n• Conditions financières (frais à la charge du titulaire ou non)\n\n2.2 - Modalités de reprise des vaccins en cas de délai de péremption non conforme ou insuffisant (5 %)\n• Seuils de péremption garantis\n• Procédures de reprise\n• Traçabilité et sécurisation des retours\n\n2.3 - Modalités de reprise en cas de retrait de lots (5 %)"", ""Performances en matière de protection de l'environnement (appréciées au regard des engagements et moyens décrits dans le cadre de réponse)\n3.1 - Caractéristiques environnementales des emballages (5 %)\n• Recyclabilité\n• Part de matériaux recyclés\n• Certifications (type FSC ou équivalent)\n\n3.2 - Réduction et optimisation des conditionnements (5 %)\n• Limitation des suremballages\n• Optimisation des volumes transporté\n\n3.3 - Modalités de gestion des déchets et des conditionnements isothermes et des enregistreurs de températures (5 %)\n• Reprise ou réutilisation des cartons\n• Gestion des pains de glace\n• Dispositifs de valorisation ou recyclage\n\n 3.4 - Organisation des livraisons et du transport (5 %)\n• Fiabilité et sécurisation de la chaîne du froid\n• Délais et flexibilité des livraisons\n• Traçabilité et suivi des livraisons""]";['prix', 'social', 'environnemental & social'];[60.0, 20.0, 20.0];360.0;True;0.0;False;{'StreetName': 'Les livraisons s’effectueront les jours ouvrés du lundi au vendredi de 9 h 00 à 12 h 00, à l’adresse suivante : \nCOLLECTIVITE TERRITORIALE DE MARTINIQUE\nCentre Administratif Territorial de Martinique\nDGA Santé, Prévention et Sports\nService Conseil en Santé et Pharmacie Territoriale\nPorte n° 30 (RDC)\nBoulevard Chevalier Sainte-Marthe', 'CityName': 'FORT-DE-FRANCE CEDEX', 'PostalZone': '97264', 'NUTS': 'FRY20', 'Country': 'FRA'};sans remise en concurrence;;26-87594;;235068.0;;LOT-0011;33651600;1710128.0;13;1.0;;FOURNITURE DE VACCINS POUR LES SERVICES DE LA COLLECTIVITE TERRITORIALE DE MARTINIQUE;ouverte;2025_PMI_0678;3.0;;;False;True;False;1710128.0;7229.0;(Autre) Collectivité territoriale ;2 000  à  4 999;False;2016-01-01;84.11Z;2008;5710.0;SAS, société par actions simplifiée;1 000  à  1 999;False;<NA>;2008;G;46;46.4;46.46;46.46Z;1964-01-01;(48.890899, 2.17602);Rueil-Malmaison;Hauts-de-Seine;Île-de-France;(14.618256, -61.079745);Fort-de-France;Martinique;;;;;;;;;
False;;;True;True;False;attribue;{'StreetName': '10-12 cours Michelet', 'AdditionalStreetName': None, 'CityName': 'PUTEAUX', 'PostalZone': '92800', 'Country': 'FRA'};417890589;True;MSD FRANCE;MSD FRANCE;2026-09-11;{'StreetName': 'RUE GASTON DEFFERRE CS 30137', 'AdditionalStreetName': None, 'CityName': 'Fort-de-france cedex', 'PostalZone': '97201', 'Country': 'FRA'};200055507;True;COLLECTIVITE TERRITORIALE DE MARTINIQUE;COLLECTIVITE TERRITORIALE DE MARTINIQUE;;;fournitures;"['Prix de la prestation (apprécié au regard du montant total de l’offre, tel que résultant du détail quantitatif estimatif (DQE) ou du bordereau des prix unitaires (BPU).)', ""Qualité du service après-vente (appréciée au regard des éléments fournis par le candidat dans son cadre de réponse)\n2.1 - Modalités de reprise en cas d'erreur de commande (10 %)\n• Délais de prise en charge\n• Organisation logistique\n• Conditions financières (frais à la charge du titulaire ou non)\n\n2.2 - Modalités de reprise des vaccins en cas de délai de péremption non conforme ou insuffisant (5 %)\n• Seuils de péremption garantis\n• Procédures de reprise\n• Traçabilité et sécurisation des retours\n\n2.3 - Modalités de reprise en cas de retrait de lots (5 %)"", ""Performances en matière de protection de l'environnement (appréciées au regard des engagements et moyens décrits dans le cadre de réponse)\n3.1 - Caractéristiques environnementales des emballages (5 %)\n• Recyclabilité\n• Part de matériaux recyclés\n• Certifications (type FSC ou équivalent)\n\n3.2 - Réduction et optimisation des conditionnements (5 %)\n• Limitation des suremballages\n• Optimisation des volumes transporté\n\n3.3 - Modalités de gestion des déchets et des conditionnements isothermes et des enregistreurs de températures (5 %)\n• Reprise ou réutilisation des cartons\n• Gestion des pains de glace\n• Dispositifs de valorisation ou recyclage\n\n 3.4 - Organisation des livraisons et du transport (5 %)\n• Fiabilité et sécurisation de la chaîne du froid\n• Délais et flexibilité des livraisons\n• Traçabilité et suivi des livraisons""]";['prix', 'social', 'environnemental & social'];[60.0, 20.0, 20.0];360.0;True;0.0;False;{'StreetName': 'Les livraisons s’effectueront les jours ouvrés du lundi au vendredi de 9 h 00 à 12 h 00, à l’adresse suivante : \nCOLLECTIVITE TERRITORIALE DE MARTINIQUE\nCentre Administratif Territorial de Martinique\nDGA Santé, Prévention et Sports\nService Conseil en Santé et Pharmacie Territoriale\nPorte n° 30 (RDC)\nBoulevard Chevalier Sainte-Marthe', 'CityName': 'FORT-DE-FRANCE CEDEX', 'PostalZone': '97264', 'NUTS': 'FRY20', 'Country': 'FRA'};sans remise en concurrence;;26-87594;;63792.0;;LOT-0012;33651600;1710128.0;13;2.0;;FOURNITURE DE VACCINS POUR LES SERVICES DE LA COLLECTIVITE TERRITORIALE DE MARTINIQUE;ouverte;2025_PMI_0678;3.0;;;False;True;False;1710128.0;7229.0;(Autre) Collectivité territoriale ;2 000  à  4 999;False;2016-01-01;84.11Z;2008;5710.0;SAS, société par actions simplifiée;1 000  à  1 999;False;<NA>;2008;G;46;46.4;46.46;46.46Z;1998-02-27;(48.887909, 2.246855);Puteaux;Hauts-de-Seine;Île-de-France;(14.618256, -61.079745);Fort-de-France;Martinique;;;;;;;;;
False;;;True;True;False;attribue;{'StreetName': '82 Avenue Raspail', 'AdditionalStreetName': None, 'CityName': 'GENTILLY', 'PostalZone': '94250', 'Country': 'FRA'};775662257;True;SANOFI WINTHROP INDUSTRIE;SANOFI WINTHROP INDUSTRIE;2026-09-11;{'StreetName': 'RUE GASTON DEFFERRE CS 30137', 'AdditionalStreetName': None, 'CityName': 'Fort-de-france cedex', 'PostalZone': '97201', 'Country': 'FRA'};200055507;True;COLLECTIVITE TERRITORIALE DE MARTINIQUE;COLLECTIVITE TERRITORIALE DE MARTINIQUE;;;fournitures;"['Prix de la prestation (apprécié au regard du montant total de l’offre, tel que résultant du détail quantitatif estimatif (DQE) ou du bordereau des prix unitaires (BPU).)', ""Qualité du service après-vente (appréciée au regard des éléments fournis par le candidat dans son cadre de réponse)\n2.1 - Modalités de reprise en cas d'erreur de commande (10 %)\n• Délais de prise en charge\n• Organisation logistique\n• Conditions financières (frais à la charge du titulaire ou non)\n\n2.2 - Modalités de reprise des vaccins en cas de délai de péremption non conforme ou insuffisant (5 %)\n• Seuils de péremption garantis\n• Procédures de reprise\n• Traçabilité et sécurisation des retours\n\n2.3 - Modalités de reprise en cas de retrait de lots (5 %)"", ""Performances en matière de protection de l'environnement (appréciées au regard des engagements et moyens décrits dans le cadre de réponse)\n3.1 - Caractéristiques environnementales des emballages (5 %)\n• Recyclabilité\n• Part de matériaux recyclés\n• Certifications (type FSC ou équivalent)\n\n3.2 - Réduction et optimisation des conditionnements (5 %)\n• Limitation des suremballages\n• Optimisation des volumes transporté\n\n3.3 - Modalités de gestion des déchets et des conditionnements isothermes et des enregistreurs de températures (5 %)\n• Reprise ou réutilisation des cartons\n• Gestion des pains de glace\n• Dispositifs de valorisation ou recyclage\n\n 3.4 - Organisation des livraisons et du transport (5 %)\n• Fiabilité et sécurisation de la chaîne du froid\n• Délais et flexibilité des livraisons\n• Traçabilité et suivi des livraisons""]";['prix', 'social', 'environnemental & social'];[60.0, 20.0, 20.0];360.0;True;0.0;False;{'StreetName': 'Les livraisons s’effectueront les jours ouvrés du lundi au vendredi de 9 h 00 à 12 h 00, à l’adresse suivante : \nCOLLECTIVITE TERRITORIALE DE MARTINIQUE\nCentre Administratif Territorial de Martinique\nDGA Santé, Prévention et Sports\nService Conseil en Santé et Pharmacie Territoriale\nPorte n° 30 (RDC)\nBoulevard Chevalier Sainte-Marthe', 'CityName': 'FORT-DE-FRANCE CEDEX', 'PostalZone': '97264', 'NUTS': 'FRY20', 'Country': 'FRA'};sans remise en concurrence;;26-87594;;236784.0;;LOT-0013;33651600;1710128.0;13;1.0;;FOURNITURE DE VACCINS POUR LES SERVICES DE LA COLLECTIVITE TERRITORIALE DE MARTINIQUE;ouverte;2025_PMI_0678;3.0;;;False;True;False;1710128.0;7229.0;(Autre) Collectivité territoriale ;2 000  à  4 999;False;2016-01-01;84.11Z;2008;5599.0;SA à conseil d'administration (s.a.i.);5 000  à  9 999;False;<NA>;2008;C;21;21.2;21.2;21.20Z;1973-01-01;(48.810031, 2.34339);Gentilly;Val-de-Marne;Île-de-France;(14.618256, -61.079745);Fort-de-France;Martinique;;;;;;;;;
False;;;True;True;False;attribue;{'StreetName': '28 ROUTE DE LA BRESSANDIERE', 'AdditionalStreetName': None, 'CityName': 'CHATILLON SUR THOUET', 'PostalZone': '79200', 'Country': 'FRA'};382439750;True;LMC SERVICES DEUX-SEVRES;NICKEL STAR;2026-09-11;{'StreetName': 'Département des Deux-Sèvres - Mail Lucie Aubrac Place Denfert-Rochereau - CS58880', 'AdditionalStreetName': None, 'CityName': 'NIORT', 'PostalZone': '79000', 'Country': 'FRA'};227900016;True;DEPARTEMENT DES DEUX SEVRES;DEPARTEMENT DES DEUX-SEVRES;;;services;['Prix', 'Valeur Technique', 'Démarche environnementale'];['prix', 'technique', 'environnemental'];[50.0, 40.0, 10.0];1460.0;True;1046448.0;False;{'StreetName': None, 'CityName': None, 'PostalZone': None, 'NUTS': 'FRI33', 'Country': 'FRA'};sans remise en concurrence;;26-87837;;122828.16;445728.0;LOT-0001;90911200;2092896.0;2;1.0;;Prestations de nettoyage des bâtiments du Département des Deux-Sèvres - 2025-2029 - Relance des lots 1 et 2;ouverte;DB-2025-067;1.0;;;False;False;False;;7220.0;Département ;1 000  à  1 999;False;1978-01-01;84.11Z;2008;5710.0;SAS, société par actions simplifiée;20  à  49;<NA>;<NA>;2008;N;81;81.2;81.21;81.21Z;1991-07-01;(46.6689, -0.255723);Châtillon-sur-Thouet;Deux-Sèvres;Nouvelle-Aquitaine;(46.329764, -0.45935);Niort;Deux-Sèvres;Nouvelle-Aquitaine;;;;;;;;
False;;;True;True;False;attribue;{'StreetName': '28 ROUTE DE LA BRESSANDIERE', 'AdditionalStreetName': None, 'CityName': 'CHATILLON SUR THOUET', 'PostalZone': '79200', 'Country': 'FRA'};382439750;True;LMC SERVICES DEUX-SEVRES;NICKEL STAR;2026-09-11;{'StreetName': 'Département des Deux-Sèvres - Mail Lucie Aubrac Place Denfert-Rochereau - CS58880', 'AdditionalStreetName': None, 'CityName': 'NIORT', 'PostalZone': '79000', 'Country': 'FRA'};227900016;True;DEPARTEMENT DES DEUX SEVRES;DEPARTEMENT DES DEUX-SEVRES;;;services;['Prix', 'Valeur Technique', 'Démarche environnementale'];['prix', 'technique', 'environnemental'];[50.0, 40.0, 10.0];1460.0;True;1046448.0;False;{'StreetName': None, 'CityName': None, 'PostalZone': None, 'NUTS': 'FRI33', 'Country': 'FRA'};sans remise en concurrence;;26-87837;;116582.88;600720.0;LOT-0002;90911200;2092896.0;2;1.0;;Prestations de nettoyage des bâtiments du Département des Deux-Sèvres - 2025-2029 - Relance des lots 1 et 2;ouverte;DB-2025-067;1.0;;;False;False;False;;7220.0;Département ;1 000  à  1 999;False;1978-01-01;84.11Z;2008;5710.0;SAS, société par actions simplifiée;20  à  49;<NA>;<NA>;2008;N;81;81.2;81.21;81.21Z;1991-07-01;(46.6689, -0.255723);Châtillon-sur-Thouet;Deux-Sèvres;Nouvelle-Aquitaine;(46.329764, -0.45935);Niort;Deux-Sèvres;Nouvelle-Aquitaine;;;;;;;;
False;;;True;False;False;attribue;;;False;;;2026-09-11;{'StreetName': 'Place Charles de GAULLE', 'AdditionalStreetName': None, 'CityName': 'RODEZ', 'PostalZone': '12000', 'Country': 'FRA'};221200017;True;DEPARTEMENT DE L AVEYRON;DEPARTEMENT DE L'AVEYRON (CD12);;;services;['1.\tValeur technique : 70 %', '2.\tPrix des prestations : 30 %'];['technique', 'prix'];[70.0, 30.0];365.0;False;;False;{'StreetName': None, 'CityName': None, 'PostalZone': None, 'NUTS': 'FRJ22', 'Country': 'FRA'};sans remise en concurrence;;26-87489;;5200000.0;;LOT-0001;79620000;5200000.0;1;2.0;;Appel d'offres ouvert;ouverte;2026E0034;;;;False;False;True;5200000.0;7220.0;Département ;1 000  à  1 999;False;1983-03-01;84.11Z;2008;;;;;;<NA>;;;;;<NA>;<NA>;;;;;(44.349468, 2.574811);Rodez;Aveyron;Occitanie;;;;;;;;
False;;;True;True;False;attribue;{'StreetName': '15 rue Pierre Angenieux – Z.I. des Maltières', 'AdditionalStreetName': None, 'CityName': 'EVRON', 'PostalZone': '53600', 'Country': 'FRA'};404187429;True;PAUDOIE MACHINES AGRICOLES;SARL PAUDOIE MACHINES AGRICOLES;2026-09-11;{'StreetName': '2 avenue Raoul Vadepied - Châtres-la-Forêt - BP 130', 'AdditionalStreetName': None, 'CityName': 'EVRON CEDEX', 'PostalZone': '53601', 'Country': 'FRA'};200033298;True;COMMUNAUTE DE COMMUNES DES COEVRONS;Communauté de communes des Coëvrons (53);;;fournitures;"[""Les critère d'attribution figurent dans le règlement de la consultation""]";['qualite'];;150.0;False;;False;{'StreetName': None, 'CityName': 'EVRON', 'PostalZone': '53600', 'NUTS': 'FRG03', 'Country': 'FRA'};;;26-87497;;128880.0;;LOT-0001;16700000;;3;4.0;;Achat d’équipements pour fauchage-débroussaillage et désherbage des voiries;ouverte;;;;;False;False;False;304160.0;7346.0;Communauté de communes ;500  à  999;False;2012-12-31;84.11Z;2008;5499.0;Société à responsabilité limitée (sans autre indication);3  à  5;<NA>;<NA>;2008;G;46;46.6;46.61;46.61Z;1996-03-01;(48.165692, -0.408176);Évron;Mayenne;Pays de la Loire;(48.144498, -0.416651);Évron;Mayenne;Pays de la Loire;;;;;;;;
False;;;True;True;False;attribue;{'StreetName': '166 rue Ampère - Dynapôle Ludres – Fléville – BP 60093', 'AdditionalStreetName': None, 'CityName': 'LUDRES CEDEX', 'PostalZone': '54714', 'Country': 'FRA'};322213679;True;NOREMAT;NOREMAT SAS;2026-09-11;{'StreetName': '2 avenue Raoul Vadepied - Châtres-la-Forêt - BP 130', 'AdditionalStreetName': None, 'CityName': 'EVRON CEDEX', 'PostalZone': '53601', 'Country': 'FRA'};200033298;True;COMMUNAUTE DE COMMUNES DES COEVRONS;Communauté de communes des Coëvrons (53);;;fournitures;"[""Les critère d'attribution figurent dans le règlement de la consultation""]";['qualite'];;120.0;False;;False;{'StreetName': None, 'CityName': 'EVRON', 'PostalZone': '53600', 'NUTS': 'FRG03', 'Country': 'FRA'};;;26-87497;;65445.0;;LOT-0002;16000000;;3;4.0;;Achat d’équipements pour fauchage-débroussaillage et désherbage des voiries;ouverte;;;;;False;False;False;304160.0;7346.0;Communauté de communes ;500  à  999;False;2012-12-31;84.11Z;2008;5710.0;SAS, société par actions simplifiée;250  à  499;False;<NA>;2008;C;28;28.3;28.3;28.30Z;1981-06-01;(48.618556, 6.184457);Ludres;Meurthe-et-Moselle;Grand Est;(48.144498, -0.416651);Évron;Mayenne;Pays de la Loire;;;;;;;;
False;;;True;True;False;attribue;{'StreetName': '60 Bd de la Haie des Cognets', 'AdditionalStreetName': None, 'CityName': 'SAINT JACQUES DE LA LANDE', 'PostalZone': '35136', 'Country': 'FRA'};522119114;True;OELIATEC;OELIATEC SARL;2026-09-11;{'StreetName': '2 avenue Raoul Vadepied - Châtres-la-Forêt - BP 130', 'AdditionalStreetName': None, 'CityName': 'EVRON CEDEX', 'PostalZone': '53601', 'Country': 'FRA'};200033298;True;COMMUNAUTE DE COMMUNES DES COEVRONS;Communauté de communes des Coëvrons (53);;;fournitures;"[""Les critère d'attribution figurent dans le règlement de la consultation""]";['qualite'];;63.0;False;;False;{'StreetName': None, 'CityName': 'EVRON', 'PostalZone': '53600', 'NUTS': 'FRG03', 'Country': 'FRA'};;;26-87497;;109834.0;;LOT-0003;34114000;;3;1.0;;Achat d’équipements pour fauchage-débroussaillage et désherbage des voiries;ouverte;;;;;False;False;False;304160.0;7346.0;Communauté de communes ;500  à  999;False;2012-12-31;84.11Z;2008;5499.0;Société à responsabilité limitée (sans autre indication);10  à  19;False;<NA>;2008;C;28;28.3;28.3;28.30Z;2010-04-14;(48.080417, -1.737134);Saint-Jacques-de-la-Lande;Ille-et-Vilaine;Bretagne;(48.144498, -0.416651);Évron;Mayenne;Pays de la Loire;;;;;;;;
False;;;True;False;False;attribue;{'StreetName': None, 'AdditionalStreetName': None, 'CityName': 'Rueil-Malmaison', 'PostalZone': '92500', 'Country': 'FRA'};968800847;True;VOYAGES C. MATHEZ;Voyages C.Mathez;2026-09-11;{'StreetName': None, 'AdditionalStreetName': None, 'CityName': 'Centre Kinga – 90, route Nationale 1 - Kawéni', 'PostalZone': '97600', 'Country': 'FRA'};130025927;True;AGENCE REGIONALE DE SANTE MAYOTTE;ARS DE MAYOTTE;;;services;"[""Objet du marché\n\nLe présent accord-cadre a pour objet l'acquisition de billets d'avion pour les agents de l'Agence Régionale de Santé (ARS) de Mayotte, dans le cadre de la gestion de leurs déplacements professionnels.\n\nPérimètre de la prestation\n\nLe marché couvre la réservation, la gestion et le suivi des billets d'avion nécessaires aux déplacements :\n\ndes agents de l'ARS Mayotte dans l'exercice de leurs missions professionnelles ;\ndes personnes missionnées ou invitées par l'ARS Mayotte dans le cadre de ses activités (intervenants extérieurs, experts, partenaires institutionnels, etc.).\n\nLes déplacements concernés incluent les liaisons entre Mayotte, la France métropolitaine et les départements et régions d'outre-mer (DROM).\n\nPrestations attendues\n\nLe titulaire doit mettre à disposition de l'ARS Mayotte une plateforme internet dédiée à la gestion des réservations, permettant :\n\nla réservation, la modification et l'annulation des billets d'avion ;\nle suivi des transactions et des dépenses associées ;\nun accès sécurisé garantissant la confidentialité des données des agents et des déplacements.\n\nLe titulaire assure également :\n\nun service client réactif et disponible, avec des moyens de contact adaptés (téléphone, courriel, plateforme en ligne) ;\nla formation du service dédié de l'ARS Mayotte à l'utilisation de la plateforme ;\nun accompagnement dans la mise en œuvre et l'activation de l'espace professionnel.\n\nModalités contractuelles\n\nLe marché est conclu sous la forme d'un accord-cadre à lot unique, pour une durée de 48 mois, pour un montant maximum de 500 000 € HT sur la durée totale du marché.\n\nEngagements environnementaux et sociaux\n\nLe titulaire s'engage à mettre en œuvre des mesures visant à limiter l'impact environnemental des déplacements aériens, notamment par des dispositifs de compensation carbone et la promotion de solutions numériques éco-responsables dans la gestion de la plateforme.""]";['environnemental & social'];;;False;;False;{'StreetName': None, 'CityName': None, 'PostalZone': None, 'NUTS': 'FRY50', 'Country': 'FRA'};avec remise en concurrence;;26-87681;25-20619;500000.0;;LOT-0001;60400000;500000.0;1;1.0;;La gestion des déplacements professionnels des agents de l’Agence Régionale de Santé de Mayotte (ARS);ouverte;2025_010;;False;False;False;False;False;500000.0;7385.0;Autre établissement public national administratif à compétence territoriale limitée ;;False;2020-01-01;84.12Z;2008;5710.0;SAS, société par actions simplifiée;20  à  49;False;<NA>;2008;N;82;82.3;82.3;82.30Z;1968-01-01;;Rueil-Malmaison;Hauts-de-Seine;Île-de-France;;Wailly-Beaucamp;Pas-de-Calais;Hauts-de-France;;;;;;;;
