procedure_acceleree;cpv_supp;publicite;omc;allotissement;modifie;decision;adresse_fournisseur;siren_fournisseur;siren_fournisseur_connu;nom_siren_fournisseur;nom_declare_fournisseur;date_avis_attribution;adresse_acheteur;siren_acheteur;siren_acheteur_connu;nom_siren_acheteur;nom_declare_acheteur;date_avis_marche;debut_contrat;type_contrat;intitule_critere;type_critere;poids_critere;duree;clause_environnementale;valeur_totale_estimee;financement_ue;lieu_execution;type_accord_cadre;nom_fonds_ue;id_boamp_attribution;id_boamp_contrat;prix_attribution_lot;valeur_estimee_lot;id_lot;cpv;valeur_max_totale_accord_cadre;nombre_lots;nombre_offres;nombre_offres_pme;objet;procedure;id_projet;renouvellement;marche_reserve;favorable_pme;clause_sociale;strategique_environnemental;strategique_social;valeur_totale;code_statut_juridique_acheteur;nom_statut_juridique_acheteur;effectif_acheteur;acheteur_ess;date_creation_acheteur;code_activite_principale_acheteur;version_activite_acheteur;code_statut_juridique_fournisseur;nom_statut_juridique_fournisseur;effectif_fournisseur;fournisseur_ess;fournisseur_mission;version_activite_fournisseur;niveau_activite1_fournisseur;niveau_activite2_fournisseur;niveau_activite3_fournisseur;niveau_activite4_fournisseur;niveau_activite5_fournisseur;date_creation_fournisseur;gps_fournisseur;nom_commune_fournisseur;departement_fournisseur;region_fournisseur;gps_acheteur;nom_commune_acheteur;departement_acheteur;region_acheteur;epci_fournisseur;nom_epci_fournisseur;nature_epci_fournisseur;epci_acheteur;nom_epci_acheteur;nature_epci_acheteur;code_commune_fournisseur;code_commune_acheteur
False;;;False;True;False;attribue;;;False;;;2026-09-15;{'StreetName': '50 avenue Hoche', 'AdditionalStreetName': None, 'CityName': 'Paris cedex 08', 'PostalZone': '75381', 'Country': 'FRA'};775671985;True;CAISSE AUTONOME DE RETRAITE DES CHIRURGIENS DENTISTES ET DES SAGES-FEMMES;Caisse autonome de retraite des chirurgiens-dentistes et des sages-femmes (CARCDSF);;;services;"[""1/ Moyens humains et matériels dédiés à la prestation : 25 points\n2/ Méthodologie de travail pour l'ensemble des missions détaillées au CCTP : 25 points\n3/ Qualité des livrables : 10 points"", ""Offre la plus basse sur l'offre du candidat x 40. Le prix le plus bas se verra attribuer la note la plus forte soit 40 points, sauf dans le cas d'une offre anormalement basse.""]";['social', 'prix'];[60.0, 40.0];1440.0;False;0.0;False;{'StreetName': None, 'CityName': 'Paris', 'PostalZone': None, 'NUTS': 'FR101', 'Country': 'FRA'};avec remise en concurrence;;26-88722;;151300.0;0.0;LOT-0001;70300000;291300.0;2;7;;Commercialisation des actifs composant le patrimoine résidentiel de la CARCDSF.;ouverte;2026-B-06;3.0;;;False;False;False;;8110.0;Régime général de la Sécurité Sociale;50  à  99;<NA>;1900-01-01;84.30A;2008;;;;;;<NA>;;;;;<NA>;<NA>;;;;;(48.875447, 2.298554);Paris;Paris;Île-de-France;;;;;;;;
False;;;False;True;False;attribue;;;False;;;2026-09-15;{'StreetName': '50 avenue Hoche', 'AdditionalStreetName': None, 'CityName': 'Paris cedex 08', 'PostalZone': '75381', 'Country': 'FRA'};775671985;True;CAISSE AUTONOME DE RETRAITE DES CHIRURGIENS DENTISTES ET DES SAGES-FEMMES;Caisse autonome de retraite des chirurgiens-dentistes et des sages-femmes (CARCDSF);;;services;"[""1/ Moyens humains et matériels dédiés à la prestation : 25 points\n2/ Méthodologie du travail pour l'ensemble des missions détaillées au CCTP : 25 points\n3/ Qualité des livrables : 10"", ""Offre la plus basse sur l'offre du candidat x 40. Le prix le plus bas se verra attribuer la note la plus forte, sauf dans le cas d'une offre anormalement basse.""]";['social', 'prix'];[60.0, 40.0];1440.0;False;0.0;False;{'StreetName': None, 'CityName': 'Paris', 'PostalZone': None, 'NUTS': 'FR101', 'Country': 'FRA'};avec remise en concurrence;;26-88722;;151300.0;;LOT-0002;70300000;291300.0;2;7;;Commercialisation des actifs composant le patrimoine résidentiel de la CARCDSF.;ouverte;2026-B-06;3.0;;;False;False;False;;8110.0;Régime général de la Sécurité Sociale;50  à  99;<NA>;1900-01-01;84.30A;2008;;;;;;<NA>;;;;;<NA>;<NA>;;;;;(48.875447, 2.298554);Paris;Paris;Île-de-France;;;;;;;;
False;['79341400'];;True;True;False;attribue;"{'StreetName': "" 40 rue de l'Abbé Lemire "", 'AdditionalStreetName': None, 'CityName': 'LA MADELEINE', 'PostalZone': '59110', 'Country': 'FRA'}";933610347;True;BONUM GROUP HOLDING;BONUM GROUP HOLDING;2026-09-15;"{'StreetName': ""8, avenue de l'opera"", 'AdditionalStreetName': None, 'CityName': 'Paris', 'PostalZone': '75001', 'Country': 'FRA'}";180067027;True;AGENCE NATIONALE DE L'HABITAT;Agence nationale de l'habitat (Anah);;;services;['Détail dans le règlement de consultation', 'Détail dans le règlement de consultation'];['prix', 'qualite'];[30.0, 70.0];365.0;True;;False;{'StreetName': None, 'CityName': None, 'PostalZone': None, 'NUTS': None, 'Country': 'FRA'};sans remise en concurrence;;26-88636;;113026.66;;LOT-0001;79340000;5600000.0;2;6;;Prestations de communication générale pour l’Agence nationale de l’habitat (Anah);ouverte;25DICOM02;3.0;;;True;False;False;;7389.0;Établissement public national à caractère administratif ;250  à  499;<NA>;1983-03-01;84.13Z;2008;5710.0;SAS, société par actions simplifiée;;False;False;2008;K;66;66.3;66.3;66.30Z;2024-09-26;(50.65304, 3.076024);La Madeleine;Nord;Hauts-de-France;(48.864663, 2.335114);Paris;Paris;Île-de-France;;;;;;;;
False;['79341400'];;True;True;False;attribue;{'StreetName': '7 rue DROUOT', 'AdditionalStreetName': None, 'CityName': 'PARIS', 'PostalZone': '75009', 'Country': 'FRA'};353826985;True;L AGENCE CITIZEN PRESS;L’AGENCE CITIZEN PRESS;2026-09-15;"{'StreetName': ""8, avenue de l'opera"", 'AdditionalStreetName': None, 'CityName': 'Paris', 'PostalZone': '75001', 'Country': 'FRA'}";180067027;True;AGENCE NATIONALE DE L'HABITAT;Agence nationale de l'habitat (Anah);;;services;['Détail dans le règlement de consultation', 'Détail dans le règlement de consultation'];['prix', 'qualite'];[30.0, 70.0];365.0;True;;False;{'StreetName': None, 'CityName': None, 'PostalZone': None, 'NUTS': None, 'Country': 'FRA'};sans remise en concurrence;;26-88636;;1612360.0;;LOT-0002;79340000;5600000.0;2;8;;Prestations de communication générale pour l’Agence nationale de l’habitat (Anah);ouverte;25DICOM02;3.0;;;True;False;False;;7389.0;Établissement public national à caractère administratif ;250  à  499;<NA>;1983-03-01;84.13Z;2008;5710.0;SAS, société par actions simplifiée;10  à  19;False;<NA>;2008;M;73;73.1;73.11;73.11Z;1990-02-28;(48.872725, 2.340308);Paris;Paris;Île-de-France;(48.864663, 2.335114);Paris;Paris;Île-de-France;;;;;;;;
False;;;False;False;False;attribue;{'StreetName': None, 'AdditionalStreetName': None, 'CityName': 'RUNGIS', 'PostalZone': '94626', 'Country': 'FRA'};753452564;True;NEWGARD;NEWGARD;2026-09-15;{'StreetName': None, 'AdditionalStreetName': None, 'CityName': 'Palaiseau', 'PostalZone': '91128', 'Country': 'FRA'};199115684;True;ECOLE POLYTECHNIQUE;Ecole Polytechnique;;;services;[];[];;;True;;False;{'StreetName': None, 'CityName': 'PALAISEAU', 'PostalZone': '91128', 'NUTS': 'FR104', 'Country': 'FRA'};avec remise en concurrence;;26-88745;;225000.0;;LOT-0001;79713000;;1;9;;MX25-089 Sécurité et gardiennage dans un cadre évènementiel pour l’Ecole polytechnique et l’Institut polytechnique de Paris;ouverte;MX25-089;;;;True;False;False;225000.0;7383.0;Établissement public national à caractère scientifique culturel et professionnel ;2 000  à  4 999;<NA>;1976-02-22;85.42Z;2008;5710.0;SAS, société par actions simplifiée;50  à  99;False;<NA>;2008;N;80;80.1;80.1;80.10Z;2012-06-18;;Rungis;Val-de-Marne;Île-de-France;;Palaiseau;Essonne;Île-de-France;;;;;;;;
False;;;True;True;False;attribue;{'StreetName': '1-11 rue Brillat Savarin', 'AdditionalStreetName': None, 'CityName': 'Paris', 'PostalZone': '75013', 'Country': 'FRA'};905054128;True;CNP ASSURANCES PROTECTION SOCIALE;CNP Assurances Protection Sociale;2026-09-15;{'StreetName': '17 place de la Bourse', 'AdditionalStreetName': None, 'CityName': 'Paris', 'PostalZone': '75002', 'Country': 'FRA'};110000239;True;AUTORITE DES MARCHES FINANCIERS;Autorité des marchés financiers;;2026-08-12+02:00;services;"[""Le critère financier est décomposé en 4 sous-critères : tarification du régime (23 pts), niveau des frais de chargement (10 pts), politique d'indexation (5 points), reprise de passif (2 pts)"", 'Apprécié au regard de deux sous-critères', 'Apprécié au regard de sept sous-critères', 'Apprécié au regard de deux sous-critères', ""Il n'y a pas de sous-critères""]";['prix', 'qualite', 'qualite', 'qualite', 'qualite'];[40.0, 10.0, 35.0, 10.0, 5.0];;True;;False;{'StreetName': None, 'CityName': None, 'PostalZone': None, 'NUTS': None, 'Country': 'FRA'};;;26-88597;;4905000.0;;LOT-0001;66512000;;2;4;;Avis d'attribution prévoyance mutuelle AMF;negociee;2026_007;;;;True;False;False;10533000.0;7112.0;Autorité administrative ou publique indépendante;500  à  999;<NA>;2003-11-01;84.11Z;2008;5599.0;SA à conseil d'administration (s.a.i.);;False;<NA>;2008;K;65;65.1;65.12;65.12Z;2021-10-29;(48.821869, 2.350636);Paris;Paris;Île-de-France;(48.869123, 2.341235);Paris;Paris;Île-de-France;;;;;;;;
False;;;True;True;False;attribue;;;False;;;2026-09-15;{'StreetName': '17 place de la Bourse', 'AdditionalStreetName': None, 'CityName': 'Paris', 'PostalZone': '75002', 'Country': 'FRA'};110000239;True;AUTORITE DES MARCHES FINANCIERS;Autorité des marchés financiers;;2026-08-12+02:00;services;['Apprécié au regard de cinq sous-critères : Tarification du régime de base, Tarification surcomplémentaire, Tarification option, Niveau des frais de chargement, Politique d’Indexation', 'Ce critère est apprécié au regard de deux sous-critères', 'Ce critère est apprécié au regard de onze sous-critères', 'Ce critère est apprécié au regard de deux sous-critères', 'Pas de sous-critère'];['prix', 'qualite', 'qualite', 'qualite', 'qualite'];[40.0, 10.0, 35.0, 10.0, 5.0];;True;;False;{'StreetName': '17 place de la Bourse', 'CityName': 'Paris', 'PostalZone': '75002', 'NUTS': 'FR101', 'Country': 'FRA'};;;26-88597;;5628000.0;;LOT-0002;66512200;;2;4;;Avis d'attribution prévoyance mutuelle AMF;negociee;2026_007;;;;True;False;False;10533000.0;7112.0;Autorité administrative ou publique indépendante;500  à  999;<NA>;2003-11-01;84.11Z;2008;;;;;;<NA>;;;;;<NA>;<NA>;;;;;(48.869123, 2.341235);Paris;Paris;Île-de-France;;;;;;;;
False;;;False;False;False;attribue;{'StreetName': '90-92 route de la Reine', 'AdditionalStreetName': None, 'CityName': 'Boulogne Billancourt', 'PostalZone': '92100', 'Country': 'FRA'};823826763;True;DIGITALIS;DIGITALIS;2026-09-15;{'StreetName': '15 rue des Minimes ', 'AdditionalStreetName': None, 'CityName': 'Courbevoie', 'PostalZone': '92400', 'Country': 'FRA'};180080012;True;INST NAT DE LA PROPRIETE INDUSTRIELLE;Institut National de la Propriété Industrielle;;2025-12-19+01:00;fournitures;"['évaluée à partir du mémoire technique. Ont été pris en compte pour l’analyse de ce critère, à part égales, les 6 points du mémoire technique : -\tDes fiches techniques et tout type de document de présentation du matériel fourni, permettant d’évaluer la qualité et la fiabilité des produits, leur facilité d’exploitation, les possibilités techniques offertes ; -\tUn planning prévisionnel, détaillant les délais de fourniture des matériels, d’installation, de paramétrage et de tests. -\tLe synoptique schématique de la solution retenue, avec un détail sur le matériel racké dans la baie, commenté si nécessaire ; -\tLes moyens humains proposés par le candidat pour l’exécution du marché, notamment le niveau de qualification et d’expérience du référent technique de l’entreprise et le nombre de personnes qui assureront l’installation et la mise en service ; -\tLe contrat de maintenance préventive durant la période de garantie contractuelle. -\tUne courte note concernant la garantie (pièces, main d’œuvre et déplacement), offerte par le prestataire : o\tLa durée de garantie offerte ; o\tLes modalités de prise en charge d’éventuels problèmes d’exploitation, notamment la hot-line, le délai d’intervention en dépannage, le prêt de matériel de substitution en attendant la réparation, le stock de pièces de rechange, etc… o\tLe délai de production des devis de maintenance curative, en cas de mauvaise manipulation ou de cause extérieure.', 'Une simulation est réalisée à partir du bordereau des prix.']";['social', 'prix'];[50.0, 50.0];730.0;False;;False;{'StreetName': None, 'CityName': None, 'PostalZone': None, 'NUTS': 'FR101', 'Country': 'FRA'};;;26-88694;;187971.0;;LOT-0001;32321300;;1;8;;Fourniture et mise en service des équipements audiovisuels des salles d’audience de l’INPI.;ouverte;INPI-1820;;;;False;False;False;187971.0;7382.0;Établissement public national ayant fonction d'administration centrale ;500  à  999;False;1983-03-01;84.13Z;2008;5710.0;SAS, société par actions simplifiée;10  à  19;False;<NA>;2008;G;46;46.5;46.52;46.52Z;2016-12-01;(48.840006, 2.238244);Boulogne-Billancourt;Hauts-de-Seine;Île-de-France;(48.904699, 2.262484);Courbevoie;Hauts-de-Seine;Île-de-France;;;;;;;;
False;['15860000'];;False;False;False;attribue;{'StreetName': None, 'AdditionalStreetName': None, 'CityName': 'PARIS', 'PostalZone': '75018', 'Country': 'FRA'};820918407;True;VAYGA SAS;TANAT Coffee;2026-09-15;{'StreetName': None, 'AdditionalStreetName': None, 'CityName': 'Levallois-Perret', 'PostalZone': '92300', 'Country': 'FRA'};854033115;True;OPCO SANTE;OPCO SANTE;;;fournitures;['Valeur technique analysée au regard des échantillons et du dossier technique'];['technique'];;;False;;False;{'StreetName': None, 'CityName': None, 'PostalZone': None, 'NUTS': 'FR105', 'Country': 'FRA'};sans remise en concurrence;;26-88693;;;;LOT-0001;39711310;350000.0;1;5;;MISE A DISPOSITION DE MACHINES A CAFE ET CONSOMABLES;ouverte;;;;;False;False;False;;9220.0;Association déclarée ;250  à  499;True;2019-06-11;94.99Z;2008;5710.0;SAS, société par actions simplifiée;20  à  49;False;<NA>;2008;C;10;10.8;10.83;10.83Z;2016-06-02;;Paris;Paris;Île-de-France;;Levallois-Perret;Hauts-de-Seine;Île-de-France;;;;;;;;
False;['50312000'];;True;False;False;attribue;{'StreetName': '21 Allee Du Chateau Blanc', 'AdditionalStreetName': None, 'CityName': 'Wasquehal Cedex', 'PostalZone': '59450', 'Country': 'FRA'};324103829;False;SPIE ICS;SPIE ICS;2026-09-15;{'StreetName': 'Hôtel du Département', 'AdditionalStreetName': '51 rue Gustave Delory', 'CityName': 'Lille', 'PostalZone': '59047', 'Country': 'FRA'};130026271;False;GROUPEMENT D'INTERET PUBLIC PUBLIC LABOS;Conseil Départemental du Nord;;2026-06-01+02:00;services;['Valeur technique', 'Prix'];['technique', 'prix'];[60.0, 40.0];720.0;False;3350000.0;False;;sans remise en concurrence;;26-88663;;3350000.0;;LOT-0000;50312000;3350000.0;1;3;;Accord-cadre à bons de commande et marchés subséquents pour les prestations de services relatives à la maintenance du parc informatique des collèges du Département du Nord;ouverte;20251178;2.0;;;False;False;False;3350000.0;7410.0;Groupement d'intérêt public (GIP) ;50  à  99;False;2020-01-17;71.20B;2008;5710.0;SAS, société par actions simplifiée;2 000  à  4 999;False;<NA>;2008;J;62;62.0;62.02;62.02A;1982-04-01;(50.677376, 3.120921);Wasquehal;Nord;Hauts-de-France;(50.633633, 3.072709);Lille;Nord;Hauts-de-France;;;;;;;;
False;;;True;True;False;attribue;{'StreetName': '31 Rue Mazenod', 'AdditionalStreetName': None, 'CityName': 'LYON', 'PostalZone': '69426', 'Country': 'FRA'};350246039;True;PRESENTS;PRESENTS;2026-09-15;{'StreetName': '16 rue Antoine Zattara', 'AdditionalStreetName': None, 'CityName': 'MARSEILLE', 'PostalZone': '13003', 'Country': 'FRA'};130001761;True;DIRECTION INTERDEPARTEMENTALE DES ROUTES MEDITERRANEE;DIR MED;;;services;;;;1440.0;True;;False;{'StreetName': None, 'CityName': None, 'PostalZone': None, 'NUTS': 'FRL04', 'Country': 'FRA'};;;26-88619;;100000.0;;LOT-0001;71317210;;3;7;;Mission de coordination en matière de sécurité et de protection de la santé relative aux opérations d’investissement, d'entretien et de réhabilitation du réseau de la DIR Méditerranée;ouverte;DIRMED-25-014;;;;False;False;False;300000.0;7172.0;Service déconcentré de l'État à compétence (inter) départementale ;500  à  999;<NA>;2006-01-01;84.13Z;2008;5599.0;SA à conseil d'administration (s.a.i.);100  à  199;False;<NA>;2008;M;71;71.1;71.12;71.12B;1989-02-24;(45.758653, 4.843738);Lyon;Rhône;Auvergne-Rhône-Alpes;(43.303663, 5.377602);Marseille;Bouches-du-Rhône;Provence-Alpes-Côte d'Azur;;;;;;;;
False;;;True;True;False;attribue;{'StreetName': 'BP 82 048', 'AdditionalStreetName': None, 'CityName': 'SOMMIERES', 'PostalZone': '30252', 'Country': 'FRA'};420397416;True;CONCEPT SERVICE MEDITERRANEE COORDINATION;Concept Service Méditerranée Coordination;2026-09-15;{'StreetName': '16 rue Antoine Zattara', 'AdditionalStreetName': None, 'CityName': 'MARSEILLE', 'PostalZone': '13003', 'Country': 'FRA'};130001761;True;DIRECTION INTERDEPARTEMENTALE DES ROUTES MEDITERRANEE;DIR MED;;;services;;;;1440.0;True;;False;{'StreetName': None, 'CityName': None, 'PostalZone': None, 'NUTS': 'FRJ12', 'Country': 'FRA'};;;26-88619;;100000.0;;LOT-0002;71317210;;3;8;;Mission de coordination en matière de sécurité et de protection de la santé relative aux opérations d’investissement, d'entretien et de réhabilitation du réseau de la DIR Méditerranée;ouverte;DIRMED-25-014;;;;False;False;False;300000.0;7172.0;Service déconcentré de l'État à compétence (inter) départementale ;500  à  999;<NA>;2006-01-01;84.13Z;2008;5710.0;SAS, société par actions simplifiée;3  à  5;False;False;2008;M;71;71.1;71.12;71.12B;1998-10-01;;;;;(43.303663, 5.377602);Marseille;Bouches-du-Rhône;Provence-Alpes-Côte d'Azur;;;;;;;;
False;;;True;True;False;attribue;{'StreetName': '31 Rue Mazenod', 'AdditionalStreetName': None, 'CityName': 'LYON', 'PostalZone': '69426', 'Country': 'FRA'};350246039;True;PRESENTS;PRESENTS;2026-09-15;{'StreetName': '16 rue Antoine Zattara', 'AdditionalStreetName': None, 'CityName': 'MARSEILLE', 'PostalZone': '13003', 'Country': 'FRA'};130001761;True;DIRECTION INTERDEPARTEMENTALE DES ROUTES MEDITERRANEE;DIR MED;;;services;;;;1440.0;True;;False;{'StreetName': None, 'CityName': None, 'PostalZone': None, 'NUTS': 'FRL01', 'Country': 'FRA'};;;26-88619;;100000.0;;LOT-0003;71317210;;3;5;;Mission de coordination en matière de sécurité et de protection de la santé relative aux opérations d’investissement, d'entretien et de réhabilitation du réseau de la DIR Méditerranée;ouverte;DIRMED-25-014;;;;False;False;False;300000.0;7172.0;Service déconcentré de l'État à compétence (inter) départementale ;500  à  999;<NA>;2006-01-01;84.13Z;2008;5599.0;SA à conseil d'administration (s.a.i.);100  à  199;False;<NA>;2008;M;71;71.1;71.12;71.12B;1989-02-24;(45.758653, 4.843738);Lyon;Rhône;Auvergne-Rhône-Alpes;(43.303663, 5.377602);Marseille;Bouches-du-Rhône;Provence-Alpes-Côte d'Azur;;;;;;;;
False;['34992000'];;True;False;False;attribue;{'StreetName': '11 Rue Paul Rocache ZI de Monlong', 'AdditionalStreetName': None, 'CityName': 'TOULOUSE', 'PostalZone': '31100', 'Country': 'FRA'};830505681;True;3S EQUIPEMENTS ROUTIERS;3S ÉQUIPEMENTS ROUTIERS;2026-09-15;{'StreetName': None, 'AdditionalStreetName': None, 'CityName': 'Marseille', 'PostalZone': '13003', 'Country': 'FRA'};130001761;True;DIRECTION INTERDEPARTEMENTALE DES ROUTES MEDITERRANEE;DIRMED;;;fournitures;;;;1460.0;False;;False;{'StreetName': None, 'CityName': None, 'PostalZone': None, 'NUTS': 'FRL04', 'Country': 'FRA'};;;26-88630;;300000.0;;LOT-0001;34996000;;1;4;;Fourniture et pose de dispositifs de détection de faune sur le réseau routier de la DIRMED;ouverte;DIRMED-25-015;;;;False;False;False;300000.0;7172.0;Service déconcentré de l'État à compétence (inter) départementale ;500  à  999;<NA>;2006-01-01;84.13Z;2008;5710.0;SAS, société par actions simplifiée;20  à  49;False;False;2008;F;42;42.1;42.11;42.11Z;2017-06-20;(43.555492, 1.396816);Toulouse;Haute-Garonne;Occitanie;;Marseille;Bouches-du-Rhône;Provence-Alpes-Côte d'Azur;;;;;;;;
False;;;True;False;False;attribue;{'StreetName': '175 Allée Belle-Vue', 'AdditionalStreetName': None, 'CityName': 'ANTIBES', 'PostalZone': '06600', 'Country': 'FRA'};929897254;True;BOVIS FINE ART COTE D'AZUR;Société BOVIS FINE ART;2026-09-15;{'StreetName': '52 avenue de Saint Just', 'AdditionalStreetName': None, 'CityName': 'Marseille', 'PostalZone': '13256', 'Country': 'FRA'};221300015;True;DEPARTEMENT DES BOUCHES DU RHONE;Conseil Départemental des Bouches du Rhône;;;services;['Prix total du DDE en euros TTC', 'Valeur technique', 'Démarche développement durable'];['prix', 'technique', 'environnemental'];[60.0, 30.0, 10.0];;False;350000.0;False;{'StreetName': None, 'CityName': None, 'PostalZone': None, 'NUTS': 'FRL04', 'Country': 'FRA'};sans remise en concurrence;;26-88677;;309056.0;;LOT-0001;92521000;2000000.0;1;6;;ACCORD-CADRE POUR DES PRESTATIONS DE STOCKAGE, DE MANUTENTION, D’EMBALLAGE ET DE TRANSPORTS D'OEUVRES D'ART ET D'OBJETS DE COLLECTION POUR LES ETABLISSEMENTS DE LA DIRECTION DE LA CULTURE DU DEPARTEME;ouverte;2026-0139;1.0;;;False;False;False;309056.0;7220.0;Département ;5 000  à  9 999;False;1968-09-01;84.11Z;2008;5710.0;SAS, société par actions simplifiée;;False;False;2008;H;49;49.4;49.41;49.41A;2024-06-01;(43.600725, 7.078927);Antibes;Alpes-Maritimes;Provence-Alpes-Côte d'Azur;(48.99039, 2.417732);Arnouville;Val-d'Oise;Île-de-France;;;;;;;;
False;['71335000'];;True;False;False;attribue;{'StreetName': 'Draille Des Triballes', 'AdditionalStreetName': None, 'CityName': 'Vitrolles', 'PostalZone': '13127', 'Country': 'FRA'};339110611;False;ABO-ERG GEOTECHNIQUE;ABO-ERG GEOTECHNIQUE;2026-09-15;{'StreetName': 'Cité Yvan Audouard', 'AdditionalStreetName': '5 rue Yvan Audouard', 'CityName': 'Arles', 'PostalZone': '13637', 'Country': 'FRA'};241300417;False;COMMUNAUTE  D AGGLOMERATION ARLES CRAU CAMARGUE MONTAGNETTE;Communauté d'agglomération ACCM;;2026-05-11+02:00;services;['Valeur technique', 'Critère performance environnementale', 'Prix'];['technique', 'environnemental', 'prix'];[60.0, 10.0, 30.0];1440.0;True;;False;;sans remise en concurrence;;26-88661;;480000.0;;LOT-0000;71332000;480000.0;1;10;;Accord-cadre pour la réalisation d'études géotechniques et diagnostics environnementaux sur le territoire communautaire ACCM;ouverte;2026-007;3.0;;;False;True;False;480000.0;7348.0;Communauté d'agglomération ;250  à  499;False;2004-01-01;84.11Z;2008;5699.0;SA à directoire (s.a.i.);100  à  199;False;<NA>;2008;M;71;71.1;71.12;71.12B;1986-10-20;(43.447708, 5.234543);Vitrolles;Bouches-du-Rhône;Provence-Alpes-Côte d'Azur;(43.673879, 4.638792);Arles;Bouches-du-Rhône;Provence-Alpes-Côte d'Azur;;;;;;;;
False;['45232410', '44162500', '45232411', '45252100'];;True;True;False;attribue;{'StreetName': 'Zi Nord - 11', 'AdditionalStreetName': None, 'CityName': 'Arles', 'PostalZone': '13646', 'Country': 'FRA'};['798563797', '428561740'];False;;Groupement solidaire EHTP/ CISE TP;2026-09-15;{'StreetName': 'Cité Yvan Audouard', 'AdditionalStreetName': '5 rue Yvan Audouard', 'CityName': 'Arles', 'PostalZone': '13637', 'Country': 'FRA'};241300417;False;COMMUNAUTE  D AGGLOMERATION ARLES CRAU CAMARGUE MONTAGNETTE;Communauté d'agglomération ACCM;;;travaux;['Valeur technique', 'Critère environnemental', 'Prix'];['technique', 'environnemental', 'prix'];[60.0, 10.0, 30.0];;True;;False;;sans remise en concurrence;;26-88611;;10000000.0;;LOT-0001;45232410;14000000.0;3;1;;Accord-cadre à bons de commande pour les travaux sur les réseaux d'eau potable, d'assainissement et pluvial d'amélioration ou mises aux normes des ouvrages d'eau potable et d'assainissement;ouverte;2026-015;3.0;;;True;True;True;;7348.0;Communauté d'agglomération ;250  à  499;False;2004-01-01;84.11Z;2008;;;;;;<NA>;;;;;<NA>;<NA>;;;;;(43.673879, 4.638792);Arles;Bouches-du-Rhône;Provence-Alpes-Côte d'Azur;;;;;;;;
False;['45232410', '44162500', '45232411', '45252100'];;True;True;False;attribue;"{'StreetName': ""Parc D''Activites De Laurade"", 'AdditionalStreetName': None, 'CityName': 'Saint-Etienne-Du-Gres', 'PostalZone': '13103', 'Country': 'FRA'}";501698153;False;REHACANA;REHACANA;2026-09-15;{'StreetName': 'Cité Yvan Audouard', 'AdditionalStreetName': '5 rue Yvan Audouard', 'CityName': 'Arles', 'PostalZone': '13637', 'Country': 'FRA'};241300417;False;COMMUNAUTE  D AGGLOMERATION ARLES CRAU CAMARGUE MONTAGNETTE;Communauté d'agglomération ACCM;;;travaux;['Valeur technique', 'Critère environnemental', 'Prix'];['technique', 'environnemental', 'prix'];[60.0, 10.0, 30.0];;True;;False;;sans remise en concurrence;;26-88611;;2000000.0;;LOT-0002;45232410;14000000.0;3;5;;Accord-cadre à bons de commande pour les travaux sur les réseaux d'eau potable, d'assainissement et pluvial d'amélioration ou mises aux normes des ouvrages d'eau potable et d'assainissement;ouverte;2026-015;3.0;;;True;True;True;;7348.0;Communauté d'agglomération ;250  à  499;False;2004-01-01;84.11Z;2008;5710.0;SAS, société par actions simplifiée;20  à  49;False;<NA>;2008;F;42;42.2;42.21;42.21Z;2007-12-21;(43.789469, 4.714695);Saint-Étienne-du-Grès;Bouches-du-Rhône;Provence-Alpes-Côte d'Azur;(43.673879, 4.638792);Arles;Bouches-du-Rhône;Provence-Alpes-Côte d'Azur;;;;;;;;
False;['45252100', '44162500', '45232411', '45252100'];;True;True;False;attribue;{'StreetName': '11 Che De Bretagne', 'AdditionalStreetName': None, 'CityName': 'Issy-Les-Moulineaux', 'PostalZone': '92130', 'Country': 'FRA'};339379984;False;SAUR;SAUR;2026-09-15;{'StreetName': 'Cité Yvan Audouard', 'AdditionalStreetName': '5 rue Yvan Audouard', 'CityName': 'Arles', 'PostalZone': '13637', 'Country': 'FRA'};241300417;False;COMMUNAUTE  D AGGLOMERATION ARLES CRAU CAMARGUE MONTAGNETTE;Communauté d'agglomération ACCM;;;travaux;['Valeur technique', 'Critère environnemental', 'Prix'];['technique', 'environnemental', 'prix'];[60.0, 10.0, 30.0];;True;;False;;sans remise en concurrence;;26-88611;;2000000.0;;LOT-0003;45232410;14000000.0;3;1;;Accord-cadre à bons de commande pour les travaux sur les réseaux d'eau potable, d'assainissement et pluvial d'amélioration ou mises aux normes des ouvrages d'eau potable et d'assainissement;ouverte;2026-015;3.0;;;True;True;True;;7348.0;Communauté d'agglomération ;250  à  499;False;2004-01-01;84.11Z;2008;5710.0;SAS, société par actions simplifiée;5 000  à  9 999;False;False;2008;E;36;36.0;36.0;36.00Z;1986-10-28;(48.824908, 2.271891);Issy-les-Moulineaux;Hauts-de-Seine;Île-de-France;(43.673879, 4.638792);Arles;Bouches-du-Rhône;Provence-Alpes-Côte d'Azur;;;;;;;;
False;;;True;False;False;attribue;;;False;;;2026-09-15;{'StreetName': None, 'AdditionalStreetName': None, 'CityName': 'Marseille', 'PostalZone': '13014', 'Country': 'FRA'};130020357;True;SECRETARIAT GENERAL POUR L'ADMINISTRATION DU MINISTERE DE L'INTERIEUR SUD;Secrétariat Général pour l'Administration du Ministère de l'Intérieur Sud, Direction de l'Administration Générale et des Finances, Bureau de la Commande Publique et des Achats;;;services;['Voir les documents de consultation'];['prix'];[100];3650.0;False;;False;{'StreetName': None, 'CityName': None, 'PostalZone': None, 'NUTS': 'FRL03', 'Country': 'FRA'};;;26-88700;;2117487.0;;LOT-0001;66510000;;1;2;;Marché d’assurances dommage-ouvrage et de contrat collectif de responsabilité décennale pour la construction de l'hôtel des polices de Nice (06);ouverte;SGAMISUD-AOO-2025-01-08;;;;False;False;False;2117487.0;7179.0;(Autre) Service déconcentré de l'État à compétence territoriale ;2 000  à  4 999;False;2014-05-01;84.24Z;2008;;;;;;<NA>;;;;;<NA>;<NA>;;;;;;Marseille;Bouches-du-Rhône;Provence-Alpes-Côte d'Azur;;;;;;;;
False;;;True;False;False;attribue;"{'StreetName': ""2 QUAI D'ARENC IMMEUBLE LE BALTHAZAR BP 60025"", 'AdditionalStreetName': None, 'CityName': 'MARSEILLE', 'PostalZone': '13002', 'Country': 'FRA'}";489626135;True;INGEROP CONSEIL ET INGENIERIE (ICI);INGEROP Conseil et Ingénierie;2026-09-15;{'StreetName': '16 rue Antoine Zattara', 'AdditionalStreetName': None, 'CityName': 'MARSEILLE', 'PostalZone': '13003', 'Country': 'FRA'};130001761;True;DIRECTION INTERDEPARTEMENTALE DES ROUTES MEDITERRANEE;DIR MED;;;services;['Prix des prestations', 'valeur technique des prestations', 'critère environnemental'];['prix', 'technique', 'environnemental'];;2555.0;True;;False;{'StreetName': None, 'CityName': 'Saint-Firmin et Aubessagne', 'PostalZone': None, 'NUTS': 'FRL02', 'Country': 'FRA'};;;26-88589;;738587.5;;LOT-0001;71300000;;1;9;;RN 85 – Missions de maîtrise d’œuvre relatives aux études et travaux pour la reconstruction du pont des Richards et l’aménagement du carrefour RN85/RD985a;ouverte;DIRMED-25-013;;;;False;False;False;738587.5;7172.0;Service déconcentré de l'État à compétence (inter) départementale ;500  à  999;<NA>;2006-01-01;84.13Z;2008;5710.0;SAS, société par actions simplifiée;1 000  à  1 999;False;<NA>;2008;M;71;71.1;71.12;71.12B;2006-01-01;(43.31223, 5.36722);Marseille;Bouches-du-Rhône;Provence-Alpes-Côte d'Azur;(43.303663, 5.377602);Marseille;Bouches-du-Rhône;Provence-Alpes-Côte d'Azur;;;;;;;;
False;['66112000', '66170000'];;True;True;False;attribue;{'StreetName': '26 Quai de la Rapée', 'AdditionalStreetName': None, 'CityName': 'PARIS cedex 12', 'PostalZone': '75596', 'Country': 'FRA'};775665615;True;CAISS REGIO CREDI AGRIC MUTUEL PARIS IDF;CAISSE REGIONALE DU CREDIT AGRICOLE MUTUEL DE PARIS ET DE L'ILE DE FRANCE - CADIF;2026-09-15;{'StreetName': '45 rue Paul Vaillant Couturier', 'AdditionalStreetName': None, 'CityName': 'Levallois-Perret', 'PostalZone': '92532', 'Country': 'FRA'};279200224;True;HAUTS-DE-SEINE HABITAT - OPH;Hauts-de-Seine Habitat - OPH;;;services;['Pris : 30 %', 'Valeur technique : 40 %', 'Stratégie financière : 30 %'];['prix', 'technique', 'qualite'];[30.0, 40.0, 30.0];1440.0;False;;False;{'StreetName': '45 rue Paul Vaillant Couturier', 'CityName': 'Levallois Perret', 'PostalZone': '92300', 'NUTS': 'FR105', 'Country': 'FRA'};sans remise en concurrence;;26-88584;;;;LOT-0001;66110000;;3;7;;MARCHE DE SERVICE BANCAIRES - 3 LOTS;ouverte;DAF-2026-01;;;;False;False;False;;4140.0;Établissement public local à caractère industriel ou commercial ;250  à  499;False;1982-01-01;68.20A;2008;6596.0;Caisse de crédit agricole mutuel ;2 000  à  4 999;True;<NA>;2008;K;64;64.1;64.19;64.19Z;1969-03-01;(48.840691, 2.374246);Paris;Paris;Île-de-France;(48.8957, 2.282612);Levallois-Perret;Hauts-de-Seine;Île-de-France;;;;;;;;
False;['66112000', '66170000'];;True;True;False;attribue;;;False;;;2026-09-15;{'StreetName': '45 rue Paul Vaillant Couturier', 'AdditionalStreetName': None, 'CityName': 'Levallois-Perret', 'PostalZone': '92532', 'Country': 'FRA'};279200224;True;HAUTS-DE-SEINE HABITAT - OPH;Hauts-de-Seine Habitat - OPH;;;services;['Prix : 30 %', 'Valeur technique : 70 %'];['prix', 'technique'];[30.0, 70.0];1440.0;False;;False;{'StreetName': '45 rue Paul Vaillant Couturier', 'CityName': 'Levallois Perret', 'PostalZone': '92300', 'NUTS': 'FR105', 'Country': 'FRA'};sans remise en concurrence;;26-88584;;;;LOT-0002;66110000;;3;1;;MARCHE DE SERVICE BANCAIRES - 3 LOTS;ouverte;DAF-2026-01;;;;False;False;False;;4140.0;Établissement public local à caractère industriel ou commercial ;250  à  499;False;1982-01-01;68.20A;2008;;;;;;<NA>;;;;;<NA>;<NA>;;;;;(48.8957, 2.282612);Levallois-Perret;Hauts-de-Seine;Île-de-France;;;;;;;;
False;['66170000'];;True;True;False;attribue;{'StreetName': '18 quai de la Rapée', 'AdditionalStreetName': None, 'CityName': 'PARIS', 'PostalZone': '75012', 'Country': 'FRA'};552091795;True;BRED BANQUE POPULAIRE;BRED Banque Populaire;2026-09-15;{'StreetName': '45 rue Paul Vaillant Couturier', 'AdditionalStreetName': None, 'CityName': 'Levallois-Perret', 'PostalZone': '92532', 'Country': 'FRA'};279200224;True;HAUTS-DE-SEINE HABITAT - OPH;Hauts-de-Seine Habitat - OPH;;;services;['Prix : 50 %', 'Valeur technique : 50 %'];['prix', 'technique'];[50.0, 50.0];1440.0;False;;False;{'StreetName': '45 rue Paul Vaillant Couturier', 'CityName': 'Levallois Perret', 'PostalZone': '92300', 'NUTS': 'FR105', 'Country': 'FRA'};sans remise en concurrence;;26-88584;;;;LOT-0003;66110000;;3;8;;MARCHE DE SERVICE BANCAIRES - 3 LOTS;ouverte;DAF-2026-01;;;;False;False;False;;4140.0;Établissement public local à caractère industriel ou commercial ;250  à  499;False;1982-01-01;68.20A;2008;5560.0;Autre SA coopérative à conseil d'administration ;2 000  à  4 999;True;<NA>;2008;K;64;64.1;64.19;64.19Z;1929-07-01;(48.840301, 2.374705);Paris;Paris;Île-de-France;(48.8957, 2.282612);Levallois-Perret;Hauts-de-Seine;Île-de-France;;;;;;;;
False;['39111100', '39110000', '39120000'];;True;True;False;attribue;{'StreetName': '19 avenue de la Baltique', 'AdditionalStreetName': None, 'CityName': 'Villebon sur Yvette', 'PostalZone': '91948', 'Country': 'FRA'};343958138;True;JM. BRUNEAU;Bruneau;2026-09-15;{'StreetName': '26 rue du Docteur le Savoureux', 'AdditionalStreetName': None, 'CityName': 'CHATENAY-MALABRY', 'PostalZone': '92290', 'Country': 'FRA'};219200193;True;COMMUNE DE CHATENAY MALABRY;Ville de Châtenay-Malabry;;;fournitures;['Prix', 'Valeur technique'];['prix', 'technique'];[45.0, 55.0];;False;5200000.0;False;{'StreetName': None, 'CityName': None, 'PostalZone': None, 'NUTS': 'FR105', 'Country': 'FRA'};;;26-88624;;5200000.0;1200000.0;LOT-0001;39100000;;3;9;;Fourniture, montage et mise en place de mobilier de bureau, de mobilier scolaire et de restauration, de mobilier et d’équipement de motricité petite enfance;ouverte;AO2609;3.0;;;False;False;False;5200000.0;7210.0;Commune et commune nouvelle ;1 000  à  1 999;False;1980-01-01;84.11Z;2008;5710.0;SAS, société par actions simplifiée;500  à  999;False;<NA>;2008;G;46;46.6;46.66;46.66Z;1988-02-19;(48.689872, 2.207402);Villebon-sur-Yvette;Essonne;Île-de-France;(48.767173, 2.27757);Châtenay-Malabry;Hauts-de-Seine;Île-de-France;;;;;;;;
False;['39111100', '39110000', '39120000'];;True;True;False;attribue;{'StreetName': '26 avenue de Montevideo', 'AdditionalStreetName': None, 'CityName': 'paris', 'PostalZone': '75116', 'Country': 'FRA'};537468803;True;MOBIDECOR;Mobidecor;2026-09-15;{'StreetName': '26 rue du Docteur le Savoureux', 'AdditionalStreetName': None, 'CityName': 'CHATENAY-MALABRY', 'PostalZone': '92290', 'Country': 'FRA'};219200193;True;COMMUNE DE CHATENAY MALABRY;Ville de Châtenay-Malabry;;;fournitures;['Prix', 'Valeur technique'];['prix', 'technique'];[45.0, 55.0];;False;5200000.0;False;{'StreetName': None, 'CityName': None, 'PostalZone': None, 'NUTS': 'FR105', 'Country': 'FRA'};;;26-88624;;5200000.0;2400000.0;LOT-0002;39100000;;3;2;;Fourniture, montage et mise en place de mobilier de bureau, de mobilier scolaire et de restauration, de mobilier et d’équipement de motricité petite enfance;ouverte;AO2609;3.0;;;False;False;False;5200000.0;7210.0;Commune et commune nouvelle ;1 000  à  1 999;False;1980-01-01;84.11Z;2008;5710.0;SAS, société par actions simplifiée;250  à  499;False;<NA>;2008;C;31;31.0;31.01;31.01Z;2011-10-12;(48.866559, 2.27333);Paris;Paris;Île-de-France;(48.767173, 2.27757);Châtenay-Malabry;Hauts-de-Seine;Île-de-France;;;;;;;;
False;['39111100', '39110000', '39120000'];;True;True;False;attribue;{'StreetName': 'Route de cholet', 'AdditionalStreetName': None, 'CityName': 'Cerizay', 'PostalZone': '79141', 'Country': 'FRA'};304764863;True;WESCO;Wesco;2026-09-15;{'StreetName': '26 rue du Docteur le Savoureux', 'AdditionalStreetName': None, 'CityName': 'CHATENAY-MALABRY', 'PostalZone': '92290', 'Country': 'FRA'};219200193;True;COMMUNE DE CHATENAY MALABRY;Ville de Châtenay-Malabry;;;fournitures;['Prix', 'Valeur technique'];['prix', 'technique'];[45.0, 55.0];;False;5200000.0;False;{'StreetName': None, 'CityName': None, 'PostalZone': None, 'NUTS': 'FR105', 'Country': 'FRA'};;;26-88624;;5200000.0;1600000.0;LOT-0003;39100000;;3;6;;Fourniture, montage et mise en place de mobilier de bureau, de mobilier scolaire et de restauration, de mobilier et d’équipement de motricité petite enfance;ouverte;AO2609;3.0;;;False;False;False;5200000.0;7210.0;Commune et commune nouvelle ;1 000  à  1 999;False;1980-01-01;84.11Z;2008;5710.0;SAS, société par actions simplifiée;100  à  199;False;<NA>;2008;G;46;46.4;46.49;46.49Z;1975-01-01;;;;;(48.767173, 2.27757);Châtenay-Malabry;Hauts-de-Seine;Île-de-France;;;;;;;;
False;['90480000', '90460000'];;True;True;False;attribue;{'StreetName': '14 Rue Victor Basch', 'AdditionalStreetName': None, 'CityName': 'Viry-Chatillon', 'PostalZone': '91170', 'Country': 'FRA'};493337125;False;BIO-TRAITEMENTS ET HYGIENE PHYTOSANITAIRE;BIO-TRAITEMENTS ET HYGIENE PHYTOSANITAIRE;2026-09-15;{'StreetName': '46 rue du Commandant Louis Bouchet', 'AdditionalStreetName': None, 'CityName': 'Meudon-La-Forêt', 'PostalZone': '92360', 'Country': 'FRA'};559896535;False;HLM INTERPROFESSIONNELLE REGION PARIS;SA HLM IRP;;;services;['Valeur technique', 'Prix'];['technique', 'prix'];[50.0, 50.0];;False;;False;;;;26-88666;24-81423;78195.0;;LOT-0001;90480000;;2;2;;Entretien et Fraisage des Réseaux EU-EV-EP / Pompes de relevages;ouverte;SG;3.0;False;False;False;False;False;345572.0;5599.0;SA à conseil d'administration (s.a.i.);100  à  199;False;1900-01-01;68.20A;2008;5710.0;SAS, société par actions simplifiée;20  à  49;False;<NA>;2008;N;81;81.2;81.29;81.29A;2007-01-01;(48.683051, 2.381057);Viry-Châtillon;Essonne;Île-de-France;(48.788933, 2.231087);Meudon;Hauts-de-Seine;Île-de-France;;;;;;;;
False;['90400000', '90460000'];;True;True;False;attribue;{'StreetName': '12 Rue Berthelot', 'AdditionalStreetName': None, 'CityName': 'Gonesse', 'PostalZone': '95500', 'Country': 'FRA'};331890004;False;CURAGE INDUSTRIEL DE GONESSE;CURAGE INDUSTRIEL DE GONESSE;2026-09-15;{'StreetName': '46 rue du Commandant Louis Bouchet', 'AdditionalStreetName': None, 'CityName': 'Meudon-La-Forêt', 'PostalZone': '92360', 'Country': 'FRA'};559896535;False;HLM INTERPROFESSIONNELLE REGION PARIS;SA HLM IRP;;;services;['Valeur technique', 'Prix'];['technique', 'prix'];[50.0, 50.0];;False;;False;;;;26-88666;24-81423;262846.0;;LOT-0002;90480000;;2;1;;Entretien et Fraisage des Réseaux EU-EV-EP / Pompes de relevages;ouverte;SG;3.0;False;False;False;False;False;345572.0;5599.0;SA à conseil d'administration (s.a.i.);100  à  199;False;1900-01-01;68.20A;2008;5710.0;SAS, société par actions simplifiée;500  à  999;False;<NA>;2008;E;37;37.0;37.0;37.00Z;1985-02-26;(48.980877, 2.454699);Gonesse;Val-d'Oise;Île-de-France;(48.788933, 2.231087);Meudon;Hauts-de-Seine;Île-de-France;;;;;;;;
False;;;True;False;False;attribue;{'StreetName': '1 Place des Droits de l’Homme', 'AdditionalStreetName': None, 'CityName': 'LA PLAINE SAINT-DENIS', 'PostalZone': '93579', 'Country': 'FRA'};345039416;True;ORANGE BUSINESS SERVICES;Orange Business Services SA;2026-09-15;{'StreetName': '101 COURS CHARLEMAGNE', 'AdditionalStreetName': None, 'CityName': 'LYON', 'PostalZone': '69002', 'Country': 'FRA'};200053767;True;REGION AUVERGNE-RHONE-ALPES;Région Auvergne Rhône Alpes;;;services;;;;1440.0;False;;False;{'StreetName': 'Région Auvergne Rhône Alpes', 'CityName': 'Lyon', 'PostalZone': '69000', 'NUTS': 'FRK26', 'Country': 'FRA'};sans remise en concurrence;;26-88747;;70000000.0;;LOT-0001;64200000;70000000.0;1;3;;AMPLIVIA : Conception, intégration, exploitation du réseau, services de connectivité très haut débit.;negociee;;;;;False;False;False;70000000.0;7230.0;Région ;5 000  à  9 999;False;2016-01-01;84.11Z;2008;5599.0;SA à conseil d'administration (s.a.i.);5 000  à  9 999;False;<NA>;2008;J;62;62.0;62.02;62.02A;1988-05-06;(48.919254, 2.363151);Saint-Denis;Seine-Saint-Denis;Île-de-France;(45.740702, 4.819374);Lyon;Rhône;Auvergne-Rhône-Alpes;;;;;;;;
False;;;True;False;False;attribue;{'StreetName': '152 Avenue Pierre Brossolette', 'AdditionalStreetName': None, 'CityName': 'MALAKOFF', 'PostalZone': '92240', 'Country': 'FRA'};449586544;True;AXIONE;AXIONE;2026-09-15;{'StreetName': '1 Esplanade François Mitterrand - CS20033', 'AdditionalStreetName': None, 'CityName': 'Lyon cedex 2', 'PostalZone': '69269', 'Country': 'FRA'};200053767;True;REGION AUVERGNE-RHONE-ALPES;DATM - Direction de l aménagement du territoire et de la montagne;;;services;;;;1440.0;False;4000000.0;False;{'StreetName': 'Région Auvergne Rhône Alpes', 'CityName': 'Région Auvergne Rhône Alpes', 'PostalZone': '69000', 'NUTS': 'FRK26', 'Country': 'FRA'};sans remise en concurrence;;26-88748;;4000000.0;0.0;LOT-0001;64200000;4000000.0;1;2;;Activation et exploitation de l'infrastructure fibre noire interdépartementale de la Région Auvergne Rhône Alpes;ouverte;DAF_2026_000173;;;;False;False;False;4000000.0;7230.0;Région ;5 000  à  9 999;False;2016-01-01;84.11Z;2008;5710.0;SAS, société par actions simplifiée;2 000  à  4 999;False;False;2008;J;61;61.9;61.9;61.90Z;2003-07-15;(48.817498, 2.307444);Malakoff;Hauts-de-Seine;Île-de-France;(45.740575, 4.820078);Lyon;Rhône;Auvergne-Rhône-Alpes;;;;;;;;
False;;;True;True;False;attribue;{'StreetName': '131 CHEMIN DE BETAN - QUARTIER LAHITTE', 'AdditionalStreetName': None, 'CityName': 'PARENTIS EN BORN', 'PostalZone': '40160', 'Country': 'FRA'};399659895;True;SARL DE LAHITTE;SARL DE LAHITTE;2026-09-15;{'StreetName': '9 rue de Cursol', 'AdditionalStreetName': '9 rue de Cursol', 'CityName': 'BORDEAUX', 'PostalZone': '33000', 'Country': 'FRA'};130001902;True;;SID SO;;;services;;;;1440.0;False;3766664.0;False;{'StreetName': None, 'CityName': None, 'PostalZone': None, 'NUTS': 'FRI12', 'Country': 'FRA'};sans remise en concurrence;;26-88776;;848063.0;;LOT-0001;77310000;1121175.0;2;4;;33 - 40 - Cazaux - Biscarrosse DGAEM – ACBC de travaux forestiers et de débroussaillement;ouverte;DAF_2025_000062;;;;False;False;False;;;;;;<NA>;<NA>;<NA>;5499.0;Société à responsabilité limitée (sans autre indication);1  ou  2;<NA>;<NA>;2008;A;2;2.4;2.4;02.40Z;1994-11-01;;;;;(44.834984, -0.576411);Bordeaux;Gironde;Nouvelle-Aquitaine;;;;;;;;
False;;;True;True;False;attribue;{'StreetName': '15, route de Saint-Magne', 'AdditionalStreetName': None, 'CityName': 'Saint-Magne', 'PostalZone': '33125', 'Country': 'FRA'};353628829;True;SOCIETE DE TRAVAUX AGRICOLES ET FORESTIERS;Société de Travaux Agricoles et Forestiers (STAF);2026-09-15;{'StreetName': '9 rue de Cursol', 'AdditionalStreetName': '9 rue de Cursol', 'CityName': 'BORDEAUX', 'PostalZone': '33000', 'Country': 'FRA'};130001902;True;;SID SO;;;services;;;;1440.0;False;3766664.0;False;{'StreetName': None, 'CityName': None, 'PostalZone': None, 'NUTS': 'FRI12', 'Country': 'FRA'};sans remise en concurrence;;26-88776;;273112.0;;LOT-0002;77310000;1121175.0;2;4;;33 - 40 - Cazaux - Biscarrosse DGAEM – ACBC de travaux forestiers et de débroussaillement;ouverte;DAF_2025_000062;;;;False;False;False;;;;;;<NA>;<NA>;<NA>;5710.0;SAS, société par actions simplifiée;6  à  9;<NA>;<NA>;2008;A;2;2.1;2.1;02.10Z;1990-01-15;(44.570479, -0.643221);Saint-Magne;Gironde;Nouvelle-Aquitaine;(44.834984, -0.576411);Bordeaux;Gironde;Nouvelle-Aquitaine;;;;;;;;
False;['45231221'];;;False;False;attribue;{'StreetName': '77 Esp Du General De Gaulle', 'AdditionalStreetName': None, 'CityName': 'Puteaux', 'PostalZone': '92800', 'Country': 'FRA'};542084454;False;PRIMAGAZ;PRIMAGAZ;2026-09-15;{'StreetName': 'Zac La Plaine de la Ronce', 'AdditionalStreetName': '240, rue Augustin Fresnel, Cs20931', 'CityName': 'Isneauville', 'PostalZone': '76237', 'Country': 'FRA'};257600445;False;SYNDICAT DEPARTEMENTAL D'ENERGIE DE LA SEINE-MARITIME;Syndicat Départemental d'Energie de Seine-Maritime;;2026-07-06+02:00;services;"['Proposition financière', 'Compréhension des obligations de service public', ""Valeur technique de l'offre""]";['prix', 'qualite', 'technique'];[50.0, 30.0, 20.0];;False;;False;{'StreetName': None, 'CityName': 'Paluel', 'PostalZone': '76450', 'NUTS': 'FRD22', 'Country': 'FRA'};;;26-88612;26-88638;1000000.0;;LOT-0000;65200000;;1;1;;Délégation de service public pour la distribution de gaz propane sur la commune de Paluel;;2026-04;;;False;False;False;False;1000000.0;7354.0;Syndicat mixte fermé ;50  à  99;<NA>;1938-07-07;84.13Z;2008;5710.0;SAS, société par actions simplifiée;500  à  999;False;<NA>;2008;G;46;46.7;46.71;46.71Z;1954-01-01;(48.889884, 2.24279);Puteaux;Hauts-de-Seine;Île-de-France;(49.490957, 1.141064);Isneauville;Seine-Maritime;Normandie;;;;;;;;
False;['72700000'];;True;False;False;attribue;{'StreetName': '2 Pl De Londres', 'AdditionalStreetName': None, 'CityName': 'Tremblay-En-France', 'PostalZone': '93290', 'Country': 'FRA'};437947666;False;HUB ONE;HUB ONE;2026-09-15;{'StreetName': 'Terre plein de la Barre', 'AdditionalStreetName': 'Cs81413', 'CityName': 'Le Havre', 'PostalZone': '76067', 'Country': 'FRA'};899614804;False;GRAND PORT FLUVIO-MARITIME DE L'AXE SEINE;Grand port fluvio maritime de l'axe Seine - Direction territoriale du Havre;;2026-06-30+02:00;services;[];[];;1440.0;False;2500000.0;False;{'StreetName': 'Terre-Plein de la Barre', 'CityName': 'Le Havre', 'PostalZone': '76067', 'NUTS': 'FRD22', 'Country': 'FRA'};sans remise en concurrence;;26-88662;;765282.0;;LOT-0000;72700000;765282.0;1;5;;MAINTIEN EN CONDITION OPERATIONNELLE ET DEVELOPPEMENT DU RESEAU MOBILE PRIVE;ouverte;25 MIR 04;2.0;;;False;False;False;765282.0;4110.0;Établissement public national à caractère industriel ou commercial doté d'un comptable public ;1 000  à  1 999;False;2021-06-01;52.22Z;2008;5710.0;SAS, société par actions simplifiée;500  à  999;False;<NA>;2008;J;61;61.9;61.9;61.90Z;2001-05-11;(49.008904, 2.5595);Tremblay-en-France;Seine-Saint-Denis;Île-de-France;(49.486621, 0.115756);Le Havre;Seine-Maritime;Normandie;;;;;;;;
False;;;True;False;False;attribue;{'StreetName': '25 et 29 Corniche Bonaparte', 'AdditionalStreetName': None, 'CityName': 'BANDOL', 'PostalZone': '83150', 'Country': 'FRA'};301854295;True;LOCASAIL;SAS LOCASAIL;2026-09-15;{'StreetName': 'BCRM TOULON - BP42', 'AdditionalStreetName': None, 'CityName': 'TOULON CEDEX 09', 'PostalZone': '83800', 'Country': 'FRA'};130015373;True;;PFC Sud;;2026-08-25+02:00;fournitures;;;;;True;116666.67;False;{'StreetName': None, 'CityName': 'Saint mandrier', 'PostalZone': '83430', 'NUTS': 'FRL05', 'Country': 'FRA'};;;26-88741;;123682.0;116666.67;LOT-0001;34520000;;1;2;;Acquisition de 2 vedettes pour la formation permis côtier- PEM SAINT-MANDRIER;ouverte;DAF_2026_000390;;;;False;False;False;123682.0;;;;;<NA>;<NA>;<NA>;5710.0;SAS, société par actions simplifiée;6  à  9;<NA>;<NA>;2008;G;47;47.6;47.64;47.64Z;1975-01-01;(43.131454, 5.751526);Bandol;Var;Provence-Alpes-Côte d'Azur;;;;;;;;;;;;
False;;;False;False;False;attribue;{'StreetName': '10 RUE DE LA HAUTE BORNE', 'AdditionalStreetName': None, 'CityName': 'GISORS', 'PostalZone': '27140', 'Country': 'FRA'};324883859;True;GRISEL;GRISEL;2026-09-15;{'StreetName': '2 avenue du Général de Gaulle', 'AdditionalStreetName': None, 'CityName': 'SOISY-SOUS-MONTMORENCY', 'PostalZone': '95230', 'Country': 'FRA'};200048999;True;SYNDICAT DE COMMUNES POUR L'ETUDE, LA REALISATION ET LA GESTION D'INSTALLATIONS SPORTIVES ET AUTRES;SCERGIS;;;services;;;;360.0;False;;False;{'StreetName': None, 'CityName': None, 'PostalZone': None, 'NUTS': 'FR108', 'Country': 'FRA'};;;26-88605;;225000.0;;LOT-0001;60112000;;1;1;;Transports routiers en car avec chauffeur des communes de Soisy-sous-Montmorency, d'Andilly et Margency pour lesquels sont organisés des activités scolaires et extra scolaires.;ouverte;AOO - TRANSPORT 2026;;;;False;False;False;225000.0;7345.0;Syndicat intercommunal à vocation multiple (SIVOM) ;10  à  19;<NA>;2015-01-01;84.11Z;2008;5710.0;SAS, société par actions simplifiée;250  à  499;False;<NA>;2008;H;49;49.3;49.39;49.39A;1982-05-01;(49.261211, 1.791521);Gisors;Eure;Normandie;(48.987213, 2.30042);Soisy-sous-Montmorency;Val-d'Oise;Île-de-France;;;;;;;;
False;;;True;True;False;attribue;{'StreetName': None, 'AdditionalStreetName': None, 'CityName': 'CHANCEAUX SUR CHOISILLE', 'PostalZone': '37390', 'Country': 'FRA'};316807015;True;SYSCO FRANCE SAS;SYSCO FRANCE SAS;2026-09-15;"{'StreetName': ""5 ALLEE DE L'ILE GLORIETTE"", 'AdditionalStreetName': None, 'CityName': 'NANTES', 'PostalZone': '44093', 'Country': 'FRA'}";264400136;True;CHU NANTES;44 CHU;;2026-06-01+02:00;fournitures;['Qualité du produit (fiche technique et le cas échéant test organoleptique sur échantillon) 45% - Prix  50% - Qualité logistique (délai, franco) 5%'];['delai'];[45.0, 50.0, 5.0];;False;;False;{'StreetName': None, 'CityName': None, 'PostalZone': None, 'NUTS': 'FRG01', 'Country': 'FRA'};sans remise en concurrence;;26-88670;;;;LOT-0001;15800000;399018.0;5;5;;avis d'attribution;restreinte;SAD-22060_MS3-2;;;;False;False;False;;7364.0;Établissement d'hospitalisation ;10 000  et plus ;<NA>;1978-01-01;86.10Z;2008;5710.0;SAS, société par actions simplifiée;2 000  à  4 999;False;<NA>;2008;G;46;46.3;46.39;46.39A;1979-01-01;;Chanceaux-sur-Choisille;Indre-et-Loire;Centre-Val de Loire;(47.211138, -1.557241);Nantes;Loire-Atlantique;Pays de la Loire;;;;;;;;
False;;;True;True;False;attribue;{'StreetName': None, 'AdditionalStreetName': None, 'CityName': 'CARQUEFOU CEDEX', 'PostalZone': '44478', 'Country': 'FRA'};552044992;True;POMONA;POMONA PASSION FROID;2026-09-15;"{'StreetName': ""5 ALLEE DE L'ILE GLORIETTE"", 'AdditionalStreetName': None, 'CityName': 'NANTES', 'PostalZone': '44093', 'Country': 'FRA'}";264400136;True;CHU NANTES;44 CHU;;2026-06-01+02:00;fournitures;['Qualité du produit (fiche technique et le cas échéant test organoleptique sur échantillon) 45% - Prix  50% - Qualité logistique (délai, franco) 5%'];['delai'];[45.0, 50.0, 5.0];;False;;False;{'StreetName': None, 'CityName': None, 'PostalZone': None, 'NUTS': 'FRG01', 'Country': 'FRA'};sans remise en concurrence;;26-88670;;;;LOT-0002;15800000;399018.0;5;5;;avis d'attribution;restreinte;SAD-22060_MS3-2;;;;False;False;False;;7364.0;Établissement d'hospitalisation ;10 000  et plus ;<NA>;1978-01-01;86.10Z;2008;5699.0;SA à directoire (s.a.i.);5 000  à  9 999;False;False;2008;G;46;46.3;46.39;46.39B;1955-01-01;;Carquefou;Loire-Atlantique;Pays de la Loire;(47.211138, -1.557241);Nantes;Loire-Atlantique;Pays de la Loire;;;;;;;;
False;;;True;True;False;attribue;{'StreetName': None, 'AdditionalStreetName': None, 'CityName': 'ANTIGNY', 'PostalZone': '85120', 'Country': 'FRA'};546850231;True;SOCIETE INDUSTRIELLE RAISON FRERES;SIRF SAS;2026-09-15;"{'StreetName': ""5 ALLEE DE L'ILE GLORIETTE"", 'AdditionalStreetName': None, 'CityName': 'NANTES', 'PostalZone': '44093', 'Country': 'FRA'}";264400136;True;CHU NANTES;44 CHU;;2026-06-01+02:00;fournitures;['Qualité du produit (fiche technique et le cas échéant test organoleptique sur échantillon) 45% - Prix  50% - Qualité logistique (délai, franco) 5%'];['delai'];[45.0, 50.0, 5.0];;False;;False;{'StreetName': None, 'CityName': None, 'PostalZone': None, 'NUTS': 'FRG01', 'Country': 'FRA'};sans remise en concurrence;;26-88670;;;;LOT-0003;15800000;399018.0;5;5;;avis d'attribution;restreinte;SAD-22060_MS3-2;;;;False;False;False;;7364.0;Établissement d'hospitalisation ;10 000  et plus ;<NA>;1978-01-01;86.10Z;2008;5710.0;SAS, société par actions simplifiée;250  à  499;False;<NA>;2008;G;46;46.3;46.39;46.39A;1968-01-01;;Antigny;Vendée;Pays de la Loire;(47.211138, -1.557241);Nantes;Loire-Atlantique;Pays de la Loire;;;;;;;;
False;;;True;True;False;attribue;{'StreetName': None, 'AdditionalStreetName': None, 'CityName': 'LES HERBIERS CEDEX ', 'PostalZone': '85500', 'Country': 'FRA'};424935500;True;ACHILLE BERTRAND;ACHILLE BERTRAND;2026-09-15;"{'StreetName': ""5 ALLEE DE L'ILE GLORIETTE"", 'AdditionalStreetName': None, 'CityName': 'NANTES', 'PostalZone': '44093', 'Country': 'FRA'}";264400136;True;CHU NANTES;44 CHU;;2026-06-01+02:00;fournitures;['Qualité du produit (fiche technique et le cas échéant test organoleptique sur échantillon) 45% - Prix  50% - Qualité logistique (délai, franco) 5%'];['delai'];[45.0, 50.0, 5.0];;False;;False;{'StreetName': None, 'CityName': None, 'PostalZone': None, 'NUTS': 'FRG01', 'Country': 'FRA'};sans remise en concurrence;;26-88670;;;;LOT-0004;15800000;399018.0;5;5;;avis d'attribution;restreinte;SAD-22060_MS3-2;;;;False;False;False;;7364.0;Établissement d'hospitalisation ;10 000  et plus ;<NA>;1978-01-01;86.10Z;2008;5710.0;SAS, société par actions simplifiée;200  à  249;False;<NA>;2008;G;46;46.3;46.32;46.32A;1999-11-05;;Les Herbiers;Vendée;Pays de la Loire;(47.211138, -1.557241);Nantes;Loire-Atlantique;Pays de la Loire;;;;;;;;
False;;;True;True;False;attribue;{'StreetName': None, 'AdditionalStreetName': None, 'CityName': 'LES HERBIERS CEDEX ', 'PostalZone': '85500', 'Country': 'FRA'};424935500;True;ACHILLE BERTRAND;ACHILLE BERTRAND;2026-09-15;"{'StreetName': ""5 ALLEE DE L'ILE GLORIETTE"", 'AdditionalStreetName': None, 'CityName': 'NANTES', 'PostalZone': '44093', 'Country': 'FRA'}";264400136;True;CHU NANTES;44 CHU;;2026-06-01+02:00;fournitures;['Qualité du produit (fiche technique et le cas échéant test organoleptique sur échantillon) 45% - Prix  50% - Qualité logistique (délai, franco) 5%'];['delai'];[45.0, 50.0, 5.0];;False;;False;{'StreetName': None, 'CityName': None, 'PostalZone': None, 'NUTS': 'FRG01', 'Country': 'FRA'};sans remise en concurrence;;26-88670;;;;LOT-0005;15800000;399018.0;5;5;;avis d'attribution;restreinte;SAD-22060_MS3-2;;;;False;False;False;;7364.0;Établissement d'hospitalisation ;10 000  et plus ;<NA>;1978-01-01;86.10Z;2008;5710.0;SAS, société par actions simplifiée;200  à  249;False;<NA>;2008;G;46;46.3;46.32;46.32A;1999-11-05;;Les Herbiers;Vendée;Pays de la Loire;(47.211138, -1.557241);Nantes;Loire-Atlantique;Pays de la Loire;;;;;;;;
False;;;True;True;False;attribue;{'StreetName': None, 'AdditionalStreetName': None, 'CityName': 'ANTONY', 'PostalZone': '92160', 'Country': 'FRA'};476980321;True;POMONA EPISAVEURS;POMONA TERRE AZUR;2026-09-15;"{'StreetName': ""5 ALLEE DE L'ILE GLORIETTE"", 'AdditionalStreetName': None, 'CityName': 'NANTES', 'PostalZone': '44093', 'Country': 'FRA'}";264400136;True;CHU NANTES;44 CHU;;2026-06-01+02:00;fournitures;['Qualité du produit (fiche technique et le cas échéant test organoleptique sur échantillon) 45% - Prix  50% - Qualité logistique (délai, franco) 5%'];['delai'];[45.0, 50.0, 5.0];;False;;False;{'StreetName': None, 'CityName': None, 'PostalZone': None, 'NUTS': 'FRG01', 'Country': 'FRA'};sans remise en concurrence;;26-88794;;287688.0;;LOT-0001;15800000;8951418.0;6;9;;avis d'attribution;restreinte;LOTS 1-4-12;;;;False;False;False;;7364.0;Établissement d'hospitalisation ;10 000  et plus ;<NA>;1978-01-01;86.10Z;2008;5710.0;SAS, société par actions simplifiée;1 000  à  1 999;False;<NA>;2008;G;46;46.3;46.39;46.39B;1900-01-01;;Beaupréau-en-Mauges;Maine-et-Loire;Pays de la Loire;(47.211138, -1.557241);Nantes;Loire-Atlantique;Pays de la Loire;;;;;;;;
False;;;True;True;False;attribue;{'StreetName': None, 'AdditionalStreetName': None, 'CityName': 'NOTRE DAME DE MONTS', 'PostalZone': '85690', 'Country': 'FRA'};327807210;True;GASTROMER;GASTROMER;2026-09-15;"{'StreetName': ""5 ALLEE DE L'ILE GLORIETTE"", 'AdditionalStreetName': None, 'CityName': 'NANTES', 'PostalZone': '44093', 'Country': 'FRA'}";264400136;True;CHU NANTES;44 CHU;;2026-06-01+02:00;fournitures;['Qualité du produit (fiche technique et le cas échéant test organoleptique sur échantillon) 45% - Prix  50% - Qualité logistique (délai, franco) 5%'];['delai'];[45.0, 50.0, 5.0];;False;;False;{'StreetName': None, 'CityName': None, 'PostalZone': None, 'NUTS': 'FRG01', 'Country': 'FRA'};sans remise en concurrence;;26-88794;;123984.0;;LOT-0002;15800000;8951418.0;6;9;;avis d'attribution;restreinte;LOTS 1-4-12;;;;False;False;False;;7364.0;Établissement d'hospitalisation ;10 000  et plus ;<NA>;1978-01-01;86.10Z;2008;5710.0;SAS, société par actions simplifiée;100  à  199;False;<NA>;2008;C;10;10.8;10.85;10.85Z;1983-07-18;;Notre-Dame-de-Monts;Vendée;Pays de la Loire;(47.211138, -1.557241);Nantes;Loire-Atlantique;Pays de la Loire;;;;;;;;
False;;;True;True;False;attribue;{'StreetName': None, 'AdditionalStreetName': None, 'CityName': 'LES HERBIERS CEDEX', 'PostalZone': '85500', 'Country': 'FRA'};424935500;True;ACHILLE BERTRAND;ACHILLE BERTRAND;2026-09-15;"{'StreetName': ""5 ALLEE DE L'ILE GLORIETTE"", 'AdditionalStreetName': None, 'CityName': 'NANTES', 'PostalZone': '44093', 'Country': 'FRA'}";264400136;True;CHU NANTES;44 CHU;;2026-06-01+02:00;fournitures;['Qualité du produit (fiche technique et le cas échéant test organoleptique sur échantillon) 45% - Prix  50% - Qualité logistique (délai, franco) 5%'];['delai'];[45.0, 50.0, 5.0];;False;;False;{'StreetName': None, 'CityName': None, 'PostalZone': None, 'NUTS': 'FRG01', 'Country': 'FRA'};sans remise en concurrence;;26-88794;;223102.0;;LOT-0003;15800000;8951418.0;6;9;;avis d'attribution;restreinte;LOTS 1-4-12;;;;False;False;False;;7364.0;Établissement d'hospitalisation ;10 000  et plus ;<NA>;1978-01-01;86.10Z;2008;5710.0;SAS, société par actions simplifiée;200  à  249;False;<NA>;2008;G;46;46.3;46.32;46.32A;1999-11-05;;Les Herbiers;Vendée;Pays de la Loire;(47.211138, -1.557241);Nantes;Loire-Atlantique;Pays de la Loire;;;;;;;;
False;;;True;True;False;attribue;{'StreetName': None, 'AdditionalStreetName': None, 'CityName': 'CHEVILLY LARUE', 'PostalZone': '94550', 'Country': 'FRA'};316807015;True;SYSCO FRANCE SAS;SYSCO;2026-09-15;"{'StreetName': ""5 ALLEE DE L'ILE GLORIETTE"", 'AdditionalStreetName': None, 'CityName': 'NANTES', 'PostalZone': '44093', 'Country': 'FRA'}";264400136;True;CHU NANTES;44 CHU;;2026-06-01+02:00;fournitures;['Qualité du produit (fiche technique et le cas échéant test organoleptique sur échantillon) 45% - Prix  50% - Qualité logistique (délai, franco) 5%'];['delai'];[45.0, 50.0, 5.0];;False;;False;{'StreetName': None, 'CityName': None, 'PostalZone': None, 'NUTS': 'FRG01', 'Country': 'FRA'};sans remise en concurrence;;26-88794;;37944.0;;LOT-0004;15800000;8951418.0;6;9;;avis d'attribution;restreinte;LOTS 1-4-12;;;;False;False;False;;7364.0;Établissement d'hospitalisation ;10 000  et plus ;<NA>;1978-01-01;86.10Z;2008;5710.0;SAS, société par actions simplifiée;2 000  à  4 999;False;<NA>;2008;G;46;46.3;46.39;46.39A;1979-01-01;;Chevilly-Larue;Val-de-Marne;Île-de-France;(47.211138, -1.557241);Nantes;Loire-Atlantique;Pays de la Loire;;;;;;;;
False;;;True;True;False;attribue;{'StreetName': None, 'AdditionalStreetName': None, 'CityName': 'CHATEAUGIRON', 'PostalZone': '35410', 'Country': 'FRA'};379337801;True;CREPERIE COLAS;CREPERIE COLAS;2026-09-15;"{'StreetName': ""5 ALLEE DE L'ILE GLORIETTE"", 'AdditionalStreetName': None, 'CityName': 'NANTES', 'PostalZone': '44093', 'Country': 'FRA'}";264400136;True;CHU NANTES;44 CHU;;2026-06-01+02:00;fournitures;['Qualité du produit (fiche technique et le cas échéant test organoleptique sur échantillon) 45% - Prix  50% - Qualité logistique (délai, franco) 5%'];['delai'];[45.0, 50.0, 5.0];;False;;False;{'StreetName': None, 'CityName': None, 'PostalZone': None, 'NUTS': 'FRG01', 'Country': 'FRA'};sans remise en concurrence;;26-88794;;221437.0;;LOT-0005;15800000;8951418.0;6;9;;avis d'attribution;restreinte;LOTS 1-4-12;;;;False;False;False;;7364.0;Établissement d'hospitalisation ;10 000  et plus ;<NA>;1978-01-01;86.10Z;2008;5710.0;SAS, société par actions simplifiée;20  à  49;<NA>;<NA>;2008;C;10;10.7;10.71;10.71A;1990-09-01;;Châteaugiron;Ille-et-Vilaine;Bretagne;(47.211138, -1.557241);Nantes;Loire-Atlantique;Pays de la Loire;;;;;;;;
False;;;True;True;False;attribue;{'StreetName': None, 'AdditionalStreetName': None, 'CityName': 'ROÊZE SUR SARTHE', 'PostalZone': '72210', 'Country': 'FRA'};343397782;True;ESPRI RESTAURATION;ESPRI RESTAURATION;2026-09-15;"{'StreetName': ""5 ALLEE DE L'ILE GLORIETTE"", 'AdditionalStreetName': None, 'CityName': 'NANTES', 'PostalZone': '44093', 'Country': 'FRA'}";264400136;True;CHU NANTES;44 CHU;;2026-06-01+02:00;fournitures;['Qualité du produit (fiche technique et le cas échéant test organoleptique sur échantillon) 45% - Prix  50% - Qualité logistique (délai, franco) 5%'];['delai'];[45.0, 50.0, 5.0];;False;;False;{'StreetName': None, 'CityName': None, 'PostalZone': None, 'NUTS': 'FRG01', 'Country': 'FRA'};sans remise en concurrence;;26-88794;;990.0;;LOT-0006;15800000;8951418.0;6;9;;avis d'attribution;restreinte;LOTS 1-4-12;;;;False;False;False;;7364.0;Établissement d'hospitalisation ;10 000  et plus ;<NA>;1978-01-01;86.10Z;2008;5710.0;SAS, société par actions simplifiée;250  à  499;False;<NA>;2008;C;10;10.8;10.85;10.85Z;1988-01-06;;Roëzé-sur-Sarthe;Sarthe;Pays de la Loire;(47.211138, -1.557241);Nantes;Loire-Atlantique;Pays de la Loire;;;;;;;;
False;['37535291'];;True;False;False;attribue;{'StreetName': '2 Che Du Genie', 'AdditionalStreetName': None, 'CityName': 'Venissieux', 'PostalZone': '69200', 'Country': 'FRA'};793501750;False;INSTITUT ARTLINE;ART LINE;2026-09-15;"{'StreetName': ""1 rue du 30ème Régiment d'Infanterie"", 'AdditionalStreetName': 'Cs 32444', 'CityName': 'Annecy Cedex', 'PostalZone': '74041', 'Country': 'FRA'}";227400017;False;DEPARTEMENT DE LA HAUTE SAVOIE;Département de la Haute-Savoie;;2026-10-15+02:00;fournitures;"['Valeur technique sur la base du mémoire technique, des fiches techniques et des listes de fournitures et des catalogues', ""Performances en matière de protection de l'environnement"", 'Prix sur la base de la Dpgf']";['technique', 'environnemental', 'prix'];[55.0, 5.0, 40.0];90.0;True;;False;;;;26-88580;;140077.37;;LOT-0000;37535291;;1;3;;Collège de St-Jeoire  -  Fourniture  des prises et volumes pour les structures d'escalade du gymnase;ouverte;2026M0313;;;;False;True;False;140077.37;7220.0;Département ;2 000  à  4 999;False;1983-03-01;84.11Z;2008;5499.0;Société à responsabilité limitée (sans autre indication);10  à  19;False;<NA>;2008;P;85;85.5;85.59;85.59A;2013-06-05;(45.716058, 4.861759);Vénissieux;Rhône;Auvergne-Rhône-Alpes;(45.903451, 6.131219);Annecy;Haute-Savoie;Auvergne-Rhône-Alpes;;;;;;;;
False;['39296100'];;True;True;False;attribue;{'StreetName': 'Le Bourg', 'AdditionalStreetName': None, 'CityName': 'Saint-Martin-La-Sauvete', 'PostalZone': '42260', 'Country': 'FRA'};224100016;False;DEPARTEMENT DU LOIR ET CHER;LA QUALITE B;2026-09-15;"{'StreetName': ""Place de l'Hôtel de Ville"", 'AdditionalStreetName': None, 'CityName': 'Roanne', 'PostalZone': '42300', 'Country': 'FRA'}";214201873;False;COMMUNE DE ROANNE;Ville de Roanne;;;fournitures;['Valeur technique', 'Délai de livraison', 'Développement durable', 'Prix des prestations'];['technique', 'delai', 'environnemental', 'prix'];[45.0, 20.0, 15.0, 20.0];;True;1120000.0;False;;sans remise en concurrence;;26-88761;;1000000.0;;LOT-0001;39296100;1120000.0;2;1;1.0;FOURNITURE DE CERCUEILS, CAPITONS ET ACCESSOIRES;ouverte;2026-FCS-0040;3.0;;;False;True;False;;7210.0;Commune et commune nouvelle ;500  à  999;False;1982-01-01;84.11Z;2008;7220.0;Département ;1 000  à  1 999;False;<NA>;2008;O;84;84.1;84.11;84.11Z;1978-01-01;(45.830435, 3.926072);Saint-Martin-la-Sauveté;Loire;Auvergne-Rhône-Alpes;(46.034499, 4.072676);Roanne;Loire;Auvergne-Rhône-Alpes;;;;;;;;
False;['39296000'];;True;True;False;attribue;{'StreetName': 'Beaulieu', 'AdditionalStreetName': None, 'CityName': 'Saint-Leon', 'PostalZone': '03220', 'Country': 'FRA'};775646227;False;ETABLISSEMENTS CARRIER-FEIGE RENAUD;ETABLISSEMENTS CARRIER-FEIGE RENAUD;2026-09-15;"{'StreetName': ""Place de l'Hôtel de Ville"", 'AdditionalStreetName': None, 'CityName': 'Roanne', 'PostalZone': '42300', 'Country': 'FRA'}";214201873;False;COMMUNE DE ROANNE;Ville de Roanne;;;fournitures;['Valeur technique', 'Délai de livraison', 'Développement durable', 'Prix des prestations'];['technique', 'delai', 'environnemental', 'prix'];[45.0, 15.0, 10.0, 30.0];;True;1120000.0;False;;sans remise en concurrence;;26-88761;;120000.0;;LOT-0002;39296100;1120000.0;2;3;3.0;FOURNITURE DE CERCUEILS, CAPITONS ET ACCESSOIRES;ouverte;2026-FCS-0040;3.0;;;False;True;False;;7210.0;Commune et commune nouvelle ;500  à  999;False;1982-01-01;84.11Z;2008;5599.0;SA à conseil d'administration (s.a.i.);20  à  49;False;<NA>;2008;C;13;13.9;13.92;13.92Z;1956-01-01;(46.398028, 3.686547);Saint-Léon;Allier;Auvergne-Rhône-Alpes;(46.034499, 4.072676);Roanne;Loire;Auvergne-Rhône-Alpes;;;;;;;;
False;;;True;True;False;attribue;{'StreetName': 'ZA La Semaille RN 138', 'AdditionalStreetName': None, 'CityName': 'BERNAY', 'PostalZone': '27300', 'Country': 'FRA'};300849858;True;LIBRAIRIE PAPETERIE DU MANOIR;LPM Librairie Papeterie du Manoir;2026-09-15;{'StreetName': 'Hôtel de ville', 'AdditionalStreetName': None, 'CityName': 'PONT-AUDEMER cedex', 'PostalZone': '27504', 'Country': 'FRA'};200065787;True;CC DE PONT-AUDEMER / VAL DE RISLE;Communauté de communes Pont-Audemer Val de Risle;;2026-09-07+02:00;fournitures;"['Prix', 'Valeur technique', ""Respect de l'environnement""]";['prix', 'technique', 'environnemental'];[60.0, 30.0, 10.0];;False;;False;{'StreetName': 'Hôtel de ville', 'CityName': 'PONT-AUDEMER cedex', 'PostalZone': '27504', 'NUTS': 'FRD21', 'Country': 'FRA'};sans remise en concurrence;;26-88688;;4728.72;;LOT-0001;39162110;440000.0;2;3;;Acquisition et livraison de fournitures scolaires;ouverte;PPP1ZD-75/6174/2026-06-CC;3.0;;;False;False;False;;7346.0;Communauté de communes ;250  à  499;False;2017-01-01;84.11Z;2008;5710.0;SAS, société par actions simplifiée;10  à  19;False;<NA>;2008;G;46;46.4;46.49;46.49Z;1974-01-01;(49.067629, 0.575865);Bernay;Eure;Normandie;;;;;;;;;;;;
False;['30197630'];;True;True;False;attribue;{'StreetName': 'ZA La Semaille RN 138', 'AdditionalStreetName': None, 'CityName': 'BERNAY', 'PostalZone': '27300', 'Country': 'FRA'};300849858;True;LIBRAIRIE PAPETERIE DU MANOIR;LPM Librairie Papeterie du Manoir;2026-09-15;{'StreetName': 'Hôtel de ville', 'AdditionalStreetName': None, 'CityName': 'PONT-AUDEMER cedex', 'PostalZone': '27504', 'Country': 'FRA'};200065787;True;CC DE PONT-AUDEMER / VAL DE RISLE;Communauté de communes Pont-Audemer Val de Risle;;2026-09-07+02:00;fournitures;"['Prix', 'Valeur technique', ""Respect de l'environnement""]";['prix', 'technique', 'environnemental'];[60.0, 30.0, 10.0];;False;;False;{'StreetName': 'Hôtel de ville', 'CityName': 'PONT-AUDEMER cedex', 'PostalZone': '27504', 'NUTS': 'FRD21', 'Country': 'FRA'};sans remise en concurrence;;26-88688;;6486.64;;LOT-0002;39162110;440000.0;2;4;;Acquisition et livraison de fournitures scolaires;ouverte;PPP1ZD-75/6174/2026-06-CC;3.0;;;False;False;False;;7346.0;Communauté de communes ;250  à  499;False;2017-01-01;84.11Z;2008;5710.0;SAS, société par actions simplifiée;10  à  19;False;<NA>;2008;G;46;46.4;46.49;46.49Z;1974-01-01;(49.067629, 0.575865);Bernay;Eure;Normandie;;;;;;;;;;;;
False;['09323000'];;True;False;False;attribue;{'StreetName': '18 RUE DU VIVIER', 'AdditionalStreetName': 'LOTISSEMENT 1', 'CityName': 'ALLONNES', 'PostalZone': '72700', 'Country': 'FRA'};456500537;True;DALKIA;DALKIA;2026-09-15;{'StreetName': 'CS 54030', 'AdditionalStreetName': None, 'CityName': 'Saumur Cedex', 'PostalZone': '49408', 'Country': 'FRA'};214903288;True;COMMUNE DE SAUMUR;Ville de Saumur (49);;;services;"['Prix', 'Valeur technique', ""Performance en matière de protection de l'environnement""]";['prix', 'technique', 'environnemental'];;1800.0;True;;False;{'StreetName': None, 'CityName': 'Saumur', 'PostalZone': '49408', 'NUTS': 'FRG02', 'Country': 'FRA'};;;26-88592;;6590960.0;;LOT-0001;50721000;;1;2;;Exploitation réseau de chaleur urbain CALEO (P1P2P3);ouverte;;;;;False;False;False;6590960.0;7210.0;Commune et commune nouvelle ;500  à  999;False;1983-03-01;84.11Z;2008;5599.0;SA à conseil d'administration (s.a.i.);10 000  et plus ;False;False;2008;D;35;35.3;35.3;35.30Z;1956-01-01;(47.973378, 0.151219);Allonnes;Sarthe;Pays de la Loire;(47.262339, -0.103021);Saumur;Maine-et-Loire;Pays de la Loire;;;;;;;;
False;;;;True;False;attribue;{'StreetName': 'LA CROIX BLANDIN', 'AdditionalStreetName': None, 'CityName': 'REIMS', 'PostalZone': '51100', 'Country': 'FRA'};477181010;True;API RESTAURATION;API RESTAURATION;2026-09-15;{'StreetName': 'CS80036', 'AdditionalStreetName': None, 'CityName': 'REIMS cedex', 'PostalZone': '51722', 'Country': 'FRA'};200067213;True;COMMUNAUTE URBAINE DU GRAND REIMS;C3C Ressources et Territoires;;;services;['Qualité des prestations', 'Prix', 'Engagement en matière de protection de l’environnement'];['qualite', 'prix', 'environnemental'];[55.0, 30.0, 15.0];1440.0;False;;False;;sans remise en concurrence;;26-88617;;8000000.0;;LOT-0001;55321000;8650000.0;2;2;0.0;Prestations de restauration pour les écoles, crèches et accueils de loisirs de la Communauté urbaine du Grand Reims;ouverte;2026-CU_3A-9249;;;;False;False;False;;7343.0;Communauté urbaine ;1 000  à  1 999;False;2017-01-01;84.11Z;2008;5710.0;SAS, société par actions simplifiée;5 000  à  9 999;False;False;2008;I;56;56.2;56.29;56.29A;1985-09-27;(49.258745, 4.052672);Reims;Marne;Grand Est;;;;;;;;;;;;
False;;;;True;False;attribue;{'StreetName': 'LA CROIX BLANDIN', 'AdditionalStreetName': None, 'CityName': 'REIMS', 'PostalZone': '51100', 'Country': 'FRA'};477181010;True;API RESTAURATION;API RESTAURATION;2026-09-15;{'StreetName': 'CS80036', 'AdditionalStreetName': None, 'CityName': 'REIMS cedex', 'PostalZone': '51722', 'Country': 'FRA'};200067213;True;COMMUNAUTE URBAINE DU GRAND REIMS;C3C Ressources et Territoires;;;services;['Qualité des prestations', 'Prix', 'Engagement en matière de protection de l’environnement'];['qualite', 'prix', 'environnemental'];[55.0, 30.0, 15.0];1440.0;False;;False;;sans remise en concurrence;;26-88617;;650000.0;;LOT-0002;55321000;8650000.0;2;3;0.0;Prestations de restauration pour les écoles, crèches et accueils de loisirs de la Communauté urbaine du Grand Reims;ouverte;2026-CU_3A-9249;;;;False;False;False;;7343.0;Communauté urbaine ;1 000  à  1 999;False;2017-01-01;84.11Z;2008;5710.0;SAS, société par actions simplifiée;5 000  à  9 999;False;False;2008;I;56;56.2;56.29;56.29A;1985-09-27;(49.258745, 4.052672);Reims;Marne;Grand Est;;;;;;;;;;;;
False;['77310000'];;True;True;False;attribue;{'StreetName': '9 Rue Pierre Marinier', 'AdditionalStreetName': None, 'CityName': 'Sainte-Marie', 'PostalZone': '97438', 'Country': 'FRA'};911431633;False;PAYSAGE BOURBON NET CLEAN;PAYSAGE BOURBON NET CLEAN;2026-09-15;{'StreetName': 'Direction de la Commande Publique', 'AdditionalStreetName': '26 rue Lislet Geoffroy Sainte Clotilde', 'CityName': 'Saint-Denis', 'PostalZone': '97490', 'Country': 'FRA'};219740115;False;COMMUNE DE SAINT DENIS;Commune de Saint-Denis;;;services;"[""Valeur technique de l'offre appréciée à l'aide du mémoire technique"", 'Prise en compte de la notion de développement durable', 'Prix']";['technique', 'environnemental', 'prix'];[30.0, 20.0, 50.0];;False;;False;;;;26-88770;;648000.0;;LOT-0001;77310000;;2;17;;"PRESTATIONS D'ENTRETIEN DU COEUR VERT FAMILIAL DE LA VILLE DE SAINT - DENIS 2026 - 2029
Lot 1 - Entretien du CVF Secteur Parc urbain
Lot 2 - Entretien du CVF Secteur Montgaillard";ouverte;2602260050-AB;2.0;;;False;False;False;1270800.0;7210.0;Commune et commune nouvelle ;2 000  à  4 999;False;1967-01-01;84.11Z;2008;5499.0;Société à responsabilité limitée (sans autre indication);50  à  99;False;<NA>;2008;N;81;81.3;81.3;81.30Z;2022-03-09;(-20.896879, 55.530767);Sainte-Marie;La Réunion;;(-20.895105, 55.497705);Saint-Denis;La Réunion;;;;;;;;;
False;['77310000'];;True;True;False;attribue;{'StreetName': '7 All Des Sapents', 'AdditionalStreetName': None, 'CityName': 'Saint-Denis', 'PostalZone': '97400', 'Country': 'FRA'};498682574;False;TCR 22;TCR 22;2026-09-15;{'StreetName': 'Direction de la Commande Publique', 'AdditionalStreetName': '26 rue Lislet Geoffroy Sainte Clotilde', 'CityName': 'Saint-Denis', 'PostalZone': '97490', 'Country': 'FRA'};219740115;False;COMMUNE DE SAINT DENIS;Commune de Saint-Denis;;;services;"[""Valeur technique de l'offre appréciée à l'aide du mémoire technique"", 'Prise en compte de la notion de développement durable', 'Prix']";['technique', 'environnemental', 'prix'];[30.0, 20.0, 50.0];;False;;False;;;;26-88770;;622800.0;;LOT-0002;77310000;;2;20;;"PRESTATIONS D'ENTRETIEN DU COEUR VERT FAMILIAL DE LA VILLE DE SAINT - DENIS 2026 - 2029
Lot 1 - Entretien du CVF Secteur Parc urbain
Lot 2 - Entretien du CVF Secteur Montgaillard";ouverte;2602260050-AB;2.0;;;False;False;False;1270800.0;7210.0;Commune et commune nouvelle ;2 000  à  4 999;False;1967-01-01;84.11Z;2008;5499.0;Société à responsabilité limitée (sans autre indication);10  à  19;False;<NA>;2008;N;81;81.3;81.3;81.30Z;2007-05-09;(-20.894512, 55.464006);Saint-Denis;La Réunion;;(-20.895105, 55.497705);Saint-Denis;La Réunion;;;;;;;;;
False;;;True;True;False;attribue;{'StreetName': None, 'AdditionalStreetName': None, 'CityName': '87085', 'PostalZone': '87000', 'Country': 'FRA'};412395709;True;EUROVIA POITOU CHARENTES LIMOUSIN;EUROVIA POITOU CHARENTES LIMOUSIN;2026-09-15;{'StreetName': '19, rue Bernard Palissy', 'AdditionalStreetName': None, 'CityName': 'LIMOGES CEDEX', 'PostalZone': '87031', 'Country': 'FRA'};248719312;True;CU LIMOGES METROPOLE;LIMOGES METROPOLE - Communauté urbaine;;;travaux;['Prix des prestations', 'Valeur technique'];['prix', 'technique'];[60.0, 40.0];780.0;False;;False;{'StreetName': None, 'CityName': None, 'PostalZone': None, 'NUTS': 'FRI23', 'Country': 'FRA'};;;26-88628;;1323792.0;;LOT-0001;45112500;;19;5;;Construction d’une patinoire communautaire;ouverte;2026-F004;;;;False;False;False;20292064.0;7343.0;Communauté urbaine ;1 000  à  1 999;False;2002-01-01;84.11Z;2008;5710.0;SAS, société par actions simplifiée;500  à  999;False;<NA>;2008;F;42;42.1;42.11;42.11Z;1997-05-30;;;;;(45.833921, 1.25212);Limoges;Haute-Vienne;Nouvelle-Aquitaine;;;;;;;;
False;;;True;True;False;attribue;{'StreetName': None, 'AdditionalStreetName': None, 'CityName': '35281', 'PostalZone': '35136', 'Country': 'FRA'};314209628;True;LEGENDRE CONSTRUCTION;LEGENDRE CONSTRUCTION;2026-09-15;{'StreetName': '19, rue Bernard Palissy', 'AdditionalStreetName': None, 'CityName': 'LIMOGES CEDEX', 'PostalZone': '87031', 'Country': 'FRA'};248719312;True;CU LIMOGES METROPOLE;LIMOGES METROPOLE - Communauté urbaine;;;travaux;['Prix des prestations', 'Valeur technique'];['prix', 'technique'];[40.0, 60.0];780.0;False;;False;{'StreetName': None, 'CityName': None, 'PostalZone': None, 'NUTS': 'FRI23', 'Country': 'FRA'};;;26-88628;;5000000.0;;LOT-0002;45223220;;19;6;;Construction d’une patinoire communautaire;ouverte;2026-F004;;;;False;False;False;20292064.0;7343.0;Communauté urbaine ;1 000  à  1 999;False;2002-01-01;84.11Z;2008;5710.0;SAS, société par actions simplifiée;100  à  199;False;<NA>;2008;M;70;70.1;70.1;70.10Z;1978-01-01;;;;;(45.833921, 1.25212);Limoges;Haute-Vienne;Nouvelle-Aquitaine;;;;;;;;
False;;;True;True;False;attribue;{'StreetName': None, 'AdditionalStreetName': None, 'CityName': '24311', 'PostalZone': '24300', 'Country': 'FRA'};331926386;True;STE MATHIS & DANEDE;STE MATHIS & DANEDE;2026-09-15;{'StreetName': '19, rue Bernard Palissy', 'AdditionalStreetName': None, 'CityName': 'LIMOGES CEDEX', 'PostalZone': '87031', 'Country': 'FRA'};248719312;True;CU LIMOGES METROPOLE;LIMOGES METROPOLE - Communauté urbaine;;;travaux;['Prix des prestations', 'Valeur technique'];['prix', 'technique'];[40.0, 60.0];780.0;False;;False;{'StreetName': None, 'CityName': None, 'PostalZone': None, 'NUTS': 'FRI23', 'Country': 'FRA'};;;26-88628;;1422292.0;;LOT-0003;45261100;;19;8;;Construction d’une patinoire communautaire;ouverte;2026-F004;;;;False;False;False;20292064.0;7343.0;Communauté urbaine ;1 000  à  1 999;False;2002-01-01;84.11Z;2008;5710.0;SAS, société par actions simplifiée;20  à  49;False;<NA>;2008;F;43;43.3;43.32;43.32A;1985-01-01;;;;;(45.833921, 1.25212);Limoges;Haute-Vienne;Nouvelle-Aquitaine;;;;;;;;
False;['45261420'];;True;True;False;attribue;{'StreetName': None, 'AdditionalStreetName': None, 'CityName': '87085', 'PostalZone': '87000', 'Country': 'FRA'};682040837;True;SMAC;SMAC;2026-09-15;{'StreetName': '19, rue Bernard Palissy', 'AdditionalStreetName': None, 'CityName': 'LIMOGES CEDEX', 'PostalZone': '87031', 'Country': 'FRA'};248719312;True;CU LIMOGES METROPOLE;LIMOGES METROPOLE - Communauté urbaine;;;travaux;['Prix des prestations', 'Valeur technique'];['prix', 'technique'];[40.0, 60.0];780.0;False;;False;{'StreetName': None, 'CityName': None, 'PostalZone': None, 'NUTS': 'FRI23', 'Country': 'FRA'};;;26-88628;;1748691.0;;LOT-0004;45261210;;19;2;;Construction d’une patinoire communautaire;ouverte;2026-F004;;;;False;False;False;20292064.0;7343.0;Communauté urbaine ;1 000  à  1 999;False;2002-01-01;84.11Z;2008;5710.0;SAS, société par actions simplifiée;2 000  à  4 999;False;<NA>;2008;F;43;43.9;43.99;43.99A;1968-01-01;;;;;(45.833921, 1.25212);Limoges;Haute-Vienne;Nouvelle-Aquitaine;;;;;;;;
False;['45262650'];;True;True;False;attribue;{'StreetName': None, 'AdditionalStreetName': None, 'CityName': '01275', 'PostalZone': '01700', 'Country': 'FRA'};522604644;True;SAS NEBIHU;SAS NEBIHU;2026-09-15;{'StreetName': '19, rue Bernard Palissy', 'AdditionalStreetName': None, 'CityName': 'LIMOGES CEDEX', 'PostalZone': '87031', 'Country': 'FRA'};248719312;True;CU LIMOGES METROPOLE;LIMOGES METROPOLE - Communauté urbaine;;;travaux;['Prix des prestations', 'Valeur technique'];['prix', 'technique'];[60.0, 40.0];780.0;False;;False;{'StreetName': None, 'CityName': None, 'PostalZone': None, 'NUTS': 'FRI23', 'Country': 'FRA'};;;26-88628;;1385198.0;;LOT-0005;45443000;;19;2;;Construction d’une patinoire communautaire;ouverte;2026-F004;;;;False;False;False;20292064.0;7343.0;Communauté urbaine ;1 000  à  1 999;False;2002-01-01;84.11Z;2008;5710.0;SAS, société par actions simplifiée;50  à  99;False;<NA>;2008;F;43;43.3;43.31;43.31Z;2010-06-01;;;;;(45.833921, 1.25212);Limoges;Haute-Vienne;Nouvelle-Aquitaine;;;;;;;;
False;;;True;True;False;attribue;{'StreetName': None, 'AdditionalStreetName': None, 'CityName': '87085', 'PostalZone': '87280', 'Country': 'FRA'};320787294;True;MIROITERIE RAYNAUD;MIROITERIE RAYNAUD;2026-09-15;{'StreetName': '19, rue Bernard Palissy', 'AdditionalStreetName': None, 'CityName': 'LIMOGES CEDEX', 'PostalZone': '87031', 'Country': 'FRA'};248719312;True;CU LIMOGES METROPOLE;LIMOGES METROPOLE - Communauté urbaine;;;travaux;['Prix des prestations', 'Valeur technique'];['prix', 'technique'];[60.0, 40.0];780.0;False;;False;{'StreetName': None, 'CityName': None, 'PostalZone': None, 'NUTS': 'FRI23', 'Country': 'FRA'};;;26-88628;;409260.0;;LOT-0006;45421000;;19;4;;Construction d’une patinoire communautaire;ouverte;2026-F004;;;;False;False;False;20292064.0;7343.0;Communauté urbaine ;1 000  à  1 999;False;2002-01-01;84.11Z;2008;5499.0;Société à responsabilité limitée (sans autre indication);50  à  99;False;<NA>;2008;F;43;43.3;43.32;43.32B;1981-01-01;;;;;(45.833921, 1.25212);Limoges;Haute-Vienne;Nouvelle-Aquitaine;;;;;;;;
False;['45421131'];;True;True;False;attribue;{'StreetName': None, 'AdditionalStreetName': None, 'CityName': '87114', 'PostalZone': '87350', 'Country': 'FRA'};758501290;True;ETABLISSEMENTS JOUANDOU ET COMPAGNIE;ETABLISSEMENTS JOUANDOU ET COMPAGNIE;2026-09-15;{'StreetName': '19, rue Bernard Palissy', 'AdditionalStreetName': None, 'CityName': 'LIMOGES CEDEX', 'PostalZone': '87031', 'Country': 'FRA'};248719312;True;CU LIMOGES METROPOLE;LIMOGES METROPOLE - Communauté urbaine;;;travaux;['Prix des prestations', 'Valeur technique'];['prix', 'technique'];[60.0, 40.0];780.0;False;;False;{'StreetName': None, 'CityName': None, 'PostalZone': None, 'NUTS': 'FRI23', 'Country': 'FRA'};;;26-88628;;528288.0;;LOT-0007;45421140;;19;3;;Construction d’une patinoire communautaire;ouverte;2026-F004;;;;False;False;False;20292064.0;7343.0;Communauté urbaine ;1 000  à  1 999;False;2002-01-01;84.11Z;2008;5710.0;SAS, société par actions simplifiée;20  à  49;<NA>;<NA>;2008;F;43;43.3;43.32;43.32B;1958-01-01;;;;;(45.833921, 1.25212);Limoges;Haute-Vienne;Nouvelle-Aquitaine;;;;;;;;
False;;;True;True;False;attribue;{'StreetName': None, 'AdditionalStreetName': None, 'CityName': '87201', 'PostalZone': '87430', 'Country': 'FRA'};418418851;True;DIATAXI;DIATAXI;2026-09-15;{'StreetName': '19, rue Bernard Palissy', 'AdditionalStreetName': None, 'CityName': 'LIMOGES CEDEX', 'PostalZone': '87031', 'Country': 'FRA'};248719312;True;CU LIMOGES METROPOLE;LIMOGES METROPOLE - Communauté urbaine;;;travaux;['Prix des prestations', 'Valeur technique'];['prix', 'technique'];[60.0, 40.0];780.0;False;;False;{'StreetName': None, 'CityName': None, 'PostalZone': None, 'NUTS': 'FRI23', 'Country': 'FRA'};;;26-88628;;984031.0;;LOT-0008;45421000;;19;2;;Construction d’une patinoire communautaire;ouverte;2026-F004;;;;False;False;False;20292064.0;7343.0;Communauté urbaine ;1 000  à  1 999;False;2002-01-01;84.11Z;2008;5710.0;SAS, société par actions simplifiée;20  à  49;False;<NA>;2008;F;43;43.3;43.32;43.32A;1998-04-03;;;;;(45.833921, 1.25212);Limoges;Haute-Vienne;Nouvelle-Aquitaine;;;;;;;;
False;;;True;True;False;attribue;{'StreetName': None, 'AdditionalStreetName': None, 'CityName': '87177', 'PostalZone': '87700', 'Country': 'FRA'};503604662;True;RENOV'A 9;RENOV'A 9;2026-09-15;{'StreetName': '19, rue Bernard Palissy', 'AdditionalStreetName': None, 'CityName': 'LIMOGES CEDEX', 'PostalZone': '87031', 'Country': 'FRA'};248719312;True;CU LIMOGES METROPOLE;LIMOGES METROPOLE - Communauté urbaine;;;travaux;['Prix des prestations', 'Valeur technique'];['prix', 'technique'];[60.0, 40.0];780.0;False;;False;{'StreetName': None, 'CityName': None, 'PostalZone': None, 'NUTS': 'FRI23', 'Country': 'FRA'};;;26-88628;;300000.0;;LOT-0009;45410000;;19;5;;Construction d’une patinoire communautaire;ouverte;2026-F004;;;;False;False;False;20292064.0;7343.0;Communauté urbaine ;1 000  à  1 999;False;2002-01-01;84.11Z;2008;5710.0;SAS, société par actions simplifiée;6  à  9;False;<NA>;2008;F;43;43.3;43.31;43.31Z;2008-04-07;;;;;(45.833921, 1.25212);Limoges;Haute-Vienne;Nouvelle-Aquitaine;;;;;;;;
False;;;True;True;False;attribue;{'StreetName': None, 'AdditionalStreetName': None, 'CityName': '87154', 'PostalZone': '87200', 'Country': 'FRA'};451345128;True;ROUGIER BATIMENT;ROUGIER BATIMENT;2026-09-15;{'StreetName': '19, rue Bernard Palissy', 'AdditionalStreetName': None, 'CityName': 'LIMOGES CEDEX', 'PostalZone': '87031', 'Country': 'FRA'};248719312;True;CU LIMOGES METROPOLE;LIMOGES METROPOLE - Communauté urbaine;;;travaux;['Prix des prestations', 'Valeur technique'];['prix', 'technique'];[60.0, 40.0];780.0;False;;False;{'StreetName': None, 'CityName': None, 'PostalZone': None, 'NUTS': 'FRI23', 'Country': 'FRA'};;;26-88628;;119836.0;;LOT-0010;45442100;;19;6;;Construction d’une patinoire communautaire;ouverte;2026-F004;;;;False;False;False;20292064.0;7343.0;Communauté urbaine ;1 000  à  1 999;False;2002-01-01;84.11Z;2008;5710.0;SAS, société par actions simplifiée;10  à  19;<NA>;<NA>;2008;F;43;43.3;43.34;43.34Z;2003-12-17;;;;;(45.833921, 1.25212);Limoges;Haute-Vienne;Nouvelle-Aquitaine;;;;;;;;
False;;;True;True;False;attribue;{'StreetName': None, 'AdditionalStreetName': None, 'CityName': '87085', 'PostalZone': '87280', 'Country': 'FRA'};877478586;True;ALLIANCE CARRELAGE 87;ALLIANCE CARRELAGE 87;2026-09-15;{'StreetName': '19, rue Bernard Palissy', 'AdditionalStreetName': None, 'CityName': 'LIMOGES CEDEX', 'PostalZone': '87031', 'Country': 'FRA'};248719312;True;CU LIMOGES METROPOLE;LIMOGES METROPOLE - Communauté urbaine;;;travaux;['Prix des prestations', 'Valeur technique'];['prix', 'technique'];[60.0, 40.0];780.0;False;;False;{'StreetName': None, 'CityName': None, 'PostalZone': None, 'NUTS': 'FRI23', 'Country': 'FRA'};;;26-88628;;192112.0;;LOT-0011;45431100;;19;4;;Construction d’une patinoire communautaire;ouverte;2026-F004;;;;False;False;False;20292064.0;7343.0;Communauté urbaine ;1 000  à  1 999;False;2002-01-01;84.11Z;2008;5710.0;SAS, société par actions simplifiée;3  à  5;False;<NA>;2008;F;43;43.3;43.33;43.33Z;2019-09-18;;;;;(45.833921, 1.25212);Limoges;Haute-Vienne;Nouvelle-Aquitaine;;;;;;;;
False;;;True;True;False;non attribue;;;False;;;2026-09-15;{'StreetName': '19, rue Bernard Palissy', 'AdditionalStreetName': None, 'CityName': 'LIMOGES CEDEX', 'PostalZone': '87031', 'Country': 'FRA'};248719312;True;CU LIMOGES METROPOLE;LIMOGES METROPOLE - Communauté urbaine;;;travaux;['Prix des prestations', 'Valeur technique'];['prix', 'technique'];[60.0, 40.0];780.0;False;;False;{'StreetName': None, 'CityName': None, 'PostalZone': None, 'NUTS': 'FRI23', 'Country': 'FRA'};;;26-88628;;;;LOT-0012;45432111;;19;0;;Construction d’une patinoire communautaire;ouverte;2026-F004;;;;False;False;False;20292064.0;7343.0;Communauté urbaine ;1 000  à  1 999;False;2002-01-01;84.11Z;2008;;;;;;<NA>;;;;;<NA>;<NA>;;;;;(45.833921, 1.25212);Limoges;Haute-Vienne;Nouvelle-Aquitaine;;;;;;;;
False;['37411200'];;True;True;False;attribue;{'StreetName': None, 'AdditionalStreetName': None, 'CityName': '69383', 'PostalZone': '69003', 'Country': 'FRA'};354060311;True;OXFORM;OXFORM;2026-09-15;{'StreetName': '19, rue Bernard Palissy', 'AdditionalStreetName': None, 'CityName': 'LIMOGES CEDEX', 'PostalZone': '87031', 'Country': 'FRA'};248719312;True;CU LIMOGES METROPOLE;LIMOGES METROPOLE - Communauté urbaine;;;travaux;['Prix des prestations', 'Valeur technique'];['prix', 'technique'];[60.0, 40.0];780.0;False;;False;{'StreetName': None, 'CityName': None, 'PostalZone': None, 'NUTS': 'FRI23', 'Country': 'FRA'};;;26-88628;;719888.0;;LOT-0013;45300000;;19;3;;Construction d’une patinoire communautaire;ouverte;2026-F004;;;;False;False;False;20292064.0;7343.0;Communauté urbaine ;1 000  à  1 999;False;2002-01-01;84.11Z;2008;5710.0;SAS, société par actions simplifiée;3  à  5;False;<NA>;2008;R;93;93.1;93.11;93.11Z;1990-03-12;;;;;(45.833921, 1.25212);Limoges;Haute-Vienne;Nouvelle-Aquitaine;;;;;;;;
False;;;True;True;False;attribue;{'StreetName': None, 'AdditionalStreetName': None, 'CityName': '13215', 'PostalZone': '13015', 'Country': 'FRA'};056800659;True;SNEF;SNEF;2026-09-15;{'StreetName': '19, rue Bernard Palissy', 'AdditionalStreetName': None, 'CityName': 'LIMOGES CEDEX', 'PostalZone': '87031', 'Country': 'FRA'};248719312;True;CU LIMOGES METROPOLE;LIMOGES METROPOLE - Communauté urbaine;;;travaux;['Prix des prestations', 'Valeur technique'];['prix', 'technique'];[60.0, 40.0];780.0;False;;False;{'StreetName': None, 'CityName': None, 'PostalZone': None, 'NUTS': 'FRI23', 'Country': 'FRA'};;;26-88628;;384821.0;;LOT-0014;45311200;;19;3;;Construction d’une patinoire communautaire;ouverte;2026-F004;;;;False;False;False;20292064.0;7343.0;Communauté urbaine ;1 000  à  1 999;False;2002-01-01;84.11Z;2008;5599.0;SA à conseil d'administration (s.a.i.);2 000  à  4 999;False;False;2008;F;43;43.2;43.21;43.21A;1954-01-01;;;;;(45.833921, 1.25212);Limoges;Haute-Vienne;Nouvelle-Aquitaine;;;;;;;;
False;['45330000'];;True;True;False;attribue;{'StreetName': None, 'AdditionalStreetName': None, 'CityName': '33550', 'PostalZone': '33140', 'Country': 'FRA'};815057641;True;SUD-OUEST REFRIGERATION;SUD-OUEST REFRIGERATION;2026-09-15;{'StreetName': '19, rue Bernard Palissy', 'AdditionalStreetName': None, 'CityName': 'LIMOGES CEDEX', 'PostalZone': '87031', 'Country': 'FRA'};248719312;True;CU LIMOGES METROPOLE;LIMOGES METROPOLE - Communauté urbaine;;;travaux;['Prix des prestations', 'Valeur technique'];['prix', 'technique'];[40.0, 60.0];780.0;False;;False;{'StreetName': None, 'CityName': None, 'PostalZone': None, 'NUTS': 'FRI23', 'Country': 'FRA'};;;26-88628;;2087000.0;;LOT-0015;45331000;;19;7;;Construction d’une patinoire communautaire;ouverte;2026-F004;;;;False;False;False;20292064.0;7343.0;Communauté urbaine ;1 000  à  1 999;False;2002-01-01;84.11Z;2008;5710.0;SAS, société par actions simplifiée;20  à  49;False;<NA>;2008;C;33;33.2;33.2;33.20B;2015-11-23;;Langoiran;Gironde;Nouvelle-Aquitaine;(45.833921, 1.25212);Limoges;Haute-Vienne;Nouvelle-Aquitaine;;;;;;;;
False;;;True;True;False;attribue;{'StreetName': None, 'AdditionalStreetName': None, 'CityName': '87085', 'PostalZone': '87280', 'Country': 'FRA'};341416360;True;GECC - GENERALE ELECTRICITE CHAUFFAGE CLIMATISATION;GECC - GENERALE ELECTRICITE CHAUFFAGE CLIMATISATION;2026-09-15;{'StreetName': '19, rue Bernard Palissy', 'AdditionalStreetName': None, 'CityName': 'LIMOGES CEDEX', 'PostalZone': '87031', 'Country': 'FRA'};248719312;True;CU LIMOGES METROPOLE;LIMOGES METROPOLE - Communauté urbaine;;;travaux;['Prix des prestations', 'Valeur technique'];['prix', 'technique'];[60.0, 40.0];780.0;False;;False;{'StreetName': None, 'CityName': None, 'PostalZone': None, 'NUTS': 'FRI23', 'Country': 'FRA'};;;26-88628;;1323792.0;;LOT-0016;45311200;;19;6;;Construction d’une patinoire communautaire;ouverte;2026-F004;;;;False;False;False;20292064.0;7343.0;Communauté urbaine ;1 000  à  1 999;False;2002-01-01;84.11Z;2008;5710.0;SAS, société par actions simplifiée;10  à  19;False;<NA>;2008;F;43;43.2;43.21;43.21A;1987-06-01;;;;;(45.833921, 1.25212);Limoges;Haute-Vienne;Nouvelle-Aquitaine;;;;;;;;
False;;;True;True;False;attribue;{'StreetName': None, 'AdditionalStreetName': None, 'CityName': '33550', 'PostalZone': '33140', 'Country': 'FRA'};815057641;True;SUD-OUEST REFRIGERATION;SUD-OUEST REFRIGERATION;2026-09-15;{'StreetName': '19, rue Bernard Palissy', 'AdditionalStreetName': None, 'CityName': 'LIMOGES CEDEX', 'PostalZone': '87031', 'Country': 'FRA'};248719312;True;CU LIMOGES METROPOLE;LIMOGES METROPOLE - Communauté urbaine;;;travaux;['Prix des prestations', 'Valeur technique'];['prix', 'technique'];[40.0, 60.0];780.0;False;;False;{'StreetName': None, 'CityName': None, 'PostalZone': None, 'NUTS': 'FRI23', 'Country': 'FRA'};;;26-88628;;2261000.0;;LOT-0017;45331000;;19;9;;Construction d’une patinoire communautaire;ouverte;2026-F004;;;;False;False;False;20292064.0;7343.0;Communauté urbaine ;1 000  à  1 999;False;2002-01-01;84.11Z;2008;5710.0;SAS, société par actions simplifiée;20  à  49;False;<NA>;2008;C;33;33.2;33.2;33.20B;2015-11-23;;Langoiran;Gironde;Nouvelle-Aquitaine;(45.833921, 1.25212);Limoges;Haute-Vienne;Nouvelle-Aquitaine;;;;;;;;
False;;;True;True;False;attribue;{'StreetName': None, 'AdditionalStreetName': None, 'CityName': '78640', 'PostalZone': '78140', 'Country': 'FRA'};383711678;True;SCHINDLER;SCHINDLER;2026-09-15;{'StreetName': '19, rue Bernard Palissy', 'AdditionalStreetName': None, 'CityName': 'LIMOGES CEDEX', 'PostalZone': '87031', 'Country': 'FRA'};248719312;True;CU LIMOGES METROPOLE;LIMOGES METROPOLE - Communauté urbaine;;;travaux;['Prix des prestations', 'Valeur technique'];['prix', 'technique'];[60.0, 40.0];780.0;False;;False;{'StreetName': None, 'CityName': None, 'PostalZone': None, 'NUTS': 'FRI23', 'Country': 'FRA'};;;26-88628;;25322.0;;LOT-0018;45313100;;19;2;;Construction d’une patinoire communautaire;ouverte;2026-F004;;;;False;False;False;20292064.0;7343.0;Communauté urbaine ;1 000  à  1 999;False;2002-01-01;84.11Z;2008;5599.0;SA à conseil d'administration (s.a.i.);2 000  à  4 999;True;False;2008;F;43;43.2;43.29;43.29B;1991-09-12;;Villiers-Saint-Frédéric;Yvelines;Île-de-France;(45.833921, 1.25212);Limoges;Haute-Vienne;Nouvelle-Aquitaine;;;;;;;;
False;;;True;True;False;attribue;{'StreetName': None, 'AdditionalStreetName': None, 'CityName': '87205', 'PostalZone': '87110', 'Country': 'FRA'};410607550;True;REBEYROL PARCS ET JARDINS;REBEYROL PARCS ET JARDINS;2026-09-15;{'StreetName': '19, rue Bernard Palissy', 'AdditionalStreetName': None, 'CityName': 'LIMOGES CEDEX', 'PostalZone': '87031', 'Country': 'FRA'};248719312;True;CU LIMOGES METROPOLE;LIMOGES METROPOLE - Communauté urbaine;;;travaux;['Prix des prestations', 'Valeur technique'];['prix', 'technique'];[60.0, 40.0];780.0;False;;False;{'StreetName': None, 'CityName': None, 'PostalZone': None, 'NUTS': 'FRI23', 'Country': 'FRA'};;;26-88628;;76741.0;;LOT-0019;45112710;;19;3;;Construction d’une patinoire communautaire;ouverte;2026-F004;;;;False;False;False;20292064.0;7343.0;Communauté urbaine ;1 000  à  1 999;False;2002-01-01;84.11Z;2008;5499.0;Société à responsabilité limitée (sans autre indication);20  à  49;<NA>;<NA>;2008;N;81;81.3;81.3;81.30Z;1997-01-01;;;;;(45.833921, 1.25212);Limoges;Haute-Vienne;Nouvelle-Aquitaine;;;;;;;;
False;['79810000'];;True;True;False;attribue;;;False;;;2026-09-15;{'StreetName': 'Service Commande Publique et Achats', 'AdditionalStreetName': '16 avenue François Mitterrand, Cs40010', 'CityName': 'Le Mans', 'PostalZone': '72039', 'Country': 'FRA'};247200132;False;LE MANS METROPOLE COMMUNAUTE URBAINE;Le Mans Métropole;;;services;"['Qualité technique des impressions', ""Performances en matière de protection de l'environnement"", 'Prix']";['qualite', 'environnemental', 'prix'];[35.0, 20.0, 45.0];;True;1100000.0;False;;avec remise en concurrence;;26-88660;;331000.0;;LOT-0001;79800000;1110000.0;4;6;5.0;Impression des supports d'information et de communication - Durée de 4 ans;ouverte;2025_144_FCS_AJ_FD;;;;False;True;False;;7343.0;Communauté urbaine ;1 000  à  1 999;False;1971-11-19;84.11Z;2008;;;;;;<NA>;;;;;<NA>;<NA>;;;;;(48.005022, 0.199706);Le Mans;Sarthe;Pays de la Loire;;;;;;;;
False;['79810000'];;True;True;False;attribue;;;False;;;2026-09-15;{'StreetName': 'Service Commande Publique et Achats', 'AdditionalStreetName': '16 avenue François Mitterrand, Cs40010', 'CityName': 'Le Mans', 'PostalZone': '72039', 'Country': 'FRA'};247200132;False;LE MANS METROPOLE COMMUNAUTE URBAINE;Le Mans Métropole;;;services;"['Qualité technique des impressions', ""Performances en matière de protection de l'environnement"", 'Prix']";['qualite', 'environnemental', 'prix'];[35.0, 20.0, 45.0];;True;1100000.0;False;;avec remise en concurrence;;26-88660;;352000.0;;LOT-0002;79800000;1110000.0;4;4;4.0;Impression des supports d'information et de communication - Durée de 4 ans;ouverte;2025_144_FCS_AJ_FD;;;;False;True;False;;7343.0;Communauté urbaine ;1 000  à  1 999;False;1971-11-19;84.11Z;2008;;;;;;<NA>;;;;;<NA>;<NA>;;;;;(48.005022, 0.199706);Le Mans;Sarthe;Pays de la Loire;;;;;;;;
False;['79810000'];;True;True;False;attribue;;;False;;;2026-09-15;{'StreetName': 'Service Commande Publique et Achats', 'AdditionalStreetName': '16 avenue François Mitterrand, Cs40010', 'CityName': 'Le Mans', 'PostalZone': '72039', 'Country': 'FRA'};247200132;False;LE MANS METROPOLE COMMUNAUTE URBAINE;Le Mans Métropole;;;services;"['Qualité technique des impressions', ""Performances en matière de protection de l'environnement"", 'Prix']";['qualite', 'environnemental', 'prix'];[35.0, 20.0, 45.0];;True;1100000.0;False;;avec remise en concurrence;;26-88660;;67000.0;;LOT-0003;79800000;1110000.0;4;9;8.0;Impression des supports d'information et de communication - Durée de 4 ans;ouverte;2025_144_FCS_AJ_FD;;;;False;True;False;;7343.0;Communauté urbaine ;1 000  à  1 999;False;1971-11-19;84.11Z;2008;;;;;;<NA>;;;;;<NA>;<NA>;;;;;(48.005022, 0.199706);Le Mans;Sarthe;Pays de la Loire;;;;;;;;
False;['79810000'];;True;True;False;attribue;;;False;;;2026-09-15;{'StreetName': 'Service Commande Publique et Achats', 'AdditionalStreetName': '16 avenue François Mitterrand, Cs40010', 'CityName': 'Le Mans', 'PostalZone': '72039', 'Country': 'FRA'};247200132;False;LE MANS METROPOLE COMMUNAUTE URBAINE;Le Mans Métropole;;;services;"['Qualité technique des impressions', ""Performances en matière de protection de l'environnement"", 'Prix']";['qualite', 'environnemental', 'prix'];[35.0, 20.0, 45.0];;True;1100000.0;False;;avec remise en concurrence;;26-88660;;360000.0;;LOT-0004;79800000;1110000.0;4;12;11.0;Impression des supports d'information et de communication - Durée de 4 ans;ouverte;2025_144_FCS_AJ_FD;;;;False;True;False;;7343.0;Communauté urbaine ;1 000  à  1 999;False;1971-11-19;84.11Z;2008;;;;;;<NA>;;;;;<NA>;<NA>;;;;;(48.005022, 0.199706);Le Mans;Sarthe;Pays de la Loire;;;;;;;;
False;;;True;True;False;attribue;{'StreetName': '75 IMPASSE DE LA MOTTE LOISY', 'AdditionalStreetName': None, 'CityName': 'SAINT BERAIN SOUS SANVIGNES', 'PostalZone': '71300', 'Country': 'FRA'};751414558;True;PRO AMIANTE;PRO AMIANTE;2026-09-15;{'StreetName': 'Espace Duhesme 18 rue de Flacé', 'AdditionalStreetName': None, 'CityName': 'Mâcon', 'PostalZone': '71026', 'Country': 'FRA'};227100013;True;DEPARTEMENT DE SAONE ET LOIRE;DEPARTEMENT  DE SAONE ET LOIRE;;;travaux;"['prix des prestations', ""valeur technique de l'offre"", ""Performance en matière d'insertion professionnelle""]";['prix', 'technique', 'social'];[55.0, 40.0, 5.0];1350.0;True;;False;{'StreetName': 'COLLEGE RENE CASSIN', 'CityName': 'PARAY-LE-MONIAL', 'PostalZone': '71600', 'NUTS': 'FRC13', 'Country': 'FRA'};;;26-88797;;115295.0;;LOT-0001;45262660;;21;4;;RESTRUCTURATION GLOBALE AVEC EXTENSION AU COLLEGE RENE CASSIN A PARAY-LE-MONIAL;ouverte;;;;;True;False;False;7493110.0;7220.0;Département ;2 000  à  4 999;False;1978-01-01;84.11Z;2008;5710.0;SAS, société par actions simplifiée;20  à  49;False;<NA>;2008;E;39;39.0;39.0;39.00Z;2012-04-25;(46.694098, 4.340436);Saint-Berain-sous-Sanvignes;Saône-et-Loire;Bourgogne-Franche-Comté;(46.313092, 4.831035);Mâcon;Saône-et-Loire;Bourgogne-Franche-Comté;;;;;;;;
False;;;True;True;False;attribue;{'StreetName': '9 CHEMIN DE LA GUINGUETTE', 'AdditionalStreetName': None, 'CityName': 'DIGOIN', 'PostalZone': '71160', 'Country': 'FRA'};795620038;True;THOMAS ET FILS;THOMAS ET FILS;2026-09-15;{'StreetName': 'Espace Duhesme 18 rue de Flacé', 'AdditionalStreetName': None, 'CityName': 'Mâcon', 'PostalZone': '71026', 'Country': 'FRA'};227100013;True;DEPARTEMENT DE SAONE ET LOIRE;DEPARTEMENT  DE SAONE ET LOIRE;;;travaux;"['PRIX PRESTATION', 'VALEUR TECHNIQUE', ""PERFORMANCE EN MATIERE D'INSERTION SOCIALE""]";['prix', 'technique', 'social'];[55.0, 40.0, 5.0];1350.0;True;;False;{'StreetName': 'COLLEGE RENE CASSIN', 'CityName': 'PARAY-LE-MONIAL', 'PostalZone': '71600', 'NUTS': 'FRC13', 'Country': 'FRA'};;;26-88797;;188550.0;;LOT-0002;45111100;;21;4;;RESTRUCTURATION GLOBALE AVEC EXTENSION AU COLLEGE RENE CASSIN A PARAY-LE-MONIAL;ouverte;;;;;True;False;False;7493110.0;7220.0;Département ;2 000  à  4 999;False;1978-01-01;84.11Z;2008;5499.0;Société à responsabilité limitée (sans autre indication);10  à  19;<NA>;<NA>;2008;F;43;43.9;43.99;43.99C;1956-01-01;(46.483017, 3.967829);Digoin;Saône-et-Loire;Bourgogne-Franche-Comté;(46.313092, 4.831035);Mâcon;Saône-et-Loire;Bourgogne-Franche-Comté;;;;;;;;
False;;;True;True;False;attribue;{'StreetName': 'ZI LES MURIERS\n3 RUE DE LA BROSSE VIROT', 'AdditionalStreetName': None, 'CityName': 'DIGOIN', 'PostalZone': '71160', 'Country': 'FRA'};332759448;True;ENTREPRISE GEORGES BOUHET;BOUHET SA;2026-09-15;{'StreetName': 'Espace Duhesme 18 rue de Flacé', 'AdditionalStreetName': None, 'CityName': 'Mâcon', 'PostalZone': '71026', 'Country': 'FRA'};227100013;True;DEPARTEMENT DE SAONE ET LOIRE;DEPARTEMENT  DE SAONE ET LOIRE;;;travaux;['PRIX DE LA PRESTATION', 'VALEUR TECHNIQUE'];['prix', 'technique'];[60.0, 40.0];1350.0;True;;False;{'StreetName': 'COLLEGE RENE CASSIN', 'CityName': 'PARAY-LE-MONIAL', 'PostalZone': '71600', 'NUTS': 'FRC13', 'Country': 'FRA'};;;26-88797;;35575.0;;LOT-0003;45112500;;21;3;;RESTRUCTURATION GLOBALE AVEC EXTENSION AU COLLEGE RENE CASSIN A PARAY-LE-MONIAL;ouverte;;;;;True;False;False;7493110.0;7220.0;Département ;2 000  à  4 999;False;1978-01-01;84.11Z;2008;5699.0;SA à directoire (s.a.i.);50  à  99;False;<NA>;2008;F;43;43.1;43.12;43.12A;1985-05-01;(46.481935, 4.009356);Digoin;Saône-et-Loire;Bourgogne-Franche-Comté;(46.313092, 4.831035);Mâcon;Saône-et-Loire;Bourgogne-Franche-Comté;;;;;;;;
False;;;True;True;False;attribue;{'StreetName': '16 ROUTE DE SABLES', 'AdditionalStreetName': None, 'CityName': 'CHAPONOST', 'PostalZone': '69630', 'Country': 'FRA'};351751342;True;ENTREPRISE LYONNAISE DE TRAVAUX SPECIAUX;ELTS;2026-09-15;{'StreetName': 'Espace Duhesme 18 rue de Flacé', 'AdditionalStreetName': None, 'CityName': 'Mâcon', 'PostalZone': '71026', 'Country': 'FRA'};227100013;True;DEPARTEMENT DE SAONE ET LOIRE;DEPARTEMENT  DE SAONE ET LOIRE;;;travaux;['PRIX DE LA PRESTATION', 'VALEUR TECHNIQUE'];['prix', 'technique'];[60.0, 40.0];1350.0;True;;False;{'StreetName': 'COLLEGE RENE CASSIN', 'CityName': 'PARAY-LE-MONIAL', 'PostalZone': '71600', 'NUTS': 'FRC13', 'Country': 'FRA'};;;26-88797;;156345.0;;LOT-0004;45262210;;21;4;;RESTRUCTURATION GLOBALE AVEC EXTENSION AU COLLEGE RENE CASSIN A PARAY-LE-MONIAL;ouverte;;;;;True;False;False;7493110.0;7220.0;Département ;2 000  à  4 999;False;1978-01-01;84.11Z;2008;5710.0;SAS, société par actions simplifiée;50  à  99;False;<NA>;2008;F;41;41.2;41.2;41.20B;1989-07-25;(45.708969, 4.766731);Chaponost;Rhône;Auvergne-Rhône-Alpes;(46.313092, 4.831035);Mâcon;Saône-et-Loire;Bourgogne-Franche-Comté;;;;;;;;
False;;;True;True;False;attribue;{'StreetName': '326 ROUTE DU PIN', 'AdditionalStreetName': None, 'CityName': 'SAINT LEGER SUR VOUZANCE', 'PostalZone': '03130', 'Country': 'FRA'};392669099;True;LASSOT BATIMENT T.P;LASSOT SAS;2026-09-15;{'StreetName': 'Espace Duhesme 18 rue de Flacé', 'AdditionalStreetName': None, 'CityName': 'Mâcon', 'PostalZone': '71026', 'Country': 'FRA'};227100013;True;DEPARTEMENT DE SAONE ET LOIRE;DEPARTEMENT  DE SAONE ET LOIRE;;;travaux;['PRIX DE LA PRESTATION', 'VALEUR TECHNIQUE'];['prix', 'technique'];[60.0, 40.0];1350.0;True;;False;{'StreetName': 'COLLEGE RENE CASSIN', 'CityName': 'PARAY-LE-MONIAL', 'PostalZone': '71600', 'NUTS': 'FRC13', 'Country': 'FRA'};;;26-88797;;1003229.0;;LOT-0005;45262311;;21;6;;RESTRUCTURATION GLOBALE AVEC EXTENSION AU COLLEGE RENE CASSIN A PARAY-LE-MONIAL;ouverte;;;;;True;False;False;7493110.0;7220.0;Département ;2 000  à  4 999;False;1978-01-01;84.11Z;2008;5710.0;SAS, société par actions simplifiée;20  à  49;<NA>;<NA>;2008;F;43;43.9;43.99;43.99C;1993-10-01;(46.41654, 3.933808);Saint-Léger-sur-Vouzance;Allier;Auvergne-Rhône-Alpes;(46.313092, 4.831035);Mâcon;Saône-et-Loire;Bourgogne-Franche-Comté;;;;;;;;
False;;;True;True;False;attribue;{'StreetName': '180 CHEMIN DU RAVIER', 'AdditionalStreetName': None, 'CityName': 'LE CERGNE', 'PostalZone': '42460', 'Country': 'FRA'};406980037;True;BEZACIER;BEZACIER ROCHE;2026-09-15;{'StreetName': 'Espace Duhesme 18 rue de Flacé', 'AdditionalStreetName': None, 'CityName': 'Mâcon', 'PostalZone': '71026', 'Country': 'FRA'};227100013;True;DEPARTEMENT DE SAONE ET LOIRE;DEPARTEMENT  DE SAONE ET LOIRE;;;travaux;"['VALEUR DE LA PRESTATION', 'VALEUR TECHNIQUE', ""PERFORMANCE EN MATIERE D'INSERTION""]";['prix', 'technique', 'social'];[55.0, 40.0, 5.0];1350.0;True;;False;{'StreetName': 'COLLEGE RENE CASSIN', 'CityName': 'PARAY-LE-MONIAL', 'PostalZone': '71600', 'NUTS': 'FRC13', 'Country': 'FRA'};;;26-88797;;1162165.0;;LOT-0006;45261000;;21;4;;RESTRUCTURATION GLOBALE AVEC EXTENSION AU COLLEGE RENE CASSIN A PARAY-LE-MONIAL;ouverte;;;;;True;False;False;7493110.0;7220.0;Département ;2 000  à  4 999;False;1978-01-01;84.11Z;2008;5710.0;SAS, société par actions simplifiée;10  à  19;False;<NA>;2008;F;43;43.9;43.91;43.91A;1965-01-01;(46.117749, 4.297951);Le Cergne;Loire;Auvergne-Rhône-Alpes;(46.313092, 4.831035);Mâcon;Saône-et-Loire;Bourgogne-Franche-Comté;;;;;;;;
False;;;True;True;False;attribue;{'StreetName': '1 ALLEE DES AULNES', 'AdditionalStreetName': None, 'CityName': 'EPINAL', 'PostalZone': '88000', 'Country': 'FRA'};991304379;True;COUVRACIER;COUVRACIER;2026-09-15;{'StreetName': 'Espace Duhesme 18 rue de Flacé', 'AdditionalStreetName': None, 'CityName': 'Mâcon', 'PostalZone': '71026', 'Country': 'FRA'};227100013;True;DEPARTEMENT DE SAONE ET LOIRE;DEPARTEMENT  DE SAONE ET LOIRE;;;travaux;"['PRIX DE LA PRESTATION', 'VALEUR TECHNIQUE', ""PERFORMANCE EN MATIERE D'INSERTION PROFESSIONNELLE""]";['prix', 'technique', 'social'];[55.0, 40.0, 5.0];1350.0;True;;False;{'StreetName': 'COLLEGE RENE CASSIN', 'CityName': 'PARAY-LE-MONIAL', 'PostalZone': '71600', 'NUTS': 'FRC13', 'Country': 'FRA'};;;26-88797;;212144.0;;LOT-0007;45261420;;21;8;;RESTRUCTURATION GLOBALE AVEC EXTENSION AU COLLEGE RENE CASSIN A PARAY-LE-MONIAL;ouverte;;;;;True;False;False;7493110.0;7220.0;Département ;2 000  à  4 999;False;1978-01-01;84.11Z;2008;5710.0;SAS, société par actions simplifiée;;False;False;2008;F;43;43.9;43.99;43.99A;2025-09-01;(48.1998, 6.456488);Épinal;Vosges;Grand Est;(46.313092, 4.831035);Mâcon;Saône-et-Loire;Bourgogne-Franche-Comté;;;;;;;;
False;;;True;True;False;attribue;{'StreetName': '1840 ROUTE DE BESANCON', 'AdditionalStreetName': None, 'CityName': 'LONS LE SAUNIER', 'PostalZone': '39000', 'Country': 'FRA'};315434852;True;ENTREPRISE BONGLET;BONGLET SAS;2026-09-15;{'StreetName': 'Espace Duhesme 18 rue de Flacé', 'AdditionalStreetName': None, 'CityName': 'Mâcon', 'PostalZone': '71026', 'Country': 'FRA'};227100013;True;DEPARTEMENT DE SAONE ET LOIRE;DEPARTEMENT  DE SAONE ET LOIRE;;;travaux;"['PRIX DE LA PRESTATION', 'VALEUR TECHNIQUE', ""PERFORMANCE EN MATIERE D'INSERTION""]";['prix', 'technique', 'social'];[55.0, 40.0, 5.0];1350.0;True;;False;{'StreetName': 'COLLEGE RENE CASSIN', 'CityName': 'PARAY-LE-MONIAL', 'PostalZone': '71600', 'NUTS': 'FRC13', 'Country': 'FRA'};;;26-88797;;406615.0;;LOT-0008;45443000;;21;3;;RESTRUCTURATION GLOBALE AVEC EXTENSION AU COLLEGE RENE CASSIN A PARAY-LE-MONIAL;ouverte;;;;;True;False;False;7493110.0;7220.0;Département ;2 000  à  4 999;False;1978-01-01;84.11Z;2008;5710.0;SAS, société par actions simplifiée;500  à  999;False;<NA>;2008;F;43;43.3;43.31;43.31Z;1968-01-01;(46.694644, 5.559182);Lons-le-Saunier;Jura;Bourgogne-Franche-Comté;(46.313092, 4.831035);Mâcon;Saône-et-Loire;Bourgogne-Franche-Comté;;;;;;;;
False;;;True;True;False;attribue;{'StreetName': '17 ROUTE DE MUNET', 'AdditionalStreetName': None, 'CityName': 'TREVOL', 'PostalZone': '03460', 'Country': 'FRA'};477592562;True;SARL EUROPE CENTRE FRANCE FERMETURES;EC2F;2026-09-15;{'StreetName': 'Espace Duhesme 18 rue de Flacé', 'AdditionalStreetName': None, 'CityName': 'Mâcon', 'PostalZone': '71026', 'Country': 'FRA'};227100013;True;DEPARTEMENT DE SAONE ET LOIRE;DEPARTEMENT  DE SAONE ET LOIRE;;;travaux;"['PRIX DE LA PRESTATION', 'VALEUR  TECHNIQUE', ""PERFORMANCE EN MATIERE D'INSERTION PROFESSIONNELLE""]";['prix', 'technique', 'social'];[55.0, 40.0, 5.0];1350.0;True;;False;{'StreetName': 'COLLEGE RENE CASSIN', 'CityName': 'PARAY-LE-MONIAL', 'PostalZone': '71600', 'NUTS': 'FRC13', 'Country': 'FRA'};;;26-88797;;511270.0;;LOT-0009;45421000;;21;6;;RESTRUCTURATION GLOBALE AVEC EXTENSION AU COLLEGE RENE CASSIN A PARAY-LE-MONIAL;ouverte;;;;;True;False;False;7493110.0;7220.0;Département ;2 000  à  4 999;False;1978-01-01;84.11Z;2008;5499.0;Société à responsabilité limitée (sans autre indication);20  à  49;False;<NA>;2008;G;46;46.7;46.73;46.73A;2004-06-01;(46.630166, 3.308175);Trévol;Allier;Auvergne-Rhône-Alpes;(46.313092, 4.831035);Mâcon;Saône-et-Loire;Bourgogne-Franche-Comté;;;;;;;;
False;;;True;True;False;attribue;{'StreetName': '34 RUE MACON CHAINTRE', 'AdditionalStreetName': None, 'CityName': 'MACON', 'PostalZone': '71000', 'Country': 'FRA'};435134713;True;SAM - SERRURERIE ALUMINIUM DU MACONNAIS;SERRURERIE ALUMINIUM DU MACONNAIS;2026-09-15;{'StreetName': 'Espace Duhesme 18 rue de Flacé', 'AdditionalStreetName': None, 'CityName': 'Mâcon', 'PostalZone': '71026', 'Country': 'FRA'};227100013;True;DEPARTEMENT DE SAONE ET LOIRE;DEPARTEMENT  DE SAONE ET LOIRE;;;travaux;"['PRIX DE LA PRESTATION', 'VALEUR TECHNIQUE', ""PERFORMANCE NE MATIERE D'INSERTION""]";['prix', 'technique', 'social'];[55.0, 40.0, 5.0];1350.0;True;;False;{'StreetName': 'COLLEGE RENE CASSIN', 'CityName': 'PARAY-LE-MONIAL', 'PostalZone': '71600', 'NUTS': 'FRC13', 'Country': 'FRA'};;;26-88797;;166750.0;;LOT-0010;45421140;;21;3;;RESTRUCTURATION GLOBALE AVEC EXTENSION AU COLLEGE RENE CASSIN A PARAY-LE-MONIAL;ouverte;;;;;True;False;False;7493110.0;7220.0;Département ;2 000  à  4 999;False;1978-01-01;84.11Z;2008;5710.0;SAS, société par actions simplifiée;20  à  49;<NA>;<NA>;2008;F;43;43.3;43.32;43.32B;2001-04-02;(46.279085, 4.777218);Mâcon;Saône-et-Loire;Bourgogne-Franche-Comté;(46.313092, 4.831035);Mâcon;Saône-et-Loire;Bourgogne-Franche-Comté;;;;;;;;
False;;;True;True;False;attribue;{'StreetName': '53 RUE DE BOURGOGNE', 'AdditionalStreetName': None, 'CityName': 'PARAY LE MONIAL', 'PostalZone': '71600', 'Country': 'FRA'};795920123;True;INDUSTRIE DU BOIS FUYET PERE ET FILS;SARL FUYET PERE ET FILS;2026-09-15;{'StreetName': 'Espace Duhesme 18 rue de Flacé', 'AdditionalStreetName': None, 'CityName': 'Mâcon', 'PostalZone': '71026', 'Country': 'FRA'};227100013;True;DEPARTEMENT DE SAONE ET LOIRE;DEPARTEMENT  DE SAONE ET LOIRE;;;travaux;['PRIX DE LA PRESTATION', 'VALEUR TECHNIQUE'];['prix', 'technique'];[60.0, 40.0];1350.0;True;;False;{'StreetName': 'COLLEGE RENE CASSIN', 'CityName': 'PARAY-LE-MONIAL', 'PostalZone': '71600', 'NUTS': 'FRC13', 'Country': 'FRA'};;;26-88797;;284171.0;;LOT-0011;45421000;;21;3;;RESTRUCTURATION GLOBALE AVEC EXTENSION AU COLLEGE RENE CASSIN A PARAY-LE-MONIAL;ouverte;;;;;True;False;False;7493110.0;7220.0;Département ;2 000  à  4 999;False;1978-01-01;84.11Z;2008;5499.0;Société à responsabilité limitée (sans autre indication);6  à  9;False;<NA>;2008;F;43;43.3;43.32;43.32A;1959-01-01;(46.46259, 4.104322);Paray-le-Monial;Saône-et-Loire;Bourgogne-Franche-Comté;(46.313092, 4.831035);Mâcon;Saône-et-Loire;Bourgogne-Franche-Comté;;;;;;;;
False;;;True;True;False;attribue;{'StreetName': '1840 ROUTE DE BESANCON', 'AdditionalStreetName': None, 'CityName': '39000', 'PostalZone': 'LONS LE SAUNIER', 'Country': 'FRA'};315434852;True;ENTREPRISE BONGLET;BONGLET SAS;2026-09-15;{'StreetName': 'Espace Duhesme 18 rue de Flacé', 'AdditionalStreetName': None, 'CityName': 'Mâcon', 'PostalZone': '71026', 'Country': 'FRA'};227100013;True;DEPARTEMENT DE SAONE ET LOIRE;DEPARTEMENT  DE SAONE ET LOIRE;;;travaux;['PRIX DE LA PRESTATION', 'VALEUR TECHNIQUE'];['prix', 'technique'];[60.0, 40.0];1350.0;True;;False;{'StreetName': 'COLLEGE RENE CASSIN', 'CityName': 'PARAY-LE-MONIAL', 'PostalZone': '71600', 'NUTS': 'FRC13', 'Country': 'FRA'};;;26-88797;;629073.0;;LOT-0012;45410000;;21;6;;RESTRUCTURATION GLOBALE AVEC EXTENSION AU COLLEGE RENE CASSIN A PARAY-LE-MONIAL;ouverte;;;;;True;False;False;7493110.0;7220.0;Département ;2 000  à  4 999;False;1978-01-01;84.11Z;2008;5710.0;SAS, société par actions simplifiée;500  à  999;False;<NA>;2008;F;43;43.3;43.31;43.31Z;1968-01-01;(46.694644, 5.559182);Lons-le-Saunier;Jura;Bourgogne-Franche-Comté;(46.313092, 4.831035);Mâcon;Saône-et-Loire;Bourgogne-Franche-Comté;;;;;;;;
False;;;True;True;False;attribue;{'StreetName': '122 ZONE DE LA TEPPE', 'AdditionalStreetName': None, 'CityName': 'SAINT ANDRE DE BAGE', 'PostalZone': '01380', 'Country': 'FRA'};378722011;True;CARRELAGES BERRY;SARL CARRELAGES BERRY;2026-09-15;{'StreetName': 'Espace Duhesme 18 rue de Flacé', 'AdditionalStreetName': None, 'CityName': 'Mâcon', 'PostalZone': '71026', 'Country': 'FRA'};227100013;True;DEPARTEMENT DE SAONE ET LOIRE;DEPARTEMENT  DE SAONE ET LOIRE;;;travaux;['VALEUR DE LA PRESTATION', 'VALEUR TECHNIQUE'];['prix', 'technique'];[60.0, 40.0];1350.0;True;;False;{'StreetName': 'COLLEGE RENE CASSIN', 'CityName': 'PARAY-LE-MONIAL', 'PostalZone': '71600', 'NUTS': 'FRC13', 'Country': 'FRA'};;;26-88797;;321883.0;;LOT-0013;45431000;;21;3;;RESTRUCTURATION GLOBALE AVEC EXTENSION AU COLLEGE RENE CASSIN A PARAY-LE-MONIAL;ouverte;;;;;True;False;False;7493110.0;7220.0;Département ;2 000  à  4 999;False;1978-01-01;84.11Z;2008;5499.0;Société à responsabilité limitée (sans autre indication);20  à  49;False;<NA>;2008;F;43;43.3;43.33;43.33Z;1990-07-01;(46.292093, 4.912844);Saint-André-de-Bâgé;Ain;Auvergne-Rhône-Alpes;(46.313092, 4.831035);Mâcon;Saône-et-Loire;Bourgogne-Franche-Comté;;;;;;;;
False;;;True;True;False;attribue;{'StreetName': '57 RUE BEAUBERNARD', 'AdditionalStreetName': None, 'CityName': 'MONTCEAU LES MINES', 'PostalZone': '71300', 'Country': 'FRA'};387735459;True;MARTIN REBEUF;SAS MARTIN REBEUF;2026-09-15;{'StreetName': 'Espace Duhesme 18 rue de Flacé', 'AdditionalStreetName': None, 'CityName': 'Mâcon', 'PostalZone': '71026', 'Country': 'FRA'};227100013;True;DEPARTEMENT DE SAONE ET LOIRE;DEPARTEMENT  DE SAONE ET LOIRE;;;travaux;['PRIX DE LA PRESTATION', 'VALEUR TECHNIQUE'];['prix', 'technique'];[60.0, 40.0];1350.0;True;;False;{'StreetName': 'COLLEGE RENE CASSIN', 'CityName': 'PARAY-LE-MONIAL', 'PostalZone': '71600', 'NUTS': 'FRC13', 'Country': 'FRA'};;;26-88797;;157079.0;;LOT-0014;45432111;;21;4;;RESTRUCTURATION GLOBALE AVEC EXTENSION AU COLLEGE RENE CASSIN A PARAY-LE-MONIAL;ouverte;;;;;True;False;False;7493110.0;7220.0;Département ;2 000  à  4 999;False;1978-01-01;84.11Z;2008;5710.0;SAS, société par actions simplifiée;6  à  9;False;<NA>;2008;F;43;43.3;43.33;43.33Z;1992-06-05;(46.669356, 4.366247);Montceau-les-Mines;Saône-et-Loire;Bourgogne-Franche-Comté;(46.313092, 4.831035);Mâcon;Saône-et-Loire;Bourgogne-Franche-Comté;;;;;;;;
False;;;True;True;False;attribue;{'StreetName': 'CHEMIN DES MAURAPANS', 'AdditionalStreetName': None, 'CityName': 'CHATILLON LE DUC', 'PostalZone': '25870', 'Country': 'FRA'};323048595;True;SAS PERRIN;SAS PERRIN;2026-09-15;{'StreetName': 'Espace Duhesme 18 rue de Flacé', 'AdditionalStreetName': None, 'CityName': 'Mâcon', 'PostalZone': '71026', 'Country': 'FRA'};227100013;True;DEPARTEMENT DE SAONE ET LOIRE;DEPARTEMENT  DE SAONE ET LOIRE;;;travaux;['PRIX DE LA PRESTATION', 'VALEUR TECHNIQUE'];['prix', 'technique'];[60.0, 40.0];1350.0;True;;False;{'StreetName': 'COLLEGE RENE CASSIN', 'CityName': 'PARAY-LE-MONIAL', 'PostalZone': '71600', 'NUTS': 'FRC13', 'Country': 'FRA'};;;26-88797;;108979.0;;LOT-0015;45422100;;21;2;;RESTRUCTURATION GLOBALE AVEC EXTENSION AU COLLEGE RENE CASSIN A PARAY-LE-MONIAL;ouverte;;;;;True;False;False;7493110.0;7220.0;Département ;2 000  à  4 999;False;1978-01-01;84.11Z;2008;5710.0;SAS, société par actions simplifiée;50  à  99;False;<NA>;2008;F;41;41.2;41.2;41.20B;1968-01-01;(47.290569, 5.99606);Châtillon-le-Duc;Doubs;Bourgogne-Franche-Comté;(46.313092, 4.831035);Mâcon;Saône-et-Loire;Bourgogne-Franche-Comté;;;;;;;;
False;;;True;True;False;attribue;{'StreetName': '28 RUE CHAMP DORE', 'AdditionalStreetName': None, 'CityName': 'SAINT APOLLINAIRE', 'PostalZone': '21850', 'Country': 'FRA'};430243857;True;ORONA;ORONA SAS;2026-09-15;{'StreetName': 'Espace Duhesme 18 rue de Flacé', 'AdditionalStreetName': None, 'CityName': 'Mâcon', 'PostalZone': '71026', 'Country': 'FRA'};227100013;True;DEPARTEMENT DE SAONE ET LOIRE;DEPARTEMENT  DE SAONE ET LOIRE;;;travaux;['PRIX DE LA PRESTATION', 'VALEUR TECHNIQUE'];['prix', 'technique'];[60.0, 40.0];1350.0;True;;False;{'StreetName': 'COLLEGE RENE CASSIN', 'CityName': 'PARAY-LE-MONIAL', 'PostalZone': '71600', 'NUTS': 'FRC13', 'Country': 'FRA'};;;26-88797;;26100.0;;LOT-0016;45313100;;21;1;;RESTRUCTURATION GLOBALE AVEC EXTENSION AU COLLEGE RENE CASSIN A PARAY-LE-MONIAL;ouverte;;;;;True;False;False;7493110.0;7220.0;Département ;2 000  à  4 999;False;1978-01-01;84.11Z;2008;5710.0;SAS, société par actions simplifiée;200  à  249;False;<NA>;2008;F;43;43.2;43.29;43.29B;2000-04-04;(47.338756, 5.102492);Saint-Apollinaire;Côte-d'Or;Bourgogne-Franche-Comté;(46.313092, 4.831035);Mâcon;Saône-et-Loire;Bourgogne-Franche-Comté;;;;;;;;
False;;;True;True;False;attribue;{'StreetName': '16 ZI SAINT NIZIER', 'AdditionalStreetName': None, 'CityName': 'MARCIGNY', 'PostalZone': '71110', 'Country': 'FRA'};349363838;True;ETABLISSEMENTS ANDRE PERRIER;SAS PERRIER;2026-09-15;{'StreetName': 'Espace Duhesme 18 rue de Flacé', 'AdditionalStreetName': None, 'CityName': 'Mâcon', 'PostalZone': '71026', 'Country': 'FRA'};227100013;True;DEPARTEMENT DE SAONE ET LOIRE;DEPARTEMENT  DE SAONE ET LOIRE;;;travaux;['PRIX DE LA PRESTATION', 'VALEUR TECHNIQUE'];['prix', 'technique'];[60.0, 40.0];1350.0;True;;False;{'StreetName': 'COLLEGE RENE CASSIN', 'CityName': 'PARAY-LE-MONIAL', 'PostalZone': '71600', 'NUTS': 'FRC13', 'Country': 'FRA'};;;26-88797;;349919.0;;LOT-0017;45421151;;21;2;;RESTRUCTURATION GLOBALE AVEC EXTENSION AU COLLEGE RENE CASSIN A PARAY-LE-MONIAL;ouverte;;;;;True;False;False;7493110.0;7220.0;Département ;2 000  à  4 999;False;1978-01-01;84.11Z;2008;5710.0;SAS, société par actions simplifiée;50  à  99;False;<NA>;2008;C;33;33.1;33.12;33.12Z;1989-01-01;(46.275678, 4.033284);Marcigny;Saône-et-Loire;Bourgogne-Franche-Comté;(46.313092, 4.831035);Mâcon;Saône-et-Loire;Bourgogne-Franche-Comté;;;;;;;;
False;;;True;True;False;attribue;{'StreetName': '9 RUE DE PRETIN', 'AdditionalStreetName': None, 'CityName': 'CHAROLLES', 'PostalZone': '71120', 'Country': 'FRA'};797220118;True;CEME CENTRE EST;CEME CENTRE EST;2026-09-15;{'StreetName': 'Espace Duhesme 18 rue de Flacé', 'AdditionalStreetName': None, 'CityName': 'Mâcon', 'PostalZone': '71026', 'Country': 'FRA'};227100013;True;DEPARTEMENT DE SAONE ET LOIRE;DEPARTEMENT  DE SAONE ET LOIRE;;;travaux;"['PRIX DE LA PRESTATION', 'VALEUR TECHNIQUE', ""PERFORMANCE EN MATIERE D'INSERTION PROFESSIONNELLE""]";['prix', 'technique', 'social'];[55.0, 40.0, 5.0];1350.0;True;;False;{'StreetName': 'COLLEGE RENE CASSIN', 'CityName': 'PARAY-LE-MONIAL', 'PostalZone': '71600', 'NUTS': 'FRC13', 'Country': 'FRA'};;;26-88797;;628621.0;;LOT-0018;45311000;;21;3;;RESTRUCTURATION GLOBALE AVEC EXTENSION AU COLLEGE RENE CASSIN A PARAY-LE-MONIAL;ouverte;;;;;True;False;False;7493110.0;7220.0;Département ;2 000  à  4 999;False;1978-01-01;84.11Z;2008;5710.0;SAS, société par actions simplifiée;50  à  99;False;<NA>;2008;F;43;43.2;43.21;43.21A;1972-01-01;(46.432288, 4.269586);Charolles;Saône-et-Loire;Bourgogne-Franche-Comté;(46.313092, 4.831035);Mâcon;Saône-et-Loire;Bourgogne-Franche-Comté;;;;;;;;
False;;;True;True;False;attribue;{'StreetName': '630 ROUTE DE LA CLAYETTE', 'AdditionalStreetName': None, 'CityName': 'LA CHAPELLE SOUS DUN', 'PostalZone': '71800', 'Country': 'FRA'};796820173;True;ENTREPRISE MAURICE THIVENT SAS;ENTREPRISE MAURICE THIVENT SAS;2026-09-15;{'StreetName': 'Espace Duhesme 18 rue de Flacé', 'AdditionalStreetName': None, 'CityName': 'Mâcon', 'PostalZone': '71026', 'Country': 'FRA'};227100013;True;DEPARTEMENT DE SAONE ET LOIRE;DEPARTEMENT  DE SAONE ET LOIRE;;;travaux;"['PRIX DE LA PRESTATION', 'VALEUR TECHNIQUE', ""PERFORMANCE EN MATIERE D'INSERTION PROFESSIONNELLE""]";['prix', 'technique', 'social'];[55.0, 40.0, 5.0];1350.0;True;;False;{'StreetName': 'COLLEGE RENE CASSIN', 'CityName': 'PARAY-LE-MONIAL', 'PostalZone': '71600', 'NUTS': 'FRC13', 'Country': 'FRA'};;;26-88797;;634595.0;;LOT-0020;45231112;;21;2;;RESTRUCTURATION GLOBALE AVEC EXTENSION AU COLLEGE RENE CASSIN A PARAY-LE-MONIAL;ouverte;;;;;True;False;False;7493110.0;7220.0;Département ;2 000  à  4 999;False;1978-01-01;84.11Z;2008;5710.0;SAS, société par actions simplifiée;100  à  199;False;<NA>;2008;F;42;42.1;42.11;42.11Z;1968-01-01;(46.269345, 4.291476);La Chapelle-sous-Dun;Saône-et-Loire;Bourgogne-Franche-Comté;(46.313092, 4.831035);Mâcon;Saône-et-Loire;Bourgogne-Franche-Comté;;;;;;;;
False;;;True;True;False;attribue;{'StreetName': '90 RUE ANDRE CITROEN', 'AdditionalStreetName': None, 'CityName': 'GENAS', 'PostalZone': '69747', 'Country': 'FRA'};410344923;True;TERIDEAL TARVEL;SAS TERIDEAL TARVEL;2026-09-15;{'StreetName': 'Espace Duhesme 18 rue de Flacé', 'AdditionalStreetName': None, 'CityName': 'Mâcon', 'PostalZone': '71026', 'Country': 'FRA'};227100013;True;DEPARTEMENT DE SAONE ET LOIRE;DEPARTEMENT  DE SAONE ET LOIRE;;;travaux;['PRIX DE LA PRESTATION', 'VALEUR TECHNIQUE'];['prix', 'technique'];[60.0, 40.0];1350.0;True;;False;{'StreetName': 'COLLEGE RENE CASSIN', 'CityName': 'PARAY-LE-MONIAL', 'PostalZone': '71600', 'NUTS': 'FRC13', 'Country': 'FRA'};;;26-88797;;334923.0;;LOT-0021;45112700;;21;4;;RESTRUCTURATION GLOBALE AVEC EXTENSION AU COLLEGE RENE CASSIN A PARAY-LE-MONIAL;ouverte;;;;;True;False;False;7493110.0;7220.0;Département ;2 000  à  4 999;False;1978-01-01;84.11Z;2008;5710.0;SAS, société par actions simplifiée;500  à  999;False;<NA>;2008;N;81;81.3;81.3;81.30Z;1997-01-01;(45.732694, 4.983767);Genas;Rhône;Auvergne-Rhône-Alpes;(46.313092, 4.831035);Mâcon;Saône-et-Loire;Bourgogne-Franche-Comté;;;;;;;;
False;;;False;True;False;attribue;{'StreetName': '21 RUE DE LA MARINE', 'AdditionalStreetName': None, 'CityName': 'VILLENEUVE LE ROI', 'PostalZone': '94290', 'Country': 'FRA'};652007360;True;EUROSYNTEC;EUROSYNTEC;2026-09-15;{'StreetName': 'Espace Duhesme 18 rue de Flacé', 'AdditionalStreetName': None, 'CityName': 'Mâcon', 'PostalZone': '71026', 'Country': 'FRA'};227100013;True;DEPARTEMENT DE SAONE ET LOIRE;DEPARTEMENT  DE SAONE ET LOIRE;;;travaux;"['PRIX DE LA PRESTATION', 'VALEUR TECHNIQUE', ""PERFORMANCE EN MATIERE D'INSERTION PROFESSIONNELLE""]";['prix', 'technique', 'social'];[55.0, 40.0, 5.0];1350.0;True;;False;{'StreetName': 'COLLEGE RENE CASSIN', 'CityName': 'PARAY-LE-MONIAL', 'PostalZone': '71600', 'NUTS': 'FRC13', 'Country': 'FRA'};;;26-88797;;59829.0;;LOT-0022;45432130;;21;6;;RESTRUCTURATION GLOBALE AVEC EXTENSION AU COLLEGE RENE CASSIN A PARAY-LE-MONIAL;ouverte;;;;;True;False;False;7493110.0;7220.0;Département ;2 000  à  4 999;False;1978-01-01;84.11Z;2008;5710.0;SAS, société par actions simplifiée;20  à  49;False;<NA>;2008;F;42;42.9;42.99;42.99Z;1981-06-25;(48.738774, 2.436241);Villeneuve-le-Roi;Val-de-Marne;Île-de-France;(46.313092, 4.831035);Mâcon;Saône-et-Loire;Bourgogne-Franche-Comté;;;;;;;;
False;;;True;True;False;attribue;{'StreetName': None, 'AdditionalStreetName': None, 'CityName': 'ST ANDRE LEZ LILLE', 'PostalZone': '59350', 'Country': 'FRA'};456500537;True;DALKIA;DALKIA;2026-09-15;{'StreetName': '2 avenue Robert Schuman', 'AdditionalStreetName': None, 'CityName': 'EPINAL', 'PostalZone': '88000', 'Country': 'FRA'};200029445;True;CENTRE HOSPITALIER INTERCOMMUNAL EMILE DURKHEIM;Centre Hospitalier Emile Durkheim;;;services;['valeur technique'];['technique'];;2520.0;False;;False;{'StreetName': None, 'CityName': None, 'PostalZone': None, 'NUTS': 'FRF34', 'Country': 'FRA'};;;26-88763;;828502.0;;LOT-0001;50700000;;3;3;;Marché public d'exploitation des installations de chauffage, production eau chaude sanitaire,ventilation et de clim -CH Ouest Vosgien CH Val du Madon CH de l'Avison CH de la Haute Vallée de la Moselle;ouverte;;;;;False;False;False;1035208.0;7364.0;Établissement d'hospitalisation ;1 000  à  1 999;False;2012-01-01;86.10Z;2008;5599.0;SA à conseil d'administration (s.a.i.);10 000  et plus ;False;False;2008;D;35;35.3;35.3;35.30Z;1956-01-01;;Saint-André-lez-Lille;Nord;Hauts-de-France;(48.179955, 6.454876);Épinal;Vosges;Grand Est;;;;;;;;
False;;;True;True;False;attribue;{'StreetName': None, 'AdditionalStreetName': None, 'CityName': 'BOULOGNE BILLANCOURT', 'PostalZone': '92513', 'Country': 'FRA'};315871640;True;IDEX ENERGIES;IDEX;2026-09-15;{'StreetName': '2 avenue Robert Schuman', 'AdditionalStreetName': None, 'CityName': 'EPINAL', 'PostalZone': '88000', 'Country': 'FRA'};200029445;True;CENTRE HOSPITALIER INTERCOMMUNAL EMILE DURKHEIM;Centre Hospitalier Emile Durkheim;;;services;"[""valeur technique de l'offre""]";['technique'];;2520.0;False;;False;{'StreetName': None, 'CityName': None, 'PostalZone': None, 'NUTS': 'FRF34', 'Country': 'FRA'};;;26-88763;;120083.0;;LOT-0002;50700000;;3;3;;Marché public d'exploitation des installations de chauffage, production eau chaude sanitaire,ventilation et de clim -CH Ouest Vosgien CH Val du Madon CH de l'Avison CH de la Haute Vallée de la Moselle;ouverte;;;;;False;False;False;1035208.0;7364.0;Établissement d'hospitalisation ;1 000  à  1 999;False;2012-01-01;86.10Z;2008;5710.0;SAS, société par actions simplifiée;2 000  à  4 999;False;False;2008;C;33;33.1;33.11;33.11Z;1976-01-01;;Boulogne-Billancourt;Hauts-de-Seine;Île-de-France;(48.179955, 6.454876);Épinal;Vosges;Grand Est;;;;;;;;
False;;;True;True;False;attribue;{'StreetName': None, 'AdditionalStreetName': None, 'CityName': 'BOULOGNE BILLANCOURT', 'PostalZone': '92513', 'Country': 'FRA'};315871640;True;IDEX ENERGIES;IDEX;2026-09-15;{'StreetName': '2 avenue Robert Schuman', 'AdditionalStreetName': None, 'CityName': 'EPINAL', 'PostalZone': '88000', 'Country': 'FRA'};200029445;True;CENTRE HOSPITALIER INTERCOMMUNAL EMILE DURKHEIM;Centre Hospitalier Emile Durkheim;;;services;"[""valeur technique de l'offre""]";['technique'];;2520.0;False;;False;{'StreetName': None, 'CityName': None, 'PostalZone': None, 'NUTS': 'FRF34', 'Country': 'FRA'};;;26-88763;;86623.0;;LOT-0003;50700000;;3;4;;Marché public d'exploitation des installations de chauffage, production eau chaude sanitaire,ventilation et de clim -CH Ouest Vosgien CH Val du Madon CH de l'Avison CH de la Haute Vallée de la Moselle;ouverte;;;;;False;False;False;1035208.0;7364.0;Établissement d'hospitalisation ;1 000  à  1 999;False;2012-01-01;86.10Z;2008;5710.0;SAS, société par actions simplifiée;2 000  à  4 999;False;False;2008;C;33;33.1;33.11;33.11Z;1976-01-01;;Boulogne-Billancourt;Hauts-de-Seine;Île-de-France;(48.179955, 6.454876);Épinal;Vosges;Grand Est;;;;;;;;
False;;;True;True;False;attribue;{'StreetName': '64 avenue Leclerc', 'AdditionalStreetName': None, 'CityName': 'LYON', 'PostalZone': '69007', 'Country': 'FRA'};492469705;True;VERDI AUVERGNE RHONE ALPES;Société VERDI AUVERGNE RHONE ALPES;2026-09-15;{'StreetName': 'Château de la Lombardière - BP 8', 'AdditionalStreetName': None, 'CityName': 'Davézieux', 'PostalZone': '07430', 'Country': 'FRA'};200072015;True;CA ANNONAY RHONE AGGLO;Annonay Rhône Agglo;;;services;['30 points', '70 points'];['prix', 'qualite'];[30.0, 70.0];720.0;False;114800.0;False;{'StreetName': None, 'CityName': None, 'PostalZone': None, 'NUTS': 'FRK22', 'Country': 'FRA'};sans remise en concurrence;;26-88588;;33100.0;57900.0;LOT-0001;79311000;90000.0;2;11;;Modifications N°2 et N°3 de droit commun du PLUiH;ouverte;202608;;;;False;False;False;;7348.0;Communauté d'agglomération ;200  à  249;<NA>;2017-01-01;84.11Z;2008;5710.0;SAS, société par actions simplifiée;10  à  19;False;<NA>;2008;M;71;71.1;71.12;71.12B;2006-10-10;(45.733633, 4.823608);Lyon;Rhône;Auvergne-Rhône-Alpes;(45.254368, 4.696495);Davézieux;Ardèche;Auvergne-Rhône-Alpes;;;;;;;;
False;;;True;True;False;attribue;{'StreetName': '64 avenue Leclerc', 'AdditionalStreetName': None, 'CityName': 'LYON', 'PostalZone': '69007', 'Country': 'FRA'};492469705;True;VERDI AUVERGNE RHONE ALPES;Société VERDI AUVERGNE RHONE ALPES;2026-09-15;{'StreetName': 'Château de la Lombardière - BP 8', 'AdditionalStreetName': None, 'CityName': 'Davézieux', 'PostalZone': '07430', 'Country': 'FRA'};200072015;True;CA ANNONAY RHONE AGGLO;Annonay Rhône Agglo;;;services;['30 points', '70 points'];['prix', 'qualite'];[30.0, 70.0];720.0;False;114800.0;False;{'StreetName': None, 'CityName': None, 'PostalZone': None, 'NUTS': 'FRK22', 'Country': 'FRA'};sans remise en concurrence;;26-88588;;35840.0;56900.0;LOT-0003;79311000;90000.0;2;11;;Modifications N°2 et N°3 de droit commun du PLUiH;ouverte;202608;;;;False;False;False;;7348.0;Communauté d'agglomération ;200  à  249;<NA>;2017-01-01;84.11Z;2008;5710.0;SAS, société par actions simplifiée;10  à  19;False;<NA>;2008;M;71;71.1;71.12;71.12B;2006-10-10;(45.733633, 4.823608);Lyon;Rhône;Auvergne-Rhône-Alpes;(45.254368, 4.696495);Davézieux;Ardèche;Auvergne-Rhône-Alpes;;;;;;;;
False;['71221000'];;False;False;False;attribue;{'StreetName': '2 rue de Fleury', 'AdditionalStreetName': None, 'CityName': 'Fontainebleau', 'PostalZone': '77300', 'Country': 'FRA'};944368232;False;AGENCE TRUBERT;Agence Trubert SAS d'Architecture;2026-09-15;{'StreetName': '83, Boulevard de Dunkerque', 'AdditionalStreetName': None, 'CityName': 'Marseille', 'PostalZone': '13002', 'Country': 'FRA'};941636342;False;SOCIETE DE LIVRAISON DES OUVRAGES OLYMPIQUES ALPES 2030;SOLIDEO ALPES 2030;;2026-08-03+02:00;services;"[""Le prix est le seul critère d'attribution.""]";['prix'];[100];1530.0;False;;False;;;;26-88669;;1162355.54;;LOT-0000;71221000;;1;1;1.0;"Marché de maitrise d'oeuvre ACMH pour la restauration des remparts du Fort des
Têtes à Briançon";negociee;20260776;;;;False;False;False;1162355.54;4110.0;Établissement public national à caractère industriel ou commercial doté d'un comptable public ;;False;2025-02-10;84.13Z;2008;5710.0;SAS, société par actions simplifiée;;False;False;2008;M;71;71.1;71.11;71.11Z;2025-04-09;(48.404456, 2.695324);Fontainebleau;Seine-et-Marne;Île-de-France;(43.310727, 5.368514);Marseille;Bouches-du-Rhône;Provence-Alpes-Côte d'Azur;;;;;;;;
False;;35.0;True;True;False;attribue;{'StreetName': None, 'AdditionalStreetName': None, 'CityName': 'CHATILLON SUR INDRE', 'PostalZone': '36700', 'Country': 'FRA'};452849086;True;VIANO BTP;VIANO BTP;2026-09-15;{'StreetName': '90 avenue Charles de Gaulle BP 115', 'AdditionalStreetName': None, 'CityName': 'Châteauroux', 'PostalZone': '36002', 'Country': 'FRA'};344397070;True;OFFICE PUBLIC DE L'HABITAT DE L'INDRE;OPAC 36;2025-06-13;;travaux;['Prix des prestations', 'Valeur technique'];['prix', 'technique'];[40.0, 60.0];1080.0;True;6451000.0;False;{'StreetName': None, 'CityName': 'CHATILLON SUR INDRE', 'PostalZone': '36700', 'NUTS': 'FRB03', 'Country': 'FRA'};;;26-88724;25-65296;1655012.0;1795000.0;LOT-0001;45223220;;14;3;;"Travaux de construction de 36 logements et d'une maison commune à Châtillon-sur-Indre - ""Les Barbarines""";ouverte;;;;False;True;False;False;5923574.0;4140.0;Établissement public local à caractère industriel ou commercial ;50  à  99;False;1988-03-18;68.20A;2008;5710.0;SAS, société par actions simplifiée;50  à  99;False;<NA>;2008;F;43;43.9;43.99;43.99C;2004-03-24;;Châtillon-sur-Indre;Indre;Centre-Val de Loire;(46.808466, 1.690985);Châteauroux;Indre;Centre-Val de Loire;;;;;;;;
False;;35.0;True;True;False;attribue;{'StreetName': None, 'AdditionalStreetName': None, 'CityName': 'CHATEAUROUX', 'PostalZone': '3600', 'Country': 'FRA'};313861387;True;ENTREPRISE PASQUET SA;PASQUET;2026-09-15;{'StreetName': '90 avenue Charles de Gaulle BP 115', 'AdditionalStreetName': None, 'CityName': 'Châteauroux', 'PostalZone': '36002', 'Country': 'FRA'};344397070;True;OFFICE PUBLIC DE L'HABITAT DE L'INDRE;OPAC 36;2025-06-13;;travaux;['Prix des prestations', 'Valeur technique'];['prix', 'technique'];[40.0, 60.0];1080.0;True;6451000.0;False;{'StreetName': None, 'CityName': 'CHATILLON SUR INDRE', 'PostalZone': '36700', 'NUTS': 'FRB03', 'Country': 'FRA'};;;26-88724;25-65296;285904.0;245000.0;LOT-0002;45422000;;14;2;;"Travaux de construction de 36 logements et d'une maison commune à Châtillon-sur-Indre - ""Les Barbarines""";ouverte;;;;False;True;False;False;5923574.0;4140.0;Établissement public local à caractère industriel ou commercial ;50  à  99;False;1988-03-18;68.20A;2008;5710.0;SAS, société par actions simplifiée;10  à  19;False;<NA>;2008;F;43;43.9;43.91;43.91B;1978-01-01;;Tonnay-Charente;Charente-Maritime;Nouvelle-Aquitaine;(46.808466, 1.690985);Châteauroux;Indre;Centre-Val de Loire;;;;;;;;
False;;35.0;True;True;False;attribue;{'StreetName': None, 'AdditionalStreetName': None, 'CityName': 'CHATEAUROUX', 'PostalZone': '36000', 'Country': 'FRA'};313861387;True;ENTREPRISE PASQUET SA;PASQUET;2026-09-15;{'StreetName': '90 avenue Charles de Gaulle BP 115', 'AdditionalStreetName': None, 'CityName': 'Châteauroux', 'PostalZone': '36002', 'Country': 'FRA'};344397070;True;OFFICE PUBLIC DE L'HABITAT DE L'INDRE;OPAC 36;2025-06-13;;travaux;['Prix des prestations', 'Valeur technique'];['prix', 'technique'];[40.0, 60.0];1080.0;True;6451000.0;False;{'StreetName': None, 'CityName': 'CHATILLON SUR INDRE', 'PostalZone': '36700', 'NUTS': 'FRB03', 'Country': 'FRA'};;;26-88724;25-65296;347135.0;355000.0;LOT-0003;45261210;;14;2;;"Travaux de construction de 36 logements et d'une maison commune à Châtillon-sur-Indre - ""Les Barbarines""";ouverte;;;;False;True;False;False;5923574.0;4140.0;Établissement public local à caractère industriel ou commercial ;50  à  99;False;1988-03-18;68.20A;2008;5710.0;SAS, société par actions simplifiée;10  à  19;False;<NA>;2008;F;43;43.9;43.91;43.91B;1978-01-01;;Tonnay-Charente;Charente-Maritime;Nouvelle-Aquitaine;(46.808466, 1.690985);Châteauroux;Indre;Centre-Val de Loire;;;;;;;;
False;;35.0;True;True;False;attribue;{'StreetName': None, 'AdditionalStreetName': None, 'CityName': 'SAINT SENOCH', 'PostalZone': '37600', 'Country': 'FRA'};430261891;True;MENUISERIE LESPAGNOL;MENUISERIE LESPAGNOL;2026-09-15;{'StreetName': '90 avenue Charles de Gaulle BP 115', 'AdditionalStreetName': None, 'CityName': 'Châteauroux', 'PostalZone': '36002', 'Country': 'FRA'};344397070;True;OFFICE PUBLIC DE L'HABITAT DE L'INDRE;OPAC 36;2025-06-13;;travaux;['Prix des prestations', 'Valeur technique'];['prix', 'technique'];[40.0, 60.0];1080.0;True;6451000.0;False;{'StreetName': None, 'CityName': 'CHATILLON SUR INDRE', 'PostalZone': '36700', 'NUTS': 'FRB03', 'Country': 'FRA'};;;26-88724;25-65296;288785.0;320000.0;LOT-0004;45421130;;14;9;;"Travaux de construction de 36 logements et d'une maison commune à Châtillon-sur-Indre - ""Les Barbarines""";ouverte;;;;False;True;False;False;5923574.0;4140.0;Établissement public local à caractère industriel ou commercial ;50  à  99;False;1988-03-18;68.20A;2008;5499.0;Société à responsabilité limitée (sans autre indication);10  à  19;False;<NA>;2008;F;43;43.3;43.32;43.32A;2000-04-01;;Crozon-sur-Vauvre;Indre;Centre-Val de Loire;(46.808466, 1.690985);Châteauroux;Indre;Centre-Val de Loire;;;;;;;;
False;;35.0;True;True;False;attribue;{'StreetName': None, 'AdditionalStreetName': None, 'CityName': 'ROCHECORBON', 'PostalZone': '37210', 'Country': 'FRA'};482310083;True;GSA 5;GSA5;2026-09-15;{'StreetName': '90 avenue Charles de Gaulle BP 115', 'AdditionalStreetName': None, 'CityName': 'Châteauroux', 'PostalZone': '36002', 'Country': 'FRA'};344397070;True;OFFICE PUBLIC DE L'HABITAT DE L'INDRE;OPAC 36;2025-06-13;;travaux;['Prix des prestations', 'Valeur technique'];['prix', 'technique'];[40.0, 60.0];1080.0;True;6451000.0;False;{'StreetName': None, 'CityName': 'CHATILLON SUR INDRE', 'PostalZone': '36700', 'NUTS': 'FRB03', 'Country': 'FRA'};;;26-88724;25-65296;65327.0;87000.0;LOT-0005;45421140;;14;3;;"Travaux de construction de 36 logements et d'une maison commune à Châtillon-sur-Indre - ""Les Barbarines""";ouverte;;;;False;True;False;False;5923574.0;4140.0;Établissement public local à caractère industriel ou commercial ;50  à  99;False;1988-03-18;68.20A;2008;5710.0;SAS, société par actions simplifiée;6  à  9;False;<NA>;2008;F;43;43.3;43.32;43.32B;2005-05-09;;Rochecorbon;Indre-et-Loire;Centre-Val de Loire;(46.808466, 1.690985);Châteauroux;Indre;Centre-Val de Loire;;;;;;;;
False;;35.0;True;True;False;attribue;{'StreetName': None, 'AdditionalStreetName': None, 'CityName': 'Le Poinçonnet', 'PostalZone': '36300', 'Country': 'FRA'};320488976;True;LES MENUISERIES DU CENTRE;LES MENUISERIES DU CENTRE;2026-09-15;{'StreetName': '90 avenue Charles de Gaulle BP 115', 'AdditionalStreetName': None, 'CityName': 'Châteauroux', 'PostalZone': '36002', 'Country': 'FRA'};344397070;True;OFFICE PUBLIC DE L'HABITAT DE L'INDRE;OPAC 36;2025-06-13;;travaux;['Prix des prestations', 'Valeur technique'];['prix', 'technique'];[40.0, 60.0];1080.0;True;6451000.0;False;{'StreetName': None, 'CityName': 'CHATILLON SUR INDRE', 'PostalZone': '36700', 'NUTS': 'FRB03', 'Country': 'FRA'};;;26-88724;25-65296;160101.0;158000.0;LOT-0006;45421150;;14;5;;"Travaux de construction de 36 logements et d'une maison commune à Châtillon-sur-Indre - ""Les Barbarines""";ouverte;;;;False;True;False;False;5923574.0;4140.0;Établissement public local à caractère industriel ou commercial ;50  à  99;False;1988-03-18;68.20A;2008;5710.0;SAS, société par actions simplifiée;20  à  49;False;<NA>;2008;F;43;43.3;43.32;43.32A;1980-11-01;;Le Poinçonnet;Indre;Centre-Val de Loire;(46.808466, 1.690985);Châteauroux;Indre;Centre-Val de Loire;;;;;;;;
False;;35.0;True;True;False;attribue;{'StreetName': None, 'AdditionalStreetName': None, 'CityName': 'TRAINOU', 'PostalZone': '45470', 'Country': 'FRA'};428906986;True;CORREIA;CORREIA;2026-09-15;{'StreetName': '90 avenue Charles de Gaulle BP 115', 'AdditionalStreetName': None, 'CityName': 'Châteauroux', 'PostalZone': '36002', 'Country': 'FRA'};344397070;True;OFFICE PUBLIC DE L'HABITAT DE L'INDRE;OPAC 36;2025-06-13;;travaux;['Prix des prestations', 'Valeur technique'];['prix', 'technique'];[40.0, 60.0];1080.0;True;6451000.0;False;{'StreetName': None, 'CityName': 'CHATILLON SUR INDRE', 'PostalZone': '36700', 'NUTS': 'FRB03', 'Country': 'FRA'};;;26-88724;25-65296;481130.0;505000.0;LOT-0007;45410000;;14;7;;"Travaux de construction de 36 logements et d'une maison commune à Châtillon-sur-Indre - ""Les Barbarines""";ouverte;;;;False;True;False;False;5923574.0;4140.0;Établissement public local à caractère industriel ou commercial ;50  à  99;False;1988-03-18;68.20A;2008;5499.0;Société à responsabilité limitée (sans autre indication);20  à  49;False;<NA>;2008;F;43;43.3;43.31;43.31Z;2000-01-11;;Traînou;Loiret;Centre-Val de Loire;(46.808466, 1.690985);Châteauroux;Indre;Centre-Val de Loire;;;;;;;;
False;;35.0;True;True;False;attribue;{'StreetName': None, 'AdditionalStreetName': None, 'CityName': 'SAINT -MAUR', 'PostalZone': '36250', 'Country': 'FRA'};388779407;True;EIFFAGE ENERGIE SYSTEMES - VAL DE LOIRE;EIFFAGE ENERGIE Systèmes Val de Loire;2026-09-15;{'StreetName': '90 avenue Charles de Gaulle BP 115', 'AdditionalStreetName': None, 'CityName': 'Châteauroux', 'PostalZone': '36002', 'Country': 'FRA'};344397070;True;OFFICE PUBLIC DE L'HABITAT DE L'INDRE;OPAC 36;2025-06-13;;travaux;['Prix des prestations', 'Valeur technique'];['prix', 'technique'];[40.0, 60.0];1080.0;True;6451000.0;False;{'StreetName': None, 'CityName': 'CHATILLON SUR INDRE', 'PostalZone': '36700', 'NUTS': 'FRB03', 'Country': 'FRA'};;;26-88724;25-65296;583033.0;613000.0;LOT-0008;45332400;;14;3;;"Travaux de construction de 36 logements et d'une maison commune à Châtillon-sur-Indre - ""Les Barbarines""";ouverte;;;;False;True;False;False;5923574.0;4140.0;Établissement public local à caractère industriel ou commercial ;50  à  99;False;1988-03-18;68.20A;2008;5710.0;SAS, société par actions simplifiée;500  à  999;False;<NA>;2008;F;43;43.2;43.21;43.21A;1992-10-06;;Ploërmel;Morbihan;Bretagne;(46.808466, 1.690985);Châteauroux;Indre;Centre-Val de Loire;;;;;;;;
False;;35.0;True;True;False;attribue;{'StreetName': None, 'AdditionalStreetName': None, 'CityName': 'CHATEAUROUX', 'PostalZone': '36000', 'Country': 'FRA'};337767743;True;E.M.B. MITTERRAND;EMB MITTERRAND;2026-09-15;{'StreetName': '90 avenue Charles de Gaulle BP 115', 'AdditionalStreetName': None, 'CityName': 'Châteauroux', 'PostalZone': '36002', 'Country': 'FRA'};344397070;True;OFFICE PUBLIC DE L'HABITAT DE L'INDRE;OPAC 36;2025-06-13;;travaux;['Prix des prestations', 'Valeur technique'];['prix', 'technique'];[40.0, 60.0];1080.0;True;6451000.0;False;{'StreetName': None, 'CityName': 'CHATILLON SUR INDRE', 'PostalZone': '36700', 'NUTS': 'FRB03', 'Country': 'FRA'};;;26-88724;25-65296;459139.0;529000.0;LOT-0009;45317000;;14;2;;"Travaux de construction de 36 logements et d'une maison commune à Châtillon-sur-Indre - ""Les Barbarines""";ouverte;;;;False;True;False;False;5923574.0;4140.0;Établissement public local à caractère industriel ou commercial ;50  à  99;False;1988-03-18;68.20A;2008;5710.0;SAS, société par actions simplifiée;20  à  49;False;<NA>;2008;F;43;43.2;43.21;43.21A;1986-04-01;;Tonnay-Charente;Charente-Maritime;Nouvelle-Aquitaine;(46.808466, 1.690985);Châteauroux;Indre;Centre-Val de Loire;;;;;;;;
False;;35.0;True;True;False;attribue;{'StreetName': None, 'AdditionalStreetName': None, 'CityName': 'SAINT GERMAIN DU PUY', 'PostalZone': '18390', 'Country': 'FRA'};842949828;True;BATI-MG;BATI-MG;2026-09-15;{'StreetName': '90 avenue Charles de Gaulle BP 115', 'AdditionalStreetName': None, 'CityName': 'Châteauroux', 'PostalZone': '36002', 'Country': 'FRA'};344397070;True;OFFICE PUBLIC DE L'HABITAT DE L'INDRE;OPAC 36;2025-06-13;;travaux;['Prix des prestations', 'Valeur technique'];['prix', 'technique'];[40.0, 60.0];1080.0;True;6451000.0;False;{'StreetName': None, 'CityName': 'CHATILLON SUR INDRE', 'PostalZone': '36700', 'NUTS': 'FRB03', 'Country': 'FRA'};;;26-88724;25-65296;177878.0;180000.0;LOT-0010;45317000;;14;5;;"Travaux de construction de 36 logements et d'une maison commune à Châtillon-sur-Indre - ""Les Barbarines""";ouverte;;;;False;True;False;False;5923574.0;4140.0;Établissement public local à caractère industriel ou commercial ;50  à  99;False;1988-03-18;68.20A;2008;5710.0;SAS, société par actions simplifiée;3  à  5;False;<NA>;2008;F;43;43.9;43.99;43.99C;2018-10-08;;Saint-Germain-du-Puy;Cher;Centre-Val de Loire;(46.808466, 1.690985);Châteauroux;Indre;Centre-Val de Loire;;;;;;;;
False;;35.0;True;True;False;attribue;{'StreetName': None, 'AdditionalStreetName': None, 'CityName': 'La Châtre', 'PostalZone': '36400', 'Country': 'FRA'};510731854;True;COULEURS DECO;Couleurs Déco;2026-09-15;{'StreetName': '90 avenue Charles de Gaulle BP 115', 'AdditionalStreetName': None, 'CityName': 'Châteauroux', 'PostalZone': '36002', 'Country': 'FRA'};344397070;True;OFFICE PUBLIC DE L'HABITAT DE L'INDRE;OPAC 36;2025-06-13;;travaux;['Prix des prestations', 'Valeur technique'];['prix', 'technique'];[40.0, 60.0];1080.0;True;6451000.0;False;{'StreetName': None, 'CityName': 'CHATILLON SUR INDRE', 'PostalZone': '36700', 'NUTS': 'FRB03', 'Country': 'FRA'};;;26-88724;25-65296;127993.0;156000.0;LOT-0011;45442100;;14;7;;"Travaux de construction de 36 logements et d'une maison commune à Châtillon-sur-Indre - ""Les Barbarines""";ouverte;;;;False;True;False;False;5923574.0;4140.0;Établissement public local à caractère industriel ou commercial ;50  à  99;False;1988-03-18;68.20A;2008;5499.0;Société à responsabilité limitée (sans autre indication);10  à  19;False;<NA>;2008;F;43;43.3;43.34;43.34Z;2009-02-25;;Vasles;Deux-Sèvres;Nouvelle-Aquitaine;(46.808466, 1.690985);Châteauroux;Indre;Centre-Val de Loire;;;;;;;;
False;;35.0;True;True;False;attribue;{'StreetName': None, 'AdditionalStreetName': None, 'CityName': 'La Châtre', 'PostalZone': '36400', 'Country': 'FRA'};510731854;True;COULEURS DECO;Couleurs Déco;2026-09-15;{'StreetName': '90 avenue Charles de Gaulle BP 115', 'AdditionalStreetName': None, 'CityName': 'Châteauroux', 'PostalZone': '36002', 'Country': 'FRA'};344397070;True;OFFICE PUBLIC DE L'HABITAT DE L'INDRE;OPAC 36;2025-06-13;;travaux;['Prix des prestations', 'Valeur technique'];['prix', 'technique'];[40.0, 60.0];1080.0;True;6451000.0;False;{'StreetName': None, 'CityName': 'CHATILLON SUR INDRE', 'PostalZone': '36700', 'NUTS': 'FRB03', 'Country': 'FRA'};;;26-88724;25-65296;43374.0;46000.0;LOT-0012;45432111;;14;7;;"Travaux de construction de 36 logements et d'une maison commune à Châtillon-sur-Indre - ""Les Barbarines""";ouverte;;;;False;True;False;False;5923574.0;4140.0;Établissement public local à caractère industriel ou commercial ;50  à  99;False;1988-03-18;68.20A;2008;5499.0;Société à responsabilité limitée (sans autre indication);10  à  19;False;<NA>;2008;F;43;43.3;43.34;43.34Z;2009-02-25;;Vasles;Deux-Sèvres;Nouvelle-Aquitaine;(46.808466, 1.690985);Châteauroux;Indre;Centre-Val de Loire;;;;;;;;
False;;35.0;True;True;False;attribue;{'StreetName': None, 'AdditionalStreetName': None, 'CityName': 'BLOIS', 'PostalZone': '41000', 'Country': 'FRA'};597220680;True;SOC DE REVETEMENTS DE SOLS;Société Revêtements de Sols;2026-09-15;{'StreetName': '90 avenue Charles de Gaulle BP 115', 'AdditionalStreetName': None, 'CityName': 'Châteauroux', 'PostalZone': '36002', 'Country': 'FRA'};344397070;True;OFFICE PUBLIC DE L'HABITAT DE L'INDRE;OPAC 36;2025-06-13;;travaux;['Prix des prestations', 'Valeur technique'];['prix', 'technique'];[40.0, 60.0];1080.0;True;6451000.0;False;{'StreetName': None, 'CityName': 'CHATILLON SUR INDRE', 'PostalZone': '36700', 'NUTS': 'FRB03', 'Country': 'FRA'};;;26-88724;25-65296;186826.0;220000.0;LOT-0013;45431000;;14;6;;"Travaux de construction de 36 logements et d'une maison commune à Châtillon-sur-Indre - ""Les Barbarines""";ouverte;;;;False;True;False;False;5923574.0;4140.0;Établissement public local à caractère industriel ou commercial ;50  à  99;False;1988-03-18;68.20A;2008;5710.0;SAS, société par actions simplifiée;50  à  99;<NA>;<NA>;2008;F;43;43.3;43.33;43.33Z;1972-01-01;;Blois;Loir-et-Cher;Centre-Val de Loire;(46.808466, 1.690985);Châteauroux;Indre;Centre-Val de Loire;;;;;;;;
False;;35.0;True;True;False;attribue;{'StreetName': None, 'AdditionalStreetName': None, 'CityName': 'LOCHES', 'PostalZone': '37600', 'Country': 'FRA'};390184042;True;VERNAT TP;VERNAT TP;2026-09-15;{'StreetName': '90 avenue Charles de Gaulle BP 115', 'AdditionalStreetName': None, 'CityName': 'Châteauroux', 'PostalZone': '36002', 'Country': 'FRA'};344397070;True;OFFICE PUBLIC DE L'HABITAT DE L'INDRE;OPAC 36;2025-06-13;;travaux;['Prix des prestations', 'Valeur technique'];['prix', 'technique'];[40.0, 60.0];1080.0;True;6451000.0;False;{'StreetName': None, 'CityName': 'CHATILLON SUR INDRE', 'PostalZone': '36700', 'NUTS': 'FRB03', 'Country': 'FRA'};;;26-88724;25-65296;1061993.0;1262000.0;LOT-0014;45112500;;14;4;;"Travaux de construction de 36 logements et d'une maison commune à Châtillon-sur-Indre - ""Les Barbarines""";ouverte;;;;False;True;False;False;5923574.0;4140.0;Établissement public local à caractère industriel ou commercial ;50  à  99;False;1988-03-18;68.20A;2008;5710.0;SAS, société par actions simplifiée;100  à  199;False;<NA>;2008;F;43;43.1;43.12;43.12A;1993-01-05;;Neuvic;Corrèze;Nouvelle-Aquitaine;(46.808466, 1.690985);Châteauroux;Indre;Centre-Val de Loire;;;;;;;;
False;;;True;True;False;attribue;{'StreetName': '11B LOTISSEMENT MALIKI PASSAMAINTY', 'AdditionalStreetName': '97600', 'CityName': 'Mamoudzou', 'PostalZone': '97600', 'Country': 'FRA'};804710036;False;SPLIT SERVICES SARL;SPLIT SERVICES;2026-09-15;{'StreetName': '1 Avenue de la préfecture', 'AdditionalStreetName': None, 'CityName': 'Mamoudzou', 'PostalZone': '97600', 'Country': 'FRA'};130027758;True;SECRETARIAT GENERAL COMMUN DEPARTEMENTAL MAYOTTE;Préfecture de Mayotte;;2026-01-01+01:00;services;['Le prix de la prestation', 'Valeur technique', 'Valeur technique'];['prix', 'technique', 'technique'];;1460.0;False;1300000.0;False;{'StreetName': '1 avenue de la préfecture', 'CityName': 'Mamoudzou', 'PostalZone': '97600', 'NUTS': 'FRY50', 'Country': 'FRA'};sans remise en concurrence;;26-88738;25-97303;1660000.0;360000.0;LOT-0001;50531200;1660000.0;7;4;;Accord-cadre à bon de commande pour l’entretien et la maintenance du parc de climatiseurs dans les administrations de l’État sur le territoire de Mayotte;ouverte;2025-004;3.0;;False;False;False;False;1660000.0;7172.0;Service déconcentré de l'État à compétence (inter) départementale ;;False;2021-01-01;84.11Z;2008;5499.0;Société à responsabilité limitée (sans autre indication);;<NA>;<NA>;2008;F;43;43.2;43.22;43.22B;2014-01-01;(-12.8008, 45.206299);Mamoudzou;Mayotte;;(-12.777501, 45.228507);Mamoudzou;Mayotte;;;;;;;;;
False;;;True;True;False;attribue;;;False;;;2026-09-15;{'StreetName': '1 Avenue de la préfecture', 'AdditionalStreetName': None, 'CityName': 'Mamoudzou', 'PostalZone': '97600', 'Country': 'FRA'};130027758;True;SECRETARIAT GENERAL COMMUN DEPARTEMENTAL MAYOTTE;Préfecture de Mayotte;;2026-01-01+01:00;services;['Prix des prestations', 'Valeur technique'];['prix', 'technique'];;1460.0;False;1300000.0;False;{'StreetName': '1 avenue de la Préfecture', 'CityName': 'Mamoudzou', 'PostalZone': '97600', 'NUTS': 'FRY50', 'Country': 'FRA'};sans remise en concurrence;;26-88738;25-97303;;160000.0;LOT-0002;50531200;1660000.0;7;3;;Accord-cadre à bon de commande pour l’entretien et la maintenance du parc de climatiseurs dans les administrations de l’État sur le territoire de Mayotte;ouverte;2025-004;3.0;;False;False;False;False;1660000.0;7172.0;Service déconcentré de l'État à compétence (inter) départementale ;;False;2021-01-01;84.11Z;2008;;;;;;<NA>;;;;;<NA>;<NA>;;;;;(-12.777501, 45.228507);Mamoudzou;Mayotte;;;;;;;;;
False;;;True;True;False;attribue;;;False;;;2026-09-15;{'StreetName': '1 Avenue de la préfecture', 'AdditionalStreetName': None, 'CityName': 'Mamoudzou', 'PostalZone': '97600', 'Country': 'FRA'};130027758;True;SECRETARIAT GENERAL COMMUN DEPARTEMENTAL MAYOTTE;Préfecture de Mayotte;;2026-01-01+01:00;services;['Prix des prestations', 'Valeur technique'];['prix', 'technique'];;365.0;False;1300000.0;False;{'StreetName': '6 rue Foundi Moinécha Mognedaho', 'CityName': 'Mamoudzou', 'PostalZone': '97600', 'NUTS': 'FRY50', 'Country': 'FRA'};sans remise en concurrence;;26-88738;25-97303;;1600000.0;LOT-0003;50531200;1660000.0;7;3;;Accord-cadre à bon de commande pour l’entretien et la maintenance du parc de climatiseurs dans les administrations de l’État sur le territoire de Mayotte;ouverte;2025-004;3.0;;False;False;False;False;1660000.0;7172.0;Service déconcentré de l'État à compétence (inter) départementale ;;False;2021-01-01;84.11Z;2008;;;;;;<NA>;;;;;<NA>;<NA>;;;;;(-12.777501, 45.228507);Mamoudzou;Mayotte;;;;;;;;;
False;;;True;True;False;attribue;;;False;;;2026-09-15;{'StreetName': '1 Avenue de la préfecture', 'AdditionalStreetName': None, 'CityName': 'Mamoudzou', 'PostalZone': '97600', 'Country': 'FRA'};130027758;True;SECRETARIAT GENERAL COMMUN DEPARTEMENTAL MAYOTTE;Préfecture de Mayotte;;2026-01-01+01:00;services;['Prix des prestations', 'Valeur technique'];['prix', 'technique'];;365.0;False;1300000.0;False;"{'StreetName': ""Terre plein de M'tsapéré"", 'CityName': 'Mamoudzou', 'PostalZone': '97600', 'NUTS': 'FRY50', 'Country': 'FRA'}";sans remise en concurrence;;26-88738;25-97303;;360000.0;LOT-0004;50531200;1660000.0;7;2;;Accord-cadre à bon de commande pour l’entretien et la maintenance du parc de climatiseurs dans les administrations de l’État sur le territoire de Mayotte;ouverte;2025-004;3.0;;False;False;False;False;1660000.0;7172.0;Service déconcentré de l'État à compétence (inter) départementale ;;False;2021-01-01;84.11Z;2008;;;;;;<NA>;;;;;<NA>;<NA>;;;;;(-12.777501, 45.228507);Mamoudzou;Mayotte;;;;;;;;;
False;;;True;True;False;attribue;;;False;;;2026-09-15;{'StreetName': '1 Avenue de la préfecture', 'AdditionalStreetName': None, 'CityName': 'Mamoudzou', 'PostalZone': '97600', 'Country': 'FRA'};130027758;True;SECRETARIAT GENERAL COMMUN DEPARTEMENTAL MAYOTTE;Préfecture de Mayotte;;2026-01-01+01:00;services;['Prix des prestations', 'Valeur technique'];['prix', 'technique'];;365.0;False;1300000.0;False;{'StreetName': '15 rue Mariazé', 'CityName': 'Mamoudzou', 'PostalZone': '97600', 'NUTS': 'FRY50', 'Country': 'FRA'};sans remise en concurrence;;26-88738;25-97303;;360000.0;LOT-0005;50531200;1660000.0;7;3;;Accord-cadre à bon de commande pour l’entretien et la maintenance du parc de climatiseurs dans les administrations de l’État sur le territoire de Mayotte;ouverte;2025-004;3.0;;False;False;False;False;1660000.0;7172.0;Service déconcentré de l'État à compétence (inter) départementale ;;False;2021-01-01;84.11Z;2008;;;;;;<NA>;;;;;<NA>;<NA>;;;;;(-12.777501, 45.228507);Mamoudzou;Mayotte;;;;;;;;;
False;;;True;True;False;attribue;;;False;;;2026-09-15;{'StreetName': '1 Avenue de la préfecture', 'AdditionalStreetName': None, 'CityName': 'Mamoudzou', 'PostalZone': '97600', 'Country': 'FRA'};130027758;True;SECRETARIAT GENERAL COMMUN DEPARTEMENTAL MAYOTTE;Préfecture de Mayotte;;2026-01-01+01:00;services;['Prix des prestations', 'Valeur technique'];['prix', 'technique'];;365.0;False;1300000.0;False;{'StreetName': 'BP 676', 'CityName': 'Mamoudzou', 'PostalZone': '97600', 'NUTS': 'FRY50', 'Country': 'FRA'};sans remise en concurrence;;26-88738;25-97303;;160000.0;LOT-0006;50531200;1660000.0;7;3;;Accord-cadre à bon de commande pour l’entretien et la maintenance du parc de climatiseurs dans les administrations de l’État sur le territoire de Mayotte;ouverte;2025-004;3.0;;False;False;False;False;1660000.0;7172.0;Service déconcentré de l'État à compétence (inter) départementale ;;False;2021-01-01;84.11Z;2008;;;;;;<NA>;;;;;<NA>;<NA>;;;;;(-12.777501, 45.228507);Mamoudzou;Mayotte;;;;;;;;;
False;;;True;True;False;attribue;;;False;;;2026-09-15;{'StreetName': '1 Avenue de la préfecture', 'AdditionalStreetName': None, 'CityName': 'Mamoudzou', 'PostalZone': '97600', 'Country': 'FRA'};130027758;True;SECRETARIAT GENERAL COMMUN DEPARTEMENTAL MAYOTTE;Préfecture de Mayotte;;2026-01-01+01:00;services;['Prix des prestations', 'Valeur technique'];['prix', 'technique'];;365.0;False;1300000.0;False;{'StreetName': '2 rue Mariaze, Immeuble Jacaranda', 'CityName': 'Mamoudzou', 'PostalZone': '97600', 'NUTS': 'FRY50', 'Country': 'FRA'};sans remise en concurrence;;26-88738;25-97303;;100000.0;LOT-0007;50531200;1660000.0;7;2;;Accord-cadre à bon de commande pour l’entretien et la maintenance du parc de climatiseurs dans les administrations de l’État sur le territoire de Mayotte;ouverte;2025-004;3.0;;False;False;False;False;1660000.0;7172.0;Service déconcentré de l'État à compétence (inter) départementale ;;False;2021-01-01;84.11Z;2008;;;;;;<NA>;;;;;<NA>;<NA>;;;;;(-12.777501, 45.228507);Mamoudzou;Mayotte;;;;;;;;;
