procedure_acceleree;cpv_supp;publicite;omc;allotissement;modifie;decision;adresse_fournisseur;siren_fournisseur;siren_fournisseur_connu;nom_siren_fournisseur;nom_declare_fournisseur;date_avis_attribution;adresse_acheteur;siren_acheteur;siren_acheteur_connu;nom_siren_acheteur;nom_declare_acheteur;date_avis_marche;debut_contrat;type_contrat;intitule_critere;type_critere;poids_critere;duree;clause_environnementale;valeur_totale_estimee;financement_ue;lieu_execution;type_accord_cadre;nom_fonds_ue;id_boamp_attribution;id_boamp_contrat;prix_attribution_lot;valeur_estimee_lot;id_lot;cpv;valeur_max_totale_accord_cadre;nombre_lots;nombre_offres;nombre_offres_pme;objet;procedure;id_projet;renouvellement;marche_reserve;favorable_pme;clause_sociale;strategique_environnemental;strategique_social;valeur_totale;code_statut_juridique_acheteur;nom_statut_juridique_acheteur;effectif_acheteur;acheteur_ess;date_creation_acheteur;code_activite_principale_acheteur;version_activite_acheteur;code_statut_juridique_fournisseur;nom_statut_juridique_fournisseur;effectif_fournisseur;fournisseur_ess;fournisseur_mission;version_activite_fournisseur;niveau_activite1_fournisseur;niveau_activite2_fournisseur;niveau_activite3_fournisseur;niveau_activite4_fournisseur;niveau_activite5_fournisseur;date_creation_fournisseur;gps_fournisseur;nom_commune_fournisseur;departement_fournisseur;region_fournisseur;gps_acheteur;nom_commune_acheteur;departement_acheteur;region_acheteur;epci_fournisseur;nom_epci_fournisseur;nature_epci_fournisseur;epci_acheteur;nom_epci_acheteur;nature_epci_acheteur;code_commune_fournisseur;code_commune_acheteur
False;;;False;False;False;attribue;{'StreetName': '229 rue Saint Honoré', 'AdditionalStreetName': None, 'CityName': 'Paris', 'PostalZone': '75001', 'Country': 'FRA'};837913011;True;YELDA;YELDA;2026-09-30;{'StreetName': '15 rue des minimes', 'AdditionalStreetName': None, 'CityName': 'Courbevoie', 'PostalZone': '92400', 'Country': 'FRA'};180080012;True;INST NAT DE LA PROPRIETE INDUSTRIELLE;Institut National de la Propriété Industrielle;;2026-09-24+02:00;services;"['Sous-critère 1 : Moyen mis en œuvre par le candidat pour exécuter la prestation, sur 15 points ; Sous-critère 2: Caractéristiques techniques de la solution proposée – performances de l’outil, sur 45 points', 'Montant de l’offre (40 points) qui sera évalué à partir des prix forfaitaires et unitaires.']";['technique', 'prix'];[60.0, 40.0];360.0;False;785000.0;False;{'StreetName': '15 rue des minimes', 'CityName': 'Courbevoie', 'PostalZone': '92400', 'NUTS': 'FR105', 'Country': 'FRA'};;;26-93424;;785000.0;785000.0;LOT-0001;72000000;;1;20;;MIse en place d’un outil conversationnel (chatbot).;ouverte;INPI-1847;3.0;;;False;False;False;785000.0;7382;Établissement public national ayant fonction d'administration centrale ;500  à  999;False;1983-03-01;84.13Z;2008;5710.0;SAS, société par actions simplifiée;3  à  5;False;<NA>;2008;J;58;58.2;58.29;58.29A;2018-03-01;(48.866075, 2.329477);Paris;Paris;Île-de-France;(48.904699, 2.262484);Courbevoie;Hauts-de-Seine;Île-de-France;;;;;;;;
False;['79540000'];;True;True;False;attribue;;;False;;;2026-09-30;{'StreetName': '78/84 rue Olivier de Serres', 'AdditionalStreetName': None, 'CityName': 'Paris', 'PostalZone': '75015', 'Country': 'FRA'};110002011;True;SERVICES DE L'ETAT POUR LA FACTURATION ELECTRONIQUE;Ministères Sociaux;;;services;"['Prix', 'Sous-critère 1: Moyens humains mobilisables dans le cadre du marché ; Sous-critère 2: Organisation de la gestion des commandes en présentiel ou à distance;  Sous-critère 3: Méthodologie employée pour assurer les prestations demandées', 'Sous-critère 3.1: dispositions environnementales Sous-critère 3.2: Dispositions sociales']";['prix', 'social', 'environnemental & social'];[35.0, 55.0, 10.0];720.0;True;1438000.0;False;{'StreetName': 'Ce lot sera exécuté en France.', 'CityName': 'Paris', 'PostalZone': '75007', 'NUTS': 'FR101', 'Country': 'FRA'};sans remise en concurrence;;26-93819;;;500000.0;LOT-0001;79530000;3100000.0;3;6;;Prestations d'interprétariat en langue des signes française, en présentiel ou à distance, de traduction d'une captation vidéo en LSF et de prestations de traduction écrite simultanée de la parole.;ouverte;PRA040118;;;;True;False;False;;7120;Service central d'un ministère ;50  à  99;False;1981-06-23;84.11Z;2008;;;;;;<NA>;;;;;<NA>;<NA>;;;;;(48.83269, 2.293837);Paris;Paris;Île-de-France;;;;;;;;
False;['79540000'];;True;True;False;attribue;"{'StreetName': ""51 Rue d'Hauteville"", 'AdditionalStreetName': None, 'CityName': 'Paris', 'PostalZone': '75010', 'Country': 'FRA'}";899661474;True;I LSF;I LSF;2026-09-30;{'StreetName': '78/84 rue Olivier de Serres', 'AdditionalStreetName': None, 'CityName': 'Paris', 'PostalZone': '75015', 'Country': 'FRA'};110002011;True;SERVICES DE L'ETAT POUR LA FACTURATION ELECTRONIQUE;Ministères Sociaux;;;services;['Prix', 'Sous-critère 1: Moyens humains mobilisables dans le cadre du marché   Sous-critère 2: Organisation de la gestion des commandes   Sous-critère 3: Méthodologie employée pour assurer les prestations demandées', 'Sous-critère 1: Dispositions environnementales Sous-critère 2: Dispositions sociales'];['prix', 'social', 'environnemental & social'];[40.0, 50.0, 10.0];720.0;True;1438000.0;False;"{'StreetName': ""Ce marché s'exécutera en France métropolitaine."", 'CityName': 'Paris', 'PostalZone': '75007', 'NUTS': 'FR101', 'Country': 'FRA'}";sans remise en concurrence;;26-93819;;;43000.0;LOT-0002;79530000;3100000.0;3;2;;Prestations d'interprétariat en langue des signes française, en présentiel ou à distance, de traduction d'une captation vidéo en LSF et de prestations de traduction écrite simultanée de la parole.;ouverte;PRA040118;;;;True;False;False;;7120;Service central d'un ministère ;50  à  99;False;1981-06-23;84.11Z;2008;5499.0;Société à responsabilité limitée (sans autre indication);;False;<NA>;2008;M;74;74.3;74.3;74.30Z;2021-05-21;(48.87447, 2.35061);Paris;Paris;Île-de-France;(48.83269, 2.293837);Paris;Paris;Île-de-France;;;;;;;;
False;['79540000'];;True;True;False;attribue;;;False;;;2026-09-30;{'StreetName': '78/84 rue Olivier de Serres', 'AdditionalStreetName': None, 'CityName': 'Paris', 'PostalZone': '75015', 'Country': 'FRA'};110002011;True;SERVICES DE L'ETAT POUR LA FACTURATION ELECTRONIQUE;Ministères Sociaux;;;services;['Prix', 'Sous-critère 1: Moyens humains mobilisables dans le cadre du marché  Sous-critère 2: Organisation de la gestion des commandes  Sous-critère 3: Méthodologie employée pour assurer les prestations demandées', 'Sous-critère 1: Dispositions environnementales  Sous-critère 2: Dispositions sociales'];['prix', 'social', 'environnemental & social'];[40.0, 50.0, 10.0];720.0;True;1438000.0;False;"{'StreetName': ""Ce marché s'exécutera en France."", 'CityName': 'Paris', 'PostalZone': '75007', 'NUTS': 'FR101', 'Country': 'FRA'}";sans remise en concurrence;;26-93819;;;895000.0;LOT-0003;79530000;3100000.0;3;5;;Prestations d'interprétariat en langue des signes française, en présentiel ou à distance, de traduction d'une captation vidéo en LSF et de prestations de traduction écrite simultanée de la parole.;ouverte;PRA040118;;;;True;False;False;;7120;Service central d'un ministère ;50  à  99;False;1981-06-23;84.11Z;2008;;;;;;<NA>;;;;;<NA>;<NA>;;;;;(48.83269, 2.293837);Paris;Paris;Île-de-France;;;;;;;;
False;;;True;True;False;attribue;{'StreetName': '61 rue de Solesmes', 'AdditionalStreetName': None, 'CityName': 'Cambrai', 'PostalZone': '59400', 'Country': 'FRA'};384507778;True;INCENDIE PROTECTION SECURITE;INCENDIE PROTECTION SECURITE  (IPS);2026-09-30;{'StreetName': '59 Boulevard Vincent Auriol', 'AdditionalStreetName': None, 'CityName': 'Paris Cedex 13', 'PostalZone': '75703', 'Country': 'FRA'};130022205;True;DIRECTION DES ACHATS DE L'ETAT;Direction des Achats de l'Etat (DAE);;;services;['1 – Critère prix : 45 points \nPrix forfaitaire de la maintenance des sites, évalué sur la base du montant total de maintenance pour l’ensemble des sites identifiés dans le BPU forfait. Un scénario de commande fictif sera utilisé\npour classer les offres. Il tiendra compte d’hypothèses concernant la prise en compte de nouveaux sites à travers des prix moyens pondérés avec les prix pratiqués aux bordereaux de prix unitaires dans le respect du périmètre de l’accord-cadre. Prix des pièces, appréciée sur la base d’une simulation de commande (non\ncommuniquée aux candidats) appliquée au BPU « Pièces » applicable au lot concerné. Un scénario de commande fictif sera utilisé pour départager les offres.'];['prix'];[100];720.0;True;9000000.0;False;{'StreetName': None, 'CityName': None, 'PostalZone': None, 'NUTS': 'FR101', 'Country': 'FRA'};sans remise en concurrence;;26-93517;;703116.2;3000000.0;LOT-0001;50413200;30000000.0;3;3;;Exécution de prestations de maintenance pour les équipements de lutte contre l'incendie;ouverte;DAE_AC_EA ELI_IDF_2026;2.0;;;True;False;False;;7120;Service central d'un ministère ;100  à  199;False;2016-03-03;84.11Z;2008;5710.0;SAS, société par actions simplifiée;20  à  49;False;<NA>;2008;C;33;33.2;33.2;33.20B;1992-01-15;(50.17872, 3.24919);Cambrai;Nord;Hauts-de-France;(48.835114, 2.369261);Paris;Paris;Île-de-France;;;;;;;;
False;;;True;True;False;attribue;{'StreetName': '61 rue de Solesmes', 'AdditionalStreetName': None, 'CityName': 'Cambrai', 'PostalZone': '59400', 'Country': 'FRA'};384507778;True;INCENDIE PROTECTION SECURITE;INCENDIE PROTECTION SECURITE  (IPS);2026-09-30;{'StreetName': '59 Boulevard Vincent Auriol', 'AdditionalStreetName': None, 'CityName': 'Paris Cedex 13', 'PostalZone': '75703', 'Country': 'FRA'};130022205;True;DIRECTION DES ACHATS DE L'ETAT;Direction des Achats de l'Etat (DAE);;;services;['1 – Critère prix : 45 points'];['prix'];[100];720.0;True;9000000.0;False;{'StreetName': None, 'CityName': None, 'PostalZone': None, 'NUTS': 'FR101', 'Country': 'FRA'};sans remise en concurrence;;26-93517;;1091989.48;3000000.0;LOT-0003;50413200;30000000.0;3;4;;Exécution de prestations de maintenance pour les équipements de lutte contre l'incendie;ouverte;DAE_AC_EA ELI_IDF_2026;2.0;;;True;False;False;;7120;Service central d'un ministère ;100  à  199;False;2016-03-03;84.11Z;2008;5710.0;SAS, société par actions simplifiée;20  à  49;False;<NA>;2008;C;33;33.2;33.2;33.20B;1992-01-15;(50.17872, 3.24919);Cambrai;Nord;Hauts-de-France;(48.835114, 2.369261);Paris;Paris;Île-de-France;;;;;;;;
False;;;True;True;False;attribue;{'StreetName': '12 rue Albert Rémy', 'AdditionalStreetName': None, 'CityName': 'Senonches', 'PostalZone': '28250', 'Country': 'FRA'};353271067;True;EUROFEU SERVICES;EUROFEU SERVICES;2026-09-30;{'StreetName': '59 Boulevard Vincent Auriol', 'AdditionalStreetName': None, 'CityName': 'Paris Cedex 13', 'PostalZone': '75703', 'Country': 'FRA'};130022205;True;DIRECTION DES ACHATS DE L'ETAT;Direction des Achats de l'Etat (DAE);;;services;['Critère prix : 45 points'];['prix'];[100];720.0;True;9000000.0;False;{'StreetName': None, 'CityName': None, 'PostalZone': None, 'NUTS': 'FR101', 'Country': 'FRA'};sans remise en concurrence;;26-93517;;1013197.64;3000000.0;LOT-0002;50413100;30000000.0;3;4;;Exécution de prestations de maintenance pour les équipements de lutte contre l'incendie;ouverte;DAE_AC_EA ELI_IDF_2026;2.0;;;True;False;False;;7120;Service central d'un ministère ;100  à  199;False;2016-03-03;84.11Z;2008;5710.0;SAS, société par actions simplifiée;1 000  à  1 999;False;<NA>;2008;G;46;46.6;46.69;46.69B;1990-01-02;(48.55595, 1.031137);Senonches;Eure-et-Loir;Centre-Val de Loire;(48.835114, 2.369261);Paris;Paris;Île-de-France;;;;;;;;
False;;;True;False;False;attribue;{'StreetName': '236 rue des Mesniers', 'AdditionalStreetName': None, 'CityName': 'ST YRIEIX SUR CHARENTE', 'PostalZone': '16710', 'Country': 'FRA'};412395709;True;EUROVIA POITOU CHARENTES LIMOUSIN;EUROVIA PCL Agence Angouleme;2026-09-30;"{'StreetName': ""121 rue d'Alésia"", 'AdditionalStreetName': None, 'CityName': 'Paris', 'PostalZone': '75685', 'Country': 'FRA'}";180092264;True;INSTITUT NATIONAL DE RECHERCHES ARCHEOLOGIQUES PREVENTIVES;INST NAL RECHERCHES ARCHEOLOGIQUES PRE;;;travaux;['Critère prix  à hauteur de 60% de la note finale\nCritère qualité technique à hauteur de 40% de la note finale'];['qualite'];[60.0, 40.0];1440.0;False;;False;{'StreetName': None, 'CityName': None, 'PostalZone': None, 'NUTS': 'FRI32', 'Country': 'FRA'};sans remise en concurrence;;26-93756;;;;LOT-0001;45112500;2500000.0;1;7;;Travaux de terrassement de nature archéologique pour les départements de la Charente (16) et de la Charente-Maritime (17);ouverte;;;;;False;False;False;;7389;Établissement public national à caractère administratif ;2 000  à  4 999;False;2002-01-16;72.20Z;2008;5710.0;SAS, société par actions simplifiée;500  à  999;False;<NA>;2008;F;42;42.1;42.11;42.11Z;1997-05-30;(45.679128, 0.143738);Saint-Yrieix-sur-Charente;Charente;Nouvelle-Aquitaine;(48.828996, 2.323185);Paris;Paris;Île-de-France;;;;;;;;
False;;;True;False;False;attribue;{'StreetName': '289 rue garibaldi', 'AdditionalStreetName': None, 'CityName': 'Lyon', 'PostalZone': '69007', 'Country': 'FRA'};442957544;True;ACTI;SAS ACTI;2026-09-30;{'StreetName': None, 'AdditionalStreetName': None, 'CityName': 'Cergy', 'PostalZone': '95011', 'Country': 'FRA'};130025976;True;CY CERGY PARIS UNIVERSITE;CY CERGY PARIS UNIVERSITE;;;services;['Critère n°1 : Valeur technique appréciée au regard du mémoire technique\nSous-critère 1.1 : Compréhension des enjeux\nSous-critère 1.2 : Qualité de la stratégie, des leviers proposés et de la démarche d’optimisation continue\nSous-critère 1.3 : Qualité de la méthodologie de pilotage et de mise en oeuvre des campagnes\nSous-critère 1.4 : Qualité des livrables et du reporting', 'Critère n°2 : Prix du BPU au regard du devis caché', 'Critère n°3 : Qualité de mesures mise en place dans l’exécution des prestations objet de la consultation visant la sobriété numérique (démarche d’éco-conception des contenus, limitation des formats énergivores, optimisation des landing pages)', 'Critère n°4 : Qualité des engagements en faveur de l’insertion professionnelle dans l’exécution des prestations objet de la consultation en intégrant des personnes éloignées de l’emploi (demandeurs d’emploi de longue durée, bénéficiaires du RSA, jeunes sans qualification, travailleurs handicapés)'];['qualite', 'prix', 'qualite', 'social'];[40.0, 50.0, 5.0, 5.0];1460.0;True;450000.0;False;{'StreetName': None, 'CityName': 'Cergy', 'PostalZone': '95011', 'NUTS': 'FR108', 'Country': 'FRA'};sans remise en concurrence;;26-93770;;450000.0;450000.0;LOT-0001;79340000;900000.0;1;6;;MISE EN PLACE, OPTIMISATION ET ACCOMPAGNEMENT DES CAMPAGNES DE REFERENCEMENT PAYANT POUR CY CERGY PARIS UNIVERSITE;ouverte;2026CYCPU0S16;3.0;;;True;False;False;450000.0;7383;Établissement public national à caractère scientifique culturel et professionnel ;2 000  à  4 999;False;2019-11-01;85.42Z;2008;5710.0;SAS, société par actions simplifiée;10  à  19;False;<NA>;2008;M;71;71.1;71.12;71.12B;2002-07-17;(45.750688, 4.854025);Lyon;Rhône;Auvergne-Rhône-Alpes;;Cergy;Val-d'Oise;Île-de-France;;;;;;;;
False;;-1.0;True;True;False;attribue;"{'StreetName': ""73 rue de l'Evangile "", 'AdditionalStreetName': ""73 rue de l'Evangile"", 'CityName': 'Paris', 'PostalZone': '75018', 'Country': 'FRA'}";494141419;True;ECOD'AIR EA;ECOD'AIR EA;2026-09-30;{'StreetName': '13, place Vendôme', 'AdditionalStreetName': None, 'CityName': 'Paris', 'PostalZone': '75042', 'Country': 'FRA'};110010014;True;MINISTERE DE LA JUSTICE;Ministère de la Justice;2025-05-23;;fournitures;"[""Critère technique (45 points) - L'appréciation de ce critère se fait au regard des sous-critères suivants : - Performance des matériels informatiques (20 points) - Performance de la sécurité informatique (15 points) - Qualité de service (10 points)"", 'Critère financier (25 points) - Les offres financières seront évaluées sur la base du détail quantitatif estimatif (D.Q.E) fourni par chaque candidat.', ""Critère relatif à l'économie circulaire (30 points) - L'appréciation de ce critère se fait au regard des sous-critères suivants : - Emissions de gaz à effet de serre du transport des matériels informatiques (15 points) - Taux de réemploi ou de réutilisation (5 points) - Organisation environnementale (10 points)""]";['qualite', 'prix', 'environnemental'];[45.0, 25.0, 30.0];1460.0;False;63835000.0;True;{'StreetName': None, 'CityName': None, 'PostalZone': None, 'NUTS': 'FR101', 'Country': 'FRA'};sans remise en concurrence;;26-93500;25-57499;27720000.0;9240000.0;LOT-0001;30230000;36735000.0;4;5;;Acquisition de matériels informatiques issus du réemploi ou de la réutilisation et l'exécution de prestations associées et annexes pour les services de l'Etat;ouverte;25_MATERR;;;True;False;False;False;36735000.0;7113;Ministère ;2 000  à  4 999;False;1981-06-23;84.23Z;2008;5710.0;SAS, société par actions simplifiée;50  à  99;False;<NA>;2008;G;46;46.5;46.51;46.51Z;2007-02-01;(48.895599, 2.370466);Paris;Paris;Île-de-France;(48.86779, 2.328745);Paris;Paris;Île-de-France;;;;;;;;
False;['72500000'];-1.0;True;True;False;non attribue;"{'StreetName': ""73 rue de l'Evangile "", 'AdditionalStreetName': ""73 rue de l'Evangile"", 'CityName': 'Paris', 'PostalZone': '75018', 'Country': 'FRA'}";494141419;True;ECOD'AIR EA;ECOD'AIR EA;2026-09-30;{'StreetName': '13, place Vendôme', 'AdditionalStreetName': None, 'CityName': 'Paris', 'PostalZone': '75042', 'Country': 'FRA'};110010014;True;MINISTERE DE LA JUSTICE;Ministère de la Justice;2025-05-23;;fournitures;"[""Critère technique (45 points) - L'appréciation de ce critère se fait au regard des sous-critères suivants : - Performance des matériels informatiques (20 points) - Performance de la sécurité informatique (15 points) - Qualité de service (10 points)"", ""Critère social (10 points) - L'appréciation de ce critère se fait au regard des sous-critères ci-dessous : - Formations certifiantes (5 points) - Accompagnement des salariés en insertion (3 points) - Formations non-certifiantes (2 points)"", 'Critère financier (25 points) - Les offres financières seront évaluées sur la base du détail quantitatif estimatif (D.Q.E) fourni par chaque candidat.', ""Critère relatif à l'économie circulaire (20 points) - L'appréciation de ce critère se fait au regard des sous-critères ci-dessous : - Emissions de gaz à effet de serre du transport des matériels informatiques (10 points) - Taux de réemploi ou de réutilisation (3 points) - Organisation environnementale (7 points)""]";['qualite', 'social', 'prix', 'environnemental'];[45.0, 10.0, 25.0, 20.0];1460.0;False;63835000.0;True;{'StreetName': None, 'CityName': None, 'PostalZone': None, 'NUTS': 'FR101', 'Country': 'FRA'};sans remise en concurrence;;26-93500;25-57499;;9026000.0;LOT-0002;30214000;36735000.0;4;5;;Acquisition de matériels informatiques issus du réemploi ou de la réutilisation et l'exécution de prestations associées et annexes pour les services de l'Etat;ouverte;25_MATERR;;;True;False;False;False;36735000.0;7113;Ministère ;2 000  à  4 999;False;1981-06-23;84.23Z;2008;5710.0;SAS, société par actions simplifiée;50  à  99;False;<NA>;2008;G;46;46.5;46.51;46.51Z;2007-02-01;(48.895599, 2.370466);Paris;Paris;Île-de-France;(48.86779, 2.328745);Paris;Paris;Île-de-France;;;;;;;;
False;;-1.0;True;True;False;attribue;"{'StreetName': ""2 boulevard de l'Industrie"", 'AdditionalStreetName': ""2 boulevard de l'Industrie"", 'CityName': 'Vernouillet', 'PostalZone': '28500', 'Country': 'FRA'}";753778521;True;PRINTERREA;PRINTERREA;2026-09-30;{'StreetName': '13, place Vendôme', 'AdditionalStreetName': None, 'CityName': 'Paris', 'PostalZone': '75042', 'Country': 'FRA'};110010014;True;MINISTERE DE LA JUSTICE;Ministère de la Justice;2025-05-23;;fournitures;"[""Critère technique (45 points) - L'appréciation de ce critère se fait au regard des sous-critères suivants : -Performance des matériels informatiques (20 points) -Performance de la sécurité informatique (15 points) - Qualité de service (10 points)"", 'Critère financier (25 points) : Les offres financières seront évaluées sur la base du détail quantitatif estimatif (D.Q.E) fourni par chaque candidat.', ""Critère relatif à l'économie circulaire (30 points) - L'appréciation de ce critère se fait au regard des sous-critères ci-dessous : - Emissions de gaz à effet de serre du transport des matériels informatiques (15 points) - Taux de réemploi ou de réutilisation (5 points) - Organisation environnementale (10 points)""]";['qualite', 'prix', 'environnemental'];[45.0, 25.0, 30.0];1460.0;False;63835000.0;True;{'StreetName': None, 'CityName': None, 'PostalZone': None, 'NUTS': 'FR101', 'Country': 'FRA'};sans remise en concurrence;;26-93500;25-57499;6015000.0;2005000.0;LOT-0003;30214000;36735000.0;4;5;;Acquisition de matériels informatiques issus du réemploi ou de la réutilisation et l'exécution de prestations associées et annexes pour les services de l'Etat;ouverte;25_MATERR;;;True;False;False;False;36735000.0;7113;Ministère ;2 000  à  4 999;False;1981-06-23;84.23Z;2008;5499.0;Société à responsabilité limitée (sans autre indication);100  à  199;False;<NA>;2008;N;82;82.9;82.92;82.92Z;2012-09-10;(48.71024, 1.363084);Vernouillet;Eure-et-Loir;Centre-Val de Loire;(48.86779, 2.328745);Paris;Paris;Île-de-France;;;;;;;;
False;['72500000'];-1.0;True;True;False;attribue;"{'StreetName': ""2 boulevard de l'Industrie"", 'AdditionalStreetName': ""2 boulevard de l'Industrie"", 'CityName': 'Vernouillet', 'PostalZone': '28500', 'Country': 'FRA'}";753778521;True;PRINTERREA;PRINTERREA;2026-09-30;{'StreetName': '13, place Vendôme', 'AdditionalStreetName': None, 'CityName': 'Paris', 'PostalZone': '75042', 'Country': 'FRA'};110010014;True;MINISTERE DE LA JUSTICE;Ministère de la Justice;2025-05-23;;fournitures;"[""Critère technique (30 points) - L'appréciation de ce critère se fait au regard des sous-critères suivants : -Performance de la sécurité informatique (20 points) - Qualité de service (10 points)"", 'Critère financier (40 points) - Les offres financières seront évaluées sur la base du détail quantitatif estimatif (D.Q.E) fourni par chaque candidat.', ""Critère relatif à l'économie circulaire (30 points) - L'appréciation de ce critère se fait au regard des sous-critères ci-dessous : - Emissions de gaz à effet de serre du transport des matériels informatiques (15 points) - Taux de réemploi ou de réutilisation (5 points) - Organisation environnementale (10 points)""]";['qualite', 'prix', 'environnemental'];[30.0, 40.0, 30.0];1460.0;False;63835000.0;True;{'StreetName': None, 'CityName': None, 'PostalZone': None, 'NUTS': 'FR101', 'Country': 'FRA'};sans remise en concurrence;;26-93500;25-57499;3000000.0;1000000.0;LOT-0004;30214000;36735000.0;4;5;;Acquisition de matériels informatiques issus du réemploi ou de la réutilisation et l'exécution de prestations associées et annexes pour les services de l'Etat;ouverte;25_MATERR;;;True;False;False;False;36735000.0;7113;Ministère ;2 000  à  4 999;False;1981-06-23;84.23Z;2008;5499.0;Société à responsabilité limitée (sans autre indication);100  à  199;False;<NA>;2008;N;82;82.9;82.92;82.92Z;2012-09-10;(48.71024, 1.363084);Vernouillet;Eure-et-Loir;Centre-Val de Loire;(48.86779, 2.328745);Paris;Paris;Île-de-France;;;;;;;;
False;;;True;True;False;attribue;{'StreetName': '3 rue Georges Mélies', 'AdditionalStreetName': None, 'CityName': 'Cormeilles en Parisis', 'PostalZone': '95240', 'Country': 'FRA'};498469774;True;IVS FRANCE;IVS FRANCE;2026-09-30;{'StreetName': 'Assemblée nationale', 'AdditionalStreetName': 'DACP', 'CityName': 'Paris', 'PostalZone': '75007', 'Country': 'FRA'};110000015;True;ASSEMBLEE NATIONALE;ASSEMBLEE NATIONALE;;;services;"[""Valeur technique (coefficient 30), qualité de l'offre (coefficient 20) et performance environnementale et sociale (coefficient 10)."", 'Prix (coefficient 40).']";['environnemental & social', 'prix'];[30.0, 20.0, 10.0, 40.0];360.0;True;117000.0;False;"{'StreetName': ""126, rue de l'Université"", 'CityName': 'Paris', 'PostalZone': '75007', 'NUTS': 'FR101', 'Country': 'FRA'}";sans remise en concurrence;;26-93752;25-50469;;62000.0;LOT-0001;51542200;205000.0;2;7;;MISE À DISPOSITION, MAINTENANCE ET APPROVISIONNEMENT DE DISTRIBUTEURS DE BOISSONS CHAUDES, DE BOISSONS FRAÎCHES ET D’EN-CAS;ouverte;25F088;4.0;;False;True;False;False;;7111;Autorité constitutionnelle ;2 000  à  4 999;<NA>;1959-01-08;84.11Z;2008;5710.0;SAS, société par actions simplifiée;250  à  499;False;<NA>;2008;G;47;47.9;47.99;47.99B;2007-04-26;(48.95228, 2.199873);Cormeilles-en-Parisis;Val-d'Oise;Île-de-France;(47.748867, -3.36299);Lorient;Morbihan;Bretagne;;;;;;;;
False;;;True;True;False;attribue;{'StreetName': '3 rue Georges Mélies', 'AdditionalStreetName': None, 'CityName': 'Cormeilles en Parisis', 'PostalZone': '95240', 'Country': 'FRA'};498469774;True;IVS FRANCE;IVS FRANCE;2026-09-30;{'StreetName': 'Assemblée nationale', 'AdditionalStreetName': 'DACP', 'CityName': 'Paris', 'PostalZone': '75007', 'Country': 'FRA'};110000015;True;ASSEMBLEE NATIONALE;ASSEMBLEE NATIONALE;;;services;"[""Valeur technique (coefficient 25), qualité de l'offre (coefficient 25) et performance environnementale et sociale (coefficient 10)."", 'Prix (coefficient 40).']";['environnemental & social', 'prix'];[25.0, 25.0, 10.0, 40.0];360.0;True;117000.0;False;"{'StreetName': ""126 rue de l'Université"", 'CityName': 'Paris', 'PostalZone': '75181', 'NUTS': 'FR101', 'Country': 'FRA'}";sans remise en concurrence;;26-93752;25-50469;;55000.0;LOT-0002;51542200;205000.0;2;7;;MISE À DISPOSITION, MAINTENANCE ET APPROVISIONNEMENT DE DISTRIBUTEURS DE BOISSONS CHAUDES, DE BOISSONS FRAÎCHES ET D’EN-CAS;ouverte;25F088;4.0;;False;True;False;False;;7111;Autorité constitutionnelle ;2 000  à  4 999;<NA>;1959-01-08;84.11Z;2008;5710.0;SAS, société par actions simplifiée;250  à  499;False;<NA>;2008;G;47;47.9;47.99;47.99B;2007-04-26;(48.95228, 2.199873);Cormeilles-en-Parisis;Val-d'Oise;Île-de-France;(47.748867, -3.36299);Lorient;Morbihan;Bretagne;;;;;;;;
False;;;False;False;False;attribue;{'StreetName': '137 rue d’Aguesseau', 'AdditionalStreetName': None, 'CityName': 'Boulogne-Billancourt', 'PostalZone': '92100', 'Country': 'FRA'};790173066;True;CEGEDIM.CLOUD;CEGEDIM.CLOUD;2026-09-30;{'StreetName': '15 rue des minimes', 'AdditionalStreetName': None, 'CityName': 'Courbevoie', 'PostalZone': '92400', 'Country': 'FRA'};180080012;True;INST NAT DE LA PROPRIETE INDUSTRIELLE;INPI.;;;services;['60 points', 'Valeur technique (35 points), qui sera évaluée à partir des moyens mis en œuvre pour la réalisation de l’hébergement et le support associé (35 points), dont : • méthodologie d’installation et de configuration de la suite privative (10 points),  • moyens humains, matériels, logiciels et organisationnels dédiés à la réalisation des prestations (25 points)', 'Moyens mis en œuvre par le prestataire dans le cadre de l’exécution des prestations pour assurer la protection de l’environnement (5 points) (notamment : normes suivies, certifications obtenues, labels et bonnes pratiques appliquées, techniques d’écoconception, d’écoconstruction, techniques de rafraichissement des locaux, des machines, techniques d’alimentation électrique...)'];['prix', 'social', 'environnemental'];[60.0, 35.0, 5.0];1460.0;True;;False;{'StreetName': None, 'CityName': None, 'PostalZone': None, 'NUTS': 'FR103', 'Country': 'FRA'};;;26-93769;;742497.0;;LOT-0001;72514000;;1;3;;Prestations de suite privative informatique 2 (hébergement du second DataCenter de production de l’INPI);ouverte;INPI-1854;2.0;;;False;False;False;742497.0;7382;Établissement public national ayant fonction d'administration centrale ;500  à  999;False;1983-03-01;84.13Z;2008;5710.0;SAS, société par actions simplifiée;100  à  199;False;<NA>;2008;J;63;63.1;63.11;63.11Z;2012-12-10;(48.83752, 2.237972);Boulogne-Billancourt;Hauts-de-Seine;Île-de-France;(48.904699, 2.262484);Courbevoie;Hauts-de-Seine;Île-de-France;;;;;;;;
False;;;False;True;False;attribue;{'StreetName': '395 rue courtois', 'AdditionalStreetName': None, 'CityName': 'Lille', 'PostalZone': '59000', 'Country': 'FRA'};326685252;True;AIRFLUX;AIRFLUX;2026-09-30;{'StreetName': '42 rue Paul Duez', 'AdditionalStreetName': None, 'CityName': 'Lille', 'PostalZone': '59000', 'Country': 'FRA'};130029754;True;UNIVERSITE DE LILLE;UNIVERSITE DE LILLE;;;services;['Voir dossier de consultation des entreprises', 'Voir dossier de consultation des entreprises'];['prix', 'qualite'];;365.0;True;;False;"{'StreetName': None, 'CityName': ""Villeneuve d'Ascq"", 'PostalZone': None, 'NUTS': 'FRE11', 'Country': 'FRA'}";sans remise en concurrence;;26-93796;;78982.17;;LOT-0001;50510000;1000000.0;2;2;;Le présent Marché a pour objet la maintenance préventive et corrective des installations de production d’air comprimé et équipements associés.;ouverte;2026ACM004;3.0;;;False;False;False;;7383;Établissement public national à caractère scientifique culturel et professionnel ;5 000  à  9 999;False;2021-09-22;85.42Z;2008;5710.0;SAS, société par actions simplifiée;200  à  249;False;<NA>;2008;G;46;46.6;46.69;46.69B;1983-02-01;(50.614706, 3.03988);Lille;Nord;Hauts-de-France;(50.631794, 3.075261);Lille;Nord;Hauts-de-France;;;;;;;;
False;;;False;True;False;attribue;{'StreetName': '395 rue courtois', 'AdditionalStreetName': None, 'CityName': 'Lille', 'PostalZone': '59000', 'Country': 'FRA'};326685252;True;AIRFLUX;AIRFLUX;2026-09-30;{'StreetName': '42 rue Paul Duez', 'AdditionalStreetName': None, 'CityName': 'Lille', 'PostalZone': '59000', 'Country': 'FRA'};130029754;True;UNIVERSITE DE LILLE;UNIVERSITE DE LILLE;;;services;['Voir dossier de consultation des entreprises', 'Voir dossier de consultation des entreprises'];['prix', 'qualite'];;365.0;True;;False;{'StreetName': None, 'CityName': 'Lille', 'PostalZone': None, 'NUTS': 'FRE11', 'Country': 'FRA'};sans remise en concurrence;;26-93796;;94370.37;;LOT-0002;50510000;1000000.0;2;2;;Le présent Marché a pour objet la maintenance préventive et corrective des installations de production d’air comprimé et équipements associés.;ouverte;2026ACM004;3.0;;;False;False;False;;7383;Établissement public national à caractère scientifique culturel et professionnel ;5 000  à  9 999;False;2021-09-22;85.42Z;2008;5710.0;SAS, société par actions simplifiée;200  à  249;False;<NA>;2008;G;46;46.6;46.69;46.69B;1983-02-01;(50.614706, 3.03988);Lille;Nord;Hauts-de-France;(50.631794, 3.075261);Lille;Nord;Hauts-de-France;;;;;;;;
False;;;True;False;False;attribue;{'StreetName': 'ZA de la Briqueterie', 'AdditionalStreetName': None, 'CityName': 'SAINT JACQUES SUR DARNETAL', 'PostalZone': '76160', 'Country': 'FRA'};383711678;True;SCHINDLER;SA SCHINDLER;2026-09-30;{'StreetName': 'Parc Eurasanté 20 Avenue Pierre Mauroy CS 40121', 'AdditionalStreetName': None, 'CityName': 'LOOS CEDEX', 'PostalZone': '59373', 'Country': 'FRA'};428822852;True;ETABLISSEMENT FRANCAIS DU SANG;ETABLISSEMENT FRANCAIS DU SANG HAUTS-DE-FRANCE - NORMANDIE;;;travaux;['Prix'];['prix'];[100];360.0;True;200000.0;False;{'StreetName': None, 'CityName': None, 'PostalZone': None, 'NUTS': None, 'Country': 'FRA'};;;26-93853;;177000.0;200000.0;LOT-0001;45313000;;1;1;;REMPLACEMENT DE L’ASCENSEUR DU SITE DE BOIS GUILLAUME POUR L’EFS HAUTS DE FRANCE NORMANDIE;negociee;2026EFS_HFNO399;;;;False;False;False;177000.0;7389;Établissement public national à caractère administratif ;5 000  à  9 999;False;1999-12-29;86.90C;2008;5599.0;SA à conseil d'administration (s.a.i.);2 000  à  4 999;True;False;2008;F;43;43.2;43.29;43.29B;1991-09-12;(49.441318, 1.177825);Saint-Jacques-sur-Darnétal;Seine-Maritime;Normandie;(50.598958, 3.036616);Loos;Nord;Hauts-de-France;;;;;;;;
False;;;True;False;False;attribue;{'StreetName': None, 'AdditionalStreetName': None, 'CityName': 'FROIDECONCHE', 'PostalZone': '70300', 'Country': 'FRA'};849661509;True;SAONOISE DE MOBILIERS;SAONOISE DE MOBILIERS SAS;2026-09-30;{'StreetName': 'Cité Marianne - 2 boulevard de Strasbourg - CS 50100', 'AdditionalStreetName': None, 'CityName': 'Lille cedex', 'PostalZone': '59017', 'Country': 'FRA'};185911500;True;CENTRE REGIONAL OEUVRES UNIV SCOLAIRES;CENTRE REGIONAL OEUVRES UNIV SCOLAIRES;;;fournitures;['Le critère prix représente 45 %'];['prix'];[100];150.0;True;;False;{'StreetName': None, 'CityName': 'Lille', 'PostalZone': None, 'NUTS': 'FRE11', 'Country': 'FRA'};;;26-93743;;39137.8;;LOT-0001;39143100;;1;6;;MOBILIER D’HEBERGEMENT (1er équipement);ouverte;26_W_16-06-2026;;;;True;False;False;39137.8;7385;Autre établissement public national administratif à compétence territoriale limitée ;1 000  à  1 999;False;1980-01-01;88.99B;2008;5710.0;SAS, société par actions simplifiée;50  à  99;False;<NA>;2008;C;31;31.0;31.01;31.01Z;2019-03-21;;Froideconche;Haute-Saône;Bourgogne-Franche-Comté;(50.617849, 3.051241);Lille;Nord;Hauts-de-France;;;;;;;;
False;['34144430', '34100000', '34144700'];;False;True;False;attribue;{'StreetName': '555 chem de la roche du guide', 'AdditionalStreetName': None, 'CityName': 'Malataverne', 'PostalZone': '26780', 'Country': 'FRA'};800780124;False;EASYVOIRIE;EASY VOIRIE;2026-09-30;"{'StreetName': ""1, Place de l'Hôtel de Ville"", 'AdditionalStreetName': None, 'CityName': 'Rognac', 'PostalZone': '13655', 'Country': 'FRA'}";211300819;False;COMMUNE DE ROGNAC;Ville de Rognac;;;fournitures;"[""Valeur technique de l'offre"", 'Prix']";['technique', 'prix'];[60.0, 40.0];;False;359000.0;False;;;;26-93789;;90000.0;;LOT-0001;34144000;;6;3;;Acquisition de véhicules et matériels pour les besoins des Services Techniques de la Ville de ROGNAC;ouverte;2026/08;;;;False;False;False;240646.0;7210;Commune et commune nouvelle ;250  à  499;False;1983-03-01;84.11Z;2008;5710.0;SAS, société par actions simplifiée;20  à  49;False;<NA>;2008;G;45;45.3;45.32;45.32Z;2014-03-03;(44.466468, 4.762186);Malataverne;Drôme;Auvergne-Rhône-Alpes;(43.489263, 5.228741);Rognac;Bouches-du-Rhône;Provence-Alpes-Côte d'Azur;;;;;;;;
False;['34144710', '34100000', '34144700'];;False;True;False;non attribue;;;False;;;2026-09-30;"{'StreetName': ""1, Place de l'Hôtel de Ville"", 'AdditionalStreetName': None, 'CityName': 'Rognac', 'PostalZone': '13655', 'Country': 'FRA'}";211300819;False;COMMUNE DE ROGNAC;Ville de Rognac;;;fournitures;"[""Valeur technique de l'offre"", 'Prix']";['technique', 'prix'];[60.0, 40.0];;False;359000.0;False;;;;26-93789;;;;LOT-0002;34144000;;6;0;;Acquisition de véhicules et matériels pour les besoins des Services Techniques de la Ville de ROGNAC;ouverte;2026/08;;;;False;False;False;240646.0;7210;Commune et commune nouvelle ;250  à  499;False;1983-03-01;84.11Z;2008;;;;;;<NA>;;;;;<NA>;<NA>;;;;;(43.489263, 5.228741);Rognac;Bouches-du-Rhône;Provence-Alpes-Côte d'Azur;;;;;;;;
False;['31121000', '34100000', '34144700'];;False;True;False;attribue;{'StreetName': '2 allée des gabians', 'AdditionalStreetName': None, 'CityName': 'Cannes La Bocca', 'PostalZone': '06150', 'Country': 'FRA'};494466188;False;CAP GENERATEUR;SAS CAP GENERATEUR;2026-09-30;"{'StreetName': ""1, Place de l'Hôtel de Ville"", 'AdditionalStreetName': None, 'CityName': 'Rognac', 'PostalZone': '13655', 'Country': 'FRA'}";211300819;False;COMMUNE DE ROGNAC;Ville de Rognac;;;fournitures;"[""Valeur technique de l'offre"", 'Prix']";['technique', 'prix'];[60.0, 40.0];;False;359000.0;False;;;;26-93789;;19688.0;;LOT-0003;34144000;;6;3;;Acquisition de véhicules et matériels pour les besoins des Services Techniques de la Ville de ROGNAC;ouverte;2026/08;;;;False;False;False;240646.0;7210;Commune et commune nouvelle ;250  à  499;False;1983-03-01;84.11Z;2008;5710.0;SAS, société par actions simplifiée;50  à  99;False;<NA>;2008;C;33;33.2;33.2;33.20D;2007-02-01;(43.543496, 6.958658);Cannes;Alpes-Maritimes;Provence-Alpes-Côte d'Azur;(43.489263, 5.228741);Rognac;Bouches-du-Rhône;Provence-Alpes-Côte d'Azur;;;;;;;;
False;['34133100', '34100000', '34144700'];;False;True;False;non attribue;;;False;;;2026-09-30;"{'StreetName': ""1, Place de l'Hôtel de Ville"", 'AdditionalStreetName': None, 'CityName': 'Rognac', 'PostalZone': '13655', 'Country': 'FRA'}";211300819;False;COMMUNE DE ROGNAC;Ville de Rognac;;;fournitures;"[""Valeur technique de l'offre"", 'Prix']";['technique', 'prix'];[60.0, 40.0];;False;359000.0;False;;;;26-93789;;;;LOT-0004;34144000;;6;0;;Acquisition de véhicules et matériels pour les besoins des Services Techniques de la Ville de ROGNAC;ouverte;2026/08;;;;False;False;False;240646.0;7210;Commune et commune nouvelle ;250  à  499;False;1983-03-01;84.11Z;2008;;;;;;<NA>;;;;;<NA>;<NA>;;;;;(43.489263, 5.228741);Rognac;Bouches-du-Rhône;Provence-Alpes-Côte d'Azur;;;;;;;;
False;['34100000', '34100000', '34144700'];;False;True;False;attribue;{'StreetName': '2 rue de la bastide blanche', 'AdditionalStreetName': None, 'CityName': 'Vitrolles', 'PostalZone': '13127', 'Country': 'FRA'};314954223;False;KEOS VITROLLES BY AUTOSPHERE;KEOS VITROLLES BY AUTOSPHERE;2026-09-30;"{'StreetName': ""1, Place de l'Hôtel de Ville"", 'AdditionalStreetName': None, 'CityName': 'Rognac', 'PostalZone': '13655', 'Country': 'FRA'}";211300819;False;COMMUNE DE ROGNAC;Ville de Rognac;;;fournitures;"[""Valeur technique de l'offre"", 'Prix']";['technique', 'prix'];[60.0, 40.0];;False;359000.0;False;;;;26-93789;;59588.6;;LOT-0005;34144000;;6;4;;Acquisition de véhicules et matériels pour les besoins des Services Techniques de la Ville de ROGNAC;ouverte;2026/08;;;;False;False;False;240646.0;7210;Commune et commune nouvelle ;250  à  499;False;1983-03-01;84.11Z;2008;5710.0;SAS, société par actions simplifiée;20  à  49;False;<NA>;2008;G;45;45.1;45.11;45.11Z;1979-01-01;(43.431194, 5.264392);Vitrolles;Bouches-du-Rhône;Provence-Alpes-Côte d'Azur;(43.489263, 5.228741);Rognac;Bouches-du-Rhône;Provence-Alpes-Côte d'Azur;;;;;;;;
False;['34144700', '34100000', '34144700'];;False;True;False;attribue;{'StreetName': '225 rue henri bessemer', 'AdditionalStreetName': None, 'CityName': 'Aix-En-Provence', 'PostalZone': '13290', 'Country': 'FRA'};551620875;False;GARAGE SUD AUTOMOBILE;GARAGE SUD AUTOMOBILE;2026-09-30;"{'StreetName': ""1, Place de l'Hôtel de Ville"", 'AdditionalStreetName': None, 'CityName': 'Rognac', 'PostalZone': '13655', 'Country': 'FRA'}";211300819;False;COMMUNE DE ROGNAC;Ville de Rognac;;;fournitures;"[""Valeur technique de l'offre"", 'Prix']";['technique', 'prix'];[60.0, 40.0];;False;359000.0;False;;;;26-93789;;71370.0;;LOT-0006;34144000;;6;2;;Acquisition de véhicules et matériels pour les besoins des Services Techniques de la Ville de ROGNAC;ouverte;2026/08;;;;False;False;False;240646.0;7210;Commune et commune nouvelle ;250  à  499;False;1983-03-01;84.11Z;2008;5710.0;SAS, société par actions simplifiée;20  à  49;<NA>;<NA>;2008;G;45;45.1;45.19;45.19Z;1955-01-01;(43.482333, 5.380496);Aix-en-Provence;Bouches-du-Rhône;Provence-Alpes-Côte d'Azur;(43.489263, 5.228741);Rognac;Bouches-du-Rhône;Provence-Alpes-Côte d'Azur;;;;;;;;
False;['79823000'];;True;False;False;non attribue;;;False;;;2026-09-30;{'StreetName': 'Cité Yvan Audouard', 'AdditionalStreetName': '5 rue Yvan Audouard', 'CityName': 'Arles', 'PostalZone': '13637', 'Country': 'FRA'};241300417;False;COMMUNAUTE  D AGGLOMERATION ARLES CRAU CAMARGUE MONTAGNETTE;Communauté d'agglomération ACCM;;2026-12-23+01:00;services;['Valeur technique', 'Critère environnemental', 'Prix'];['technique', 'environnemental', 'prix'];[45.0, 15.0, 40.0];1440.0;False;;False;;sans remise en concurrence;;26-93733;;;;LOT-0000;79810000;;1;0;;Accord-cadre pour l'impression de documents d'information de la communauté d'agglomération ACCM;ouverte;2026-033;3.0;;;False;False;False;;7348;Communauté d'agglomération ;250  à  499;False;2004-01-01;84.11Z;2008;;;;;;<NA>;;;;;<NA>;<NA>;;;;;(43.673879, 4.638792);Arles;Bouches-du-Rhône;Provence-Alpes-Côte d'Azur;;;;;;;;
False;['71336000'];;True;False;False;attribue;{'StreetName': '130 Rue De Lourmel', 'AdditionalStreetName': None, 'CityName': 'Paris 15', 'PostalZone': '75015', 'Country': 'FRA'};538386764;False;IMPULSE PARTNERS;Impulse Partners;2026-09-30;{'StreetName': '83, Boulevard de Dunkerque', 'AdditionalStreetName': None, 'CityName': 'Marseille', 'PostalZone': '13002', 'Country': 'FRA'};941636342;False;SOCIETE DE LIVRAISON DES OUVRAGES OLYMPIQUES ALPES 2030;SOLIDEO ALPES 2030;;2026-09-08+02:00;services;"[""Valeur technique de l'offre appréciée à l'aide du mémoire technique"", 'Prix']";['technique', 'prix'];[60.0, 40.0];360.0;False;670000.0;False;;sans remise en concurrence;;26-93732;;1680000.0;;LOT-0000;71336000;1680000.0;1;19;;Assistance à maîtrise d'ouvrage pour la consolidation de la stratégie d'innovation de la Solideo Alpes 2030 et sa mise en oeuvre opérationnelle;ouverte;20260729 AMO INNO;3.0;;;False;False;False;1680000.0;4110;Établissement public national à caractère industriel ou commercial doté d'un comptable public ;;False;2025-02-10;84.13Z;2008;5710.0;SAS, société par actions simplifiée;20  à  49;False;<NA>;2008;M;70;70.2;70.22;70.22Z;2011-11-18;(48.841627, 2.284948);Paris;Paris;Île-de-France;(43.310727, 5.368514);Marseille;Bouches-du-Rhône;Provence-Alpes-Côte d'Azur;;;;;;;;
False;['45259000', '90500000'];;True;False;False;attribue;{'StreetName': None, 'AdditionalStreetName': None, 'CityName': '75108', 'PostalZone': '75008', 'Country': 'FRA'};489455360;True;PAPREC GROUP;PAPREC GROUP;2026-09-30;{'StreetName': '58 BD CHARLES LIVON', 'AdditionalStreetName': None, 'CityName': 'Marseille', 'PostalZone': '13007', 'Country': 'FRA'};200054807;True;METROPOLE D'AIX-MARSEILLE-PROVENCE;Métropole Aix Marseille Provence;;2026-09-10+02:00;services;['Prix', 'Valeur technique', 'Valeur environnementale'];['prix', 'technique', 'environnemental'];[65.0, 30.0, 5.0];;False;;False;{'StreetName': None, 'CityName': None, 'PostalZone': None, 'NUTS': 'FRL04', 'Country': 'FRA'};;;26-93721;;6114711.0;;LOT-0001;90513000;;1;4;;EXPLOITATION DES DECHETERIES DE SALON I, SALON II, MALLEMORT, LAMANON ET PELISSANNE;ouverte;73260059;;;;False;False;False;6114711.0;7344;Métropole;5 000  à  9 999;False;2016-01-01;84.11Z;2008;5599.0;SA à conseil d'administration (s.a.i.);250  à  499;False;<NA>;2008;M;70;70.1;70.1;70.10Z;2006-03-29;;;;;(43.292154, 5.359134);Marseille;Bouches-du-Rhône;Provence-Alpes-Côte d'Azur;;;;;;;;
False;;;True;True;False;attribue;{'StreetName': '280 STRADA DI TRAGONE', 'AdditionalStreetName': None, 'CityName': 'BIGUGLIA', 'PostalZone': '20620', 'Country': 'FRA'};990111635;True;G2MH;SS G2MH;2026-09-30;{'StreetName': '42 BD DE LA GAYE BP84', 'AdditionalStreetName': None, 'CityName': 'Marseille', 'PostalZone': '13009', 'Country': 'FRA'};430171058;True;UNION GEST ETS CAIS ASS MAL PACA CORSE;Ugecam Paca et Corse;;;fournitures;['Cadre de mémoire technique - Tests', 'Annexe Financière'];['technique', 'prix'];[90.0, 10.0];1460.0;False;;False;{'StreetName': None, 'CityName': None, 'PostalZone': None, 'NUTS': None, 'Country': 'FRA'};sans remise en concurrence;;26-93751;;36716.6;;LOT-0002;33192100;600000.0;2;2;;Marché 2026.13 : Location de lits médicalisés et Acquisition/ Location de matelas pour les établissements du Var et de la Corse de l'Ugecam PACAC.;restreinte;2026-13;;;;True;False;False;353479.0;8110;Régime général de la Sécurité Sociale;1 000  à  1 999;False;2000-04-01;84.30A;2008;5710.0;SAS, société par actions simplifiée;;False;False;2008;G;46;46.4;46.46;46.46Z;2025-08-06;(42.594245, 9.442576);Biguglia;Haute-Corse;Corse;(43.258698, 5.412151);Marseille;Bouches-du-Rhône;Provence-Alpes-Côte d'Azur;;;;;;;;
False;;;True;True;False;attribue;{'StreetName': 'Angle Rue Paul Jardin et Avenue Gabriel Peri', 'AdditionalStreetName': None, 'CityName': 'La Valette du Var', 'PostalZone': '83160', 'Country': 'FRA'};381134105;True;ASSISTANCE VAROISE SANITAIRE ET MEDICALE;Assistance Varoise et Sanitaire;2026-09-30;{'StreetName': '42 BD DE LA GAYE BP84', 'AdditionalStreetName': None, 'CityName': 'Marseille', 'PostalZone': '13009', 'Country': 'FRA'};430171058;True;UNION GEST ETS CAIS ASS MAL PACA CORSE;Ugecam Paca et Corse;;;fournitures;['cadre de mémoire technique + tests', 'Annexe Financière'];['technique', 'prix'];[90.0, 10.0];1460.0;False;;False;{'StreetName': '759, Chemin de Camp Bourjas - 134   Grande Rue ', 'CityName': 'Collobrières-Pignans', 'PostalZone': '83610-83790', 'NUTS': 'FRL05', 'Country': 'FRA'};sans remise en concurrence;;26-93751;;316763.38;;LOT-0001;33192100;600000.0;2;3;;Marché 2026.13 : Location de lits médicalisés et Acquisition/ Location de matelas pour les établissements du Var et de la Corse de l'Ugecam PACAC.;restreinte;2026-13;;;;True;False;False;353479.0;8110;Régime général de la Sécurité Sociale;1 000  à  1 999;False;2000-04-01;84.30A;2008;5710.0;SAS, société par actions simplifiée;6  à  9;<NA>;<NA>;2008;G;47;47.7;47.74;47.74Z;1991-03-06;(43.138253, 5.989231);La Valette-du-Var;Var;Provence-Alpes-Côte d'Azur;(43.258698, 5.412151);Marseille;Bouches-du-Rhône;Provence-Alpes-Côte d'Azur;;;;;;;;
False;['45311200', '45410000', '45442110', '45432130', '45262522', '45431000', '45441000', '45330000'];;True;True;False;attribue;{'StreetName': '19 BOULEVARD LOUISE MICHEL - CS50134', 'AdditionalStreetName': None, 'CityName': 'GENNEVILLIERS CEDEX', 'PostalZone': '92238', 'Country': 'FRA'};562077792;True;BALAS;BALAS;2026-09-30;{'StreetName': '45 rue Paul Vaillant Couturier', 'AdditionalStreetName': None, 'CityName': 'Levallois-Perret', 'PostalZone': '92532', 'Country': 'FRA'};279200224;True;HAUTS-DE-SEINE HABITAT - OPH;Hauts-de-Seine Habitat - OPH;;;travaux;['Prix : 50 %', 'Valeur technique : 25 %', 'GMAO : 22.5 %', 'RSE : 2,5 %'];['prix', 'technique', 'qualite', 'qualite'];;1440.0;False;;False;{'StreetName': None, 'CityName': None, 'PostalZone': None, 'NUTS': 'FR105', 'Country': 'FRA'};sans remise en concurrence;;26-93633;;;;LOT-0001;45421000;;3;19;;MARCHE RELATIF A L'ENTRETIEN, AUX PETITS TRAVAUX, A LA REMISE EN ETAT DES LOGEMENTS ET AUX TRAVAUX CONSECUTIFS A SINISTRE, EN PARTIES PRIVATIVES ET PARTIES COMMUNES EN TCE - 3 LOTS;ouverte;DEX-2026-05;;;;False;False;False;;4140;Établissement public local à caractère industriel ou commercial ;250  à  499;False;1982-01-01;68.20A;2008;5710.0;SAS, société par actions simplifiée;500  à  999;False;<NA>;2008;F;43;43.2;43.22;43.22B;1956-01-01;(48.922042, 2.318617);Gennevilliers;Hauts-de-Seine;Île-de-France;(48.8957, 2.282612);Levallois-Perret;Hauts-de-Seine;Île-de-France;;;;;;;;
False;['45311200', '45410000', '45442110', '45432130', '45262522', '45431000', '45441000', '45330000'];;True;True;False;attribue;{'StreetName': 'ZA PARIEST - 22 Rue Léon Jouhaux', 'AdditionalStreetName': None, 'CityName': 'CROISSY-BEAUBOURG', 'PostalZone': '77183', 'Country': 'FRA'};404162323;True;ACORUS;ACORUS;2026-09-30;{'StreetName': '45 rue Paul Vaillant Couturier', 'AdditionalStreetName': None, 'CityName': 'Levallois-Perret', 'PostalZone': '92532', 'Country': 'FRA'};279200224;True;HAUTS-DE-SEINE HABITAT - OPH;Hauts-de-Seine Habitat - OPH;;;travaux;['Prix : 50 %', 'Valeur technique : 25 %', 'GMAO : 22,5 %', 'RSE : 2.5 %'];['prix', 'technique', 'qualite', 'qualite'];;1440.0;False;;False;{'StreetName': None, 'CityName': None, 'PostalZone': None, 'NUTS': 'FR105', 'Country': 'FRA'};sans remise en concurrence;;26-93633;;;;LOT-0002;45421000;;3;18;;MARCHE RELATIF A L'ENTRETIEN, AUX PETITS TRAVAUX, A LA REMISE EN ETAT DES LOGEMENTS ET AUX TRAVAUX CONSECUTIFS A SINISTRE, EN PARTIES PRIVATIVES ET PARTIES COMMUNES EN TCE - 3 LOTS;ouverte;DEX-2026-05;;;;False;False;False;;4140;Établissement public local à caractère industriel ou commercial ;250  à  499;False;1982-01-01;68.20A;2008;5710.0;SAS, société par actions simplifiée;1 000  à  1 999;False;<NA>;2008;F;43;43.2;43.22;43.22A;1996-04-02;(48.827915, 2.640808);Croissy-Beaubourg;Seine-et-Marne;Île-de-France;(48.8957, 2.282612);Levallois-Perret;Hauts-de-Seine;Île-de-France;;;;;;;;
False;['45311200', '45410000', '45442110', '45432130', '45262522', '45431000', '45441000', '45330000'];;True;True;False;attribue;{'StreetName': 'ZA PARIEST - 22 Rue Léon Jouhaux', 'AdditionalStreetName': None, 'CityName': 'CROISSY-BEAUBOURG', 'PostalZone': '77183', 'Country': 'FRA'};404162323;True;ACORUS;ACORUS;2026-09-30;{'StreetName': '45 rue Paul Vaillant Couturier', 'AdditionalStreetName': None, 'CityName': 'Levallois-Perret', 'PostalZone': '92532', 'Country': 'FRA'};279200224;True;HAUTS-DE-SEINE HABITAT - OPH;Hauts-de-Seine Habitat - OPH;;;travaux;['Prix : 50 %', 'Valeur technique : 25 %', 'GMAO : 22,5 %', 'RSE : 2.5 %'];['prix', 'technique', 'qualite', 'qualite'];;1440.0;False;;False;{'StreetName': None, 'CityName': None, 'PostalZone': None, 'NUTS': 'FR105', 'Country': 'FRA'};sans remise en concurrence;;26-93633;;;;LOT-0003;45421000;;3;17;;MARCHE RELATIF A L'ENTRETIEN, AUX PETITS TRAVAUX, A LA REMISE EN ETAT DES LOGEMENTS ET AUX TRAVAUX CONSECUTIFS A SINISTRE, EN PARTIES PRIVATIVES ET PARTIES COMMUNES EN TCE - 3 LOTS;ouverte;DEX-2026-05;;;;False;False;False;;4140;Établissement public local à caractère industriel ou commercial ;250  à  499;False;1982-01-01;68.20A;2008;5710.0;SAS, société par actions simplifiée;1 000  à  1 999;False;<NA>;2008;F;43;43.2;43.22;43.22A;1996-04-02;(48.827915, 2.640808);Croissy-Beaubourg;Seine-et-Marne;Île-de-France;(48.8957, 2.282612);Levallois-Perret;Hauts-de-Seine;Île-de-France;;;;;;;;
False;;;False;False;False;attribue;{'StreetName': '59, rue Réaumur', 'AdditionalStreetName': '59, rue Réaumur', 'CityName': 'PARIS', 'PostalZone': '75002', 'Country': 'FRA'};891565392;True;DAGOBA;DAGOBA;2026-09-30;{'StreetName': 'Place du 11 Novembre 1918', 'AdditionalStreetName': None, 'CityName': 'Clichy sous bois', 'PostalZone': '93390', 'Country': 'FRA'};219300142;True;COMMUNE DE CLICHY-SOUS-BOIS;Mairie de Clichy-sous-Bois;;2026-09-07+02:00;services;"['Prix des prestations: 40 points', ""Valeur Technique : 60 Points\n- Pertinence des préconisations et de la proposition de méthodologie appliquée à chaque volet de l'accord cadre: 20 Points\n- Qualité des modèles et échantillons présentés (Qualité, cohérence et originalité des modèles et échantillons présentés) : 20 Points\n- Moyens techniques, humains et matériels : 15 Points\n- Références clients : 5 Points""]";['prix', 'social'];[40.0, 60.0];360.0;False;0.0;False;{'StreetName': None, 'CityName': 'Seine-Saint-Denis', 'PostalZone': None, 'NUTS': 'FR106', 'Country': 'FRA'};sans remise en concurrence;;26-93878;26-93539;450000.0;450000.0;LOT-0001;79341100;450000.0;1;4;;"Accompagnement opérationnel et stratégique en communication 
pour la ville de Clichy-sous-Bois";ouverte;2026-18;2.0;;False;False;False;False;450000.0;7210;Commune et commune nouvelle ;1 000  à  1 999;False;1980-01-01;84.11Z;2008;5710.0;SAS, société par actions simplifiée;1  ou  2;False;<NA>;2008;M;70;70.2;70.21;70.21Z;2020-11-06;(48.866402, 2.351287);Paris;Paris;Île-de-France;(48.911428, 2.546152);Clichy-sous-Bois;Seine-Saint-Denis;Île-de-France;;;;;;;;
False;['55321000', '55511000', '55512000'];74.0;;False;False;attribue;{'StreetName': '5 Av Henri Becquerel', 'AdditionalStreetName': None, 'CityName': 'Merignac', 'PostalZone': '33700', 'Country': 'FRA'};477181010;False;API RESTAURATION;API RESTAURATION;2026-09-30;{'StreetName': 'Place Gambetta', 'AdditionalStreetName': None, 'CityName': 'Le Bouscat', 'PostalZone': '33110', 'Country': 'FRA'};213300692;False;COMMUNE DE LE BOUSCAT;Ville du Bouscat;2025-06-28;2026-08-01+02:00;services;"['Qualité de la gestion du service', ""Valeur financière de l'offre"", 'Qualités techniques des travaux proposés', 'Qualité des engagements en matière de transition écologique']";['qualite', 'prix', 'qualite', 'environnemental'];[38.0, 32.0, 20.0, 10.0];;True;;False;{'StreetName': '1 rue du Parc', 'CityName': 'Le Bouscat', 'PostalZone': '33110', 'NUTS': 'FRI12', 'Country': 'FRA'};;;26-93593;25-72501;42894994.0;;LOT-0000;55523100;;1;3;;"Conception, fabrication, livraison de repas et facturation pour le service de restauration municipale
Exploitation, entretien et maintenance de la cuisine centrale de la Ville du Bouscat
Ent";;2025-LEB009;;;False;False;True;False;42894994.0;7210;Commune et commune nouvelle ;500  à  999;False;1980-01-01;84.11Z;2008;5710.0;SAS, société par actions simplifiée;5 000  à  9 999;False;False;2008;I;56;56.2;56.29;56.29A;1985-09-27;(44.836557, -0.688487);Mérignac;Gironde;Nouvelle-Aquitaine;(44.865591, -0.600343);Le Bouscat;Gironde;Nouvelle-Aquitaine;;;;;;;;
False;['90900000', '90911000', '90919200'];;True;False;False;attribue;{'StreetName': '8 Chemin Lescan', 'AdditionalStreetName': None, 'CityName': 'Cenon', 'PostalZone': '33150', 'Country': 'FRA'};398372615;False;STEM PROPRETE;STEM 33;2026-09-30;{'StreetName': '91, rue Paulin', 'AdditionalStreetName': None, 'CityName': 'Bordeaux', 'PostalZone': '33000', 'Country': 'FRA'};895134674;False;REGIE DE L'EAU BORDEAUX METROPOLE;Régie de l'Eau Bordeaux Métropole;;2026-08-01+02:00;services;['Critère technique', 'Démarche Rse', 'Prix'];['technique', 'social', 'prix'];[30.0, 10.0, 60.0];1440.0;True;1120000.0;False;{'StreetName': '91, rue Paulin', 'CityName': 'Bordeaux', 'PostalZone': '33000', 'NUTS': 'FRI12', 'Country': 'FRA'};sans remise en concurrence;;26-93671;;1120000.0;;LOT-0000;90910000;1120000.0;1;5;;Prestation de nettoyage de locaux industriels des sites de la Régie de l'Eau Bordeaux Métropole;ouverte;2026-FCS-0020;3.0;;;True;True;True;1120000.0;4140;Établissement public local à caractère industriel ou commercial ;250  à  499;False;2021-03-01;36.00Z;2008;5710.0;SAS, société par actions simplifiée;2 000  à  4 999;False;<NA>;2008;N;81;81.2;81.21;81.21Z;1994-09-15;(44.853477, -0.523343);Cenon;Gironde;Nouvelle-Aquitaine;(44.849353, -0.587151);Bordeaux;Gironde;Nouvelle-Aquitaine;;;;;;;;
False;;;True;True;False;attribue;{'StreetName': '78 Chemin de Pontoise,', 'AdditionalStreetName': None, 'CityName': 'Méry-sur-Oise', 'PostalZone': '9554', 'Country': 'FRA'};342141165;False;JARDINS DE LA CHARMEUSE;SAS JARDINS DE LA CHARMEUSE;2026-09-30;{'StreetName': '55 rue du Maréchal Leclerc', 'AdditionalStreetName': None, 'CityName': 'Saint-maurice cedex', 'PostalZone': '94415', 'Country': 'FRA'};219400694;True;COMMUNE DE SAINT MAURICE;Commune de Saint-Maurice;;;fournitures;;;;1440.0;True;456000.0;False;{'StreetName': None, 'CityName': None, 'PostalZone': None, 'NUTS': 'FR107', 'Country': 'FRA'};sans remise en concurrence;;26-93876;;0.0;0.0;LOT-0001;03121000;456000.0;5;2;;Achat et fourniture d'horticoles;ouverte;01052026;;;;True;False;False;456000.0;7210;Commune et commune nouvelle ;250  à  499;<NA>;1980-01-01;84.11Z;2008;5710.0;SAS, société par actions simplifiée;3  à  5;False;<NA>;2008;G;47;47.7;47.76;47.76Z;1987-01-01;(49.058169, 2.168991);Méry-sur-Oise;Val-d'Oise;Île-de-France;;;;;;;;;;;;
False;;;True;True;False;attribue;{'StreetName': None, 'AdditionalStreetName': None, 'CityName': 'CHEVRY-COSSIGNY', 'PostalZone': '77173', 'Country': 'FRA'};384640520;True;PEPINIERES DU VAL D'YERRES;SARL LES PÉPINIÈRES DU VAL D'YERRES;2026-09-30;{'StreetName': '55 rue du Maréchal Leclerc', 'AdditionalStreetName': None, 'CityName': 'Saint-maurice cedex', 'PostalZone': '94415', 'Country': 'FRA'};219400694;True;COMMUNE DE SAINT MAURICE;Commune de Saint-Maurice;;;fournitures;"[""Les critères d'attribution et leurs pondérations sont énoncés dans les documents de la consultation (Règlement de la consultation)."", ""Les critères d'attribution et leurs pondérations sont énoncés dans les documents de la consultation (Règlement de la consultation).""]";['prix', 'prix'];;1440.0;True;456000.0;False;{'StreetName': None, 'CityName': None, 'PostalZone': None, 'NUTS': 'FR107', 'Country': 'FRA'};sans remise en concurrence;;26-93876;;0.0;120000.0;LOT-0006;03121000;456000.0;5;3;;Achat et fourniture d'horticoles;ouverte;01052026;;;;True;False;False;456000.0;7210;Commune et commune nouvelle ;250  à  499;<NA>;1980-01-01;84.11Z;2008;5499.0;Société à responsabilité limitée (sans autre indication);10  à  19;False;<NA>;2008;A;1;1.3;1.3;01.30Z;1991-09-01;;Chevry-Cossigny;Seine-et-Marne;Île-de-France;;;;;;;;;;;;
False;;;True;True;False;attribue;{'StreetName': None, 'AdditionalStreetName': None, 'CityName': '40 rue de Rambouillet\n91470 LIMOURS', 'PostalZone': '91470', 'Country': 'FRA'};448982967;False;COBALYS;COBALYS SAS;2026-09-30;{'StreetName': '55 rue du Maréchal Leclerc', 'AdditionalStreetName': None, 'CityName': 'Saint-maurice cedex', 'PostalZone': '94415', 'Country': 'FRA'};219400694;True;COMMUNE DE SAINT MAURICE;Commune de Saint-Maurice;;;fournitures;[];[];;1440.0;True;456000.0;False;{'StreetName': None, 'CityName': None, 'PostalZone': None, 'NUTS': 'FR107', 'Country': 'FRA'};sans remise en concurrence;;26-93876;;0.0;40000.0;LOT-0007;03121000;456000.0;5;2;;Achat et fourniture d'horticoles;ouverte;01052026;;;;True;False;False;456000.0;7210;Commune et commune nouvelle ;250  à  499;<NA>;1980-01-01;84.11Z;2008;5710.0;SAS, société par actions simplifiée;20  à  49;False;<NA>;2008;G;46;46.7;46.75;46.75Z;2003-06-19;;Limours;Essonne;Île-de-France;;;;;;;;;;;;
False;;;True;True;False;attribue;{'StreetName': None, 'AdditionalStreetName': None, 'CityName': '40 rue de Rambouillet\n91470 LIMOURS', 'PostalZone': '91470', 'Country': 'FRA'};448982967;False;COBALYS;COBALYS SAS;2026-09-30;{'StreetName': '55 rue du Maréchal Leclerc', 'AdditionalStreetName': None, 'CityName': 'Saint-maurice cedex', 'PostalZone': '94415', 'Country': 'FRA'};219400694;True;COMMUNE DE SAINT MAURICE;Commune de Saint-Maurice;;;fournitures;[];[];;1440.0;True;456000.0;False;{'StreetName': None, 'CityName': None, 'PostalZone': None, 'NUTS': 'FR107', 'Country': 'FRA'};sans remise en concurrence;;26-93876;;0.0;16000.0;LOT-0008;03121000;456000.0;5;3;;Achat et fourniture d'horticoles;ouverte;01052026;;;;True;False;False;456000.0;7210;Commune et commune nouvelle ;250  à  499;<NA>;1980-01-01;84.11Z;2008;5710.0;SAS, société par actions simplifiée;20  à  49;False;<NA>;2008;G;46;46.7;46.75;46.75Z;2003-06-19;;Limours;Essonne;Île-de-France;;;;;;;;;;;;
False;;;True;True;False;non attribue;;;False;;;2026-09-30;{'StreetName': '55 rue du Maréchal Leclerc', 'AdditionalStreetName': None, 'CityName': 'Saint-maurice cedex', 'PostalZone': '94415', 'Country': 'FRA'};219400694;True;COMMUNE DE SAINT MAURICE;Commune de Saint-Maurice;;;fournitures;[];[];;1440.0;True;456000.0;False;{'StreetName': None, 'CityName': None, 'PostalZone': None, 'NUTS': 'FR107', 'Country': 'FRA'};sans remise en concurrence;;26-93876;;;160000.0;LOT-0009;03121000;456000.0;5;0;;Achat et fourniture d'horticoles;ouverte;01052026;;;;True;False;False;456000.0;7210;Commune et commune nouvelle ;250  à  499;<NA>;1980-01-01;84.11Z;2008;;;;;;<NA>;;;;;<NA>;<NA>;;;;;;;;;;;;;;;;
False;['79810000', '79823000'];;True;True;False;non attribue;;;False;;;2026-09-30;{'StreetName': 'Hôtel de Ville', 'AdditionalStreetName': 'Place Charles de Gaulle', 'CityName': 'Saint-Maur-des-Fossés', 'PostalZone': '94100', 'Country': 'FRA'};219400686;False;COMMUNE DE SAINT MAUR DES FOSSES;Ville de Saint-Maur-des-Fossés;;;services;"[""Délai d'exécution"", ""La valeur technique est appréciée au regard du contenu du cadre de mémoire technique, éventuellement complété d'un mémoire technique"", ""Les performances en matière de protection de l'environnement sont appréciées au regard du contenu du cadre de mémoire technique, éventuellement complété d'un mémoire technique"", 'Le critère prix sera calculé en prenant compte le montant global des prix en Ht']";['delai', 'technique', 'environnemental', 'prix'];[20.0, 30.0, 10.0, 40.0];;True;1320000.0;False;;sans remise en concurrence;;26-93672;;;;LOT-0001;79810000;560000.0;4;3;;Prestation d'impression de supports de communication divers hors magazine municipal - lots 1 à 4;ouverte;2026-05AO0025;3.0;;;False;True;False;;7210;Commune et commune nouvelle ;1 000  à  1 999;<NA>;1980-01-01;84.11Z;2008;;;;;;<NA>;;;;;<NA>;<NA>;;;;;(48.803153, 2.485353);Saint-Maur-des-Fossés;Val-de-Marne;Île-de-France;;;;;;;;
False;['79810000', '79823000'];;True;True;False;non attribue;;;False;;;2026-09-30;{'StreetName': 'Hôtel de Ville', 'AdditionalStreetName': 'Place Charles de Gaulle', 'CityName': 'Saint-Maur-des-Fossés', 'PostalZone': '94100', 'Country': 'FRA'};219400686;False;COMMUNE DE SAINT MAUR DES FOSSES;Ville de Saint-Maur-des-Fossés;;;services;"[""Délai d'exécution"", ""La valeur technique est appréciée au regard du contenu du cadre de mémoire technique, éventuellement complété d'un mémoire technique"", ""Les performances en matière de protection de l'environnement sont appréciées au regard du contenu du cadre de mémoire technique, éventuellement complété d'un mémoire technique"", 'Le critère prix sera calculé en prenant compte le montant global des prix en Ht']";['delai', 'technique', 'environnemental', 'prix'];[20.0, 30.0, 10.0, 40.0];;True;1320000.0;False;;sans remise en concurrence;;26-93672;;;;LOT-0002;79810000;560000.0;4;1;;Prestation d'impression de supports de communication divers hors magazine municipal - lots 1 à 4;ouverte;2026-05AO0025;3.0;;;False;True;False;;7210;Commune et commune nouvelle ;1 000  à  1 999;<NA>;1980-01-01;84.11Z;2008;;;;;;<NA>;;;;;<NA>;<NA>;;;;;(48.803153, 2.485353);Saint-Maur-des-Fossés;Val-de-Marne;Île-de-France;;;;;;;;
False;['79810000', '79823000'];;True;True;False;non attribue;;;False;;;2026-09-30;{'StreetName': 'Hôtel de Ville', 'AdditionalStreetName': 'Place Charles de Gaulle', 'CityName': 'Saint-Maur-des-Fossés', 'PostalZone': '94100', 'Country': 'FRA'};219400686;False;COMMUNE DE SAINT MAUR DES FOSSES;Ville de Saint-Maur-des-Fossés;;;services;"[""Délai d'exécution"", ""La valeur technique est appréciée au regard du contenu du cadre de mémoire technique, éventuellement complété d'un mémoire technique"", ""Les performances en matière de protection de l'environnement sont appréciées au regard du contenu du cadre de mémoire technique, éventuellement complété d'un mémoire technique"", 'Le critère prix sera calculé en prenant compte le montant global des prix en Ht']";['delai', 'technique', 'environnemental', 'prix'];[20.0, 30.0, 10.0, 40.0];;True;1320000.0;False;;sans remise en concurrence;;26-93672;;;;LOT-0003;79810000;560000.0;4;2;;Prestation d'impression de supports de communication divers hors magazine municipal - lots 1 à 4;ouverte;2026-05AO0025;3.0;;;False;True;False;;7210;Commune et commune nouvelle ;1 000  à  1 999;<NA>;1980-01-01;84.11Z;2008;;;;;;<NA>;;;;;<NA>;<NA>;;;;;(48.803153, 2.485353);Saint-Maur-des-Fossés;Val-de-Marne;Île-de-France;;;;;;;;
False;['79812000', '79823000'];;True;True;False;attribue;{'StreetName': 'Rue Des Sources', 'AdditionalStreetName': None, 'CityName': 'Savigny-Le-Temple', 'PostalZone': '77176', 'Country': 'FRA'};421795675;False;ARIA REPRO;ARIA REPRO;2026-09-30;{'StreetName': 'Hôtel de Ville', 'AdditionalStreetName': 'Place Charles de Gaulle', 'CityName': 'Saint-Maur-des-Fossés', 'PostalZone': '94100', 'Country': 'FRA'};219400686;False;COMMUNE DE SAINT MAUR DES FOSSES;Ville de Saint-Maur-des-Fossés;;;services;"[""Délai d'exécution"", ""La valeur technique est appréciée au regard du contenu du cadre de mémoire technique, éventuellement complété d'un mémoire technique"", ""Les performances en matière de protection de l'environnement sont appréciées au regard du contenu du cadre de mémoire technique, éventuellement complété d'un mémoire technique"", 'Le critère prix sera calculé en prenant compte le montant global des prix en Ht']";['delai', 'technique', 'environnemental', 'prix'];[20.0, 30.0, 10.0, 40.0];;True;1320000.0;False;;sans remise en concurrence;;26-93672;;;;LOT-0004;79810000;560000.0;4;6;;Prestation d'impression de supports de communication divers hors magazine municipal - lots 1 à 4;ouverte;2026-05AO0025;3.0;;;False;True;False;;7210;Commune et commune nouvelle ;1 000  à  1 999;<NA>;1980-01-01;84.11Z;2008;5710.0;SAS, société par actions simplifiée;10  à  19;False;<NA>;2008;N;82;82.1;82.19;82.19Z;1998-12-01;(48.591301, 2.593169);Savigny-le-Temple;Seine-et-Marne;Île-de-France;(48.803153, 2.485353);Saint-Maur-des-Fossés;Val-de-Marne;Île-de-France;;;;;;;;
False;;;True;False;False;attribue;{'StreetName': None, 'AdditionalStreetName': None, 'CityName': 'BULLY LES MINES', 'PostalZone': '62186', 'Country': 'FRA'};617120118;True;RAMERY TRAVAUX PUBLICS;RAMERY TP;2026-09-30;{'StreetName': '2 rue Joseph Marie Jacquard', 'AdditionalStreetName': None, 'CityName': 'LIEVIN', 'PostalZone': '62800', 'Country': 'FRA'};327910634;True;TERRITOIRES SOIXANTE DEUX;Territoires Soixante-Deux;;;travaux;['PRIX', 'VALEUR TECHNIQUE ET ENVIRONNEMENTALE'];['prix', 'environnemental'];[70.0, 30.0];112.0;False;;False;{'StreetName': None, 'CityName': 'BULLY LES MINES', 'PostalZone': None, 'NUTS': 'FRE12', 'Country': 'FRA'};;;26-93681;;20205.0;;LOT-0001;45112500;;1;6;;1118_Réalisation d'un merlon sur le lotissement Corons d'Aix - Secteur Lycée à Bully les Mines.;ouverte;1118;;;;False;False;False;20205.0;5515;SA d'économie mixte à conseil d'administration ;20  à  49;False;1983-08-12;74.90A;2008;5710.0;SAS, société par actions simplifiée;500  à  999;False;<NA>;2008;F;42;42.1;42.11;42.11Z;1971-01-01;;Bully-les-Mines;Pas-de-Calais;Hauts-de-France;(50.429521, 2.789844);Liévin;Pas-de-Calais;Hauts-de-France;;;;;;;;
False;;;True;False;False;attribue;{'StreetName': '17, rue André del Sarte', 'AdditionalStreetName': None, 'CityName': 'Paris', 'PostalZone': '75018', 'Country': 'FRA'};849281118;True;MADAME POLARE ATELIER;MADAME POLARE ATELIER;2026-09-30;{'StreetName': '1 rue de Germont', 'AdditionalStreetName': None, 'CityName': 'Rouen', 'PostalZone': '76000', 'Country': 'FRA'};267601680;True;CENTRE HOSPITALIER UNIVERSITAIRE ROUEN;CHU Rouen Normandie;;;services;"['Prix (50 %), sur la base du montant résultant du DQE', 'Valeur technique (40 %), sur la base du cadre de mémoire technique et décomposé de la façon suivante :\n- Création (20 %) ;\n- Méthodologie de la réalisation des numéros (15 %),\n- Accompagnement éditorial (5 %).', 'RSE (10 %), sur la base du plan de formation des graphistes concernant les logiciels de création']";['prix', 'technique', 'qualite'];[50.0, 40.0, 10.0];1460.0;False;;False;{'StreetName': '1 rue de Germont', 'CityName': 'Rouen', 'PostalZone': '76000', 'NUTS': 'FRD22', 'Country': 'FRA'};sans remise en concurrence;;26-93741;;57600.0;;LOT-0001;79822500;120000.0;1;31;;Refonte complète du magazine interne du CHU de Rouen, incluant la création d’une nouvelle maquette graphique, la réalisation graphique de chaque numéro et l’accompagnement éditorial;ouverte;CHU-REFONTE-GRAPHIQUE-MAGAZINE;;;;True;False;False;57600.0;7364;Établissement d'hospitalisation ;10 000  et plus ;False;1901-01-01;86.10Z;2008;5499.0;Société à responsabilité limitée (sans autre indication);;False;<NA>;2008;M;70;70.2;70.21;70.21Z;2019-03-11;(48.885757, 2.345673);Paris;Paris;Île-de-France;(49.441007, 1.107289);Rouen;Seine-Maritime;Normandie;;;;;;;;
False;['77211500'];;True;False;False;attribue;{'StreetName': 'Voie Des Coutures', 'AdditionalStreetName': None, 'CityName': 'Val-De-Reuil', 'PostalZone': '27100', 'Country': 'FRA'};403061492;False;PINSON PAYSAGE NORMANDIE;PINSON PAYSAGE NORMANDIE;2026-09-30;{'StreetName': '2 Place Henri Barbusse', 'AdditionalStreetName': None, 'CityName': 'Petit-Quevilly', 'PostalZone': '76140', 'Country': 'FRA'};217604982;False;COMMUNE DU PETIT QUEVILLY;Mairie de Petit-Quevilly;;2026-08-31+02:00;services;"['Valeur technique - Note sur 15 pondérée à 30%', ""Performances en matière de protection de l'environnement - Note sur 15 pondérée à 10%"", 'Prix des prestations - Note sur 10 pondérée à 60%']";['technique', 'environnemental', 'prix'];[30.0, 10.0, 60.0];360.0;False;;False;;sans remise en concurrence;;26-93731;;100000.0;;LOT-0000;77211500;100000.0;1;8;;PRESTATION D'ELAGAGE ET D'ABATTAGE D'ARBRES SUR LE TERRITOIRE COMMUNAL;ouverte;26MPQ11;3.0;;;False;False;False;100000.0;7210;Commune et commune nouvelle ;500  à  999;False;1978-01-01;84.11Z;2008;5710.0;SAS, société par actions simplifiée;50  à  99;False;<NA>;2008;N;81;81.3;81.3;81.30Z;1995-12-01;(49.276817, 1.208188);Val-de-Reuil;Eure;Normandie;(49.430248, 1.053095);Le Petit-Quevilly;Seine-Maritime;Normandie;;;;;;;;
False;['66133000'];;True;False;False;attribue;{'StreetName': '9 Bd Louise Michel', 'AdditionalStreetName': None, 'CityName': 'Gennevilliers', 'PostalZone': '92230', 'Country': 'FRA'};642044366;False;UP COOP;UP COOP;2026-09-30;{'StreetName': 'Hôtel de Ville', 'AdditionalStreetName': 'Service de la Commande Publique, Parc Jehan Ango', 'CityName': 'Dieppe', 'PostalZone': '76200', 'Country': 'FRA'};217602176;False;COMMUNE DE DIEPPE;Ville de Dieppe;;2026-10-26+01:00;fournitures;['Valeur technique (sous-critères : Modalités liées aux commandes 30% / Réseau local des enseignes (importance et pertinence, stratégie et modalités de développement) 30% / Modalités de résolution des litiges et du suivi client 20%)', 'Prix'];['technique', 'prix'];[80.0, 20.0];1440.0;False;990000.0;False;;;;26-93551;;990000.0;;LOT-0000;22440000;;1;5;;ACCORD-CADRE A BONS DE COMMANDE RELATIF AUX CHÈQUES ACCOMPAGNEMENT PERSONNALISES ET CHÈQUES CADEAUX POUR LE CCAS DE DIEPPE;ouverte;2550;3.0;;;False;False;False;990000.0;7210;Commune et commune nouvelle ;1 000  à  1 999;False;1978-01-01;84.11Z;2008;5558.0;SA coopérative de production  (SCOP) à conseil d'administration;500  à  999;True;<NA>;2008;K;66;66.1;66.19;66.19B;1964-01-01;(48.922035, 2.318599);Gennevilliers;Hauts-de-Seine;Île-de-France;;;;;;;;;;;;
False;['55523100'];;True;False;False;attribue;{'StreetName': '12 Rue Louis Armand', 'AdditionalStreetName': None, 'CityName': 'Ozoir-La-Ferriere', 'PostalZone': '77330', 'Country': 'FRA'};788243087;False;CONVIVIO-OCRS;CONVIVIO-OCRS;2026-09-30;{'StreetName': 'Rue Louis Braille', 'AdditionalStreetName': None, 'CityName': 'Chalifert', 'PostalZone': '77144', 'Country': 'FRA'};217700756;False;COMMUNE CHALIFERT;MAIRIE DE CHALIFERT;;2026-10-01+02:00;services;"[""Valeur technique de l'offre"", 'Prix']";['technique', 'prix'];[60.0, 40.0];;True;300000.0;False;;sans remise en concurrence;;26-93675;;;;LOT-0000;55523100;280000.0;1;3;;FOURNITURE DE REPAS EN LIAISON FROIDE;ouverte;260305;3.0;;;False;True;False;;7210;Commune et commune nouvelle ;20  à  49;False;1978-01-01;84.11Z;2008;5710.0;SAS, société par actions simplifiée;20  à  49;False;<NA>;2008;I;56;56.2;56.29;56.29A;1974-01-01;(48.765096, 2.688883);Ozoir-la-Ferrière;Seine-et-Marne;Île-de-France;(48.887492, 2.773912);Chalifert;Seine-et-Marne;Île-de-France;;;;;;;;
False;['30200000'];;True;False;False;attribue;{'StreetName': '141, avenue des Grésillons', 'AdditionalStreetName': None, 'CityName': 'Gennevilliers', 'PostalZone': '92230', 'Country': 'FRA'};350093704;False;VIDELIO;VIDELIO;2026-09-30;{'StreetName': '2 avenue du Parc', 'AdditionalStreetName': None, 'CityName': 'Cergy-Pontoise', 'PostalZone': '95000', 'Country': 'FRA'};229501275;False;DEPARTEMENT DU VAL D OISE;Conseil départemental du Val-d'Oise;;2026-07-10+02:00;fournitures;['Valeur technique', 'Prix'];['technique', 'prix'];[70.0, 30.0];1440.0;False;600000.0;False;;sans remise en concurrence;;26-93548;;600000.0;;LOT-0000;30200000;600000.0;1;6;;Marché n°2026AO7004800 - Acquisition d'équipements de visioconférence et leurs prestations associées  pour les salles d'espaces collaboratifs du Département du Val d'Oise;ouverte;2026AO070048;;;;False;False;False;600000.0;7220;Département ;2 000  à  4 999;False;1980-01-01;84.11Z;2008;5710.0;SAS, société par actions simplifiée;500  à  999;False;<NA>;2008;G;46;46.5;46.52;46.52Z;1989-03-08;(48.917813, 2.308333);Gennevilliers;Hauts-de-Seine;Île-de-France;;;;;;;;;;;;
False;;;False;False;False;attribue;{'StreetName': '55 RUE CARNOT', 'AdditionalStreetName': 'BP 41', 'CityName': 'RAMBERVILLERS', 'PostalZone': '88700', 'Country': 'FRA'};345306880;True;SUEZ ORGANIQUE;SUEZ ORGANIQUE;2026-09-30;{'StreetName': 'Chemin du Halage', 'AdditionalStreetName': None, 'CityName': 'Persan', 'PostalZone': '95340', 'Country': 'FRA'};200093680;True;SI D'ASSAINISSEMENT DE PERSAN, BEAUMONT ET ENVIRONS;Syndicat Intercommunal d'Assainissement de Persan, Beaumont-sur-Oise et Environs (95);;;services;['Valeur technique de l’offre (60%)\nPrix des prestations (40%)'];['technique'];[60.0, 40.0];2190.0;False;;False;{'StreetName': None, 'CityName': '95340', 'PostalZone': 'PERSAN', 'NUTS': 'FR108', 'Country': 'FRA'};;;26-93639;;483495.0;;LOT-0001;90513800;;1;1;;143ème-1 Opération;ouverte;;;;;False;False;False;483495.0;7354;Syndicat mixte fermé ;3  à  5;False;2017-06-19;37.00Z;2008;5710.0;SAS, société par actions simplifiée;250  à  499;False;<NA>;2008;E;38;38.2;38.21;38.21Z;1988-02-01;(48.343699, 6.635048);Rambervillers;Vosges;Grand Est;(49.151665, 2.293508);Persan;Val-d'Oise;Île-de-France;;;;;;;;
False;['79810000'];;True;True;False;attribue;{'StreetName': 'Rue Du Groupe Manoukian', 'AdditionalStreetName': None, 'CityName': 'Elancourt', 'PostalZone': '78990', 'Country': 'FRA'};349452425;False;DELEAGE EXPANSION;DELEAGE EXPANSION;2026-09-30;{'StreetName': '2 avenue du Parc', 'AdditionalStreetName': None, 'CityName': 'Cergy-Pontoise', 'PostalZone': '95000', 'Country': 'FRA'};229501275;False;DEPARTEMENT DU VAL D OISE;Conseil départemental du Val-d'Oise;;;services;"[""Valeur technique de l'offre appréciée à l'aide du mémoire technique"", 'Prix']";['technique', 'prix'];[30.0, 70.0];;False;800000.0;False;;sans remise en concurrence;;26-93582;;;;LOT-0001;79810000;800000.0;2;4;;Marché n°2026AO01005500 - Fourniture d'éléments de signalétique évènementielle intérieure et extérieure pour les manifestations du Conseil départemental du Val d'Oise - 2 lots;ouverte;2026AO010055;3.0;;;False;False;False;;7220;Département ;2 000  à  4 999;False;1980-01-01;84.11Z;2008;5499.0;Société à responsabilité limitée (sans autre indication);20  à  49;False;<NA>;2008;R;90;90.0;90.02;90.02Z;1989-01-19;(48.795566, 1.97571);Élancourt;Yvelines;Île-de-France;;;;;;;;;;;;
False;['79810000'];;True;True;False;attribue;{'StreetName': 'Rue Du Groupe Manoukian', 'AdditionalStreetName': None, 'CityName': 'Elancourt', 'PostalZone': '78990', 'Country': 'FRA'};349452425;False;DELEAGE EXPANSION;DELEAGE EXPANSION;2026-09-30;{'StreetName': '2 avenue du Parc', 'AdditionalStreetName': None, 'CityName': 'Cergy-Pontoise', 'PostalZone': '95000', 'Country': 'FRA'};229501275;False;DEPARTEMENT DU VAL D OISE;Conseil départemental du Val-d'Oise;;;services;"[""Valeur technique de l'offre appréciée à l'aide du mémoire technique"", 'Prix']";['technique', 'prix'];[30.0, 70.0];;False;800000.0;False;;sans remise en concurrence;;26-93582;;;;LOT-0002;79810000;800000.0;2;3;;Marché n°2026AO01005500 - Fourniture d'éléments de signalétique évènementielle intérieure et extérieure pour les manifestations du Conseil départemental du Val d'Oise - 2 lots;ouverte;2026AO010055;3.0;;;False;False;False;;7220;Département ;2 000  à  4 999;False;1980-01-01;84.11Z;2008;5499.0;Société à responsabilité limitée (sans autre indication);20  à  49;False;<NA>;2008;R;90;90.0;90.02;90.02Z;1989-01-19;(48.795566, 1.97571);Élancourt;Yvelines;Île-de-France;;;;;;;;;;;;
False;;;False;False;False;attribue;"{'StreetName': ""ZA D'OUTREVILLE - BP 9"", 'AdditionalStreetName': None, 'CityName': 'BORNEL', 'PostalZone': '60540', 'Country': 'FRA'}";696980176;True;SOC D'ASSAINISSEMENT ET DE NETTOIEMENT;SANET;2026-09-30;{'StreetName': 'Chemin du Halage', 'AdditionalStreetName': None, 'CityName': 'Persan', 'PostalZone': '95340', 'Country': 'FRA'};200093680;True;SI D'ASSAINISSEMENT DE PERSAN, BEAUMONT ET ENVIRONS;Syndicat Intercommunal d'Assainissement de Persan, Beaumont-sur-Oise et Environs (95);;;services;['critère prix 40%', 'critère qualité 60%'];['prix', 'qualite'];[40.0, 60.0];1095.0;False;;False;;;;26-93637;;308077.0;;LOT-0001;90480000;;1;1;;141ème - Entretien et surveillance sur les réseaux d’assainissement;ouverte;;1.0;;;False;False;False;308077.0;7354;Syndicat mixte fermé ;3  à  5;False;2017-06-19;37.00Z;2008;5710.0;SAS, société par actions simplifiée;20  à  49;False;<NA>;2008;E;37;37.0;37.0;37.00Z;1969-01-01;(49.20048, 2.217348);Bornel;Oise;Hauts-de-France;(49.151665, 2.293508);Persan;Val-d'Oise;Île-de-France;;;;;;;;
False;;;False;True;False;attribue;{'StreetName': None, 'AdditionalStreetName': None, 'CityName': 'EMERAINVILLE', 'PostalZone': '77184', 'Country': 'FRA'};503880999;True;SOGEA ILE DE FRANCE;SOGEA IdF;2026-09-30;{'StreetName': 'Chemin du Halage', 'AdditionalStreetName': None, 'CityName': 'Persan', 'PostalZone': '95340', 'Country': 'FRA'};200093680;True;SI D'ASSAINISSEMENT DE PERSAN, BEAUMONT ET ENVIRONS;Syndicat Intercommunal d'Assainissement de Persan, Beaumont-sur-Oise et Environs (95);;;services;['Critère technique 60%', 'Prix pondéré 40%'];['technique', 'prix'];[60.0, 40.0];1825.0;False;;False;{'StreetName': None, 'CityName': 'PERSAN', 'PostalZone': '95340', 'NUTS': 'FR108', 'Country': 'FRA'};;;26-93615;;1122736.0;;LOT-0001;65120000;;6;1;;Avis d'attribution 139ème Opération - Exploitation du système de traitement des eaux usées du SIAPBE.;ouverte;;;;;False;False;False;1218054.0;7354;Syndicat mixte fermé ;3  à  5;False;2017-06-19;37.00Z;2008;5710.0;SAS, société par actions simplifiée;500  à  999;False;<NA>;2008;F;42;42.2;42.21;42.21Z;2008-04-22;;Émerainville;Seine-et-Marne;Île-de-France;(49.151665, 2.293508);Persan;Val-d'Oise;Île-de-France;;;;;;;;
False;;;False;True;False;non attribue;;;False;;;2026-09-30;{'StreetName': 'Chemin du Halage', 'AdditionalStreetName': None, 'CityName': 'Persan', 'PostalZone': '95340', 'Country': 'FRA'};200093680;True;SI D'ASSAINISSEMENT DE PERSAN, BEAUMONT ET ENVIRONS;Syndicat Intercommunal d'Assainissement de Persan, Beaumont-sur-Oise et Environs (95);;;services;['Critère tchnique 60%', 'Prix pondéré 40%'];['qualite', 'prix'];[60.0, 40.0];1825.0;False;;False;{'StreetName': None, 'CityName': 'PERSAN', 'PostalZone': '95340', 'NUTS': 'FR108', 'Country': 'FRA'};;;26-93615;;;;LOT-0002;65120000;;6;0;;Avis d'attribution 139ème Opération - Exploitation du système de traitement des eaux usées du SIAPBE.;ouverte;;;;;False;False;False;1218054.0;7354;Syndicat mixte fermé ;3  à  5;False;2017-06-19;37.00Z;2008;;;;;;<NA>;;;;;<NA>;<NA>;;;;;(49.151665, 2.293508);Persan;Val-d'Oise;Île-de-France;;;;;;;;
False;;;False;True;False;attribue;{'StreetName': None, 'AdditionalStreetName': None, 'CityName': 'Bornel', 'PostalZone': '60540', 'Country': 'FRA'};696980176;True;SOC D'ASSAINISSEMENT ET DE NETTOIEMENT;SANET;2026-09-30;{'StreetName': 'Chemin du Halage', 'AdditionalStreetName': None, 'CityName': 'Persan', 'PostalZone': '95340', 'Country': 'FRA'};200093680;True;SI D'ASSAINISSEMENT DE PERSAN, BEAUMONT ET ENVIRONS;Syndicat Intercommunal d'Assainissement de Persan, Beaumont-sur-Oise et Environs (95);;;services;['Critère technique 60%', 'Prix pondéré 40%'];['technique', 'prix'];[60.0, 40.0];1825.0;False;;False;{'StreetName': None, 'CityName': 'PERSAN', 'PostalZone': '95340', 'NUTS': 'FR108', 'Country': 'FRA'};;;26-93615;;50402.0;;LOT-0003;65120000;;6;1;;Avis d'attribution 139ème Opération - Exploitation du système de traitement des eaux usées du SIAPBE.;ouverte;;;;;False;False;False;1218054.0;7354;Syndicat mixte fermé ;3  à  5;False;2017-06-19;37.00Z;2008;5710.0;SAS, société par actions simplifiée;20  à  49;False;<NA>;2008;E;37;37.0;37.0;37.00Z;1969-01-01;;Bornel;Oise;Hauts-de-France;(49.151665, 2.293508);Persan;Val-d'Oise;Île-de-France;;;;;;;;
False;;;False;True;False;attribue;{'StreetName': None, 'AdditionalStreetName': None, 'CityName': 'Bornel', 'PostalZone': '60540', 'Country': 'FRA'};697180463;True;;BUTIN SEDIC;2026-09-30;{'StreetName': 'Chemin du Halage', 'AdditionalStreetName': None, 'CityName': 'Persan', 'PostalZone': '95340', 'Country': 'FRA'};200093680;True;SI D'ASSAINISSEMENT DE PERSAN, BEAUMONT ET ENVIRONS;Syndicat Intercommunal d'Assainissement de Persan, Beaumont-sur-Oise et Environs (95);;;services;['Critère technique 60%', 'Prix pondéré 40%'];['technique', 'prix'];[60.0, 40.0];1825.0;False;;False;{'StreetName': None, 'CityName': 'PERSAN', 'PostalZone': '95340', 'NUTS': 'FR108', 'Country': 'FRA'};;;26-93615;;25987.0;;LOT-0004;65120000;;6;1;;Avis d'attribution 139ème Opération - Exploitation du système de traitement des eaux usées du SIAPBE.;ouverte;;;;;False;False;False;1218054.0;7354;Syndicat mixte fermé ;3  à  5;False;2017-06-19;37.00Z;2008;;;;;;<NA>;;;;;<NA>;<NA>;;Bornel;Oise;Hauts-de-France;(49.151665, 2.293508);Persan;Val-d'Oise;Île-de-France;;;;;;;;
False;;;False;True;False;attribue;{'StreetName': None, 'AdditionalStreetName': None, 'CityName': 'Bornel', 'PostalZone': '60540', 'Country': 'FRA'};697180463;True;;BUTIN SEDIC;2026-09-30;{'StreetName': 'Chemin du Halage', 'AdditionalStreetName': None, 'CityName': 'Persan', 'PostalZone': '95340', 'Country': 'FRA'};200093680;True;SI D'ASSAINISSEMENT DE PERSAN, BEAUMONT ET ENVIRONS;Syndicat Intercommunal d'Assainissement de Persan, Beaumont-sur-Oise et Environs (95);;;services;['Critère technique 60%', 'Prix pondéré 40%'];['technique', 'prix'];[60.0, 40.0];1825.0;False;;False;{'StreetName': None, 'CityName': 'PERSAN', 'PostalZone': '95340', 'NUTS': 'FR108', 'Country': 'FRA'};;;26-93615;;14135.0;;LOT-0005;65120000;;6;1;;Avis d'attribution 139ème Opération - Exploitation du système de traitement des eaux usées du SIAPBE.;ouverte;;;;;False;False;False;1218054.0;7354;Syndicat mixte fermé ;3  à  5;False;2017-06-19;37.00Z;2008;;;;;;<NA>;;;;;<NA>;<NA>;;Bornel;Oise;Hauts-de-France;(49.151665, 2.293508);Persan;Val-d'Oise;Île-de-France;;;;;;;;
False;;;False;True;False;attribue;{'StreetName': None, 'AdditionalStreetName': None, 'CityName': 'NANTERRE', 'PostalZone': '92000', 'Country': 'FRA'};394995733;True;;PROTECT SECURITE;2026-09-30;{'StreetName': 'Chemin du Halage', 'AdditionalStreetName': None, 'CityName': 'Persan', 'PostalZone': '95340', 'Country': 'FRA'};200093680;True;SI D'ASSAINISSEMENT DE PERSAN, BEAUMONT ET ENVIRONS;Syndicat Intercommunal d'Assainissement de Persan, Beaumont-sur-Oise et Environs (95);;;services;['Critère technique 60%', 'Prix pondéré 40%'];['technique', 'prix'];[60.0, 40.0];1825.0;False;;False;{'StreetName': None, 'CityName': 'PERSAN', 'PostalZone': '95340', 'NUTS': 'FR108', 'Country': 'FRA'};;;26-93615;;4794.0;;LOT-0006;65120000;;6;2;;Avis d'attribution 139ème Opération - Exploitation du système de traitement des eaux usées du SIAPBE.;ouverte;;;;;False;False;False;1218054.0;7354;Syndicat mixte fermé ;3  à  5;False;2017-06-19;37.00Z;2008;;;;;;<NA>;;;;;<NA>;<NA>;;Nanterre;Hauts-de-Seine;Île-de-France;(49.151665, 2.293508);Persan;Val-d'Oise;Île-de-France;;;;;;;;
False;;;True;False;False;attribue;{'StreetName': None, 'AdditionalStreetName': None, 'CityName': 'NICE', 'PostalZone': '06000', 'Country': 'FRA'};512141359;True;AUTOSHOP;AUTOSHOP;2026-09-30;{'StreetName': 'Hôtel de Ville\nBP 79', 'AdditionalStreetName': None, 'CityName': 'Cagnes sur Mer', 'PostalZone': '06800', 'Country': 'FRA'};210600276;True;COMMUNE DE CAGNES SUR MER;Ville de Cagnes sur Mer (06);;;fournitures;;;;1460.0;False;;False;{'StreetName': None, 'CityName': 'CAGNES SUR MER', 'PostalZone': '06800', 'NUTS': 'FRL03', 'Country': 'FRA'};;;26-93645;;200000.0;800000.0;LOT-0001;34300000;;1;3;;FOURNITURE ET LIVRAISON DE PIECES MECANIQUES POUR LES VEHICULES DE MOINS DE 3.5 TONNES DE LA VILLE DE CAGNES SUR MER;ouverte;;;;;False;False;False;200000.0;7210;Commune et commune nouvelle ;500  à  999;False;1975-07-08;84.11Z;2008;5499.0;Société à responsabilité limitée (sans autre indication);10  à  19;<NA>;<NA>;2008;G;45;45.3;45.32;45.32Z;2009-04-22;;Nice;Alpes-Maritimes;Provence-Alpes-Côte d'Azur;(43.66373, 7.148837);Cagnes-sur-Mer;Alpes-Maritimes;Provence-Alpes-Côte d'Azur;;;;;;;;
False;;;True;False;False;attribue;{'StreetName': '87 RUE SAINT LAZARE', 'AdditionalStreetName': None, 'CityName': 'PARIS 9', 'PostalZone': '75009', 'Country': 'FRA'};351926712;True;FCL;FCL;2026-09-30;{'StreetName': 'Hôtel de Ville\nCours Masséna - CS 82205', 'AdditionalStreetName': None, 'CityName': 'Antibes Juan-les-Pins Cedex', 'PostalZone': '06606', 'Country': 'FRA'};210600045;True;COMMUNE D'ANTIBES;Ville d'Antibes (06);;;services;['Se référer au règlement de la consultation', 'Se référer au règlement de la consultation', 'Se référer au règlement de la consultation'];['qualite', 'prix', 'qualite'];[55.0, 40.0, 5.0];120.0;True;;False;;;;26-93684;;67685.0;185000.0;LOT-0001;79212200;;1;7;;Mission d’audit de la gestion de certains domaines d’activités relevant de l’administration communale;ouverte;26F087;;;;False;False;False;67685.0;7210;Commune et commune nouvelle ;2 000  à  4 999;False;1901-01-01;84.11Z;2008;5710.0;SAS, société par actions simplifiée;20  à  49;False;<NA>;2008;M;70;70.2;70.22;70.22Z;1989-07-01;(48.875865, 2.329931);Paris;Paris;Île-de-France;(43.5807, 7.12746);Antibes;Alpes-Maritimes;Provence-Alpes-Côte d'Azur;;;;;;;;
False;;;True;False;False;attribue;;;False;;;2026-09-30;{'StreetName': 'Hôtel de Ville\nCours Masséna - CS 82205', 'AdditionalStreetName': None, 'CityName': 'Antibes Juan-les-Pins Cedex', 'PostalZone': '06606', 'Country': 'FRA'};210600045;True;COMMUNE D'ANTIBES;Ville d'Antibes (06);;;services;['Se référer au règlement de la consultation', 'Se référer au règlement de la consultation'];['qualite', 'prix'];[60.0, 40.0];3650.0;False;;False;;;;26-93877;;1000000.0;;LOT-0001;66515000;;1;3;;Prestation d'assurance Dommages-Ouvrage pour les travaux de construction d’un équipement sportif à dominante tennis de table au Stade Gilbert Auvergne;ouverte;26F033;;;;False;False;False;1000000.0;7210;Commune et commune nouvelle ;2 000  à  4 999;False;1901-01-01;84.11Z;2008;;;;;;<NA>;;;;;<NA>;<NA>;;;;;(43.5807, 7.12746);Antibes;Alpes-Maritimes;Provence-Alpes-Côte d'Azur;;;;;;;;
False;;;True;False;False;attribue;{'StreetName': 'THE CURVE – 48/50 avenue du Général de Gaulle', 'AdditionalStreetName': None, 'CityName': 'PUTEAUX', 'PostalZone': '92800', 'Country': 'FRA'};892178377;True;INDIGO VOIRIE;INDIGO VOIRIE;2026-09-30;{'StreetName': 'Hôtel de Ville\nBP 79', 'AdditionalStreetName': None, 'CityName': 'Cagnes sur Mer', 'PostalZone': '06800', 'Country': 'FRA'};210600276;True;COMMUNE DE CAGNES SUR MER;Ville de Cagnes sur Mer (06);;;services;['prix', 'QUALITE', 'DEMARCHE ENVIRONNEMENTALE'];['prix', 'qualite', 'environnemental'];;1460.0;False;;False;{'StreetName': 'CAGNES SUR MER', 'CityName': 'CAGNES SUR MER', 'PostalZone': '06800', 'NUTS': 'FRL03', 'Country': 'FRA'};;;26-93631;;2800000.0;2800000.0;LOT-0001;63712400;;1;1;;MARCHE DE GESTION INTEGREE, D’EXPLOITATION ET DE MAINTENANCE DU STATIONNEMENT PAYANT SUR VOIRIE ET DE SES SYSTEMES ASSOCIES;ouverte;;;;;False;False;False;2800000.0;7210;Commune et commune nouvelle ;500  à  999;False;1975-07-08;84.11Z;2008;5710.0;SAS, société par actions simplifiée;100  à  199;False;<NA>;2008;H;52;52.2;52.21;52.21Z;2020-12-17;(48.8883, 2.234157);Puteaux;Hauts-de-Seine;Île-de-France;(43.66373, 7.148837);Cagnes-sur-Mer;Alpes-Maritimes;Provence-Alpes-Côte d'Azur;;;;;;;;
False;;;True;True;False;attribue;{'StreetName': '108 AVENUE DU DOCTEUR JULIEN LEFEVRE', 'AdditionalStreetName': None, 'CityName': 'VILLENEUVE LOUBET', 'PostalZone': '06270', 'Country': 'FRA'};478253321;True;SOC NOUVELLE GROUPEMENT PEINTURES DU SUD;SN GROUPEMENT DES PEINTURES DU SUD (GPS);2026-09-30;{'StreetName': 'Hôtel de Ville\nBP 79', 'AdditionalStreetName': None, 'CityName': 'Cagnes sur Mer', 'PostalZone': '06800', 'Country': 'FRA'};210600276;True;COMMUNE DE CAGNES SUR MER;Ville de Cagnes sur Mer (06);;;travaux;['prix', 'QUALITE', 'QUALITE'];['prix', 'qualite', 'qualite'];;1460.0;False;;False;{'StreetName': 'CAGNES SUR MER', 'CityName': 'CAGNES SUR MER', 'PostalZone': '06800', 'NUTS': 'FRL03', 'Country': 'FRA'};;;26-93812;;2000000.0;2000000.0;LOT-0001;45442110;;6;8;;TRAVAUX D’AMENAGEMENT ET D’AMELIORATION DES BATIMENTS COMMUNAUX ET DE LEURS ANNEXES POUR LES BESOINS DE LA COMMUNE DE CAGNES SUR MER;ouverte;;;;;False;False;False;12000000.0;7210;Commune et commune nouvelle ;500  à  999;False;1975-07-08;84.11Z;2008;5499.0;Société à responsabilité limitée (sans autre indication);10  à  19;<NA>;<NA>;2008;F;43;43.3;43.34;43.34Z;2004-07-30;(43.636055, 7.132559);Villeneuve-Loubet;Alpes-Maritimes;Provence-Alpes-Côte d'Azur;(43.66373, 7.148837);Cagnes-sur-Mer;Alpes-Maritimes;Provence-Alpes-Côte d'Azur;;;;;;;;
False;;;True;True;False;attribue;{'StreetName': '51 BD JEAN DOMINIQUE BLANQUI', 'AdditionalStreetName': None, 'CityName': 'LA TRINITE', 'PostalZone': '06340', 'Country': 'FRA'};956803928;True;AUGIER ET CIE;SARL AUGIER ET CIE;2026-09-30;{'StreetName': 'Hôtel de Ville\nBP 79', 'AdditionalStreetName': None, 'CityName': 'Cagnes sur Mer', 'PostalZone': '06800', 'Country': 'FRA'};210600276;True;COMMUNE DE CAGNES SUR MER;Ville de Cagnes sur Mer (06);;;travaux;['prix', 'QUALITE', 'QUALITE'];['prix', 'qualite', 'qualite'];;1460.0;False;;False;{'StreetName': 'CAGNES SUR MER', 'CityName': 'CAGNES SUR MER', 'PostalZone': '06800', 'NUTS': 'FRL03', 'Country': 'FRA'};;;26-93812;;2000000.0;2000000.0;LOT-0002;45262600;;6;5;;TRAVAUX D’AMENAGEMENT ET D’AMELIORATION DES BATIMENTS COMMUNAUX ET DE LEURS ANNEXES POUR LES BESOINS DE LA COMMUNE DE CAGNES SUR MER;ouverte;;;;;False;False;False;12000000.0;7210;Commune et commune nouvelle ;500  à  999;False;1975-07-08;84.11Z;2008;5499.0;Société à responsabilité limitée (sans autre indication);6  à  9;False;<NA>;2008;F;43;43.9;43.99;43.99C;1956-01-01;(43.73498, 7.313768);La Trinité;Alpes-Maritimes;Provence-Alpes-Côte d'Azur;(43.66373, 7.148837);Cagnes-sur-Mer;Alpes-Maritimes;Provence-Alpes-Côte d'Azur;;;;;;;;
False;;;True;True;False;attribue;{'StreetName': '22 BIS ALLEE DES SANTONNIERS - SECTEUR d12', 'AdditionalStreetName': None, 'CityName': 'SAINT LAURENT DU VAR', 'PostalZone': '06700', 'Country': 'FRA'};849792833;True;EXETANCH;EXETANCH;2026-09-30;{'StreetName': 'Hôtel de Ville\nBP 79', 'AdditionalStreetName': None, 'CityName': 'Cagnes sur Mer', 'PostalZone': '06800', 'Country': 'FRA'};210600276;True;COMMUNE DE CAGNES SUR MER;Ville de Cagnes sur Mer (06);;;travaux;['PRIX', 'QUALITE', 'QUALITE'];['prix', 'qualite', 'qualite'];;1460.0;False;;False;{'StreetName': 'CAGNES SUR MER', 'CityName': 'CAGNES SUR MER', 'PostalZone': '06800', 'NUTS': 'FRL03', 'Country': 'FRA'};;;26-93812;;2000000.0;2000000.0;LOT-0003;45261420;;6;6;;TRAVAUX D’AMENAGEMENT ET D’AMELIORATION DES BATIMENTS COMMUNAUX ET DE LEURS ANNEXES POUR LES BESOINS DE LA COMMUNE DE CAGNES SUR MER;ouverte;;;;;False;False;False;12000000.0;7210;Commune et commune nouvelle ;500  à  999;False;1975-07-08;84.11Z;2008;5710.0;SAS, société par actions simplifiée;20  à  49;False;<NA>;2008;F;43;43.9;43.99;43.99A;2019-03-29;(43.702457, 7.181396);Saint-Laurent-du-Var;Alpes-Maritimes;Provence-Alpes-Côte d'Azur;(43.66373, 7.148837);Cagnes-sur-Mer;Alpes-Maritimes;Provence-Alpes-Côte d'Azur;;;;;;;;
False;;;True;True;False;attribue;{'StreetName': 'ZI 13EME RIE 5EME AVENUE - BP 513', 'AdditionalStreetName': None, 'CityName': 'CARROS', 'PostalZone': '06516', 'Country': 'FRA'};384342432;True;EUROP'ELEC;EUROP'ELEC;2026-09-30;{'StreetName': 'Hôtel de Ville\nBP 79', 'AdditionalStreetName': None, 'CityName': 'Cagnes sur Mer', 'PostalZone': '06800', 'Country': 'FRA'};210600276;True;COMMUNE DE CAGNES SUR MER;Ville de Cagnes sur Mer (06);;;travaux;;;;1460.0;False;;False;{'StreetName': 'CAGNES SUR MER', 'CityName': 'CAGNES SUR MER', 'PostalZone': '06800', 'NUTS': 'FRL03', 'Country': 'FRA'};;;26-93812;;2000000.0;2000000.0;LOT-0007;45310000;;6;8;;TRAVAUX D’AMENAGEMENT ET D’AMELIORATION DES BATIMENTS COMMUNAUX ET DE LEURS ANNEXES POUR LES BESOINS DE LA COMMUNE DE CAGNES SUR MER;ouverte;;;;;False;False;False;12000000.0;7210;Commune et commune nouvelle ;500  à  999;False;1975-07-08;84.11Z;2008;5710.0;SAS, société par actions simplifiée;50  à  99;False;<NA>;2008;F;43;43.2;43.21;43.21A;1992-01-15;(43.796086, 7.20109);Carros;Alpes-Maritimes;Provence-Alpes-Côte d'Azur;(43.66373, 7.148837);Cagnes-sur-Mer;Alpes-Maritimes;Provence-Alpes-Côte d'Azur;;;;;;;;
False;;;True;True;False;attribue;{'StreetName': '119 ROUTE DE CANTA GALET', 'AdditionalStreetName': None, 'CityName': 'NICE', 'PostalZone': '06200', 'Country': 'FRA'};803438779;True;S.N. DEGIVRY;SN DEGIVRY;2026-09-30;{'StreetName': 'Hôtel de Ville\nBP 79', 'AdditionalStreetName': None, 'CityName': 'Cagnes sur Mer', 'PostalZone': '06800', 'Country': 'FRA'};210600276;True;COMMUNE DE CAGNES SUR MER;Ville de Cagnes sur Mer (06);;;travaux;;;;1460.0;False;;False;{'StreetName': 'CAGNES SUR MER', 'CityName': 'CAGNES SUR MER', 'PostalZone': '06800', 'NUTS': 'FRL03', 'Country': 'FRA'};;;26-93812;;2000000.0;2000000.0;LOT-0008;45421000;;6;4;;TRAVAUX D’AMENAGEMENT ET D’AMELIORATION DES BATIMENTS COMMUNAUX ET DE LEURS ANNEXES POUR LES BESOINS DE LA COMMUNE DE CAGNES SUR MER;ouverte;;;;;False;False;False;12000000.0;7210;Commune et commune nouvelle ;500  à  999;False;1975-07-08;84.11Z;2008;5710.0;SAS, société par actions simplifiée;6  à  9;False;<NA>;2008;F;43;43.3;43.32;43.32B;2014-07-07;(43.706893, 7.220578);Nice;Alpes-Maritimes;Provence-Alpes-Côte d'Azur;(43.66373, 7.148837);Cagnes-sur-Mer;Alpes-Maritimes;Provence-Alpes-Côte d'Azur;;;;;;;;
False;;;True;True;False;attribue;"{'StreetName': ""PARC D'ACTIVITES LOGISTIQUES - BOX 12 - SAINT ISIDORE"", 'AdditionalStreetName': None, 'CityName': 'NICE CEDEX 3', 'PostalZone': '06284', 'Country': 'FRA'}";970802955;True;SILENCE CONFORT;SILENCE CONFORT;2026-09-30;{'StreetName': 'Hôtel de Ville\nBP 79', 'AdditionalStreetName': None, 'CityName': 'Cagnes sur Mer', 'PostalZone': '06800', 'Country': 'FRA'};210600276;True;COMMUNE DE CAGNES SUR MER;Ville de Cagnes sur Mer (06);;;travaux;;;;1460.0;False;;False;{'StreetName': 'CAGNES SUR MER', 'CityName': 'CAGNES SUR MER', 'PostalZone': '06800', 'NUTS': 'FRL03', 'Country': 'FRA'};;;26-93812;;2000000.0;2000000.0;LOT-0009;45432111;;6;4;;TRAVAUX D’AMENAGEMENT ET D’AMELIORATION DES BATIMENTS COMMUNAUX ET DE LEURS ANNEXES POUR LES BESOINS DE LA COMMUNE DE CAGNES SUR MER;ouverte;;;;;False;False;False;12000000.0;7210;Commune et commune nouvelle ;500  à  999;False;1975-07-08;84.11Z;2008;5710.0;SAS, société par actions simplifiée;10  à  19;False;<NA>;2008;F;43;43.3;43.39;43.39Z;1970-01-01;(45.537969, 5.990236);Saint-Jeoire-Prieuré;Savoie;Auvergne-Rhône-Alpes;(43.66373, 7.148837);Cagnes-sur-Mer;Alpes-Maritimes;Provence-Alpes-Côte d'Azur;;;;;;;;
False;['39522530'];;True;False;False;non attribue;;;False;;;2026-09-30;"{'StreetName': ""5 RUE DE L'HOTEL DE VILLE"", 'AdditionalStreetName': None, 'CityName': 'NICE CEDEX 4', 'PostalZone': '06364', 'Country': 'FRA'}";210600888;True;COMMUNE DE NICE;VILLE DE NICE;;;services;['Le prix', 'La valeur technique', 'Environnemental'];['prix', 'technique', 'environnemental'];[50.0, 35.0, 15.0];1440.0;True;;False;{'StreetName': 'Ville de Nice', 'CityName': 'Nice', 'PostalZone': '06364', 'NUTS': 'FRL03', 'Country': 'FRA'};sans remise en concurrence;;26-93427;;;803609.17;LOT-0001;51000000;;1;2;;26V0064. LOCATION ET INSTALLATION DE STRUCTURES LEGERES POUR LES MANIFESTATIONS;ouverte;26V0064;3.0;;;True;False;False;;7210;Commune et commune nouvelle ;5 000  à  9 999;False;1911-11-11;84.11Z;2008;;;;;;<NA>;;;;;<NA>;<NA>;;;;;(43.696197, 7.271743);Nice;Alpes-Maritimes;Provence-Alpes-Côte d'Azur;;;;;;;;
False;;;True;False;False;attribue;{'StreetName': 'ROUTE DE SAINT REMY DE PROVENCE', 'AdditionalStreetName': None, 'CityName': 'MAILLANE', 'PostalZone': '13910', 'Country': 'FRA'};511118929;True;SALADE 2 FRUITS;SAS SALADE 2 FRUITS;2026-09-30;"{'StreetName': ""5 RUE DE L'HOTEL DE VILLE"", 'AdditionalStreetName': None, 'CityName': 'NICE CEDEX 4', 'PostalZone': '06364', 'Country': 'FRA'}";210600888;True;COMMUNE DE NICE;VILLE DE NICE;;;fournitures;"['Le prix', ""Les performances en matière de protection de l'environnement"", 'La valeur technique']";['prix', 'environnemental', 'technique'];[50.0, 20.0, 30.0];1440.0;True;;False;{'StreetName': 'NICE', 'CityName': 'NICE', 'PostalZone': '06364', 'NUTS': 'FRL03', 'Country': 'FRA'};sans remise en concurrence;;26-93638;;170957.0;166812.5;LOT-0001;03222000;1600000.0;1;4;;26V0211 Fruits de 1ère gamme issus de l’agriculture biologique;ouverte;26V0211;3.0;;;False;False;False;170957.0;7210;Commune et commune nouvelle ;5 000  à  9 999;False;1911-11-11;84.11Z;2008;5710.0;SAS, société par actions simplifiée;200  à  249;False;False;2008;G;46;46.3;46.31;46.31Z;2009-03-01;(43.825202, 4.794514);Maillane;Bouches-du-Rhône;Provence-Alpes-Côte d'Azur;(43.696197, 7.271743);Nice;Alpes-Maritimes;Provence-Alpes-Côte d'Azur;;;;;;;;
False;['71221000'];42.0;False;False;False;attribue;{'StreetName': None, 'AdditionalStreetName': None, 'CityName': 'Boujan S/Libron', 'PostalZone': '34760', 'Country': 'FRA'};['930592282', '984646695', '390205698', '920124922', '343286183', '392642294', '410458566', '401694245', '843511510', '940777949'];False;;Groupement SARL NAOS (Mandataire) / ESPACE LIBRE / ALTAÏR / HEKA / VEGA / BETGRENET / EKKOIA / BE2T / GAIPAR / SOLEA - BTP;2026-09-30;"{'StreetName': ""Hôtel du département, Mas d'Alco"", 'AdditionalStreetName': '1977 avenue des moulins', 'CityName': 'Montpellier', 'PostalZone': '34087', 'Country': 'FRA'}";223400011;False;DEPARTEMENT DE L HERAULT;Conseil départemental de l'Hérault;2024-10-23;;services;"['Qualités architecturales, fonctionnelles et environnementales de la réponse apportée au programme', ""Cohérence du projet avec l'enveloppe financière affectée aux travaux""]";['environnemental', 'prix'];;;False;;False;;;;26-93489;24-120049;1030912.17;;LOT-0000;71221000;;1;5;;Maîtrise d'oeuvre pour l'extension et le réaménagement du collège J. Ferry à Cazouls-les-Béziers;restreinte;24CCO08;;;False;False;False;False;1030912.17;7220;Département ;5 000  à  9 999;False;1982-01-01;84.11Z;2008;;;;;;<NA>;;;;;<NA>;<NA>;;Boujan-sur-Libron;Hérault;Occitanie;;;;;;;;;;;;
False;['30192000'];;True;True;False;attribue;{'StreetName': '15 Zac Saint Louis', 'AdditionalStreetName': None, 'CityName': 'Le Thor', 'PostalZone': '84250', 'Country': 'FRA'};444553465;False;LACOSTE;LACOSTE;2026-09-30;{'StreetName': 'Place Jean-Baptiste Daviais', 'AdditionalStreetName': None, 'CityName': 'Rezé', 'PostalZone': '44403', 'Country': 'FRA'};214401432;False;COMMUNE DE REZE;MAIRIE DE REZE;;;fournitures;"[""Valeur technique de l'offre"", 'Prise en compte de la notion de développement durable', 'Prix']";['technique', 'environnemental', 'prix'];[45.0, 15.0, 40.0];;False;508000.0;False;;sans remise en concurrence;;26-93594;;360000.0;;LOT-0001;30192000;500000.0;3;3;3.0;Fourniture et petits équipements de bureau, enveloppes et papiers 2026-30;ouverte;2026FCS0015;3.0;;;False;False;False;;7210;Commune et commune nouvelle ;1 000  à  1 999;False;1947-12-01;84.11Z;2008;5710.0;SAS, société par actions simplifiée;500  à  999;True;<NA>;2008;G;46;46.4;46.49;46.49Z;2003-01-01;(43.924, 4.999572);Le Thor;Vaucluse;Provence-Alpes-Côte d'Azur;(47.191326, -1.569557);Rezé;Loire-Atlantique;Pays de la Loire;;;;;;;;
False;['30197630'];;True;True;False;attribue;{'StreetName': '61 Av Georges Clemenceau', 'AdditionalStreetName': None, 'CityName': 'Les Herbiers', 'PostalZone': '85500', 'Country': 'FRA'};444125587;False;SOCIETE FINANCIERE VERRIER;VERRIER;2026-09-30;{'StreetName': 'Place Jean-Baptiste Daviais', 'AdditionalStreetName': None, 'CityName': 'Rezé', 'PostalZone': '44403', 'Country': 'FRA'};214401432;False;COMMUNE DE REZE;MAIRIE DE REZE;;;fournitures;"[""Valeur technique de l'offre"", 'Prise en compte de la notion de développement durable', 'Prix']";['technique', 'environnemental', 'prix'];[45.0, 15.0, 40.0];;False;508000.0;False;;sans remise en concurrence;;26-93594;;140000.0;;LOT-0002;30192000;500000.0;3;3;3.0;Fourniture et petits équipements de bureau, enveloppes et papiers 2026-30;ouverte;2026FCS0015;3.0;;;False;False;False;;7210;Commune et commune nouvelle ;1 000  à  1 999;False;1947-12-01;84.11Z;2008;5710.0;SAS, société par actions simplifiée;1  ou  2;False;<NA>;2008;L;68;68.2;68.2;68.20B;2002-08-30;(46.860957, -1.010768);Les Herbiers;Vendée;Pays de la Loire;(47.191326, -1.569557);Rezé;Loire-Atlantique;Pays de la Loire;;;;;;;;
False;['30197630'];;True;True;False;non attribue;;;False;;;2026-09-30;{'StreetName': 'Place Jean-Baptiste Daviais', 'AdditionalStreetName': None, 'CityName': 'Rezé', 'PostalZone': '44403', 'Country': 'FRA'};214401432;False;COMMUNE DE REZE;MAIRIE DE REZE;;;fournitures;"[""Valeur technique de l'offre"", 'Prise en compte de la notion de développement durable', 'Prix']";['technique', 'environnemental', 'prix'];[45.0, 15.0, 40.0];;False;508000.0;False;;sans remise en concurrence;;26-93594;;;;LOT-0003;30192000;500000.0;3;1;1.0;Fourniture et petits équipements de bureau, enveloppes et papiers 2026-30;ouverte;2026FCS0015;3.0;;;False;False;False;;7210;Commune et commune nouvelle ;1 000  à  1 999;False;1947-12-01;84.11Z;2008;;;;;;<NA>;;;;;<NA>;<NA>;;;;;(47.191326, -1.569557);Rezé;Loire-Atlantique;Pays de la Loire;;;;;;;;
False;;;True;False;False;attribue;{'StreetName': '5 rue de la Johardière CS20289', 'AdditionalStreetName': None, 'CityName': 'Saint Herblain', 'PostalZone': '44803', 'Country': 'FRA'};903869071;True;APAVE INFRASTRUCTURES ET CONSTRUCTION FRANCE;APAVE INFRASTRUCTURES ET CONSTRUCTION FRANCE;2026-09-30;"{'StreetName': ""2 rue de l'Hôtel de Ville - BP50167"", 'AdditionalStreetName': None, 'CityName': 'Saint herblain', 'PostalZone': '44802', 'Country': 'FRA'}";214401622;True;COMMUNE DE SAINT-HERBLAIN;Mairie de St Herblain;;;services;"[""Analyse financière de l'offre décomposée en deux sous-critères : Montant global de la mission type complétée par le candidat (20%)/ Montant global du DQE (20%)"", ""Valeur technique évaluée à partir de la note technique et d'après les sous critères suivants ; \n- Qualité des moyens humains spécifiquement consacrés aux prestations (15%)\n- Méthodologie d'organisation dédiée au contrat\t(15%)\n- Qualité des documents types fournis (5%)\n- Mesures prises pour minorer l'impact environnemental de son activité (5%)"", 'Qualité de la réponse à la mission type notamment les moyens humains dédiés à la mission type et la cohérence des temps à chaque phase']";['prix', 'environnemental & social', 'social'];[40.0, 40.0, 20.0];1440.0;False;0.0;False;{'StreetName': None, 'CityName': 'Ville de Saint herblain', 'PostalZone': '44800', 'NUTS': 'FRG01', 'Country': 'FRA'};sans remise en concurrence;;26-93622;;;;LOT-0001;71317210;320000.0;1;8;;Missions de coordination sécurité et protection de la santé pour des opérations de travaux de la Ville de Saint-Herblain.;ouverte;SPS;;;;False;False;False;;7210;Commune et commune nouvelle ;1 000  à  1 999;False;1983-03-01;84.11Z;2008;5710.0;SAS, société par actions simplifiée;1 000  à  1 999;False;False;2008;M;71;71.2;71.2;71.20B;2021-09-28;(47.224634, -1.646655);Saint-Herblain;Loire-Atlantique;Pays de la Loire;(47.210953, -1.648744);Saint-Herblain;Loire-Atlantique;Pays de la Loire;;;;;;;;
False;;;True;False;False;attribue;;;False;;;2026-09-30;"{'StreetName': ""Rue de l'Hôtel de Ville"", 'AdditionalStreetName': None, 'CityName': 'Carquefou cedex', 'PostalZone': '44471', 'Country': 'FRA'}";214400269;True;COMMUNE DE CARQUEFOU;Ville de Carquefou;;2026-10-01+02:00;services;['Valeur Technique', 'Prix'];['technique', 'prix'];[55.0, 45.0];365.0;False;;False;{'StreetName': None, 'CityName': 'Carquefou', 'PostalZone': '44470', 'NUTS': 'FRG01', 'Country': 'FRA'};;;26-93691;;315000.0;;LOT-0001;77314000;;1;3;;Entretien des terrains de sports engazonnés et synthétiques;ouverte;2026_08;2.0;;;False;False;False;315000.0;7210;Commune et commune nouvelle ;500  à  999;False;1983-03-01;84.11Z;2008;;;;;;<NA>;;;;;<NA>;<NA>;;;;;(47.298968, -1.493705);Carquefou;Loire-Atlantique;Pays de la Loire;;;;;;;;
False;['45421000'];;False;False;False;attribue;{'StreetName': '24 Rue D Alpignano', 'AdditionalStreetName': None, 'CityName': 'Fontaine', 'PostalZone': '38600', 'Country': 'FRA'};948832324;False;ALKIA MENUISERIE SERRURERIE;ALKIA MENUISERIE SERRURERIE;2026-09-30;{'StreetName': 'Le Forum - Cs 50053', 'AdditionalStreetName': '3 rue Malakoff', 'CityName': 'Grenoble', 'PostalZone': '38031', 'Country': 'FRA'};200040715;False;METROPOLE GRENOBLE-ALPES-METROPOLE (METRO);GRENOBLE ALPES METROPOLE;;2026-06-29+02:00;travaux;"['Valeur technique', ""Performances en matière de protection de l'environnement"", 'Prix des prestations']";['technique', 'environnemental', 'prix'];[30.0, 10.0, 60.0];360.0;False;1000000.0;False;;sans remise en concurrence;;26-93786;;1000000.0;;LOT-0000;45421000;1000000.0;1;2;;Travaux d'aménagement et d'entretien des bâtiments et sites de Grenoble Alpes Métropole - Lot « Menuiserie extérieure / vitrerie / film sur vitrage »;ouverte;2026-TX-ACP-0082;3.0;;;True;False;True;1000000.0;7344;Métropole;2 000  à  4 999;False;2014-01-01;84.11Z;2008;5710.0;SAS, société par actions simplifiée;;False;<NA>;2008;F;43;43.3;43.32;43.32A;2023-01-24;(45.188418, 5.694733);Fontaine;Isère;Auvergne-Rhône-Alpes;(45.188897, 5.739129);Grenoble;Isère;Auvergne-Rhône-Alpes;;;;;;;;
False;['75231240'];;True;False;False;attribue;{'StreetName': None, 'AdditionalStreetName': None, 'CityName': '67028', 'PostalZone': '67230', 'Country': 'FRA'};341177400;True;ASSOCIATION REAGIR;ASSOCIATION REAGIR;2026-09-30;{'StreetName': 'Place du Quartier Blanc', 'AdditionalStreetName': None, 'CityName': 'Strasbourg cedex', 'PostalZone': '67964', 'Country': 'FRA'};200094332;True;COLLECTIVITE EUROPEENNE D'ALSACE;Collectivité européenne d Alsace;;;services;['PRIX', 'Valeur technique'];['prix', 'technique'];[60.0, 40.0];210.0;False;;False;;sans remise en concurrence;;26-93850;;287500.0;;LOT-0001;79620000;400000.0;1;2;;Services de réinsertion par l’intermédiaire de la mise à disposition d'agents d'entretien et de restauration polyvalents pour les besoins des collèges de Centre Alsace de la CEA – marché réservé aux s;autre;26104;2.0;;;False;False;False;287500.0;7220;Département ;5 000  à  9 999;False;2021-01-01;84.11Z;2008;9260.0;Association de droit local (Bas-Rhin, Haut-Rhin et Moselle);50  à  99;True;<NA>;2008;N;78;78.3;78.3;78.30Z;1987-04-13;;;;;(48.579079, 7.739224);Strasbourg;Bas-Rhin;Grand Est;;;;;;;;
False;;;True;True;False;attribue;;;False;;;2026-09-30;{'StreetName': '3 Boulevard Joffre', 'AdditionalStreetName': None, 'CityName': 'Nancy', 'PostalZone': '54036', 'Country': 'FRA'};130007834;True;AGENCE REGIONALE DE SANTE GRAND EST;ARS Grand-Est;;;services;['Les critères et leurs pondérations sont définis au règlement de consultation'];['prix'];[100];360.0;False;;False;{'StreetName': None, 'CityName': None, 'PostalZone': None, 'NUTS': 'FRF31', 'Country': 'FRA'};avec remise en concurrence;;26-93690;;;;LOT-0002;79419000;31000000.0;2;11;;Marché interARS : Evaluation du PRS et Evaluation d’actions, de projets ou de dispositifs mis en œuvre dans le cadre du PRS;ouverte;26INT009-AC_evaluationsPRS;3.0;;;False;False;False;;7385;Autre établissement public national administratif à compétence territoriale limitée ;500  à  999;<NA>;2009-07-21;84.12Z;2008;;;;;;<NA>;;;;;<NA>;<NA>;;;;;(48.688858, 6.177155);Nancy;Meurthe-et-Moselle;Grand Est;;;;;;;;
False;;;True;True;False;attribue;;;False;;;2026-09-30;{'StreetName': '3 Boulevard Joffre', 'AdditionalStreetName': None, 'CityName': 'Nancy', 'PostalZone': '54036', 'Country': 'FRA'};130007834;True;AGENCE REGIONALE DE SANTE GRAND EST;ARS Grand-Est;;;services;['Les critères et leurs pondérations sont définis au règlement de consultation'];['prix'];[100];360.0;False;;False;{'StreetName': None, 'CityName': None, 'PostalZone': None, 'NUTS': 'FRF31', 'Country': 'FRA'};avec remise en concurrence;;26-93690;;;;LOT-0001;79419000;31000000.0;2;10;;Marché interARS : Evaluation du PRS et Evaluation d’actions, de projets ou de dispositifs mis en œuvre dans le cadre du PRS;ouverte;26INT009-AC_evaluationsPRS;3.0;;;False;False;False;;7385;Autre établissement public national administratif à compétence territoriale limitée ;500  à  999;<NA>;2009-07-21;84.12Z;2008;;;;;;<NA>;;;;;<NA>;<NA>;;;;;(48.688858, 6.177155);Nancy;Meurthe-et-Moselle;Grand Est;;;;;;;;
False;['71311000', '71400000', '71420000'];;True;False;False;attribue;{'StreetName': '590 Che De La Za Des Metrillots', 'AdditionalStreetName': None, 'CityName': 'Montagnat', 'PostalZone': '01250', 'Country': 'FRA'};510995608;False;AINTEGRA;AINTEGRA;2026-09-30;"{'StreetName': ""6, Place  de l'Hôtel de ville"", 'AdditionalStreetName': None, 'CityName': 'Bonneville', 'PostalZone': '74130', 'Country': 'FRA'}";200000172;False;COMMUNAUTE DE COMMUNES FAUCIGNY GLIERES;Communauté de Communes de Faucigny-Glières;;2026-09-01+02:00;services;['Qualité des prestations', 'Prix des prestations'];['qualite', 'prix'];[55.0, 45.0];1440.0;False;;False;;;;26-93466;;173925.0;;LOT-0000;71250000;;1;11;;Maîtrise d'oeuvre pour l'aménagement de la Zone d'Activité Economique de Pré-Mouchet situé à Bonneville (74130);ouverte;2026/10;;;;False;False;False;173925.0;7346;Communauté de communes ;250  à  499;False;2006-01-01;84.11Z;2008;5499.0;Société à responsabilité limitée (sans autre indication);6  à  9;<NA>;<NA>;2008;M;71;71.1;71.12;71.12B;2009-03-09;(46.161727, 5.269892);Montagnat;Ain;Auvergne-Rhône-Alpes;(46.077548, 6.408431);Bonneville;Haute-Savoie;Auvergne-Rhône-Alpes;;;;;;;;
False;['38500000'];;True;True;False;attribue;{'StreetName': None, 'AdditionalStreetName': None, 'CityName': 'BOIS COLOMBES', 'PostalZone': '92270', 'Country': 'FRA'};417793023;True;KEYENCE (FRANCE) SAS;KEYENCE FRANCE SAS;2026-09-30;{'StreetName': None, 'AdditionalStreetName': None, 'CityName': 'SAINT-ETIENNE', 'PostalZone': '42000', 'Country': 'FRA'};938501681;True;UNIVERSITE JEAN MONNET;Université Jean Monnet;;2026-04-27+02:00;fournitures;"['Montant des prestations', ""Mémoire justificatif de l'offre""]";['prix', 'qualite'];[60.0, 40.0];;False;;False;{'StreetName': None, 'CityName': 'SAINT ETIENNE', 'PostalZone': '42000', 'NUTS': 'FRK25', 'Country': 'FRA'};;;26-93869;;108790.0;;LOT-0001;38636000;;4;1;;Instrumentation d'imagerie, tomographie et culture pour le développement du bioréacteur cornéen;ouverte;2026-004;;;;True;False;False;300661.0;7383;Établissement public national à caractère scientifique culturel et professionnel ;;False;2024-12-06;85.42Z;2008;5710.0;SAS, société par actions simplifiée;250  à  499;False;<NA>;2008;G;46;46.5;46.52;46.52Z;1998-02-20;;Bois-Colombes;Hauts-de-Seine;Île-de-France;;Saint-Étienne;Loire;Auvergne-Rhône-Alpes;;;;;;;;
False;['33115000'];;True;True;False;attribue;{'StreetName': None, 'AdditionalStreetName': None, 'CityName': 'PARIS', 'PostalZone': '75013', 'Country': 'FRA'};804599710;True;DAMAE MEDICAL;Damae Medical SAS;2026-09-30;{'StreetName': None, 'AdditionalStreetName': None, 'CityName': 'SAINT-ETIENNE', 'PostalZone': '42000', 'Country': 'FRA'};938501681;True;UNIVERSITE JEAN MONNET;Université Jean Monnet;;2026-04-28+02:00;fournitures;"[""Montant de l'offre"", ""Mémoire justificatif de l'offre""]";['prix', 'qualite'];[60.0, 40.0];;False;;False;{'StreetName': None, 'CityName': 'SAINT ETIENNE', 'PostalZone': '42000', 'NUTS': 'FRK25', 'Country': 'FRA'};;;26-93869;;109000.0;;LOT-0002;33110000;;4;1;;Instrumentation d'imagerie, tomographie et culture pour le développement du bioréacteur cornéen;ouverte;2026-004;;;;True;False;False;300661.0;7383;Établissement public national à caractère scientifique culturel et professionnel ;;False;2024-12-06;85.42Z;2008;5710.0;SAS, société par actions simplifiée;20  à  49;False;<NA>;2008;M;72;72.1;72.19;72.19Z;2014-09-15;;Paris;Paris;Île-de-France;;Saint-Étienne;Loire;Auvergne-Rhône-Alpes;;;;;;;;
False;;;True;True;False;attribue;{'StreetName': None, 'AdditionalStreetName': None, 'CityName': 'VILLEPINTE', 'PostalZone': '93420', 'Country': 'FRA'};632043071;True;BECKMAN COULTER FRANCE;BECKMAN COULTER  France S.A.S;2026-09-30;{'StreetName': None, 'AdditionalStreetName': None, 'CityName': 'SAINT-ETIENNE', 'PostalZone': '42000', 'Country': 'FRA'};938501681;True;UNIVERSITE JEAN MONNET;Université Jean Monnet;;2026-04-27+02:00;fournitures;"['Montant des prestations', ""Mémoire justificatif de l'offre""]";['prix', 'qualite'];[60.0, 40.0];;False;;False;{'StreetName': None, 'CityName': 'SAINT ETIENNE', 'PostalZone': '42000', 'NUTS': 'FRK25', 'Country': 'FRA'};;;26-93869;;49218.0;;LOT-0003;38434510;;4;2;;Instrumentation d'imagerie, tomographie et culture pour le développement du bioréacteur cornéen;ouverte;2026-004;;;;True;False;False;300661.0;7383;Établissement public national à caractère scientifique culturel et professionnel ;;False;2024-12-06;85.42Z;2008;5710.0;SAS, société par actions simplifiée;250  à  499;False;<NA>;2008;G;46;46.4;46.46;46.46Z;1984-12-21;;Villepinte;Seine-Saint-Denis;Île-de-France;;Saint-Étienne;Loire;Auvergne-Rhône-Alpes;;;;;;;;
False;['38540000'];;True;True;False;attribue;{'StreetName': None, 'AdditionalStreetName': None, 'CityName': 'NANTERRE', 'PostalZone': '92000', 'Country': 'FRA'};319449765;True;CLINISCIENCES;Clinisciences SAS;2026-09-30;{'StreetName': None, 'AdditionalStreetName': None, 'CityName': 'SAINT-ETIENNE', 'PostalZone': '42000', 'Country': 'FRA'};938501681;True;UNIVERSITE JEAN MONNET;Université Jean Monnet;;2026-04-27+02:00;fournitures;"[""Montant de l'offre"", ""Mémoire justificatif de l'offre""]";['prix', 'qualite'];[60.0, 40.0];;False;;False;{'StreetName': None, 'CityName': 'SAINT ETIENNE', 'PostalZone': '42000', 'NUTS': 'FRK25', 'Country': 'FRA'};;;26-93869;;33652.0;;LOT-0004;38000000;;4;2;;Instrumentation d'imagerie, tomographie et culture pour le développement du bioréacteur cornéen;ouverte;2026-004;;;;True;False;False;300661.0;7383;Établissement public national à caractère scientifique culturel et professionnel ;;False;2024-12-06;85.42Z;2008;5710.0;SAS, société par actions simplifiée;20  à  49;False;<NA>;2008;G;46;46.7;46.75;46.75Z;1980-08-01;;Nanterre;Hauts-de-Seine;Île-de-France;;Saint-Étienne;Loire;Auvergne-Rhône-Alpes;;;;;;;;
False;['44613800'];;True;True;False;attribue;"{'StreetName': ""7 Av De L'Europe"", 'AdditionalStreetName': None, 'CityName': 'Ensisheim', 'PostalZone': '68190', 'Country': 'FRA'}";388581431;False;ASTECH;ASTECH;2026-09-30;{'StreetName': '63 rue Jean Jaurès', 'AdditionalStreetName': 'Cs 70005', 'CityName': 'Roanne', 'PostalZone': '42311', 'Country': 'FRA'};200035731;False;ROANNAIS AGGLOMERATION;ROANNAIS AGGLOMERATION;;;fournitures;['Valeur technique', 'Développement durable', 'Prix des prestations'];['technique', 'environnemental', 'prix'];[30.0, 10.0, 60.0];;True;2950000.0;False;;sans remise en concurrence;;26-93624;;1250000.0;;LOT-0001;34928480;2950000.0;5;4;0.0;FOURNITURE, LIVRAISON ET DECHARGEMENT DE CONTENANTS POUR LA COLLECTE DES DECHETS MENAGERS;ouverte;2601013;;;;False;True;False;;7348;Communauté d'agglomération ;500  à  999;False;2013-01-01;84.11Z;2008;5710.0;SAS, société par actions simplifiée;20  à  49;False;<NA>;2008;G;46;46.9;46.9;46.90Z;1992-08-17;(47.878073, 7.35836);Ensisheim;Haut-Rhin;Grand Est;(46.03576, 4.071037);Roanne;Loire;Auvergne-Rhône-Alpes;;;;;;;;
False;['44613800'];;True;True;False;attribue;"{'StreetName': ""7 Av De L'Europe"", 'AdditionalStreetName': None, 'CityName': 'Ensisheim', 'PostalZone': '68190', 'Country': 'FRA'}";388581431;False;ASTECH;ASTECH;2026-09-30;{'StreetName': '63 rue Jean Jaurès', 'AdditionalStreetName': 'Cs 70005', 'CityName': 'Roanne', 'PostalZone': '42311', 'Country': 'FRA'};200035731;False;ROANNAIS AGGLOMERATION;ROANNAIS AGGLOMERATION;;;fournitures;['Valeur technique', 'Développement durable', 'Prix des prestations'];['technique', 'environnemental', 'prix'];[30.0, 10.0, 60.0];;True;2950000.0;False;;sans remise en concurrence;;26-93624;;850000.0;;LOT-0002;34928480;2950000.0;5;5;0.0;FOURNITURE, LIVRAISON ET DECHARGEMENT DE CONTENANTS POUR LA COLLECTE DES DECHETS MENAGERS;ouverte;2601013;;;;False;True;False;;7348;Communauté d'agglomération ;500  à  999;False;2013-01-01;84.11Z;2008;5710.0;SAS, société par actions simplifiée;20  à  49;False;<NA>;2008;G;46;46.9;46.9;46.90Z;1992-08-17;(47.878073, 7.35836);Ensisheim;Haut-Rhin;Grand Est;(46.03576, 4.071037);Roanne;Loire;Auvergne-Rhône-Alpes;;;;;;;;
False;['90918000'];;True;True;False;attribue;{'StreetName': '166 Che Du Moulin Favre', 'AdditionalStreetName': None, 'CityName': 'Brenthonne', 'PostalZone': '74890', 'Country': 'FRA'};411077100;False;CHRIS NET;CHABLAIS SERVICE PROPRETE;2026-09-30;{'StreetName': '63 rue Jean Jaurès', 'AdditionalStreetName': 'Cs 70005', 'CityName': 'Roanne', 'PostalZone': '42311', 'Country': 'FRA'};200035731;False;ROANNAIS AGGLOMERATION;ROANNAIS AGGLOMERATION;;;fournitures;['Valeur technique', 'Développement durable', 'Prix des prestations'];['technique', 'environnemental', 'prix'];[30.0, 20.0, 50.0];;True;2950000.0;False;;sans remise en concurrence;;26-93624;;200000.0;;LOT-0003;34928480;2950000.0;5;3;0.0;FOURNITURE, LIVRAISON ET DECHARGEMENT DE CONTENANTS POUR LA COLLECTE DES DECHETS MENAGERS;ouverte;2601013;;;;False;True;False;;7348;Communauté d'agglomération ;500  à  999;False;2013-01-01;84.11Z;2008;5710.0;SAS, société par actions simplifiée;50  à  99;False;<NA>;2008;N;81;81.2;81.21;81.21Z;1997-01-01;(46.261125, 6.385672);Brenthonne;Haute-Savoie;Auvergne-Rhône-Alpes;(46.03576, 4.071037);Roanne;Loire;Auvergne-Rhône-Alpes;;;;;;;;
False;['34928480'];;True;True;False;attribue;{'StreetName': '1 Rue Du Debarcadere', 'AdditionalStreetName': None, 'CityName': 'Colombes', 'PostalZone': '92700', 'Country': 'FRA'};778151944;False;SULO FRANCE;SULO FRANCE;2026-09-30;{'StreetName': '63 rue Jean Jaurès', 'AdditionalStreetName': 'Cs 70005', 'CityName': 'Roanne', 'PostalZone': '42311', 'Country': 'FRA'};200035731;False;ROANNAIS AGGLOMERATION;ROANNAIS AGGLOMERATION;;;fournitures;['Valeur Technique', 'Développement durable', 'Prix des prestations'];['technique', 'environnemental', 'prix'];[40.0, 10.0, 50.0];;True;2950000.0;False;;sans remise en concurrence;;26-93624;;600000.0;;LOT-0004;34928480;2950000.0;5;1;0.0;FOURNITURE, LIVRAISON ET DECHARGEMENT DE CONTENANTS POUR LA COLLECTE DES DECHETS MENAGERS;ouverte;2601013;;;;False;True;False;;7348;Communauté d'agglomération ;500  à  999;False;2013-01-01;84.11Z;2008;5710.0;SAS, société par actions simplifiée;500  à  999;False;False;2008;C;22;22.2;22.22;22.22Z;1960-01-01;(48.908702, 2.235645);Colombes;Hauts-de-Seine;Île-de-France;(46.03576, 4.071037);Roanne;Loire;Auvergne-Rhône-Alpes;;;;;;;;
False;['44613800'];;True;True;False;attribue;"{'StreetName': '68 Rue Blaise Pascal -', 'AdditionalStreetName': None, 'CityName': ""Saint Jean D'Illac"", 'PostalZone': '33127', 'Country': 'FRA'}";410553820;False;QUADRIA;QUADRIA;2026-09-30;{'StreetName': '63 rue Jean Jaurès', 'AdditionalStreetName': 'Cs 70005', 'CityName': 'Roanne', 'PostalZone': '42311', 'Country': 'FRA'};200035731;False;ROANNAIS AGGLOMERATION;ROANNAIS AGGLOMERATION;;;fournitures;['Valeur technique', 'Développement durable', 'Prix des prestations'];['technique', 'environnemental', 'prix'];[30.0, 10.0, 60.0];;True;2950000.0;False;;sans remise en concurrence;;26-93624;;50000.0;;LOT-0005;34928480;2950000.0;5;6;0.0;FOURNITURE, LIVRAISON ET DECHARGEMENT DE CONTENANTS POUR LA COLLECTE DES DECHETS MENAGERS;ouverte;2601013;;;;False;True;False;;7348;Communauté d'agglomération ;500  à  999;False;2013-01-01;84.11Z;2008;5710.0;SAS, société par actions simplifiée;20  à  49;False;<NA>;2008;G;46;46.1;46.18;46.18Z;1997-01-15;(44.807634, -0.749415);Saint-Jean-d'Illac;Gironde;Nouvelle-Aquitaine;(46.03576, 4.071037);Roanne;Loire;Auvergne-Rhône-Alpes;;;;;;;;
False;['44113310', '14212210'];;True;False;False;attribue;{'StreetName': 'Boulevard Carnot', 'AdditionalStreetName': None, 'CityName': 'JARNAC', 'PostalZone': '16200', 'Country': 'FRA'};382801876;True;SNC LIANTS CHARENTAIS ET CIE;S.N.C. LIANTS CHARENTAIS ET CIE;2026-09-30;{'StreetName': '85 BOULEVARD DE LA REPUBLIQUE', 'AdditionalStreetName': None, 'CityName': 'LA ROCHELLE CEDEX 9', 'PostalZone': '17076', 'Country': 'FRA'};221700016;True;DEPARTEMENT DE LA CHARENTE-MARITIME;DEPARTEMENT DE LA CHARENTE-MARITIME;;;fournitures;[];[];;1440.0;True;0.0;False;{'StreetName': None, 'CityName': None, 'PostalZone': None, 'NUTS': 'FRI32', 'Country': 'FRA'};sans remise en concurrence;;26-93856;;5600000.0;0.0;LOT-0001;44113610;;1;1;;FOURNITURE, TRANSPORT ET LIVRAISON DE GRAVE EMULSION, BETON BITUMINEUX A L'EMULSION ET ENROBE STOCKABLE A L'EMULSION;ouverte;26GFALM05;;;;False;False;False;5600000.0;7220;Département ;2 000  à  4 999;False;1963-01-01;84.11Z;2008;5202.0;Société en nom collectif ;6  à  9;False;<NA>;2008;C;23;23.9;23.99;23.99Z;1991-07-17;(45.681812, -0.17489);Jarnac;Charente;Nouvelle-Aquitaine;(46.138209, -1.152052);La Rochelle;Charente-Maritime;Nouvelle-Aquitaine;;;;;;;;
False;;;True;False;False;attribue;{'StreetName': '9 rue Saint-Laurent BP 20520', 'AdditionalStreetName': None, 'CityName': 'Caen Cedex 1', 'PostalZone': '14035', 'Country': 'FRA'};221401185;True;DEPARTEMENT DU CALVADOS;Département du Calvados;2026-09-30;{'StreetName': 'Z.A de Guibray – rue de l’industrie', 'AdditionalStreetName': None, 'CityName': 'FALAISE', 'PostalZone': '14700', 'Country': 'FRA'};241400514;True;COMMUNAUTE COMMUNES DU PAYS DE FALAISE;Communauté de communes du Pays de Falaise;;2026-10-01+02:00;services;['Prix', 'Valeur technique'];['prix', 'technique'];[50.0, 50.0];;False;500000.0;False;"{'StreetName': ""Impasse de l'octroi"", 'CityName': 'AUBIGNY', 'PostalZone': '14700', 'NUTS': 'FRD11', 'Country': 'FRA'}";;;26-93521;;318681.0;500000.0;LOT-0001;71351914;;1;3;;Marché 2026-02 : Fouilles archéologiques préventives à Aubigny;ouverte;PPP22R-27/6033/2026-02;;;;False;False;False;318681.0;7346;Communauté de communes ;50  à  99;False;1993-12-30;84.11Z;2008;7220.0;Département ;2 000  à  4 999;False;<NA>;2008;O;84;84.1;84.11;84.11Z;1926-08-01;(49.181272, -0.366024);Caen;Calvados;Normandie;(48.890826, -0.182119);Falaise;Calvados;Normandie;;;;;;;;
False;['34114000', '34130000'];;True;False;False;attribue;{'StreetName': '11, avenue Jean Forestier', 'AdditionalStreetName': None, 'CityName': 'Villepinte', 'PostalZone': '93420', 'Country': 'FRA'};300571049;False;PETIT FORESTIER LOCATION;PETIT FORESTIER LOCATION;2026-09-30;{'StreetName': 'Château des Ducs de Savoie', 'AdditionalStreetName': 'Cs 31802', 'CityName': 'Chambery', 'PostalZone': '73018', 'Country': 'FRA'};227300019;False;DEPARTEMENT DE LA SAVOIE;Département de la Savoie;;2026-08-01+02:00;services;['Valeur technique', 'Valeur environnementale', 'Prix des prestations'];['technique', 'environnemental', 'prix'];[15.0, 15.0, 70.0];;True;;False;;sans remise en concurrence;;26-93419;;240000.0;;LOT-0000;55521200;240000.0;1;1;;Location mensuelle et location occasionnelle de véhicules réfrigérés pour la livraison des repas des ateliers culinaires départementaux dans les collèges du Département de la Savoie;ouverte;26AA018;3.0;;;False;True;False;240000.0;7220;Département ;2 000  à  4 999;False;1983-03-01;84.11Z;2008;5710.0;SAS, société par actions simplifiée;1 000  à  1 999;False;False;2008;N;77;77.1;77.12;77.12Z;1972-01-01;(48.947684, 2.551997);Villepinte;Seine-Saint-Denis;Île-de-France;(45.567833, 5.922813);Chambéry;Savoie;Auvergne-Rhône-Alpes;;;;;;;;
False;['66510000'];;True;False;False;non attribue;;;False;;;2026-09-30;{'StreetName': '126 Rue Anatole France', 'AdditionalStreetName': None, 'CityName': 'Oyonnax', 'PostalZone': '01100', 'Country': 'FRA'};210102836;False;COMMUNE D OYONNAX;MAIRIE OYONNAX;;2027-01-01+01:00;services;"[""Valeur technique de l'offre appréciée à l'aide du mémoire technique"", 'Prix']";['technique', 'prix'];[60.0, 40.0];;False;;False;;;;26-93673;;;;LOT-0000;66510000;;1;0;;Marché de service relatif à la prestation d'assurance protection juridique des personnes physiques de la ville d'Oyonnax et du CCAS;ouverte;2606ASS;;;;False;False;False;;7210;Commune et commune nouvelle ;500  à  999;False;1982-01-01;84.11Z;2008;;;;;;<NA>;;;;;<NA>;<NA>;;;;;(46.257492, 5.655623);Oyonnax;Ain;Auvergne-Rhône-Alpes;;;;;;;;
False;['30199310'];;True;True;False;attribue;{'StreetName': '5 Avenue Léon Blum', 'AdditionalStreetName': None, 'CityName': 'MONS EN BAROEUL', 'PostalZone': '59370', 'Country': 'FRA'};464500776;True;IMPRIMERIE MONSOISE;IMPRIMERIE MONSOISE;2026-09-30;{'StreetName': '2 RUE PIERRE ET MARIE CURIE - BP10020', 'AdditionalStreetName': None, 'CityName': 'Mulhouse cedex 9', 'PostalZone': '68948', 'Country': 'FRA'};216802249;False;COMMUNE DE MULHOUSE;COMMUNE DE MULHOUSE;;;services;['Le critère Prix (30%) sera apprécié au regard des montants figurant dans la simulation financière (total des simulations financières BPU + prestations sur devis).', 'Le critère Valeur Technique (60%) sera apprécié sur la base du cadre de\nmémoire technique de réponse à compléter par les candidats et des\nsous-critères suivants :\n- le mode de transmission des commandes/données (10%),\n- les délais, l’organisation des commandes et livraisons (20%),\n- les moyens de production, procédure et organisation(20%),\n- les prestations offertes (5%)\n- des échantillons remis à l’appui l’offre (5%).', 'Le critère Démarche environnementale et responsabilité sociétale (10%) sera apprécié sur la base du cadre de mémoire technique de réponse à compléter par les candidats (rubrique concernée).'];['prix', 'delai', 'environnemental & social'];;720.0;True;;False;{'StreetName': 'Locaux du Titulaire et Sites de la Ville de Mulhouse', 'CityName': 'Mulhouse cedex 9', 'PostalZone': '68949', 'NUTS': 'FRF12', 'Country': 'FRA'};sans remise en concurrence;;26-93440;;300000.0;;LOT-0001;79800000;900000.0;2;5;;Service d’impression de supports de communication;ouverte;2026S0021;;;;False;False;False;900000.0;7210;Commune et commune nouvelle ;2 000  à  4 999;False;1978-01-01;84.11Z;2008;5710.0;SAS, société par actions simplifiée;20  à  49;<NA>;<NA>;2008;C;18;18.1;18.12;18.12Z;1964-01-01;(50.650139, 3.102495);Mons-en-Barœul;Nord;Hauts-de-France;(47.749936, 7.336226);Mulhouse;Haut-Rhin;Grand Est;;;;;;;;
False;['30199310'];;True;True;False;attribue;{'StreetName': '29 rue de Mulhouse', 'AdditionalStreetName': None, 'CityName': 'RIXHEIM', 'PostalZone': '68170', 'Country': 'FRA'};492065677;True;PREVEL SIGNALISATION;PREVEL SIGNALISATION;2026-09-30;{'StreetName': '2 RUE PIERRE ET MARIE CURIE - BP10020', 'AdditionalStreetName': None, 'CityName': 'Mulhouse cedex 9', 'PostalZone': '68948', 'Country': 'FRA'};216802249;False;COMMUNE DE MULHOUSE;COMMUNE DE MULHOUSE;;;services;['Le critère Prix (30%) sera apprécié au regard des montants figurant dans la simulation financière (total des simulations financières BPU + prestations sur devis).', 'Le critère Valeur Technique (60%) sera apprécié sur la base du cadre de\nmémoire technique de réponse à compléter par les candidats et des\nsous-critères suivants :\n- le mode de transmission des commandes/données (10%),\n- les délais, l’organisation des commandes et livraisons (20%),\n- les moyens de production, procédure et organisation(20%),\n- les prestations offertes (5%)\n- des échantillons remis à l’appui l’offre (5%).', 'Le critère Démarche environnementale et responsabilité sociétale (10%) sera apprécié sur la base du cadre de mémoire technique de réponse à compléter par les candidats (rubrique concernée).'];['prix', 'delai', 'environnemental & social'];;720.0;True;;False;{'StreetName': 'Locaux du Titulaire et Sites de la Ville de Mulhouse', 'CityName': 'Mulhouse cedex 9', 'PostalZone': '68949', 'NUTS': 'FRF12', 'Country': 'FRA'};sans remise en concurrence;;26-93440;;600000.0;;LOT-0002;79800000;900000.0;2;3;;Service d’impression de supports de communication;ouverte;2026S0021;;;;False;False;False;900000.0;7210;Commune et commune nouvelle ;2 000  à  4 999;False;1978-01-01;84.11Z;2008;5499.0;Société à responsabilité limitée (sans autre indication);20  à  49;True;<NA>;2008;C;18;18.1;18.13;18.13Z;2006-09-25;(47.751825, 7.400899);Rixheim;Haut-Rhin;Grand Est;(47.749936, 7.336226);Mulhouse;Haut-Rhin;Grand Est;;;;;;;;
False;['71315000'];;True;False;False;attribue;{'StreetName': '6 rue Eugénie Brazier \n\n', 'AdditionalStreetName': None, 'CityName': 'Illkirch-Graffenstaden', 'PostalZone': '67400 ', 'Country': 'FRA'};562016774;True;SIEMENS S.A.S;SIEMENS SAS;2026-09-30;{'StreetName': '39 avenue de la Liberté', 'AdditionalStreetName': None, 'CityName': 'Colmar', 'PostalZone': '68024', 'Country': 'FRA'};266800903;True;CENTRE HOSPITALIER DE COLMAR;Hôpitaux Civils de Colmar (68);;;travaux;['Prix', 'Valeur technique'];['prix', 'technique'];[40.0, 60.0];1080.0;False;;False;{'StreetName': None, 'CityName': 'COLMAR', 'PostalZone': '68000', 'NUTS': 'FRF12', 'Country': 'FRA'};;;26-93511;;1477000.0;;LOT-0001;45400000;;1;1;;Migration des installations de gestion technique des bâtiments;ouverte;TR.2026.027;;;;False;False;False;1477000.0;7364;Établissement d'hospitalisation ;2 000  à  4 999;<NA>;1983-03-01;86.10Z;2008;5710.0;SAS, société par actions simplifiée;2 000  à  4 999;False;False;2008;C;26;26.3;26.3;26.30Z;1956-01-01;(48.524107, 7.730765);Illkirch-Graffenstaden;Bas-Rhin;Grand Est;(48.076851, 7.336788);Colmar;Haut-Rhin;Grand Est;;;;;;;;
False;;;True;False;False;attribue;;;False;;;2026-09-30;{'StreetName': 'Hôtel de Région - CS 90706 - 59, bd Léon Jouhaux', 'AdditionalStreetName': None, 'CityName': 'Clermont-Ferrand cédex 2', 'PostalZone': '63050', 'Country': 'FRA'};130014582;True;CENTRE REGIONAL AUVERGNE-RHONE-ALPES DE L'INFORMATION GEOGRAPHIQUE;CRAIG - Centre Régional Auvergne-Rhône-Alpes de l'Information Géographique;;2026-07-21+02:00;services;[];[];;1460.0;False;0.0;True;{'StreetName': None, 'CityName': None, 'PostalZone': None, 'NUTS': 'FRK14', 'Country': 'FRA'};sans remise en concurrence;;26-93508;;387802.0;0.0;LOT-0001;71300000;;1;4;;ACQUISITIONS DE VUES PHOTOGRAPHIQUES ROUTIERES ET INVENTAIRE PATRIMONIAL SUR LA REGION AUVERGNE-RHONE-ALPES (HORS SAVOIE ET HAUTE-SAVOIE);negociee;2026_ACBC_VUESIMMERSIVES;3.0;;;False;False;False;387802.0;7410;Groupement d'intérêt public (GIP) ;10  à  19;False;2011-03-07;84.12Z;2008;;;;;;<NA>;;;;;<NA>;<NA>;;;;;(45.794841, 3.117212);Clermont-Ferrand;Puy-de-Dôme;Auvergne-Rhône-Alpes;;;;;;;;
False;['41110000'];;True;False;False;attribue;{'StreetName': '889 Rue De La Vieille Poste', 'AdditionalStreetName': None, 'CityName': 'Montpellier', 'PostalZone': '34000', 'Country': 'FRA'};493378038;False;EGIS EAU SA;EGIS EAU SA;2026-09-30;{'StreetName': '108 Rue des Fours à Chaux', 'AdditionalStreetName': None, 'CityName': 'Joze', 'PostalZone': '63350', 'Country': 'FRA'};200074011;False;SYNDICAT INTERCOMMUNAL D'ALIMENTATION EN EAU POTABLE DE LA PLAINE DE RIOM;SIAEP de la Plaine de Riom;;2026-09-01+02:00;services;"[""Valeur technique de l'offre appréciée à l'aide du mémoire technique"", 'Démarche environnementale', 'Prix']";['technique', 'environnemental', 'prix'];[55.0, 5.0, 40.0];360.0;False;;False;;sans remise en concurrence;;26-93670;;455400.0;;LOT-0000;71300000;455400.0;1;4;;Accord-cadre de maîtrise d'oeuvre mono attributaire à bons de commande - Projets de réseaux et d'ouvrages d'eau potable. Procédure avec négociation;negociee;2026-ACMOE;3.0;;;False;False;False;455400.0;7354;Syndicat mixte fermé ;3  à  5;False;2017-01-01;36.00Z;2008;5710.0;SAS, société par actions simplifiée;200  à  249;False;<NA>;2008;M;71;71.1;71.12;71.12B;2006-11-27;(43.614916, 3.908008);Montpellier;Hérault;Occitanie;(45.871808, 3.28695);Joze;Puy-de-Dôme;Auvergne-Rhône-Alpes;;;;;;;;
False;['45210000'];;True;False;False;attribue;{'StreetName': None, 'AdditionalStreetName': None, 'CityName': 'Le Port', 'PostalZone': '97420', 'Country': 'FRA'};323078006;False;LES GRANDS TRAVAUX DE L'OCEAN INDIEN;GTOI;2026-09-30;"{'StreetName': ""29 route de l'Entre-Deux"", 'AdditionalStreetName': None, 'CityName': 'Saint-Pierre', 'PostalZone': '97410', 'Country': 'FRA'}";249740077;False;COMMUNAUTE INTERCOMMUNALE DES VILLES SOLIDAIRES;CIVIS;;;travaux;['Valeur technique', 'Critère environnemental et social', 'Prix'];['technique', 'environnemental & social', 'prix'];[50.0, 10.0, 40.0];;False;;True;;;Ce projet est cofinancé par l'Union Européenne et la région Réunion. L'Europe s'engage à la Réunion avec le fonds Feder;26-93805;;3515466.0;;LOT-0000;45210000;;1;1;;Gros oeuvre, étanchéité et revêtements durs dans le cadre de l'opération de reconversion de l'ancien centre artisanal du bois;ouverte;T-PF-1881498;;;;False;False;False;3515466.0;7348;Communauté d'agglomération ;500  à  999;False;1983-01-01;84.11Z;2008;5710.0;SAS, société par actions simplifiée;500  à  999;False;<NA>;2008;F;43;43.1;43.12;43.12A;1981-10-28;;Pornic;Loire-Atlantique;Pays de la Loire;(-21.302292, 55.432126);Saint-Pierre;La Réunion;;;;;;;;;
False;['45210000'];;True;True;False;attribue;{'StreetName': None, 'AdditionalStreetName': None, 'CityName': 'Saint-Pierre', 'PostalZone': '97410', 'Country': 'FRA'};810283473;False;SOCIETE DE TERRASSEMENT ET DE RECYCLAGE DE L'OCEAN INDIEN;STR OI;2026-09-30;"{'StreetName': ""29 route de l'Entre-Deux"", 'AdditionalStreetName': None, 'CityName': 'Saint-Pierre', 'PostalZone': '97410', 'Country': 'FRA'}";249740077;False;COMMUNAUTE INTERCOMMUNALE DES VILLES SOLIDAIRES;CIVIS;;;travaux;['Valeur technique', 'Critère environnemental et social', 'Prix'];['technique', 'environnemental & social', 'prix'];[50.0, 10.0, 40.0];;False;;True;{'StreetName': 'Territoire du Grand Annecy', 'CityName': 'Annecy', 'PostalZone': '74000', 'NUTS': 'FRK28', 'Country': 'FRA'};;Ce projet est cofinancé par l'Union Européenne et la région Réunion. L'Europe s'engage à la Réunion avec le fonds Feder;26-93842;25-32061;712061.04;;LOT-0001;45210000;;12;2;;Travaux de reconversion de l'ancien centre artisanal du bois;ouverte;20250016;;False;False;False;False;False;5445176.28;7348;Communauté d'agglomération ;500  à  999;False;1983-01-01;84.11Z;2008;5710.0;SAS, société par actions simplifiée;20  à  49;False;<NA>;2008;F;43;43.1;43.12;43.12A;2015-03-17;;Thionville;Moselle;Grand Est;(-21.302292, 55.432126);Saint-Pierre;La Réunion;;;;;;;;;
False;['45210000'];;True;True;False;non attribue;;;False;;;2026-09-30;"{'StreetName': ""29 route de l'Entre-Deux"", 'AdditionalStreetName': None, 'CityName': 'Saint-Pierre', 'PostalZone': '97410', 'Country': 'FRA'}";249740077;False;COMMUNAUTE INTERCOMMUNALE DES VILLES SOLIDAIRES;CIVIS;;;travaux;['Valeur technique', 'Critère environnemental et social', 'Prix'];['technique', 'environnemental & social', 'prix'];[50.0, 10.0, 40.0];;False;;True;{'StreetName': 'Territoire du Grand Annecy', 'CityName': 'Annecy', 'PostalZone': '74000', 'NUTS': 'FRK28', 'Country': 'FRA'};;Ce projet est cofinancé par l'Union Européenne et la région Réunion. L'Europe s'engage à la Réunion avec le fonds Feder;26-93842;25-32061;;;LOT-0002;45210000;;12;0;;Travaux de reconversion de l'ancien centre artisanal du bois;ouverte;20250016;;False;False;False;False;False;5445176.28;7348;Communauté d'agglomération ;500  à  999;False;1983-01-01;84.11Z;2008;;;;;;<NA>;;;;;<NA>;<NA>;;;;;(-21.302292, 55.432126);Saint-Pierre;La Réunion;;;;;;;;;
False;['45210000'];;True;True;False;attribue;{'StreetName': None, 'AdditionalStreetName': None, 'CityName': 'Etang Sale', 'PostalZone': '97427', 'Country': 'FRA'};791696172;False;CONSTRUCTION METALLIQUE REUNION;CMR;2026-09-30;"{'StreetName': ""29 route de l'Entre-Deux"", 'AdditionalStreetName': None, 'CityName': 'Saint-Pierre', 'PostalZone': '97410', 'Country': 'FRA'}";249740077;False;COMMUNAUTE INTERCOMMUNALE DES VILLES SOLIDAIRES;CIVIS;;;travaux;['Valeur technique', 'Critère environnemental et social', 'Prix'];['technique', 'environnemental & social', 'prix'];[50.0, 10.0, 40.0];;False;;True;;;Ce projet est cofinancé par l'Union Européenne et la région Réunion. L'Europe s'engage à la Réunion avec le fonds Feder;26-93842;25-32061;3434025.0;;LOT-0003;45210000;;12;1;;Travaux de reconversion de l'ancien centre artisanal du bois;ouverte;20250016;;False;False;False;False;False;5445176.28;7348;Communauté d'agglomération ;500  à  999;False;1983-01-01;84.11Z;2008;5499.0;Société à responsabilité limitée (sans autre indication);20  à  49;False;<NA>;2008;C;25;25.1;25.11;25.11Z;2013-03-08;;L'Étang-Salé;La Réunion;;(-21.302292, 55.432126);Saint-Pierre;La Réunion;;;;;;;;;
False;['45210000'];;True;True;False;attribue;{'StreetName': None, 'AdditionalStreetName': None, 'CityName': 'Saint-Pierre', 'PostalZone': '97410', 'Country': 'FRA'};394969026;False;ALUMINIUM VERRE ACIER;ESPACE ALUMINIUM;2026-09-30;"{'StreetName': ""29 route de l'Entre-Deux"", 'AdditionalStreetName': None, 'CityName': 'Saint-Pierre', 'PostalZone': '97410', 'Country': 'FRA'}";249740077;False;COMMUNAUTE INTERCOMMUNALE DES VILLES SOLIDAIRES;CIVIS;;;travaux;['Valeur technique', 'Critère environnemental et social', 'Prix'];['technique', 'environnemental & social', 'prix'];[50.0, 10.0, 40.0];;False;;True;;;Ce projet est cofinancé par l'Union Européenne et la région Réunion. L'Europe s'engage à la Réunion avec le fonds Feder;26-93842;25-32061;131744.62;;LOT-0004;45210000;;12;2;;Travaux de reconversion de l'ancien centre artisanal du bois;ouverte;20250016;;False;False;False;False;False;5445176.28;7348;Communauté d'agglomération ;500  à  999;False;1983-01-01;84.11Z;2008;5710.0;SAS, société par actions simplifiée;50  à  99;False;<NA>;2008;F;43;43.3;43.32;43.32B;1994-05-18;;Thionville;Moselle;Grand Est;(-21.302292, 55.432126);Saint-Pierre;La Réunion;;;;;;;;;
False;['45210000'];;True;True;False;attribue;{'StreetName': None, 'AdditionalStreetName': None, 'CityName': 'Ravine Des Cabris', 'PostalZone': '97432', 'Country': 'FRA'};799149794;False;SOREPLAC;SOREPLAC;2026-09-30;"{'StreetName': ""29 route de l'Entre-Deux"", 'AdditionalStreetName': None, 'CityName': 'Saint-Pierre', 'PostalZone': '97410', 'Country': 'FRA'}";249740077;False;COMMUNAUTE INTERCOMMUNALE DES VILLES SOLIDAIRES;CIVIS;;;travaux;['Valeur technique', 'Critère environnemental et social', 'Prix'];['technique', 'environnemental & social', 'prix'];[50.0, 10.0, 40.0];;False;;True;;;Ce projet est cofinancé par l'Union Européenne et la région Réunion. L'Europe s'engage à la Réunion avec le fonds Feder;26-93842;25-32061;142844.26;;LOT-0005;45210000;;12;3;;Travaux de reconversion de l'ancien centre artisanal du bois;ouverte;20250016;;False;False;False;False;False;5445176.28;7348;Communauté d'agglomération ;500  à  999;False;1983-01-01;84.11Z;2008;5499.0;Société à responsabilité limitée (sans autre indication);20  à  49;False;<NA>;2008;F;41;41.2;41.2;41.20B;2014-01-11;;Saint-Pierre;La Réunion;;(-21.302292, 55.432126);Saint-Pierre;La Réunion;;;;;;;;;
False;['45210000'];;True;True;False;attribue;{'StreetName': None, 'AdditionalStreetName': None, 'CityName': 'Ravine Des Cabris', 'PostalZone': '97432', 'Country': 'FRA'};799149794;False;SOREPLAC;SOREPLAC;2026-09-30;"{'StreetName': ""29 route de l'Entre-Deux"", 'AdditionalStreetName': None, 'CityName': 'Saint-Pierre', 'PostalZone': '97410', 'Country': 'FRA'}";249740077;False;COMMUNAUTE INTERCOMMUNALE DES VILLES SOLIDAIRES;CIVIS;;;travaux;['Valeur technique', 'Critère environnemental et social', 'Prix'];['technique', 'environnemental & social', 'prix'];[50.0, 10.0, 40.0];;False;;True;;;Ce projet est cofinancé par l'Union Européenne et la région Réunion. L'Europe s'engage à la Réunion avec le fonds Feder;26-93842;25-32061;191496.7;;LOT-0006;45210000;;12;4;;Travaux de reconversion de l'ancien centre artisanal du bois;ouverte;20250016;;False;False;False;False;False;5445176.28;7348;Communauté d'agglomération ;500  à  999;False;1983-01-01;84.11Z;2008;5499.0;Société à responsabilité limitée (sans autre indication);20  à  49;False;<NA>;2008;F;41;41.2;41.2;41.20B;2014-01-11;;Saint-Pierre;La Réunion;;(-21.302292, 55.432126);Saint-Pierre;La Réunion;;;;;;;;;
False;['45210000'];;True;True;False;attribue;{'StreetName': None, 'AdditionalStreetName': None, 'CityName': 'Le Tampon', 'PostalZone': '97430', 'Country': 'FRA'};831934419;False;EMTPV;SAS EMTPV;2026-09-30;"{'StreetName': ""29 route de l'Entre-Deux"", 'AdditionalStreetName': None, 'CityName': 'Saint-Pierre', 'PostalZone': '97410', 'Country': 'FRA'}";249740077;False;COMMUNAUTE INTERCOMMUNALE DES VILLES SOLIDAIRES;CIVIS;;;travaux;['Valeur technique', 'Critère environnemental et social', 'Prix'];['technique', 'environnemental & social', 'prix'];[50.0, 10.0, 40.0];;False;;True;;;Ce projet est cofinancé par l'Union Européenne et la région Réunion. L'Europe s'engage à la Réunion avec le fonds Feder;26-93842;25-32061;85377.41;;LOT-0007;45210000;;12;1;;Travaux de reconversion de l'ancien centre artisanal du bois;ouverte;20250016;;False;False;False;False;False;5445176.28;7348;Communauté d'agglomération ;500  à  999;False;1983-01-01;84.11Z;2008;5710.0;SAS, société par actions simplifiée;3  à  5;False;<NA>;2008;F;43;43.3;43.34;43.34Z;2017-10-11;;Le Tampon;La Réunion;;(-21.302292, 55.432126);Saint-Pierre;La Réunion;;;;;;;;;
False;['45210000'];;True;True;False;attribue;{'StreetName': None, 'AdditionalStreetName': None, 'CityName': 'Saint-Pierre', 'PostalZone': '97410', 'Country': 'FRA'};902446632;False;SOCIETE ELECTRICITE BAPTISTE SERVICE;SEBS;2026-09-30;"{'StreetName': ""29 route de l'Entre-Deux"", 'AdditionalStreetName': None, 'CityName': 'Saint-Pierre', 'PostalZone': '97410', 'Country': 'FRA'}";249740077;False;COMMUNAUTE INTERCOMMUNALE DES VILLES SOLIDAIRES;CIVIS;;;travaux;['Valeur technique', 'Critère environnemental et social', 'Prix'];['technique', 'environnemental & social', 'prix'];[50.0, 10.0, 40.0];;False;;True;;;Ce projet est cofinancé par l'Union Européenne et la région Réunion. L'Europe s'engage à la Réunion avec le fonds Feder;26-93842;25-32061;356276.63;;LOT-0008;45210000;;12;5;;Travaux de reconversion de l'ancien centre artisanal du bois;ouverte;20250016;;False;False;False;False;False;5445176.28;7348;Communauté d'agglomération ;500  à  999;False;1983-01-01;84.11Z;2008;5710.0;SAS, société par actions simplifiée;10  à  19;False;<NA>;2008;F;43;43.2;43.21;43.21A;2021-07-15;;Thionville;Moselle;Grand Est;(-21.302292, 55.432126);Saint-Pierre;La Réunion;;;;;;;;;
False;['45210000'];;True;True;False;attribue;{'StreetName': None, 'AdditionalStreetName': None, 'CityName': 'Le Tampon', 'PostalZone': '97430', 'Country': 'FRA'};411774821;False;EPSC SARL;EPSC SARL;2026-09-30;"{'StreetName': ""29 route de l'Entre-Deux"", 'AdditionalStreetName': None, 'CityName': 'Saint-Pierre', 'PostalZone': '97410', 'Country': 'FRA'}";249740077;False;COMMUNAUTE INTERCOMMUNALE DES VILLES SOLIDAIRES;CIVIS;;;travaux;['Valeur technique', 'Critère environnemental et social', 'Prix'];['technique', 'environnemental & social', 'prix'];[50.0, 10.0, 40.0];;False;;True;;;Ce projet est cofinancé par l'Union Européenne et la région Réunion. L'Europe s'engage à la Réunion avec le fonds Feder;26-93842;25-32061;172015.9;;LOT-0009;45210000;;12;1;;Travaux de reconversion de l'ancien centre artisanal du bois;ouverte;20250016;;False;False;False;False;False;5445176.28;7348;Communauté d'agglomération ;500  à  999;False;1983-01-01;84.11Z;2008;5499.0;Société à responsabilité limitée (sans autre indication);20  à  49;False;<NA>;2008;F;43;43.2;43.22;43.22A;1997-01-01;;Le Tampon;La Réunion;;(-21.302292, 55.432126);Saint-Pierre;La Réunion;;;;;;;;;
False;['45210000'];;True;True;False;non attribue;;;False;;;2026-09-30;"{'StreetName': ""29 route de l'Entre-Deux"", 'AdditionalStreetName': None, 'CityName': 'Saint-Pierre', 'PostalZone': '97410', 'Country': 'FRA'}";249740077;False;COMMUNAUTE INTERCOMMUNALE DES VILLES SOLIDAIRES;CIVIS;;;travaux;['Valeur technique', 'Critère environnemental et social', 'Prix'];['technique', 'environnemental & social', 'prix'];[50.0, 10.0, 40.0];;False;;True;;;Ce projet est cofinancé par l'Union Européenne et la région Réunion. L'Europe s'engage à la Réunion avec le fonds Feder;26-93842;25-32061;;;LOT-0010;45210000;;12;1;;Travaux de reconversion de l'ancien centre artisanal du bois;ouverte;20250016;;False;False;False;False;False;5445176.28;7348;Communauté d'agglomération ;500  à  999;False;1983-01-01;84.11Z;2008;;;;;;<NA>;;;;;<NA>;<NA>;;;;;(-21.302292, 55.432126);Saint-Pierre;La Réunion;;;;;;;;;
False;['45210000'];;True;True;False;attribue;{'StreetName': None, 'AdditionalStreetName': None, 'CityName': 'Saint-Pierre', 'PostalZone': '97410', 'Country': 'FRA'};313967226;False;COMPAGNIE DE TRAVAUX ANTILLAIS D'ENTRETIEN ET DE SERVICE;SARL RIVIERE SCHINDLER;2026-09-30;"{'StreetName': ""29 route de l'Entre-Deux"", 'AdditionalStreetName': None, 'CityName': 'Saint-Pierre', 'PostalZone': '97410', 'Country': 'FRA'}";249740077;False;COMMUNAUTE INTERCOMMUNALE DES VILLES SOLIDAIRES;CIVIS;;;travaux;['Valeur technique', 'Critère environnemental et social', 'Prix'];['technique', 'environnemental & social', 'prix'];[50.0, 10.0, 40.0];;False;;True;;;Ce projet est cofinancé par l'Union Européenne et la région Réunion. L'Europe s'engage à la Réunion avec le fonds Feder;26-93842;25-32061;67530.4;;LOT-0011;45210000;;12;1;;Travaux de reconversion de l'ancien centre artisanal du bois;ouverte;20250016;;False;False;False;False;False;5445176.28;7348;Communauté d'agglomération ;500  à  999;False;1983-01-01;84.11Z;2008;5710.0;SAS, société par actions simplifiée;20  à  49;<NA>;<NA>;2008;F;43;43.2;43.29;43.29B;1978-01-01;;Thionville;Moselle;Grand Est;(-21.302292, 55.432126);Saint-Pierre;La Réunion;;;;;;;;;
False;['45210000'];;True;True;False;attribue;{'StreetName': None, 'AdditionalStreetName': None, 'CityName': 'Ravine Des Cabris', 'PostalZone': '97432', 'Country': 'FRA'};951390376;False;MALAIKA;JARDINS CREOLE;2026-09-30;"{'StreetName': ""29 route de l'Entre-Deux"", 'AdditionalStreetName': None, 'CityName': 'Saint-Pierre', 'PostalZone': '97410', 'Country': 'FRA'}";249740077;False;COMMUNAUTE INTERCOMMUNALE DES VILLES SOLIDAIRES;CIVIS;;;travaux;['Valeur technique', 'Critère environnemental et social', 'Prix'];['technique', 'environnemental & social', 'prix'];[50.0, 10.0, 40.0];;False;;True;;;Ce projet est cofinancé par l'Union Européenne et la région Réunion. L'Europe s'engage à la Réunion avec le fonds Feder;26-93842;25-32061;151804.52;;LOT-0012;45210000;;12;1;;Travaux de reconversion de l'ancien centre artisanal du bois;ouverte;20250016;;False;False;False;False;False;5445176.28;7348;Communauté d'agglomération ;500  à  999;False;1983-01-01;84.11Z;2008;5710.0;SAS, société par actions simplifiée;;False;<NA>;2008;;;;;00.00Z;2023-04-07;;Saint-Pierre;La Réunion;;(-21.302292, 55.432126);Saint-Pierre;La Réunion;;;;;;;;;
False;['18300000', '18800000'];;True;False;False;attribue;{'StreetName': '34 Rue Jules Bournet', 'AdditionalStreetName': None, 'CityName': 'Montlucon', 'PostalZone': '03100', 'Country': 'FRA'};385314075;False;POKEE SPORT PUBLICITE;POKEE SPORT PUBLICITE;2026-09-30;{'StreetName': '8 rue des Vindits', 'AdditionalStreetName': None, 'CityName': 'Cherbourg en Cotentin', 'PostalZone': '50130', 'Country': 'FRA'};200067205;False;CA DU COTENTIN;Communauté d'agglomération du Cotentin;;2026-09-01+02:00;fournitures;['Critère 2 - Valeur technique : jugé sur la base des échantillons et des fiches techniques fournis par le candidat (qualité des articles 30% / qualité marquages 5%)', 'Critère 4 - Organisation du service : jugé sur la base des réponses fournis dans le mémoire technique', 'Critère 3 - Performances environnementales : jugé sur la base des réponses fournis dans le mémoire technique', 'Critère 1 - Prix : jugé sur la base du total du détail quantitatif estimatif (Dqe) complété par le candidat'];['qualite', 'technique', 'environnemental', 'prix'];[35.0, 10.0, 5.0, 50.0];;True;140000.0;False;;sans remise en concurrence;;26-93420;;140000.0;;LOT-0000;18412000;140000.0;1;2;;Fourniture et livraison de vêtements de travail - Relance lot 4 : Vêtements et chaussants pour les activités sportives et leurs accessoires;ouverte;DACP-26-14;3.0;;;False;True;False;140000.0;7348;Communauté d'agglomération ;1 000  à  1 999;False;2017-01-01;84.11Z;2008;5710.0;SAS, société par actions simplifiée;6  à  9;False;<NA>;2008;G;46;46.4;46.42;46.42Z;1992-04-01;(46.366745, 2.588945);Montluçon;Allier;Auvergne-Rhône-Alpes;(49.634352, -1.654065);Cherbourg-en-Cotentin;Manche;Normandie;;;;;;;;
False;['72268000'];;True;False;False;non attribue;;;False;;;2026-09-30;"{'StreetName': ""18 Avenue d'Ariane"", 'AdditionalStreetName': None, 'CityName': 'Limoges', 'PostalZone': '87021', 'Country': 'FRA'}";268708567;False;GIP OKANTIS;GIP OKANTIS;;2026-10-10+02:00;services;"['Outils et méthode présentés pour la gestion des licences', ""Expertise sur les modèles de contrats éditeurs applicables aux domaines du monde hospitalier et des structures publiques de mutualisation d'hébergement"", 'Sécurité', 'Environnemental', 'Prix']";['technique', 'qualite', 'qualite', 'environnemental', 'prix'];[10.0, 30.0, 10.0, 10.0, 40.0];;True;1000000.0;False;;sans remise en concurrence;;26-93840;;;;LOT-0000;72268000;;1;0;;Accord-cadre relatif à la fourniture, la gestion et l'optimisation des programmes de licences Microsoft dans le cadre du programme Services Provider License Agreement (SPLA), comprenant les prestation;ouverte;S-PF-1857817;3.0;;;False;True;False;;7410;Groupement d'intérêt public (GIP) ;100  à  199;False;1987-11-16;84.11Z;2008;;;;;;<NA>;;;;;<NA>;<NA>;;;;;(45.863622, 1.29285);Limoges;Haute-Vienne;Nouvelle-Aquitaine;;;;;;;;
False;;;True;False;False;attribue;{'StreetName': 'ZI SUD – 76–78 avenue du MIDI – CS 30077', 'AdditionalStreetName': None, 'CityName': 'COURNON', 'PostalZone': '63808', 'Country': 'FRA'};857200521;True;CENTRE SPECIALITES PHARMACEUTIQUES;CENTRE SPECIALITES PHARMACEUTIQUE;2026-09-30;{'StreetName': '194 avenue Rubillard', 'AdditionalStreetName': None, 'CityName': 'Le Mans cedex 9', 'PostalZone': '72037', 'Country': 'FRA'};267200160;True;HOPITAL LE MANS;Centre hospitalier du Mans;;2026-08-19+02:00;fournitures;['LA VALEUR TECHNIQUE', 'PRESTATIONS DU FOURNISSEUR', 'LE COUT GLOBAL au regard du total du lot'];['technique', 'qualite', 'prix'];[40.0, 20.0, 40.0];;False;240000.0;False;;sans remise en concurrence;;26-93738;;148136.64;240000.0;LOT-0001;18424300;336000.0;1;1;;FOURNITURE DE GANTS D’EXAMENS NITRILE NON STERILES NON POUDRES;ouverte;PPP28T-61/6539/PHDM26-001;3.0;;;False;False;False;148136.64;7364;Établissement d'hospitalisation ;5 000  à  9 999;<NA>;1978-01-01;86.10Z;2008;5710.0;SAS, société par actions simplifiée;1 000  à  1 999;False;<NA>;2008;G;46;46.4;46.46;46.46Z;1957-01-01;(45.725454, 3.178685);Cournon-d'Auvergne;Puy-de-Dôme;Auvergne-Rhône-Alpes;(48.013409, 0.176266);Le Mans;Sarthe;Pays de la Loire;;;;;;;;
False;;;True;False;False;attribue;{'StreetName': 'Route de Saint-Valéry', 'AdditionalStreetName': None, 'CityName': 'SAINT BLIMONT', 'PostalZone': '80960', 'Country': 'FRA'};552105603;True;DENY SECURITY;DENY SECURITY;2026-09-30;{'StreetName': '194 avenue Rubillard', 'AdditionalStreetName': None, 'CityName': 'Le Mans cedex 9', 'PostalZone': '72037', 'Country': 'FRA'};267200160;True;HOPITAL LE MANS;Centre hospitalier du Mans;;;fournitures;['Prix', 'Valeur technique'];['prix', 'technique'];[75.0, 25.0];720.0;False;;False;{'StreetName': '194 avenue Rubillard', 'CityName': 'Le Mans cedex 9', 'PostalZone': '72037', 'NUTS': 'FRG04', 'Country': 'FRA'};sans remise en concurrence;;26-93762;;444378.68;;LOT-0001;44316500;800000.0;1;2;;Extension organigramme de clés du CH du Mans;ouverte;PPP28T-76/6551/TECH26-004;1.0;;;False;False;False;444378.68;7364;Établissement d'hospitalisation ;5 000  à  9 999;<NA>;1978-01-01;86.10Z;2008;5710.0;SAS, société par actions simplifiée;100  à  199;False;<NA>;2008;C;25;25.7;25.72;25.72Z;1955-01-01;(50.121377, 1.574517);Saint-Blimont;Somme;Hauts-de-France;(48.013409, 0.176266);Le Mans;Sarthe;Pays de la Loire;;;;;;;;
False;;;True;False;False;attribue;"{'StreetName': '11 rue de la Pelouse', 'AdditionalStreetName': None, 'CityName': ""SAVIGNE L'EVEQUE"", 'PostalZone': '72460', 'Country': 'FRA'}";522664416;True;MG ORTHOPEDIE;MG ORTHOPEDIE;2026-09-30;{'StreetName': '194 avenue Rubillard', 'AdditionalStreetName': None, 'CityName': 'Le Mans cedex 9', 'PostalZone': '72037', 'Country': 'FRA'};267200160;True;HOPITAL LE MANS;Centre hospitalier du Mans;;;fournitures;"['LA PERFORMANCE TECHNIQUE', ""LE TAUX DE RÉTRIBUTION A L'ETABLISSEMENT indiqué à l'annexe financière"", 'LA QUALITE ENVIRONNEMENTALE']";['technique', 'prix', 'environnemental'];[40.0, 40.0, 20.0];510.0;False;;False;{'StreetName': '194 avenue Rubillard', 'CityName': 'Le Mans cedex 9', 'PostalZone': '72037', 'NUTS': 'FRG04', 'Country': 'FRA'};sans remise en concurrence;;26-93744;;0.0;;LOT-0001;33141760;299000.0;1;4;;FOURNITURE D’ORTHESES ET D’ATTELLES POUR PATIENTS EXTERNES AVEC MISE EN DEPOT POUR LES SERVICES DES URGENCES DU CENTRE HOSPITALIER DU MANS;ouverte;PPP28T-98/6544/FRME26-003;1.0;;;False;False;False;0.0;7364;Établissement d'hospitalisation ;5 000  à  9 999;<NA>;1978-01-01;86.10Z;2008;5499.0;Société à responsabilité limitée (sans autre indication);1  ou  2;<NA>;<NA>;2008;G;47;47.7;47.74;47.74Z;2010-07-01;(48.075277, 0.300624);Savigné-l'Évêque;Sarthe;Pays de la Loire;(48.013409, 0.176266);Le Mans;Sarthe;Pays de la Loire;;;;;;;;
False;['71317000'];;True;False;False;attribue;{'StreetName': '4 Rue Germaine Veyret-Verner', 'AdditionalStreetName': None, 'CityName': 'Echirolles', 'PostalZone': '38130', 'Country': 'FRA'};444523526;False;ARTELIA;ARTELIA SAS;2026-09-30;{'StreetName': '84 Rue Des Carmélites', 'AdditionalStreetName': None, 'CityName': 'Poitiers', 'PostalZone': '86000', 'Country': 'FRA'};200069854;False;GRAND POITIERS COMMUNAUTE URBAINE;GRAND POITIERS COMMUNAUTÉ URBAINE;;2026-10-01+02:00;services;['Valeur technique', 'Performance en matière environnementale', 'Prix des prestations'];['technique', 'environnemental', 'prix'];[55.0, 5.0, 40.0];1080.0;True;;False;;;;26-93550;;62310.0;;LOT-0000;71317000;;1;2;;Réduction de la vulnérabilité au risque inondation des entreprises de moins de 20 salariés de Grand Poitiers - lot 1 : Mobilisation des entreprises dans l'évaluation et la réduction de leur vulnérabil;ouverte;S-PF-1832017;;;;False;True;False;62310.0;7343;Communauté urbaine ;1 000  à  1 999;False;2017-01-01;84.11Z;2008;5710.0;SAS, société par actions simplifiée;2 000  à  4 999;False;False;2008;M;71;71.1;71.12;71.12B;2002-12-13;(45.151569, 5.727402);Échirolles;Isère;Auvergne-Rhône-Alpes;(46.584288, 0.338982);Poitiers;Vienne;Nouvelle-Aquitaine;;;;;;;;
False;['44613800'];;True;False;False;attribue;{'StreetName': '2405 Rte Des Dolines', 'AdditionalStreetName': None, 'CityName': 'Valbonne', 'PostalZone': '06560', 'Country': 'FRA'};833928112;False;NORD ENGINEERING FRANCE;NORD ENGINEERING FRANCE;2026-09-30;{'StreetName': '2, Avenue du Vallespir', 'AdditionalStreetName': None, 'CityName': 'Céret', 'PostalZone': '66400', 'Country': 'FRA'};246600373;False;COMMUNAUTE DE COMMUNES DU VALLESPIR;COMMUNAUTE DE COMMUNES DU VALLESPIR;;2027-01-01+01:00;fournitures;"[""Valeur technique de l'offre appréciée à l'aide du mémoire technique"", 'Prise en compte de la notion de développement durable', 'Prix']";['technique', 'environnemental', 'prix'];[60.0, 15.0, 25.0];1440.0;True;;False;;sans remise en concurrence;;26-93785;;2400000.0;;LOT-0000;44613800;2400000.0;1;1;;26FOUR01-Fourniture d'équipements de pré collecte, de collecte et de lavage pour la Communauté de Communes du Vallespir 2026 - 2029;ouverte;26FF-CCV-0050-Y;;;;False;True;False;2400000.0;7346;Communauté de communes ;100  à  199;False;1996-12-24;84.11Z;2008;5710.0;SAS, société par actions simplifiée;10  à  19;False;<NA>;2008;G;46;46.6;46.69;46.69C;2017-12-04;(43.624807, 7.04957);Valbonne;Alpes-Maritimes;Provence-Alpes-Côte d'Azur;(42.494688, 2.741675);Céret;Pyrénées-Orientales;Occitanie;;;;;;;;
False;;;True;False;False;attribue;{'StreetName': '41 Rue du Capitaine Guyenmer ', 'AdditionalStreetName': None, 'CityName': 'COURBEVOIE', 'PostalZone': '92400', 'Country': 'FRA'};955510029;True;FIDUCIAL BUREAUTIQUE;FIDUCIAL BUREAUTIQUE;2026-09-30;{'StreetName': '18 RUE DE FLACE', 'AdditionalStreetName': None, 'CityName': 'MACON', 'PostalZone': '71000', 'Country': 'FRA'};227100013;True;DEPARTEMENT DE SAONE ET LOIRE;DEPARTEMENT DE SAONE-ET-LOIRE;;;fournitures;['VALEUR PRIX', 'VALEUR TECHNIQUE', 'PERFORMANCE EN MATIERE DE DEVELOPPEMENT DRABLE'];['prix', 'technique', 'qualite'];[55.0, 40.0, 5.0];1200.0;False;;False;{'StreetName': None, 'CityName': None, 'PostalZone': None, 'NUTS': 'FRC13', 'Country': 'FRA'};sans remise en concurrence;;26-93432;;75065.0;;LOT-0001;30192000;75065.0;1;2;;ACHAT DE FOURNITURES ET DE PETITS MATERIELS DE BUREAU;ouverte;DIME-26-040-GD;3.0;;;False;False;False;75065.0;7220;Département ;2 000  à  4 999;False;1978-01-01;84.11Z;2008;5710.0;SAS, société par actions simplifiée;500  à  999;False;<NA>;2008;G;46;46.4;46.49;46.49Z;1955-01-01;(48.89576, 2.2435);Courbevoie;Hauts-de-Seine;Île-de-France;(46.313092, 4.831035);Mâcon;Saône-et-Loire;Bourgogne-Franche-Comté;;;;;;;;
False;['45232150', '45262522'];;True;True;False;attribue;{'StreetName': '11 Rue du Rec de Veyret', 'AdditionalStreetName': None, 'CityName': 'NARBONNE', 'PostalZone': '11100', 'Country': 'FRA'};329338883;True;COLAS FRANCE;COLAS France;2026-09-30;{'StreetName': None, 'AdditionalStreetName': None, 'CityName': 'Lézignan-Corbières', 'PostalZone': '11200', 'Country': 'FRA'};200035863;True;COMMUNAUTE DE COMMUNES REGION LEZIGNANAISE CORBIERES ET MINERVOIS;COMMUNAUTE DE COMMUNES REGION LEZIGNANAISE CORBIERES ET MINERVOIS;;2026-09-01+02:00;travaux;[];[];;;False;1270000.0;False;{'StreetName': None, 'CityName': 'Saint-PIerre-des-Champs', 'PostalZone': '11220', 'NUTS': 'FRJ11', 'Country': 'FRA'};;;26-93640;;225379.2;;LOT-0001;45112500;;6;4;;Restructuration du réseau des déchetteries de la CCRLCM - Tranche 3;ouverte;;;;;False;False;False;1030235.0;7346;Communauté de communes ;100  à  199;False;2013-01-01;84.11Z;2008;5710.0;SAS, société par actions simplifiée;10 000  et plus ;False;False;2008;F;42;42.1;42.11;42.11Z;1984-01-01;(43.173752, 2.988125);Narbonne;Aude;Occitanie;;Lézignan-Corbières;Aude;Occitanie;;;;;;;;
False;['45232150', '45262522'];;True;True;False;attribue;{'StreetName': '11 Rue du Rec de Veyret', 'AdditionalStreetName': None, 'CityName': 'NARBONNE', 'PostalZone': '11100', 'Country': 'FRA'};329338883;True;COLAS FRANCE;COLAS France;2026-09-30;{'StreetName': None, 'AdditionalStreetName': None, 'CityName': 'Lézignan-Corbières', 'PostalZone': '11200', 'Country': 'FRA'};200035863;True;COMMUNAUTE DE COMMUNES REGION LEZIGNANAISE CORBIERES ET MINERVOIS;COMMUNAUTE DE COMMUNES REGION LEZIGNANAISE CORBIERES ET MINERVOIS;;2026-09-01+02:00;travaux;['Ce critère est apprécié sur la base du DQE.', 'La qualité de la proposition technique est évaluée à partir du mémoire technique spécifiquement rédigé par le candidat.'];['prix', 'qualite'];[40.0, 60.0];;False;1270000.0;False;{'StreetName': None, 'CityName': 'Lézignan-Corbières', 'PostalZone': '11200', 'NUTS': 'FRJ11', 'Country': 'FRA'};;;26-93640;;188985.0;;LOT-0015;45112500;;6;4;;Restructuration du réseau des déchetteries de la CCRLCM - Tranche 3;ouverte;;;;;False;False;False;1030235.0;7346;Communauté de communes ;100  à  199;False;2013-01-01;84.11Z;2008;5710.0;SAS, société par actions simplifiée;10 000  et plus ;False;False;2008;F;42;42.1;42.11;42.11Z;1984-01-01;(43.173752, 2.988125);Narbonne;Aude;Occitanie;;Lézignan-Corbières;Aude;Occitanie;;;;;;;;
False;['45262522'];;True;True;False;attribue;{'StreetName': 'ZI La plaine -  Rue du Veyret', 'AdditionalStreetName': None, 'CityName': 'MONTREDON DES CORBIERES', 'PostalZone': '11100', 'Country': 'FRA'};302698873;True;SPIE BATIGNOLLES MALET;SPIE BATIGNOLLES MALET;2026-09-30;{'StreetName': None, 'AdditionalStreetName': None, 'CityName': 'Lézignan-Corbières', 'PostalZone': '11200', 'Country': 'FRA'};200035863;True;COMMUNAUTE DE COMMUNES REGION LEZIGNANAISE CORBIERES ET MINERVOIS;COMMUNAUTE DE COMMUNES REGION LEZIGNANAISE CORBIERES ET MINERVOIS;;2026-09-01+02:00;travaux;['Ce critère est apprécié sur la base du DQE.', 'La qualité de la proposition financière technique est évaluée à partir du mémoire spécifiquement rédigé par le candidat.'];['prix', 'qualite'];[40.0, 60.0];;False;1270000.0;False;{'StreetName': None, 'CityName': 'Laroque-de-Fa', 'PostalZone': '11330', 'NUTS': 'FRJ11', 'Country': 'FRA'};;;26-93640;;61995.55;;LOT-0016;45112500;;6;3;;Restructuration du réseau des déchetteries de la CCRLCM - Tranche 3;ouverte;;;;;False;False;False;1030235.0;7346;Communauté de communes ;100  à  199;False;2013-01-01;84.11Z;2008;5599.0;SA à conseil d'administration (s.a.i.);1 000  à  1 999;False;<NA>;2008;F;42;42.1;42.11;42.11Z;2007-01-01;(43.181526, 2.936933);Montredon-des-Corbières;Aude;Occitanie;;Lézignan-Corbières;Aude;Occitanie;;;;;;;;
False;['45262522'];;True;True;False;attribue;{'StreetName': '15 Rue Pierre de Fermat', 'AdditionalStreetName': None, 'CityName': 'LEZIGNAN-CORBIERES', 'PostalZone': '11200', 'Country': 'FRA'};329185870;True;LEZI'CONSTRUCTION;LEZI-CONSTRUCTION;2026-09-30;{'StreetName': None, 'AdditionalStreetName': None, 'CityName': 'Lézignan-Corbières', 'PostalZone': '11200', 'Country': 'FRA'};200035863;True;COMMUNAUTE DE COMMUNES REGION LEZIGNANAISE CORBIERES ET MINERVOIS;COMMUNAUTE DE COMMUNES REGION LEZIGNANAISE CORBIERES ET MINERVOIS;;2026-09-01+02:00;travaux;['Ce critère est apprécié sur la base du DQE.', 'La qualité de la proposition technique est évaluée à partir du mémoire spécifiquement rédigé par le candidat.'];['prix', 'qualite'];[40.0, 60.0];;False;1270000.0;False;{'StreetName': None, 'CityName': 'Saint-PIerre-des-Champs', 'PostalZone': '11220', 'NUTS': 'FRJ11', 'Country': 'FRA'};;;26-93640;;227081.43;;LOT-0017;45262620;;6;5;;Restructuration du réseau des déchetteries de la CCRLCM - Tranche 3;ouverte;;;;;False;False;False;1030235.0;7346;Communauté de communes ;100  à  199;False;2013-01-01;84.11Z;2008;5499.0;Société à responsabilité limitée (sans autre indication);20  à  49;<NA>;<NA>;2008;F;43;43.9;43.99;43.99C;1984-02-01;(43.17569, 2.747281);Lézignan-Corbières;Aude;Occitanie;;Lézignan-Corbières;Aude;Occitanie;;;;;;;;
False;['45262522'];;True;True;False;attribue;{'StreetName': '15 Rue Pierre de Fermat', 'AdditionalStreetName': None, 'CityName': 'LEZIGNAN-CORBIERES', 'PostalZone': '11200', 'Country': 'FRA'};329185870;True;LEZI'CONSTRUCTION;LEZI-CONSTRUCTION;2026-09-30;{'StreetName': None, 'AdditionalStreetName': None, 'CityName': 'Lézignan-Corbières', 'PostalZone': '11200', 'Country': 'FRA'};200035863;True;COMMUNAUTE DE COMMUNES REGION LEZIGNANAISE CORBIERES ET MINERVOIS;COMMUNAUTE DE COMMUNES REGION LEZIGNANAISE CORBIERES ET MINERVOIS;;2026-09-01+02:00;travaux;['Ce critère est apprécié sur la base du DQE.', 'La qualité de la proposition technique est évaluée à partir du mémoire spécifiquement rédigé par le candidat.'];['prix', 'qualite'];[40.0, 60.0];;False;1270000.0;False;{'StreetName': None, 'CityName': 'Lézignan-Corbières', 'PostalZone': '11200', 'NUTS': 'FRJ11', 'Country': 'FRA'};;;26-93640;;147551.73;;LOT-0018;45262620;;6;5;;Restructuration du réseau des déchetteries de la CCRLCM - Tranche 3;ouverte;;;;;False;False;False;1030235.0;7346;Communauté de communes ;100  à  199;False;2013-01-01;84.11Z;2008;5499.0;Société à responsabilité limitée (sans autre indication);20  à  49;<NA>;<NA>;2008;F;43;43.9;43.99;43.99C;1984-02-01;(43.17569, 2.747281);Lézignan-Corbières;Aude;Occitanie;;Lézignan-Corbières;Aude;Occitanie;;;;;;;;
False;['45262522', '45262522'];;True;True;False;attribue;{'StreetName': '27 Avenue Paul Lafargue', 'AdditionalStreetName': None, 'CityName': 'TOULOUGES', 'PostalZone': '66350', 'Country': 'FRA'};443881404;True;SEETECH;SEETECH;2026-09-30;{'StreetName': None, 'AdditionalStreetName': None, 'CityName': 'Lézignan-Corbières', 'PostalZone': '11200', 'Country': 'FRA'};200035863;True;COMMUNAUTE DE COMMUNES REGION LEZIGNANAISE CORBIERES ET MINERVOIS;COMMUNAUTE DE COMMUNES REGION LEZIGNANAISE CORBIERES ET MINERVOIS;;2026-09-01+02:00;travaux;['Ce critère est apprécié sur la base du DQE.', 'La qualité de la proposition technique est évaluée à partir du mémoire spécifiquement rédigé par le candidat.'];['prix', 'qualite'];[40.0, 60.0];;False;1270000.0;False;{'StreetName': None, 'CityName': 'Saint-PIerre-des-Champs', 'PostalZone': '11220', 'NUTS': 'FRJ11', 'Country': 'FRA'};;;26-93640;;179243.0;;LOT-0019;45340000;;6;3;;Restructuration du réseau des déchetteries de la CCRLCM - Tranche 3;ouverte;;;;;False;False;False;1030235.0;7346;Communauté de communes ;100  à  199;False;2013-01-01;84.11Z;2008;5710.0;SAS, société par actions simplifiée;6  à  9;False;<NA>;2008;M;71;71.1;71.12;71.12B;2002-11-01;(42.662035, 2.821907);Toulouges;Pyrénées-Orientales;Occitanie;;Lézignan-Corbières;Aude;Occitanie;;;;;;;;
False;['34144900'];;True;True;False;attribue;{'StreetName': None, 'AdditionalStreetName': None, 'CityName': 'LE LAMENTIN', 'PostalZone': '97232', 'Country': 'FRA'};343535969;False;LOCATION AUTOMOBILE CARAIBE;LOCATION AUTOMOBILE CARAIBE;2026-09-30;{'StreetName': '1 rue Epiphane de Moirans', 'AdditionalStreetName': None, 'CityName': 'Les Trois-Îlets', 'PostalZone': '97229', 'Country': 'FRA'};219722311;True;COMMUNE DES TROIS-ILETS;Ville des Trois-Îlets (972);;;services;['Prix des prestations : 60%', 'Valeur technique : 40%'];['prix', 'technique'];[60.0, 40.0];1440.0;False;;False;{'StreetName': None, 'CityName': 'LES TROIS ILETS', 'PostalZone': '97229', 'NUTS': 'FRY20', 'Country': 'FRA'};;;26-93610;;38930.0;;LOT-0001;75200000;;8;2;;Location longue durée de véhicules électriques, hybrides non rechargeables et thermiques;ouverte;;;;;False;False;False;289724.0;7210;Commune et commune nouvelle ;200  à  249;False;1949-07-01;84.11Z;2008;5710.0;SAS, société par actions simplifiée;20  à  49;False;<NA>;2008;N;77;77.1;77.11;77.11A;1987-12-24;;Le Lamentin;Martinique;;(14.538555, -61.033824);Les Trois-Îlets;Martinique;;;;;;;;;
False;['34115000'];;True;True;False;attribue;{'StreetName': None, 'AdditionalStreetName': None, 'CityName': 'LE LAMENTIN', 'PostalZone': '97232', 'Country': 'FRA'};343535969;False;LOCATION AUTOMOBILE CARAIBE;LOCATION AUTOMOBILE CARAIBE;2026-09-30;{'StreetName': '1 rue Epiphane de Moirans', 'AdditionalStreetName': None, 'CityName': 'Les Trois-Îlets', 'PostalZone': '97229', 'Country': 'FRA'};219722311;True;COMMUNE DES TROIS-ILETS;Ville des Trois-Îlets (972);;;services;['Prix des prestations : 60%', 'Valeur technique : 40%'];['prix', 'technique'];[60.0, 40.0];1440.0;False;;False;{'StreetName': None, 'CityName': 'LES TROIS ILETS', 'PostalZone': '97229', 'NUTS': 'FRY20', 'Country': 'FRA'};;;26-93610;;35214.0;;LOT-0002;75200000;;8;2;;Location longue durée de véhicules électriques, hybrides non rechargeables et thermiques;ouverte;;;;;False;False;False;289724.0;7210;Commune et commune nouvelle ;200  à  249;False;1949-07-01;84.11Z;2008;5710.0;SAS, société par actions simplifiée;20  à  49;False;<NA>;2008;N;77;77.1;77.11;77.11A;1987-12-24;;Le Lamentin;Martinique;;(14.538555, -61.033824);Les Trois-Îlets;Martinique;;;;;;;;;
False;['34136100'];;True;True;False;attribue;{'StreetName': None, 'AdditionalStreetName': None, 'CityName': 'LE LAMENTIN', 'PostalZone': '97232', 'Country': 'FRA'};343535969;False;LOCATION AUTOMOBILE CARAIBE;LOCATION AUTOMOBILE CARAIBE;2026-09-30;{'StreetName': '1 rue Epiphane de Moirans', 'AdditionalStreetName': None, 'CityName': 'Les Trois-Îlets', 'PostalZone': '97229', 'Country': 'FRA'};219722311;True;COMMUNE DES TROIS-ILETS;Ville des Trois-Îlets (972);;;services;['Prix des prestations : 60%', 'Valeur technique : 40%'];['prix', 'technique'];[60.0, 40.0];1440.0;False;;False;{'StreetName': None, 'CityName': 'LES TROIS ILETS', 'PostalZone': '97229', 'NUTS': 'FRY20', 'Country': 'FRA'};;;26-93610;;43487.0;;LOT-0003;75200000;;8;2;;Location longue durée de véhicules électriques, hybrides non rechargeables et thermiques;ouverte;;;;;False;False;False;289724.0;7210;Commune et commune nouvelle ;200  à  249;False;1949-07-01;84.11Z;2008;5710.0;SAS, société par actions simplifiée;20  à  49;False;<NA>;2008;N;77;77.1;77.11;77.11A;1987-12-24;;Le Lamentin;Martinique;;(14.538555, -61.033824);Les Trois-Îlets;Martinique;;;;;;;;;
False;['34136100'];;True;True;False;attribue;{'StreetName': None, 'AdditionalStreetName': None, 'CityName': 'LE LAMENTIN', 'PostalZone': '97232', 'Country': 'FRA'};343535969;False;LOCATION AUTOMOBILE CARAIBE;LOCATION AUTOMOBILE CARAIBE;2026-09-30;{'StreetName': '1 rue Epiphane de Moirans', 'AdditionalStreetName': None, 'CityName': 'Les Trois-Îlets', 'PostalZone': '97229', 'Country': 'FRA'};219722311;True;COMMUNE DES TROIS-ILETS;Ville des Trois-Îlets (972);;;services;['Prix des prestations : 60%', 'Valeur technique : 40%'];['prix', 'technique'];[60.0, 40.0];1440.0;False;;False;{'StreetName': None, 'CityName': 'LES TROIS ILETS', 'PostalZone': '97229', 'NUTS': 'FRY20', 'Country': 'FRA'};;;26-93610;;40213.0;;LOT-0004;75200000;;8;2;;Location longue durée de véhicules électriques, hybrides non rechargeables et thermiques;ouverte;;;;;False;False;False;289724.0;7210;Commune et commune nouvelle ;200  à  249;False;1949-07-01;84.11Z;2008;5710.0;SAS, société par actions simplifiée;20  à  49;False;<NA>;2008;N;77;77.1;77.11;77.11A;1987-12-24;;Le Lamentin;Martinique;;(14.538555, -61.033824);Les Trois-Îlets;Martinique;;;;;;;;;
False;['34114400'];;True;True;False;attribue;{'StreetName': None, 'AdditionalStreetName': None, 'CityName': 'LE LAMENTIN', 'PostalZone': '97232', 'Country': 'FRA'};343535969;False;LOCATION AUTOMOBILE CARAIBE;LOCATION AUTOMOBILE CARAIBE;2026-09-30;{'StreetName': '1 rue Epiphane de Moirans', 'AdditionalStreetName': None, 'CityName': 'Les Trois-Îlets', 'PostalZone': '97229', 'Country': 'FRA'};219722311;True;COMMUNE DES TROIS-ILETS;Ville des Trois-Îlets (972);;;services;['Prix des prestations : 60%', 'Valeur technique : 40%'];['prix', 'technique'];[60.0, 40.0];1440.0;False;;False;{'StreetName': None, 'CityName': 'LES TROIS ILETS', 'PostalZone': '97229', 'NUTS': 'FRY20', 'Country': 'FRA'};;;26-93610;;54547.0;;LOT-0005;75200000;;8;2;;Location longue durée de véhicules électriques, hybrides non rechargeables et thermiques;ouverte;;;;;False;False;False;289724.0;7210;Commune et commune nouvelle ;200  à  249;False;1949-07-01;84.11Z;2008;5710.0;SAS, société par actions simplifiée;20  à  49;False;<NA>;2008;N;77;77.1;77.11;77.11A;1987-12-24;;Le Lamentin;Martinique;;(14.538555, -61.033824);Les Trois-Îlets;Martinique;;;;;;;;;
False;['34144900'];;True;True;False;attribue;{'StreetName': None, 'AdditionalStreetName': None, 'CityName': 'LE LAMENTIN', 'PostalZone': '97232', 'Country': 'FRA'};343535969;False;LOCATION AUTOMOBILE CARAIBE;LOCATION AUTOMOBILE CARAIBE;2026-09-30;{'StreetName': '1 rue Epiphane de Moirans', 'AdditionalStreetName': None, 'CityName': 'Les Trois-Îlets', 'PostalZone': '97229', 'Country': 'FRA'};219722311;True;COMMUNE DES TROIS-ILETS;Ville des Trois-Îlets (972);;;services;['Prix des prestations : 60%', 'Valeur technique : 40%'];['prix', 'technique'];[60.0, 40.0];1440.0;False;;False;{'StreetName': None, 'CityName': 'LES TROIS ILETS', 'PostalZone': '97229', 'NUTS': 'FRY20', 'Country': 'FRA'};;;26-93610;;38842.0;;LOT-0006;75200000;;8;2;;Location longue durée de véhicules électriques, hybrides non rechargeables et thermiques;ouverte;;;;;False;False;False;289724.0;7210;Commune et commune nouvelle ;200  à  249;False;1949-07-01;84.11Z;2008;5710.0;SAS, société par actions simplifiée;20  à  49;False;<NA>;2008;N;77;77.1;77.11;77.11A;1987-12-24;;Le Lamentin;Martinique;;(14.538555, -61.033824);Les Trois-Îlets;Martinique;;;;;;;;;
False;['34115000'];;True;True;False;non attribue;;;False;;;2026-09-30;{'StreetName': '1 rue Epiphane de Moirans', 'AdditionalStreetName': None, 'CityName': 'Les Trois-Îlets', 'PostalZone': '97229', 'Country': 'FRA'};219722311;True;COMMUNE DES TROIS-ILETS;Ville des Trois-Îlets (972);;;services;['Prix des prestations : 60%', 'Valeur technique : 40%'];['prix', 'technique'];[60.0, 40.0];1440.0;False;;False;{'StreetName': None, 'CityName': 'LES TROIS ILETS', 'PostalZone': '97229', 'NUTS': 'FRY20', 'Country': 'FRA'};;;26-93610;;;;LOT-0007;75200000;;8;2;;Location longue durée de véhicules électriques, hybrides non rechargeables et thermiques;ouverte;;;;;False;False;False;289724.0;7210;Commune et commune nouvelle ;200  à  249;False;1949-07-01;84.11Z;2008;;;;;;<NA>;;;;;<NA>;<NA>;;;;;(14.538555, -61.033824);Les Trois-Îlets;Martinique;;;;;;;;;
False;['34115000'];;True;True;False;attribue;{'StreetName': None, 'AdditionalStreetName': None, 'CityName': 'LE LAMENTIN', 'PostalZone': '97232', 'Country': 'FRA'};343535969;False;LOCATION AUTOMOBILE CARAIBE;LOCATION AUTOMOBILE CARAIBE;2026-09-30;{'StreetName': '1 rue Epiphane de Moirans', 'AdditionalStreetName': None, 'CityName': 'Les Trois-Îlets', 'PostalZone': '97229', 'Country': 'FRA'};219722311;True;COMMUNE DES TROIS-ILETS;Ville des Trois-Îlets (972);;;services;['Prix des prestations : 60%', 'Valeur technique : 40%'];['prix', 'technique'];[60.0, 40.0];1440.0;False;;False;{'StreetName': None, 'CityName': 'LES TROIS ILETS', 'PostalZone': '97229', 'NUTS': 'FRY20', 'Country': 'FRA'};;;26-93610;;38488.0;;LOT-0008;75200000;;8;2;;Location longue durée de véhicules électriques, hybrides non rechargeables et thermiques;ouverte;;;;;False;False;False;289724.0;7210;Commune et commune nouvelle ;200  à  249;False;1949-07-01;84.11Z;2008;5710.0;SAS, société par actions simplifiée;20  à  49;False;<NA>;2008;N;77;77.1;77.11;77.11A;1987-12-24;;Le Lamentin;Martinique;;(14.538555, -61.033824);Les Trois-Îlets;Martinique;;;;;;;;;
False;['33183100', '33183200'];;True;True;False;attribue;{'StreetName': '127 Rue Pr Raymond Roy Camille', 'AdditionalStreetName': None, 'CityName': 'Fort-De-France', 'PostalZone': '97200', 'Country': 'FRA'};485092589;False;SOS MEDICAL MARTINIQUE;SOS MEDICAL MARTINIQUE;2026-09-30;{'StreetName': 'Cs 90632', 'AdditionalStreetName': None, 'CityName': 'Fort-De-France', 'PostalZone': '97261', 'Country': 'FRA'};200034528;False;CENTRE HOSPITALIER UNIVERSITAIRE DE LA MARTINIQUE;CHU de Martinique;;;fournitures;['Valeur Technique', 'Logistique', 'Prix'];['technique', 'qualite', 'prix'];[60.0, 10.0, 30.0];;False;4480602.0;False;;sans remise en concurrence;;26-93418;;31591.2;;LOT-0001;33183100;2216410.05;25;5;;FOURNITURE DE DISPOSITIFS MEDICAUX STERILES DE CHIRURGIE RACHIDIENNE;ouverte;DCE-2025-101-EM;;;;False;False;False;;7364;Établissement d'hospitalisation ;5 000  à  9 999;False;2013-01-01;86.10Z;2008;5710.0;SAS, société par actions simplifiée;10  à  19;False;<NA>;2008;G;46;46.4;46.46;46.46Z;2005-11-21;;;;;(14.647805, -61.062192);Fort-de-France;Martinique;;;;;;;;;
False;['33183100', '33183200'];;True;True;False;attribue;{'StreetName': '127 Rue Pr Raymond Roy Camille', 'AdditionalStreetName': None, 'CityName': 'Fort-De-France', 'PostalZone': '97200', 'Country': 'FRA'};485092589;False;SOS MEDICAL MARTINIQUE;SOS MEDICAL MARTINIQUE;2026-09-30;{'StreetName': 'Cs 90632', 'AdditionalStreetName': None, 'CityName': 'Fort-De-France', 'PostalZone': '97261', 'Country': 'FRA'};200034528;False;CENTRE HOSPITALIER UNIVERSITAIRE DE LA MARTINIQUE;CHU de Martinique;;;fournitures;['Valeur Technique', 'Logistique', 'Prix'];['technique', 'qualite', 'prix'];[60.0, 10.0, 30.0];;False;4480602.0;False;;sans remise en concurrence;;26-93418;;152126.1;;LOT-0002;33183100;2216410.05;25;4;;FOURNITURE DE DISPOSITIFS MEDICAUX STERILES DE CHIRURGIE RACHIDIENNE;ouverte;DCE-2025-101-EM;;;;False;False;False;;7364;Établissement d'hospitalisation ;5 000  à  9 999;False;2013-01-01;86.10Z;2008;5710.0;SAS, société par actions simplifiée;10  à  19;False;<NA>;2008;G;46;46.4;46.46;46.46Z;2005-11-21;;;;;(14.647805, -61.062192);Fort-de-France;Martinique;;;;;;;;;
False;['33183100', '33183200'];;True;True;False;attribue;{'StreetName': 'Rte Jean Ignace', 'AdditionalStreetName': None, 'CityName': 'Les Abymes', 'PostalZone': '97139', 'Country': 'FRA'};482033735;False;WEST INDIES CHIRURGIE;WEST INDIES CHIRURGIE;2026-09-30;{'StreetName': 'Cs 90632', 'AdditionalStreetName': None, 'CityName': 'Fort-De-France', 'PostalZone': '97261', 'Country': 'FRA'};200034528;False;CENTRE HOSPITALIER UNIVERSITAIRE DE LA MARTINIQUE;CHU de Martinique;;;fournitures;['Valeur Technique', 'Logistique', 'Prix'];['technique', 'qualite', 'prix'];[60.0, 10.0, 30.0];;False;4480602.0;False;;sans remise en concurrence;;26-93418;;46344.0;;LOT-0003;33183100;2216410.05;25;4;;FOURNITURE DE DISPOSITIFS MEDICAUX STERILES DE CHIRURGIE RACHIDIENNE;ouverte;DCE-2025-101-EM;;;;False;False;False;;7364;Établissement d'hospitalisation ;5 000  à  9 999;False;2013-01-01;86.10Z;2008;5499.0;Société à responsabilité limitée (sans autre indication);1  ou  2;False;<NA>;2008;G;46;46.4;46.46;46.46Z;2005-04-01;(16.244533, -61.519867);Les Abymes;Guadeloupe;;(14.647805, -61.062192);Fort-de-France;Martinique;;;;;;;;;
False;['33183100', '33183200'];;True;True;False;attribue;{'StreetName': '127 Rue Pr Raymond Roy Camille', 'AdditionalStreetName': None, 'CityName': 'Fort-De-France', 'PostalZone': '97200', 'Country': 'FRA'};485092589;False;SOS MEDICAL MARTINIQUE;SOS MEDICAL MARTINIQUE;2026-09-30;{'StreetName': 'Cs 90632', 'AdditionalStreetName': None, 'CityName': 'Fort-De-France', 'PostalZone': '97261', 'Country': 'FRA'};200034528;False;CENTRE HOSPITALIER UNIVERSITAIRE DE LA MARTINIQUE;CHU de Martinique;;;fournitures;['Valeur Technique', 'Logistique', 'Prix'];['technique', 'qualite', 'prix'];[60.0, 10.0, 30.0];;False;4480602.0;False;;sans remise en concurrence;;26-93418;;54330.75;;LOT-0004;33183100;2216410.05;25;4;;FOURNITURE DE DISPOSITIFS MEDICAUX STERILES DE CHIRURGIE RACHIDIENNE;ouverte;DCE-2025-101-EM;;;;False;False;False;;7364;Établissement d'hospitalisation ;5 000  à  9 999;False;2013-01-01;86.10Z;2008;5710.0;SAS, société par actions simplifiée;10  à  19;False;<NA>;2008;G;46;46.4;46.46;46.46Z;2005-11-21;;;;;(14.647805, -61.062192);Fort-de-France;Martinique;;;;;;;;;
False;['33183100', '33183200'];;True;True;False;attribue;{'StreetName': '127 Rue Pr Raymond Roy Camille', 'AdditionalStreetName': None, 'CityName': 'Fort-De-France', 'PostalZone': '97200', 'Country': 'FRA'};485092589;False;SOS MEDICAL MARTINIQUE;SOS MEDICAL MARTINIQUE;2026-09-30;{'StreetName': 'Cs 90632', 'AdditionalStreetName': None, 'CityName': 'Fort-De-France', 'PostalZone': '97261', 'Country': 'FRA'};200034528;False;CENTRE HOSPITALIER UNIVERSITAIRE DE LA MARTINIQUE;CHU de Martinique;;;fournitures;['Valeur Technique', 'Logistique', 'Prix'];['technique', 'qualite', 'prix'];[60.0, 10.0, 30.0];;False;4480602.0;False;;sans remise en concurrence;;26-93418;;10866.15;;LOT-0005;33183100;2216410.05;25;2;;FOURNITURE DE DISPOSITIFS MEDICAUX STERILES DE CHIRURGIE RACHIDIENNE;ouverte;DCE-2025-101-EM;;;;False;False;False;;7364;Établissement d'hospitalisation ;5 000  à  9 999;False;2013-01-01;86.10Z;2008;5710.0;SAS, société par actions simplifiée;10  à  19;False;<NA>;2008;G;46;46.4;46.46;46.46Z;2005-11-21;;;;;(14.647805, -61.062192);Fort-de-France;Martinique;;;;;;;;;
False;['33183100', '33183200'];;True;True;False;attribue;{'StreetName': 'Rte Jean Ignace', 'AdditionalStreetName': None, 'CityName': 'Les Abymes', 'PostalZone': '97139', 'Country': 'FRA'};482033735;False;WEST INDIES CHIRURGIE;WEST INDIES CHIRURGIE;2026-09-30;{'StreetName': 'Cs 90632', 'AdditionalStreetName': None, 'CityName': 'Fort-De-France', 'PostalZone': '97261', 'Country': 'FRA'};200034528;False;CENTRE HOSPITALIER UNIVERSITAIRE DE LA MARTINIQUE;CHU de Martinique;;;fournitures;['Valeur Technique', 'Logistique', 'Prix'];['technique', 'qualite', 'prix'];[60.0, 10.0, 30.0];;False;4480602.0;False;;sans remise en concurrence;;26-93418;;9268.8;;LOT-0006;33183100;2216410.05;25;2;;FOURNITURE DE DISPOSITIFS MEDICAUX STERILES DE CHIRURGIE RACHIDIENNE;ouverte;DCE-2025-101-EM;;;;False;False;False;;7364;Établissement d'hospitalisation ;5 000  à  9 999;False;2013-01-01;86.10Z;2008;5499.0;Société à responsabilité limitée (sans autre indication);1  ou  2;False;<NA>;2008;G;46;46.4;46.46;46.46Z;2005-04-01;(16.244533, -61.519867);Les Abymes;Guadeloupe;;(14.647805, -61.062192);Fort-de-France;Martinique;;;;;;;;;
False;['33183100', '33183200'];;True;True;False;attribue;{'StreetName': 'Rte Jean Ignace', 'AdditionalStreetName': None, 'CityName': 'Les Abymes', 'PostalZone': '97139', 'Country': 'FRA'};482033735;False;WEST INDIES CHIRURGIE;WEST INDIES CHIRURGIE;2026-09-30;{'StreetName': 'Cs 90632', 'AdditionalStreetName': None, 'CityName': 'Fort-De-France', 'PostalZone': '97261', 'Country': 'FRA'};200034528;False;CENTRE HOSPITALIER UNIVERSITAIRE DE LA MARTINIQUE;CHU de Martinique;;;fournitures;['Valeur Technique', 'Logistique', 'Prix'];['technique', 'qualite', 'prix'];[60.0, 10.0, 30.0];;False;4480602.0;False;;sans remise en concurrence;;26-93418;;32122.5;;LOT-0007;33183100;2216410.05;25;1;;FOURNITURE DE DISPOSITIFS MEDICAUX STERILES DE CHIRURGIE RACHIDIENNE;ouverte;DCE-2025-101-EM;;;;False;False;False;;7364;Établissement d'hospitalisation ;5 000  à  9 999;False;2013-01-01;86.10Z;2008;5499.0;Société à responsabilité limitée (sans autre indication);1  ou  2;False;<NA>;2008;G;46;46.4;46.46;46.46Z;2005-04-01;(16.244533, -61.519867);Les Abymes;Guadeloupe;;(14.647805, -61.062192);Fort-de-France;Martinique;;;;;;;;;
False;['33183100', '33183200'];;True;True;False;non attribue;;;False;;;2026-09-30;{'StreetName': 'Cs 90632', 'AdditionalStreetName': None, 'CityName': 'Fort-De-France', 'PostalZone': '97261', 'Country': 'FRA'};200034528;False;CENTRE HOSPITALIER UNIVERSITAIRE DE LA MARTINIQUE;CHU de Martinique;;;fournitures;['Valeur Technique', 'Logistique', 'Prix'];['technique', 'qualite', 'prix'];[60.0, 10.0, 30.0];;False;4480602.0;False;;sans remise en concurrence;;26-93418;;;;LOT-0008;33183100;2216410.05;25;0;;FOURNITURE DE DISPOSITIFS MEDICAUX STERILES DE CHIRURGIE RACHIDIENNE;ouverte;DCE-2025-101-EM;;;;False;False;False;;7364;Établissement d'hospitalisation ;5 000  à  9 999;False;2013-01-01;86.10Z;2008;;;;;;<NA>;;;;;<NA>;<NA>;;;;;(14.647805, -61.062192);Fort-de-France;Martinique;;;;;;;;;
False;['33183100', '33183200'];;True;True;False;attribue;{'StreetName': 'Av Zac De Satolas Green', 'AdditionalStreetName': None, 'CityName': 'Pusignan', 'PostalZone': '69330', 'Country': 'FRA'};333710275;False;STRYKER FRANCE SA;STRYKER FRANCE SA;2026-09-30;{'StreetName': 'Cs 90632', 'AdditionalStreetName': None, 'CityName': 'Fort-De-France', 'PostalZone': '97261', 'Country': 'FRA'};200034528;False;CENTRE HOSPITALIER UNIVERSITAIRE DE LA MARTINIQUE;CHU de Martinique;;;fournitures;['Valeur Technique', 'Logistique', 'Prix'];['technique', 'qualite', 'prix'];[60.0, 10.0, 30.0];;False;4480602.0;False;;sans remise en concurrence;;26-93418;;27691.8;;LOT-0009;33183100;2216410.05;25;1;;FOURNITURE DE DISPOSITIFS MEDICAUX STERILES DE CHIRURGIE RACHIDIENNE;ouverte;DCE-2025-101-EM;;;;False;False;False;;7364;Établissement d'hospitalisation ;5 000  à  9 999;False;2013-01-01;86.10Z;2008;5710.0;SAS, société par actions simplifiée;500  à  999;False;<NA>;2008;G;46;46.4;46.46;46.46Z;1985-09-03;(45.744243, 5.067491);Pusignan;Rhône;Auvergne-Rhône-Alpes;(14.647805, -61.062192);Fort-de-France;Martinique;;;;;;;;;
False;['33183100', '33183200'];;True;True;False;attribue;{'StreetName': '9 Bd Romain Rolland', 'AdditionalStreetName': None, 'CityName': 'Paris 14', 'PostalZone': '75014', 'Country': 'FRA'};967504945;False;MAINTRONIC;MEDTRONIC;2026-09-30;{'StreetName': 'Cs 90632', 'AdditionalStreetName': None, 'CityName': 'Fort-De-France', 'PostalZone': '97261', 'Country': 'FRA'};200034528;False;CENTRE HOSPITALIER UNIVERSITAIRE DE LA MARTINIQUE;CHU de Martinique;;;fournitures;['Valeur Technique', 'Logistique', 'Prix'];['technique', 'qualite', 'prix'];[60.0, 10.0, 30.0];;False;4480602.0;False;;sans remise en concurrence;;26-93418;;9064.5;;LOT-0010;33183100;2216410.05;25;2;;FOURNITURE DE DISPOSITIFS MEDICAUX STERILES DE CHIRURGIE RACHIDIENNE;ouverte;DCE-2025-101-EM;;;;False;False;False;;7364;Établissement d'hospitalisation ;5 000  à  9 999;False;2013-01-01;86.10Z;2008;5710.0;SAS, société par actions simplifiée;100  à  199;False;<NA>;2008;S;95;95.1;95.11;95.11Z;1967-01-01;(48.83712, 2.316932);Paris;Paris;Île-de-France;(14.647805, -61.062192);Fort-de-France;Martinique;;;;;;;;;
False;['33183100', '33183200'];;True;True;False;attribue;{'StreetName': '9 Bd Romain Rolland', 'AdditionalStreetName': None, 'CityName': 'Paris 14', 'PostalZone': '75014', 'Country': 'FRA'};967504945;False;MAINTRONIC;MEDTRONIC;2026-09-30;{'StreetName': 'Cs 90632', 'AdditionalStreetName': None, 'CityName': 'Fort-De-France', 'PostalZone': '97261', 'Country': 'FRA'};200034528;False;CENTRE HOSPITALIER UNIVERSITAIRE DE LA MARTINIQUE;CHU de Martinique;;;fournitures;['Valeur Technique', 'Logistique', 'Prix'];['technique', 'qualite', 'prix'];[60.0, 10.0, 30.0];;False;4480602.0;False;;sans remise en concurrence;;26-93418;;260544.9;;LOT-0011;33183100;2216410.05;25;4;;FOURNITURE DE DISPOSITIFS MEDICAUX STERILES DE CHIRURGIE RACHIDIENNE;ouverte;DCE-2025-101-EM;;;;False;False;False;;7364;Établissement d'hospitalisation ;5 000  à  9 999;False;2013-01-01;86.10Z;2008;5710.0;SAS, société par actions simplifiée;100  à  199;False;<NA>;2008;S;95;95.1;95.11;95.11Z;1967-01-01;(48.83712, 2.316932);Paris;Paris;Île-de-France;(14.647805, -61.062192);Fort-de-France;Martinique;;;;;;;;;
False;['33183100', '33183200'];;True;True;False;attribue;{'StreetName': 'Rte Jean Ignace', 'AdditionalStreetName': None, 'CityName': 'Les Abymes', 'PostalZone': '97139', 'Country': 'FRA'};482033735;False;WEST INDIES CHIRURGIE;WEST INDIES CHIRURGIE;2026-09-30;{'StreetName': 'Cs 90632', 'AdditionalStreetName': None, 'CityName': 'Fort-De-France', 'PostalZone': '97261', 'Country': 'FRA'};200034528;False;CENTRE HOSPITALIER UNIVERSITAIRE DE LA MARTINIQUE;CHU de Martinique;;;fournitures;['Valeur Technique', 'Logistique', 'Prix'];['technique', 'qualite', 'prix'];[60.0, 10.0, 30.0];;False;4480602.0;False;;sans remise en concurrence;;26-93418;;301478.1;;LOT-0012;33183100;2216410.05;25;4;;FOURNITURE DE DISPOSITIFS MEDICAUX STERILES DE CHIRURGIE RACHIDIENNE;ouverte;DCE-2025-101-EM;;;;False;False;False;;7364;Établissement d'hospitalisation ;5 000  à  9 999;False;2013-01-01;86.10Z;2008;5499.0;Société à responsabilité limitée (sans autre indication);1  ou  2;False;<NA>;2008;G;46;46.4;46.46;46.46Z;2005-04-01;(16.244533, -61.519867);Les Abymes;Guadeloupe;;(14.647805, -61.062192);Fort-de-France;Martinique;;;;;;;;;
False;['33183100', '33183200'];;True;True;False;attribue;{'StreetName': '127 Rue Pr Raymond Roy Camille', 'AdditionalStreetName': None, 'CityName': 'Fort-De-France', 'PostalZone': '97200', 'Country': 'FRA'};485092589;False;SOS MEDICAL MARTINIQUE;SOS MEDICAL MARTINIQUE;2026-09-30;{'StreetName': 'Cs 90632', 'AdditionalStreetName': None, 'CityName': 'Fort-De-France', 'PostalZone': '97261', 'Country': 'FRA'};200034528;False;CENTRE HOSPITALIER UNIVERSITAIRE DE LA MARTINIQUE;CHU de Martinique;;;fournitures;['Valeur Technique', 'Logistique', 'Prix'];['technique', 'qualite', 'prix'];[60.0, 10.0, 30.0];;False;4480602.0;False;;sans remise en concurrence;;26-93418;;50112.0;;LOT-0013;33183100;2216410.05;25;4;;FOURNITURE DE DISPOSITIFS MEDICAUX STERILES DE CHIRURGIE RACHIDIENNE;ouverte;DCE-2025-101-EM;;;;False;False;False;;7364;Établissement d'hospitalisation ;5 000  à  9 999;False;2013-01-01;86.10Z;2008;5710.0;SAS, société par actions simplifiée;10  à  19;False;<NA>;2008;G;46;46.4;46.46;46.46Z;2005-11-21;;;;;(14.647805, -61.062192);Fort-de-France;Martinique;;;;;;;;;
False;['33183100', '33183200'];;True;True;False;attribue;{'StreetName': '9 Bd Romain Rolland', 'AdditionalStreetName': None, 'CityName': 'Paris 14', 'PostalZone': '75014', 'Country': 'FRA'};967504945;False;MAINTRONIC;MEDTRONIC;2026-09-30;{'StreetName': 'Cs 90632', 'AdditionalStreetName': None, 'CityName': 'Fort-De-France', 'PostalZone': '97261', 'Country': 'FRA'};200034528;False;CENTRE HOSPITALIER UNIVERSITAIRE DE LA MARTINIQUE;CHU de Martinique;;;fournitures;['Valeur Technique', 'Logistique', 'Prix'];['technique', 'qualite', 'prix'];[60.0, 10.0, 30.0];;False;4480602.0;False;;sans remise en concurrence;;26-93418;;45783.6;;LOT-0014;33183100;2216410.05;25;4;;FOURNITURE DE DISPOSITIFS MEDICAUX STERILES DE CHIRURGIE RACHIDIENNE;ouverte;DCE-2025-101-EM;;;;False;False;False;;7364;Établissement d'hospitalisation ;5 000  à  9 999;False;2013-01-01;86.10Z;2008;5710.0;SAS, société par actions simplifiée;100  à  199;False;<NA>;2008;S;95;95.1;95.11;95.11Z;1967-01-01;(48.83712, 2.316932);Paris;Paris;Île-de-France;(14.647805, -61.062192);Fort-de-France;Martinique;;;;;;;;;
False;['33183100', '33183200'];;True;True;False;attribue;{'StreetName': 'Rte Jean Ignace', 'AdditionalStreetName': None, 'CityName': 'Les Abymes', 'PostalZone': '97139', 'Country': 'FRA'};482033735;False;WEST INDIES CHIRURGIE;WEST INDIES CHIRURGIE;2026-09-30;{'StreetName': 'Cs 90632', 'AdditionalStreetName': None, 'CityName': 'Fort-De-France', 'PostalZone': '97261', 'Country': 'FRA'};200034528;False;CENTRE HOSPITALIER UNIVERSITAIRE DE LA MARTINIQUE;CHU de Martinique;;;fournitures;['Valeur Technique', 'Logistique', 'Prix'];['technique', 'qualite', 'prix'];[60.0, 10.0, 30.0];;False;4480602.0;False;;sans remise en concurrence;;26-93418;;16530.0;;LOT-0015;33183100;2216410.05;25;2;;FOURNITURE DE DISPOSITIFS MEDICAUX STERILES DE CHIRURGIE RACHIDIENNE;ouverte;DCE-2025-101-EM;;;;False;False;False;;7364;Établissement d'hospitalisation ;5 000  à  9 999;False;2013-01-01;86.10Z;2008;5499.0;Société à responsabilité limitée (sans autre indication);1  ou  2;False;<NA>;2008;G;46;46.4;46.46;46.46Z;2005-04-01;(16.244533, -61.519867);Les Abymes;Guadeloupe;;(14.647805, -61.062192);Fort-de-France;Martinique;;;;;;;;;
False;['33183100', '33183200'];;True;True;False;non attribue;;;False;;;2026-09-30;{'StreetName': 'Cs 90632', 'AdditionalStreetName': None, 'CityName': 'Fort-De-France', 'PostalZone': '97261', 'Country': 'FRA'};200034528;False;CENTRE HOSPITALIER UNIVERSITAIRE DE LA MARTINIQUE;CHU de Martinique;;;fournitures;['Valeur Technique', 'Logistique', 'Prix'];['technique', 'qualite', 'prix'];[60.0, 10.0, 30.0];;False;4480602.0;False;;sans remise en concurrence;;26-93418;;;;LOT-0016;33183100;2216410.05;25;0;;FOURNITURE DE DISPOSITIFS MEDICAUX STERILES DE CHIRURGIE RACHIDIENNE;ouverte;DCE-2025-101-EM;;;;False;False;False;;7364;Établissement d'hospitalisation ;5 000  à  9 999;False;2013-01-01;86.10Z;2008;;;;;;<NA>;;;;;<NA>;<NA>;;;;;(14.647805, -61.062192);Fort-de-France;Martinique;;;;;;;;;
False;['33183100', '33183200'];;True;True;False;attribue;{'StreetName': '127 Rue Pr Raymond Roy Camille', 'AdditionalStreetName': None, 'CityName': 'Fort-De-France', 'PostalZone': '97200', 'Country': 'FRA'};485092589;False;SOS MEDICAL MARTINIQUE;SOS MEDICAL MARTINIQUE;2026-09-30;{'StreetName': 'Cs 90632', 'AdditionalStreetName': None, 'CityName': 'Fort-De-France', 'PostalZone': '97261', 'Country': 'FRA'};200034528;False;CENTRE HOSPITALIER UNIVERSITAIRE DE LA MARTINIQUE;CHU de Martinique;;;fournitures;['Valeur Technique', 'Logistique', 'Prix'];['technique', 'qualite', 'prix'];[60.0, 10.0, 30.0];;False;4480602.0;False;;sans remise en concurrence;;26-93418;;84895.2;;LOT-0017;33183100;2216410.05;25;4;;FOURNITURE DE DISPOSITIFS MEDICAUX STERILES DE CHIRURGIE RACHIDIENNE;ouverte;DCE-2025-101-EM;;;;False;False;False;;7364;Établissement d'hospitalisation ;5 000  à  9 999;False;2013-01-01;86.10Z;2008;5710.0;SAS, société par actions simplifiée;10  à  19;False;<NA>;2008;G;46;46.4;46.46;46.46Z;2005-11-21;;;;;(14.647805, -61.062192);Fort-de-France;Martinique;;;;;;;;;
False;['33183100', '33183200'];;True;True;False;non attribue;;;False;;;2026-09-30;{'StreetName': 'Cs 90632', 'AdditionalStreetName': None, 'CityName': 'Fort-De-France', 'PostalZone': '97261', 'Country': 'FRA'};200034528;False;CENTRE HOSPITALIER UNIVERSITAIRE DE LA MARTINIQUE;CHU de Martinique;;;fournitures;['Valeur Technique', 'Logistique', 'Prix'];['technique', 'qualite', 'prix'];[60.0, 10.0, 30.0];;False;4480602.0;False;;sans remise en concurrence;;26-93418;;;;LOT-0018;33183100;2216410.05;25;0;;FOURNITURE DE DISPOSITIFS MEDICAUX STERILES DE CHIRURGIE RACHIDIENNE;ouverte;DCE-2025-101-EM;;;;False;False;False;;7364;Établissement d'hospitalisation ;5 000  à  9 999;False;2013-01-01;86.10Z;2008;;;;;;<NA>;;;;;<NA>;<NA>;;;;;(14.647805, -61.062192);Fort-de-France;Martinique;;;;;;;;;
False;['33183100', '33183200'];;True;True;False;non attribue;;;False;;;2026-09-30;{'StreetName': 'Cs 90632', 'AdditionalStreetName': None, 'CityName': 'Fort-De-France', 'PostalZone': '97261', 'Country': 'FRA'};200034528;False;CENTRE HOSPITALIER UNIVERSITAIRE DE LA MARTINIQUE;CHU de Martinique;;;fournitures;['Valeur Technique', 'Logistique', 'Prix'];['technique', 'qualite', 'prix'];[60.0, 10.0, 30.0];;False;4480602.0;False;;sans remise en concurrence;;26-93418;;;;LOT-0019;33183100;2216410.05;25;0;;FOURNITURE DE DISPOSITIFS MEDICAUX STERILES DE CHIRURGIE RACHIDIENNE;ouverte;DCE-2025-101-EM;;;;False;False;False;;7364;Établissement d'hospitalisation ;5 000  à  9 999;False;2013-01-01;86.10Z;2008;;;;;;<NA>;;;;;<NA>;<NA>;;;;;(14.647805, -61.062192);Fort-de-France;Martinique;;;;;;;;;
False;['33183100', '33183200'];;True;True;False;attribue;{'StreetName': '127 Rue Pr Raymond Roy Camille', 'AdditionalStreetName': None, 'CityName': 'Fort-De-France', 'PostalZone': '97200', 'Country': 'FRA'};485092589;False;SOS MEDICAL MARTINIQUE;SOS MEDICAL MARTINIQUE;2026-09-30;{'StreetName': 'Cs 90632', 'AdditionalStreetName': None, 'CityName': 'Fort-De-France', 'PostalZone': '97261', 'Country': 'FRA'};200034528;False;CENTRE HOSPITALIER UNIVERSITAIRE DE LA MARTINIQUE;CHU de Martinique;;;fournitures;['Valeur Technique', 'Logistique', 'Prix'];['technique', 'qualite', 'prix'];[60.0, 10.0, 30.0];;False;4480602.0;False;;sans remise en concurrence;;26-93418;;33379.05;;LOT-0020;33183100;2216410.05;25;2;;FOURNITURE DE DISPOSITIFS MEDICAUX STERILES DE CHIRURGIE RACHIDIENNE;ouverte;DCE-2025-101-EM;;;;False;False;False;;7364;Établissement d'hospitalisation ;5 000  à  9 999;False;2013-01-01;86.10Z;2008;5710.0;SAS, société par actions simplifiée;10  à  19;False;<NA>;2008;G;46;46.4;46.46;46.46Z;2005-11-21;;;;;(14.647805, -61.062192);Fort-de-France;Martinique;;;;;;;;;
False;['33183100', '33183200'];;True;True;False;attribue;{'StreetName': '127 Rue Pr Raymond Roy Camille', 'AdditionalStreetName': None, 'CityName': 'Fort-De-France', 'PostalZone': '97200', 'Country': 'FRA'};485092589;False;SOS MEDICAL MARTINIQUE;SOS MEDICAL MARTINIQUE;2026-09-30;{'StreetName': 'Cs 90632', 'AdditionalStreetName': None, 'CityName': 'Fort-De-France', 'PostalZone': '97261', 'Country': 'FRA'};200034528;False;CENTRE HOSPITALIER UNIVERSITAIRE DE LA MARTINIQUE;CHU de Martinique;;;fournitures;['Valeur Technique', 'Logistique', 'Prix'];['technique', 'qualite', 'prix'];[60.0, 10.0, 30.0];;False;4480602.0;False;;sans remise en concurrence;;26-93418;;78329.4;;LOT-0021;33183100;2216410.05;25;1;;FOURNITURE DE DISPOSITIFS MEDICAUX STERILES DE CHIRURGIE RACHIDIENNE;ouverte;DCE-2025-101-EM;;;;False;False;False;;7364;Établissement d'hospitalisation ;5 000  à  9 999;False;2013-01-01;86.10Z;2008;5710.0;SAS, société par actions simplifiée;10  à  19;False;<NA>;2008;G;46;46.4;46.46;46.46Z;2005-11-21;;;;;(14.647805, -61.062192);Fort-de-France;Martinique;;;;;;;;;
False;['33183100', '33183200'];;True;True;False;attribue;{'StreetName': '2 Impasse Des Primbois', 'AdditionalStreetName': None, 'CityName': 'Margencel', 'PostalZone': '74200', 'Country': 'FRA'};839474533;False;STRIM HEALT CARE INTERNATIONAL SA;STRIM HEALTH CARE;2026-09-30;{'StreetName': 'Cs 90632', 'AdditionalStreetName': None, 'CityName': 'Fort-De-France', 'PostalZone': '97261', 'Country': 'FRA'};200034528;False;CENTRE HOSPITALIER UNIVERSITAIRE DE LA MARTINIQUE;CHU de Martinique;;;fournitures;['Valeur Technique', 'Logistique', 'Prix'];['technique', 'qualite', 'prix'];[60.0, 10.0, 30.0];;False;4480602.0;False;;sans remise en concurrence;;26-93418;;53400.0;;LOT-0022;33183100;2216410.05;25;5;;FOURNITURE DE DISPOSITIFS MEDICAUX STERILES DE CHIRURGIE RACHIDIENNE;ouverte;DCE-2025-101-EM;;;;False;False;False;;7364;Établissement d'hospitalisation ;5 000  à  9 999;False;2013-01-01;86.10Z;2008;3120.0;Société commerciale étrangère immatriculée au RCS;3  à  5;False;<NA>;2008;G;47;47.7;47.74;47.74Z;2018-04-01;(46.325998, 6.425337);Margencel;Haute-Savoie;Auvergne-Rhône-Alpes;(14.647805, -61.062192);Fort-de-France;Martinique;;;;;;;;;
False;['33183100', '33183200'];;True;True;False;attribue;{'StreetName': 'Rue De La Montee', 'AdditionalStreetName': None, 'CityName': 'Flaxlanden', 'PostalZone': '68720', 'Country': 'FRA'};945650141;False;DUOMED FRANCE;DUOMED FRANCE;2026-09-30;{'StreetName': 'Cs 90632', 'AdditionalStreetName': None, 'CityName': 'Fort-De-France', 'PostalZone': '97261', 'Country': 'FRA'};200034528;False;CENTRE HOSPITALIER UNIVERSITAIRE DE LA MARTINIQUE;CHU de Martinique;;;fournitures;['Valeur Technique', 'Logistique', 'Prix'];['technique', 'qualite', 'prix'];[60.0, 10.0, 30.0];;False;4480602.0;False;;sans remise en concurrence;;26-93418;;13500.0;;LOT-0023;33183100;2216410.05;25;5;;FOURNITURE DE DISPOSITIFS MEDICAUX STERILES DE CHIRURGIE RACHIDIENNE;ouverte;DCE-2025-101-EM;;;;False;False;False;;7364;Établissement d'hospitalisation ;5 000  à  9 999;False;2013-01-01;86.10Z;2008;5710.0;SAS, société par actions simplifiée;100  à  199;False;<NA>;2008;G;46;46.4;46.46;46.46Z;1956-01-01;(47.698533, 7.318378);Flaxlanden;Haut-Rhin;Grand Est;(14.647805, -61.062192);Fort-de-France;Martinique;;;;;;;;;
False;['33183100', '33183200'];;True;True;False;attribue;{'StreetName': 'Av Zac De Satolas Green', 'AdditionalStreetName': None, 'CityName': 'Pusignan', 'PostalZone': '69330', 'Country': 'FRA'};333710275;False;STRYKER FRANCE SA;STRYKER FRANCE SA;2026-09-30;{'StreetName': 'Cs 90632', 'AdditionalStreetName': None, 'CityName': 'Fort-De-France', 'PostalZone': '97261', 'Country': 'FRA'};200034528;False;CENTRE HOSPITALIER UNIVERSITAIRE DE LA MARTINIQUE;CHU de Martinique;;;fournitures;['Valeur Technique', 'Logistique', 'Prix'];['technique', 'qualite', 'prix'];[60.0, 10.0, 30.0];;False;4480602.0;False;;sans remise en concurrence;;26-93418;;905052.0;;LOT-0024;33183100;2216410.05;25;1;;FOURNITURE DE DISPOSITIFS MEDICAUX STERILES DE CHIRURGIE RACHIDIENNE;ouverte;DCE-2025-101-EM;;;;False;False;False;;7364;Établissement d'hospitalisation ;5 000  à  9 999;False;2013-01-01;86.10Z;2008;5710.0;SAS, société par actions simplifiée;500  à  999;False;<NA>;2008;G;46;46.4;46.46;46.46Z;1985-09-03;(45.744243, 5.067491);Pusignan;Rhône;Auvergne-Rhône-Alpes;(14.647805, -61.062192);Fort-de-France;Martinique;;;;;;;;;
False;['33183100', '33183200'];;True;True;False;non attribue;;;False;;;2026-09-30;{'StreetName': 'Cs 90632', 'AdditionalStreetName': None, 'CityName': 'Fort-De-France', 'PostalZone': '97261', 'Country': 'FRA'};200034528;False;CENTRE HOSPITALIER UNIVERSITAIRE DE LA MARTINIQUE;CHU de Martinique;;;fournitures;['Valeur Technique', 'Logistique', 'Prix'];['technique', 'qualite', 'prix'];[60.0, 10.0, 30.0];;False;4480602.0;False;;sans remise en concurrence;;26-93418;;;;LOT-0025;33183100;2216410.05;25;0;;FOURNITURE DE DISPOSITIFS MEDICAUX STERILES DE CHIRURGIE RACHIDIENNE;ouverte;DCE-2025-101-EM;;;;False;False;False;;7364;Établissement d'hospitalisation ;5 000  à  9 999;False;2013-01-01;86.10Z;2008;;;;;;<NA>;;;;;<NA>;<NA>;;;;;(14.647805, -61.062192);Fort-de-France;Martinique;;;;;;;;;
False;['34927100'];;True;False;False;attribue;{'StreetName': '772 chemin du Mitan', 'AdditionalStreetName': None, 'CityName': 'cavaillon', 'PostalZone': '84300', 'Country': 'FRA'};508357894;False;QUADRIMEX SELS;Quadrimex Sels SAS;2026-09-30;{'StreetName': '31 boulevard Emile Roux', 'AdditionalStreetName': 'Cs 60 000', 'CityName': 'Angouleme', 'PostalZone': '16917', 'Country': 'FRA'};221600018;False;DEPARTEMENT DE LA CHARENTE;Conseil Départemental de la Charente;;2027-01-01+01:00;fournitures;"['Valeur technique', ""Performances en matière de protection de l'environnement"", 'Prix']";['technique', 'environnemental', 'prix'];[25.0, 5.0, 70.0];360.0;True;;False;;sans remise en concurrence;;26-93837;;500000.0;;LOT-0000;34927100;500000.0;1;2;;Fourniture et transport de fondant routier pour le Département de la Charente;ouverte;2026F0227;3.0;;;False;True;False;500000.0;7220;Département ;2 000  à  4 999;False;1978-01-01;84.11Z;2008;5710.0;SAS, société par actions simplifiée;10  à  19;False;<NA>;2008;G;46;46.7;46.75;46.75Z;2008-10-02;(43.822599, 5.049081);Cavaillon;Vaucluse;Provence-Alpes-Côte d'Azur;(45.645809, 0.158007);Angoulême;Charente;Nouvelle-Aquitaine;;;;;;;;
False;['15894200'];;True;False;False;attribue;{'StreetName': '11 Lot Michel Ange', 'AdditionalStreetName': None, 'CityName': 'Sarrola-Carcopino', 'PostalZone': '20167', 'Country': 'FRA'};307523928;False;ASS DEPART AMIS PARENTS ENFANTS INADAPTE;ASS DEPART AMIS PARENTS ENFANTS INADAPTE CAT U LICETTU;2026-09-30;{'StreetName': 'Chemin De La Sposata', 'AdditionalStreetName': 'Cs 30012', 'CityName': 'Ajaccio', 'PostalZone': '20700', 'Country': 'FRA'};282000017;False;SERVICE D'INCENDIE ET DE SECOURS;Service d'Incendie et de Secours de Corse du Sud;;2026-11-02+01:00;services;"[""Valeur technique de l'offre"", 'Prix']";['technique', 'prix'];;1440.0;True;;False;;;;26-93493;;2000000.0;;LOT-0000;55322000;;1;1;;Prestations de confection de repas sur place dans la cuisine du Centre de Secours Principal d'Ajaccio en liaison chaude et liaison froide;ouverte;26AS-CP-0012-O;;;;False;True;False;2000000.0;7372;Service départemental d'incendie et de secours (SDIS);250  à  499;False;1955-01-01;84.25Z;2008;9220.0;Association déclarée ;250  à  499;True;<NA>;2008;Q;88;88.9;88.99;88.99B;1981-06-01;(41.965479, 8.81168);Sarrola-Carcopino;Corse-du-Sud;Corse;(41.949614, 8.75607);Ajaccio;Corse-du-Sud;Corse;;;;;;;;
False;['34913000'];;True;True;False;attribue;{'StreetName': '119 Lot Les Hauts De Rasignani', 'AdditionalStreetName': None, 'CityName': 'Borgo', 'PostalZone': '20290', 'Country': 'FRA'};407020031;False;ENTREPRISE AURILLACOISE TRAVAUX PUBLICS;sarl E.A.T.P;2026-09-30;{'StreetName': 'Direction des achats publics', 'AdditionalStreetName': 'Hôtel de la Collectivité de Corse, 22 cours Grandval', 'CityName': 'Ajaccio', 'PostalZone': '20187', 'Country': 'FRA'};200076958;False;COLLECTIVITE DE CORSE;Collectivité de Corse;;;fournitures;['Délai de livraison', 'Délai de prise en charge', 'Prix'];['delai', 'delai', 'prix'];[15.0, 15.0, 70.0];;True;;False;;sans remise en concurrence;;26-93836;;320000.0;;LOT-0001;34913000;640000.0;2;2;2.0;Achat de pièces détachées d'origine (ou équivalent) et achat de prestations de maintenance pour les engins de la Collectivité de Corse (18 lots);ouverte;2026-1DGM-0041;3.0;;;False;True;False;;7229;(Autre) Collectivité territoriale ;2 000  à  4 999;False;2018-01-01;84.11Z;2008;5499.0;Société à responsabilité limitée (sans autre indication);20  à  49;False;<NA>;2008;F;42;42.1;42.11;42.11Z;1970-01-01;(42.578392, 9.429794);Borgo;Haute-Corse;Corse;;;;;;;;;;;;
False;['34913000'];;True;True;False;attribue;{'StreetName': '119 Lot Les Hauts De Rasignani', 'AdditionalStreetName': None, 'CityName': 'Borgo', 'PostalZone': '20290', 'Country': 'FRA'};407020031;False;ENTREPRISE AURILLACOISE TRAVAUX PUBLICS;sarl E.A.T.P;2026-09-30;{'StreetName': 'Direction des achats publics', 'AdditionalStreetName': 'Hôtel de la Collectivité de Corse, 22 cours Grandval', 'CityName': 'Ajaccio', 'PostalZone': '20187', 'Country': 'FRA'};200076958;False;COLLECTIVITE DE CORSE;Collectivité de Corse;;;fournitures;['Délai de livraison', 'Délai de prise en charge', 'Prix'];['delai', 'delai', 'prix'];[15.0, 15.0, 70.0];;True;;False;;sans remise en concurrence;;26-93836;;320000.0;;LOT-0002;34913000;640000.0;2;2;2.0;Achat de pièces détachées d'origine (ou équivalent) et achat de prestations de maintenance pour les engins de la Collectivité de Corse (18 lots);ouverte;2026-1DGM-0041;3.0;;;False;True;False;;7229;(Autre) Collectivité territoriale ;2 000  à  4 999;False;2018-01-01;84.11Z;2008;5499.0;Société à responsabilité limitée (sans autre indication);20  à  49;False;<NA>;2008;F;42;42.1;42.11;42.11Z;1970-01-01;(42.578392, 9.429794);Borgo;Haute-Corse;Corse;;;;;;;;;;;;
False;;;True;False;False;attribue;;;False;;;2026-09-30;{'StreetName': '2, rue Bruno Aubert', 'AdditionalStreetName': None, 'CityName': 'Mana', 'PostalZone': '97360', 'Country': 'FRA'};249730037;True;COMMMUNAUTE DE COMMUNES DE L OUEST GUYANAIS;Cté de Cnes de l'Ouest Guyanais;2025-04-11;;services;['Prix des prestations', 'Sous-critères techniques:\r\n-organisation et moyens affectés au projet : 30 points\r\n-Réponses aux besoins et cohérence des prix: 40 points'];['prix', 'technique'];[30.0, 70.0];1460.0;False;;True;{'StreetName': None, 'CityName': None, 'PostalZone': None, 'NUTS': 'FRY30', 'Country': 'FRA'};;;26-93807;25-40604;158700.0;;LOT-0001;71300000;;1;1;;Maitrise d'oeuvre pour l'opération de renforcement des capacités de production d'eau potable du bourg de Grand Santi à partir d'eau de surface;negociee;2025-21-PN-SAGT;;;False;False;False;False;158700.0;7346;Communauté de communes ;100  à  199;False;1995-01-01;84.11Z;2008;;;;;;<NA>;;;;;<NA>;<NA>;;;;;(5.660071, -53.779373);Mana;Guyane;;;;;;;;;
False;['71320000'];;True;False;False;attribue;{'StreetName': None, 'AdditionalStreetName': None, 'CityName': 'cayenne', 'PostalZone': '97337', 'Country': 'FRA'};480876598;True;N.B.C.;NBC SARL;2026-09-30;{'StreetName': '2 rue Bruno Aubert ZA Gaston Césaire', 'AdditionalStreetName': None, 'CityName': 'MANA', 'PostalZone': '97360', 'Country': 'FRA'};249730037;True;COMMMUNAUTE DE COMMUNES DE L OUEST GUYANAIS;Cté de Cnes de l'Ouest Guyanais;2025-01-19;;services;['Prix des prestations', 'Sous-critères techniques:\r\n- Organisation et moyens : 30 points\r\n- Réponse aux besoins et cohérence du prix : 40 points'];['prix', 'technique'];[30.0, 70.0];1095.0;False;;True;{'StreetName': None, 'CityName': None, 'PostalZone': None, 'NUTS': 'FRY30', 'Country': 'FRA'};;;26-93809;25-5985;183150.0;;LOT-0001;71300000;;1;3;;MAITRISE D'OEUVRE POUR LA MISE EN PLACE DE LA DISTRIBUTION D'EAU POTABLE DANS LES VILLAGES DE BASSIN MINE D'OR, GOTALI ET SECTEUR TI MANA;negociee;2025-10-PN-SGAT;;False;False;False;False;False;183150.0;7346;Communauté de communes ;100  à  199;False;1995-01-01;84.11Z;2008;5499.0;Société à responsabilité limitée (sans autre indication);6  à  9;<NA>;<NA>;2008;M;71;71.1;71.12;71.12B;2005-02-15;;Saint-François;Guadeloupe;;(5.660071, -53.779373);Mana;Guyane;;;;;;;;;
False;['71320000'];;True;False;False;attribue;{'StreetName': None, 'AdditionalStreetName': None, 'CityName': 'Baie-Mahault', 'PostalZone': '97122', 'Country': 'FRA'};317805323;True;CREOCEAN;CREOCEAN;2026-09-30;{'StreetName': '2 rue Bruno Aubert ZA Gaston Césaire', 'AdditionalStreetName': None, 'CityName': 'MANA', 'PostalZone': '97360', 'Country': 'FRA'};249730037;True;COMMMUNAUTE DE COMMUNES DE L OUEST GUYANAIS;Cté de Cnes de l'Ouest Guyanais;2025-03-22;;services;['prix des prestations', 'Sous-critères techniques:\r\n- Organisation et moyens : 30 points\r\n- Réponse aux besoins et cohérence du prix : 40 points'];['prix', 'technique'];[30.0, 70.0];1460.0;False;;True;{'StreetName': None, 'CityName': None, 'PostalZone': None, 'NUTS': 'FRY30', 'Country': 'FRA'};;;26-93808;25-32026;190000.0;;LOT-0001;71300000;;1;1;;MAITRISE D'OEUVRE POUR LES TRAVAUX DE RECHARGEMENT EN SABLE DE LA PLAGE DE YALIMPAPO COMMUNE AWALA-YALIMAPO;negociee;2025-20-PN-SGAT;;False;False;False;False;False;190000.0;7346;Communauté de communes ;100  à  199;False;1995-01-01;84.11Z;2008;5710.0;SAS, société par actions simplifiée;50  à  99;False;False;2008;M;71;71.1;71.12;71.12B;1980-01-01;;Baie-Mahault;Guadeloupe;;(5.660071, -53.779373);Mana;Guyane;;;;;;;;;
False;['38432000'];;True;False;False;attribue;{'StreetName': '7 Av De Scandinavie', 'AdditionalStreetName': None, 'CityName': 'Les Ulis', 'PostalZone': '91940', 'Country': 'FRA'};414488171;False;EUROBIO SCIENTIFIC;EUROBIO SCIENTIFIC;2026-09-30;{'StreetName': '161 Avenue Winston Churchill', 'AdditionalStreetName': None, 'CityName': 'Coulounieix-Chamiers', 'PostalZone': '24660', 'Country': 'FRA'};222400012;False;DEPARTEMENT DE LA DORDOGNE;Département de la Dordogne - Laboratoire Départemental d'Analyse et de Recherche;;2026-07-15+02:00;fournitures;['valeur technique et environnementale', 'Prix'];['environnemental', 'prix'];[30.0, 70.0];2520.0;True;;False;;;;26-93727;;255036.5;;LOT-0000;38432000;;1;4;;ACQUISITION ET MAINTENANCE D'UN SPECTOMETRE DE MASSE (MALDI TOFF) AVEC GARANTIE DE 2 ANS POUR LE LABORATOIRE DEPARTEMENTAL D'ANALYSE ET DE RECHERCHES DU DEPARTEMENT DE LA DORDOGNE;ouverte;2026LDAR121;;;;False;True;False;255036.5;7220;Département ;2 000  à  4 999;False;1982-01-01;84.11Z;2008;5599.0;SA à conseil d'administration (s.a.i.);100  à  199;False;<NA>;2008;N;77;77.4;77.4;77.40Z;1997-10-15;(48.687554, 2.204149);Les Ulis;Essonne;Île-de-France;(45.172688, 0.692989);Coulounieix-Chamiers;Dordogne;Nouvelle-Aquitaine;;;;;;;;
False;;;True;False;False;attribue;{'StreetName': '107 RUE HENRI BARBUSSE', 'AdditionalStreetName': None, 'CityName': 'CLICHY', 'PostalZone': '92110', 'Country': 'FRA'};331089474;True;TUI FRANCE;TUI FRANCE;2026-09-30;{'StreetName': 'Mairie', 'AdditionalStreetName': None, 'CityName': 'CHOOZ', 'PostalZone': '08600', 'Country': 'FRA'};260801071;True;CENTRE COMMUNAL D'ACTION SOCIALE;Centre communal d'action social de Chooz;;;services;['Prix de la prestation', 'valeur technique', 'organisation, assistance et garanties', 'Développement durable'];['prix', 'technique', 'qualite', 'environnemental'];[40.0, 45.0, 10.0, 5.0];360.0;False;;False;;hybride;;26-93764;;173460.0;;LOT-0001;63500000;173460.0;1;3;0.0;Organisation d'un séjour 2027 pour les seniors du CCAS de CHOOZ;ouverte;AOCCAS012026;;;;False;False;False;173460.0;7361;Centre communal d'action sociale ;3  à  5;False;1968-09-30;88.99B;2008;5599.0;SA à conseil d'administration (s.a.i.);500  à  999;False;False;2008;N;79;79.1;79.12;79.12Z;1975-02-01;(48.901238, 2.30863);Clichy;Hauts-de-Seine;Île-de-France;(50.099429, 4.803713);Chooz;Ardennes;Grand Est;;;;;;;;
False;['66510000'];;True;False;False;attribue;{'StreetName': '5 Av Raymond Manaud', 'AdditionalStreetName': None, 'CityName': 'Bruges', 'PostalZone': '33520', 'Country': 'FRA'};;False;;WILLIS TOWERS WATSON Région GSO;2026-09-30;{'StreetName': '401 Boulevard Irénée Bonnafous', 'AdditionalStreetName': None, 'CityName': 'Montauban', 'PostalZone': '82002', 'Country': 'FRA'};278200019;False;OFFICE PUBLIC DE L HABITAT;Tarn et Garonne Habitat;;2027-01-01+01:00;services;['Valeur Technique', 'Prise en compte de la notion de développement durable', 'Conditions économiques Des Prestations'];['technique', 'environnemental', 'prix'];[45.0, 5.0, 50.0];;False;;False;;;;26-93490;25-77845;318745.0;;LOT-0000;66510000;;1;3;;SOUSCRIPTION ET GESTION DE DIVERS SERVICES D'ASSURANCES POUR LES BESOINS DE TARN ET GARONNE HABITAT;ouverte;2026-0014;;;False;False;False;False;318745.0;4140;Établissement public local à caractère industriel ou commercial ;100  à  199;False;1982-01-01;68.20A;2008;;;;;;<NA>;;;;;<NA>;<NA>;(44.88063, -0.584537);Bruges;Gironde;Nouvelle-Aquitaine;(44.01186, 1.368352);Montauban;Tarn-et-Garonne;Occitanie;;;;;;;;
False;['45233120'];;False;False;False;attribue;{'StreetName': 'Za Les Cheminants', 'AdditionalStreetName': None, 'CityName': 'La Batie-Neuve', 'PostalZone': '05230', 'Country': 'FRA'};329338883;False;COLAS FRANCE;COLAS;2026-09-30;{'StreetName': '83, Boulevard de Dunkerque', 'AdditionalStreetName': None, 'CityName': 'Marseille', 'PostalZone': '13002', 'Country': 'FRA'};941636342;False;SOCIETE DE LIVRAISON DES OUVRAGES OLYMPIQUES ALPES 2030;SOLIDEO ALPES 2030;;2026-09-18+02:00;travaux;"[""Valeur technique de l'offre"", 'Prix']";['technique', 'prix'];[60.0, 40.0];570.0;False;5000000.0;False;;;;26-93494;;2830943.08;;LOT-0000;45233120;;1;3;;Marché de travaux pour la rénovation des accès et création des réseaux en amont des travaux des opérateurs immobiliers au Fort des Trois Têtes à Briançon;ouverte;20260765 TX VRD FDT BRIANCON;;;;False;False;False;2830943.08;4110;Établissement public national à caractère industriel ou commercial doté d'un comptable public ;;False;2025-02-10;84.13Z;2008;5710.0;SAS, société par actions simplifiée;10 000  et plus ;False;False;2008;F;42;42.1;42.11;42.11Z;1984-01-01;(44.578177, 6.170433);La Bâtie-Neuve;Hautes-Alpes;Provence-Alpes-Côte d'Azur;(43.310727, 5.368514);Marseille;Bouches-du-Rhône;Provence-Alpes-Côte d'Azur;;;;;;;;
False;['71630000'];;True;True;False;non attribue;;;False;;;2026-09-30;{'StreetName': '4 avenue du 44ème R.I', 'AdditionalStreetName': None, 'CityName': 'Lons-Le-Saunier Cedex', 'PostalZone': '39015', 'Country': 'FRA'};213903008;False;COMMUNE DE LONS-LE-SAUNIER;Commune de Lons-le-Saunier;;;services;"['Valeur technique', ""Performances en matière de protection de l'environnement"", 'Prix des prestations (jugé sur la base du montant total Ht de la simulation de commande)']";['technique', 'environnemental', 'prix'];[35.0, 5.0, 60.0];;True;1096000.0;False;{'StreetName': '4 avenue du 44ème R.I', 'CityName': 'Lons-Le-Saunier Cedex', 'PostalZone': '39015', 'NUTS': 'FRC22', 'Country': 'FRA'};sans remise en concurrence;;26-93841;;;;LOT-0001;71315400;;22;0;;Contrôles et vérifications périodiques et réglementaires des équipements et bâtiments de la Ville de Lons le Saunier, d'ECLA, du CCAS et du SICOPAL;ouverte;26-VLLS-0018;3.0;;;False;True;False;;7210;Commune et commune nouvelle ;250  à  499;False;1978-01-01;84.11Z;2008;;;;;;<NA>;;;;;<NA>;<NA>;;;;;(46.671896, 5.558872);Lons-le-Saunier;Jura;Bourgogne-Franche-Comté;;;;;;;;
False;['71630000'];;True;True;False;non attribue;;;False;;;2026-09-30;{'StreetName': '4 avenue du 44ème R.I', 'AdditionalStreetName': None, 'CityName': 'Lons-Le-Saunier Cedex', 'PostalZone': '39015', 'Country': 'FRA'};213903008;False;COMMUNE DE LONS-LE-SAUNIER;Commune de Lons-le-Saunier;;;services;"['Valeur technique', ""Performances en matière de protection de l'environnement"", 'Prix des prestations (jugé sur la base du montant total Ht de la simulation de commande)']";['technique', 'environnemental', 'prix'];[35.0, 5.0, 60.0];;True;1096000.0;False;{'StreetName': '4 avenue du 44ème R.I', 'CityName': 'Lons-Le-Saunier Cedex', 'PostalZone': '39015', 'NUTS': 'FRC22', 'Country': 'FRA'};sans remise en concurrence;;26-93841;;;;LOT-0002;71315400;;22;0;;Contrôles et vérifications périodiques et réglementaires des équipements et bâtiments de la Ville de Lons le Saunier, d'ECLA, du CCAS et du SICOPAL;ouverte;26-VLLS-0018;3.0;;;False;True;False;;7210;Commune et commune nouvelle ;250  à  499;False;1978-01-01;84.11Z;2008;;;;;;<NA>;;;;;<NA>;<NA>;;;;;(46.671896, 5.558872);Lons-le-Saunier;Jura;Bourgogne-Franche-Comté;;;;;;;;
False;['71630000'];;True;True;False;non attribue;;;False;;;2026-09-30;{'StreetName': '4 avenue du 44ème R.I', 'AdditionalStreetName': None, 'CityName': 'Lons-Le-Saunier Cedex', 'PostalZone': '39015', 'Country': 'FRA'};213903008;False;COMMUNE DE LONS-LE-SAUNIER;Commune de Lons-le-Saunier;;;services;"['Valeur technique', ""Performances en matière de protection de l'environnement"", 'Prix des prestations (jugé sur la base du montant total Ht de la simulation de commande)']";['technique', 'environnemental', 'prix'];[35.0, 5.0, 60.0];;True;1096000.0;False;{'StreetName': '4 avenue du 44ème R.I', 'CityName': 'Lons-Le-Saunier Cedex', 'PostalZone': '39015', 'NUTS': 'FRC22', 'Country': 'FRA'};sans remise en concurrence;;26-93841;;;;LOT-0003;71315400;;22;0;;Contrôles et vérifications périodiques et réglementaires des équipements et bâtiments de la Ville de Lons le Saunier, d'ECLA, du CCAS et du SICOPAL;ouverte;26-VLLS-0018;3.0;;;False;True;False;;7210;Commune et commune nouvelle ;250  à  499;False;1978-01-01;84.11Z;2008;;;;;;<NA>;;;;;<NA>;<NA>;;;;;(46.671896, 5.558872);Lons-le-Saunier;Jura;Bourgogne-Franche-Comté;;;;;;;;
False;['71630000'];;True;True;False;non attribue;;;False;;;2026-09-30;{'StreetName': '4 avenue du 44ème R.I', 'AdditionalStreetName': None, 'CityName': 'Lons-Le-Saunier Cedex', 'PostalZone': '39015', 'Country': 'FRA'};213903008;False;COMMUNE DE LONS-LE-SAUNIER;Commune de Lons-le-Saunier;;;services;"['Valeur technique', ""Performances en matière de protection de l'environnement"", 'Prix des prestations (jugé sur la base du montant total Ht de la simulation de commande)']";['technique', 'environnemental', 'prix'];[35.0, 5.0, 60.0];;True;1096000.0;False;{'StreetName': '4 avenue du 44ème R.I', 'CityName': 'Lons-Le-Saunier Cedex', 'PostalZone': '39015', 'NUTS': 'FRC22', 'Country': 'FRA'};sans remise en concurrence;;26-93841;;;;LOT-0004;71315400;;22;0;;Contrôles et vérifications périodiques et réglementaires des équipements et bâtiments de la Ville de Lons le Saunier, d'ECLA, du CCAS et du SICOPAL;ouverte;26-VLLS-0018;3.0;;;False;True;False;;7210;Commune et commune nouvelle ;250  à  499;False;1978-01-01;84.11Z;2008;;;;;;<NA>;;;;;<NA>;<NA>;;;;;(46.671896, 5.558872);Lons-le-Saunier;Jura;Bourgogne-Franche-Comté;;;;;;;;
False;['71630000'];;True;True;False;non attribue;;;False;;;2026-09-30;{'StreetName': '4 avenue du 44ème R.I', 'AdditionalStreetName': None, 'CityName': 'Lons-Le-Saunier Cedex', 'PostalZone': '39015', 'Country': 'FRA'};213903008;False;COMMUNE DE LONS-LE-SAUNIER;Commune de Lons-le-Saunier;;;services;"['Valeur technique', ""Performances en matière de protection de l'environnement"", 'Prix des prestations (jugé sur la base du montant total Ht de la simulation de commande)']";['technique', 'environnemental', 'prix'];[35.0, 5.0, 60.0];;True;1096000.0;False;{'StreetName': '4 avenue du 44ème R.I', 'CityName': 'Lons-Le-Saunier Cedex', 'PostalZone': '39015', 'NUTS': 'FRC22', 'Country': 'FRA'};sans remise en concurrence;;26-93841;;;;LOT-0005;71315400;;22;0;;Contrôles et vérifications périodiques et réglementaires des équipements et bâtiments de la Ville de Lons le Saunier, d'ECLA, du CCAS et du SICOPAL;ouverte;26-VLLS-0018;3.0;;;False;True;False;;7210;Commune et commune nouvelle ;250  à  499;False;1978-01-01;84.11Z;2008;;;;;;<NA>;;;;;<NA>;<NA>;;;;;(46.671896, 5.558872);Lons-le-Saunier;Jura;Bourgogne-Franche-Comté;;;;;;;;
False;['71630000'];;True;True;False;non attribue;;;False;;;2026-09-30;{'StreetName': '4 avenue du 44ème R.I', 'AdditionalStreetName': None, 'CityName': 'Lons-Le-Saunier Cedex', 'PostalZone': '39015', 'Country': 'FRA'};213903008;False;COMMUNE DE LONS-LE-SAUNIER;Commune de Lons-le-Saunier;;;services;"['Valeur technique', ""Performances en matière de protection de l'environnement"", 'Prix des prestations (jugé sur la base du montant total Ht de la simulation de commande)']";['technique', 'environnemental', 'prix'];[35.0, 5.0, 60.0];;True;1096000.0;False;{'StreetName': '4 avenue du 44ème R.I', 'CityName': 'Lons-Le-Saunier Cedex', 'PostalZone': '39015', 'NUTS': 'FRC22', 'Country': 'FRA'};sans remise en concurrence;;26-93841;;;;LOT-0006;71315400;;22;0;;Contrôles et vérifications périodiques et réglementaires des équipements et bâtiments de la Ville de Lons le Saunier, d'ECLA, du CCAS et du SICOPAL;ouverte;26-VLLS-0018;3.0;;;False;True;False;;7210;Commune et commune nouvelle ;250  à  499;False;1978-01-01;84.11Z;2008;;;;;;<NA>;;;;;<NA>;<NA>;;;;;(46.671896, 5.558872);Lons-le-Saunier;Jura;Bourgogne-Franche-Comté;;;;;;;;
False;['71630000'];;True;True;False;non attribue;;;False;;;2026-09-30;{'StreetName': '4 avenue du 44ème R.I', 'AdditionalStreetName': None, 'CityName': 'Lons-Le-Saunier Cedex', 'PostalZone': '39015', 'Country': 'FRA'};213903008;False;COMMUNE DE LONS-LE-SAUNIER;Commune de Lons-le-Saunier;;;services;"['Valeur technique', ""Performances en matière de protection de l'environnement"", 'Prix des prestations (jugé sur la base du montant total Ht de la simulation de commande)']";['technique', 'environnemental', 'prix'];[35.0, 5.0, 60.0];;True;1096000.0;False;{'StreetName': '4 avenue du 44ème R.I', 'CityName': 'Lons-Le-Saunier Cedex', 'PostalZone': '39015', 'NUTS': 'FRC22', 'Country': 'FRA'};sans remise en concurrence;;26-93841;;;;LOT-0007;71315400;;22;0;;Contrôles et vérifications périodiques et réglementaires des équipements et bâtiments de la Ville de Lons le Saunier, d'ECLA, du CCAS et du SICOPAL;ouverte;26-VLLS-0018;3.0;;;False;True;False;;7210;Commune et commune nouvelle ;250  à  499;False;1978-01-01;84.11Z;2008;;;;;;<NA>;;;;;<NA>;<NA>;;;;;(46.671896, 5.558872);Lons-le-Saunier;Jura;Bourgogne-Franche-Comté;;;;;;;;
False;['71630000'];;True;True;False;non attribue;;;False;;;2026-09-30;{'StreetName': '4 avenue du 44ème R.I', 'AdditionalStreetName': None, 'CityName': 'Lons-Le-Saunier Cedex', 'PostalZone': '39015', 'Country': 'FRA'};213903008;False;COMMUNE DE LONS-LE-SAUNIER;Commune de Lons-le-Saunier;;;services;"['Valeur technique', ""Performances en matière de protection de l'environnement"", 'Prix des prestations (jugé sur la base du montant total Ht de la simulation de commande)']";['technique', 'environnemental', 'prix'];[35.0, 5.0, 60.0];;True;1096000.0;False;{'StreetName': '4 avenue du 44ème R.I', 'CityName': 'Lons-Le-Saunier Cedex', 'PostalZone': '39015', 'NUTS': 'FRC22', 'Country': 'FRA'};sans remise en concurrence;;26-93841;;;;LOT-0008;71315400;;22;0;;Contrôles et vérifications périodiques et réglementaires des équipements et bâtiments de la Ville de Lons le Saunier, d'ECLA, du CCAS et du SICOPAL;ouverte;26-VLLS-0018;3.0;;;False;True;False;;7210;Commune et commune nouvelle ;250  à  499;False;1978-01-01;84.11Z;2008;;;;;;<NA>;;;;;<NA>;<NA>;;;;;(46.671896, 5.558872);Lons-le-Saunier;Jura;Bourgogne-Franche-Comté;;;;;;;;
False;['71630000'];;True;True;False;non attribue;;;False;;;2026-09-30;{'StreetName': '4 avenue du 44ème R.I', 'AdditionalStreetName': None, 'CityName': 'Lons-Le-Saunier Cedex', 'PostalZone': '39015', 'Country': 'FRA'};213903008;False;COMMUNE DE LONS-LE-SAUNIER;Commune de Lons-le-Saunier;;;services;"['Valeur technique', ""Performances en matière de protection de l'environnement"", 'Prix des prestations (jugé sur la base du montant total Ht de la simulation de commande)']";['technique', 'environnemental', 'prix'];[35.0, 5.0, 60.0];;True;1096000.0;False;{'StreetName': '4 avenue du 44ème R.I', 'CityName': 'Lons-Le-Saunier Cedex', 'PostalZone': '39015', 'NUTS': 'FRC22', 'Country': 'FRA'};sans remise en concurrence;;26-93841;;;;LOT-0009;71315400;;22;0;;Contrôles et vérifications périodiques et réglementaires des équipements et bâtiments de la Ville de Lons le Saunier, d'ECLA, du CCAS et du SICOPAL;ouverte;26-VLLS-0018;3.0;;;False;True;False;;7210;Commune et commune nouvelle ;250  à  499;False;1978-01-01;84.11Z;2008;;;;;;<NA>;;;;;<NA>;<NA>;;;;;(46.671896, 5.558872);Lons-le-Saunier;Jura;Bourgogne-Franche-Comté;;;;;;;;
False;['71630000'];;True;True;False;non attribue;;;False;;;2026-09-30;{'StreetName': '4 avenue du 44ème R.I', 'AdditionalStreetName': None, 'CityName': 'Lons-Le-Saunier Cedex', 'PostalZone': '39015', 'Country': 'FRA'};213903008;False;COMMUNE DE LONS-LE-SAUNIER;Commune de Lons-le-Saunier;;;services;"['Valeur technique', ""Performances en matière de protection de l'environnement"", 'Prix des prestations (jugé sur la base du montant total Ht de la simulation de commande)']";['technique', 'environnemental', 'prix'];[35.0, 5.0, 60.0];;True;1096000.0;False;{'StreetName': '4 avenue du 44ème R.I', 'CityName': 'Lons-Le-Saunier Cedex', 'PostalZone': '39015', 'NUTS': 'FRC22', 'Country': 'FRA'};sans remise en concurrence;;26-93841;;;;LOT-0010;71315400;;22;0;;Contrôles et vérifications périodiques et réglementaires des équipements et bâtiments de la Ville de Lons le Saunier, d'ECLA, du CCAS et du SICOPAL;ouverte;26-VLLS-0018;3.0;;;False;True;False;;7210;Commune et commune nouvelle ;250  à  499;False;1978-01-01;84.11Z;2008;;;;;;<NA>;;;;;<NA>;<NA>;;;;;(46.671896, 5.558872);Lons-le-Saunier;Jura;Bourgogne-Franche-Comté;;;;;;;;
False;['71630000'];;True;True;False;non attribue;;;False;;;2026-09-30;{'StreetName': '4 avenue du 44ème R.I', 'AdditionalStreetName': None, 'CityName': 'Lons-Le-Saunier Cedex', 'PostalZone': '39015', 'Country': 'FRA'};213903008;False;COMMUNE DE LONS-LE-SAUNIER;Commune de Lons-le-Saunier;;;services;"['Valeur technique', ""Performances en matière de protection de l'environnement"", 'Prix des prestations (jugé sur la base du montant total Ht de la simulation de commande)']";['technique', 'environnemental', 'prix'];[35.0, 5.0, 60.0];;True;1096000.0;False;{'StreetName': '4 avenue du 44ème R.I', 'CityName': 'Lons-Le-Saunier Cedex', 'PostalZone': '39015', 'NUTS': 'FRC22', 'Country': 'FRA'};sans remise en concurrence;;26-93841;;;;LOT-0011;71315400;;22;0;;Contrôles et vérifications périodiques et réglementaires des équipements et bâtiments de la Ville de Lons le Saunier, d'ECLA, du CCAS et du SICOPAL;ouverte;26-VLLS-0018;3.0;;;False;True;False;;7210;Commune et commune nouvelle ;250  à  499;False;1978-01-01;84.11Z;2008;;;;;;<NA>;;;;;<NA>;<NA>;;;;;(46.671896, 5.558872);Lons-le-Saunier;Jura;Bourgogne-Franche-Comté;;;;;;;;
False;['71630000'];;True;True;False;non attribue;;;False;;;2026-09-30;{'StreetName': '4 avenue du 44ème R.I', 'AdditionalStreetName': None, 'CityName': 'Lons-Le-Saunier Cedex', 'PostalZone': '39015', 'Country': 'FRA'};213903008;False;COMMUNE DE LONS-LE-SAUNIER;Commune de Lons-le-Saunier;;;services;"['Valeur technique', ""Performances en matière de protection de l'environnement"", 'Prix des prestations (jugé sur la base du montant total Ht de la simulation de commande)']";['technique', 'environnemental', 'prix'];[35.0, 5.0, 60.0];;True;1096000.0;False;{'StreetName': '4 avenue du 44ème R.I', 'CityName': 'Lons-Le-Saunier Cedex', 'PostalZone': '39015', 'NUTS': 'FRC22', 'Country': 'FRA'};sans remise en concurrence;;26-93841;;;;LOT-0012;71315400;;22;0;;Contrôles et vérifications périodiques et réglementaires des équipements et bâtiments de la Ville de Lons le Saunier, d'ECLA, du CCAS et du SICOPAL;ouverte;26-VLLS-0018;3.0;;;False;True;False;;7210;Commune et commune nouvelle ;250  à  499;False;1978-01-01;84.11Z;2008;;;;;;<NA>;;;;;<NA>;<NA>;;;;;(46.671896, 5.558872);Lons-le-Saunier;Jura;Bourgogne-Franche-Comté;;;;;;;;
False;['71630000'];;True;True;False;non attribue;;;False;;;2026-09-30;{'StreetName': '4 avenue du 44ème R.I', 'AdditionalStreetName': None, 'CityName': 'Lons-Le-Saunier Cedex', 'PostalZone': '39015', 'Country': 'FRA'};213903008;False;COMMUNE DE LONS-LE-SAUNIER;Commune de Lons-le-Saunier;;;services;"['Valeur technique', ""Performances en matière de protection de l'environnement"", 'Prix des prestations (jugé sur la base du montant total Ht de la simulation de commande)']";['technique', 'environnemental', 'prix'];[35.0, 5.0, 60.0];;True;1096000.0;False;{'StreetName': '4 avenue du 44ème R.I', 'CityName': 'Lons-Le-Saunier Cedex', 'PostalZone': '39015', 'NUTS': 'FRC22', 'Country': 'FRA'};sans remise en concurrence;;26-93841;;;;LOT-0013;71315400;;22;0;;Contrôles et vérifications périodiques et réglementaires des équipements et bâtiments de la Ville de Lons le Saunier, d'ECLA, du CCAS et du SICOPAL;ouverte;26-VLLS-0018;3.0;;;False;True;False;;7210;Commune et commune nouvelle ;250  à  499;False;1978-01-01;84.11Z;2008;;;;;;<NA>;;;;;<NA>;<NA>;;;;;(46.671896, 5.558872);Lons-le-Saunier;Jura;Bourgogne-Franche-Comté;;;;;;;;
False;['71630000'];;True;True;False;non attribue;;;False;;;2026-09-30;{'StreetName': '4 avenue du 44ème R.I', 'AdditionalStreetName': None, 'CityName': 'Lons-Le-Saunier Cedex', 'PostalZone': '39015', 'Country': 'FRA'};213903008;False;COMMUNE DE LONS-LE-SAUNIER;Commune de Lons-le-Saunier;;;services;"['Valeur technique', ""Performances en matière de protection de l'environnement"", 'Prix des prestations (jugé sur la base du montant total Ht de la simulation de commande)']";['technique', 'environnemental', 'prix'];[35.0, 5.0, 60.0];;True;1096000.0;False;{'StreetName': '4 avenue du 44ème R.I', 'CityName': 'Lons-Le-Saunier Cedex', 'PostalZone': '39015', 'NUTS': 'FRC22', 'Country': 'FRA'};sans remise en concurrence;;26-93841;;;;LOT-0014;71315400;;22;0;;Contrôles et vérifications périodiques et réglementaires des équipements et bâtiments de la Ville de Lons le Saunier, d'ECLA, du CCAS et du SICOPAL;ouverte;26-VLLS-0018;3.0;;;False;True;False;;7210;Commune et commune nouvelle ;250  à  499;False;1978-01-01;84.11Z;2008;;;;;;<NA>;;;;;<NA>;<NA>;;;;;(46.671896, 5.558872);Lons-le-Saunier;Jura;Bourgogne-Franche-Comté;;;;;;;;
False;['71630000'];;True;True;False;non attribue;;;False;;;2026-09-30;{'StreetName': '4 avenue du 44ème R.I', 'AdditionalStreetName': None, 'CityName': 'Lons-Le-Saunier Cedex', 'PostalZone': '39015', 'Country': 'FRA'};213903008;False;COMMUNE DE LONS-LE-SAUNIER;Commune de Lons-le-Saunier;;;services;"['Valeur technique', ""Performances en matière de protection de l'environnement"", 'Prix des prestations (jugé sur la base du montant total Ht de la simulation de commande)']";['technique', 'environnemental', 'prix'];[35.0, 5.0, 60.0];;True;1096000.0;False;{'StreetName': '4 avenue du 44ème R.I', 'CityName': 'Lons-Le-Saunier Cedex', 'PostalZone': '39015', 'NUTS': 'FRC22', 'Country': 'FRA'};sans remise en concurrence;;26-93841;;;;LOT-0015;71315400;;22;0;;Contrôles et vérifications périodiques et réglementaires des équipements et bâtiments de la Ville de Lons le Saunier, d'ECLA, du CCAS et du SICOPAL;ouverte;26-VLLS-0018;3.0;;;False;True;False;;7210;Commune et commune nouvelle ;250  à  499;False;1978-01-01;84.11Z;2008;;;;;;<NA>;;;;;<NA>;<NA>;;;;;(46.671896, 5.558872);Lons-le-Saunier;Jura;Bourgogne-Franche-Comté;;;;;;;;
False;['71630000'];;True;True;False;non attribue;;;False;;;2026-09-30;{'StreetName': '4 avenue du 44ème R.I', 'AdditionalStreetName': None, 'CityName': 'Lons-Le-Saunier Cedex', 'PostalZone': '39015', 'Country': 'FRA'};213903008;False;COMMUNE DE LONS-LE-SAUNIER;Commune de Lons-le-Saunier;;;services;"['Valeur technique', ""Performances en matière de protection de l'environnement"", 'Prix des prestations (jugé sur la base du montant total Ht de la simulation de commande)']";['technique', 'environnemental', 'prix'];[35.0, 5.0, 60.0];;True;1096000.0;False;{'StreetName': '4 avenue du 44ème R.I', 'CityName': 'Lons-Le-Saunier Cedex', 'PostalZone': '39015', 'NUTS': 'FRC22', 'Country': 'FRA'};sans remise en concurrence;;26-93841;;;;LOT-0016;71315400;;22;0;;Contrôles et vérifications périodiques et réglementaires des équipements et bâtiments de la Ville de Lons le Saunier, d'ECLA, du CCAS et du SICOPAL;ouverte;26-VLLS-0018;3.0;;;False;True;False;;7210;Commune et commune nouvelle ;250  à  499;False;1978-01-01;84.11Z;2008;;;;;;<NA>;;;;;<NA>;<NA>;;;;;(46.671896, 5.558872);Lons-le-Saunier;Jura;Bourgogne-Franche-Comté;;;;;;;;
False;['71630000'];;True;True;False;non attribue;;;False;;;2026-09-30;{'StreetName': '4 avenue du 44ème R.I', 'AdditionalStreetName': None, 'CityName': 'Lons-Le-Saunier Cedex', 'PostalZone': '39015', 'Country': 'FRA'};213903008;False;COMMUNE DE LONS-LE-SAUNIER;Commune de Lons-le-Saunier;;;services;"['Valeur technique', ""Performances en matière de protection de l'environnement"", 'Prix des prestations (jugé sur la base du montant total Ht de la simulation de commande)']";['technique', 'environnemental', 'prix'];[35.0, 5.0, 60.0];;True;1096000.0;False;{'StreetName': '4 avenue du 44ème R.I', 'CityName': 'Lons-Le-Saunier Cedex', 'PostalZone': '39015', 'NUTS': 'FRC22', 'Country': 'FRA'};sans remise en concurrence;;26-93841;;;;LOT-0017;71315400;;22;0;;Contrôles et vérifications périodiques et réglementaires des équipements et bâtiments de la Ville de Lons le Saunier, d'ECLA, du CCAS et du SICOPAL;ouverte;26-VLLS-0018;3.0;;;False;True;False;;7210;Commune et commune nouvelle ;250  à  499;False;1978-01-01;84.11Z;2008;;;;;;<NA>;;;;;<NA>;<NA>;;;;;(46.671896, 5.558872);Lons-le-Saunier;Jura;Bourgogne-Franche-Comté;;;;;;;;
False;['71630000'];;True;True;False;non attribue;;;False;;;2026-09-30;{'StreetName': '4 avenue du 44ème R.I', 'AdditionalStreetName': None, 'CityName': 'Lons-Le-Saunier Cedex', 'PostalZone': '39015', 'Country': 'FRA'};213903008;False;COMMUNE DE LONS-LE-SAUNIER;Commune de Lons-le-Saunier;;;services;"['Valeur technique', ""Performances en matière de protection de l'environnement"", 'Prix des prestations (jugé sur la base du montant total Ht de la simulation de commande)']";['technique', 'environnemental', 'prix'];[35.0, 5.0, 60.0];;True;1096000.0;False;{'StreetName': '4 avenue du 44ème R.I', 'CityName': 'Lons-Le-Saunier Cedex', 'PostalZone': '39015', 'NUTS': 'FRC22', 'Country': 'FRA'};sans remise en concurrence;;26-93841;;;;LOT-0018;71315400;;22;0;;Contrôles et vérifications périodiques et réglementaires des équipements et bâtiments de la Ville de Lons le Saunier, d'ECLA, du CCAS et du SICOPAL;ouverte;26-VLLS-0018;3.0;;;False;True;False;;7210;Commune et commune nouvelle ;250  à  499;False;1978-01-01;84.11Z;2008;;;;;;<NA>;;;;;<NA>;<NA>;;;;;(46.671896, 5.558872);Lons-le-Saunier;Jura;Bourgogne-Franche-Comté;;;;;;;;
False;['71630000'];;True;True;False;non attribue;;;False;;;2026-09-30;{'StreetName': '4 avenue du 44ème R.I', 'AdditionalStreetName': None, 'CityName': 'Lons-Le-Saunier Cedex', 'PostalZone': '39015', 'Country': 'FRA'};213903008;False;COMMUNE DE LONS-LE-SAUNIER;Commune de Lons-le-Saunier;;;services;"['Valeur technique', ""Performances en matière de protection de l'environnement"", 'Prix des prestations (jugé sur la base du montant total Ht de la simulation de commande)']";['technique', 'environnemental', 'prix'];[35.0, 5.0, 60.0];;True;1096000.0;False;{'StreetName': '4 avenue du 44ème R.I', 'CityName': 'Lons-Le-Saunier Cedex', 'PostalZone': '39015', 'NUTS': 'FRC22', 'Country': 'FRA'};sans remise en concurrence;;26-93841;;;;LOT-0019;71315400;;22;0;;Contrôles et vérifications périodiques et réglementaires des équipements et bâtiments de la Ville de Lons le Saunier, d'ECLA, du CCAS et du SICOPAL;ouverte;26-VLLS-0018;3.0;;;False;True;False;;7210;Commune et commune nouvelle ;250  à  499;False;1978-01-01;84.11Z;2008;;;;;;<NA>;;;;;<NA>;<NA>;;;;;(46.671896, 5.558872);Lons-le-Saunier;Jura;Bourgogne-Franche-Comté;;;;;;;;
False;['71630000'];;True;True;False;non attribue;;;False;;;2026-09-30;{'StreetName': '4 avenue du 44ème R.I', 'AdditionalStreetName': None, 'CityName': 'Lons-Le-Saunier Cedex', 'PostalZone': '39015', 'Country': 'FRA'};213903008;False;COMMUNE DE LONS-LE-SAUNIER;Commune de Lons-le-Saunier;;;services;"['Valeur technique', ""Performances en matière de protection de l'environnement"", 'Prix des prestations (jugé sur la base du montant total Ht de la simulation de commande)']";['technique', 'environnemental', 'prix'];[35.0, 5.0, 60.0];;True;1096000.0;False;{'StreetName': '4 avenue du 44ème R.I', 'CityName': 'Lons-Le-Saunier Cedex', 'PostalZone': '39015', 'NUTS': 'FRC22', 'Country': 'FRA'};sans remise en concurrence;;26-93841;;;;LOT-0020;71315400;;22;0;;Contrôles et vérifications périodiques et réglementaires des équipements et bâtiments de la Ville de Lons le Saunier, d'ECLA, du CCAS et du SICOPAL;ouverte;26-VLLS-0018;3.0;;;False;True;False;;7210;Commune et commune nouvelle ;250  à  499;False;1978-01-01;84.11Z;2008;;;;;;<NA>;;;;;<NA>;<NA>;;;;;(46.671896, 5.558872);Lons-le-Saunier;Jura;Bourgogne-Franche-Comté;;;;;;;;
False;['71630000'];;True;True;False;non attribue;;;False;;;2026-09-30;{'StreetName': '4 avenue du 44ème R.I', 'AdditionalStreetName': None, 'CityName': 'Lons-Le-Saunier Cedex', 'PostalZone': '39015', 'Country': 'FRA'};213903008;False;COMMUNE DE LONS-LE-SAUNIER;Commune de Lons-le-Saunier;;;services;"['Valeur technique', ""Performances en matière de protection de l'environnement"", 'Prix des prestations (jugé sur la base du montant total Ht de la simulation de commande)']";['technique', 'environnemental', 'prix'];[35.0, 5.0, 60.0];;True;1096000.0;False;{'StreetName': '4 avenue du 44ème R.I', 'CityName': 'Lons-Le-Saunier Cedex', 'PostalZone': '39015', 'NUTS': 'FRC22', 'Country': 'FRA'};sans remise en concurrence;;26-93841;;;;LOT-0021;71315400;;22;0;;Contrôles et vérifications périodiques et réglementaires des équipements et bâtiments de la Ville de Lons le Saunier, d'ECLA, du CCAS et du SICOPAL;ouverte;26-VLLS-0018;3.0;;;False;True;False;;7210;Commune et commune nouvelle ;250  à  499;False;1978-01-01;84.11Z;2008;;;;;;<NA>;;;;;<NA>;<NA>;;;;;(46.671896, 5.558872);Lons-le-Saunier;Jura;Bourgogne-Franche-Comté;;;;;;;;
False;['71630000'];;True;True;False;non attribue;;;False;;;2026-09-30;{'StreetName': '4 avenue du 44ème R.I', 'AdditionalStreetName': None, 'CityName': 'Lons-Le-Saunier Cedex', 'PostalZone': '39015', 'Country': 'FRA'};213903008;False;COMMUNE DE LONS-LE-SAUNIER;Commune de Lons-le-Saunier;;;services;"['Valeur technique', ""Performances en matière de protection de l'environnement"", 'Prix des prestations (jugé sur la base du montant total Ht de la simulation de commande)']";['technique', 'environnemental', 'prix'];[35.0, 5.0, 60.0];;True;1096000.0;False;{'StreetName': '4 avenue du 44ème R.I', 'CityName': 'Lons-Le-Saunier Cedex', 'PostalZone': '39015', 'NUTS': 'FRC22', 'Country': 'FRA'};sans remise en concurrence;;26-93841;;;;LOT-0022;71315400;;22;0;;Contrôles et vérifications périodiques et réglementaires des équipements et bâtiments de la Ville de Lons le Saunier, d'ECLA, du CCAS et du SICOPAL;ouverte;26-VLLS-0018;3.0;;;False;True;False;;7210;Commune et commune nouvelle ;250  à  499;False;1978-01-01;84.11Z;2008;;;;;;<NA>;;;;;<NA>;<NA>;;;;;(46.671896, 5.558872);Lons-le-Saunier;Jura;Bourgogne-Franche-Comté;;;;;;;;
False;['44423400'];;True;False;False;attribue;{'StreetName': '881 Rte Des Fontaines', 'AdditionalStreetName': None, 'CityName': 'Bellefontaine', 'PostalZone': '39400', 'Country': 'FRA'};646050476;False;SIGNAUX GIROD;SIGNAUX GIROD;2026-09-30;{'StreetName': '39 rue Mazagran', 'AdditionalStreetName': 'Cs 21429', 'CityName': 'Laval', 'PostalZone': '53014', 'Country': 'FRA'};225300011;False;DEPARTEMENT DE LA MAYENNE;Conseil Départemental de la Mayenne;;2026-07-29+02:00;fournitures;"[""Valeur technique de l'offre"", ""Performances en matière de protection de l'environnement"", 'Prix']";['technique', 'environnemental', 'prix'];[30.0, 5.0, 65.0];360.0;True;680000.0;False;;sans remise en concurrence;;26-93788;;680000.0;;LOT-0000;44423400;2720000.0;1;3;;Fourniture de signalisation routière plastique pour les routes départementales et autres éléments du patrimoine des départements de Loire-Atlantique, Maine-et-Loire, Mayenne, Sarthe et Vendée;ouverte;2026F006;3.0;;;False;True;False;680000.0;7220;Département ;1 000  à  1 999;False;1982-09-01;84.11Z;2008;5599.0;SA à conseil d'administration (s.a.i.);200  à  249;False;<NA>;2008;C;25;25.9;25.99;25.99B;1960-01-01;(46.543966, 6.038054);Bellefontaine;Jura;Bourgogne-Franche-Comté;(48.069754, -0.766995);Laval;Mayenne;Pays de la Loire;;;;;;;;
False;;;True;True;False;attribue;{'StreetName': '12 RUE LOUIS BLERIOT', 'AdditionalStreetName': None, 'CityName': 'RUEIL-MALMAISON', 'PostalZone': '92500', 'Country': 'FRA'};410335855;True;TERELIAN;TERELIAN;2026-09-30;{'StreetName': '101 Cours Charlemagne', 'AdditionalStreetName': 'CS20033', 'CityName': 'Lyon cedex 2', 'PostalZone': '69269', 'Country': 'FRA'};200053767;True;REGION AUVERGNE-RHONE-ALPES;Région Auvergne Rhône Alpes;;;travaux;['Pertinence de la méthodologie, de l’équipe dédiée et des fournitures prévues pour réaliser des travaux', 'Pertinence du phasage et du planning des travaux prenant en compte les enjeux environnementaux', 'Pertinence des dispositions prévues pour assurer le respect des contraintes environnementales', 'Prix jugé à partir des montants par livret du DQE (synthèse) Formule dans le réglement de consultation'];['technique', 'environnemental', 'environnemental', 'prix'];[27.0, 18.0, 15.0, 40.0];1050.0;True;0.0;False;{'StreetName': None, 'CityName': 'Haute Loire', 'PostalZone': '43194', 'NUTS': 'FRK13', 'Country': 'FRA'};;;26-93771;;2335163.82;0.0;LOT-0001;45221000;;2;6;;RN88 SHP Travaux ouvrages hydrauliques et rescindements Roudesse, Bois de Cros, Valaugères, Truisson;ouverte;DAF_2024_000365;;;;False;False;False;6314080.97;7230;Région ;5 000  à  9 999;False;2016-01-01;84.11Z;2008;5710.0;SAS, société par actions simplifiée;500  à  999;False;<NA>;2008;F;43;43.1;43.12;43.12B;1996-12-12;(48.88951, 2.166455);Rueil-Malmaison;Hauts-de-Seine;Île-de-France;(45.740702, 4.819374);Lyon;Rhône;Auvergne-Rhône-Alpes;;;;;;;;
False;;;True;True;False;attribue;{'StreetName': '13 ROUTE DE LYON', 'AdditionalStreetName': None, 'CityName': 'SAINT PRIEST', 'PostalZone': '69800', 'Country': 'FRA'};778147801;True;PERRIER;PERRIER;2026-09-30;{'StreetName': '101 Cours Charlemagne', 'AdditionalStreetName': 'CS20033', 'CityName': 'Lyon cedex 2', 'PostalZone': '69269', 'Country': 'FRA'};200053767;True;REGION AUVERGNE-RHONE-ALPES;Région Auvergne Rhône Alpes;;;travaux;['Pertinence de la méthodologie, de l’équipe dédiée et des fournitures prévues pour réaliser des travaux', 'Pertinence du phasage et du planning des travaux prenant en compte les enjeux environnementaux', 'Pertinence des dispositions prévues pour assurer le respect des contraintes environnementales', 'Prix jugé à partir des montants par livret du DQE (synthèse) Formule dans le réglement de consultation'];['technique', 'environnemental', 'environnemental', 'prix'];[27.0, 18.0, 15.0, 40.0];1050.0;True;0.0;False;{'StreetName': None, 'CityName': 'Haute Loire', 'PostalZone': '43194', 'NUTS': 'FRK13', 'Country': 'FRA'};;;26-93771;;3978917.15;0.0;LOT-0003;45221000;;2;6;;RN88 SHP Travaux ouvrages hydrauliques et rescindements Roudesse, Bois de Cros, Valaugères, Truisson;ouverte;DAF_2024_000365;;;;False;False;False;6314080.97;7230;Région ;5 000  à  9 999;False;2016-01-01;84.11Z;2008;5710.0;SAS, société par actions simplifiée;250  à  499;False;False;2008;F;42;42.1;42.11;42.11Z;1969-01-01;(45.700062, 4.91987);Saint-Priest;Rhône;Auvergne-Rhône-Alpes;(45.740702, 4.819374);Lyon;Rhône;Auvergne-Rhône-Alpes;;;;;;;;
