procedure_acceleree;cpv_supp;publicite;omc;allotissement;modifie;decision;adresse_fournisseur;siren_fournisseur;siren_fournisseur_connu;nom_siren_fournisseur;nom_declare_fournisseur;date_avis_attribution;adresse_acheteur;siren_acheteur;siren_acheteur_connu;nom_siren_acheteur;nom_declare_acheteur;date_avis_marche;debut_contrat;type_contrat;intitule_critere;type_critere;poids_critere;duree;clause_environnementale;valeur_totale_estimee;financement_ue;lieu_execution;type_accord_cadre;nom_fonds_ue;id_boamp_attribution;id_boamp_contrat;prix_attribution_lot;valeur_estimee_lot;id_lot;cpv;valeur_max_totale_accord_cadre;nombre_lots;nombre_offres;nombre_offres_pme;objet;procedure;id_projet;renouvellement;marche_reserve;favorable_pme;clause_sociale;strategique_environnemental;strategique_social;valeur_totale;code_statut_juridique_acheteur;nom_statut_juridique_acheteur;effectif_acheteur;acheteur_ess;date_creation_acheteur;code_activite_principale_acheteur;version_activite_acheteur;code_statut_juridique_fournisseur;nom_statut_juridique_fournisseur;effectif_fournisseur;fournisseur_ess;fournisseur_mission;version_activite_fournisseur;niveau_activite1_fournisseur;niveau_activite2_fournisseur;niveau_activite3_fournisseur;niveau_activite4_fournisseur;niveau_activite5_fournisseur;date_creation_fournisseur;gps_fournisseur;nom_commune_fournisseur;departement_fournisseur;region_fournisseur;gps_acheteur;nom_commune_acheteur;departement_acheteur;region_acheteur;epci_fournisseur;nom_epci_fournisseur;nature_epci_fournisseur;epci_acheteur;nom_epci_acheteur;nature_epci_acheteur;code_commune_fournisseur;code_commune_acheteur
False;['79000000'];;True;False;False;attribue;{'StreetName': '2 rue Chaptal', 'AdditionalStreetName': None, 'CityName': 'Levallois Perret', 'PostalZone': '92300', 'Country': 'FRA'};381031285;False;OPEN;OPEN;2026-09-23;{'StreetName': '4-14 rue Ferrus', 'AdditionalStreetName': None, 'CityName': 'Paris', 'PostalZone': '75014', 'Country': 'FRA'};187512496;True;MODERNISATION DES DECLARATIONS SOCIALES;GIP MDS;;2026-09-01+02:00;services;['40 % pour le prix calculé d’après la simulation financière'];['prix'];[100];;True;800000.0;False;{'StreetName': '4-14 rue Ferrus', 'CityName': 'Paris', 'PostalZone': '75014', 'NUTS': 'FR101', 'Country': 'FRA'};sans remise en concurrence;;26-91389;;;;LOT-0001;79311000;3800000.0;1;9.0;;AMOA Projet dans le domaine des contenus web et des nouvelles technologies;ouverte;AOO377;;;;False;False;False;;7410;Groupement d'intérêt public (GIP) ;50  à  99;<NA>;2000-03-17;84.11Z;2008;5710.0;SAS, société par actions simplifiée;2 000  à  4 999;False;<NA>;2008;J;62;62.0;62.02;62.02A;1991-01-21;(48.887209, 2.28617);Levallois-Perret;Hauts-de-Seine;Île-de-France;(48.830824, 2.340516);Paris;Paris;Île-de-France;;;;;;;;
False;;;True;False;False;non attribue;;;False;;;2026-09-23;{'StreetName': None, 'AdditionalStreetName': None, 'CityName': 'Paris', 'PostalZone': '75013', 'Country': 'FRA'};851296632;True;ATLAS SOUTENIR LES COMPETENCES;OPCO ATLAS;;2027-01-01+02:00;services;"[""Qualité technique de l'offre"", 'Coûts des prestations']";['qualite', 'prix'];;1440.0;True;0.0;False;{'StreetName': None, 'CityName': None, 'PostalZone': None, 'NUTS': None, 'Country': 'FRA'};sans remise en concurrence;;26-91471;;;0.0;LOT-0001;50324100;;1;0.0;;Renouvellement de la Tierce Maintenance Applicative (TMA) et de l'hébergement du site internet de l'observatoire des métiers de l'expertise comptable, du commissariat aux comptes et de l'audit (OME...;ouverte;2026_ATLAS_AO_DPB_29;0.0;;;False;False;False;;9220;Association déclarée ;250  à  499;False;2019-02-28;94.11Z;2008;;;;;;<NA>;;;;;<NA>;<NA>;;;;;;Paris;Paris;Île-de-France;;;;;;;;
False;;30.0;True;False;False;attribue;{'StreetName': '19 Boulevard Henri IV', 'AdditionalStreetName': None, 'CityName': 'Paris', 'PostalZone': '75004', 'Country': 'FRA'};839429123;True;SPL PARISEINE;SPL PariSeine;2026-09-23;{'StreetName': None, 'AdditionalStreetName': None, 'CityName': 'Bagneux', 'PostalZone': '92220', 'Country': 'FRA'};572169068;True;LA MODERNE SCOP ANONYME CAPITAL VARIABLE;LA MODERNE SCOP;2025-08-16;;travaux;['voir détails règlement de la consultation', 'voir détails règlement de la consultation'];['qualite', 'prix'];[55.0, 45.0];240.0;True;;False;{'StreetName': 'rues Bullet et Hittorf', 'CityName': 'paris', 'PostalZone': '75010', 'NUTS': 'FR101', 'Country': 'FRA'};;;26-91130;25-92513;405871.0;;LOT-0001;45000000;;1;4.0;;Travaux d'aménagement de rues aux écoles, rues Bullet et Hittorf à Paris 10ème;ouverte;;;;False;True;False;False;405871.0;5558;SA coopérative de production  (SCOP) à conseil d'administration;50  à  99;False;1900-01-01;42.11Z;2008;5599.0;SA à conseil d'administration (s.a.i.);10  à  19;False;<NA>;2008;F;42;42.9;42.99;42.99Z;2018-02-12;(48.851751, 2.363948);Paris;Paris;Île-de-France;;Bagneux;Hauts-de-Seine;Île-de-France;;;;;;;;
False;;;False;False;False;attribue;{'StreetName': None, 'AdditionalStreetName': None, 'CityName': 'Paris', 'PostalZone': '75008', 'Country': 'FRA'};441757614;True;WIFIRST;SAS Wifirst;2026-09-23;{'StreetName': None, 'AdditionalStreetName': None, 'CityName': 'Palaiseau', 'PostalZone': '91128', 'Country': 'FRA'};199115684;True;ECOLE POLYTECHNIQUE;Ecole Polytechnique;;;services;[];[];;;True;;False;{'StreetName': None, 'CityName': 'Palaiseau', 'PostalZone': '91128', 'NUTS': 'FR104', 'Country': 'FRA'};;;26-91385;;1057574.23;;LOT-0001;72400000;;1;2.0;;MX26-028 – Externalisation du réseau Wifi et de l’accès Internet des logements de l’Ecole polytechnique;ouverte;MX26-028;;;;True;False;False;1057574.23;7383;Établissement public national à caractère scientifique culturel et professionnel ;2 000  à  4 999;<NA>;1976-02-22;85.42Z;2008;5710.0;SAS, société par actions simplifiée;250  à  499;False;<NA>;2008;J;61;61.2;61.2;61.20Z;2002-03-07;;Paris;Paris;Île-de-France;;Palaiseau;Essonne;Île-de-France;;;;;;;;
False;;;False;False;False;non attribue;;;False;;;2026-09-23;{'StreetName': None, 'AdditionalStreetName': None, 'CityName': 'Palaiseau', 'PostalZone': '91128', 'Country': 'FRA'};199115684;True;ECOLE POLYTECHNIQUE;Ecole Polytechnique;;;services;['Capacités économiques et financières appréciées au regard des éléments produits\nau titre du dossier de candidature et mentionnés au règlement de la consultation'];['qualite'];;;True;;False;{'StreetName': None, 'CityName': 'PALAISEAU', 'PostalZone': '91128', 'NUTS': 'FR104', 'Country': 'FRA'};;;26-91395;;;;LOT-0001;71314300;;1;2.0;;Réalisation d’actions d’amélioration de la performance énergétique (dont travaux) et exploitation d’un réseau de production et de distribution de chaleur pour l’Ecole polytechnique;ouverte;MX26-043;;;;True;False;False;;7383;Établissement public national à caractère scientifique culturel et professionnel ;2 000  à  4 999;<NA>;1976-02-22;85.42Z;2008;;;;;;<NA>;;;;;<NA>;<NA>;;;;;;Palaiseau;Essonne;Île-de-France;;;;;;;;
False;;;True;False;False;attribue;{'StreetName': '24 rue Louis Pradel', 'AdditionalStreetName': None, 'CityName': 'CORBAS', 'PostalZone': '69960', 'Country': 'FRA'};310306881;True;FEVDI;FEVDI SAS;2026-09-23;{'StreetName': 'Arche de la Défense - Paroi sud', 'AdditionalStreetName': None, 'CityName': 'La Défense cedex', 'PostalZone': '92055', 'Country': 'FRA'};130019540;True;SECRETARIAT GENERAL DU MINISTERE DE LA TRANSITION ECOLOGIQUE ET SOLIDAIRE;Ministères de l’Aménagement du territoire et de la Transition écologique.;;2026-09-04+02:00;fournitures;['Prix apprécié sur la base d’une simulation de commande construite à partir du BPU', 'valeur technique', 'valeur technique'];['prix', 'technique', 'technique'];;1440.0;False;;False;{'StreetName': None, 'CityName': None, 'PostalZone': None, 'NUTS': None, 'Country': 'FRA'};sans remise en concurrence;;26-91132;;239744.0;400000.0;LOT-0001;79994000;400000.0;1;2.0;;Création et gestion d’un stock de produit de décontamination NRBC d’infrastructures et prestations annexes;ouverte;SG-SAD3-008-26;2.0;;;False;False;False;239744.0;7120;Service central d'un ministère ;1 000  à  1 999;False;2014-04-02;84.11Z;2008;5710.0;SAS, société par actions simplifiée;6  à  9;False;<NA>;2008;C;20;20.5;20.59;20.59Z;1969-01-01;(45.674153, 4.913346);Corbas;Rhône;Auvergne-Rhône-Alpes;(48.893143, 2.238056);Puteaux;Hauts-de-Seine;Île-de-France;;;;;;;;
False;;;True;True;False;attribue;{'StreetName': '83 rue de Turbigo', 'AdditionalStreetName': None, 'CityName': 'Paris', 'PostalZone': '75003', 'Country': 'FRA'};883585184;True;H.A.W.A AU FEMININ;HAWA AU FEMININ;2026-09-23;{'StreetName': '4 rue Brantôme', 'AdditionalStreetName': None, 'CityName': 'Paris', 'PostalZone': '75004', 'Country': 'FRA'};180046021;True;CENTRE NATIONAL D'ART ET DE CULTURE GEORGES POMPIDOU;CENTRE POMPIDOU;;;fournitures;"[""Valeur technique de l'offre"", 'Prix des fournitures', 'Organisation et méthodologie pour la conception et la livraison des fournitures', ""Mesures mises en place pour limiter l'impact environnemental dans le cadre du marché""]";['technique', 'prix', 'technique', 'environnemental'];[45.0, 35.0, 10.0, 10.0];1440.0;True;;False;{'StreetName': None, 'CityName': 'Paris', 'PostalZone': None, 'NUTS': 'FR101', 'Country': 'FRA'};sans remise en concurrence;;26-91517;;74780.0;;LOT-0001;19200000;950000.0;4;1.0;;Fourniture de produits dérivés (4 lots);ouverte;26-CP06-031_A_034-AC;3.0;;;True;False;False;;7389;Établissement public national à caractère administratif ;1 000  à  1 999;<NA>;1971-12-31;91.03Z;2008;9220.0;Association déclarée ;20  à  49;True;<NA>;2008;Q;88;88.9;88.99;88.99B;2019-08-08;(48.866651, 2.36086);Paris;Paris;Île-de-France;(48.851533, 2.355463);Paris;Paris;Île-de-France;;;;;;;;
False;;;True;True;False;attribue;{'StreetName': 'Carrer Sant Fructuos 139 baixos', 'AdditionalStreetName': None, 'CityName': 'Barcelone', 'PostalZone': '08004', 'Country': 'ESP'};;False;;DISSENYS PAPETI;2026-09-23;{'StreetName': '4 rue Brantôme', 'AdditionalStreetName': None, 'CityName': 'Paris', 'PostalZone': '75004', 'Country': 'FRA'};180046021;True;CENTRE NATIONAL D'ART ET DE CULTURE GEORGES POMPIDOU;CENTRE POMPIDOU;;;fournitures;"[""Valeur technique de l'offre"", 'Prix des fournitures', 'Organisation et méthodologie pour la conception et la livraison des fournitures', ""Mesures mises en place pour limiter l'impact environnemental dans le cadre du marché""]";['technique', 'prix', 'technique', 'environnemental'];[45.0, 35.0, 10.0, 10.0];1440.0;True;;False;{'StreetName': None, 'CityName': 'Paris', 'PostalZone': None, 'NUTS': 'FR101', 'Country': 'FRA'};sans remise en concurrence;;26-91517;;13560.0;;LOT-0002;39221160;950000.0;4;1.0;;Fourniture de produits dérivés (4 lots);ouverte;26-CP06-031_A_034-AC;3.0;;;True;False;False;;7389;Établissement public national à caractère administratif ;1 000  à  1 999;<NA>;1971-12-31;91.03Z;2008;;;;;;<NA>;;;;;<NA>;<NA>;;;;;(48.851533, 2.355463);Paris;Paris;Île-de-France;;;;;;;;
False;;;True;True;False;attribue;{'StreetName': 'Carrer Sant Fructuos 139 baixos', 'AdditionalStreetName': None, 'CityName': 'Barcelone', 'PostalZone': '08004', 'Country': 'ESP'};;False;;DISSENYS PAPETI;2026-09-23;{'StreetName': '4 rue Brantôme', 'AdditionalStreetName': None, 'CityName': 'Paris', 'PostalZone': '75004', 'Country': 'FRA'};180046021;True;CENTRE NATIONAL D'ART ET DE CULTURE GEORGES POMPIDOU;CENTRE POMPIDOU;;;fournitures;"[""Valeur technique de l'offre"", 'Prix des fournitures', 'Organisation et méthodologie pour la conception et la livraison des fournitures', ""Mesures mises en place pour limiter l'impact environnemental dans le cadre du marché""]";['technique', 'prix', 'technique', 'environnemental'];[45.0, 35.0, 10.0, 10.0];1440.0;True;;False;{'StreetName': None, 'CityName': 'Paris', 'PostalZone': None, 'NUTS': 'FR101', 'Country': 'FRA'};sans remise en concurrence;;26-91517;;20321.5;;LOT-0003;39221121;950000.0;4;1.0;;Fourniture de produits dérivés (4 lots);ouverte;26-CP06-031_A_034-AC;;;;True;False;False;;7389;Établissement public national à caractère administratif ;1 000  à  1 999;<NA>;1971-12-31;91.03Z;2008;;;;;;<NA>;;;;;<NA>;<NA>;;;;;(48.851533, 2.355463);Paris;Paris;Île-de-France;;;;;;;;
False;;;True;True;False;attribue;{'StreetName': 'Bahnhofstr. 2', 'AdditionalStreetName': None, 'CityName': 'Könitz', 'PostalZone': '07333', 'Country': 'DEU'};;False;;KOENITZ PORZELLAN;2026-09-23;{'StreetName': '4 rue Brantôme', 'AdditionalStreetName': None, 'CityName': 'Paris', 'PostalZone': '75004', 'Country': 'FRA'};180046021;True;CENTRE NATIONAL D'ART ET DE CULTURE GEORGES POMPIDOU;CENTRE POMPIDOU;;;fournitures;"[""Valeur technique de l'offre"", 'Prix des fournitures', 'Organisation et méthodologie pour la conception et la livraison des fournitures', ""Mesures mises en place pour limiter l'impact environnemental dans le cadre du marché""]";['technique', 'prix', 'technique', 'environnemental'];[45.0, 35.0, 10.0, 10.0];1440.0;True;;False;{'StreetName': None, 'CityName': 'Paris', 'PostalZone': None, 'NUTS': 'FR101', 'Country': 'FRA'};sans remise en concurrence;;26-91517;;23870.0;;LOT-0004;22000000;950000.0;4;1.0;;Fourniture de produits dérivés (4 lots);ouverte;26-CP06-031_A_034-AC;3.0;;;True;False;False;;7389;Établissement public national à caractère administratif ;1 000  à  1 999;<NA>;1971-12-31;91.03Z;2008;;;;;;<NA>;;;;;<NA>;<NA>;;;;;(48.851533, 2.355463);Paris;Paris;Île-de-France;;;;;;;;
False;;;True;True;False;non attribue;;;False;;;2026-09-23;{'StreetName': 'Baie-Mahault (97122), Guadeloupe', 'AdditionalStreetName': None, 'CityName': 'Baie-Mahault', 'PostalZone': '97122', 'Country': 'FRA'};199718065;True;LYCEE POLYVALENT CHARLES COEFFIN;LPO Charles COEFFIN Support du CFAPAG;;;fournitures;"['Prix : 30 %', 'Qualité du matériel : 30 % ; Délai de livraison : 10 % ; Service après-vente (garantie, SAV, pièces détachées) : 30 %']";['prix', 'delai'];[30.0, 30.0, 10.0, 30.0];120.0;True;;False;{'StreetName': None, 'CityName': None, 'PostalZone': None, 'NUTS': 'FRY10', 'Country': 'FRA'};;;26-91306;;;;LOT-0001;38970000;;3;0.0;;Acquisition, livraison et installation de huit pilotes pédagogiques de traitement de l'eau et de mécanique des fluides pour l'UFA du Lycée Félix PROTO (Guadeloupe);ouverte;;;;;True;False;False;;7331;Établissement public local d'enseignement ;250  à  499;<NA>;1998-09-01;85.31Z;2008;;;;;;<NA>;;;;;<NA>;<NA>;;;;;(16.2576, -61.590579);Baie-Mahault;Guadeloupe;;;;;;;;;
False;;;True;True;False;non attribue;;;False;;;2026-09-23;{'StreetName': 'Baie-Mahault (97122), Guadeloupe', 'AdditionalStreetName': None, 'CityName': 'Baie-Mahault', 'PostalZone': '97122', 'Country': 'FRA'};199718065;True;LYCEE POLYVALENT CHARLES COEFFIN;LPO Charles COEFFIN Support du CFAPAG;;;fournitures;"['Prix : 30 %', 'Qualité du matériel : 30 % ; Délai de livraison : 10 % ; Service après-vente (garantie, SAV, pièces détachées) : 30 %']";['prix', 'delai'];[30.0, 30.0, 10.0, 30.0];120.0;True;;False;{'StreetName': None, 'CityName': None, 'PostalZone': None, 'NUTS': 'FRY10', 'Country': 'FRA'};;;26-91306;;;;LOT-0002;38970000;;3;0.0;;Acquisition, livraison et installation de huit pilotes pédagogiques de traitement de l'eau et de mécanique des fluides pour l'UFA du Lycée Félix PROTO (Guadeloupe);ouverte;;;;;True;False;False;;7331;Établissement public local d'enseignement ;250  à  499;<NA>;1998-09-01;85.31Z;2008;;;;;;<NA>;;;;;<NA>;<NA>;;;;;(16.2576, -61.590579);Baie-Mahault;Guadeloupe;;;;;;;;;
False;;;True;True;False;non attribue;;;False;;;2026-09-23;{'StreetName': 'Baie-Mahault (97122), Guadeloupe', 'AdditionalStreetName': None, 'CityName': 'Baie-Mahault', 'PostalZone': '97122', 'Country': 'FRA'};199718065;True;LYCEE POLYVALENT CHARLES COEFFIN;LPO Charles COEFFIN Support du CFAPAG;;;fournitures;"['Prix : 30 %', 'Qualité du matériel : 30 % ; Délai de livraison : 10 % ; Service après-vente (garantie, SAV, pièces détachées) : 30 %']";['prix', 'delai'];[30.0, 30.0, 10.0, 30.0];120.0;True;;False;{'StreetName': None, 'CityName': None, 'PostalZone': None, 'NUTS': 'FRY10', 'Country': 'FRA'};;;26-91306;;;;LOT-0003;38970000;;3;0.0;;Acquisition, livraison et installation de huit pilotes pédagogiques de traitement de l'eau et de mécanique des fluides pour l'UFA du Lycée Félix PROTO (Guadeloupe);ouverte;;;;;True;False;False;;7331;Établissement public local d'enseignement ;250  à  499;<NA>;1998-09-01;85.31Z;2008;;;;;;<NA>;;;;;<NA>;<NA>;;;;;(16.2576, -61.590579);Baie-Mahault;Guadeloupe;;;;;;;;;
False;;;True;False;False;attribue;{'StreetName': '26-28 Avenue de Winchester', 'AdditionalStreetName': None, 'CityName': 'Saint Germain en Laye', 'PostalZone': '78100', 'Country': 'FRA'};303494165;True;SOCIETE PALL FRANCE;PALL FRANCE SAS;2026-09-23;{'StreetName': 'RD10 Route de Saint Cyr', 'AdditionalStreetName': None, 'CityName': 'Versailles', 'PostalZone': '78026', 'Country': 'FRA'};180070039;True;INSTITUT NATIONAL DE RECHERCHE POUR L'AGRICULTURE L'ALIMENTATION ET L'ENVIRONNEMENT;INRAE - CENTRE ILE DE FRANCE - VERSAILLES-SACLAY;;2026-08-19+02:00;fournitures;['Prix : 15%'];['prix'];[100];720.0;True;144849.38;False;{'StreetName': 'PARC EIFFEL PARIS SACLAY -2 rue Jean Rostand', 'CityName': 'Orsay', 'PostalZone': '91400', 'NUTS': 'FR104', 'Country': 'FRA'};;;26-91192;;144849.38;;LOT-0001;38432200;;1;1.0;;Acquisition d’un système de chromatographie liquide pour l’unité 1503-Ferments du futur du Centre INRAE de Versailles-Saclay;ouverte;2026U1503N0002;;;;False;False;False;144849.38;7389;Établissement public national à caractère administratif ;10 000  et plus ;False;1982-01-01;72.19Z;2008;5710.0;SAS, société par actions simplifiée;200  à  249;False;<NA>;2008;G;46;46.6;46.69;46.69C;1976-01-01;(48.907931, 2.072734);Saint-Germain-en-Laye;Yvelines;Île-de-France;(48.802543, 2.104299);Versailles;Yvelines;Île-de-France;;;;;;;;
False;;;False;False;False;attribue;{'StreetName': None, 'AdditionalStreetName': None, 'CityName': 'PARIS', 'PostalZone': '75016', 'Country': 'FRA'};349060970;True;<NA>;MANAGER FORMATION (Didier Bachelet);2026-09-23;{'StreetName': '78 avenue de varenne', 'AdditionalStreetName': None, 'CityName': 'paris', 'PostalZone': '75007', 'Country': 'FRA'};110070018;True;MINISTERE DE L'AGRICULTURE, DE L'AGRO-ALIMENTAIRE ET DE LA SOUVERAINETE ALIMENTAIRE;ministere de l'agriculture;;;services;['publié dans le règlement de la consultation', 'publié dans le règlement de la consultation'];['qualite', 'prix'];;720.0;True;;False;{'StreetName': None, 'CityName': None, 'PostalZone': None, 'NUTS': 'FR101', 'Country': 'FRA'};sans remise en concurrence;;26-91373;;;2660000.0;LOT-0004;80530000;6650000.0;1;1.0;;Formations : Préparation aux concours et examens professionnels administratif au profit des agents publics des ministères et des personnels des établissements publics en France.;autre;SRH-2025-079;2.0;;;False;False;False;;7113;Ministère ;250  à  499;False;1981-06-23;84.11Z;2008;1000.0;Entrepreneur individuel;3  à  5;<NA>;<NA>;2008;P;85;85.5;85.59;85.59A;1985-01-01;;Paris;Paris;Île-de-France;(48.855436, 2.318281);Paris;Paris;Île-de-France;;;;;;;;
False;;;True;False;False;attribue;{'StreetName': '10, Boulevard de la Communauté, bâtiment C4', 'AdditionalStreetName': None, 'CityName': 'BUCHELAY', 'PostalZone': '78200', 'Country': 'FRA'};849642103;True;ACABI;POLYTEX TECHNOLOGIES;2026-09-23;{'StreetName': '9 rue Brahms', 'AdditionalStreetName': None, 'CityName': 'Paris', 'PostalZone': '75012', 'Country': 'FRA'};130005010;True;RESEAU DES ACHETEURS HOSPITALIERS;GIP RESAH;;2026-09-18+02:00;fournitures;;;;;True;8800000.0;False;{'StreetName': None, 'CityName': None, 'PostalZone': None, 'NUTS': None, 'Country': 'FRA'};sans remise en concurrence;;26-91279;;35200000.0;8800000.0;LOT-0001;42933000;35200000.0;1;2.0;;Acquisition et maintenance de DAV pliés - plusieurs vêtements par case avec distribution automatique du vêtement;negociee;2026-R070-000-000;3.0;;;True;True;True;35200000.0;7410;Groupement d'intérêt public (GIP) ;100  à  199;<NA>;2008-01-18;84.11Z;2008;5710.0;SAS, société par actions simplifiée;3  à  5;False;<NA>;2008;C;33;33.1;33.12;33.12Z;2019-04-01;(48.985996, 1.676567);Buchelay;Yvelines;Île-de-France;(48.840954, 2.392684);Paris;Paris;Île-de-France;;;;;;;;
False;;;True;False;False;attribue;{'StreetName': None, 'AdditionalStreetName': None, 'CityName': 'PARIS', 'PostalZone': '75019', 'Country': 'FRA'};792272916;True;EMMAUS CONNECT;Emmaus Connect;2026-09-23;{'StreetName': '56 RUE DE LILLE', 'AdditionalStreetName': None, 'CityName': 'PARIS', 'PostalZone': '75007', 'Country': 'FRA'};180020026;True;CAISSE DES DEPOTS ET CONSIGNATIONS;CAISSE DES DEPOTS ET CONSIGNATIONS;;;services;"['Critère 1 : Prix (apprécié au regard de la somme des DQE) 40% ; Critère 2 : Valeur technique (appréciée au regard du mémoire technique) 60% Sous-critère 1 : La pertinence de la méthodologie générale d’intervention 40% Sous-critère 2 : Organisation, expérience et compétence de l’équipe dédiée 40% ; Critère 3 : Pertinence des engagements spécifiques que le candidat prend sur les aspects environnementaux et sociaux en matière de RSE pour ce marché 20%']";['environnemental & social'];;360.0;False;250000.0;False;{'StreetName': None, 'CityName': 'PARIS', 'PostalZone': '75007', 'NUTS': 'FR101', 'Country': 'FRA'};sans remise en concurrence;;26-91520;;;;LOT-0001;79400000;121750.0;1;7.0;;Conception et mise en oeuvre d’un programme d’accompagnement dedie aux collectivites pour structurer des filieres locales de reemploi informatique avec strategie d’inclusion numerique;ouverte;20265194;;;;True;False;False;;7490;Autre personne morale de droit administratif ;5 000  à  9 999;False;1982-01-01;64.19Z;2008;9220.0;Association déclarée ;100  à  199;True;<NA>;2008;Q;88;88.9;88.99;88.99B;2013-02-26;;Paris;Paris;Île-de-France;(48.859084, 2.328006);Paris;Paris;Île-de-France;;;;;;;;
False;;;;True;False;attribue;;;False;;;2026-09-23;{'StreetName': None, 'AdditionalStreetName': None, 'CityName': 'PARIS', 'PostalZone': '75013', 'Country': 'FRA'};851296632;True;ATLAS SOUTENIR LES COMPETENCES;OPCO ATLAS;;;services;[];[];;;True;;False;{'StreetName': None, 'CityName': None, 'PostalZone': None, 'NUTS': None, 'Country': 'FRA'};sans remise en concurrence;;26-91453;;4369.0;;LOT-0001;80530000;15570000.0;12;11.0;;Actions de formation dans le cadre de campusAtlas - « Community management - Marchés publics - Relations commerciales »;ouverte;2025_ATLAS_AO_DEV_38;;;;True;False;False;15570000.0;9220;Association déclarée ;250  à  499;False;2019-02-28;94.11Z;2008;;;;;;<NA>;;;;;<NA>;<NA>;;;;;;Paris;Paris;Île-de-France;;;;;;;;
False;;;;True;False;attribue;;;False;;;2026-09-23;{'StreetName': None, 'AdditionalStreetName': None, 'CityName': 'PARIS', 'PostalZone': '75013', 'Country': 'FRA'};851296632;True;ATLAS SOUTENIR LES COMPETENCES;OPCO ATLAS;;;services;[];[];;;True;;False;{'StreetName': None, 'CityName': None, 'PostalZone': None, 'NUTS': None, 'Country': 'FRA'};sans remise en concurrence;;26-91453;;3849.0;;LOT-0002;80530000;15570000.0;12;17.0;;Actions de formation dans le cadre de campusAtlas - « Community management - Marchés publics - Relations commerciales »;ouverte;2025_ATLAS_AO_DEV_38;;;;True;False;False;15570000.0;9220;Association déclarée ;250  à  499;False;2019-02-28;94.11Z;2008;;;;;;<NA>;;;;;<NA>;<NA>;;;;;;Paris;Paris;Île-de-France;;;;;;;;
False;;;;True;False;attribue;;;False;;;2026-09-23;{'StreetName': None, 'AdditionalStreetName': None, 'CityName': 'PARIS', 'PostalZone': '75013', 'Country': 'FRA'};851296632;True;ATLAS SOUTENIR LES COMPETENCES;OPCO ATLAS;;;services;[];[];;;True;;False;{'StreetName': None, 'CityName': None, 'PostalZone': None, 'NUTS': None, 'Country': 'FRA'};sans remise en concurrence;;26-91453;;3060.0;;LOT-0003;80530000;15570000.0;12;10.0;;Actions de formation dans le cadre de campusAtlas - « Community management - Marchés publics - Relations commerciales »;ouverte;2025_ATLAS_AO_DEV_38;;;;True;False;False;15570000.0;9220;Association déclarée ;250  à  499;False;2019-02-28;94.11Z;2008;;;;;;<NA>;;;;;<NA>;<NA>;;;;;;Paris;Paris;Île-de-France;;;;;;;;
False;;;;True;False;attribue;;;False;;;2026-09-23;{'StreetName': None, 'AdditionalStreetName': None, 'CityName': 'PARIS', 'PostalZone': '75013', 'Country': 'FRA'};851296632;True;ATLAS SOUTENIR LES COMPETENCES;OPCO ATLAS;;;services;[];[];;;True;;False;{'StreetName': None, 'CityName': None, 'PostalZone': None, 'NUTS': None, 'Country': 'FRA'};sans remise en concurrence;;26-91453;;3888.0;;LOT-0004;80530000;15570000.0;12;8.0;;Actions de formation dans le cadre de campusAtlas - « Community management - Marchés publics - Relations commerciales »;ouverte;2025_ATLAS_AO_DEV_38;;;;True;False;False;15570000.0;9220;Association déclarée ;250  à  499;False;2019-02-28;94.11Z;2008;;;;;;<NA>;;;;;<NA>;<NA>;;;;;;Paris;Paris;Île-de-France;;;;;;;;
False;;;;True;False;attribue;;;False;;;2026-09-23;{'StreetName': None, 'AdditionalStreetName': None, 'CityName': 'PARIS', 'PostalZone': '75013', 'Country': 'FRA'};851296632;True;ATLAS SOUTENIR LES COMPETENCES;OPCO ATLAS;;;services;[];[];;;True;;False;{'StreetName': None, 'CityName': None, 'PostalZone': None, 'NUTS': None, 'Country': 'FRA'};sans remise en concurrence;;26-91453;;4464.0;;LOT-0005;80530000;15570000.0;12;6.0;;Actions de formation dans le cadre de campusAtlas - « Community management - Marchés publics - Relations commerciales »;ouverte;2025_ATLAS_AO_DEV_38;;;;True;False;False;15570000.0;9220;Association déclarée ;250  à  499;False;2019-02-28;94.11Z;2008;;;;;;<NA>;;;;;<NA>;<NA>;;;;;;Paris;Paris;Île-de-France;;;;;;;;
False;;;;True;False;attribue;;;False;;;2026-09-23;{'StreetName': None, 'AdditionalStreetName': None, 'CityName': 'PARIS', 'PostalZone': '75013', 'Country': 'FRA'};851296632;True;ATLAS SOUTENIR LES COMPETENCES;OPCO ATLAS;;;services;[];[];;;True;;False;{'StreetName': None, 'CityName': None, 'PostalZone': None, 'NUTS': None, 'Country': 'FRA'};sans remise en concurrence;;26-91453;;4017.0;;LOT-0006;80530000;15570000.0;12;9.0;;Actions de formation dans le cadre de campusAtlas - « Community management - Marchés publics - Relations commerciales »;ouverte;2025_ATLAS_AO_DEV_38;;;;True;False;False;15570000.0;9220;Association déclarée ;250  à  499;False;2019-02-28;94.11Z;2008;;;;;;<NA>;;;;;<NA>;<NA>;;;;;;Paris;Paris;Île-de-France;;;;;;;;
False;;;;True;False;attribue;;;False;;;2026-09-23;{'StreetName': None, 'AdditionalStreetName': None, 'CityName': 'PARIS', 'PostalZone': '75013', 'Country': 'FRA'};851296632;True;ATLAS SOUTENIR LES COMPETENCES;OPCO ATLAS;;;services;[];[];;;True;;False;{'StreetName': None, 'CityName': None, 'PostalZone': None, 'NUTS': None, 'Country': 'FRA'};sans remise en concurrence;;26-91453;;4320.0;;LOT-0007;80530000;15570000.0;12;9.0;;Actions de formation dans le cadre de campusAtlas - « Community management - Marchés publics - Relations commerciales »;ouverte;2025_ATLAS_AO_DEV_38;;;;True;False;False;15570000.0;9220;Association déclarée ;250  à  499;False;2019-02-28;94.11Z;2008;;;;;;<NA>;;;;;<NA>;<NA>;;;;;;Paris;Paris;Île-de-France;;;;;;;;
False;;;;True;False;attribue;;;False;;;2026-09-23;{'StreetName': None, 'AdditionalStreetName': None, 'CityName': 'PARIS', 'PostalZone': '75013', 'Country': 'FRA'};851296632;True;ATLAS SOUTENIR LES COMPETENCES;OPCO ATLAS;;;services;[];[];;;True;;False;{'StreetName': None, 'CityName': None, 'PostalZone': None, 'NUTS': None, 'Country': 'FRA'};sans remise en concurrence;;26-91453;;4320.0;;LOT-0008;80530000;15570000.0;12;6.0;;Actions de formation dans le cadre de campusAtlas - « Community management - Marchés publics - Relations commerciales »;ouverte;2025_ATLAS_AO_DEV_38;;;;True;False;False;15570000.0;9220;Association déclarée ;250  à  499;False;2019-02-28;94.11Z;2008;;;;;;<NA>;;;;;<NA>;<NA>;;;;;;Paris;Paris;Île-de-France;;;;;;;;
False;;;;True;False;attribue;;;False;;;2026-09-23;{'StreetName': None, 'AdditionalStreetName': None, 'CityName': 'PARIS', 'PostalZone': '75013', 'Country': 'FRA'};851296632;True;ATLAS SOUTENIR LES COMPETENCES;OPCO ATLAS;;;services;[];[];;;True;;False;{'StreetName': None, 'CityName': None, 'PostalZone': None, 'NUTS': None, 'Country': 'FRA'};sans remise en concurrence;;26-91453;;13002.0;;LOT-0009;80530000;15570000.0;12;14.0;;Actions de formation dans le cadre de campusAtlas - « Community management - Marchés publics - Relations commerciales »;ouverte;2025_ATLAS_AO_DEV_38;;;;True;False;False;15570000.0;9220;Association déclarée ;250  à  499;False;2019-02-28;94.11Z;2008;;;;;;<NA>;;;;;<NA>;<NA>;;;;;;Paris;Paris;Île-de-France;;;;;;;;
False;;;;True;False;attribue;;;False;;;2026-09-23;{'StreetName': None, 'AdditionalStreetName': None, 'CityName': 'PARIS', 'PostalZone': '75013', 'Country': 'FRA'};851296632;True;ATLAS SOUTENIR LES COMPETENCES;OPCO ATLAS;;;services;[];[];;;True;;False;{'StreetName': None, 'CityName': None, 'PostalZone': None, 'NUTS': None, 'Country': 'FRA'};sans remise en concurrence;;26-91453;;8415.0;;LOT-0010;80530000;15570000.0;12;19.0;;Actions de formation dans le cadre de campusAtlas - « Community management - Marchés publics - Relations commerciales »;ouverte;2025_ATLAS_AO_DEV_38;;;;True;False;False;15570000.0;9220;Association déclarée ;250  à  499;False;2019-02-28;94.11Z;2008;;;;;;<NA>;;;;;<NA>;<NA>;;;;;;Paris;Paris;Île-de-France;;;;;;;;
False;;;;True;False;attribue;;;False;;;2026-09-23;{'StreetName': None, 'AdditionalStreetName': None, 'CityName': 'PARIS', 'PostalZone': '75013', 'Country': 'FRA'};851296632;True;ATLAS SOUTENIR LES COMPETENCES;OPCO ATLAS;;;services;[];[];;;True;;False;{'StreetName': None, 'CityName': None, 'PostalZone': None, 'NUTS': None, 'Country': 'FRA'};sans remise en concurrence;;26-91453;;9333.0;;LOT-0011;80530000;15570000.0;12;11.0;;Actions de formation dans le cadre de campusAtlas - « Community management - Marchés publics - Relations commerciales »;ouverte;2025_ATLAS_AO_DEV_38;;;;True;False;False;15570000.0;9220;Association déclarée ;250  à  499;False;2019-02-28;94.11Z;2008;;;;;;<NA>;;;;;<NA>;<NA>;;;;;;Paris;Paris;Île-de-France;;;;;;;;
False;;;;True;False;attribue;;;False;;;2026-09-23;{'StreetName': None, 'AdditionalStreetName': None, 'CityName': 'PARIS', 'PostalZone': '75013', 'Country': 'FRA'};851296632;True;ATLAS SOUTENIR LES COMPETENCES;OPCO ATLAS;;;services;[];[];;;True;;False;{'StreetName': None, 'CityName': None, 'PostalZone': None, 'NUTS': None, 'Country': 'FRA'};sans remise en concurrence;;26-91453;;15030.0;;LOT-0012;80530000;15570000.0;12;11.0;;Actions de formation dans le cadre de campusAtlas - « Community management - Marchés publics - Relations commerciales »;ouverte;2025_ATLAS_AO_DEV_38;;;;True;False;False;15570000.0;9220;Association déclarée ;250  à  499;False;2019-02-28;94.11Z;2008;;;;;;<NA>;;;;;<NA>;<NA>;;;;;;Paris;Paris;Île-de-France;;;;;;;;
False;;;True;True;False;attribue;;;False;;;2026-09-23;{'StreetName': '2 boulevard des Cités Unies – CS 70043', 'AdditionalStreetName': None, 'CityName': 'Lille', 'PostalZone': '59040', 'Country': 'FRA'};200093201;True;METROPOLE EUROPEENNE DE LILLE;Métropole européenne de Lille;;;travaux;['Valeur technique', 'Prix des prestations', 'Valeur environnementale'];['technique', 'prix', 'environnemental'];[50.0, 40.0, 10.0];1440.0;False;;False;{'StreetName': None, 'CityName': None, 'PostalZone': None, 'NUTS': 'FRE11', 'Country': 'FRA'};hybride;;26-91388;;;;LOT-0001;45262660;10000000.0;2;9.0;;Travaux de désamiantage et de démolition sur les propriétés de la Métropole Européenne de Lille;ouverte;26DP01;;;;False;False;False;;7344;Métropole;2 000  à  4 999;False;2020-03-14;84.11Z;2008;;;;;;<NA>;;;;;<NA>;<NA>;;;;;(50.631189, 3.078497);Lille;Nord;Hauts-de-France;;;;;;;;
False;;;True;True;False;attribue;;;False;;;2026-09-23;{'StreetName': '2 boulevard des Cités Unies – CS 70043', 'AdditionalStreetName': None, 'CityName': 'Lille', 'PostalZone': '59040', 'Country': 'FRA'};200093201;True;METROPOLE EUROPEENNE DE LILLE;Métropole européenne de Lille;;;travaux;"['Valeur technique', 'Prix de la prestation', ""Valeur environnementale de l'offre""]";['technique', 'prix', 'environnemental'];[50.0, 40.0, 10.0];1440.0;False;;False;{'StreetName': None, 'CityName': None, 'PostalZone': None, 'NUTS': 'FRE11', 'Country': 'FRA'};hybride;;26-91388;;;;LOT-0002;45111100;10000000.0;2;8.0;;Travaux de désamiantage et de démolition sur les propriétés de la Métropole Européenne de Lille;ouverte;26DP01;;;;False;False;False;;7344;Métropole;2 000  à  4 999;False;2020-03-14;84.11Z;2008;;;;;;<NA>;;;;;<NA>;<NA>;;;;;(50.631189, 3.078497);Lille;Nord;Hauts-de-France;;;;;;;;
False;['39531200'];;True;False;False;attribue;{'StreetName': '93, Boulevard de la Valbarelle –Lots 408 et 409 –Village Industriel de la Valbarelle ', 'AdditionalStreetName': None, 'CityName': 'MARSEILLE', 'PostalZone': '13011', 'Country': 'FRA'};418219135;True;AGETECH;agetech;2026-09-23;{'StreetName': '52 avenue de Saint Just', 'AdditionalStreetName': None, 'CityName': 'Marseille', 'PostalZone': '13256', 'Country': 'FRA'};221300015;True;DEPARTEMENT DES BOUCHES DU RHONE;Conseil Départemental des Bouches du Rhône;;;fournitures;;;;360.0;False;;False;{'StreetName': None, 'CityName': None, 'PostalZone': None, 'NUTS': 'FRL04', 'Country': 'FRA'};sans remise en concurrence;;26-91381;;194072.4;;LOT-0001;39500000;180000.0;1;2.0;;Accord-cadre pour l’achat de moquette et de coton gratté pour les manifestations organisées par le département des Bouches-du-Rhône;ouverte;2026-0179;3.0;;;False;False;False;194072.4;7220;Département ;5 000  à  9 999;False;1968-09-01;84.11Z;2008;5499.0;Société à responsabilité limitée (sans autre indication);3  à  5;False;<NA>;2008;R;90;90.0;90.02;90.02Z;1998-02-01;(43.287601, 5.447982);Marseille;Bouches-du-Rhône;Provence-Alpes-Côte d'Azur;(48.99039, 2.417732);Arnouville;Val-d'Oise;Île-de-France;;;;;;;;
False;['50700000'];;True;False;False;attribue;{'StreetName': None, 'AdditionalStreetName': None, 'CityName': 'Montpellier', 'PostalZone': '34960', 'Country': 'FRA'};552046955;True;ENGIE ENERGIE SERVICES;ENGIE ENERGIE SERVICES;2026-09-23;{'StreetName': None, 'AdditionalStreetName': None, 'CityName': 'Marseille', 'PostalZone': '13014', 'Country': 'FRA'};130020357;True;SECRETARIAT GENERAL POUR L'ADMINISTRATION DU MINISTERE DE L'INTERIEUR SUD;Secrétariat Général pour l'Administration du Ministère de l'Intérieur Sud, Direction de l'Administration Générale et des Finances, Bureau de la Commande Publique et des Achats;;2026-09-29+02:00;services;['Voir les documents de consultation'];['prix'];[100];;True;;False;{'StreetName': None, 'CityName': 'Nîmes', 'PostalZone': '30000', 'NUTS': 'FRJ12', 'Country': 'FRA'};sans remise en concurrence;;26-91139;;478344.0;;LOT-0001;50324200;250000.0;1;3.0;;ACCORD-CADRE MONO-ATTRIBUTAIRE COMPOSITE A BONS DE COMMANDE MULTI-TECHNIQUE ET DE GESTION DES ENERGIES DU CENTRE DE RETENTION ADMINISTRATIVE DE NIMES (CRA 30);ouverte;SGAMISUD-AOO-2026-05-03;3.0;;;True;False;False;478344.0;7179;(Autre) Service déconcentré de l'État à compétence territoriale ;2 000  à  4 999;False;2014-05-01;84.24Z;2008;5599.0;SA à conseil d'administration (s.a.i.);10 000  et plus ;False;False;2008;D;35;35.3;35.3;35.30Z;1955-01-01;;Montpellier;Hérault;Occitanie;;Marseille;Bouches-du-Rhône;Provence-Alpes-Côte d'Azur;;;;;;;;
False;['34110000'];;True;True;False;attribue;{'StreetName': '67 Av Du Huit Mai 1945', 'AdditionalStreetName': None, 'CityName': 'Marignane', 'PostalZone': '13700', 'Country': 'FRA'};302475041;False;STELLANTIS &YOU FRANCE SAS;CITROEN PSA RETAIL MARIGNANE;2026-09-23;{'StreetName': 'Hôtel de Ville', 'AdditionalStreetName': 'Cours Landrivon', 'CityName': 'Port de Bouc Cédex', 'PostalZone': '13528', 'Country': 'FRA'};211300777;False;COMMUNE DE PORT DE BOUC;Commune de Port de Bouc;;2026-07-01+02:00;fournitures;['Valeur technique', 'Délai de livraison', 'Prix des prestations'];['technique', 'delai', 'prix'];[40.0, 20.0, 40.0];90.0;False;;False;;;;26-91507;;84052.92;;LOT-0001;34144900;;4;2.0;;ACQUISITION DE VEHICULES;ouverte;2026FCS11;;;;False;False;False;263622.45;7210;Commune et commune nouvelle ;500  à  999;False;1983-03-01;84.11Z;2008;5710.0;SAS, société par actions simplifiée;2 000  à  4 999;False;False;2008;G;45;45.1;45.11;45.11Z;1980-07-01;(43.417111, 5.22738);Marignane;Bouches-du-Rhône;Provence-Alpes-Côte d'Azur;(43.405126, 4.985981);Port-de-Bouc;Bouches-du-Rhône;Provence-Alpes-Côte d'Azur;;;;;;;;
False;['34144900'];;True;True;False;attribue;{'StreetName': '67 Av Du Huit Mai 1945', 'AdditionalStreetName': None, 'CityName': 'Marignane', 'PostalZone': '13700', 'Country': 'FRA'};302475041;False;STELLANTIS &YOU FRANCE SAS;CITROEN PSA RETAIL MARIGNANE;2026-09-23;{'StreetName': 'Hôtel de Ville', 'AdditionalStreetName': 'Cours Landrivon', 'CityName': 'Port de Bouc Cédex', 'PostalZone': '13528', 'Country': 'FRA'};211300777;False;COMMUNE DE PORT DE BOUC;Commune de Port de Bouc;;2026-07-01+02:00;fournitures;['Valeur technique', 'Délai de livraison', 'Prix des prestations'];['technique', 'delai', 'prix'];[40.0, 20.0, 40.0];90.0;False;;False;;;;26-91507;;50549.53;;LOT-0002;34144900;;4;2.0;;ACQUISITION DE VEHICULES;ouverte;2026FCS11;;;;False;False;False;263622.45;7210;Commune et commune nouvelle ;500  à  999;False;1983-03-01;84.11Z;2008;5710.0;SAS, société par actions simplifiée;2 000  à  4 999;False;False;2008;G;45;45.1;45.11;45.11Z;1980-07-01;(43.417111, 5.22738);Marignane;Bouches-du-Rhône;Provence-Alpes-Côte d'Azur;(43.405126, 4.985981);Port-de-Bouc;Bouches-du-Rhône;Provence-Alpes-Côte d'Azur;;;;;;;;
False;['34144000'];;True;True;False;attribue;{'StreetName': 'Roustaud De Thivras', 'AdditionalStreetName': None, 'CityName': 'Marmande', 'PostalZone': '47200', 'Country': 'FRA'};392889804;False;SEGARP;SEGARP;2026-09-23;{'StreetName': 'Hôtel de Ville', 'AdditionalStreetName': 'Cours Landrivon', 'CityName': 'Port de Bouc Cédex', 'PostalZone': '13528', 'Country': 'FRA'};211300777;False;COMMUNE DE PORT DE BOUC;Commune de Port de Bouc;;2026-07-01+02:00;fournitures;['Valeur technique', 'Délai de livraison', 'Prix des prestations'];['technique', 'delai', 'prix'];[40.0, 20.0, 40.0];90.0;False;;False;;;;26-91507;;65123.76;;LOT-0003;34144900;;4;3.0;;ACQUISITION DE VEHICULES;ouverte;2026FCS11;;;;False;False;False;263622.45;7210;Commune et commune nouvelle ;500  à  999;False;1983-03-01;84.11Z;2008;5710.0;SAS, société par actions simplifiée;10  à  19;False;<NA>;2008;G;45;45.1;45.11;45.11Z;1993-07-01;(44.50658, 0.143511);Marmande;Lot-et-Garonne;Nouvelle-Aquitaine;(43.405126, 4.985981);Port-de-Bouc;Bouches-du-Rhône;Provence-Alpes-Côte d'Azur;;;;;;;;
False;['34100000'];;True;True;False;attribue;{'StreetName': '5015 Rte Les Bastides Blanches', 'AdditionalStreetName': None, 'CityName': 'Sainte-Tulle', 'PostalZone': '04220', 'Country': 'FRA'};494563125;False;CORA;GROUPE CORA;2026-09-23;{'StreetName': 'Hôtel de Ville', 'AdditionalStreetName': 'Cours Landrivon', 'CityName': 'Port de Bouc Cédex', 'PostalZone': '13528', 'Country': 'FRA'};211300777;False;COMMUNE DE PORT DE BOUC;Commune de Port de Bouc;;2026-07-01+02:00;fournitures;['Valeur technique', 'Délai de livraison', 'Prix des prestations'];['technique', 'delai', 'prix'];[40.0, 20.0, 40.0];90.0;False;;False;;;;26-91507;;75190.0;;LOT-0004;34144900;;4;2.0;;ACQUISITION DE VEHICULES;ouverte;2026FCS11;;;;False;False;False;263622.45;7210;Commune et commune nouvelle ;500  à  999;False;1983-03-01;84.11Z;2008;5499.0;Société à responsabilité limitée (sans autre indication);6  à  9;False;<NA>;2008;C;29;29.2;29.2;29.20Z;2007-02-05;(43.795829, 5.775569);Sainte-Tulle;Alpes-de-Haute-Provence;Provence-Alpes-Côte d'Azur;(43.405126, 4.985981);Port-de-Bouc;Bouches-du-Rhône;Provence-Alpes-Côte d'Azur;;;;;;;;
False;['22315000'];;True;True;False;attribue;;;False;;;2026-09-23;{'StreetName': 'Immeuble Le Noailles, 62/64 La Canebière - CS 10009', 'AdditionalStreetName': None, 'CityName': 'Marseille', 'PostalZone': '13231', 'Country': 'FRA'};349518530;True;COMITE REGIONAL TOURISME PACA;Comite Regional Tourisme Paca;;;services;"['Le critère ""Valeur technique"" (30%) sera apprécié à partir des sous-critères suivants : \r\n- Pertinence, clarté, cohérence et adéquation de la proposition répondant aux besoins exprimés dans le CCTP (compréhension des enjeux et besoins, méthodologie pour la production et la post-production, moyens techniques engagés pour effectuer les prestations (références et précisions sur le matériel mobilisé pour réaliser les livrables : appareils photos et vidéos, drones, éclairages, prompteur, micros, etc.)...) (15%) \r\n- Principales références clients et au moins 3 exemples de  productions de photos/vidéos et de montage vidéos réalisées sur les trois dernières années en lien avec l\'objet du marché (portfolio/book présentant un panel de contenus photos et vidéos ainsi créés, à fournir en annexes du cadre de mémoire technique) (15%)']";['technique'];;1460.0;False;;False;{'StreetName': None, 'CityName': None, 'PostalZone': None, 'NUTS': 'FRL04', 'Country': 'FRA'};sans remise en concurrence;;26-91216;;;;LOT-0001;92110000;200000.0;4;17.0;;Production de photos/vidéos et de montage vidéos;ouverte;;;;;False;False;False;;9220;Association déclarée ;20  à  49;False;1988-02-26;84.13Z;2008;;;;;;<NA>;;;;;<NA>;<NA>;;;;;;;;;;;;;;;;
False;['22315000'];;True;True;False;attribue;{'StreetName': None, 'AdditionalStreetName': None, 'CityName': 'Rennes', 'PostalZone': '35700', 'Country': 'FRA'};825035280;True;MINI DOC;SARL MINI DOC;2026-09-23;{'StreetName': 'Immeuble Le Noailles, 62/64 La Canebière - CS 10009', 'AdditionalStreetName': None, 'CityName': 'Marseille', 'PostalZone': '13231', 'Country': 'FRA'};349518530;True;COMITE REGIONAL TOURISME PACA;Comite Regional Tourisme Paca;;;services;"['Le critère ""Valeur technique"" (30%) sera apprécié à partir des sous-critères suivants : \n- Pertinence, clarté, cohérence et adéquation de la proposition répondant aux besoins exprimés dans le CCTP (compréhension des enjeux et besoins, méthodologie pour la production et la post-production, moyens techniques engagés pour effectuer les prestations (références et précisions sur le matériel mobilisé pour réaliser les livrables : appareils photos et vidéos, drones, éclairages, prompteur, micros, etc.)...) (15%) \n- Principales références clients et au moins 3 exemples de  productions de photos/vidéos et de montage vidéos réalisées sur les trois dernières années en lien avec l\'objet du marché (portfolio/book présentant un panel de contenus photos et vidéos ainsi créés, à fournir en annexes du cadre de mémoire technique) (15%)']";['technique'];;1460.0;False;;False;{'StreetName': None, 'CityName': None, 'PostalZone': None, 'NUTS': 'FRL04', 'Country': 'FRA'};sans remise en concurrence;;26-91216;;;;LOT-0002;92110000;200000.0;4;13.0;;Production de photos/vidéos et de montage vidéos;ouverte;;;;;False;False;False;;9220;Association déclarée ;20  à  49;False;1988-02-26;84.13Z;2008;5499.0;Société à responsabilité limitée (sans autre indication);;False;<NA>;2008;J;59;59.1;59.11;59.11C;2016-12-21;;Rennes;Ille-et-Vilaine;Bretagne;;;;;;;;;;;;
False;;;True;True;False;attribue;;;False;;;2026-09-23;{'StreetName': 'Immeuble Le Noailles, 62/64 La Canebière - CS 10009', 'AdditionalStreetName': None, 'CityName': 'Marseille', 'PostalZone': '13231', 'Country': 'FRA'};349518530;True;COMITE REGIONAL TOURISME PACA;Comite Regional Tourisme Paca;;;services;"['Le critère ""Valeur technique"" (30%) sera apprécié à partir des sous-critères suivants : \n- Pertinence, clarté, cohérence et adéquation de la proposition répondant aux besoins exprimés dans le CCTP (compréhension des enjeux et besoins, méthodologie pour la production et la post-production, moyens techniques engagés pour effectuer les prestations (références et précisions sur le matériel mobilisé pour réaliser les livrables : appareils photos et vidéos, drones, éclairages, prompteur, micros, etc.)...) (15%) \n- Principales références clients et au moins 3 exemples de  productions de photos/vidéos et de montage vidéos réalisées sur les trois dernières années en lien avec l\'objet du marché (portfolio/book présentant un panel de contenus photos et vidéos ainsi créés, à fournir en annexes du cadre de mémoire technique) (15%)']";['technique'];;1460.0;False;;False;{'StreetName': None, 'CityName': None, 'PostalZone': None, 'NUTS': 'CH022', 'Country': 'FRA'};sans remise en concurrence;;26-91216;;;;LOT-0003;92110000;200000.0;4;14.0;;Production de photos/vidéos et de montage vidéos;ouverte;;;;;False;False;False;;9220;Association déclarée ;20  à  49;False;1988-02-26;84.13Z;2008;;;;;;<NA>;;;;;<NA>;<NA>;;;;;;;;;;;;;;;;
False;;;True;True;False;attribue;{'StreetName': None, 'AdditionalStreetName': None, 'CityName': 'Marseille', 'PostalZone': '13005', 'Country': 'FRA'};431656263;True;NOVASUD;NOVASUD;2026-09-23;{'StreetName': 'Immeuble Le Noailles, 62/64 La Canebière - CS 10009', 'AdditionalStreetName': None, 'CityName': 'Marseille', 'PostalZone': '13231', 'Country': 'FRA'};349518530;True;COMITE REGIONAL TOURISME PACA;Comite Regional Tourisme Paca;;;services;"['Le critère ""Valeur technique"" (30%) sera apprécié à partir des sous-critères suivants : \n- Pertinence, clarté, cohérence et adéquation de la proposition répondant aux besoins exprimés dans le CCTP (compréhension des enjeux et besoins, méthodologie pour la production et la post-production, moyens techniques engagés pour effectuer les prestations (références et précisions sur le matériel mobilisé pour réaliser les livrables : appareils photos et vidéos, drones, éclairages, prompteur, micros, etc.)...) (15%) \n- Principales références clients et au moins 3 exemples de  productions de photos/vidéos et de montage vidéos réalisées sur les trois dernières années en lien avec l\'objet du marché (portfolio/book présentant un panel de contenus photos et vidéos ainsi créés, à fournir en annexes du cadre de mémoire technique) (15%)']";['technique'];;1460.0;False;;False;{'StreetName': None, 'CityName': None, 'PostalZone': None, 'NUTS': 'FRL04', 'Country': 'FRA'};sans remise en concurrence;;26-91216;;;;LOT-0004;92110000;200000.0;4;20.0;;Production de photos/vidéos et de montage vidéos;ouverte;;;;;False;False;False;;9220;Association déclarée ;20  à  49;False;1988-02-26;84.13Z;2008;5499.0;Société à responsabilité limitée (sans autre indication);3  à  5;False;<NA>;2008;P;85;85.5;85.59;85.59A;2000-06-01;;Marseille;Bouches-du-Rhône;Provence-Alpes-Côte d'Azur;;;;;;;;;;;;
False;['80530000', '80500000'];;True;True;False;attribue;{'StreetName': '266 Avenue Louis Lepine', 'AdditionalStreetName': None, 'CityName': 'Sorgues', 'PostalZone': '84700', 'Country': 'FRA'};913894986;False;ESMED - AFTEC SORGUES;Abdoul diallo (esmed);2026-09-23;{'StreetName': 'Hotel de Région', 'AdditionalStreetName': '27 Place Jules Guesde', 'CityName': 'Marseille', 'PostalZone': '13481', 'Country': 'FRA'};231300021;False;REGION PROVENCE-ALPES-COTE D'AZUR;Région Provence-Alpes-Côte d'Azur;;;services;"[""Valeur technique de l'offre"", 'Prix']";['technique', 'prix'];[70.0, 30.0];;False;;True;;sans remise en concurrence;Le marché est susceptible de bénéficier d'un cofinancement européen;26-91457;;401774.0;;LOT-0001;80530000;148000000.0;65;3.0;;Achat d'actions de formation pour la mise en oeuvre du programme régional de formations « Compétences clés » pour la période 2027-2030;ouverte;2025-0917;3.0;;;False;False;False;;7230;Région ;5 000  à  9 999;False;1982-01-01;84.11Z;2008;5710.0;SAS, société par actions simplifiée;1  ou  2;True;<NA>;2008;P;85;85.5;85.59;85.59A;2022-05-24;(43.989191, 4.897628);Sorgues;Vaucluse;Provence-Alpes-Côte d'Azur;(50.573518, 3.053529);Templemars;Nord;Hauts-de-France;;;;;;;;
False;['80530000', '80500000'];;True;True;False;attribue;{'StreetName': '93 Av De Montolivet', 'AdditionalStreetName': None, 'CityName': 'Marseille 4', 'PostalZone': '13004', 'Country': 'FRA'};518324348;False;PERFORMANCE MEDITERRANEE;Performance Méditerranée;2026-09-23;{'StreetName': 'Hotel de Région', 'AdditionalStreetName': '27 Place Jules Guesde', 'CityName': 'Marseille', 'PostalZone': '13481', 'Country': 'FRA'};231300021;False;REGION PROVENCE-ALPES-COTE D'AZUR;Région Provence-Alpes-Côte d'Azur;;;services;"[""Valeur technique de l'offre"", 'Prix']";['technique', 'prix'];[70.0, 30.0];;False;;True;;sans remise en concurrence;Le marché est susceptible de bénéficier d'un cofinancement européen;26-91457;;401774.0;;LOT-0002;80530000;148000000.0;65;2.0;;Achat d'actions de formation pour la mise en oeuvre du programme régional de formations « Compétences clés » pour la période 2027-2030;ouverte;2025-0917;3.0;;;False;False;False;;7230;Région ;5 000  à  9 999;False;1982-01-01;84.11Z;2008;5560.0;Autre SA coopérative à conseil d'administration ;10  à  19;False;<NA>;2008;P;85;85.5;85.59;85.59A;2009-11-20;(43.309601, 5.406113);Marseille;Bouches-du-Rhône;Provence-Alpes-Côte d'Azur;(50.573518, 3.053529);Templemars;Nord;Hauts-de-France;;;;;;;;
False;['80530000', '80500000'];;True;True;False;attribue;{'StreetName': '266 Avenue Louis Lepine', 'AdditionalStreetName': None, 'CityName': 'Sorgues', 'PostalZone': '84700', 'Country': 'FRA'};913894986;False;ESMED - AFTEC SORGUES;Abdoul diallo (esmed);2026-09-23;{'StreetName': 'Hotel de Région', 'AdditionalStreetName': '27 Place Jules Guesde', 'CityName': 'Marseille', 'PostalZone': '13481', 'Country': 'FRA'};231300021;False;REGION PROVENCE-ALPES-COTE D'AZUR;Région Provence-Alpes-Côte d'Azur;;;services;"[""Valeur technique de l'offre"", 'Prix']";['technique', 'prix'];[70.0, 30.0];;False;;True;;sans remise en concurrence;Le marché est susceptible de bénéficier d'un cofinancement européen;26-91457;;172284.0;;LOT-0003;80530000;148000000.0;65;3.0;;Achat d'actions de formation pour la mise en oeuvre du programme régional de formations « Compétences clés » pour la période 2027-2030;ouverte;2025-0917;3.0;;;False;False;False;;7230;Région ;5 000  à  9 999;False;1982-01-01;84.11Z;2008;5710.0;SAS, société par actions simplifiée;1  ou  2;True;<NA>;2008;P;85;85.5;85.59;85.59A;2022-05-24;(43.989191, 4.897628);Sorgues;Vaucluse;Provence-Alpes-Côte d'Azur;(50.573518, 3.053529);Templemars;Nord;Hauts-de-France;;;;;;;;
False;['80530000', '80500000'];;True;True;False;attribue;{'StreetName': '8 Rue Des Fusiliers Marins', 'AdditionalStreetName': None, 'CityName': 'Dunkerque', 'PostalZone': '59140', 'Country': 'FRA'};783602931;False;UNION SPORTIVE LITTORAL DUNKERQUE;VECTEUR;2026-09-23;{'StreetName': 'Hotel de Région', 'AdditionalStreetName': '27 Place Jules Guesde', 'CityName': 'Marseille', 'PostalZone': '13481', 'Country': 'FRA'};231300021;False;REGION PROVENCE-ALPES-COTE D'AZUR;Région Provence-Alpes-Côte d'Azur;;;services;"[""Valeur technique de l'offre"", 'Prix']";['technique', 'prix'];[70.0, 30.0];;False;;True;;sans remise en concurrence;Le marché est susceptible de bénéficier d'un cofinancement européen;26-91457;;204320.0;;LOT-0004;80530000;148000000.0;65;2.0;;Achat d'actions de formation pour la mise en oeuvre du programme régional de formations « Compétences clés » pour la période 2027-2030;ouverte;2025-0917;3.0;;;False;False;False;;7230;Région ;5 000  à  9 999;False;1982-01-01;84.11Z;2008;9220.0;Association déclarée ;6  à  9;True;<NA>;2008;R;93;93.1;93.12;93.12Z;1984-10-01;(51.032367, 2.372008);Dunkerque;Nord;Hauts-de-France;(50.573518, 3.053529);Templemars;Nord;Hauts-de-France;;;;;;;;
False;['80530000', '80500000'];;True;True;False;attribue;{'StreetName': '266 Avenue Louis Lepine', 'AdditionalStreetName': None, 'CityName': 'Sorgues', 'PostalZone': '84700', 'Country': 'FRA'};913894986;False;ESMED - AFTEC SORGUES;Abdoul diallo (esmed);2026-09-23;{'StreetName': 'Hotel de Région', 'AdditionalStreetName': '27 Place Jules Guesde', 'CityName': 'Marseille', 'PostalZone': '13481', 'Country': 'FRA'};231300021;False;REGION PROVENCE-ALPES-COTE D'AZUR;Région Provence-Alpes-Côte d'Azur;;;services;"[""Valeur technique de l'offre"", 'Prix']";['technique', 'prix'];[70.0, 30.0];;False;;True;;sans remise en concurrence;Le marché est susceptible de bénéficier d'un cofinancement européen;26-91457;;848386.0;;LOT-0005;80530000;148000000.0;65;3.0;;Achat d'actions de formation pour la mise en oeuvre du programme régional de formations « Compétences clés » pour la période 2027-2030;ouverte;2025-0917;3.0;;;False;False;False;;7230;Région ;5 000  à  9 999;False;1982-01-01;84.11Z;2008;5710.0;SAS, société par actions simplifiée;1  ou  2;True;<NA>;2008;P;85;85.5;85.59;85.59A;2022-05-24;(43.989191, 4.897628);Sorgues;Vaucluse;Provence-Alpes-Côte d'Azur;(50.573518, 3.053529);Templemars;Nord;Hauts-de-France;;;;;;;;
False;['80530000', '80500000'];;True;True;False;attribue;{'StreetName': '1285 Avenue Jules Grec', 'AdditionalStreetName': None, 'CityName': 'Antibes', 'PostalZone': '06600', 'Country': 'FRA'};190607937;False;ETABLISSEMENT PUBLIC LOCAL D'ENSEIGNEMENT ET DE FORMATION PROFESSIONNELLE AGRICOLE D'ANTIBES;ETABLISSEMENT PUBLIC LOCAL D'ENSEIGNEMENT ET DE FORMATION PROFESSIONNELLE AGRICOLE D'ANTIBES;2026-09-23;{'StreetName': 'Hotel de Région', 'AdditionalStreetName': '27 Place Jules Guesde', 'CityName': 'Marseille', 'PostalZone': '13481', 'Country': 'FRA'};231300021;False;REGION PROVENCE-ALPES-COTE D'AZUR;Région Provence-Alpes-Côte d'Azur;;;services;"[""Valeur technique de l'offre"", 'Prix']";['technique', 'prix'];[70.0, 30.0];;False;;True;;sans remise en concurrence;Le marché est susceptible de bénéficier d'un cofinancement européen;26-91457;;848386.0;;LOT-0006;80530000;148000000.0;65;1.0;;Achat d'actions de formation pour la mise en oeuvre du programme régional de formations « Compétences clés » pour la période 2027-2030;ouverte;2025-0917;3.0;;;False;False;False;;7230;Région ;5 000  à  9 999;False;1982-01-01;84.11Z;2008;7331.0;Établissement public local d'enseignement ;200  à  249;False;<NA>;2008;P;85;85.3;85.32;85.32Z;1968-03-18;(43.598201, 7.113254);Antibes;Alpes-Maritimes;Provence-Alpes-Côte d'Azur;(50.573518, 3.053529);Templemars;Nord;Hauts-de-France;;;;;;;;
False;['80530000', '80500000'];;True;True;False;attribue;{'StreetName': 'Che Du Moulin Du Fort', 'AdditionalStreetName': None, 'CityName': 'Gardanne', 'PostalZone': '13120', 'Country': 'FRA'};191316561;False;ETABLISSEMENT PUBLIC LOCAL D'ENSEIGNEMENT ET DE FORMATION PROFESSIONNELLE AGRICOLES AIX VALABRE MARSEILLE;ETABLISSEMENT PUBLIC LOCAL D'ENSEIGNEMENT ET DE FORMATION PROFESSIONNELLE AGRICOLES AIX VALABRE MARSEILLE;2026-09-23;{'StreetName': 'Hotel de Région', 'AdditionalStreetName': '27 Place Jules Guesde', 'CityName': 'Marseille', 'PostalZone': '13481', 'Country': 'FRA'};231300021;False;REGION PROVENCE-ALPES-COTE D'AZUR;Région Provence-Alpes-Côte d'Azur;;;services;"[""Valeur technique de l'offre"", 'Prix']";['technique', 'prix'];[70.0, 30.0];;False;;True;;sans remise en concurrence;Le marché est susceptible de bénéficier d'un cofinancement européen;26-91457;;3375658.0;;LOT-0007;80530000;148000000.0;65;1.0;;Achat d'actions de formation pour la mise en oeuvre du programme régional de formations « Compétences clés » pour la période 2027-2030;ouverte;2025-0917;3.0;;;False;False;False;;7230;Région ;5 000  à  9 999;False;1982-01-01;84.11Z;2008;7331.0;Établissement public local d'enseignement ;250  à  499;False;<NA>;2008;P;85;85.3;85.32;85.32Z;1983-03-16;(43.463495, 5.454112);Gardanne;Bouches-du-Rhône;Provence-Alpes-Côte d'Azur;(50.573518, 3.053529);Templemars;Nord;Hauts-de-France;;;;;;;;
False;['80530000', '80500000'];;True;True;False;attribue;{'StreetName': 'Carmejane', 'AdditionalStreetName': None, 'CityName': 'Le Chaffaut-Saint-Jurson', 'PostalZone': '04510', 'Country': 'FRA'};190400564;False;ETABLISSEMENT PUBLIC LOCAL D'ENSEIGNEMENT ET DE FORMATION PROFESSIONNELLE AGRICOLES DE DIGNE - CARMEJANE;LYCEE ENSEIG PROFESSI AGRICOLE CARMEJANE;2026-09-23;{'StreetName': 'Hotel de Région', 'AdditionalStreetName': '27 Place Jules Guesde', 'CityName': 'Marseille', 'PostalZone': '13481', 'Country': 'FRA'};231300021;False;REGION PROVENCE-ALPES-COTE D'AZUR;Région Provence-Alpes-Côte d'Azur;;;services;"[""Valeur technique de l'offre"", 'Prix']";['technique', 'prix'];[70.0, 30.0];;False;;True;;sans remise en concurrence;Le marché est susceptible de bénéficier d'un cofinancement européen;26-91457;;2964458.0;;LOT-0008;80530000;148000000.0;65;1.0;;Achat d'actions de formation pour la mise en oeuvre du programme régional de formations « Compétences clés » pour la période 2027-2030;ouverte;2025-0917;3.0;;;False;False;False;;7230;Région ;5 000  à  9 999;False;1982-01-01;84.11Z;2008;7331.0;Établissement public local d'enseignement ;50  à  99;False;<NA>;2008;P;85;85.3;85.32;85.32Z;1968-12-04;(44.036164, 6.14585);Le Chaffaut-Saint-Jurson;Alpes-de-Haute-Provence;Provence-Alpes-Côte d'Azur;(50.573518, 3.053529);Templemars;Nord;Hauts-de-France;;;;;;;;
False;['80530000', '80500000'];;True;True;False;attribue;{'StreetName': '32 Chemin Saint Lazare', 'AdditionalStreetName': None, 'CityName': 'Hyeres', 'PostalZone': '83400', 'Country': 'FRA'};198300774;False;ETABLISSEMENT PUBLIC LOCAL D'ENSEIGNEMENT ET DE FORMATION PROFESSIONNELLE AGRICOLES AGRICAMPUS VAR;ETABLISSEMENT PUBLIC LOCAL D'ENSEIGNEMENT ET DE FORMATION PROFESSIONNELLE AGRICOLES AGRICAMPUS VAR;2026-09-23;{'StreetName': 'Hotel de Région', 'AdditionalStreetName': '27 Place Jules Guesde', 'CityName': 'Marseille', 'PostalZone': '13481', 'Country': 'FRA'};231300021;False;REGION PROVENCE-ALPES-COTE D'AZUR;Région Provence-Alpes-Côte d'Azur;;;services;"[""Valeur technique de l'offre"", 'Prix']";['technique', 'prix'];[70.0, 30.0];;False;;True;;sans remise en concurrence;Le marché est susceptible de bénéficier d'un cofinancement européen;26-91457;;1592388.0;;LOT-0009;80530000;148000000.0;65;1.0;;Achat d'actions de formation pour la mise en oeuvre du programme régional de formations « Compétences clés » pour la période 2027-2030;ouverte;2025-0917;3.0;;;False;False;False;;7230;Région ;5 000  à  9 999;False;1982-01-01;84.11Z;2008;7331.0;Établissement public local d'enseignement ;200  à  249;False;<NA>;2008;P;85;85.3;85.32;85.32Z;1968-05-16;(43.116318, 6.168107);Hyères;Var;Provence-Alpes-Côte d'Azur;(50.573518, 3.053529);Templemars;Nord;Hauts-de-France;;;;;;;;
False;['80530000', '80500000'];;True;True;False;attribue;{'StreetName': '310 Che De L Hermitage', 'AdditionalStreetName': None, 'CityName': 'Carpentras', 'PostalZone': '84200', 'Country': 'FRA'};198406076;False;ETS PUBLIC LOCAL ENSEIGNEMENT FORMATION PROF AGRICOLES LOUIS GIRAUD;ETS PUBLIC LOCAL ENSEIGNEMENT FORMATION PROF AGRICOLES LOUIS GIRAUD;2026-09-23;{'StreetName': 'Hotel de Région', 'AdditionalStreetName': '27 Place Jules Guesde', 'CityName': 'Marseille', 'PostalZone': '13481', 'Country': 'FRA'};231300021;False;REGION PROVENCE-ALPES-COTE D'AZUR;Région Provence-Alpes-Côte d'Azur;;;services;"[""Valeur technique de l'offre"", 'Prix']";['technique', 'prix'];[70.0, 30.0];;False;;True;;sans remise en concurrence;Le marché est susceptible de bénéficier d'un cofinancement européen;26-91457;;2899948.0;;LOT-0010;80530000;148000000.0;65;1.0;;Achat d'actions de formation pour la mise en oeuvre du programme régional de formations « Compétences clés » pour la période 2027-2030;ouverte;2025-0917;3.0;;;False;False;False;;7230;Région ;5 000  à  9 999;False;1982-01-01;84.11Z;2008;7331.0;Établissement public local d'enseignement ;100  à  199;False;<NA>;2008;P;85;85.3;85.32;85.32Z;1970-06-03;(44.083476, 5.063895);Carpentras;Vaucluse;Provence-Alpes-Côte d'Azur;(50.573518, 3.053529);Templemars;Nord;Hauts-de-France;;;;;;;;
False;['80530000', '80500000'];;True;True;False;attribue;{'StreetName': '2 Rue Du Monastere', 'AdditionalStreetName': None, 'CityName': 'Marseille 4', 'PostalZone': '13004', 'Country': 'FRA'};775685621;False;UNION FRANCAISE CENTRE VACANCES LOISIRS;UNION FRANCAISE CENTRE VACANCES LOISIRS;2026-09-23;{'StreetName': 'Hotel de Région', 'AdditionalStreetName': '27 Place Jules Guesde', 'CityName': 'Marseille', 'PostalZone': '13481', 'Country': 'FRA'};231300021;False;REGION PROVENCE-ALPES-COTE D'AZUR;Région Provence-Alpes-Côte d'Azur;;;services;"[""Valeur technique de l'offre"", 'Prix']";['technique', 'prix'];[70.0, 30.0];;False;;True;;sans remise en concurrence;Le marché est susceptible de bénéficier d'un cofinancement européen;26-91457;;774798.0;;LOT-0011;80530000;148000000.0;65;1.0;;Achat d'actions de formation pour la mise en oeuvre du programme régional de formations « Compétences clés » pour la période 2027-2030;ouverte;2025-0917;3.0;;;False;False;False;;7230;Région ;5 000  à  9 999;False;1982-01-01;84.11Z;2008;9220.0;Association déclarée ;1 000  à  1 999;True;<NA>;2008;P;85;85.5;85.59;85.59A;1965-12-31;(43.301668, 5.401282);Marseille;Bouches-du-Rhône;Provence-Alpes-Côte d'Azur;(50.573518, 3.053529);Templemars;Nord;Hauts-de-France;;;;;;;;
False;['80530000', '80500000'];;True;True;False;attribue;{'StreetName': '2 Rue Du Monastere', 'AdditionalStreetName': None, 'CityName': 'Marseille 4', 'PostalZone': '13004', 'Country': 'FRA'};775685621;False;UNION FRANCAISE CENTRE VACANCES LOISIRS;UNION FRANCAISE CENTRE VACANCES LOISIRS;2026-09-23;{'StreetName': 'Hotel de Région', 'AdditionalStreetName': '27 Place Jules Guesde', 'CityName': 'Marseille', 'PostalZone': '13481', 'Country': 'FRA'};231300021;False;REGION PROVENCE-ALPES-COTE D'AZUR;Région Provence-Alpes-Côte d'Azur;;;services;"[""Valeur technique de l'offre"", 'Prix']";['technique', 'prix'];[70.0, 30.0];;False;;True;;sans remise en concurrence;Le marché est susceptible de bénéficier d'un cofinancement européen;26-91457;;1094850.0;;LOT-0012;80530000;148000000.0;65;1.0;;Achat d'actions de formation pour la mise en oeuvre du programme régional de formations « Compétences clés » pour la période 2027-2030;ouverte;2025-0917;3.0;;;False;False;False;;7230;Région ;5 000  à  9 999;False;1982-01-01;84.11Z;2008;9220.0;Association déclarée ;1 000  à  1 999;True;<NA>;2008;P;85;85.5;85.59;85.59A;1965-12-31;(43.301668, 5.401282);Marseille;Bouches-du-Rhône;Provence-Alpes-Côte d'Azur;(50.573518, 3.053529);Templemars;Nord;Hauts-de-France;;;;;;;;
False;['80530000', '80500000'];;True;True;False;attribue;{'StreetName': '192 Rue Horace Bertin', 'AdditionalStreetName': None, 'CityName': 'Marseille 5', 'PostalZone': '13005', 'Country': 'FRA'};775558398;False;LIGUE DE L ENSEIGNEMENT - FAIL 13;LIGUE DE L ENSEIGNEMENT - FAIL 13;2026-09-23;{'StreetName': 'Hotel de Région', 'AdditionalStreetName': '27 Place Jules Guesde', 'CityName': 'Marseille', 'PostalZone': '13481', 'Country': 'FRA'};231300021;False;REGION PROVENCE-ALPES-COTE D'AZUR;Région Provence-Alpes-Côte d'Azur;;;services;"[""Valeur technique de l'offre"", 'Prix']";['technique', 'prix'];[70.0, 30.0];;False;;True;;sans remise en concurrence;Le marché est susceptible de bénéficier d'un cofinancement européen;26-91457;;3224359.0;;LOT-0013;80530000;148000000.0;65;1.0;;Achat d'actions de formation pour la mise en oeuvre du programme régional de formations « Compétences clés » pour la période 2027-2030;ouverte;2025-0917;3.0;;;False;False;False;;7230;Région ;5 000  à  9 999;False;1982-01-01;84.11Z;2008;9220.0;Association déclarée ;500  à  999;True;<NA>;2008;Q;88;88.9;88.99;88.99B;1900-01-01;(43.296069, 5.397218);Marseille;Bouches-du-Rhône;Provence-Alpes-Côte d'Azur;(50.573518, 3.053529);Templemars;Nord;Hauts-de-France;;;;;;;;
False;['80530000', '80500000'];;True;True;False;attribue;"{'StreetName': 'Le Quartz', 'AdditionalStreetName': None, 'CityName': ""L'Argentiere-La-Bessee"", 'PostalZone': '05120', 'Country': 'FRA'}";349577908;False;COMPAGNIE DES ALPES;COMITE REGIONAL CANOE-KAYAK PACA;2026-09-23;{'StreetName': 'Hotel de Région', 'AdditionalStreetName': '27 Place Jules Guesde', 'CityName': 'Marseille', 'PostalZone': '13481', 'Country': 'FRA'};231300021;False;REGION PROVENCE-ALPES-COTE D'AZUR;Région Provence-Alpes-Côte d'Azur;;;services;"[""Valeur technique de l'offre"", 'Prix']";['technique', 'prix'];[70.0, 30.0];;False;;True;;sans remise en concurrence;Le marché est susceptible de bénéficier d'un cofinancement européen;26-91457;;1061819.0;;LOT-0014;80530000;148000000.0;65;1.0;;Achat d'actions de formation pour la mise en oeuvre du programme régional de formations « Compétences clés » pour la période 2027-2030;ouverte;2025-0917;3.0;;;False;False;False;;7230;Région ;5 000  à  9 999;False;1982-01-01;84.11Z;2008;5599.0;SA à conseil d'administration (s.a.i.);100  à  199;False;<NA>;2008;M;70;70.1;70.1;70.10Z;1989-01-26;(44.781311, 6.55599);L'Argentière-la-Bessée;Hautes-Alpes;Provence-Alpes-Côte d'Azur;(50.573518, 3.053529);Templemars;Nord;Hauts-de-France;;;;;;;;
False;['80530000', '80500000'];;True;True;False;attribue;"{'StreetName': 'Le Quartz', 'AdditionalStreetName': None, 'CityName': ""L'Argentiere-La-Bessee"", 'PostalZone': '05120', 'Country': 'FRA'}";349577908;False;COMPAGNIE DES ALPES;COMITE REGIONAL CANOE-KAYAK PACA;2026-09-23;{'StreetName': 'Hotel de Région', 'AdditionalStreetName': '27 Place Jules Guesde', 'CityName': 'Marseille', 'PostalZone': '13481', 'Country': 'FRA'};231300021;False;REGION PROVENCE-ALPES-COTE D'AZUR;Région Provence-Alpes-Côte d'Azur;;;services;"[""Valeur technique de l'offre"", 'Prix']";['technique', 'prix'];[70.0, 30.0];;False;;True;;sans remise en concurrence;Le marché est susceptible de bénéficier d'un cofinancement européen;26-91457;;721038.0;;LOT-0015;80530000;148000000.0;65;1.0;;Achat d'actions de formation pour la mise en oeuvre du programme régional de formations « Compétences clés » pour la période 2027-2030;ouverte;2025-0917;3.0;;;False;False;False;;7230;Région ;5 000  à  9 999;False;1982-01-01;84.11Z;2008;5599.0;SA à conseil d'administration (s.a.i.);100  à  199;False;<NA>;2008;M;70;70.1;70.1;70.10Z;1989-01-26;(44.781311, 6.55599);L'Argentière-la-Bessée;Hautes-Alpes;Provence-Alpes-Côte d'Azur;(50.573518, 3.053529);Templemars;Nord;Hauts-de-France;;;;;;;;
False;['80530000', '80500000'];;True;True;False;attribue;{'StreetName': '68 Av Victor Agostini', 'AdditionalStreetName': None, 'CityName': 'Toulon', 'PostalZone': '83000', 'Country': 'FRA'};775713670;False;LA LIGUE DE L ENSEIGNEMENT  LA FOL DU VAR;LA LIGUE DE L ENSEIGNEMENT LA FOL DU VAR;2026-09-23;{'StreetName': 'Hotel de Région', 'AdditionalStreetName': '27 Place Jules Guesde', 'CityName': 'Marseille', 'PostalZone': '13481', 'Country': 'FRA'};231300021;False;REGION PROVENCE-ALPES-COTE D'AZUR;Région Provence-Alpes-Côte d'Azur;;;services;"[""Valeur technique de l'offre"", 'Prix']";['technique', 'prix'];[70.0, 30.0];;False;;True;;sans remise en concurrence;Le marché est susceptible de bénéficier d'un cofinancement européen;26-91457;;1353725.0;;LOT-0016;80530000;148000000.0;65;2.0;;Achat d'actions de formation pour la mise en oeuvre du programme régional de formations « Compétences clés » pour la période 2027-2030;ouverte;2025-0917;3.0;;;False;False;False;;7230;Région ;5 000  à  9 999;False;1982-01-01;84.11Z;2008;9220.0;Association déclarée ;100  à  199;True;<NA>;2008;S;94;94.9;94.99;94.99Z;1982-03-01;(43.130457, 5.93632);Toulon;Var;Provence-Alpes-Côte d'Azur;(50.573518, 3.053529);Templemars;Nord;Hauts-de-France;;;;;;;;
False;['80530000', '80500000'];;True;True;False;attribue;{'StreetName': '14 Rue Copernic', 'AdditionalStreetName': None, 'CityName': 'Arles', 'PostalZone': '13104', 'Country': 'FRA'};841292881;False;FORMATIC CENTRE;FORMATIC;2026-09-23;{'StreetName': 'Hotel de Région', 'AdditionalStreetName': '27 Place Jules Guesde', 'CityName': 'Marseille', 'PostalZone': '13481', 'Country': 'FRA'};231300021;False;REGION PROVENCE-ALPES-COTE D'AZUR;Région Provence-Alpes-Côte d'Azur;;;services;"[""Valeur technique de l'offre"", 'Prix']";['technique', 'prix'];[70.0, 30.0];;False;;True;;sans remise en concurrence;Le marché est susceptible de bénéficier d'un cofinancement européen;26-91457;;620367.0;;LOT-0017;80530000;148000000.0;65;1.0;;Achat d'actions de formation pour la mise en oeuvre du programme régional de formations « Compétences clés » pour la période 2027-2030;ouverte;2025-0917;3.0;;;False;False;False;;7230;Région ;5 000  à  9 999;False;1982-01-01;84.11Z;2008;5458.0;SARL coopérative de production (SCOP);6  à  9;True;<NA>;2008;P;85;85.5;85.59;85.59A;2018-07-24;(43.699475, 4.634212);Arles;Bouches-du-Rhône;Provence-Alpes-Côte d'Azur;(50.573518, 3.053529);Templemars;Nord;Hauts-de-France;;;;;;;;
False;['80530000', '80500000'];;True;True;False;attribue;{'StreetName': '53 Av Cap De Croix', 'AdditionalStreetName': None, 'CityName': 'Nice', 'PostalZone': '06000', 'Country': 'FRA'};180619199;False;GIP FORMATION ET INSERTION PROFESSIONNELLE DE L ACADEMIE DE NICE;GIP FORMATION ET INSERTION PROFESSIONNELLE DE L ACADEMIE DE NICE;2026-09-23;{'StreetName': 'Hotel de Région', 'AdditionalStreetName': '27 Place Jules Guesde', 'CityName': 'Marseille', 'PostalZone': '13481', 'Country': 'FRA'};231300021;False;REGION PROVENCE-ALPES-COTE D'AZUR;Région Provence-Alpes-Côte d'Azur;;;services;"[""Valeur technique de l'offre"", 'Prix']";['technique', 'prix'];[70.0, 30.0];;False;;True;;sans remise en concurrence;Le marché est susceptible de bénéficier d'un cofinancement européen;26-91457;;1166168.0;;LOT-0018;80530000;148000000.0;65;1.0;;Achat d'actions de formation pour la mise en oeuvre du programme régional de formations « Compétences clés » pour la période 2027-2030;ouverte;2025-0917;3.0;;;False;False;False;;7230;Région ;5 000  à  9 999;False;1982-01-01;84.11Z;2008;7410.0;Groupement d'intérêt public (GIP) ;200  à  249;False;<NA>;2008;P;85;85.5;85.59;85.59A;2002-10-09;(43.695755, 7.260347);Nice;Alpes-Maritimes;Provence-Alpes-Côte d'Azur;(50.573518, 3.053529);Templemars;Nord;Hauts-de-France;;;;;;;;
False;['80530000', '80500000'];;True;True;False;attribue;{'StreetName': '860 Rue Rene Descartes', 'AdditionalStreetName': None, 'CityName': 'Aix-En-Provence', 'PostalZone': '13080', 'Country': 'FRA'};181337130;False;GROUPEMENT D'INTERET PUBLIC FORMATION CONTINUE ET INSERSION PROFESSIONNELLE ACADEMIE D'AIX MARSEILLE;GROUPEMENT D'INTERET PUBLIC FORMATION CONTINUE ET INSERSION PROFESSIONNELLE ACADEMIE D'AIX MARSEILLE;2026-09-23;{'StreetName': 'Hotel de Région', 'AdditionalStreetName': '27 Place Jules Guesde', 'CityName': 'Marseille', 'PostalZone': '13481', 'Country': 'FRA'};231300021;False;REGION PROVENCE-ALPES-COTE D'AZUR;Région Provence-Alpes-Côte d'Azur;;;services;"[""Valeur technique de l'offre"", 'Prix']";['technique', 'prix'];[70.0, 30.0];;False;;True;;sans remise en concurrence;Le marché est susceptible de bénéficier d'un cofinancement européen;26-91457;;3657596.0;;LOT-0019;80530000;148000000.0;65;1.0;;Achat d'actions de formation pour la mise en oeuvre du programme régional de formations « Compétences clés » pour la période 2027-2030;ouverte;2025-0917;3.0;;;False;False;False;;7230;Région ;5 000  à  9 999;False;1982-01-01;84.11Z;2008;7410.0;Groupement d'intérêt public (GIP) ;20  à  49;<NA>;<NA>;2008;P;85;85.5;85.59;85.59A;2002-09-06;(43.493747, 5.349073);Aix-en-Provence;Bouches-du-Rhône;Provence-Alpes-Côte d'Azur;(50.573518, 3.053529);Templemars;Nord;Hauts-de-France;;;;;;;;
False;['80530000', '80500000'];;True;True;False;attribue;{'StreetName': '860 Rue Rene Descartes', 'AdditionalStreetName': None, 'CityName': 'Aix-En-Provence', 'PostalZone': '13080', 'Country': 'FRA'};181337130;False;GROUPEMENT D'INTERET PUBLIC FORMATION CONTINUE ET INSERSION PROFESSIONNELLE ACADEMIE D'AIX MARSEILLE;GROUPEMENT D'INTERET PUBLIC FORMATION CONTINUE ET INSERSION PROFESSIONNELLE ACADEMIE D'AIX MARSEILLE;2026-09-23;{'StreetName': 'Hotel de Région', 'AdditionalStreetName': '27 Place Jules Guesde', 'CityName': 'Marseille', 'PostalZone': '13481', 'Country': 'FRA'};231300021;False;REGION PROVENCE-ALPES-COTE D'AZUR;Région Provence-Alpes-Côte d'Azur;;;services;"[""Valeur technique de l'offre"", 'Prix']";['technique', 'prix'];[70.0, 30.0];;False;;True;;sans remise en concurrence;Le marché est susceptible de bénéficier d'un cofinancement européen;26-91457;;3526442.0;;LOT-0020;80530000;148000000.0;65;1.0;;Achat d'actions de formation pour la mise en oeuvre du programme régional de formations « Compétences clés » pour la période 2027-2030;ouverte;2025-0917;3.0;;;False;False;False;;7230;Région ;5 000  à  9 999;False;1982-01-01;84.11Z;2008;7410.0;Groupement d'intérêt public (GIP) ;20  à  49;<NA>;<NA>;2008;P;85;85.5;85.59;85.59A;2002-09-06;(43.493747, 5.349073);Aix-en-Provence;Bouches-du-Rhône;Provence-Alpes-Côte d'Azur;(50.573518, 3.053529);Templemars;Nord;Hauts-de-France;;;;;;;;
False;['80530000', '80500000'];;True;True;False;attribue;{'StreetName': 'Pl De Verdun', 'AdditionalStreetName': None, 'CityName': 'Gap', 'PostalZone': '05000', 'Country': 'FRA'};190500066;False;LYCEE GENERAL ET TECHNOLOGIQUE DOMINIQUE VILLARS;GRETA CFA Alpes Provence - LYCEE GENERAL ET TECHNOLOGIQUE DOMINIQUE VILLARS;2026-09-23;{'StreetName': 'Hotel de Région', 'AdditionalStreetName': '27 Place Jules Guesde', 'CityName': 'Marseille', 'PostalZone': '13481', 'Country': 'FRA'};231300021;False;REGION PROVENCE-ALPES-COTE D'AZUR;Région Provence-Alpes-Côte d'Azur;;;services;"[""Valeur technique de l'offre"", 'Prix']";['technique', 'prix'];[70.0, 30.0];;False;;True;;sans remise en concurrence;Le marché est susceptible de bénéficier d'un cofinancement européen;26-91457;;2405551.0;;LOT-0021;80530000;148000000.0;65;1.0;;Achat d'actions de formation pour la mise en oeuvre du programme régional de formations « Compétences clés » pour la période 2027-2030;ouverte;2025-0917;3.0;;;False;False;False;;7230;Région ;5 000  à  9 999;False;1982-01-01;84.11Z;2008;7331.0;Établissement public local d'enseignement ;500  à  999;False;<NA>;2008;P;85;85.3;85.31;85.31Z;1965-05-01;(44.570967, 6.097872);Gap;Hautes-Alpes;Provence-Alpes-Côte d'Azur;(50.573518, 3.053529);Templemars;Nord;Hauts-de-France;;;;;;;;
False;['80530000', '80500000'];;True;True;False;attribue;{'StreetName': '53 Av Cap De Croix', 'AdditionalStreetName': None, 'CityName': 'Nice', 'PostalZone': '06000', 'Country': 'FRA'};180619199;False;GIP FORMATION ET INSERTION PROFESSIONNELLE DE L ACADEMIE DE NICE;GIP FORMATION ET INSERTION PROFESSIONNELLE DE L ACADEMIE DE NICE;2026-09-23;{'StreetName': 'Hotel de Région', 'AdditionalStreetName': '27 Place Jules Guesde', 'CityName': 'Marseille', 'PostalZone': '13481', 'Country': 'FRA'};231300021;False;REGION PROVENCE-ALPES-COTE D'AZUR;Région Provence-Alpes-Côte d'Azur;;;services;"[""Valeur technique de l'offre"", 'Prix']";['technique', 'prix'];[70.0, 30.0];;False;;True;;sans remise en concurrence;Le marché est susceptible de bénéficier d'un cofinancement européen;26-91457;;3751976.0;;LOT-0022;80530000;148000000.0;65;1.0;;Achat d'actions de formation pour la mise en oeuvre du programme régional de formations « Compétences clés » pour la période 2027-2030;ouverte;2025-0917;3.0;;;False;False;False;;7230;Région ;5 000  à  9 999;False;1982-01-01;84.11Z;2008;7410.0;Groupement d'intérêt public (GIP) ;200  à  249;False;<NA>;2008;P;85;85.5;85.59;85.59A;2002-10-09;(43.695755, 7.260347);Nice;Alpes-Maritimes;Provence-Alpes-Côte d'Azur;(50.573518, 3.053529);Templemars;Nord;Hauts-de-France;;;;;;;;
False;['80530000', '80500000'];;True;True;False;attribue;{'StreetName': '860 Rue Rene Descartes', 'AdditionalStreetName': None, 'CityName': 'Aix-En-Provence', 'PostalZone': '13080', 'Country': 'FRA'};181337130;False;GROUPEMENT D'INTERET PUBLIC FORMATION CONTINUE ET INSERSION PROFESSIONNELLE ACADEMIE D'AIX MARSEILLE;GROUPEMENT D'INTERET PUBLIC FORMATION CONTINUE ET INSERSION PROFESSIONNELLE ACADEMIE D'AIX MARSEILLE;2026-09-23;{'StreetName': 'Hotel de Région', 'AdditionalStreetName': '27 Place Jules Guesde', 'CityName': 'Marseille', 'PostalZone': '13481', 'Country': 'FRA'};231300021;False;REGION PROVENCE-ALPES-COTE D'AZUR;Région Provence-Alpes-Côte d'Azur;;;services;"[""Valeur technique de l'offre"", 'Prix']";['technique', 'prix'];[70.0, 30.0];;False;;True;;sans remise en concurrence;Le marché est susceptible de bénéficier d'un cofinancement européen;26-91457;;2939812.0;;LOT-0023;80530000;148000000.0;65;1.0;;Achat d'actions de formation pour la mise en oeuvre du programme régional de formations « Compétences clés » pour la période 2027-2030;ouverte;2025-0917;3.0;;;False;False;False;;7230;Région ;5 000  à  9 999;False;1982-01-01;84.11Z;2008;7410.0;Groupement d'intérêt public (GIP) ;20  à  49;<NA>;<NA>;2008;P;85;85.5;85.59;85.59A;2002-09-06;(43.493747, 5.349073);Aix-en-Provence;Bouches-du-Rhône;Provence-Alpes-Côte d'Azur;(50.573518, 3.053529);Templemars;Nord;Hauts-de-France;;;;;;;;
False;['80530000', '80500000'];;True;True;False;attribue;{'StreetName': '53 Av Cap De Croix', 'AdditionalStreetName': None, 'CityName': 'Nice', 'PostalZone': '06000', 'Country': 'FRA'};180619199;False;GIP FORMATION ET INSERTION PROFESSIONNELLE DE L ACADEMIE DE NICE;GIP FORMATION ET INSERTION PROFESSIONNELLE DE L ACADEMIE DE NICE;2026-09-23;{'StreetName': 'Hotel de Région', 'AdditionalStreetName': '27 Place Jules Guesde', 'CityName': 'Marseille', 'PostalZone': '13481', 'Country': 'FRA'};231300021;False;REGION PROVENCE-ALPES-COTE D'AZUR;Région Provence-Alpes-Côte d'Azur;;;services;"[""Valeur technique de l'offre"", 'Prix']";['technique', 'prix'];[70.0, 30.0];;False;;True;;sans remise en concurrence;Le marché est susceptible de bénéficier d'un cofinancement européen;26-91457;;1413785.0;;LOT-0024;80530000;148000000.0;65;1.0;;Achat d'actions de formation pour la mise en oeuvre du programme régional de formations « Compétences clés » pour la période 2027-2030;ouverte;2025-0917;3.0;;;False;False;False;;7230;Région ;5 000  à  9 999;False;1982-01-01;84.11Z;2008;7410.0;Groupement d'intérêt public (GIP) ;200  à  249;False;<NA>;2008;P;85;85.5;85.59;85.59A;2002-10-09;(43.695755, 7.260347);Nice;Alpes-Maritimes;Provence-Alpes-Côte d'Azur;(50.573518, 3.053529);Templemars;Nord;Hauts-de-France;;;;;;;;
False;['80530000', '80500000'];;True;True;False;attribue;{'StreetName': '53 Av Cap De Croix', 'AdditionalStreetName': None, 'CityName': 'Nice', 'PostalZone': '06000', 'Country': 'FRA'};180619199;False;GIP FORMATION ET INSERTION PROFESSIONNELLE DE L ACADEMIE DE NICE;GIP FORMATION ET INSERTION PROFESSIONNELLE DE L ACADEMIE DE NICE;2026-09-23;{'StreetName': 'Hotel de Région', 'AdditionalStreetName': '27 Place Jules Guesde', 'CityName': 'Marseille', 'PostalZone': '13481', 'Country': 'FRA'};231300021;False;REGION PROVENCE-ALPES-COTE D'AZUR;Région Provence-Alpes-Côte d'Azur;;;services;"[""Valeur technique de l'offre"", 'Prix']";['technique', 'prix'];[70.0, 30.0];;False;;True;;sans remise en concurrence;Le marché est susceptible de bénéficier d'un cofinancement européen;26-91457;;741730.0;;LOT-0025;80530000;148000000.0;65;1.0;;Achat d'actions de formation pour la mise en oeuvre du programme régional de formations « Compétences clés » pour la période 2027-2030;ouverte;2025-0917;3.0;;;False;False;False;;7230;Région ;5 000  à  9 999;False;1982-01-01;84.11Z;2008;7410.0;Groupement d'intérêt public (GIP) ;200  à  249;False;<NA>;2008;P;85;85.5;85.59;85.59A;2002-10-09;(43.695755, 7.260347);Nice;Alpes-Maritimes;Provence-Alpes-Côte d'Azur;(50.573518, 3.053529);Templemars;Nord;Hauts-de-France;;;;;;;;
False;['80530000', '80500000'];;True;True;False;attribue;{'StreetName': '860 Rue Rene Descartes', 'AdditionalStreetName': None, 'CityName': 'aix en provence', 'PostalZone': '13080', 'Country': 'FRA'};181337130;False;GROUPEMENT D'INTERET PUBLIC FORMATION CONTINUE ET INSERSION PROFESSIONNELLE ACADEMIE D'AIX MARSEILLE;GROUPEMENT D'INTERET PUBLIC FORMATION CONTINUE ET INSERSION PROFESSIONNELLE ACADEMIE D'AIX MARSEILLE;2026-09-23;{'StreetName': 'Hotel de Région', 'AdditionalStreetName': '27 Place Jules Guesde', 'CityName': 'Marseille', 'PostalZone': '13481', 'Country': 'FRA'};231300021;False;REGION PROVENCE-ALPES-COTE D'AZUR;Région Provence-Alpes-Côte d'Azur;;;services;"[""Valeur technique de l'offre"", 'Prix']";['technique', 'prix'];[70.0, 30.0];;False;;True;;sans remise en concurrence;Le marché est susceptible de bénéficier d'un cofinancement européen;26-91457;;1832732.0;;LOT-0026;80530000;148000000.0;65;1.0;;Achat d'actions de formation pour la mise en oeuvre du programme régional de formations « Compétences clés » pour la période 2027-2030;ouverte;2025-0917;3.0;;;False;False;False;;7230;Région ;5 000  à  9 999;False;1982-01-01;84.11Z;2008;7410.0;Groupement d'intérêt public (GIP) ;20  à  49;<NA>;<NA>;2008;P;85;85.5;85.59;85.59A;2002-09-06;(43.493747, 5.349073);Aix-en-Provence;Bouches-du-Rhône;Provence-Alpes-Côte d'Azur;(50.573518, 3.053529);Templemars;Nord;Hauts-de-France;;;;;;;;
False;['80530000', '80500000'];;True;True;False;attribue;{'StreetName': 'Pl De Verdun', 'AdditionalStreetName': None, 'CityName': 'Gap', 'PostalZone': '05000', 'Country': 'FRA'};190500066;False;LYCEE GENERAL ET TECHNOLOGIQUE DOMINIQUE VILLARS;GRETA CFA Alpes Provence - LYCEE GENERAL ET TECHNOLOGIQUE DOMINIQUE VILLARS;2026-09-23;{'StreetName': 'Hotel de Région', 'AdditionalStreetName': '27 Place Jules Guesde', 'CityName': 'Marseille', 'PostalZone': '13481', 'Country': 'FRA'};231300021;False;REGION PROVENCE-ALPES-COTE D'AZUR;Région Provence-Alpes-Côte d'Azur;;;services;"[""Valeur technique de l'offre"", 'Prix']";['technique', 'prix'];[70.0, 30.0];;False;;True;;sans remise en concurrence;Le marché est susceptible de bénéficier d'un cofinancement européen;26-91457;;566452.0;;LOT-0027;80530000;148000000.0;65;2.0;;Achat d'actions de formation pour la mise en oeuvre du programme régional de formations « Compétences clés » pour la période 2027-2030;ouverte;2025-0917;3.0;;;False;False;False;;7230;Région ;5 000  à  9 999;False;1982-01-01;84.11Z;2008;7331.0;Établissement public local d'enseignement ;500  à  999;False;<NA>;2008;P;85;85.3;85.31;85.31Z;1965-05-01;(44.570967, 6.097872);Gap;Hautes-Alpes;Provence-Alpes-Côte d'Azur;(50.573518, 3.053529);Templemars;Nord;Hauts-de-France;;;;;;;;
False;['80530000', '80500000'];;True;True;False;attribue;{'StreetName': '53 Av Cap De Croix', 'AdditionalStreetName': None, 'CityName': 'Nice', 'PostalZone': '06000', 'Country': 'FRA'};180619199;False;GIP FORMATION ET INSERTION PROFESSIONNELLE DE L ACADEMIE DE NICE;GIP FORMATION ET INSERTION PROFESSIONNELLE DE L ACADEMIE DE NICE;2026-09-23;{'StreetName': 'Hotel de Région', 'AdditionalStreetName': '27 Place Jules Guesde', 'CityName': 'Marseille', 'PostalZone': '13481', 'Country': 'FRA'};231300021;False;REGION PROVENCE-ALPES-COTE D'AZUR;Région Provence-Alpes-Côte d'Azur;;;services;"[""Valeur technique de l'offre"", 'Prix']";['technique', 'prix'];[70.0, 30.0];;False;;True;;sans remise en concurrence;Le marché est susceptible de bénéficier d'un cofinancement européen;26-91457;;1643191.0;;LOT-0028;80530000;148000000.0;65;1.0;;Achat d'actions de formation pour la mise en oeuvre du programme régional de formations « Compétences clés » pour la période 2027-2030;ouverte;2025-0917;3.0;;;False;False;False;;7230;Région ;5 000  à  9 999;False;1982-01-01;84.11Z;2008;7410.0;Groupement d'intérêt public (GIP) ;200  à  249;False;<NA>;2008;P;85;85.5;85.59;85.59A;2002-10-09;(43.695755, 7.260347);Nice;Alpes-Maritimes;Provence-Alpes-Côte d'Azur;(50.573518, 3.053529);Templemars;Nord;Hauts-de-France;;;;;;;;
False;['80530000', '80500000'];;True;True;False;attribue;{'StreetName': '860 Rue Rene Descartes', 'AdditionalStreetName': None, 'CityName': 'Aix-En-Provence', 'PostalZone': '13080', 'Country': 'FRA'};181337130;False;GROUPEMENT D'INTERET PUBLIC FORMATION CONTINUE ET INSERSION PROFESSIONNELLE ACADEMIE D'AIX MARSEILLE;GROUPEMENT D'INTERET PUBLIC FORMATION CONTINUE ET INSERSION PROFESSIONNELLE ACADEMIE D'AIX MARSEILLE;2026-09-23;{'StreetName': 'Hotel de Région', 'AdditionalStreetName': '27 Place Jules Guesde', 'CityName': 'Marseille', 'PostalZone': '13481', 'Country': 'FRA'};231300021;False;REGION PROVENCE-ALPES-COTE D'AZUR;Région Provence-Alpes-Côte d'Azur;;;services;"[""Valeur technique de l'offre"", 'Prix']";['technique', 'prix'];[70.0, 30.0];;False;;True;;sans remise en concurrence;Le marché est susceptible de bénéficier d'un cofinancement européen;26-91457;;663876.0;;LOT-0029;80530000;148000000.0;65;1.0;;Achat d'actions de formation pour la mise en oeuvre du programme régional de formations « Compétences clés » pour la période 2027-2030;ouverte;2025-0917;3.0;;;False;False;False;;7230;Région ;5 000  à  9 999;False;1982-01-01;84.11Z;2008;7410.0;Groupement d'intérêt public (GIP) ;20  à  49;<NA>;<NA>;2008;P;85;85.5;85.59;85.59A;2002-09-06;(43.493747, 5.349073);Aix-en-Provence;Bouches-du-Rhône;Provence-Alpes-Côte d'Azur;(50.573518, 3.053529);Templemars;Nord;Hauts-de-France;;;;;;;;
False;['80530000', '80500000'];;True;True;False;attribue;{'StreetName': '53 Av Cap De Croix', 'AdditionalStreetName': None, 'CityName': 'Nice', 'PostalZone': '06000', 'Country': 'FRA'};180619199;False;GIP FORMATION ET INSERTION PROFESSIONNELLE DE L ACADEMIE DE NICE;GIP FORMATION ET INSERTION PROFESSIONNELLE DE L ACADEMIE DE NICE;2026-09-23;{'StreetName': 'Hotel de Région', 'AdditionalStreetName': '27 Place Jules Guesde', 'CityName': 'Marseille', 'PostalZone': '13481', 'Country': 'FRA'};231300021;False;REGION PROVENCE-ALPES-COTE D'AZUR;Région Provence-Alpes-Côte d'Azur;;;services;"[""Valeur technique de l'offre"", 'Prix']";['technique', 'prix'];[70.0, 30.0];;False;;True;;sans remise en concurrence;Le marché est susceptible de bénéficier d'un cofinancement européen;26-91457;;1058060.0;;LOT-0030;80530000;148000000.0;65;1.0;;Achat d'actions de formation pour la mise en oeuvre du programme régional de formations « Compétences clés » pour la période 2027-2030;ouverte;2025-0917;3.0;;;False;False;False;;7230;Région ;5 000  à  9 999;False;1982-01-01;84.11Z;2008;7410.0;Groupement d'intérêt public (GIP) ;200  à  249;False;<NA>;2008;P;85;85.5;85.59;85.59A;2002-10-09;(43.695755, 7.260347);Nice;Alpes-Maritimes;Provence-Alpes-Côte d'Azur;(50.573518, 3.053529);Templemars;Nord;Hauts-de-France;;;;;;;;
False;['80530000', '80500000'];;True;True;False;attribue;{'StreetName': 'Avenue Prosper Merimee', 'AdditionalStreetName': None, 'CityName': 'Marseille', 'PostalZone': '13014', 'Country': 'FRA'};440707206;False;ESPACE DES ARTS NUMERIQUE DE L IMAGE ET DU SON;Espace des Arts Numériques de l'Image et du Son;2026-09-23;{'StreetName': 'Hotel de Région', 'AdditionalStreetName': '27 Place Jules Guesde', 'CityName': 'Marseille', 'PostalZone': '13481', 'Country': 'FRA'};231300021;False;REGION PROVENCE-ALPES-COTE D'AZUR;Région Provence-Alpes-Côte d'Azur;;;services;"[""Valeur technique de l'offre"", 'Prix']";['technique', 'prix'];[70.0, 30.0];;False;;True;;sans remise en concurrence;Le marché est susceptible de bénéficier d'un cofinancement européen;26-91457;;664434.0;;LOT-0031;80530000;148000000.0;65;2.0;;Achat d'actions de formation pour la mise en oeuvre du programme régional de formations « Compétences clés » pour la période 2027-2030;ouverte;2025-0917;3.0;;;False;False;False;;7230;Région ;5 000  à  9 999;False;1982-01-01;84.11Z;2008;9220.0;Association déclarée ;3  à  5;True;<NA>;2008;P;85;85.5;85.59;85.59A;2002-01-17;(43.327734, 5.397221);Marseille;Bouches-du-Rhône;Provence-Alpes-Côte d'Azur;(50.573518, 3.053529);Templemars;Nord;Hauts-de-France;;;;;;;;
False;['80530000', '80500000'];;True;True;False;non attribue;;;False;;;2026-09-23;{'StreetName': 'Hotel de Région', 'AdditionalStreetName': '27 Place Jules Guesde', 'CityName': 'Marseille', 'PostalZone': '13481', 'Country': 'FRA'};231300021;False;REGION PROVENCE-ALPES-COTE D'AZUR;Région Provence-Alpes-Côte d'Azur;;;services;"[""Valeur technique de l'offre"", 'Prix']";['technique', 'prix'];[70.0, 30.0];;False;;True;;sans remise en concurrence;Le marché est susceptible de bénéficier d'un cofinancement européen;26-91457;;;;LOT-0032;80530000;148000000.0;65;0.0;;Achat d'actions de formation pour la mise en oeuvre du programme régional de formations « Compétences clés » pour la période 2027-2030;ouverte;2025-0917;3.0;;;False;False;False;;7230;Région ;5 000  à  9 999;False;1982-01-01;84.11Z;2008;;;;;;<NA>;;;;;<NA>;<NA>;;;;;(50.573518, 3.053529);Templemars;Nord;Hauts-de-France;;;;;;;;
False;['80530000', '80500000'];;True;True;False;non attribue;;;False;;;2026-09-23;{'StreetName': 'Hotel de Région', 'AdditionalStreetName': '27 Place Jules Guesde', 'CityName': 'Marseille', 'PostalZone': '13481', 'Country': 'FRA'};231300021;False;REGION PROVENCE-ALPES-COTE D'AZUR;Région Provence-Alpes-Côte d'Azur;;;services;"[""Valeur technique de l'offre"", 'Prix']";['technique', 'prix'];[70.0, 30.0];;False;;True;;sans remise en concurrence;Le marché est susceptible de bénéficier d'un cofinancement européen;26-91457;;;;LOT-0033;80530000;148000000.0;65;0.0;;Achat d'actions de formation pour la mise en oeuvre du programme régional de formations « Compétences clés » pour la période 2027-2030;ouverte;2025-0917;3.0;;;False;False;False;;7230;Région ;5 000  à  9 999;False;1982-01-01;84.11Z;2008;;;;;;<NA>;;;;;<NA>;<NA>;;;;;(50.573518, 3.053529);Templemars;Nord;Hauts-de-France;;;;;;;;
False;['80530000', '80500000'];;True;True;False;attribue;{'StreetName': '53 Av Cap De Croix', 'AdditionalStreetName': None, 'CityName': 'Nice', 'PostalZone': '06000', 'Country': 'FRA'};180619199;False;GIP FORMATION ET INSERTION PROFESSIONNELLE DE L ACADEMIE DE NICE;GIP FORMATION ET INSERTION PROFESSIONNELLE DE L ACADEMIE DE NICE;2026-09-23;{'StreetName': 'Hotel de Région', 'AdditionalStreetName': '27 Place Jules Guesde', 'CityName': 'Marseille', 'PostalZone': '13481', 'Country': 'FRA'};231300021;False;REGION PROVENCE-ALPES-COTE D'AZUR;Région Provence-Alpes-Côte d'Azur;;;services;"[""Valeur technique de l'offre"", 'Prix']";['technique', 'prix'];[70.0, 30.0];;False;;True;;sans remise en concurrence;Le marché est susceptible de bénéficier d'un cofinancement européen;26-91457;;1109080.0;;LOT-0034;80530000;148000000.0;65;1.0;;Achat d'actions de formation pour la mise en oeuvre du programme régional de formations « Compétences clés » pour la période 2027-2030;ouverte;2025-0917;3.0;;;False;False;False;;7230;Région ;5 000  à  9 999;False;1982-01-01;84.11Z;2008;7410.0;Groupement d'intérêt public (GIP) ;200  à  249;False;<NA>;2008;P;85;85.5;85.59;85.59A;2002-10-09;(43.695755, 7.260347);Nice;Alpes-Maritimes;Provence-Alpes-Côte d'Azur;(50.573518, 3.053529);Templemars;Nord;Hauts-de-France;;;;;;;;
False;['80530000', '80500000'];;True;True;False;attribue;{'StreetName': '860 Rue Rene Descartes', 'AdditionalStreetName': None, 'CityName': 'Aix-En-Provence', 'PostalZone': '13080', 'Country': 'FRA'};181337130;False;GROUPEMENT D'INTERET PUBLIC FORMATION CONTINUE ET INSERSION PROFESSIONNELLE ACADEMIE D'AIX MARSEILLE;GROUPEMENT D'INTERET PUBLIC FORMATION CONTINUE ET INSERSION PROFESSIONNELLE ACADEMIE D'AIX MARSEILLE;2026-09-23;{'StreetName': 'Hotel de Région', 'AdditionalStreetName': '27 Place Jules Guesde', 'CityName': 'Marseille', 'PostalZone': '13481', 'Country': 'FRA'};231300021;False;REGION PROVENCE-ALPES-COTE D'AZUR;Région Provence-Alpes-Côte d'Azur;;;services;"[""Valeur technique de l'offre"", 'Prix']";['technique', 'prix'];[70.0, 30.0];;False;;True;;sans remise en concurrence;Le marché est susceptible de bénéficier d'un cofinancement européen;26-91457;;3089520.0;;LOT-0035;80530000;148000000.0;65;1.0;;Achat d'actions de formation pour la mise en oeuvre du programme régional de formations « Compétences clés » pour la période 2027-2030;ouverte;2025-0917;3.0;;;False;False;False;;7230;Région ;5 000  à  9 999;False;1982-01-01;84.11Z;2008;7410.0;Groupement d'intérêt public (GIP) ;20  à  49;<NA>;<NA>;2008;P;85;85.5;85.59;85.59A;2002-09-06;(43.493747, 5.349073);Aix-en-Provence;Bouches-du-Rhône;Provence-Alpes-Côte d'Azur;(50.573518, 3.053529);Templemars;Nord;Hauts-de-France;;;;;;;;
False;['80530000', '80500000'];;True;True;False;attribue;{'StreetName': '860 Rue Rene Descartes', 'AdditionalStreetName': None, 'CityName': 'Aix-En-Provence', 'PostalZone': '13080', 'Country': 'FRA'};181337130;False;GROUPEMENT D'INTERET PUBLIC FORMATION CONTINUE ET INSERSION PROFESSIONNELLE ACADEMIE D'AIX MARSEILLE;GROUPEMENT D'INTERET PUBLIC FORMATION CONTINUE ET INSERSION PROFESSIONNELLE ACADEMIE D'AIX MARSEILLE;2026-09-23;{'StreetName': 'Hotel de Région', 'AdditionalStreetName': '27 Place Jules Guesde', 'CityName': 'Marseille', 'PostalZone': '13481', 'Country': 'FRA'};231300021;False;REGION PROVENCE-ALPES-COTE D'AZUR;Région Provence-Alpes-Côte d'Azur;;;services;"[""Valeur technique de l'offre"", 'Prix']";['technique', 'prix'];[70.0, 30.0];;False;;True;;sans remise en concurrence;Le marché est susceptible de bénéficier d'un cofinancement européen;26-91457;;4423470.0;;LOT-0036;80530000;148000000.0;65;1.0;;Achat d'actions de formation pour la mise en oeuvre du programme régional de formations « Compétences clés » pour la période 2027-2030;ouverte;2025-0917;3.0;;;False;False;False;;7230;Région ;5 000  à  9 999;False;1982-01-01;84.11Z;2008;7410.0;Groupement d'intérêt public (GIP) ;20  à  49;<NA>;<NA>;2008;P;85;85.5;85.59;85.59A;2002-09-06;(43.493747, 5.349073);Aix-en-Provence;Bouches-du-Rhône;Provence-Alpes-Côte d'Azur;(50.573518, 3.053529);Templemars;Nord;Hauts-de-France;;;;;;;;
False;['80530000', '80500000'];;True;True;False;attribue;{'StreetName': 'Pl De Verdun', 'AdditionalStreetName': None, 'CityName': 'Gap', 'PostalZone': '05000', 'Country': 'FRA'};190500066;False;LYCEE GENERAL ET TECHNOLOGIQUE DOMINIQUE VILLARS;GRETA CFA Alpes Provence - LYCEE GENERAL ET TECHNOLOGIQUE DOMINIQUE VILLARS;2026-09-23;{'StreetName': 'Hotel de Région', 'AdditionalStreetName': '27 Place Jules Guesde', 'CityName': 'Marseille', 'PostalZone': '13481', 'Country': 'FRA'};231300021;False;REGION PROVENCE-ALPES-COTE D'AZUR;Région Provence-Alpes-Côte d'Azur;;;services;"[""Valeur technique de l'offre"", 'Prix']";['technique', 'prix'];[70.0, 30.0];;False;;True;;sans remise en concurrence;Le marché est susceptible de bénéficier d'un cofinancement européen;26-91457;;869000.0;;LOT-0037;80530000;148000000.0;65;1.0;;Achat d'actions de formation pour la mise en oeuvre du programme régional de formations « Compétences clés » pour la période 2027-2030;ouverte;2025-0917;3.0;;;False;False;False;;7230;Région ;5 000  à  9 999;False;1982-01-01;84.11Z;2008;7331.0;Établissement public local d'enseignement ;500  à  999;False;<NA>;2008;P;85;85.3;85.31;85.31Z;1965-05-01;(44.570967, 6.097872);Gap;Hautes-Alpes;Provence-Alpes-Côte d'Azur;(50.573518, 3.053529);Templemars;Nord;Hauts-de-France;;;;;;;;
False;['80530000', '80500000'];;True;True;False;attribue;{'StreetName': '53 Av Cap De Croix', 'AdditionalStreetName': None, 'CityName': 'Nice', 'PostalZone': '06000', 'Country': 'FRA'};180619199;False;GIP FORMATION ET INSERTION PROFESSIONNELLE DE L ACADEMIE DE NICE;GIP FORMATION ET INSERTION PROFESSIONNELLE DE L ACADEMIE DE NICE;2026-09-23;{'StreetName': 'Hotel de Région', 'AdditionalStreetName': '27 Place Jules Guesde', 'CityName': 'Marseille', 'PostalZone': '13481', 'Country': 'FRA'};231300021;False;REGION PROVENCE-ALPES-COTE D'AZUR;Région Provence-Alpes-Côte d'Azur;;;services;"[""Valeur technique de l'offre"", 'Prix']";['technique', 'prix'];[70.0, 30.0];;False;;True;;sans remise en concurrence;Le marché est susceptible de bénéficier d'un cofinancement européen;26-91457;;2027414.0;;LOT-0038;80530000;148000000.0;65;1.0;;Achat d'actions de formation pour la mise en oeuvre du programme régional de formations « Compétences clés » pour la période 2027-2030;ouverte;2025-0917;3.0;;;False;False;False;;7230;Région ;5 000  à  9 999;False;1982-01-01;84.11Z;2008;7410.0;Groupement d'intérêt public (GIP) ;200  à  249;False;<NA>;2008;P;85;85.5;85.59;85.59A;2002-10-09;(43.695755, 7.260347);Nice;Alpes-Maritimes;Provence-Alpes-Côte d'Azur;(50.573518, 3.053529);Templemars;Nord;Hauts-de-France;;;;;;;;
False;['80530000', '80500000'];;True;True;False;attribue;{'StreetName': '46 Crs Jean Jaures', 'AdditionalStreetName': None, 'CityName': 'Avignon', 'PostalZone': '84000', 'Country': 'FRA'};188400014;False;CHAMBRE COMMERCE ET INDUSTRIE VAUCLUSE;CHAMBRE COMMERCE ET INDUSTRIE VAUCLUSE;2026-09-23;{'StreetName': 'Hotel de Région', 'AdditionalStreetName': '27 Place Jules Guesde', 'CityName': 'Marseille', 'PostalZone': '13481', 'Country': 'FRA'};231300021;False;REGION PROVENCE-ALPES-COTE D'AZUR;Région Provence-Alpes-Côte d'Azur;;;services;"[""Valeur technique de l'offre"", 'Prix']";['technique', 'prix'];[70.0, 30.0];;False;;True;;sans remise en concurrence;Le marché est susceptible de bénéficier d'un cofinancement européen;26-91457;;816060.0;;LOT-0039;80530000;148000000.0;65;2.0;;Achat d'actions de formation pour la mise en oeuvre du programme régional de formations « Compétences clés » pour la période 2027-2030;ouverte;2025-0917;3.0;;;False;False;False;;7230;Région ;5 000  à  9 999;False;1982-01-01;84.11Z;2008;7381.0;Organisme consulaire ;6  à  9;<NA>;<NA>;2008;S;94;94.1;94.11;94.11Z;1983-03-01;(43.943498, 4.805222);Avignon;Vaucluse;Provence-Alpes-Côte d'Azur;(50.573518, 3.053529);Templemars;Nord;Hauts-de-France;;;;;;;;
False;['80530000', '80500000'];;True;True;False;attribue;{'StreetName': 'Av Docteur Victor Robini', 'AdditionalStreetName': None, 'CityName': 'Nice', 'PostalZone': '06000', 'Country': 'FRA'};342384815;False;INST ETUDE INTEGR NOUV TECH TECHNOLOGIES;INST ETUDE INTEGR NOUV TECH TECHNOLOGIES;2026-09-23;{'StreetName': 'Hotel de Région', 'AdditionalStreetName': '27 Place Jules Guesde', 'CityName': 'Marseille', 'PostalZone': '13481', 'Country': 'FRA'};231300021;False;REGION PROVENCE-ALPES-COTE D'AZUR;Région Provence-Alpes-Côte d'Azur;;;services;"[""Valeur technique de l'offre"", 'Prix']";['technique', 'prix'];[70.0, 30.0];;False;;True;;sans remise en concurrence;Le marché est susceptible de bénéficier d'un cofinancement européen;26-91457;;1476715.0;;LOT-0040;80530000;148000000.0;65;2.0;;Achat d'actions de formation pour la mise en oeuvre du programme régional de formations « Compétences clés » pour la période 2027-2030;ouverte;2025-0917;3.0;;;False;False;False;;7230;Région ;5 000  à  9 999;False;1982-01-01;84.11Z;2008;9220.0;Association déclarée ;6  à  9;True;<NA>;2008;P;85;85.5;85.59;85.59A;1987-05-01;(43.68251, 7.200516);Nice;Alpes-Maritimes;Provence-Alpes-Côte d'Azur;(50.573518, 3.053529);Templemars;Nord;Hauts-de-France;;;;;;;;
False;['80530000', '80500000'];;True;True;False;attribue;{'StreetName': '48 Av Marcel Delprat', 'AdditionalStreetName': None, 'CityName': 'Marseille 13', 'PostalZone': '13013', 'Country': 'FRA'};302382395;False;ASSOCIATION DE FORMATION POUR LA COOPERATION ET LA PROMOTION PROFESSIONNELLE MEDITERRANEENNE;ASSOCIATION DE FORMATION POUR LA COOPERATION ET LA PROMOTION PROFESSIONNELLE MEDITERRANEENNE;2026-09-23;{'StreetName': 'Hotel de Région', 'AdditionalStreetName': '27 Place Jules Guesde', 'CityName': 'Marseille', 'PostalZone': '13481', 'Country': 'FRA'};231300021;False;REGION PROVENCE-ALPES-COTE D'AZUR;Région Provence-Alpes-Côte d'Azur;;;services;"[""Valeur technique de l'offre"", 'Prix']";['technique', 'prix'];[70.0, 30.0];;False;;True;;sans remise en concurrence;Le marché est susceptible de bénéficier d'un cofinancement européen;26-91457;;1970539.0;;LOT-0041;80530000;148000000.0;65;2.0;;Achat d'actions de formation pour la mise en oeuvre du programme régional de formations « Compétences clés » pour la période 2027-2030;ouverte;2025-0917;3.0;;;False;False;False;;7230;Région ;5 000  à  9 999;False;1982-01-01;84.11Z;2008;9220.0;Association déclarée ;100  à  199;True;<NA>;2008;P;85;85.5;85.59;85.59A;1900-01-01;(43.333296, 5.456276);Marseille;Bouches-du-Rhône;Provence-Alpes-Côte d'Azur;(50.573518, 3.053529);Templemars;Nord;Hauts-de-France;;;;;;;;
False;['80530000', '80500000'];;True;True;False;attribue;{'StreetName': '368 Bd Henri Barnier', 'AdditionalStreetName': None, 'CityName': 'Marseille 16', 'PostalZone': '13016', 'Country': 'FRA'};305405045;False;AFTRAL;AFTRAL;2026-09-23;{'StreetName': 'Hotel de Région', 'AdditionalStreetName': '27 Place Jules Guesde', 'CityName': 'Marseille', 'PostalZone': '13481', 'Country': 'FRA'};231300021;False;REGION PROVENCE-ALPES-COTE D'AZUR;Région Provence-Alpes-Côte d'Azur;;;services;"[""Valeur technique de l'offre"", 'Prix']";['technique', 'prix'];[70.0, 30.0];;False;;True;;sans remise en concurrence;Le marché est susceptible de bénéficier d'un cofinancement européen;26-91457;;4398708.0;;LOT-0042;80530000;148000000.0;65;2.0;;Achat d'actions de formation pour la mise en oeuvre du programme régional de formations « Compétences clés » pour la période 2027-2030;ouverte;2025-0917;3.0;;;False;False;False;;7230;Région ;5 000  à  9 999;False;1982-01-01;84.11Z;2008;9220.0;Association déclarée ;2 000  à  4 999;True;<NA>;2008;P;85;85.5;85.59;85.59A;1900-01-01;(43.360675, 5.342508);Marseille;Bouches-du-Rhône;Provence-Alpes-Côte d'Azur;(50.573518, 3.053529);Templemars;Nord;Hauts-de-France;;;;;;;;
False;['80530000', '80500000'];;True;True;False;attribue;{'StreetName': '368 Bd Henri Barnier', 'AdditionalStreetName': None, 'CityName': 'Marseille 16', 'PostalZone': '13016', 'Country': 'FRA'};305405045;False;AFTRAL;AFTRAL;2026-09-23;{'StreetName': 'Hotel de Région', 'AdditionalStreetName': '27 Place Jules Guesde', 'CityName': 'Marseille', 'PostalZone': '13481', 'Country': 'FRA'};231300021;False;REGION PROVENCE-ALPES-COTE D'AZUR;Région Provence-Alpes-Côte d'Azur;;;services;"[""Valeur technique de l'offre"", 'Prix']";['technique', 'prix'];[70.0, 30.0];;False;;True;;sans remise en concurrence;Le marché est susceptible de bénéficier d'un cofinancement européen;26-91457;;434840.0;;LOT-0043;80530000;148000000.0;65;2.0;;Achat d'actions de formation pour la mise en oeuvre du programme régional de formations « Compétences clés » pour la période 2027-2030;ouverte;2025-0917;3.0;;;False;False;False;;7230;Région ;5 000  à  9 999;False;1982-01-01;84.11Z;2008;9220.0;Association déclarée ;2 000  à  4 999;True;<NA>;2008;P;85;85.5;85.59;85.59A;1900-01-01;(43.360675, 5.342508);Marseille;Bouches-du-Rhône;Provence-Alpes-Côte d'Azur;(50.573518, 3.053529);Templemars;Nord;Hauts-de-France;;;;;;;;
False;['80530000', '80500000'];;True;True;False;attribue;{'StreetName': '5 Boulevard Pebre', 'AdditionalStreetName': None, 'CityName': 'Marseille', 'PostalZone': '13008', 'Country': 'FRA'};130020878;False;CHAMBRE DE METIERS ET DE L'ARTISANAT DE REGION PROVENCE-ALPES-COTE D'AZUR;CMA PACA;2026-09-23;{'StreetName': 'Hotel de Région', 'AdditionalStreetName': '27 Place Jules Guesde', 'CityName': 'Marseille', 'PostalZone': '13481', 'Country': 'FRA'};231300021;False;REGION PROVENCE-ALPES-COTE D'AZUR;Région Provence-Alpes-Côte d'Azur;;;services;"[""Valeur technique de l'offre"", 'Prix']";['technique', 'prix'];[70.0, 30.0];;False;;True;;sans remise en concurrence;Le marché est susceptible de bénéficier d'un cofinancement européen;26-91457;;1152708.0;;LOT-0044;80530000;148000000.0;65;2.0;;Achat d'actions de formation pour la mise en oeuvre du programme régional de formations « Compétences clés » pour la période 2027-2030;ouverte;2025-0917;3.0;;;False;False;False;;7230;Région ;5 000  à  9 999;False;1982-01-01;84.11Z;2008;7381.0;Organisme consulaire ;1 000  à  1 999;False;<NA>;2008;S;94;94.1;94.11;94.11Z;2015-07-01;(43.266483, 5.384496);Marseille;Bouches-du-Rhône;Provence-Alpes-Côte d'Azur;(50.573518, 3.053529);Templemars;Nord;Hauts-de-France;;;;;;;;
False;['80530000', '80500000'];;True;True;False;attribue;{'StreetName': '368 Bd Henri Barnier', 'AdditionalStreetName': None, 'CityName': 'Marseille 16', 'PostalZone': '13016', 'Country': 'FRA'};305405045;False;AFTRAL;AFTRAL;2026-09-23;{'StreetName': 'Hotel de Région', 'AdditionalStreetName': '27 Place Jules Guesde', 'CityName': 'Marseille', 'PostalZone': '13481', 'Country': 'FRA'};231300021;False;REGION PROVENCE-ALPES-COTE D'AZUR;Région Provence-Alpes-Côte d'Azur;;;services;"[""Valeur technique de l'offre"", 'Prix']";['technique', 'prix'];[70.0, 30.0];;False;;True;;sans remise en concurrence;Le marché est susceptible de bénéficier d'un cofinancement européen;26-91457;;919400.0;;LOT-0045;80530000;148000000.0;65;2.0;;Achat d'actions de formation pour la mise en oeuvre du programme régional de formations « Compétences clés » pour la période 2027-2030;ouverte;2025-0917;3.0;;;False;False;False;;7230;Région ;5 000  à  9 999;False;1982-01-01;84.11Z;2008;9220.0;Association déclarée ;2 000  à  4 999;True;<NA>;2008;P;85;85.5;85.59;85.59A;1900-01-01;(43.360675, 5.342508);Marseille;Bouches-du-Rhône;Provence-Alpes-Côte d'Azur;(50.573518, 3.053529);Templemars;Nord;Hauts-de-France;;;;;;;;
False;['80530000', '80500000'];;True;True;False;attribue;{'StreetName': '14 Tra Du Canoubier', 'AdditionalStreetName': None, 'CityName': 'Marseille 7', 'PostalZone': '13007', 'Country': 'FRA'};789791464;False;CEVA LOGISTICS GROUND & RAIL FRANCE;La Plateforme Formation;2026-09-23;{'StreetName': 'Hotel de Région', 'AdditionalStreetName': '27 Place Jules Guesde', 'CityName': 'Marseille', 'PostalZone': '13481', 'Country': 'FRA'};231300021;False;REGION PROVENCE-ALPES-COTE D'AZUR;Région Provence-Alpes-Côte d'Azur;;;services;"[""Valeur technique de l'offre"", 'Prix']";['technique', 'prix'];[70.0, 30.0];;False;;True;;sans remise en concurrence;Le marché est susceptible de bénéficier d'un cofinancement européen;26-91457;;386240.0;;LOT-0046;80530000;148000000.0;65;6.0;;Achat d'actions de formation pour la mise en oeuvre du programme régional de formations « Compétences clés » pour la période 2027-2030;ouverte;2025-0917;3.0;;;False;False;False;;7230;Région ;5 000  à  9 999;False;1982-01-01;84.11Z;2008;5710.0;SAS, société par actions simplifiée;2 000  à  4 999;False;<NA>;2008;H;52;52.2;52.29;52.29B;2012-12-04;(43.284254, 5.353452);Marseille;Bouches-du-Rhône;Provence-Alpes-Côte d'Azur;(50.573518, 3.053529);Templemars;Nord;Hauts-de-France;;;;;;;;
False;['80530000', '80500000'];;True;True;False;attribue;{'StreetName': '14 Tra Du Canoubier', 'AdditionalStreetName': None, 'CityName': 'Marseille 7', 'PostalZone': '13007', 'Country': 'FRA'};789791464;False;CEVA LOGISTICS GROUND & RAIL FRANCE;La Plateforme Formation;2026-09-23;{'StreetName': 'Hotel de Région', 'AdditionalStreetName': '27 Place Jules Guesde', 'CityName': 'Marseille', 'PostalZone': '13481', 'Country': 'FRA'};231300021;False;REGION PROVENCE-ALPES-COTE D'AZUR;Région Provence-Alpes-Côte d'Azur;;;services;"[""Valeur technique de l'offre"", 'Prix']";['technique', 'prix'];[70.0, 30.0];;False;;True;;sans remise en concurrence;Le marché est susceptible de bénéficier d'un cofinancement européen;26-91457;;422800.0;;LOT-0047;80530000;148000000.0;65;4.0;;Achat d'actions de formation pour la mise en oeuvre du programme régional de formations « Compétences clés » pour la période 2027-2030;ouverte;2025-0917;3.0;;;False;False;False;;7230;Région ;5 000  à  9 999;False;1982-01-01;84.11Z;2008;5710.0;SAS, société par actions simplifiée;2 000  à  4 999;False;<NA>;2008;H;52;52.2;52.29;52.29B;2012-12-04;(43.284254, 5.353452);Marseille;Bouches-du-Rhône;Provence-Alpes-Côte d'Azur;(50.573518, 3.053529);Templemars;Nord;Hauts-de-France;;;;;;;;
False;['80530000', '80500000'];;True;True;False;attribue;{'StreetName': '14 Tra Du Canoubier', 'AdditionalStreetName': None, 'CityName': 'Marseille 7', 'PostalZone': '13007', 'Country': 'FRA'};789791464;False;CEVA LOGISTICS GROUND & RAIL FRANCE;La Plateforme Formation;2026-09-23;{'StreetName': 'Hotel de Région', 'AdditionalStreetName': '27 Place Jules Guesde', 'CityName': 'Marseille', 'PostalZone': '13481', 'Country': 'FRA'};231300021;False;REGION PROVENCE-ALPES-COTE D'AZUR;Région Provence-Alpes-Côte d'Azur;;;services;"[""Valeur technique de l'offre"", 'Prix']";['technique', 'prix'];[70.0, 30.0];;False;;True;;sans remise en concurrence;Le marché est susceptible de bénéficier d'un cofinancement européen;26-91457;;1307510.0;;LOT-0048;80530000;148000000.0;65;4.0;;Achat d'actions de formation pour la mise en oeuvre du programme régional de formations « Compétences clés » pour la période 2027-2030;ouverte;2025-0917;3.0;;;False;False;False;;7230;Région ;5 000  à  9 999;False;1982-01-01;84.11Z;2008;5710.0;SAS, société par actions simplifiée;2 000  à  4 999;False;<NA>;2008;H;52;52.2;52.29;52.29B;2012-12-04;(43.284254, 5.353452);Marseille;Bouches-du-Rhône;Provence-Alpes-Côte d'Azur;(50.573518, 3.053529);Templemars;Nord;Hauts-de-France;;;;;;;;
False;['80530000', '80500000'];;True;True;False;attribue;{'StreetName': 'Pl De Verdun', 'AdditionalStreetName': None, 'CityName': 'Gap', 'PostalZone': '05000', 'Country': 'FRA'};190500066;False;LYCEE GENERAL ET TECHNOLOGIQUE DOMINIQUE VILLARS;GRETA CFA Alpes Provence - LYCEE GENERAL ET TECHNOLOGIQUE DOMINIQUE VILLARS;2026-09-23;{'StreetName': 'Hotel de Région', 'AdditionalStreetName': '27 Place Jules Guesde', 'CityName': 'Marseille', 'PostalZone': '13481', 'Country': 'FRA'};231300021;False;REGION PROVENCE-ALPES-COTE D'AZUR;Région Provence-Alpes-Côte d'Azur;;;services;"[""Valeur technique de l'offre"", 'Prix']";['technique', 'prix'];[70.0, 30.0];;False;;True;;sans remise en concurrence;Le marché est susceptible de bénéficier d'un cofinancement européen;26-91457;;189600.0;;LOT-0049;80530000;148000000.0;65;4.0;;Achat d'actions de formation pour la mise en oeuvre du programme régional de formations « Compétences clés » pour la période 2027-2030;ouverte;2025-0917;3.0;;;False;False;False;;7230;Région ;5 000  à  9 999;False;1982-01-01;84.11Z;2008;7331.0;Établissement public local d'enseignement ;500  à  999;False;<NA>;2008;P;85;85.3;85.31;85.31Z;1965-05-01;(44.570967, 6.097872);Gap;Hautes-Alpes;Provence-Alpes-Côte d'Azur;(50.573518, 3.053529);Templemars;Nord;Hauts-de-France;;;;;;;;
False;['80530000', '80500000'];;True;True;False;attribue;{'StreetName': '14 Tra Du Canoubier', 'AdditionalStreetName': None, 'CityName': 'Marseille 7', 'PostalZone': '13007', 'Country': 'FRA'};789791464;False;CEVA LOGISTICS GROUND & RAIL FRANCE;La Plateforme Formation;2026-09-23;{'StreetName': 'Hotel de Région', 'AdditionalStreetName': '27 Place Jules Guesde', 'CityName': 'Marseille', 'PostalZone': '13481', 'Country': 'FRA'};231300021;False;REGION PROVENCE-ALPES-COTE D'AZUR;Région Provence-Alpes-Côte d'Azur;;;services;"[""Valeur technique de l'offre"", 'Prix']";['technique', 'prix'];[70.0, 30.0];;False;;True;;sans remise en concurrence;Le marché est susceptible de bénéficier d'un cofinancement européen;26-91457;;734400.0;;LOT-0050;80530000;148000000.0;65;4.0;;Achat d'actions de formation pour la mise en oeuvre du programme régional de formations « Compétences clés » pour la période 2027-2030;ouverte;2025-0917;3.0;;;False;False;False;;7230;Région ;5 000  à  9 999;False;1982-01-01;84.11Z;2008;5710.0;SAS, société par actions simplifiée;2 000  à  4 999;False;<NA>;2008;H;52;52.2;52.29;52.29B;2012-12-04;(43.284254, 5.353452);Marseille;Bouches-du-Rhône;Provence-Alpes-Côte d'Azur;(50.573518, 3.053529);Templemars;Nord;Hauts-de-France;;;;;;;;
False;['80530000', '80500000'];;True;True;False;attribue;{'StreetName': '146 Rue De Picpus', 'AdditionalStreetName': None, 'CityName': 'Paris 12', 'PostalZone': '75012', 'Country': 'FRA'};393367867;False;M2I SCRIBTEL;M2i SCRIBTEL;2026-09-23;{'StreetName': 'Hotel de Région', 'AdditionalStreetName': '27 Place Jules Guesde', 'CityName': 'Marseille', 'PostalZone': '13481', 'Country': 'FRA'};231300021;False;REGION PROVENCE-ALPES-COTE D'AZUR;Région Provence-Alpes-Côte d'Azur;;;services;"[""Valeur technique de l'offre"", 'Prix']";['technique', 'prix'];[70.0, 30.0];;False;;True;;sans remise en concurrence;Le marché est susceptible de bénéficier d'un cofinancement européen;26-91457;;743146.0;;LOT-0051;80530000;148000000.0;65;3.0;;Achat d'actions de formation pour la mise en oeuvre du programme régional de formations « Compétences clés » pour la période 2027-2030;ouverte;2025-0917;3.0;;;False;False;False;;7230;Région ;5 000  à  9 999;False;1982-01-01;84.11Z;2008;5499.0;Société à responsabilité limitée (sans autre indication);20  à  49;False;<NA>;2008;P;85;85.5;85.59;85.59A;1993-12-15;(48.835577, 2.403288);Paris;Paris;Île-de-France;(50.573518, 3.053529);Templemars;Nord;Hauts-de-France;;;;;;;;
False;['80530000', '80500000'];;True;True;False;attribue;{'StreetName': '3 Rue De La Republique', 'AdditionalStreetName': None, 'CityName': 'Marseille 2', 'PostalZone': '13002', 'Country': 'FRA'};782883854;False;ASSOCIATION POUR LE CONSEIL EN ORIENTATION PROFESSIONNELLE, L'ACCOMPAGNEMENT ET LE DEVELOPPEMENT;ASSOCIATION POUR LE CONSEIL EN ORIENTATION PROFESSIONNELLE, L'ACCOMPAGNEMENT ET LE DEVELOPPEMENT;2026-09-23;{'StreetName': 'Hotel de Région', 'AdditionalStreetName': '27 Place Jules Guesde', 'CityName': 'Marseille', 'PostalZone': '13481', 'Country': 'FRA'};231300021;False;REGION PROVENCE-ALPES-COTE D'AZUR;Région Provence-Alpes-Côte d'Azur;;;services;"[""Valeur technique de l'offre"", 'Prix']";['technique', 'prix'];[70.0, 30.0];;False;;True;;sans remise en concurrence;Le marché est susceptible de bénéficier d'un cofinancement européen;26-91457;;345483.0;;LOT-0052;80530000;148000000.0;65;6.0;;Achat d'actions de formation pour la mise en oeuvre du programme régional de formations « Compétences clés » pour la période 2027-2030;ouverte;2025-0917;3.0;;;False;False;False;;7230;Région ;5 000  à  9 999;False;1982-01-01;84.11Z;2008;9220.0;Association déclarée ;100  à  199;True;<NA>;2008;P;85;85.5;85.59;85.59B;1900-01-01;(43.296623, 5.37368);Marseille;Bouches-du-Rhône;Provence-Alpes-Côte d'Azur;(50.573518, 3.053529);Templemars;Nord;Hauts-de-France;;;;;;;;
False;['80530000', '80500000'];;True;True;False;attribue;{'StreetName': '56 Av Des Chutes Lavie', 'AdditionalStreetName': None, 'CityName': 'Marseille 4', 'PostalZone': '13004', 'Country': 'FRA'};387493513;False;ASSOCIATION POUR L'EDUCATION COGNITIVE ET LE DEVELOPPEMENT (AECD);ASSOC EDUCAT COGNITIVE ET DEVELOPPEMENT;2026-09-23;{'StreetName': 'Hotel de Région', 'AdditionalStreetName': '27 Place Jules Guesde', 'CityName': 'Marseille', 'PostalZone': '13481', 'Country': 'FRA'};231300021;False;REGION PROVENCE-ALPES-COTE D'AZUR;Région Provence-Alpes-Côte d'Azur;;;services;"[""Valeur technique de l'offre"", 'Prix']";['technique', 'prix'];[70.0, 30.0];;False;;True;;sans remise en concurrence;Le marché est susceptible de bénéficier d'un cofinancement européen;26-91457;;966484.0;;LOT-0053;80530000;148000000.0;65;7.0;;Achat d'actions de formation pour la mise en oeuvre du programme régional de formations « Compétences clés » pour la période 2027-2030;ouverte;2025-0917;3.0;;;False;False;False;;7230;Région ;5 000  à  9 999;False;1982-01-01;84.11Z;2008;9220.0;Association déclarée ;250  à  499;True;<NA>;2008;P;85;85.5;85.59;85.59A;1991-10-23;(43.312425, 5.396408);Marseille;Bouches-du-Rhône;Provence-Alpes-Côte d'Azur;(50.573518, 3.053529);Templemars;Nord;Hauts-de-France;;;;;;;;
False;['80530000', '80500000'];;True;True;False;attribue;{'StreetName': 'Pl De Verdun', 'AdditionalStreetName': None, 'CityName': 'Gap', 'PostalZone': '05000', 'Country': 'FRA'};190500066;False;LYCEE GENERAL ET TECHNOLOGIQUE DOMINIQUE VILLARS;GRETA CFA Alpes Provence - LYCEE GENERAL ET TECHNOLOGIQUE DOMINIQUE VILLARS;2026-09-23;{'StreetName': 'Hotel de Région', 'AdditionalStreetName': '27 Place Jules Guesde', 'CityName': 'Marseille', 'PostalZone': '13481', 'Country': 'FRA'};231300021;False;REGION PROVENCE-ALPES-COTE D'AZUR;Région Provence-Alpes-Côte d'Azur;;;services;"[""Valeur technique de l'offre"", 'Prix']";['technique', 'prix'];[70.0, 30.0];;False;;True;;sans remise en concurrence;Le marché est susceptible de bénéficier d'un cofinancement européen;26-91457;;365400.0;;LOT-0054;80530000;148000000.0;65;3.0;;Achat d'actions de formation pour la mise en oeuvre du programme régional de formations « Compétences clés » pour la période 2027-2030;ouverte;2025-0917;3.0;;;False;False;False;;7230;Région ;5 000  à  9 999;False;1982-01-01;84.11Z;2008;7331.0;Établissement public local d'enseignement ;500  à  999;False;<NA>;2008;P;85;85.3;85.31;85.31Z;1965-05-01;(44.570967, 6.097872);Gap;Hautes-Alpes;Provence-Alpes-Côte d'Azur;(50.573518, 3.053529);Templemars;Nord;Hauts-de-France;;;;;;;;
False;['80530000', '80500000'];;True;True;False;attribue;{'StreetName': '21 Rue Saint Eloi', 'AdditionalStreetName': None, 'CityName': 'Marseille 10', 'PostalZone': '13010', 'Country': 'FRA'};412961559;False;SIGMA GRAPHIC;SIGMA FORMATION;2026-09-23;{'StreetName': 'Hotel de Région', 'AdditionalStreetName': '27 Place Jules Guesde', 'CityName': 'Marseille', 'PostalZone': '13481', 'Country': 'FRA'};231300021;False;REGION PROVENCE-ALPES-COTE D'AZUR;Région Provence-Alpes-Côte d'Azur;;;services;"[""Valeur technique de l'offre"", 'Prix']";['technique', 'prix'];[70.0, 30.0];;False;;True;;sans remise en concurrence;Le marché est susceptible de bénéficier d'un cofinancement européen;26-91457;;497434.0;;LOT-0055;80530000;148000000.0;65;7.0;;Achat d'actions de formation pour la mise en oeuvre du programme régional de formations « Compétences clés » pour la période 2027-2030;ouverte;2025-0917;3.0;;;False;False;False;;7230;Région ;5 000  à  9 999;False;1982-01-01;84.11Z;2008;5499.0;Société à responsabilité limitée (sans autre indication);1  ou  2;<NA>;<NA>;2008;G;46;46.9;46.9;46.90Z;1997-07-01;(43.28374, 5.39385);Marseille;Bouches-du-Rhône;Provence-Alpes-Côte d'Azur;(50.573518, 3.053529);Templemars;Nord;Hauts-de-France;;;;;;;;
False;['80530000', '80500000'];;True;True;False;attribue;{'StreetName': '56 Av Des Chutes Lavie', 'AdditionalStreetName': None, 'CityName': 'Marseille 4', 'PostalZone': '13004', 'Country': 'FRA'};387493513;False;ASSOCIATION POUR L'EDUCATION COGNITIVE ET LE DEVELOPPEMENT (AECD);ASSOC EDUCAT COGNITIVE ET DEVELOPPEMENT;2026-09-23;{'StreetName': 'Hotel de Région', 'AdditionalStreetName': '27 Place Jules Guesde', 'CityName': 'Marseille', 'PostalZone': '13481', 'Country': 'FRA'};231300021;False;REGION PROVENCE-ALPES-COTE D'AZUR;Région Provence-Alpes-Côte d'Azur;;;services;"[""Valeur technique de l'offre"", 'Prix']";['technique', 'prix'];[70.0, 30.0];;False;;True;;sans remise en concurrence;Le marché est susceptible de bénéficier d'un cofinancement européen;26-91457;;434360.0;;LOT-0056;80530000;148000000.0;65;6.0;;Achat d'actions de formation pour la mise en oeuvre du programme régional de formations « Compétences clés » pour la période 2027-2030;ouverte;2025-0917;3.0;;;False;False;False;;7230;Région ;5 000  à  9 999;False;1982-01-01;84.11Z;2008;9220.0;Association déclarée ;250  à  499;True;<NA>;2008;P;85;85.5;85.59;85.59A;1991-10-23;(43.312425, 5.396408);Marseille;Bouches-du-Rhône;Provence-Alpes-Côte d'Azur;(50.573518, 3.053529);Templemars;Nord;Hauts-de-France;;;;;;;;
False;['80530000', '80500000'];;True;True;False;attribue;{'StreetName': '53 Av Cap De Croix', 'AdditionalStreetName': None, 'CityName': 'Nice', 'PostalZone': '06000', 'Country': 'FRA'};180619199;False;GIP FORMATION ET INSERTION PROFESSIONNELLE DE L ACADEMIE DE NICE;GIP FORMATION ET INSERTION PROFESSIONNELLE DE L ACADEMIE DE NICE;2026-09-23;{'StreetName': 'Hotel de Région', 'AdditionalStreetName': '27 Place Jules Guesde', 'CityName': 'Marseille', 'PostalZone': '13481', 'Country': 'FRA'};231300021;False;REGION PROVENCE-ALPES-COTE D'AZUR;Région Provence-Alpes-Côte d'Azur;;;services;"[""Valeur technique de l'offre"", 'Prix']";['technique', 'prix'];[70.0, 30.0];;False;;True;;sans remise en concurrence;Le marché est susceptible de bénéficier d'un cofinancement européen;26-91457;;169750.0;;LOT-0057;80530000;148000000.0;65;3.0;;Achat d'actions de formation pour la mise en oeuvre du programme régional de formations « Compétences clés » pour la période 2027-2030;ouverte;2025-0917;3.0;;;False;False;False;;7230;Région ;5 000  à  9 999;False;1982-01-01;84.11Z;2008;7410.0;Groupement d'intérêt public (GIP) ;200  à  249;False;<NA>;2008;P;85;85.5;85.59;85.59A;2002-10-09;(43.695755, 7.260347);Nice;Alpes-Maritimes;Provence-Alpes-Côte d'Azur;(50.573518, 3.053529);Templemars;Nord;Hauts-de-France;;;;;;;;
False;['80530000', '80500000'];;True;True;False;attribue;{'StreetName': '860 Rue Rene Descartes', 'AdditionalStreetName': None, 'CityName': 'Aix-En-Provence', 'PostalZone': '13080', 'Country': 'FRA'};181337130;False;GROUPEMENT D'INTERET PUBLIC FORMATION CONTINUE ET INSERSION PROFESSIONNELLE ACADEMIE D'AIX MARSEILLE;GROUPEMENT D'INTERET PUBLIC FORMATION CONTINUE ET INSERSION PROFESSIONNELLE ACADEMIE D'AIX MARSEILLE;2026-09-23;{'StreetName': 'Hotel de Région', 'AdditionalStreetName': '27 Place Jules Guesde', 'CityName': 'Marseille', 'PostalZone': '13481', 'Country': 'FRA'};231300021;False;REGION PROVENCE-ALPES-COTE D'AZUR;Région Provence-Alpes-Côte d'Azur;;;services;"[""Valeur technique de l'offre"", 'Prix']";['technique', 'prix'];[70.0, 30.0];;False;;True;;sans remise en concurrence;Le marché est susceptible de bénéficier d'un cofinancement européen;26-91457;;541555.0;;LOT-0058;80530000;148000000.0;65;4.0;;Achat d'actions de formation pour la mise en oeuvre du programme régional de formations « Compétences clés » pour la période 2027-2030;ouverte;2025-0917;3.0;;;False;False;False;;7230;Région ;5 000  à  9 999;False;1982-01-01;84.11Z;2008;7410.0;Groupement d'intérêt public (GIP) ;20  à  49;<NA>;<NA>;2008;P;85;85.5;85.59;85.59A;2002-09-06;(43.493747, 5.349073);Aix-en-Provence;Bouches-du-Rhône;Provence-Alpes-Côte d'Azur;(50.573518, 3.053529);Templemars;Nord;Hauts-de-France;;;;;;;;
False;['80530000', '80500000'];;True;True;False;attribue;{'StreetName': '53 Av Cap De Croix', 'AdditionalStreetName': None, 'CityName': 'Nice', 'PostalZone': '06000', 'Country': 'FRA'};180619199;False;GIP FORMATION ET INSERTION PROFESSIONNELLE DE L ACADEMIE DE NICE;GIP FORMATION ET INSERTION PROFESSIONNELLE DE L ACADEMIE DE NICE;2026-09-23;{'StreetName': 'Hotel de Région', 'AdditionalStreetName': '27 Place Jules Guesde', 'CityName': 'Marseille', 'PostalZone': '13481', 'Country': 'FRA'};231300021;False;REGION PROVENCE-ALPES-COTE D'AZUR;Région Provence-Alpes-Côte d'Azur;;;services;"[""Valeur technique de l'offre"", 'Prix']";['technique', 'prix'];[70.0, 30.0];;False;;True;;sans remise en concurrence;Le marché est susceptible de bénéficier d'un cofinancement européen;26-91457;;277550.0;;LOT-0059;80530000;148000000.0;65;2.0;;Achat d'actions de formation pour la mise en oeuvre du programme régional de formations « Compétences clés » pour la période 2027-2030;ouverte;2025-0917;3.0;;;False;False;False;;7230;Région ;5 000  à  9 999;False;1982-01-01;84.11Z;2008;7410.0;Groupement d'intérêt public (GIP) ;200  à  249;False;<NA>;2008;P;85;85.5;85.59;85.59A;2002-10-09;(43.695755, 7.260347);Nice;Alpes-Maritimes;Provence-Alpes-Côte d'Azur;(50.573518, 3.053529);Templemars;Nord;Hauts-de-France;;;;;;;;
False;['80530000', '80500000'];;True;True;False;attribue;{'StreetName': '56 Av Des Chutes Lavie', 'AdditionalStreetName': None, 'CityName': 'Marseille 4', 'PostalZone': '13004', 'Country': 'FRA'};387493513;False;ASSOCIATION POUR L'EDUCATION COGNITIVE ET LE DEVELOPPEMENT (AECD);ASSOC EDUCAT COGNITIVE ET DEVELOPPEMENT;2026-09-23;{'StreetName': 'Hotel de Région', 'AdditionalStreetName': '27 Place Jules Guesde', 'CityName': 'Marseille', 'PostalZone': '13481', 'Country': 'FRA'};231300021;False;REGION PROVENCE-ALPES-COTE D'AZUR;Région Provence-Alpes-Côte d'Azur;;;services;"[""Valeur technique de l'offre"", 'Prix']";['technique', 'prix'];[70.0, 30.0];;False;;True;;sans remise en concurrence;Le marché est susceptible de bénéficier d'un cofinancement européen;26-91457;;410760.0;;LOT-0060;80530000;148000000.0;65;6.0;;Achat d'actions de formation pour la mise en oeuvre du programme régional de formations « Compétences clés » pour la période 2027-2030;ouverte;2025-0917;3.0;;;False;False;False;;7230;Région ;5 000  à  9 999;False;1982-01-01;84.11Z;2008;9220.0;Association déclarée ;250  à  499;True;<NA>;2008;P;85;85.5;85.59;85.59A;1991-10-23;(43.312425, 5.396408);Marseille;Bouches-du-Rhône;Provence-Alpes-Côte d'Azur;(50.573518, 3.053529);Templemars;Nord;Hauts-de-France;;;;;;;;
False;['80530000', '80500000'];;True;True;False;attribue;{'StreetName': '233 Av Du Mistral', 'AdditionalStreetName': None, 'CityName': 'La Ciotat', 'PostalZone': '13600', 'Country': 'FRA'};752147330;False;SONNEDIX FRANCE SERVICES;ATHELIA INSTITUT DE FORMATION CONSEILS ET PERFORMANCE;2026-09-23;{'StreetName': 'Hotel de Région', 'AdditionalStreetName': '27 Place Jules Guesde', 'CityName': 'Marseille', 'PostalZone': '13481', 'Country': 'FRA'};231300021;False;REGION PROVENCE-ALPES-COTE D'AZUR;Région Provence-Alpes-Côte d'Azur;;;services;"[""Valeur technique de l'offre"", 'Prix']";['technique', 'prix'];[70.0, 30.0];;False;;True;;sans remise en concurrence;Le marché est susceptible de bénéficier d'un cofinancement européen;26-91457;;597181.0;;LOT-0061;80530000;148000000.0;65;3.0;;Achat d'actions de formation pour la mise en oeuvre du programme régional de formations « Compétences clés » pour la période 2027-2030;ouverte;2025-0917;3.0;;;False;False;False;;7230;Région ;5 000  à  9 999;False;1982-01-01;84.11Z;2008;5710.0;SAS, société par actions simplifiée;20  à  49;True;<NA>;2008;D;35;35.1;35.11;35.11Z;2012-05-21;(43.208295, 5.599137);La Ciotat;Bouches-du-Rhône;Provence-Alpes-Côte d'Azur;(50.573518, 3.053529);Templemars;Nord;Hauts-de-France;;;;;;;;
False;['80530000', '80500000'];;True;True;False;attribue;{'StreetName': '93 Av De Montolivet', 'AdditionalStreetName': None, 'CityName': 'Marseille 4', 'PostalZone': '13004', 'Country': 'FRA'};518324348;False;PERFORMANCE MEDITERRANEE;Performance Méditerranée;2026-09-23;{'StreetName': 'Hotel de Région', 'AdditionalStreetName': '27 Place Jules Guesde', 'CityName': 'Marseille', 'PostalZone': '13481', 'Country': 'FRA'};231300021;False;REGION PROVENCE-ALPES-COTE D'AZUR;Région Provence-Alpes-Côte d'Azur;;;services;"[""Valeur technique de l'offre"", 'Prix']";['technique', 'prix'];[70.0, 30.0];;False;;True;;sans remise en concurrence;Le marché est susceptible de bénéficier d'un cofinancement européen;26-91457;;1667071.0;;LOT-0062;80530000;148000000.0;65;5.0;;Achat d'actions de formation pour la mise en oeuvre du programme régional de formations « Compétences clés » pour la période 2027-2030;ouverte;2025-0917;3.0;;;False;False;False;;7230;Région ;5 000  à  9 999;False;1982-01-01;84.11Z;2008;5560.0;Autre SA coopérative à conseil d'administration ;10  à  19;False;<NA>;2008;P;85;85.5;85.59;85.59A;2009-11-20;(43.309601, 5.406113);Marseille;Bouches-du-Rhône;Provence-Alpes-Côte d'Azur;(50.573518, 3.053529);Templemars;Nord;Hauts-de-France;;;;;;;;
False;['80530000', '80500000'];;True;True;False;attribue;{'StreetName': '56 Av Des Chutes Lavie', 'AdditionalStreetName': None, 'CityName': 'Marseille 4', 'PostalZone': '13004', 'Country': 'FRA'};387493513;False;ASSOCIATION POUR L'EDUCATION COGNITIVE ET LE DEVELOPPEMENT (AECD);ASSOC EDUCAT COGNITIVE ET DEVELOPPEMENT;2026-09-23;{'StreetName': 'Hotel de Région', 'AdditionalStreetName': '27 Place Jules Guesde', 'CityName': 'Marseille', 'PostalZone': '13481', 'Country': 'FRA'};231300021;False;REGION PROVENCE-ALPES-COTE D'AZUR;Région Provence-Alpes-Côte d'Azur;;;services;"[""Valeur technique de l'offre"", 'Prix']";['technique', 'prix'];[70.0, 30.0];;False;;True;;sans remise en concurrence;Le marché est susceptible de bénéficier d'un cofinancement européen;26-91457;;442684.0;;LOT-0063;80530000;148000000.0;65;5.0;;Achat d'actions de formation pour la mise en oeuvre du programme régional de formations « Compétences clés » pour la période 2027-2030;ouverte;2025-0917;3.0;;;False;False;False;;7230;Région ;5 000  à  9 999;False;1982-01-01;84.11Z;2008;9220.0;Association déclarée ;250  à  499;True;<NA>;2008;P;85;85.5;85.59;85.59A;1991-10-23;(43.312425, 5.396408);Marseille;Bouches-du-Rhône;Provence-Alpes-Côte d'Azur;(50.573518, 3.053529);Templemars;Nord;Hauts-de-France;;;;;;;;
False;['80530000', '80500000'];;True;True;False;attribue;{'StreetName': '21 Rue Saint Eloi', 'AdditionalStreetName': None, 'CityName': 'Marseille 10', 'PostalZone': '13010', 'Country': 'FRA'};412961559;False;SIGMA GRAPHIC;SIGMA FORMATION;2026-09-23;{'StreetName': 'Hotel de Région', 'AdditionalStreetName': '27 Place Jules Guesde', 'CityName': 'Marseille', 'PostalZone': '13481', 'Country': 'FRA'};231300021;False;REGION PROVENCE-ALPES-COTE D'AZUR;Région Provence-Alpes-Côte d'Azur;;;services;"[""Valeur technique de l'offre"", 'Prix']";['technique', 'prix'];[70.0, 30.0];;False;;True;;sans remise en concurrence;Le marché est susceptible de bénéficier d'un cofinancement européen;26-91457;;703777.0;;LOT-0064;80530000;148000000.0;65;8.0;;Achat d'actions de formation pour la mise en oeuvre du programme régional de formations « Compétences clés » pour la période 2027-2030;ouverte;2025-0917;3.0;;;False;False;False;;7230;Région ;5 000  à  9 999;False;1982-01-01;84.11Z;2008;5499.0;Société à responsabilité limitée (sans autre indication);1  ou  2;<NA>;<NA>;2008;G;46;46.9;46.9;46.90Z;1997-07-01;(43.28374, 5.39385);Marseille;Bouches-du-Rhône;Provence-Alpes-Côte d'Azur;(50.573518, 3.053529);Templemars;Nord;Hauts-de-France;;;;;;;;
False;['80530000', '80500000'];;True;True;False;attribue;{'StreetName': '510 Av Du Comtat Venaissin', 'AdditionalStreetName': None, 'CityName': 'Carpentras', 'PostalZone': '84200', 'Country': 'FRA'};324419282;False;INSTITUT NATIONAL DE FORMATION ET DE RECHERCHES SUR L'EDUCATION PERMANENTE INFREP;INSTITUT NATIONAL DE FORMATION ET DE RECHERCHES SUR L'EDUCATION PERMANENTE INFREP;2026-09-23;{'StreetName': 'Hotel de Région', 'AdditionalStreetName': '27 Place Jules Guesde', 'CityName': 'Marseille', 'PostalZone': '13481', 'Country': 'FRA'};231300021;False;REGION PROVENCE-ALPES-COTE D'AZUR;Région Provence-Alpes-Côte d'Azur;;;services;"[""Valeur technique de l'offre"", 'Prix']";['technique', 'prix'];[70.0, 30.0];;False;;True;;sans remise en concurrence;Le marché est susceptible de bénéficier d'un cofinancement européen;26-91457;;222415.0;;LOT-0065;80530000;148000000.0;65;7.0;;Achat d'actions de formation pour la mise en oeuvre du programme régional de formations « Compétences clés » pour la période 2027-2030;ouverte;2025-0917;3.0;;;False;False;False;;7230;Région ;5 000  à  9 999;False;1982-01-01;84.11Z;2008;5710.0;SAS, société par actions simplifiée;250  à  499;False;<NA>;2008;P;85;85.5;85.59;85.59A;1982-03-01;(44.051041, 5.054106);Carpentras;Vaucluse;Provence-Alpes-Côte d'Azur;(50.573518, 3.053529);Templemars;Nord;Hauts-de-France;;;;;;;;
False;;;True;False;False;attribue;{'StreetName': '136 rue de bagnolet', 'AdditionalStreetName': None, 'CityName': 'Paris', 'PostalZone': '75020', 'Country': 'FRA'};504792748;True;COVALENCE;Covalence Architectes;2026-09-23;{'StreetName': '26, rue du Docteur Le Savoureux', 'AdditionalStreetName': None, 'CityName': 'CHÂTENAY-MALABRY', 'PostalZone': '92290', 'Country': 'FRA'};219200193;True;COMMUNE DE CHATENAY MALABRY;Ville de Châtenay-Malabry;;;services;['Prix', 'Valeur technique'];['prix', 'technique'];[40.0, 60.0];;False;200000.0;False;{'StreetName': None, 'CityName': None, 'PostalZone': None, 'NUTS': 'FR105', 'Country': 'FRA'};;;26-91409;;155877.5;200000.0;LOT-0001;71240000;;1;7.0;;Mission de maîtrise d’œuvre pour la rénovation de l’Eglise Saint-Germain l’Auxerrois;ouverte;AO2610;;;;False;False;False;155877.5;7210;Commune et commune nouvelle ;1 000  à  1 999;False;1980-01-01;84.11Z;2008;5710.0;SAS, société par actions simplifiée;20  à  49;False;<NA>;2008;M;71;71.1;71.11;71.11Z;2008-06-18;(48.861191, 2.405429);Paris;Paris;Île-de-France;(48.767173, 2.27757);Châtenay-Malabry;Hauts-de-Seine;Île-de-France;;;;;;;;
False;;;True;False;False;attribue;{'StreetName': '5-7 rue du Grand Champ', 'AdditionalStreetName': None, 'CityName': 'NANTERRE', 'PostalZone': '92000', 'Country': 'FRA'};793861089;True;NANTERRE 92;NANTERRE92;2026-09-23;{'StreetName': '1 Place du 27 mars 2002', 'AdditionalStreetName': None, 'CityName': 'NANTERRE', 'PostalZone': '92000', 'Country': 'FRA'};219200508;True;COMMUNE DE NANTERRE;COMMUNE DE NANTERRE;;2026-09-14+01:00;services;['Le prix sera jugé à partir de la décomposition du prix global et forfaitaire (DPGF) proposée par le candidat'];['prix'];[100];365.0;False;810506.23;False;{'StreetName': 'COMMUNE DE NANTERRE', 'CityName': 'Nanterre', 'PostalZone': '92000', 'NUTS': 'FR105', 'Country': 'FRA'};;;26-91138;;810506.23;;LOT-0001;75310000;;1;1.0;;Prestations pour des actions de communication et l'achat de places de matchs de basket à domicile pour la saison 2026-2027;negociee;MNSP-2026-14;0.0;;;False;False;False;810506.23;7210;Commune et commune nouvelle ;2 000  à  4 999;False;1966-05-01;84.11Z;2008;5710.0;SAS, société par actions simplifiée;20  à  49;False;<NA>;2008;R;93;93.1;93.12;93.12Z;2013-07-01;(48.882991, 2.218194);Nanterre;Hauts-de-Seine;Île-de-France;(48.892222, 2.206936);Nanterre;Hauts-de-Seine;Île-de-France;;;;;;;;
False;;;True;True;False;attribue;{'StreetName': None, 'AdditionalStreetName': None, 'CityName': 'Saint-Jean-de-Maurienne', 'PostalZone': '73300', 'Country': 'FRA'};304994775;True;TRANS-ALPES;Trans-Alpes;2026-09-23;{'StreetName': '101 cours Charlemagne - CS20033', 'AdditionalStreetName': None, 'CityName': 'Lyon cedex 2', 'PostalZone': '69269', 'Country': 'FRA'};200053767;True;REGION AUVERGNE-RHONE-ALPES;Région Auvergne Rhône-Alpes;;;services;['Critère 1 : Le niveau de motorisation du parc de véhicules', 'Critère 2 : Autres formations des conducteurs', 'Critère 3 : La formation des conducteurs à l’écoconduite', 'Critère 4 : Vérification du dernier passager : procédures, moyens, … mis en place', 'Prix'];['qualite', 'qualite', 'qualite', 'qualite', 'prix'];[9.0, 12.0, 7.0, 12.0, 60.0];1440.0;True;;False;{'StreetName': None, 'CityName': None, 'PostalZone': None, 'NUTS': 'FRK27', 'Country': 'FRA'};sans remise en concurrence;;26-91274;;;;LOT-0050;60130000;2218400.0;10;1.0;;AT73 - Transports scolaires 3/3 - 47 lots - 2026;ouverte;DAF_2025_000494;;;;False;False;False;;7230;Région ;5 000  à  9 999;False;2016-01-01;84.11Z;2008;5710.0;SAS, société par actions simplifiée;100  à  199;False;<NA>;2008;H;49;49.3;49.39;49.39B;1976-01-01;;Saint-Jean-de-Maurienne;Savoie;Auvergne-Rhône-Alpes;(45.740702, 4.819374);Lyon;Rhône;Auvergne-Rhône-Alpes;;;;;;;;
False;;;True;True;False;attribue;{'StreetName': None, 'AdditionalStreetName': None, 'CityName': 'Saint-Jean-de-Maurienne', 'PostalZone': '73300', 'Country': 'FRA'};304994775;True;TRANS-ALPES;Trans-Alpes;2026-09-23;{'StreetName': '101 cours Charlemagne - CS20033', 'AdditionalStreetName': None, 'CityName': 'Lyon cedex 2', 'PostalZone': '69269', 'Country': 'FRA'};200053767;True;REGION AUVERGNE-RHONE-ALPES;Région Auvergne Rhône-Alpes;;;services;['Critère 1 : Le niveau de motorisation du parc de véhicules', 'Critère 2 : Autres formations des conducteurs', 'Critère 3 : La formation des conducteurs à l’écoconduite', 'Critère 4 : Vérification du dernier passager : procédures, moyens, … mis en place', 'Prix'];['qualite', 'qualite', 'qualite', 'qualite', 'prix'];[9.0, 12.0, 7.0, 12.0, 60.0];1440.0;True;;False;{'StreetName': None, 'CityName': None, 'PostalZone': None, 'NUTS': 'FRK27', 'Country': 'FRA'};sans remise en concurrence;;26-91274;;;;LOT-0051;60130000;2218400.0;10;2.0;;AT73 - Transports scolaires 3/3 - 47 lots - 2026;ouverte;DAF_2025_000494;;;;False;False;False;;7230;Région ;5 000  à  9 999;False;2016-01-01;84.11Z;2008;5710.0;SAS, société par actions simplifiée;100  à  199;False;<NA>;2008;H;49;49.3;49.39;49.39B;1976-01-01;;Saint-Jean-de-Maurienne;Savoie;Auvergne-Rhône-Alpes;(45.740702, 4.819374);Lyon;Rhône;Auvergne-Rhône-Alpes;;;;;;;;
False;;;True;True;False;attribue;{'StreetName': None, 'AdditionalStreetName': None, 'CityName': 'Saint-Jean-de-Maurienne', 'PostalZone': '73300', 'Country': 'FRA'};304994775;True;TRANS-ALPES;Trans-Alpes;2026-09-23;{'StreetName': '101 cours Charlemagne - CS20033', 'AdditionalStreetName': None, 'CityName': 'Lyon cedex 2', 'PostalZone': '69269', 'Country': 'FRA'};200053767;True;REGION AUVERGNE-RHONE-ALPES;Région Auvergne Rhône-Alpes;;;services;['Critère 1 : Le niveau de motorisation du parc de véhicules', 'Critère 2 : Autres formations des conducteurs', 'Critère 3 : La formation des conducteurs à l’écoconduite', 'Critère 4 : Vérification du dernier passager : procédures, moyens, … mis en place', 'Prix'];['qualite', 'qualite', 'qualite', 'qualite', 'prix'];[9.0, 12.0, 7.0, 12.0, 60.0];1440.0;True;;False;{'StreetName': None, 'CityName': None, 'PostalZone': None, 'NUTS': 'FRK27', 'Country': 'FRA'};sans remise en concurrence;;26-91274;;;;LOT-0053;60130000;2218400.0;10;2.0;;AT73 - Transports scolaires 3/3 - 47 lots - 2026;ouverte;DAF_2025_000494;;;;False;False;False;;7230;Région ;5 000  à  9 999;False;2016-01-01;84.11Z;2008;5710.0;SAS, société par actions simplifiée;100  à  199;False;<NA>;2008;H;49;49.3;49.39;49.39B;1976-01-01;;Saint-Jean-de-Maurienne;Savoie;Auvergne-Rhône-Alpes;(45.740702, 4.819374);Lyon;Rhône;Auvergne-Rhône-Alpes;;;;;;;;
False;;;True;True;False;attribue;{'StreetName': None, 'AdditionalStreetName': None, 'CityName': 'Saint-Jean-de-Maurienne', 'PostalZone': '73300', 'Country': 'FRA'};304994775;True;TRANS-ALPES;Trans-Alpes;2026-09-23;{'StreetName': '101 cours Charlemagne - CS20033', 'AdditionalStreetName': None, 'CityName': 'Lyon cedex 2', 'PostalZone': '69269', 'Country': 'FRA'};200053767;True;REGION AUVERGNE-RHONE-ALPES;Région Auvergne Rhône-Alpes;;;services;['Critère 1 : Le niveau de motorisation du parc de véhicules', 'Critère 2 : Autres formations des conducteurs', 'Critère 3 : La formation des conducteurs à l’écoconduite', 'Critère 4 : Vérification du dernier passager : procédures, moyens, … mis en place', 'Prix'];['qualite', 'qualite', 'qualite', 'qualite', 'prix'];[9.0, 12.0, 7.0, 12.0, 60.0];1440.0;True;;False;{'StreetName': None, 'CityName': None, 'PostalZone': None, 'NUTS': 'FRK27', 'Country': 'FRA'};sans remise en concurrence;;26-91274;;;;LOT-0054;60130000;2218400.0;10;2.0;;AT73 - Transports scolaires 3/3 - 47 lots - 2026;ouverte;DAF_2025_000494;;;;False;False;False;;7230;Région ;5 000  à  9 999;False;2016-01-01;84.11Z;2008;5710.0;SAS, société par actions simplifiée;100  à  199;False;<NA>;2008;H;49;49.3;49.39;49.39B;1976-01-01;;Saint-Jean-de-Maurienne;Savoie;Auvergne-Rhône-Alpes;(45.740702, 4.819374);Lyon;Rhône;Auvergne-Rhône-Alpes;;;;;;;;
False;;;True;True;False;attribue;{'StreetName': None, 'AdditionalStreetName': None, 'CityName': 'Saint-Jean-de-Maurienne', 'PostalZone': '73300', 'Country': 'FRA'};304994775;True;TRANS-ALPES;Trans-Alpes;2026-09-23;{'StreetName': '101 cours Charlemagne - CS20033', 'AdditionalStreetName': None, 'CityName': 'Lyon cedex 2', 'PostalZone': '69269', 'Country': 'FRA'};200053767;True;REGION AUVERGNE-RHONE-ALPES;Région Auvergne Rhône-Alpes;;;services;['Critère 1 : Le niveau de motorisation du parc de véhicules', 'Critère 2 : Autres formations des conducteurs', 'Critère 3 : La formation des conducteurs à l’écoconduite', 'Critère 4 : Vérification du dernier passager : procédures, moyens, … mis en place', 'Prix'];['qualite', 'qualite', 'qualite', 'qualite', 'prix'];[9.0, 12.0, 7.0, 12.0, 60.0];1440.0;True;;False;{'StreetName': None, 'CityName': None, 'PostalZone': None, 'NUTS': 'FRK27', 'Country': 'FRA'};sans remise en concurrence;;26-91274;;;;LOT-0055;60130000;2218400.0;10;2.0;;AT73 - Transports scolaires 3/3 - 47 lots - 2026;ouverte;DAF_2025_000494;;;;False;False;False;;7230;Région ;5 000  à  9 999;False;2016-01-01;84.11Z;2008;5710.0;SAS, société par actions simplifiée;100  à  199;False;<NA>;2008;H;49;49.3;49.39;49.39B;1976-01-01;;Saint-Jean-de-Maurienne;Savoie;Auvergne-Rhône-Alpes;(45.740702, 4.819374);Lyon;Rhône;Auvergne-Rhône-Alpes;;;;;;;;
False;;;True;True;False;attribue;{'StreetName': None, 'AdditionalStreetName': None, 'CityName': 'Saint-Jean-de-Maurienne', 'PostalZone': '73300', 'Country': 'FRA'};304994775;True;TRANS-ALPES;Trans-Alpes;2026-09-23;{'StreetName': '101 cours Charlemagne - CS20033', 'AdditionalStreetName': None, 'CityName': 'Lyon cedex 2', 'PostalZone': '69269', 'Country': 'FRA'};200053767;True;REGION AUVERGNE-RHONE-ALPES;Région Auvergne Rhône-Alpes;;;services;['Critère 1 : Le niveau de motorisation du parc de véhicules', 'Critère 2 : Autres formations des conducteurs', 'Critère 3 : La formation des conducteurs à l’écoconduite', 'Critère 4 : Vérification du dernier passager : procédures, moyens, … mis en place', 'Prix'];['qualite', 'qualite', 'qualite', 'qualite', 'prix'];[9.0, 12.0, 7.0, 12.0, 60.0];1440.0;True;;False;{'StreetName': None, 'CityName': None, 'PostalZone': None, 'NUTS': 'FRK27', 'Country': 'FRA'};sans remise en concurrence;;26-91274;;;;LOT-0057;60130000;2218400.0;10;1.0;;AT73 - Transports scolaires 3/3 - 47 lots - 2026;ouverte;DAF_2025_000494;;;;False;False;False;;7230;Région ;5 000  à  9 999;False;2016-01-01;84.11Z;2008;5710.0;SAS, société par actions simplifiée;100  à  199;False;<NA>;2008;H;49;49.3;49.39;49.39B;1976-01-01;;Saint-Jean-de-Maurienne;Savoie;Auvergne-Rhône-Alpes;(45.740702, 4.819374);Lyon;Rhône;Auvergne-Rhône-Alpes;;;;;;;;
False;;;True;True;False;attribue;{'StreetName': None, 'AdditionalStreetName': None, 'CityName': 'Saint-Jean-de-Maurienne', 'PostalZone': '73300', 'Country': 'FRA'};304994775;True;TRANS-ALPES;Trans-Alpes;2026-09-23;{'StreetName': '101 cours Charlemagne - CS20033', 'AdditionalStreetName': None, 'CityName': 'Lyon cedex 2', 'PostalZone': '69269', 'Country': 'FRA'};200053767;True;REGION AUVERGNE-RHONE-ALPES;Région Auvergne Rhône-Alpes;;;services;['Critère 1 : Le niveau de motorisation du parc de véhicules', 'Critère 2 : Autres formations des conducteurs', 'Critère 3 : La formation des conducteurs à l’écoconduite', 'Critère 4 : Vérification du dernier passager : procédures, moyens, … mis en place', 'Prix'];['qualite', 'qualite', 'qualite', 'qualite', 'prix'];[9.0, 12.0, 7.0, 12.0, 60.0];1440.0;True;;False;{'StreetName': None, 'CityName': None, 'PostalZone': None, 'NUTS': 'FRK27', 'Country': 'FRA'};sans remise en concurrence;;26-91274;;;;LOT-0060;60130000;2218400.0;10;1.0;;AT73 - Transports scolaires 3/3 - 47 lots - 2026;ouverte;DAF_2025_000494;;;;False;False;False;;7230;Région ;5 000  à  9 999;False;2016-01-01;84.11Z;2008;5710.0;SAS, société par actions simplifiée;100  à  199;False;<NA>;2008;H;49;49.3;49.39;49.39B;1976-01-01;;Saint-Jean-de-Maurienne;Savoie;Auvergne-Rhône-Alpes;(45.740702, 4.819374);Lyon;Rhône;Auvergne-Rhône-Alpes;;;;;;;;
False;;;True;True;False;attribue;{'StreetName': None, 'AdditionalStreetName': None, 'CityName': 'Saint-Jean-de-Maurienne', 'PostalZone': '73300', 'Country': 'FRA'};304994775;True;TRANS-ALPES;Trans-Alpes;2026-09-23;{'StreetName': '101 cours Charlemagne - CS20033', 'AdditionalStreetName': None, 'CityName': 'Lyon cedex 2', 'PostalZone': '69269', 'Country': 'FRA'};200053767;True;REGION AUVERGNE-RHONE-ALPES;Région Auvergne Rhône-Alpes;;;services;['Critère 1 : Le niveau de motorisation du parc de véhicules', 'Critère 2 : Autres formations des conducteurs', 'Critère 3 : La formation des conducteurs à l’écoconduite', 'Critère 4 : Vérification du dernier passager : procédures, moyens, … mis en place', 'Prix'];['qualite', 'qualite', 'qualite', 'qualite', 'prix'];[9.0, 12.0, 7.0, 12.0, 60.0];1440.0;True;;False;{'StreetName': None, 'CityName': None, 'PostalZone': None, 'NUTS': 'FRK27', 'Country': 'FRA'};sans remise en concurrence;;26-91274;;;;LOT-0094;60130000;2218400.0;10;1.0;;AT73 - Transports scolaires 3/3 - 47 lots - 2026;ouverte;DAF_2025_000494;;;;False;False;False;;7230;Région ;5 000  à  9 999;False;2016-01-01;84.11Z;2008;5710.0;SAS, société par actions simplifiée;100  à  199;False;<NA>;2008;H;49;49.3;49.39;49.39B;1976-01-01;;Saint-Jean-de-Maurienne;Savoie;Auvergne-Rhône-Alpes;(45.740702, 4.819374);Lyon;Rhône;Auvergne-Rhône-Alpes;;;;;;;;
False;;;True;True;False;attribue;{'StreetName': None, 'AdditionalStreetName': None, 'CityName': 'Saint-Jean-de-Maurienne', 'PostalZone': '73300', 'Country': 'FRA'};304994775;True;TRANS-ALPES;Trans-Alpes;2026-09-23;{'StreetName': '101 cours Charlemagne - CS20033', 'AdditionalStreetName': None, 'CityName': 'Lyon cedex 2', 'PostalZone': '69269', 'Country': 'FRA'};200053767;True;REGION AUVERGNE-RHONE-ALPES;Région Auvergne Rhône-Alpes;;;services;['Critère 1 : Le niveau de motorisation du parc de véhicules', 'Critère 2 : Autres formations des conducteurs', 'Critère 3 : La formation des conducteurs à l’écoconduite', 'Critère 4 : Vérification du dernier passager : procédures, moyens, … mis en place', 'Prix'];['qualite', 'qualite', 'qualite', 'qualite', 'prix'];[9.0, 12.0, 7.0, 12.0, 60.0];1440.0;True;;False;{'StreetName': None, 'CityName': None, 'PostalZone': None, 'NUTS': 'FRK27', 'Country': 'FRA'};sans remise en concurrence;;26-91274;;;;LOT-0095;60130000;2218400.0;10;1.0;;AT73 - Transports scolaires 3/3 - 47 lots - 2026;ouverte;DAF_2025_000494;;;;False;False;False;;7230;Région ;5 000  à  9 999;False;2016-01-01;84.11Z;2008;5710.0;SAS, société par actions simplifiée;100  à  199;False;<NA>;2008;H;49;49.3;49.39;49.39B;1976-01-01;;Saint-Jean-de-Maurienne;Savoie;Auvergne-Rhône-Alpes;(45.740702, 4.819374);Lyon;Rhône;Auvergne-Rhône-Alpes;;;;;;;;
False;;;True;True;False;attribue;{'StreetName': None, 'AdditionalStreetName': None, 'CityName': 'Saint-Jean-de-Maurienne', 'PostalZone': '73300', 'Country': 'FRA'};304994775;True;TRANS-ALPES;Trans-Alpes;2026-09-23;{'StreetName': '101 cours Charlemagne - CS20033', 'AdditionalStreetName': None, 'CityName': 'Lyon cedex 2', 'PostalZone': '69269', 'Country': 'FRA'};200053767;True;REGION AUVERGNE-RHONE-ALPES;Région Auvergne Rhône-Alpes;;;services;['Critère 1 : Le niveau de motorisation du parc de véhicules', 'Critère 2 : Autres formations des conducteurs', 'Critère 3 : La formation des conducteurs à l’écoconduite', 'Critère 4 : Vérification du dernier passager : procédures, moyens, … mis en place', 'Prix'];['qualite', 'qualite', 'qualite', 'qualite', 'prix'];[9.0, 12.0, 7.0, 12.0, 60.0];1440.0;True;;False;{'StreetName': None, 'CityName': None, 'PostalZone': None, 'NUTS': 'FRK27', 'Country': 'FRA'};sans remise en concurrence;;26-91274;;;;LOT-0096;60130000;2218400.0;10;1.0;;AT73 - Transports scolaires 3/3 - 47 lots - 2026;ouverte;DAF_2025_000494;;;;False;False;False;;7230;Région ;5 000  à  9 999;False;2016-01-01;84.11Z;2008;5710.0;SAS, société par actions simplifiée;100  à  199;False;<NA>;2008;H;49;49.3;49.39;49.39B;1976-01-01;;Saint-Jean-de-Maurienne;Savoie;Auvergne-Rhône-Alpes;(45.740702, 4.819374);Lyon;Rhône;Auvergne-Rhône-Alpes;;;;;;;;
False;['79311200'];;True;False;False;attribue;{'StreetName': '1 Rue Raoul Ponchon', 'AdditionalStreetName': None, 'CityName': 'Rennes', 'PostalZone': '35000', 'Country': 'FRA'};422218339;False;COUDRAY URBANLAW;CABINET COUDRAY SOCIETE D'AVOCATS;2026-09-23;{'StreetName': 'Hôtel du Département', 'AdditionalStreetName': '3 esplanade Jean Moulin', 'CityName': 'Bobigny', 'PostalZone': '93000', 'Country': 'FRA'};229300082;False;DEPARTEMENT DE LA SEINE SAINT DENIS;Département de la Seine-Saint-Denis;;2026-07-01+02:00;services;"[""Valeur technique de l'offre"", 'Délais', 'Valeur environnementale', 'Prix']";['technique', 'delai', 'environnemental', 'prix'];[40.0, 10.0, 10.0, 40.0];1440.0;True;;False;;sans remise en concurrence;;26-91366;;600000.0;;LOT-0000;79311200;600000.0;1;18.0;;Dispositif d'enquêtes administratives dans le cadre du protocole de lutte contre le harcèlement sexuel au travail et contre le harcèlement moral au travail;ouverte;2026930028;;;;False;True;False;600000.0;7220;Département ;5 000  à  9 999;False;1982-01-01;84.11Z;2008;5585.0;Société d'exercice libéral à forme anonyme à conseil d'administration ;20  à  49;False;<NA>;2008;M;69;69.1;69.1;69.10Z;1999-01-01;(48.112161, -1.662281);Rennes;Ille-et-Vilaine;Bretagne;(48.905808, 2.451704);Bobigny;Seine-Saint-Denis;Île-de-France;;;;;;;;
False;;;True;True;False;attribue;{'StreetName': None, 'AdditionalStreetName': None, 'CityName': 'Sainte Foy les Lyon', 'PostalZone': '69110', 'Country': 'FRA'};352768311;True;MEDIMEX;SAS MEDIMEX;2026-09-23;{'StreetName': 'Rue Jacques Monod BP 609', 'AdditionalStreetName': None, 'CityName': 'Boulogne sur mer', 'PostalZone': '62321', 'Country': 'FRA'};266209402;True;CENTRE HOSPITALIER DE BOULOGNE SUR MER;Centre hospitalier de Boulogne sur mer Cellule marches;;;fournitures;"['Valeur Technique du matériel', 'Coût', ""Performance en matière de protection de l'environnement""]";['technique', 'prix', 'environnemental'];[50.0, 48.0, 2.0];1440.0;False;0.0;False;{'StreetName': None, 'CityName': None, 'PostalZone': None, 'NUTS': 'FRE12', 'Country': 'FRA'};sans remise en concurrence;;26-91148;;;0.0;LOT-0001;33000000;552777.0;3;4.0;;Fourniture, installation, mise en service de matériels pour les services kinésithérapie SSR du Centre hospitalier de Boulogne sur mer;ouverte;CM927;;;;False;False;False;;7364;Établissement d'hospitalisation ;2 000  à  4 999;<NA>;1983-03-01;86.10Z;2008;5710.0;SAS, société par actions simplifiée;20  à  49;False;<NA>;2008;G;46;46.4;46.46;46.46Z;1989-12-07;;Sainte-Foy-lès-Lyon;Rhône;Auvergne-Rhône-Alpes;(50.72287, 1.629339);Boulogne-sur-Mer;Pas-de-Calais;Hauts-de-France;;;;;;;;
False;;;True;True;False;attribue;{'StreetName': None, 'AdditionalStreetName': None, 'CityName': 'Sainte Foy les Lyon', 'PostalZone': '69110', 'Country': 'FRA'};352768311;True;MEDIMEX;SAS MEDIMEX;2026-09-23;{'StreetName': 'Rue Jacques Monod BP 609', 'AdditionalStreetName': None, 'CityName': 'Boulogne sur mer', 'PostalZone': '62321', 'Country': 'FRA'};266209402;True;CENTRE HOSPITALIER DE BOULOGNE SUR MER;Centre hospitalier de Boulogne sur mer Cellule marches;;;fournitures;"['Valeur Technique du matériel', 'Coût', ""Performance en matière de protection de l'environnement""]";['technique', 'prix', 'environnemental'];[50.0, 48.0, 2.0];1440.0;False;0.0;False;{'StreetName': None, 'CityName': None, 'PostalZone': None, 'NUTS': 'FRE12', 'Country': 'FRA'};sans remise en concurrence;;26-91148;;;0.0;LOT-0026;33000000;552777.0;3;4.0;;Fourniture, installation, mise en service de matériels pour les services kinésithérapie SSR du Centre hospitalier de Boulogne sur mer;ouverte;CM927;;;;False;False;False;;7364;Établissement d'hospitalisation ;2 000  à  4 999;<NA>;1983-03-01;86.10Z;2008;5710.0;SAS, société par actions simplifiée;20  à  49;False;<NA>;2008;G;46;46.4;46.46;46.46Z;1989-12-07;;Sainte-Foy-lès-Lyon;Rhône;Auvergne-Rhône-Alpes;(50.72287, 1.629339);Boulogne-sur-Mer;Pas-de-Calais;Hauts-de-France;;;;;;;;
False;;;True;True;False;attribue;{'StreetName': None, 'AdditionalStreetName': None, 'CityName': 'Strasbourg', 'PostalZone': '67000', 'Country': 'FRA'};884257742;True;SANEVA;SANEVA SAS;2026-09-23;{'StreetName': 'Rue Jacques Monod BP 609', 'AdditionalStreetName': None, 'CityName': 'Boulogne sur mer', 'PostalZone': '62321', 'Country': 'FRA'};266209402;True;CENTRE HOSPITALIER DE BOULOGNE SUR MER;Centre hospitalier de Boulogne sur mer Cellule marches;;;fournitures;"['Valeur Technique du matériel', 'Coût', ""Performance en matière de protection de l'environnement""]";['technique', 'prix', 'environnemental'];[50.0, 48.0, 2.0];1440.0;False;0.0;False;{'StreetName': None, 'CityName': None, 'PostalZone': None, 'NUTS': 'FRE12', 'Country': 'FRA'};sans remise en concurrence;;26-91148;;;0.0;LOT-0027;33000000;552777.0;3;4.0;;Fourniture, installation, mise en service de matériels pour les services kinésithérapie SSR du Centre hospitalier de Boulogne sur mer;ouverte;CM927;;;;False;False;False;;7364;Établissement d'hospitalisation ;2 000  à  4 999;<NA>;1983-03-01;86.10Z;2008;5710.0;SAS, société par actions simplifiée;3  à  5;False;<NA>;2008;G;46;46.9;46.9;46.90Z;2020-05-14;;Strasbourg;Bas-Rhin;Grand Est;(50.72287, 1.629339);Boulogne-sur-Mer;Pas-de-Calais;Hauts-de-France;;;;;;;;
False;['71300000'];;True;True;False;attribue;{'StreetName': 'Bâtiment Aéronef Roissypôle 5 rue de Copenhague Bp 13 918', 'AdditionalStreetName': None, 'CityName': 'Tremblay-En-France', 'PostalZone': '93290', 'Country': 'FRA'};751042607;False;ETYO REAL ESTATE;ETYO REAL ESTATE;2026-09-23;"{'StreetName': ""Direction des achats et de l'accompagnement juridique"", 'AdditionalStreetName': ""Rue Ferdinand Buisson, 126 rue d'Amiens"", 'CityName': 'Arras', 'PostalZone': '62000', 'Country': 'FRA'}";226200012;False;DEPARTEMENT DU PAS DE CALAIS;Conseil Départemental du Pas-de-Calais;;;services;['Valeur technique', 'Prix'];['technique', 'prix'];[50.0, 50.0];;False;1360000.0;False;;sans remise en concurrence;;26-91255;;600000.0;;LOT-0001;71300000;1360000.0;3;4.0;;Missions d'assistance  à Maîtrise d'Ouvrage pour les collèges et bâtiments du Département du Pas-de-Calais - 3 lots;ouverte;202662A0098;3.0;;;False;False;False;;7220;Département ;5 000  à  9 999;False;1980-07-07;84.11Z;2008;5710.0;SAS, société par actions simplifiée;50  à  99;False;<NA>;2008;M;71;71.1;71.12;71.12B;2012-04-03;(49.010977, 2.565812);Tremblay-en-France;Seine-Saint-Denis;Île-de-France;;;;;;;;;;;;
False;['71300000'];;True;True;False;attribue;{'StreetName': '80 rue de Marcq Cs 90049', 'AdditionalStreetName': None, 'CityName': 'Wasquehal Cédex', 'PostalZone': '59441', 'Country': 'FRA'};341358141;False;VERDI NORD DE FRANCE;Verdi Conseil Nord de France;2026-09-23;"{'StreetName': ""Direction des achats et de l'accompagnement juridique"", 'AdditionalStreetName': ""Rue Ferdinand Buisson, 126 rue d'Amiens"", 'CityName': 'Arras', 'PostalZone': '62000', 'Country': 'FRA'}";226200012;False;DEPARTEMENT DU PAS DE CALAIS;Conseil Départemental du Pas-de-Calais;;;services;['Valeur technique', 'Prix'];['technique', 'prix'];[50.0, 50.0];;False;1360000.0;False;;sans remise en concurrence;;26-91255;;480000.0;;LOT-0002;71300000;1360000.0;3;4.0;;Missions d'assistance  à Maîtrise d'Ouvrage pour les collèges et bâtiments du Département du Pas-de-Calais - 3 lots;ouverte;202662A0098;3.0;;;False;False;False;;7220;Département ;5 000  à  9 999;False;1980-07-07;84.11Z;2008;5710.0;SAS, société par actions simplifiée;50  à  99;False;<NA>;2008;M;71;71.1;71.12;71.12B;1987-05-04;(50.672021, 3.118179);Wasquehal;Nord;Hauts-de-France;;;;;;;;;;;;
False;['71300000'];;True;True;False;attribue;{'StreetName': 'Les Tertiales 4 Allée Pierre de Coubertin', 'AdditionalStreetName': None, 'CityName': 'Lesquin', 'PostalZone': '59810', 'Country': 'FRA'};441355914;False;AC ENVIRONNEMENT;AC ENVIRONNEMENT;2026-09-23;"{'StreetName': ""Direction des achats et de l'accompagnement juridique"", 'AdditionalStreetName': ""Rue Ferdinand Buisson, 126 rue d'Amiens"", 'CityName': 'Arras', 'PostalZone': '62000', 'Country': 'FRA'}";226200012;False;DEPARTEMENT DU PAS DE CALAIS;Conseil Départemental du Pas-de-Calais;;;services;['Valeur technique', 'Prix'];['technique', 'prix'];[50.0, 50.0];;False;1360000.0;False;;sans remise en concurrence;;26-91255;;280000.0;;LOT-0003;71300000;1360000.0;3;7.0;;Missions d'assistance  à Maîtrise d'Ouvrage pour les collèges et bâtiments du Département du Pas-de-Calais - 3 lots;ouverte;202662A0098;3.0;;;False;False;False;;7220;Département ;5 000  à  9 999;False;1980-07-07;84.11Z;2008;5710.0;SAS, société par actions simplifiée;500  à  999;False;<NA>;2008;M;71;71.2;71.2;71.20B;2002-01-02;(50.587079, 3.114836);Lesquin;Nord;Hauts-de-France;;;;;;;;;;;;
False;;;True;False;False;attribue;{'StreetName': None, 'AdditionalStreetName': None, 'CityName': 'Le Kremlin-Bicêtre', 'PostalZone': '94270', 'Country': 'FRA'};389098682;True;PROMEDIF;PROMEDIF;2026-09-23;{'StreetName': '23 boulevard François Mitterrand', 'AdditionalStreetName': '23 boulevard François Mitterrand', 'CityName': 'Evry', 'PostalZone': '91000', 'Country': 'FRA'};199119751;True;UNIVERSITE D'EVRY VAL D'ESSONNE;Université Evry Paris Saclay;;;fournitures;['30', '70'];['prix', 'qualite'];[30.0, 70.0];1440.0;False;;False;{'StreetName': None, 'CityName': None, 'PostalZone': None, 'NUTS': None, 'Country': None};sans remise en concurrence;;26-91454;;;;LOT-0001;18530000;1200000.0;1;7.0;;Objets promotionnels - Goodies;ouverte;26.032;;;;False;False;False;;7383;Établissement public national à caractère scientifique culturel et professionnel ;1 000  à  1 999;<NA>;1991-08-29;85.42Z;2008;5710.0;SAS, société par actions simplifiée;10  à  19;False;<NA>;2008;G;46;46.4;46.49;46.49Z;1992-10-16;;Le Kremlin-Bicêtre;Val-de-Marne;Île-de-France;(48.624374, 2.427343);Évry-Courcouronnes;Essonne;Île-de-France;;;;;;;;
False;['77341000'];;True;False;False;attribue;{'StreetName': '900 Che De La Vallee', 'AdditionalStreetName': None, 'CityName': 'Aubagne', 'PostalZone': '13400', 'Country': 'FRA'};498788249;False;IPS;IPS;2026-09-23;{'StreetName': '107 boulevard Henri Fabre', 'AdditionalStreetName': None, 'CityName': 'Toulon', 'PostalZone': '83000', 'Country': 'FRA'};998945547;False;PORTS DE TOULON - LA SEYNE;SOCIETE PORTS DE TOULON - LA SEYNE;;2026-08-24+02:00;services;"[""Importance et qualité des moyens humains affectés spécifiquement aux prestations d'entretien et de création d'espaces verts"", ""Importance et qualité des moyens techniques affectés spécifiquement à l'exécution des prestations"", 'Qualité des mesures prises en matière environnementale', 'Prix']";['social', 'qualite', 'environnemental', 'prix'];[15.0, 15.0, 10.0, 60.0];1440.0;False;;False;{'StreetName': 'Cs80102', 'CityName': 'La Seyne Sur Mer Cedex', 'PostalZone': '83507', 'NUTS': 'FRL05', 'Country': 'FRA'};;;26-91463;;290864.0;;LOT-0000;77310000;;1;7.0;;Réalisation de prestations d'entretien et la création d'espaces verts pour la SA Ports de Toulon - La Seyne;ouverte;2026AOO2006;3.0;;;False;False;False;290864.0;5599;SA à conseil d'administration (s.a.i.);;False;2026-01-01;52.22Z;2008;5710.0;SAS, société par actions simplifiée;20  à  49;False;<NA>;2008;N;81;81.3;81.3;81.30Z;2007-07-01;(43.285786, 5.534672);Aubagne;Bouches-du-Rhône;Provence-Alpes-Côte d'Azur;(43.1187, 5.944303);Toulon;Var;Provence-Alpes-Côte d'Azur;;;;;;;;
False;;;;False;False;attribue;{'StreetName': '35 allée des Soupirs', 'AdditionalStreetName': None, 'CityName': 'Toulouse', 'PostalZone': '31000', 'Country': 'FRA'};338248701;True;<NA>;COUSY ARCHITECTURES;2026-09-23;{'StreetName': '118 Route de Narbonne', 'AdditionalStreetName': None, 'CityName': 'Toulouse', 'PostalZone': '31062', 'Country': 'FRA'};938271392;True;UNIVERSITE DE TOULOUSE;Université de Toulouse;;;services;['VOIR RÈGLEMENT DU CONCOURS'];['qualite'];;;False;;False;{'StreetName': 'UNIVERSITE DE TOULOUSE', 'CityName': 'Toulouse', 'PostalZone': '31062', 'NUTS': 'FRJ23', 'Country': 'FRA'};;;26-91497;;;;LOT-0001;71000000;;1;3.0;;Marché de maitrise d'œuvre pour la reconstruction de la crèche UPSIMOMES sur le site Campus Sciences de l'Université de Toulouse;restreinte;2025MOEXX03700;;;;False;False;False;;7383;Établissement public national à caractère scientifique culturel et professionnel ;;False;2024-12-06;85.42Z;2008;1000.0;Entrepreneur individuel;3  à  5;<NA>;<NA>;2008;M;71;71.1;71.11;71.11Z;1986-07-01;(43.594148, 1.455892);Toulouse;Haute-Garonne;Occitanie;(43.561566, 1.463029);Toulouse;Haute-Garonne;Occitanie;;;;;;;;
False;;;True;False;False;attribue;{'StreetName': '5 rue Pleyel', 'AdditionalStreetName': 'bureau 3', 'CityName': 'Saint Denis', 'PostalZone': '93200', 'Country': 'FRA'};978860062;True;GREENWAY;Greenway;2026-09-23;{'StreetName': '10 RUE FRANCOIS ARAGO', 'AdditionalStreetName': None, 'CityName': 'PLAISANCE-DU-TOUCH', 'PostalZone': '31830', 'Country': 'FRA'};243100781;True;LE GRAND OUEST TOULOUSAIN AGGLOMERATION;LE GRAND OUEST TOULOUSAIN;;;fournitures;['Fourniture de carburant en station', 'Valeur technique'];['prix', 'technique'];[60.0, 40.0];1460.0;False;;False;{'StreetName': None, 'CityName': None, 'PostalZone': None, 'NUTS': 'FRJ23', 'Country': 'FRA'};sans remise en concurrence;;26-91483;;;;LOT-0001;30163100;600000.0;1;5.0;;26 003 Fourniture de carburant en station;ouverte;26 003;;;;False;False;False;;7348;Communauté d'agglomération ;100  à  199;False;1999-12-24;84.11Z;2008;5710.0;SAS, société par actions simplifiée;;False;<NA>;2008;J;58;58.2;58.29;58.29C;2023-08-23;(48.919478, 2.344987);Saint-Denis;Seine-Saint-Denis;Île-de-France;(43.595846, 1.295946);Plaisance-du-Touch;Haute-Garonne;Occitanie;;;;;;;;
False;;37.0;False;False;False;attribue;{'StreetName': None, 'AdditionalStreetName': None, 'CityName': 'Labège', 'PostalZone': '31670', 'Country': 'FRA'};351370689;True;MICRO AERAULIQ THERM HYDRAU INGENIERIE;MATH Ingénierie;2026-09-23;{'StreetName': None, 'AdditionalStreetName': None, 'CityName': 'Toulouse', 'PostalZone': '31015', 'Country': 'FRA'};173101205;True;DIRECTION INTERREGIONALE DES SERVICES PENITENTIAIRES TOULOUSE - SUD;DISP Toulouse;2025-07-20;2025-09-08+02:00;services;['Prix des prestations', 'Valeur technique', 'Planning'];['prix', 'technique', 'delai'];[50.0, 40.0, 10.0];1825.0;False;;False;"{'StreetName': ""Maison d'arrêt"", 'CityName': 'Tarbes', 'PostalZone': '65000', 'NUTS': 'FRJ26', 'Country': 'FRA'}";;;26-91440;25-82625;30400.0;;LOT-0001;71000000;;1;6.0;;Maîtrise d'oeuvre pour la rénovation des cellules du grand quartier à la Maison d'arrêt de Tarbes;ouverte;25_MOE_TARBES_GRAND-QUARTIER;;;False;False;False;False;30400.0;7171;Service déconcentré de l'État à compétence (inter) régionale ;2 000  à  4 999;False;1981-06-23;84.23Z;2008;5710.0;SAS, société par actions simplifiée;50  à  99;False;<NA>;2008;M;71;71.1;71.12;71.12B;1989-07-03;;L'Isle-Jourdain;Gers;Occitanie;;Toulouse;Haute-Garonne;Occitanie;;;;;;;;
False;;;True;False;False;attribue;{'StreetName': None, 'AdditionalStreetName': None, 'CityName': 'Puteaux', 'PostalZone': '92800', 'Country': 'FRA'};662014489;True;SUEZ RV ILE-DE-FRANCE;SUEZ RV ILE DE FRANCE;2026-09-23;{'StreetName': None, 'AdditionalStreetName': None, 'CityName': 'Argenteuil', 'PostalZone': '95100', 'Country': 'FRA'};259500023;True;SYNDICAT AZUR;SYNDICAT AZUR;;2026-08-10+02:00;services;"[""Critères techniques (60 points) : Moyens humains liés à la prestation (techniciens et encadrement en charge de l'équipe en place et de la relation avec le syndicat)  (20 points), Moyens matériels dédiés à la prestation : pour l'entretien du site et son exploitation, pour la collecte et le transport des déchets (au vu du mémoire technique et du compte d'exploitation prévisionnel fourni pour le détail de la partie fixe Pf) (20 points), Garanties prises pour la sécurité du personnel et des administrés évoluant sur le site (10 points), Qualité des filières de traitement ou de valorisation choisies par les soumissionnaires (10 points)"", 'Critère économique (40 points) : Prix proposé pour la partie fixe (Pf) sur la durée maximum du marché (4 ans) (26 points), Prix proposés au bordereau des prix (Pv1 à Pv32) pour la partie variable liée au transport et au traitement d’une partie des déchets. Le prix sera évalué sur la base des tonnages estimés (annexe 1 à l’AE) ainsi que sur la durée maximum du marché (4 ans) (14 points)']";['social', 'delai'];[60.0, 40.0];1460.0;False;;False;"{'StreetName': ""17-19 rue de l'angoumois"", 'CityName': 'Argenteuil', 'PostalZone': '95100', 'NUTS': 'FR108', 'Country': 'FRA'}";sans remise en concurrence;;26-91347;;3340245.0;;LOT-0001;90530000;;1;4.0;;EXPLOITATION DE LA DECHETERIE FIXE DU SYNDICAT AZUR;ouverte;;;;;False;False;False;3340245.0;7354;Syndicat mixte fermé ;100  à  199;<NA>;1980-01-01;38.11Z;2008;5710.0;SAS, société par actions simplifiée;1 000  à  1 999;False;<NA>;2008;E;38;38.2;38.21;38.21Z;1980-01-01;;Puteaux;Hauts-de-Seine;Île-de-France;;Argenteuil;Val-d'Oise;Île-de-France;;;;;;;;
False;;;True;False;False;attribue;"{'StreetName': ""30 rue de l'Egalité - CS 30009"", 'AdditionalStreetName': None, 'CityName': 'SOISY-SOUS-MONTMORENCY CEDEX', 'PostalZone': '95232', 'Country': 'FRA'}";501639165;True;ENTREPRISE DE TRAVAUX FAYOLLE ET FILS;ENTREPRISE DE TRAVAUX FAYOLLE ET FILS;2026-09-23;"{'StreetName': ""Station d'Epuration Bernard Cholin Rue de l'Eau et des Enfants"", 'AdditionalStreetName': None, 'CityName': 'Bonneuil en france', 'PostalZone': '95500', 'Country': 'FRA'}";200049310;True;S.MIXTE POUR L'AMENAGEMENT HYDRAULIQUE DES VALLEES DU CROULT ET DU PETIT ROSNE;SIAH (Syndicat Mixte d’Aménagement Hydraulique du Croult et du Petit Rosne);;;travaux;"[""Valeur de l'offre"", 'Valeur technique, au regard du mémoire technique']";['prix', 'technique'];[40.0, 60.0];270.0;False;0.0;False;{'StreetName': 'Boulevard du Général de Gaulle, rue Pierre Brossolette en partie, Impasse Maffliate et Place du 11 Novembre à Sarcelles.', 'CityName': 'Sarcelles', 'PostalZone': '95200', 'NUTS': 'FR108', 'Country': 'FRA'};;;26-91211;;2257355.0;;LOT-0001;45232410;;1;6.0;;Marché public de travaux de réhabilitation des réseaux d'assainissement situés Boulevard du Général de Gaulle, rue Pierre Brossolette en partie, Impasse Maffliate et Place du 11 Novembre à Sarcelle...;ouverte;OPE SARC_150;;;;False;False;False;2257355.0;7354;Syndicat mixte fermé ;50  à  99;False;2015-01-01;37.00Z;2008;5710.0;SAS, société par actions simplifiée;500  à  999;False;<NA>;2008;F;42;42.1;42.11;42.11Z;2007-11-13;(48.994901, 2.294089);Soisy-sous-Montmorency;Val-d'Oise;Île-de-France;(48.338429, -0.860599);Saint-Denis-de-Gastines;Mayenne;Pays de la Loire;;;;;;;;
False;['77310000'];;True;False;False;attribue;{'StreetName': '11 Che Du Santon', 'AdditionalStreetName': None, 'CityName': 'Grasse', 'PostalZone': '06130', 'Country': 'FRA'};397577313;False;SIGA;GANDOLFO;2026-09-23;{'StreetName': 'Place Cornut Gentille', 'AdditionalStreetName': 'Cs 30140', 'CityName': 'Cannes', 'PostalZone': '06406', 'Country': 'FRA'};210600292;False;COMMUNE DE CANNES;Mairie de Cannes;;2026-10-09+02:00;services;"[""Qualité de la méthodologie d'exécution du candidat selon  le « scénario type » du Tvt"", 'Prix des prestations au vu du montant du Dqe']";['qualite', 'prix'];[40.0, 60.0];360.0;False;;False;;sans remise en concurrence;;26-91461;;27920.0;;LOT-0000;77310000;27920.0;1;1.0;;Prestations de services de dessouchages d'arbres divers;ouverte;20260320;3.0;;;False;False;False;27920.0;7210;Commune et commune nouvelle ;2 000  à  4 999;False;1901-01-01;84.11Z;2008;5499.0;Société à responsabilité limitée (sans autre indication);1  ou  2;<NA>;<NA>;2008;G;47;47.7;47.78;47.78A;1994-06-07;(43.641771, 6.948512);Grasse;Alpes-Maritimes;Provence-Alpes-Côte d'Azur;(43.551079, 7.011548);Cannes;Alpes-Maritimes;Provence-Alpes-Côte d'Azur;;;;;;;;
False;;;True;False;False;attribue;{'StreetName': None, 'AdditionalStreetName': None, 'CityName': 'BRY-SURMARNE', 'PostalZone': '94360', 'Country': 'FRA'};451491617;True;VECTUEL;Vectuel;2026-09-23;{'StreetName': '2 cours Champ de Mars', 'AdditionalStreetName': None, 'CityName': 'NANTES', 'PostalZone': '44000', 'Country': 'FRA'};244400404;True;METROPOLE NANTES METROPOLE;Nantes Métropole;;;fournitures;['Coefficient : 55', 'Coefficient : 10', 'Coefficient : 35'];['qualite', 'qualite', 'prix'];[55.0, 10.0, 35.0];1460.0;False;;False;{'StreetName': None, 'CityName': None, 'PostalZone': None, 'NUTS': 'FRG01', 'Country': 'FRA'};sans remise en concurrence;;26-91433;;;;LOT-0001;48326100;2090000.0;1;1.0;;PRESTATIONS DE CONCEPTION ET D'EXPLOITATION DE MAQUETTES NUMERIQUES 3D DE LA METROPOLE NANTAISE A DES FINS DE COMMUNICATION POUR LE COMPTE DU GROUPEMENT DE COMMANDES;ouverte;2026NM000272;;;;False;False;False;;7344;Métropole;2 000  à  4 999;<NA>;1991-12-06;84.11Z;2008;5710.0;SAS, société par actions simplifiée;10  à  19;False;<NA>;2008;J;58;58.2;58.29;58.29C;2004-01-02;;Bry-sur-Marne;Val-de-Marne;Île-de-France;(47.224291, -1.56518);Nantes;Loire-Atlantique;Pays de la Loire;;;;;;;;
False;;;True;False;False;attribue;{'StreetName': '18 Rue de Locronan', 'AdditionalStreetName': None, 'CityName': 'QUIMPER', 'PostalZone': '29000', 'Country': 'FRA'};450511571;True;DCI ENVIRONNEMENT;DCI ENVIRONNEMENT;2026-09-23;"{'StreetName': ""2 Allée de l'Ille"", 'AdditionalStreetName': None, 'CityName': 'BAIN-DE-BRETAGNE', 'PostalZone': '35470', 'Country': 'FRA'}";200070662;True;CC BRETAGNE PORTE DE LOIRE COMMUNAUTE;CC BRETAGNE PORTE DE LOIRE COMMUNAUTE;;;services;['Note sur 40', 'Note sur 60'];['prix', 'qualite'];[40.0, 60.0];1095.0;False;;False;{'StreetName': None, 'CityName': 'Bain-de-Bretagne', 'PostalZone': None, 'NUTS': 'FRH03', 'Country': 'FRA'};;;26-91319;;606880.0;;LOT-0001;90492000;;1;5.0;;Réalisation d'un schéma directeur d'assainissement collectif des eaux usées et géoréférencement des réseaux d’assainissement des eaux usées;ouverte;2026-703-01;;;;False;False;False;606880.0;7346;Communauté de communes ;50  à  99;False;2017-01-01;84.11Z;2008;5499.0;Société à responsabilité limitée (sans autre indication);50  à  99;False;<NA>;2008;M;71;71.1;71.12;71.12B;2003-11-01;(47.998409, -4.108471);Quimper;Finistère;Bretagne;(47.848832, -1.685284);Bain-de-Bretagne;Ille-et-Vilaine;Bretagne;;;;;;;;
False;;;True;False;False;attribue;{'StreetName': None, 'AdditionalStreetName': None, 'CityName': 'ANTONNY', 'PostalZone': '92160', 'Country': 'FRA'};410392971;True;DIASORIN;DIASORIN;2026-09-23;{'StreetName': None, 'AdditionalStreetName': None, 'CityName': 'Grenoble', 'PostalZone': '38043', 'Country': 'FRA'};263800302;True;CENTRE HOSPITALIER UNIVERSITAIRE GRENOBLE ALPES;CHU Grenoble Alpes;;;fournitures;['Prix', 'Valeur technique', 'Développement durable'];['prix', 'technique', 'environnemental'];[50.0, 45.0, 5.0];1440.0;True;780000.0;False;{'StreetName': None, 'CityName': None, 'PostalZone': None, 'NUTS': 'FRK24', 'Country': 'FRA'};sans remise en concurrence;;26-91384;;780000.0;780000.0;LOT-0001;33140000;780000.0;1;1.0;;Fourniture de réactifs, consommables et maintenance pour automate Liaison XL pour de la sérologie infectieuse;negociee;2026E240;3.0;;;True;False;False;780000.0;7364;Établissement d'hospitalisation ;10 000  et plus ;False;1982-01-01;86.10Z;2008;5710.0;SAS, société par actions simplifiée;50  à  99;False;<NA>;2008;G;46;46.4;46.46;46.46Z;1996-12-16;;Beaupréau-en-Mauges;Maine-et-Loire;Pays de la Loire;;Grenoble;Isère;Auvergne-Rhône-Alpes;;;;;;;;
False;['33140000', '33182100'];;True;True;False;attribue;;;False;;;2026-09-23;"{'StreetName': ""1 place de l'hôpital"", 'AdditionalStreetName': None, 'CityName': 'Strasbourg', 'PostalZone': '67091', 'Country': 'FRA'}";266700574;False;LES HOPITAUX UNIVERSITAIRES DE STRASBOURG;HUS-Etablissement support du GHT 10;;;fournitures;['Valeur technique', 'Prix'];['technique', 'prix'];[70.0, 30.0];;False;;False;;avec remise en concurrence;;26-91416;;;;LOT-0001;33140000;3600518.0;2;5.0;;AO5 RYTHM5 - RYTHMOLOGIE ELECTROPHYSIOLOGIE 5 - 2026;ouverte;AO5 RYTHM5;3.0;;;False;False;False;;7364;Établissement d'hospitalisation ;10 000  et plus ;False;1958-10-10;86.10Z;2008;;;;;;<NA>;;;;;<NA>;<NA>;;;;;(48.577253, 7.748993);Strasbourg;Bas-Rhin;Grand Est;;;;;;;;
False;['33140000', '33182100'];;True;True;False;attribue;;;False;;;2026-09-23;"{'StreetName': ""1 place de l'hôpital"", 'AdditionalStreetName': None, 'CityName': 'Strasbourg', 'PostalZone': '67091', 'Country': 'FRA'}";266700574;False;LES HOPITAUX UNIVERSITAIRES DE STRASBOURG;HUS-Etablissement support du GHT 10;;;fournitures;['Valeur technique', 'Prix'];['technique', 'prix'];[70.0, 30.0];;False;;False;;avec remise en concurrence;;26-91416;;;;LOT-0002;33140000;3600518.0;2;5.0;;AO5 RYTHM5 - RYTHMOLOGIE ELECTROPHYSIOLOGIE 5 - 2026;ouverte;AO5 RYTHM5;3.0;;;False;False;False;;7364;Établissement d'hospitalisation ;10 000  et plus ;False;1958-10-10;86.10Z;2008;;;;;;<NA>;;;;;<NA>;<NA>;;;;;(48.577253, 7.748993);Strasbourg;Bas-Rhin;Grand Est;;;;;;;;
False;['33182210'];;False;False;False;attribue;{'StreetName': '2 Rue Nicolas Ledoux', 'AdditionalStreetName': None, 'CityName': 'Rungis', 'PostalZone': '94150', 'Country': 'FRA'};263400111;False;CENTRE HOSPITALIER DE BEZIERS;BIOTRONIK FRANCE SARL;2026-09-23;"{'StreetName': ""1 place de l'hôpital"", 'AdditionalStreetName': None, 'CityName': 'Strasbourg', 'PostalZone': '67091', 'Country': 'FRA'}";266700574;False;LES HOPITAUX UNIVERSITAIRES DE STRASBOURG;HUS-Etablissement support du GHT 10;;;fournitures;['Valeur technique', 'Prix'];['technique', 'prix'];[70.0, 30.0];;False;300000.0;False;;sans remise en concurrence;;26-91415;;;;LOT-0001;33182210;210379.0;1;6.0;;"AO3 ""RYTHM3"" - RYTHMOLOGIE ELECTROPHYSIOLOGIE 3 - 2026";ouverte;AO3_RYTHM3;3.0;;;False;False;False;;7364;Établissement d'hospitalisation ;10 000  et plus ;False;1958-10-10;86.10Z;2008;7364.0;Établissement d'hospitalisation ;2 000  à  4 999;False;<NA>;2008;Q;86;86.1;86.1;86.10Z;1982-01-01;(48.748868, 2.354307);Rungis;Val-de-Marne;Île-de-France;(48.577253, 7.748993);Strasbourg;Bas-Rhin;Grand Est;;;;;;;;
False;;;False;False;False;attribue;{'StreetName': None, 'AdditionalStreetName': None, 'CityName': 'Guyancourt', 'PostalZone': '78280', 'Country': 'FRA'};338253081;True;SODEXO SANTE MEDICO SOCIAL;SODEXO SANTE MEDICO SOCIAL;2026-09-23;{'StreetName': None, 'AdditionalStreetName': None, 'CityName': 'SAINT HEBRLAIN', 'PostalZone': '44814', 'Country': 'FRA'};428692008;True;UGECAM BRPL;UGECAM Bretagne Pays de La Loire;;;fournitures;['PONDERATION'];['prix'];[100];;True;;False;{'StreetName': None, 'CityName': None, 'PostalZone': None, 'NUTS': 'FRH03', 'Country': 'FRA'};sans remise en concurrence;;26-91191;;;;LOT-0001;38343000;6900000.0;1;4.0;;La restauration des établissements rennais de l’UGECAM Bretagne Pays de Loire (Pôle Gériatrique Rennais et Escale-Thébaudais);ouverte;;;;;False;False;False;;8110;Régime général de la Sécurité Sociale;1 000  à  1 999;False;2000-01-01;84.30A;2008;5710.0;SAS, société par actions simplifiée;5 000  à  9 999;True;<NA>;2008;I;56;56.2;56.29;56.29A;1986-07-01;;Guyancourt;Yvelines;Île-de-France;;Val d'Anast;Ille-et-Vilaine;Bretagne;;;;;;;;
False;;;False;False;False;attribue;{'StreetName': None, 'AdditionalStreetName': None, 'CityName': 'LYON', 'PostalZone': '69367', 'Country': 'FRA'};969502004;True;ENILIVE FRANCE SARL;SARL ENILIVE FRANCE;2026-09-23;{'StreetName': None, 'AdditionalStreetName': None, 'CityName': 'RENNES', 'PostalZone': '35000', 'Country': 'FRA'};130001704;True;DIRECTION INTERDEPARTEMENTALE DES ROUTES OUEST;DIR Ouest;;;services;"[""Critères tels que définis dans le règlement de consultation (montant des investissements, montant de la redevance pour le compte de l'Etat, qualité des services...)""]";['qualite'];[100.0];;True;;False;{'StreetName': None, 'CityName': None, 'PostalZone': None, 'NUTS': 'FRH04', 'Country': 'FRA'};;;26-91141;;5310000.0;;LOT-0001;63712600;;1;1.0;;Attribution de la concession de l'aire de service de Brocéliande (RN24);ouverte;DIR-PMI-25-002;;;;True;False;False;5310000.0;7172;Service déconcentré de l'État à compétence (inter) départementale ;500  à  999;False;2006-05-30;84.13Z;2008;5499.0;Société à responsabilité limitée (sans autre indication);50  à  99;False;False;2008;G;46;46.7;46.71;46.71Z;1969-01-01;;Lyon;Rhône;Auvergne-Rhône-Alpes;;Rennes;Ille-et-Vilaine;Bretagne;;;;;;;;
False;['39290000'];;True;True;False;attribue;{'StreetName': 'Route De Rombas', 'AdditionalStreetName': None, 'CityName': 'Woippy', 'PostalZone': '57140', 'Country': 'FRA'};329338883;False;COLAS FRANCE;COLAS FRANCE;2026-09-23;{'StreetName': '2, avenue du Général de Gaulle', 'AdditionalStreetName': None, 'CityName': 'Cattenom', 'PostalZone': '57570', 'Country': 'FRA'};245700695;False;COMMUNAUTE COMMUNES CATTENOM ET ENVIRONS;C de Cattenom et Environs;;2026-09-01+02:00;travaux;"[""Le prix est le seul critère d'attribution.""]";['prix'];[100];360.0;False;;False;;;;26-91418;;315977.2;;LOT-0001;45212000;;15;4.0;;Rénovation et extension de la salle de repli EDF pour transformation en salle sportive et en cellules commerciales - Lots 1 à 16;ouverte;2619;;;;False;False;False;2500000.0;7346;Communauté de communes ;200  à  249;False;1986-01-16;84.11Z;2008;5710.0;SAS, société par actions simplifiée;10 000  et plus ;False;False;2008;F;42;42.1;42.11;42.11Z;1984-01-01;(49.160357, 6.154213);Woippy;Moselle;Grand Est;(49.405982, 6.24086);Cattenom;Moselle;Grand Est;;;;;;;;
False;['45223220'];;True;True;False;attribue;{'StreetName': '5 Rue Hubert Reeves', 'AdditionalStreetName': None, 'CityName': 'Norroy-Le-Veneur', 'PostalZone': '57140', 'Country': 'FRA'};431948116;False;SARIBAT;SARIBAT;2026-09-23;{'StreetName': '2, avenue du Général de Gaulle', 'AdditionalStreetName': None, 'CityName': 'Cattenom', 'PostalZone': '57570', 'Country': 'FRA'};245700695;False;COMMUNAUTE COMMUNES CATTENOM ET ENVIRONS;C de Cattenom et Environs;;2026-09-01+02:00;travaux;"[""Le prix est le seul critère d'attribution.""]";['prix'];[100];360.0;False;;False;;;;26-91418;;450000.0;;LOT-0002;45212000;;15;3.0;;Rénovation et extension de la salle de repli EDF pour transformation en salle sportive et en cellules commerciales - Lots 1 à 16;ouverte;2619;;;;False;False;False;2500000.0;7346;Communauté de communes ;200  à  249;False;1986-01-16;84.11Z;2008;5710.0;SAS, société par actions simplifiée;10  à  19;<NA>;<NA>;2008;F;43;43.9;43.99;43.99C;2000-06-15;(49.180607, 6.143122);Norroy-le-Veneur;Moselle;Grand Est;(49.405982, 6.24086);Cattenom;Moselle;Grand Est;;;;;;;;
False;['45261100'];;True;True;False;attribue;{'StreetName': '2 Rte Nationale', 'AdditionalStreetName': None, 'CityName': 'Metzervisse', 'PostalZone': '57940', 'Country': 'FRA'};310966379;False;ETABLISSEMENTS RIEU ET COMPAGNIE;ETABLISSEMENTS RIEU ET COMPAGNIE;2026-09-23;{'StreetName': '2, avenue du Général de Gaulle', 'AdditionalStreetName': None, 'CityName': 'Cattenom', 'PostalZone': '57570', 'Country': 'FRA'};245700695;False;COMMUNAUTE COMMUNES CATTENOM ET ENVIRONS;C de Cattenom et Environs;;2026-10-01+02:00;travaux;"[""Le prix est le seul critère d'attribution.""]";['prix'];[100];360.0;False;;False;;;;26-91418;;101532.0;;LOT-0003;45212000;;15;3.0;;Rénovation et extension de la salle de repli EDF pour transformation en salle sportive et en cellules commerciales - Lots 1 à 16;ouverte;2619;;;;False;False;False;2500000.0;7346;Communauté de communes ;200  à  249;False;1986-01-16;84.11Z;2008;5710.0;SAS, société par actions simplifiée;20  à  49;False;<NA>;2008;C;25;25.1;25.11;25.11Z;1977-01-01;(49.318515, 6.285148);Metzervisse;Moselle;Grand Est;(49.405982, 6.24086);Cattenom;Moselle;Grand Est;;;;;;;;
False;['45261213'];;True;True;False;attribue;{'StreetName': '35 Rue Du Velodrome', 'AdditionalStreetName': None, 'CityName': 'Saint-Etienne-Les-Remiremont', 'PostalZone': '88200', 'Country': 'FRA'};829440304;False;DEMIREL;DEMIREL;2026-09-23;{'StreetName': '2, avenue du Général de Gaulle', 'AdditionalStreetName': None, 'CityName': 'Cattenom', 'PostalZone': '57570', 'Country': 'FRA'};245700695;False;COMMUNAUTE COMMUNES CATTENOM ET ENVIRONS;C de Cattenom et Environs;;2026-09-21+02:00;travaux;"[""Le prix est le seul critère d'attribution.""]";['prix'];[100];360.0;False;;False;;;;26-91418;;224906.37;;LOT-0004;45212000;;15;5.0;;Rénovation et extension de la salle de repli EDF pour transformation en salle sportive et en cellules commerciales - Lots 1 à 16;ouverte;2619;;;;False;False;False;2500000.0;7346;Communauté de communes ;200  à  249;False;1986-01-16;84.11Z;2008;5499.0;Société à responsabilité limitée (sans autre indication);10  à  19;<NA>;<NA>;2008;F;43;43.2;43.29;43.29A;2017-04-25;(48.013012, 6.610337);Saint-Étienne-lès-Remiremont;Vosges;Grand Est;(49.405982, 6.24086);Cattenom;Moselle;Grand Est;;;;;;;;
False;['45262650'];;True;True;False;attribue;{'StreetName': '35 Rue Du Velodrome', 'AdditionalStreetName': None, 'CityName': 'Saint-Etienne-Les-Remiremont', 'PostalZone': '88200', 'Country': 'FRA'};829440304;False;DEMIREL;DEMIREL;2026-09-23;{'StreetName': '2, avenue du Général de Gaulle', 'AdditionalStreetName': None, 'CityName': 'Cattenom', 'PostalZone': '57570', 'Country': 'FRA'};245700695;False;COMMUNAUTE COMMUNES CATTENOM ET ENVIRONS;C de Cattenom et Environs;;2027-03-01+01:00;travaux;"[""Le prix est le seul critère d'attribution.""]";['prix'];[100];360.0;False;;False;;;;26-91418;;70693.0;;LOT-0006;45212000;;15;5.0;;Rénovation et extension de la salle de repli EDF pour transformation en salle sportive et en cellules commerciales - Lots 1 à 16;ouverte;2619;;;;False;False;False;2500000.0;7346;Communauté de communes ;200  à  249;False;1986-01-16;84.11Z;2008;5499.0;Société à responsabilité limitée (sans autre indication);10  à  19;<NA>;<NA>;2008;F;43;43.2;43.29;43.29A;2017-04-25;(48.013012, 6.610337);Saint-Étienne-lès-Remiremont;Vosges;Grand Est;(49.405982, 6.24086);Cattenom;Moselle;Grand Est;;;;;;;;
False;['44220000'];;True;True;False;attribue;{'StreetName': 'Rte D Audun Le Roman', 'AdditionalStreetName': None, 'CityName': 'Beuvillers', 'PostalZone': '54560', 'Country': 'FRA'};647220011;False;LEFEVRE;LEFEVRE;2026-09-23;{'StreetName': '2, avenue du Général de Gaulle', 'AdditionalStreetName': None, 'CityName': 'Cattenom', 'PostalZone': '57570', 'Country': 'FRA'};245700695;False;COMMUNAUTE COMMUNES CATTENOM ET ENVIRONS;C de Cattenom et Environs;;2027-02-01+01:00;travaux;"[""Le prix est le seul critère d'attribution.""]";['prix'];[100];360.0;False;;False;;;;26-91418;;133816.4;;LOT-0007;45212000;;15;11.0;;Rénovation et extension de la salle de repli EDF pour transformation en salle sportive et en cellules commerciales - Lots 1 à 16;ouverte;2619;;;;False;False;False;2500000.0;7346;Communauté de communes ;200  à  249;False;1986-01-16;84.11Z;2008;5710.0;SAS, société par actions simplifiée;20  à  49;False;<NA>;2008;F;43;43.3;43.32;43.32B;1964-01-01;(49.396048, 5.88866);Serrouville;Meurthe-et-Moselle;Grand Est;(49.405982, 6.24086);Cattenom;Moselle;Grand Est;;;;;;;;
False;['44316500'];;True;True;False;attribue;{'StreetName': '6 Rue Du Chemin De Fer', 'AdditionalStreetName': None, 'CityName': 'Teting-Sur-Nied', 'PostalZone': '57385', 'Country': 'FRA'};428936827;False;SERRURERIE MOSELLANE;SERRURERIE MOSELLANE;2026-09-23;{'StreetName': '2, avenue du Général de Gaulle', 'AdditionalStreetName': None, 'CityName': 'Cattenom', 'PostalZone': '57570', 'Country': 'FRA'};245700695;False;COMMUNAUTE COMMUNES CATTENOM ET ENVIRONS;C de Cattenom et Environs;;2027-02-15+01:00;travaux;"[""Le prix est le seul critère d'attribution.""]";['prix'];[100];360.0;False;;False;;;;26-91418;;59985.0;;LOT-0008;45212000;;15;3.0;;Rénovation et extension de la salle de repli EDF pour transformation en salle sportive et en cellules commerciales - Lots 1 à 16;ouverte;2619;;;;False;False;False;2500000.0;7346;Communauté de communes ;200  à  249;False;1986-01-16;84.11Z;2008;5710.0;SAS, société par actions simplifiée;20  à  49;True;<NA>;2008;F;43;43.3;43.32;43.32B;2000-01-17;(49.050742, 6.6657);Teting-sur-Nied;Moselle;Grand Est;(49.405982, 6.24086);Cattenom;Moselle;Grand Est;;;;;;;;
False;['45410000'];;True;True;False;attribue;{'StreetName': '30 Rue Marechal Foch', 'AdditionalStreetName': None, 'CityName': 'Freyming-Merlebach', 'PostalZone': '57800', 'Country': 'FRA'};521141770;False;LP ENTREPRISE DE PLATRERIE;LP ENTREPRISE DE PLATRERIE;2026-09-23;{'StreetName': '2, avenue du Général de Gaulle', 'AdditionalStreetName': None, 'CityName': 'Cattenom', 'PostalZone': '57570', 'Country': 'FRA'};245700695;False;COMMUNAUTE COMMUNES CATTENOM ET ENVIRONS;C de Cattenom et Environs;;2027-04-01+02:00;travaux;"[""Le prix est le seul critère d'attribution.""]";['prix'];[100];360.0;False;;False;;;;26-91418;;86858.0;;LOT-0009;45212000;;15;5.0;;Rénovation et extension de la salle de repli EDF pour transformation en salle sportive et en cellules commerciales - Lots 1 à 16;ouverte;2619;;;;False;False;False;2500000.0;7346;Communauté de communes ;200  à  249;False;1986-01-16;84.11Z;2008;5499.0;Société à responsabilité limitée (sans autre indication);1  ou  2;<NA>;<NA>;2008;F;43;43.3;43.31;43.31Z;2010-02-23;(49.148224, 6.812336);Freyming-Merlebach;Moselle;Grand Est;(49.405982, 6.24086);Cattenom;Moselle;Grand Est;;;;;;;;
False;['45421000'];;True;True;False;attribue;{'StreetName': '2 Av Marchande', 'AdditionalStreetName': None, 'CityName': 'Grosbliederstroff', 'PostalZone': '57520', 'Country': 'FRA'};303829584;False;PFIRSCH ROBERT ET FILS;PFIRSCH ROBERT ET FILS;2026-09-23;{'StreetName': '2, avenue du Général de Gaulle', 'AdditionalStreetName': None, 'CityName': 'Cattenom', 'PostalZone': '57570', 'Country': 'FRA'};245700695;False;COMMUNAUTE COMMUNES CATTENOM ET ENVIRONS;C de Cattenom et Environs;;2027-04-01+02:00;travaux;"[""Le prix est le seul critère d'attribution.""]";['prix'];[100];360.0;False;;False;;;;26-91418;;175304.0;;LOT-0010;45212000;;15;1.0;;Rénovation et extension de la salle de repli EDF pour transformation en salle sportive et en cellules commerciales - Lots 1 à 16;ouverte;2619;;;;False;False;False;2500000.0;7346;Communauté de communes ;200  à  249;False;1986-01-16;84.11Z;2008;5499.0;Société à responsabilité limitée (sans autre indication);20  à  49;False;<NA>;2008;F;43;43.3;43.32;43.32A;1975-01-01;(49.139024, 7.042529);Grosbliederstroff;Moselle;Grand Est;(49.405982, 6.24086);Cattenom;Moselle;Grand Est;;;;;;;;
False;['45262321'];;True;True;False;attribue;{'StreetName': '9 Rue Acacias', 'AdditionalStreetName': None, 'CityName': 'La Maxe', 'PostalZone': '57140', 'Country': 'FRA'};500824917;False;IB CONSTRUCTION;IB CONSTRUCTION;2026-09-23;{'StreetName': '2, avenue du Général de Gaulle', 'AdditionalStreetName': None, 'CityName': 'Cattenom', 'PostalZone': '57570', 'Country': 'FRA'};245700695;False;COMMUNAUTE COMMUNES CATTENOM ET ENVIRONS;C de Cattenom et Environs;;2027-04-01+02:00;travaux;"[""Le prix est le seul critère d'attribution.""]";['prix'];[100];360.0;False;;False;;;;26-91418;;64596.0;;LOT-0011;45212000;;15;4.0;;Rénovation et extension de la salle de repli EDF pour transformation en salle sportive et en cellules commerciales - Lots 1 à 16;ouverte;2619;;;;False;False;False;2500000.0;7346;Communauté de communes ;200  à  249;False;1986-01-16;84.11Z;2008;5499.0;Société à responsabilité limitée (sans autre indication);10  à  19;False;<NA>;2008;F;43;43.9;43.99;43.99C;2007-11-12;(49.15505, 6.184063);La Maxe;Moselle;Grand Est;(49.405982, 6.24086);Cattenom;Moselle;Grand Est;;;;;;;;
False;['44112200'];;True;True;False;attribue;{'StreetName': '5 All Des Cepes', 'AdditionalStreetName': None, 'CityName': 'Saint-Marcel-Les-Valence', 'PostalZone': '26320', 'Country': 'FRA'};897452686;False;REALSPORT FRANCE;REALSPORT FRANCE;2026-09-23;{'StreetName': '2, avenue du Général de Gaulle', 'AdditionalStreetName': None, 'CityName': 'Cattenom', 'PostalZone': '57570', 'Country': 'FRA'};245700695;False;COMMUNAUTE COMMUNES CATTENOM ET ENVIRONS;C de Cattenom et Environs;;2027-07-05+02:00;travaux;"[""Le prix est le seul critère d'attribution.""]";['prix'];[100];360.0;False;;False;;;;26-91418;;61725.19;;LOT-0012;45212000;;15;3.0;;Rénovation et extension de la salle de repli EDF pour transformation en salle sportive et en cellules commerciales - Lots 1 à 16;ouverte;2619;;;;False;False;False;2500000.0;7346;Communauté de communes ;200  à  249;False;1986-01-16;84.11Z;2008;5710.0;SAS, société par actions simplifiée;3  à  5;False;<NA>;2008;F;42;42.9;42.99;42.99Z;2021-03-03;(44.965837, 4.957411);Saint-Marcel-lès-Valence;Drôme;Auvergne-Rhône-Alpes;(49.405982, 6.24086);Cattenom;Moselle;Grand Est;;;;;;;;
False;['37400000'];;True;True;False;attribue;{'StreetName': '5 All Des Cepes', 'AdditionalStreetName': None, 'CityName': 'Saint-Marcel-Les-Valence', 'PostalZone': '26320', 'Country': 'FRA'};897452686;False;REALSPORT FRANCE;REALSPORT FRANCE;2026-09-23;{'StreetName': '2, avenue du Général de Gaulle', 'AdditionalStreetName': None, 'CityName': 'Cattenom', 'PostalZone': '57570', 'Country': 'FRA'};245700695;False;COMMUNAUTE COMMUNES CATTENOM ET ENVIRONS;C de Cattenom et Environs;;2027-08-09+02:00;travaux;"[""Le prix est le seul critère d'attribution.""]";['prix'];[100];360.0;False;;False;;;;26-91418;;22676.0;;LOT-0013;45212000;;15;2.0;;Rénovation et extension de la salle de repli EDF pour transformation en salle sportive et en cellules commerciales - Lots 1 à 16;ouverte;2619;;;;False;False;False;2500000.0;7346;Communauté de communes ;200  à  249;False;1986-01-16;84.11Z;2008;5710.0;SAS, société par actions simplifiée;3  à  5;False;<NA>;2008;F;42;42.9;42.99;42.99Z;2021-03-03;(44.965837, 4.957411);Saint-Marcel-lès-Valence;Drôme;Auvergne-Rhône-Alpes;(49.405982, 6.24086);Cattenom;Moselle;Grand Est;;;;;;;;
False;['44810000'];;True;True;False;attribue;{'StreetName': '9 Imp Anciens Hauts Fourneaux', 'AdditionalStreetName': None, 'CityName': 'Thionville', 'PostalZone': '57100', 'Country': 'FRA'};352394159;False;FAUST;FAUST;2026-09-23;{'StreetName': '2, avenue du Général de Gaulle', 'AdditionalStreetName': None, 'CityName': 'Cattenom', 'PostalZone': '57570', 'Country': 'FRA'};245700695;False;COMMUNAUTE COMMUNES CATTENOM ET ENVIRONS;C de Cattenom et Environs;;2027-02-09+01:00;travaux;"[""Le prix est le seul critère d'attribution.""]";['prix'];[100];360.0;False;;False;;;;26-91418;;49603.25;;LOT-0014;45212000;;15;4.0;;Rénovation et extension de la salle de repli EDF pour transformation en salle sportive et en cellules commerciales - Lots 1 à 16;ouverte;2619;;;;False;False;False;2500000.0;7346;Communauté de communes ;200  à  249;False;1986-01-16;84.11Z;2008;5499.0;Société à responsabilité limitée (sans autre indication);6  à  9;<NA>;<NA>;2008;F;43;43.3;43.34;43.34Z;1989-10-01;(49.343383, 6.1596);Thionville;Moselle;Grand Est;(49.405982, 6.24086);Cattenom;Moselle;Grand Est;;;;;;;;
False;['45311100'];;True;True;False;attribue;{'StreetName': '11 Rue Des Potiers D Etain', 'AdditionalStreetName': None, 'CityName': 'Metz', 'PostalZone': '57000', 'Country': 'FRA'};393914098;False;COOPERATIVE OUVRIERE MOSELLANE ELECTRICI;COOPERATIVE OUVRIERE MOSELLANE ELECTRICI;2026-09-23;{'StreetName': '2, avenue du Général de Gaulle', 'AdditionalStreetName': None, 'CityName': 'Cattenom', 'PostalZone': '57570', 'Country': 'FRA'};245700695;False;COMMUNAUTE COMMUNES CATTENOM ET ENVIRONS;C de Cattenom et Environs;;2026-09-08+02:00;travaux;"[""Le prix est le seul critère d'attribution.""]";['prix'];[100];360.0;False;;False;;;;26-91418;;206051.66;;LOT-0015;45212000;;15;5.0;;Rénovation et extension de la salle de repli EDF pour transformation en salle sportive et en cellules commerciales - Lots 1 à 16;ouverte;2619;;;;False;False;False;2500000.0;7346;Communauté de communes ;200  à  249;False;1986-01-16;84.11Z;2008;5458.0;SARL coopérative de production (SCOP);10  à  19;True;<NA>;2008;F;43;43.2;43.21;43.21A;1994-03-01;(49.115355, 6.243565);Metz;Moselle;Grand Est;(49.405982, 6.24086);Cattenom;Moselle;Grand Est;;;;;;;;
False;['45332400'];;True;True;False;attribue;{'StreetName': 'Zone Artisanale Saint Jean', 'AdditionalStreetName': None, 'CityName': 'Jouy-Aux-Arches', 'PostalZone': '57130', 'Country': 'FRA'};502675911;False;EIFFAGE ENERGIE SYSTEMES - BOUCHEREZ METZ;ETABLISSEMENTS BOUCHEREZ;2026-09-23;{'StreetName': '2, avenue du Général de Gaulle', 'AdditionalStreetName': None, 'CityName': 'Cattenom', 'PostalZone': '57570', 'Country': 'FRA'};245700695;False;COMMUNAUTE COMMUNES CATTENOM ET ENVIRONS;C de Cattenom et Environs;;2026-09-08+02:00;travaux;"[""Le prix est le seul critère d'attribution.""]";['prix'];[100];360.0;False;;False;;;;26-91418;;299877.0;;LOT-0016;45212000;;15;5.0;;Rénovation et extension de la salle de repli EDF pour transformation en salle sportive et en cellules commerciales - Lots 1 à 16;ouverte;2619;;;;False;False;False;2500000.0;7346;Communauté de communes ;200  à  249;False;1986-01-16;84.11Z;2008;5710.0;SAS, société par actions simplifiée;50  à  99;False;<NA>;2008;F;43;43.2;43.22;43.22A;2008-02-07;(49.07836, 6.098715);Jouy-aux-Arches;Moselle;Grand Est;(49.405982, 6.24086);Cattenom;Moselle;Grand Est;;;;;;;;
False;['43210000', '45520000'];;False;False;False;attribue;{'StreetName': '8 Impasse De La Senechale', 'AdditionalStreetName': None, 'CityName': 'Le Poinconnet', 'PostalZone': '36330', 'Country': 'FRA'};505304725;False;ALLO TRAVAUX PUBLICS LOCATION DU CENTRE;ALLO TRAVAUX PUBLICS LOCATION DU CENTRE;2026-09-23;{'StreetName': 'Département du Loiret', 'AdditionalStreetName': None, 'CityName': 'Orléans', 'PostalZone': '45945', 'Country': 'FRA'};224500017;False;DEPARTEMENT DU LOIRET;Conseil départemental du Loiret;;2026-06-01+02:00;services;"[""Valeur technique de l'offre appréciée à l'aide du mémoire technique"", 'Prix des prestations']";['technique', 'prix'];;360.0;False;;False;;sans remise en concurrence;;26-91368;;;;LOT-0000;60181000;300000.0;1;4.0;;"La présente consultation concerne :
Location de matériels de terrassement avec chauffeur pour les opérations d'archéologie préventive";ouverte;2026_AOO_FCS_LOCATION DE MATERIELS DE TERASSEMENT;3.0;;;False;False;False;;7220;Département ;2 000  à  4 999;False;1978-01-01;84.11Z;2008;5710.0;SAS, société par actions simplifiée;20  à  49;<NA>;<NA>;2008;N;77;77.3;77.32;77.32Z;2008-07-18;(46.77419, 1.74318);Le Poinçonnet;Indre;Centre-Val de Loire;;;;;;;;;;;;
False;['73200000', '79400000', '79421000'];;True;False;False;attribue;;;False;;;2026-09-23;{'StreetName': '3 av. Claude-Guillemin', 'AdditionalStreetName': None, 'CityName': 'Orléans', 'PostalZone': '45060', 'Country': 'FRA'};582056149;False;BRGM;Bureau de Recherche en Géologie Minière (BRGM);;2026-07-15+02:00;services;['Valeur technique', 'Développement durable', 'Prix'];['technique', 'environnemental', 'prix'];[50.0, 10.0, 40.0];1440.0;True;400000.0;True;;avec remise en concurrence;S'agissant d'assistance dans les projets Horizon Europe, ceux-ci bénéficient de subventions européennes;26-91417;;;;LOT-0000;72224000;400000.0;1;9.0;;Appui au montage, à la gestion et au reporting de projets européens dans le cadre des programmes cadres de recherche et d'innovation;ouverte;HAD3P260420;;;;True;True;True;;4110;Établissement public national à caractère industriel ou commercial doté d'un comptable public ;1 000  à  1 999;False;1958-01-01;72.19Z;2008;;;;;;<NA>;;;;;<NA>;<NA>;;;;;(47.830052, 1.937489);Orléans;Loiret;Centre-Val de Loire;;;;;;;;
False;['50324200', '45259000'];;True;False;False;attribue;{'StreetName': None, 'AdditionalStreetName': None, 'CityName': '56260', 'PostalZone': '56000', 'Country': 'FRA'};339379984;True;SAUR;SAUR;2026-09-23;{'StreetName': '5 QUAI HENRY-MAURICE BENARD', 'AdditionalStreetName': None, 'CityName': 'PONT L ABBE', 'PostalZone': '29120', 'Country': 'FRA'};991469065;True;SOCIETE D'EXPLOITATION DES PORTS DE PECHE DE CORNOUAILLE;"Société d&#039;exploitation des ports de pêche de Cornouaille";;;services;['Voir les documents de marché'];['prix'];[100];360.0;False;;False;{'StreetName': None, 'CityName': None, 'PostalZone': None, 'NUTS': 'FRH02', 'Country': 'FRA'};sans remise en concurrence;;26-91434;;780351.0;;LOT-0001;50500000;280000.0;1;2.0;;Maintenance des installations de production d’eau de mer des criées de Cornouaille;ouverte;26-SO-009;3.0;;;False;False;False;780351.0;5599;SA à conseil d'administration (s.a.i.);;False;2025-09-15;52.22Z;2008;5710.0;SAS, société par actions simplifiée;5 000  à  9 999;False;False;2008;E;36;36.0;36.0;36.00Z;1986-10-28;;Larmor-Plage;Morbihan;Bretagne;(47.867202, -4.216887);Pont-l'Abbé;Finistère;Bretagne;;;;;;;;
False;['42416300', '42418000'];;True;False;False;non attribue;;;False;;;2026-09-23;{'StreetName': '5 QUAI HENRY-MAURICE BENARD', 'AdditionalStreetName': None, 'CityName': 'Pont l Abbe', 'PostalZone': '29120', 'Country': 'FRA'};991469065;True;SOCIETE D'EXPLOITATION DES PORTS DE PECHE DE CORNOUAILLE;"Société d&#039;exploitation des ports de pêche de Cornouaille";;;fournitures;['Voir les documents du marché'];['prix'];[100];360.0;False;;False;{'StreetName': None, 'CityName': None, 'PostalZone': None, 'NUTS': 'FRH02', 'Country': 'FRA'};sans remise en concurrence;;26-91431;;;;LOT-0001;42410000;;1;2.0;;Achat et maintenance « Full service » de transpalettes;ouverte;26-SO-008;3.0;;;False;False;False;;5599;SA à conseil d'administration (s.a.i.);;False;2025-09-15;52.22Z;2008;;;;;;<NA>;;;;;<NA>;<NA>;;;;;(47.867202, -4.216887);Pont-l'Abbé;Finistère;Bretagne;;;;;;;;
False;['31625300', '79711000', '35120000', '35121700'];;False;True;False;attribue;{'StreetName': '24 rue du Bois de la rose', 'AdditionalStreetName': None, 'CityName': 'Ville La Grand', 'PostalZone': '74100', 'Country': 'FRA'};404365611;False;ALARME CONCEPT;ALARME CONCEPT SAS;2026-09-23;{'StreetName': '2 avenue Charles Poncet', 'AdditionalStreetName': None, 'CityName': 'Cluses cedex', 'PostalZone': '74300', 'Country': 'FRA'};200033116;False;COMMUNAUTE DE COMMUNES CLUSES ARVE ET MONTAGNES;Communauté de Communes Cluses Arve et Montagnes;;;services;['Valeur technique', 'Prix des prestations'];['technique', 'prix'];[45.0, 55.0];;False;522000.0;False;;sans remise en concurrence;;26-91444;;192000.0;;LOT-0001;50610000;522000.0;2;4.0;1.0;Extension, installation et maintenance de matériels de détection d'intrusion (lot01), de télésurveillance (lot 02) et de levée de doute (lot 03) - Relance suite à déclaration sans suite des lots 01 et;ouverte;S-PF-2026-02;3.0;;;False;False;False;;7346;Communauté de communes ;100  à  199;False;2013-01-01;84.11Z;2008;5710.0;SAS, société par actions simplifiée;6  à  9;False;<NA>;2008;N;80;80.2;80.2;80.20Z;1996-03-18;(46.205768, 6.278094);Ville-la-Grand;Haute-Savoie;Auvergne-Rhône-Alpes;(46.062969, 6.579869);Cluses;Haute-Savoie;Auvergne-Rhône-Alpes;;;;;;;;
False;['71700000', '79711000', '35120000', '35121700'];;False;True;False;attribue;{'StreetName': '25 rue Gustave Nadaud', 'AdditionalStreetName': None, 'CityName': 'Limoges', 'PostalZone': '87000', 'Country': 'FRA'};890639172;False;ADLP TELESURVEILLANCE;OPTI SECURITE SAS;2026-09-23;{'StreetName': '2 avenue Charles Poncet', 'AdditionalStreetName': None, 'CityName': 'Cluses cedex', 'PostalZone': '74300', 'Country': 'FRA'};200033116;False;COMMUNAUTE DE COMMUNES CLUSES ARVE ET MONTAGNES;Communauté de Communes Cluses Arve et Montagnes;;;services;['Valeur technique', 'Prix des prestations'];['technique', 'prix'];[40.0, 60.0];;False;522000.0;False;;sans remise en concurrence;;26-91444;;330000.0;;LOT-0003;50610000;522000.0;2;2.0;0.0;Extension, installation et maintenance de matériels de détection d'intrusion (lot01), de télésurveillance (lot 02) et de levée de doute (lot 03) - Relance suite à déclaration sans suite des lots 01 et;ouverte;S-PF-2026-02;3.0;;;False;False;False;;7346;Communauté de communes ;100  à  199;False;2013-01-01;84.11Z;2008;5710.0;SAS, société par actions simplifiée;;False;<NA>;2008;N;80;80.2;80.2;80.20Z;2020-11-02;(45.836965, 1.25301);Limoges;Haute-Vienne;Nouvelle-Aquitaine;(46.062969, 6.579869);Cluses;Haute-Savoie;Auvergne-Rhône-Alpes;;;;;;;;
False;['45111100', '45262660'];;True;False;False;attribue;{'StreetName': '291 Rue Des Sarazins', 'AdditionalStreetName': None, 'CityName': 'Bonneville', 'PostalZone': '74130', 'Country': 'FRA'};977959097;False;REVELON;REVELON;2026-09-23;"{'StreetName': ""1 rue du 30ème Régiment d'Infanterie"", 'AdditionalStreetName': 'Cs 32444', 'CityName': 'Annecy Cedex', 'PostalZone': '74041', 'Country': 'FRA'}";227400017;False;DEPARTEMENT DE LA HAUTE SAVOIE;Département de la Haute-Savoie;;;travaux;"['Valeur technique', ""Performances en matière de protection de l'environnement"", 'Prix']";['technique', 'environnemental', 'prix'];[20.0, 20.0, 60.0];;True;;False;;;;26-91293;;628989.25;;LOT-0001;45111100;;1;8.0;5.0;Bonneville - Réhabilitation de l'ancien site de l'INSPE en collège - Lot n°1 - Décontamination / Curage / Démolition;ouverte;2026M0029;;;;False;True;False;628989.25;7220;Département ;2 000  à  4 999;False;1983-03-01;84.11Z;2008;5710.0;SAS, société par actions simplifiée;3  à  5;False;<NA>;2008;F;43;43.1;43.11;43.11Z;2023-07-20;(46.067231, 6.410235);Bonneville;Haute-Savoie;Auvergne-Rhône-Alpes;(45.903451, 6.131219);Annecy;Haute-Savoie;Auvergne-Rhône-Alpes;;;;;;;;
False;['50000000', '31700000'];;True;False;False;attribue;{'StreetName': 'ZA les Ansereuilles - CS 20127', 'AdditionalStreetName': None, 'CityName': 'WAVRIN', 'PostalZone': '59536', 'Country': 'FRA'};424850014;True;PORTALP FRANCE;PORTALP France;2026-09-23;{'StreetName': '1 rond point du professeur Christian Cabrol', 'AdditionalStreetName': None, 'CityName': 'AMIENS CEDEX 1', 'PostalZone': '80054', 'Country': 'FRA'};268000148;True;CENTRE HOSPITALIER UNIVERSITAIRE;CHU AMIENS PICARDIE;;;services;"['Prix décomposé en sous-critères suivants : 60 points\n- Montant total D.P.G.F. (forfait annuel de maintenance préventive) sur 30 points\n- Montant total D.Q.E. annuel (maintenance corrective et pièces détachées) sur 30 points', ""Valeur technique décomposée en sous-critères suivants : 40 points\n- Adéquation des moyens humains et techniques spécifiquement dédiés à la réalisation des prestations sur 10 points\n- Précision et pertinence de la méthodologie d'intervention pour les maintenances préventive, corrective et la fourniture des pièces détachées sur 25 points\n- Qualité des mesures environnementales prises en lien avec l'objet des prestations du marché sur 5 points""]";['prix', 'environnemental & social'];;1440.0;False;;False;{'StreetName': 'CHU AMIENS PICARDIE\nrue du Campus', 'CityName': 'AMIENS', 'PostalZone': '80000', 'NUTS': 'FRE23', 'Country': 'FRA'};sans remise en concurrence;;26-91413;;4953.0;;LOT-0001;50324200;1000000.0;1;2.0;;Maintenance préventive, corrective et fourniture de pièces détachées pour les portes manuelles à débit de fuite contrôlé – Relance;ouverte;26TE0099;;;;False;False;False;4953.0;7364;Établissement d'hospitalisation ;5 000  à  9 999;False;1953-09-02;86.10Z;2008;5710.0;SAS, société par actions simplifiée;500  à  999;False;<NA>;2008;F;43;43.2;43.29;43.29B;1999-11-01;;;;;;;;;;;;;;;;
False;;;True;False;False;attribue;{'StreetName': '9 CHEMIN DE LA VIEILLE FERME', 'AdditionalStreetName': None, 'CityName': 'MARTILLAC', 'PostalZone': '33650', 'Country': 'FRA'};505281253;True;MADINE ELECTROSERVICES;MADINE ELECTROSERVICES;2026-09-23;{'StreetName': None, 'AdditionalStreetName': None, 'CityName': 'Saintes', 'PostalZone': '17108', 'Country': 'FRA'};261700025;True;GROUPE HOSPITALIER SAINTES-SAINT-JEAN-D'ANGELY;GROUPE HOSPITALIER SAINTES - SAINT-JEAN D'ANGELY, Ets support GHT Charente-Maritime Sud;;;services;"['Prix sur la base du montant total en euros TTC complété dans le DQE', ""Valeur technique sur la base du mémoire technique : - méthodologie d'intervention pour la maintenance préventive (20%) - délai d'intervention pour la maintenance corrective (10%)"", ""Performance en matière de protection de l'environnement sur la base de la note environnementale liée à l'exécution du marché""]";['prix', 'delai', 'environnemental'];;1095.0;True;;False;{'StreetName': None, 'CityName': None, 'PostalZone': None, 'NUTS': 'FRI32', 'Country': 'FRA'};sans remise en concurrence;;26-91103;;258676.47;;LOT-0001;50324200;200000.0;1;1.0;;MAINTENANCE DES INSTALLATIONS ELECTRIQUES HAUTE TENSION ET BASSE TENSION;ouverte;PA000405;;;;True;False;False;258676.47;7364;Établissement d'hospitalisation ;2 000  à  4 999;False;1983-03-01;86.10Z;2008;5710.0;SAS, société par actions simplifiée;10  à  19;False;<NA>;2008;C;33;33.2;33.2;33.20D;2008-07-01;(44.723295, -0.52802);Martillac;Gironde;Nouvelle-Aquitaine;;Saintes;Charente-Maritime;Nouvelle-Aquitaine;;;;;;;;
False;;;True;False;False;attribue;{'StreetName': None, 'AdditionalStreetName': None, 'CityName': 'Mirambeau', 'PostalZone': '17150', 'Country': 'FRA'};340669415;True;ENTREPRISE TARDY;ENTREPRISE TARDY;2026-09-23;{'StreetName': '14 rue François de Sourdis', 'AdditionalStreetName': None, 'CityName': 'Bordeaux', 'PostalZone': '33077', 'Country': 'FRA'};200053759;True;REGION NOUVELLE-AQUITAINE;Région Nouvelle-Aquitaine;;;travaux;['prix des prestations', 'valeur technique'];['prix', 'technique'];[60.0, 40.0];1080.0;False;;False;{'StreetName': None, 'CityName': None, 'PostalZone': None, 'NUTS': 'FRI32', 'Country': 'FRA'};;;26-91375;;58645.0;;LOT-0001;45112710;;1;5.0;;"Lycée Maritime et Aquacole à La Rochelle (17) - Travaux de restructuration et d'extension du lycée - Relance du lot 17 ""Espaces verts""";ouverte;2026P000T026150000;;;;False;False;False;58645.0;7230;Région ;5 000  à  9 999;False;2016-01-01;84.11Z;2008;5499.0;Société à responsabilité limitée (sans autre indication);20  à  49;False;<NA>;2008;N;81;81.3;81.3;81.30Z;1987-02-13;;Saint-Vivien-de-Médoc;Gironde;Nouvelle-Aquitaine;(44.836539, -0.589206);Bordeaux;Gironde;Nouvelle-Aquitaine;;;;;;;;
False;;;True;True;False;attribue;{'StreetName': '21 rue de Bellevue', 'AdditionalStreetName': None, 'CityName': 'Corné', 'PostalZone': '49630', 'Country': 'FRA'};315769315;True;TRANSPORTS VOISIN;Transports VOISIN;2026-09-23;{'StreetName': '103 rue Charles Darwin', 'AdditionalStreetName': None, 'CityName': 'Tiercé', 'PostalZone': '49125', 'Country': 'FRA'};200068955;True;ANJOU LOIR ET SARTHE;Communauté de Communes Anjou Loir et Sarthe;;;services;['Prix', 'Valeur technique', 'Valeur environnementale'];['prix', 'technique', 'environnemental'];[60.0, 30.0, 10.0];1440.0;False;;False;{'StreetName': '103 rue Charles Darwin', 'CityName': 'Tiercé', 'PostalZone': '49125', 'NUTS': 'FRG02', 'Country': 'FRA'};sans remise en concurrence;;26-91525;;48371.0;;LOT-0001;60170000;326000.0;3;1.0;;MARCHÉ DE TRANSPORT DE PERSONNES;ouverte;PPP1PU-103/6060/2026-02;;;;False;False;False;;7346;Communauté de communes ;200  à  249;<NA>;2016-12-31;84.11Z;2008;5710.0;SAS, société par actions simplifiée;200  à  249;False;<NA>;2008;H;49;49.3;49.39;49.39A;1979-01-01;(47.474145, -0.344333);Loire-Authion;Maine-et-Loire;Pays de la Loire;(47.614654, -0.452537);Tiercé;Maine-et-Loire;Pays de la Loire;;;;;;;;
False;;;True;True;False;attribue;{'StreetName': '21 rue de Bellevue', 'AdditionalStreetName': None, 'CityName': 'Corné', 'PostalZone': '49630', 'Country': 'FRA'};315769315;True;TRANSPORTS VOISIN;Transports VOISIN;2026-09-23;{'StreetName': '103 rue Charles Darwin', 'AdditionalStreetName': None, 'CityName': 'Tiercé', 'PostalZone': '49125', 'Country': 'FRA'};200068955;True;ANJOU LOIR ET SARTHE;Communauté de Communes Anjou Loir et Sarthe;;;services;['Prix', 'Valeur technique', 'Valeur environnementale'];['prix', 'technique', 'environnemental'];[60.0, 30.0, 10.0];1440.0;False;;False;{'StreetName': '103 rue Charles Darwin', 'CityName': 'Tiercé', 'PostalZone': '49125', 'NUTS': 'FRG02', 'Country': 'FRA'};sans remise en concurrence;;26-91525;;30554.0;;LOT-0002;60170000;326000.0;3;1.0;;MARCHÉ DE TRANSPORT DE PERSONNES;ouverte;PPP1PU-103/6060/2026-02;;;;False;False;False;;7346;Communauté de communes ;200  à  249;<NA>;2016-12-31;84.11Z;2008;5710.0;SAS, société par actions simplifiée;200  à  249;False;<NA>;2008;H;49;49.3;49.39;49.39A;1979-01-01;(47.474145, -0.344333);Loire-Authion;Maine-et-Loire;Pays de la Loire;(47.614654, -0.452537);Tiercé;Maine-et-Loire;Pays de la Loire;;;;;;;;
False;;;True;True;False;attribue;{'StreetName': '21 rue de Bellevue', 'AdditionalStreetName': None, 'CityName': 'Corné', 'PostalZone': '49630', 'Country': 'FRA'};315769315;True;TRANSPORTS VOISIN;Transports VOISIN;2026-09-23;{'StreetName': '103 rue Charles Darwin', 'AdditionalStreetName': None, 'CityName': 'Tiercé', 'PostalZone': '49125', 'Country': 'FRA'};200068955;True;ANJOU LOIR ET SARTHE;Communauté de Communes Anjou Loir et Sarthe;;;services;['Prix', 'Valeur technique', 'Valeur environnementale'];['prix', 'technique', 'environnemental'];[60.0, 30.0, 10.0];1440.0;False;;False;{'StreetName': '103 rue Charles Darwin', 'CityName': 'Tiercé', 'PostalZone': '49125', 'NUTS': 'FRG02', 'Country': 'FRA'};sans remise en concurrence;;26-91525;;14732.0;;LOT-0003;60170000;326000.0;3;1.0;;MARCHÉ DE TRANSPORT DE PERSONNES;ouverte;PPP1PU-103/6060/2026-02;;;;False;False;False;;7346;Communauté de communes ;200  à  249;<NA>;2016-12-31;84.11Z;2008;5710.0;SAS, société par actions simplifiée;200  à  249;False;<NA>;2008;H;49;49.3;49.39;49.39A;1979-01-01;(47.474145, -0.344333);Loire-Authion;Maine-et-Loire;Pays de la Loire;(47.614654, -0.452537);Tiercé;Maine-et-Loire;Pays de la Loire;;;;;;;;
False;;;True;True;False;attribue;{'StreetName': 'Les Petites Quarterées', 'AdditionalStreetName': None, 'CityName': 'MERY SUR CHER', 'PostalZone': '18100', 'Country': 'FRA'};509318044;True;AB MEDICA;AB MEDICA;2026-09-23;{'StreetName': '39 avenue de la Liberté', 'AdditionalStreetName': None, 'CityName': 'Colmar', 'PostalZone': '68024', 'Country': 'FRA'};266800903;True;CENTRE HOSPITALIER DE COLMAR;Hôpitaux Civils de Colmar (68);;;fournitures;['Prix'];['prix'];[100];1440.0;False;;False;{'StreetName': None, 'CityName': 'COLMAR', 'PostalZone': '68000', 'NUTS': 'FRF12', 'Country': 'FRA'};sans remise en concurrence;;26-91545;;12859.0;;LOT-0001;33140000;;91;;;Groupement d'Achats de Produits de Santé Centre Alsace - Fourniture de dispositifs médicaux spécifiques 2026/2030;negociee;Exclusivités / Marchés négociés;;;;False;False;False;;7364;Établissement d'hospitalisation ;2 000  à  4 999;<NA>;1983-03-01;86.10Z;2008;5710.0;SAS, société par actions simplifiée;50  à  99;False;<NA>;2008;G;47;47.7;47.74;47.74Z;2008-11-18;(47.230694, 2.015915);Méry-sur-Cher;Cher;Centre-Val de Loire;(48.076851, 7.336788);Colmar;Haut-Rhin;Grand Est;;;;;;;;
False;;;True;True;False;attribue;"{'StreetName': ""40/48 rue d'Arcueil"", 'AdditionalStreetName': None, 'CityName': 'RUNGIS CEDEX', 'PostalZone': '94593', 'Country': 'FRA'}";602950206;True;ABBOTT FRANCE;ABBOTT FRANCE;2026-09-23;{'StreetName': '39 avenue de la Liberté', 'AdditionalStreetName': None, 'CityName': 'Colmar', 'PostalZone': '68024', 'Country': 'FRA'};266800903;True;CENTRE HOSPITALIER DE COLMAR;Hôpitaux Civils de Colmar (68);;;fournitures;['Prix'];['prix'];[100];1440.0;False;;False;{'StreetName': None, 'CityName': 'COLMAR', 'PostalZone': '68000', 'NUTS': 'FRF12', 'Country': 'FRA'};sans remise en concurrence;;26-91545;;157407.0;;LOT-0002;33140000;;91;;;Groupement d'Achats de Produits de Santé Centre Alsace - Fourniture de dispositifs médicaux spécifiques 2026/2030;negociee;Exclusivités / Marchés négociés;;;;False;False;False;;7364;Établissement d'hospitalisation ;2 000  à  4 999;<NA>;1983-03-01;86.10Z;2008;5710.0;SAS, société par actions simplifiée;250  à  499;False;<NA>;2008;G;46;46.4;46.46;46.46Z;1900-01-01;(48.746891, 2.356794);Rungis;Val-de-Marne;Île-de-France;(48.076851, 7.336788);Colmar;Haut-Rhin;Grand Est;;;;;;;;
False;;;True;True;False;attribue;"{'StreetName': ""40/48  rue d'Arcueil\nCP 10457"", 'AdditionalStreetName': None, 'CityName': 'RUNGIS CEDEX', 'PostalZone': '94593', 'Country': 'FRA'}";398043356;True;ABBOTT MEDICAL FRANCE SAS;ABBOTT MEDICAL FRANCE;2026-09-23;{'StreetName': '39 avenue de la Liberté', 'AdditionalStreetName': None, 'CityName': 'Colmar', 'PostalZone': '68024', 'Country': 'FRA'};266800903;True;CENTRE HOSPITALIER DE COLMAR;Hôpitaux Civils de Colmar (68);;;fournitures;['Prix'];['prix'];[100];1440.0;False;;False;{'StreetName': None, 'CityName': 'COLMAR', 'PostalZone': '68000', 'NUTS': 'FRF12', 'Country': 'FRA'};sans remise en concurrence;;26-91545;;17701.0;;LOT-0003;33140000;;91;;;Groupement d'Achats de Produits de Santé Centre Alsace - Fourniture de dispositifs médicaux spécifiques 2026/2030;negociee;Exclusivités / Marchés négociés;;;;False;False;False;;7364;Établissement d'hospitalisation ;2 000  à  4 999;<NA>;1983-03-01;86.10Z;2008;5710.0;SAS, société par actions simplifiée;250  à  499;False;<NA>;2008;G;46;46.4;46.46;46.46Z;1994-08-11;(48.746891, 2.356794);Rungis;Val-de-Marne;Île-de-France;(48.076851, 7.336788);Colmar;Haut-Rhin;Grand Est;;;;;;;;
False;;;True;True;False;attribue;{'StreetName': '5/13 Boulevard de la République', 'AdditionalStreetName': None, 'CityName': 'BOULOGNE BILLANCOURT', 'PostalZone': '92100', 'Country': 'FRA'};750775660;True;ABBVIE;ABBVIE;2026-09-23;{'StreetName': '39 avenue de la Liberté', 'AdditionalStreetName': None, 'CityName': 'Colmar', 'PostalZone': '68024', 'Country': 'FRA'};266800903;True;CENTRE HOSPITALIER DE COLMAR;Hôpitaux Civils de Colmar (68);;;fournitures;['Prix'];['prix'];[100];1440.0;False;;False;{'StreetName': None, 'CityName': 'COLMAR', 'PostalZone': '68000', 'NUTS': 'FRF12', 'Country': 'FRA'};sans remise en concurrence;;26-91545;;2002.0;;LOT-0004;33140000;;91;;;Groupement d'Achats de Produits de Santé Centre Alsace - Fourniture de dispositifs médicaux spécifiques 2026/2030;negociee;Exclusivités / Marchés négociés;;;;False;False;False;;7364;Établissement d'hospitalisation ;2 000  à  4 999;<NA>;1983-03-01;86.10Z;2008;5710.0;SAS, société par actions simplifiée;500  à  999;False;<NA>;2008;G;46;46.4;46.46;46.46Z;2012-04-02;(48.831271, 2.255976);Boulogne-Billancourt;Hauts-de-Seine;Île-de-France;(48.076851, 7.336788);Colmar;Haut-Rhin;Grand Est;;;;;;;;
False;;;True;True;False;attribue;{'StreetName': '20 rue des 2 gares', 'AdditionalStreetName': None, 'CityName': 'RUEIL MALMAISON CEDEX', 'PostalZone': '92842', 'Country': 'FRA'};652009044;True;LABORATOIRES ALCON;Laboratoires ALCON;2026-09-23;{'StreetName': '39 avenue de la Liberté', 'AdditionalStreetName': None, 'CityName': 'Colmar', 'PostalZone': '68024', 'Country': 'FRA'};266800903;True;CENTRE HOSPITALIER DE COLMAR;Hôpitaux Civils de Colmar (68);;;fournitures;['Prix'];['prix'];[100];1440.0;False;;False;{'StreetName': None, 'CityName': 'COLMAR', 'PostalZone': '68000', 'NUTS': 'FRF12', 'Country': 'FRA'};sans remise en concurrence;;26-91545;;1585284.0;;LOT-0006;33140000;;91;;;Groupement d'Achats de Produits de Santé Centre Alsace - Fourniture de dispositifs médicaux spécifiques 2026/2030;negociee;Exclusivités / Marchés négociés;;;;False;False;False;;7364;Établissement d'hospitalisation ;2 000  à  4 999;<NA>;1983-03-01;86.10Z;2008;5710.0;SAS, société par actions simplifiée;250  à  499;False;<NA>;2008;G;46;46.4;46.46;46.46Z;1983-01-01;(48.8746, 2.205753);Rueil-Malmaison;Hauts-de-Seine;Île-de-France;(48.076851, 7.336788);Colmar;Haut-Rhin;Grand Est;;;;;;;;
False;;;True;True;False;attribue;{'StreetName': '7 place Louis Lacombe', 'AdditionalStreetName': None, 'CityName': 'BOURGES', 'PostalZone': '18000', 'Country': 'FRA'};422485169;True;API 2000;API 2000;2026-09-23;{'StreetName': '39 avenue de la Liberté', 'AdditionalStreetName': None, 'CityName': 'Colmar', 'PostalZone': '68024', 'Country': 'FRA'};266800903;True;CENTRE HOSPITALIER DE COLMAR;Hôpitaux Civils de Colmar (68);;;fournitures;['Prix'];['prix'];[100];1440.0;False;;False;{'StreetName': None, 'CityName': 'COLMAR', 'PostalZone': '68000', 'NUTS': 'FRF12', 'Country': 'FRA'};sans remise en concurrence;;26-91545;;10274.0;;LOT-0007;33140000;;91;;;Groupement d'Achats de Produits de Santé Centre Alsace - Fourniture de dispositifs médicaux spécifiques 2026/2030;negociee;Exclusivités / Marchés négociés;;;;False;False;False;;7364;Établissement d'hospitalisation ;2 000  à  4 999;<NA>;1983-03-01;86.10Z;2008;5710.0;SAS, société par actions simplifiée;6  à  9;False;<NA>;2008;G;46;46.4;46.46;46.46Z;1999-03-25;(47.0843, 2.4001);Bourges;Cher;Centre-Val de Loire;(48.076851, 7.336788);Colmar;Haut-Rhin;Grand Est;;;;;;;;
False;;;True;True;False;attribue;"{'StreetName': '1 avenue du Général Charles de Gaulle', 'AdditionalStreetName': None, 'CityName': ""SAINT DIDIER AU MONT D'OR"", 'PostalZone': '69370', 'Country': 'FRA'}";402099949;True;ARTHREX FRANCE;ARTHREX FRANCE;2026-09-23;{'StreetName': '39 avenue de la Liberté', 'AdditionalStreetName': None, 'CityName': 'Colmar', 'PostalZone': '68024', 'Country': 'FRA'};266800903;True;CENTRE HOSPITALIER DE COLMAR;Hôpitaux Civils de Colmar (68);;;fournitures;['Prix'];['prix'];[100];1440.0;False;;False;{'StreetName': None, 'CityName': 'COLMAR', 'PostalZone': '68000', 'NUTS': 'FRF12', 'Country': 'FRA'};sans remise en concurrence;;26-91545;;13020.0;;LOT-0010;33140000;;91;;;Groupement d'Achats de Produits de Santé Centre Alsace - Fourniture de dispositifs médicaux spécifiques 2026/2030;negociee;Exclusivités / Marchés négociés;;;;False;False;False;;7364;Établissement d'hospitalisation ;2 000  à  4 999;<NA>;1983-03-01;86.10Z;2008;5710.0;SAS, société par actions simplifiée;100  à  199;False;<NA>;2008;G;46;46.4;46.46;46.46Z;1995-08-14;(45.798704, 4.80757);Saint-Didier-au-Mont-d'Or;Rhône;Auvergne-Rhône-Alpes;(48.076851, 7.336788);Colmar;Haut-Rhin;Grand Est;;;;;;;;
False;;;True;True;False;attribue;{'StreetName': '82 rue des Meuniers', 'AdditionalStreetName': None, 'CityName': 'BAGNEUX', 'PostalZone': '92227', 'Country': 'FRA'};522119510;True;ATOS MEDICAL SAS;ATOS MEDICAL;2026-09-23;{'StreetName': '39 avenue de la Liberté', 'AdditionalStreetName': None, 'CityName': 'Colmar', 'PostalZone': '68024', 'Country': 'FRA'};266800903;True;CENTRE HOSPITALIER DE COLMAR;Hôpitaux Civils de Colmar (68);;;fournitures;['Prix'];['prix'];[100];1440.0;False;;False;{'StreetName': None, 'CityName': 'COLMAR', 'PostalZone': '68000', 'NUTS': 'FRF12', 'Country': 'FRA'};sans remise en concurrence;;26-91545;;160.0;;LOT-0011;33140000;;91;;;Groupement d'Achats de Produits de Santé Centre Alsace - Fourniture de dispositifs médicaux spécifiques 2026/2030;negociee;Exclusivités / Marchés négociés;;;;False;False;False;;7364;Établissement d'hospitalisation ;2 000  à  4 999;<NA>;1983-03-01;86.10Z;2008;5710.0;SAS, société par actions simplifiée;20  à  49;False;<NA>;2008;G;47;47.7;47.74;47.74Z;2010-04-02;(48.797816, 2.318149);Bagneux;Hauts-de-Seine;Île-de-France;(48.076851, 7.336788);Colmar;Haut-Rhin;Grand Est;;;;;;;;
False;;;True;True;False;attribue;{'StreetName': '26 rue Armengaud', 'AdditionalStreetName': None, 'CityName': 'SAINT CLOUD', 'PostalZone': '92210', 'Country': 'FRA'};562050856;True;B.BRAUN MEDICAL;B. BRAUN MEDICAL;2026-09-23;{'StreetName': '39 avenue de la Liberté', 'AdditionalStreetName': None, 'CityName': 'Colmar', 'PostalZone': '68024', 'Country': 'FRA'};266800903;True;CENTRE HOSPITALIER DE COLMAR;Hôpitaux Civils de Colmar (68);;;fournitures;['Prix'];['prix'];[100];1440.0;False;;False;{'StreetName': None, 'CityName': 'COLMAR', 'PostalZone': '68000', 'NUTS': 'FRF12', 'Country': 'FRA'};sans remise en concurrence;;26-91545;;123968.0;;LOT-0012;33140000;;91;;;Groupement d'Achats de Produits de Santé Centre Alsace - Fourniture de dispositifs médicaux spécifiques 2026/2030;negociee;Exclusivités / Marchés négociés;;;;False;False;False;;7364;Établissement d'hospitalisation ;2 000  à  4 999;<NA>;1983-03-01;86.10Z;2008;5710.0;SAS, société par actions simplifiée;1 000  à  1 999;False;<NA>;2008;C;32;32.5;32.5;32.50A;1981-01-27;(48.848128, 2.216817);Saint-Cloud;Hauts-de-Seine;Île-de-France;(48.076851, 7.336788);Colmar;Haut-Rhin;Grand Est;;;;;;;;
False;;;True;True;False;attribue;{'StreetName': '1 rue Claude Bernard', 'AdditionalStreetName': None, 'CityName': 'LILLE', 'PostalZone': '59000', 'Country': 'FRA'};706580149;True;BAYER HEALTHCARE SAS;BAYER HEALTHCARE;2026-09-23;{'StreetName': '39 avenue de la Liberté', 'AdditionalStreetName': None, 'CityName': 'Colmar', 'PostalZone': '68024', 'Country': 'FRA'};266800903;True;CENTRE HOSPITALIER DE COLMAR;Hôpitaux Civils de Colmar (68);;;fournitures;['Prix'];['prix'];[100];1440.0;False;;False;{'StreetName': None, 'CityName': 'COLMAR', 'PostalZone': '68000', 'NUTS': 'FRF12', 'Country': 'FRA'};sans remise en concurrence;;26-91545;;326172.0;;LOT-0013;33140000;;91;;;Groupement d'Achats de Produits de Santé Centre Alsace - Fourniture de dispositifs médicaux spécifiques 2026/2030;negociee;Exclusivités / Marchés négociés;;;;False;False;False;;7364;Établissement d'hospitalisation ;2 000  à  4 999;<NA>;1983-03-01;86.10Z;2008;5710.0;SAS, société par actions simplifiée;1 000  à  1 999;False;False;2008;G;46;46.4;46.46;46.46Z;1965-01-01;(50.626835, 3.067458);Lille;Nord;Hauts-de-France;(48.076851, 7.336788);Colmar;Haut-Rhin;Grand Est;;;;;;;;
False;;;True;True;False;attribue;{'StreetName': '11 rue Aristide Bergès', 'AdditionalStreetName': None, 'CityName': 'LE PONT DE CLAIX', 'PostalZone': '38801', 'Country': 'FRA'};056501711;True;BECTON DICKINSON FRANCE;BECTON DICKINSON FRANCE;2026-09-23;{'StreetName': '39 avenue de la Liberté', 'AdditionalStreetName': None, 'CityName': 'Colmar', 'PostalZone': '68024', 'Country': 'FRA'};266800903;True;CENTRE HOSPITALIER DE COLMAR;Hôpitaux Civils de Colmar (68);;;fournitures;['Prix'];['prix'];[100];1440.0;False;;False;{'StreetName': None, 'CityName': 'COLMAR', 'PostalZone': '68000', 'NUTS': 'FRF12', 'Country': 'FRA'};sans remise en concurrence;;26-91545;;62770.0;;LOT-0014;33140000;;91;;;Groupement d'Achats de Produits de Santé Centre Alsace - Fourniture de dispositifs médicaux spécifiques 2026/2030;negociee;Exclusivités / Marchés négociés;;;;False;False;False;;7364;Établissement d'hospitalisation ;2 000  à  4 999;<NA>;1983-03-01;86.10Z;2008;5710.0;SAS, société par actions simplifiée;2 000  à  4 999;False;<NA>;2008;C;32;32.5;32.5;32.50A;1956-01-01;(45.138898, 5.694311);Le Pont-de-Claix;Isère;Auvergne-Rhône-Alpes;(48.076851, 7.336788);Colmar;Haut-Rhin;Grand Est;;;;;;;;
False;;;True;True;False;attribue;{'StreetName': 'CS 20205', 'AdditionalStreetName': None, 'CityName': 'SAINT QUENTIN EN YVELINES CEDEX', 'PostalZone': '78961', 'Country': 'FRA'};329938245;True;BOSTON SCIENTIFIC;BOSTON SCIENTIFIC;2026-09-23;{'StreetName': '39 avenue de la Liberté', 'AdditionalStreetName': None, 'CityName': 'Colmar', 'PostalZone': '68024', 'Country': 'FRA'};266800903;True;CENTRE HOSPITALIER DE COLMAR;Hôpitaux Civils de Colmar (68);;;fournitures;['Prix'];['prix'];[100];1440.0;False;;False;{'StreetName': None, 'CityName': 'COLMAR', 'PostalZone': '68000', 'NUTS': 'FRF12', 'Country': 'FRA'};sans remise en concurrence;;26-91545;;1269002.0;;LOT-0016;33140000;;91;;;Groupement d'Achats de Produits de Santé Centre Alsace - Fourniture de dispositifs médicaux spécifiques 2026/2030;negociee;Exclusivités / Marchés négociés;;;;False;False;False;;7364;Établissement d'hospitalisation ;2 000  à  4 999;<NA>;1983-03-01;86.10Z;2008;5710.0;SAS, société par actions simplifiée;250  à  499;<NA>;<NA>;2008;G;46;46.4;46.46;46.46Z;1984-05-04;(49.808023, 3.22794);Fontaine-lès-Clercs;Aisne;Hauts-de-France;(48.076851, 7.336788);Colmar;Haut-Rhin;Grand Est;;;;;;;;
False;;;True;True;False;attribue;{'StreetName': '7 rue Léonard de Vinci', 'AdditionalStreetName': None, 'CityName': 'MASSY', 'PostalZone': '91300', 'Country': 'FRA'};499045136;True;BRACCO IMAGING FRANCE;BRACCO IMAGING FRANCE;2026-09-23;{'StreetName': '39 avenue de la Liberté', 'AdditionalStreetName': None, 'CityName': 'Colmar', 'PostalZone': '68024', 'Country': 'FRA'};266800903;True;CENTRE HOSPITALIER DE COLMAR;Hôpitaux Civils de Colmar (68);;;fournitures;['Prix'];['prix'];[100];1440.0;False;;False;{'StreetName': None, 'CityName': 'COLMAR', 'PostalZone': '68000', 'NUTS': 'FRF12', 'Country': 'FRA'};sans remise en concurrence;;26-91545;;209700.0;;LOT-0017;33140000;;91;;;Groupement d'Achats de Produits de Santé Centre Alsace - Fourniture de dispositifs médicaux spécifiques 2026/2030;negociee;Exclusivités / Marchés négociés;;;;False;False;False;;7364;Établissement d'hospitalisation ;2 000  à  4 999;<NA>;1983-03-01;86.10Z;2008;5710.0;SAS, société par actions simplifiée;20  à  49;False;<NA>;2008;G;46;46.4;46.46;46.46Z;2007-06-29;(48.722352, 2.266368);Massy;Essonne;Île-de-France;(48.076851, 7.336788);Colmar;Haut-Rhin;Grand Est;;;;;;;;
False;;;True;True;False;attribue;{'StreetName': 'Tour Ariane\n5 place de la Pyramide', 'AdditionalStreetName': None, 'CityName': 'PARIS LA DEFENSE CEDEX', 'PostalZone': '92088', 'Country': 'FRA'};353296826;True;;BRAINLAB FRANCE;2026-09-23;{'StreetName': '39 avenue de la Liberté', 'AdditionalStreetName': None, 'CityName': 'Colmar', 'PostalZone': '68024', 'Country': 'FRA'};266800903;True;CENTRE HOSPITALIER DE COLMAR;Hôpitaux Civils de Colmar (68);;;fournitures;['Prix'];['prix'];[100];1440.0;False;;False;{'StreetName': None, 'CityName': 'COLMAR', 'PostalZone': '68000', 'NUTS': 'FRF12', 'Country': 'FRA'};sans remise en concurrence;;26-91545;;67575.0;;LOT-0018;33140000;;91;;;Groupement d'Achats de Produits de Santé Centre Alsace - Fourniture de dispositifs médicaux spécifiques 2026/2030;negociee;Exclusivités / Marchés négociés;;;;False;False;False;;7364;Établissement d'hospitalisation ;2 000  à  4 999;<NA>;1983-03-01;86.10Z;2008;;;;;;<NA>;;;;;<NA>;<NA>;(48.819779, 2.461122);Paris;Paris;Île-de-France;(48.076851, 7.336788);Colmar;Haut-Rhin;Grand Est;;;;;;;;
False;;;True;True;False;non attribue;;;False;;;2026-09-23;{'StreetName': '39 avenue de la Liberté', 'AdditionalStreetName': None, 'CityName': 'Colmar', 'PostalZone': '68024', 'Country': 'FRA'};266800903;True;CENTRE HOSPITALIER DE COLMAR;Hôpitaux Civils de Colmar (68);;;fournitures;['Prix'];['prix'];[100];1440.0;False;;False;{'StreetName': None, 'CityName': 'COLMAR', 'PostalZone': '68000', 'NUTS': 'FRF12', 'Country': 'FRA'};sans remise en concurrence;;26-91545;;;;LOT-0019;33140000;;91;;;Groupement d'Achats de Produits de Santé Centre Alsace - Fourniture de dispositifs médicaux spécifiques 2026/2030;negociee;Exclusivités / Marchés négociés;;;;False;False;False;;7364;Établissement d'hospitalisation ;2 000  à  4 999;<NA>;1983-03-01;86.10Z;2008;;;;;;<NA>;;;;;<NA>;<NA>;;;;;(48.076851, 7.336788);Colmar;Haut-Rhin;Grand Est;;;;;;;;
False;;;True;True;False;attribue;{'StreetName': 'Actipole 2\nAvenue de la Solette', 'AdditionalStreetName': None, 'CityName': 'SAILLY LEZ CAMBRAI', 'PostalZone': '59554', 'Country': 'FRA'};805035003;True;CERECARE;CERECARE;2026-09-23;{'StreetName': '39 avenue de la Liberté', 'AdditionalStreetName': None, 'CityName': 'Colmar', 'PostalZone': '68024', 'Country': 'FRA'};266800903;True;CENTRE HOSPITALIER DE COLMAR;Hôpitaux Civils de Colmar (68);;;fournitures;['Prix'];['prix'];[100];1440.0;False;;False;{'StreetName': None, 'CityName': 'COLMAR', 'PostalZone': '68000', 'NUTS': 'FRF12', 'Country': 'FRA'};sans remise en concurrence;;26-91545;;22358.0;;LOT-0021;33140000;;91;;;Groupement d'Achats de Produits de Santé Centre Alsace - Fourniture de dispositifs médicaux spécifiques 2026/2030;negociee;Exclusivités / Marchés négociés;;;;False;False;False;;7364;Établissement d'hospitalisation ;2 000  à  4 999;<NA>;1983-03-01;86.10Z;2008;5710.0;SAS, société par actions simplifiée;50  à  99;False;<NA>;2008;C;32;32.5;32.5;32.50A;2014-09-22;(50.195785, 3.191535);Raillencourt-Sainte-Olle;Nord;Hauts-de-France;(48.076851, 7.336788);Colmar;Haut-Rhin;Grand Est;;;;;;;;
False;;;True;True;False;attribue;{'StreetName': '3 rue de Robinson', 'AdditionalStreetName': None, 'CityName': 'BAGNEUX', 'PostalZone': '92220', 'Country': 'FRA'};944934702;True;COLLIN MEDICAL;COLLIN MEDICAL;2026-09-23;{'StreetName': '39 avenue de la Liberté', 'AdditionalStreetName': None, 'CityName': 'Colmar', 'PostalZone': '68024', 'Country': 'FRA'};266800903;True;CENTRE HOSPITALIER DE COLMAR;Hôpitaux Civils de Colmar (68);;;fournitures;['Prix'];['prix'];[100];1440.0;False;;False;{'StreetName': None, 'CityName': 'COLMAR', 'PostalZone': '68000', 'NUTS': 'FRF12', 'Country': 'FRA'};sans remise en concurrence;;26-91545;;6226.0;;LOT-0023;33140000;;91;;;Groupement d'Achats de Produits de Santé Centre Alsace - Fourniture de dispositifs médicaux spécifiques 2026/2030;negociee;Exclusivités / Marchés négociés;;;;False;False;False;;7364;Établissement d'hospitalisation ;2 000  à  4 999;<NA>;1983-03-01;86.10Z;2008;5710.0;SAS, société par actions simplifiée;;False;False;2008;G;46;46.6;46.69;46.69C;2025-05-26;(48.798783, 2.318924);Bagneux;Hauts-de-Seine;Île-de-France;(48.076851, 7.336788);Colmar;Haut-Rhin;Grand Est;;;;;;;;
False;;;True;True;False;attribue;{'StreetName': '38 rue Roger Salengro', 'AdditionalStreetName': None, 'CityName': 'FONTENAY SOUS BOIS CEDEX', 'PostalZone': '94120', 'Country': 'FRA'};312328362;True;LABORATOIRES COLOPLAST;Laboratoires COLOPLAST;2026-09-23;{'StreetName': '39 avenue de la Liberté', 'AdditionalStreetName': None, 'CityName': 'Colmar', 'PostalZone': '68024', 'Country': 'FRA'};266800903;True;CENTRE HOSPITALIER DE COLMAR;Hôpitaux Civils de Colmar (68);;;fournitures;['Prix'];['prix'];[100];1440.0;False;;False;{'StreetName': None, 'CityName': 'COLMAR', 'PostalZone': '68000', 'NUTS': 'FRF12', 'Country': 'FRA'};sans remise en concurrence;;26-91545;;4610.0;;LOT-0024;33140000;;91;;;Groupement d'Achats de Produits de Santé Centre Alsace - Fourniture de dispositifs médicaux spécifiques 2026/2030;negociee;Exclusivités / Marchés négociés;;;;False;False;False;;7364;Établissement d'hospitalisation ;2 000  à  4 999;<NA>;1983-03-01;86.10Z;2008;5710.0;SAS, société par actions simplifiée;250  à  499;False;<NA>;2008;G;46;46.4;46.46;46.46Z;1978-01-01;(48.850506, 2.488746);Fontenay-sous-Bois;Val-de-Marne;Île-de-France;(48.076851, 7.336788);Colmar;Haut-Rhin;Grand Est;;;;;;;;
False;;;True;True;False;non attribue;;;False;;;2026-09-23;{'StreetName': '39 avenue de la Liberté', 'AdditionalStreetName': None, 'CityName': 'Colmar', 'PostalZone': '68024', 'Country': 'FRA'};266800903;True;CENTRE HOSPITALIER DE COLMAR;Hôpitaux Civils de Colmar (68);;;fournitures;['Prix'];['prix'];[100];1440.0;False;;False;{'StreetName': None, 'CityName': 'COLMAR', 'PostalZone': '68000', 'NUTS': 'FRF12', 'Country': 'FRA'};sans remise en concurrence;;26-91545;;;;LOT-0025;33140000;;91;;;Groupement d'Achats de Produits de Santé Centre Alsace - Fourniture de dispositifs médicaux spécifiques 2026/2030;negociee;Exclusivités / Marchés négociés;;;;False;False;False;;7364;Établissement d'hospitalisation ;2 000  à  4 999;<NA>;1983-03-01;86.10Z;2008;;;;;;<NA>;;;;;<NA>;<NA>;;;;;(48.076851, 7.336788);Colmar;Haut-Rhin;Grand Est;;;;;;;;
False;;;True;True;False;attribue;{'StreetName': '4 rue Plumet', 'AdditionalStreetName': None, 'CityName': 'PARIS', 'PostalZone': '75015', 'Country': 'FRA'};329120463;True;COOK FRANCE;COOK FRANCE;2026-09-23;{'StreetName': '39 avenue de la Liberté', 'AdditionalStreetName': None, 'CityName': 'Colmar', 'PostalZone': '68024', 'Country': 'FRA'};266800903;True;CENTRE HOSPITALIER DE COLMAR;Hôpitaux Civils de Colmar (68);;;fournitures;['Prix'];['prix'];[100];1440.0;False;;False;{'StreetName': None, 'CityName': 'COLMAR', 'PostalZone': '68000', 'NUTS': 'FRF12', 'Country': 'FRA'};sans remise en concurrence;;26-91545;;262485.0;;LOT-0026;33140000;;91;;;Groupement d'Achats de Produits de Santé Centre Alsace - Fourniture de dispositifs médicaux spécifiques 2026/2030;negociee;Exclusivités / Marchés négociés;;;;False;False;False;;7364;Établissement d'hospitalisation ;2 000  à  4 999;<NA>;1983-03-01;86.10Z;2008;5499.0;Société à responsabilité limitée (sans autre indication);50  à  99;False;<NA>;2008;G;46;46.4;46.46;46.46Z;1984-02-09;(48.839545, 2.308926);Paris;Paris;Île-de-France;(48.076851, 7.336788);Colmar;Haut-Rhin;Grand Est;;;;;;;;
False;;;True;True;False;non attribue;;;False;;;2026-09-23;{'StreetName': '39 avenue de la Liberté', 'AdditionalStreetName': None, 'CityName': 'Colmar', 'PostalZone': '68024', 'Country': 'FRA'};266800903;True;CENTRE HOSPITALIER DE COLMAR;Hôpitaux Civils de Colmar (68);;;fournitures;['Prix'];['prix'];[100];1440.0;False;;False;{'StreetName': None, 'CityName': 'COLMAR', 'PostalZone': '68000', 'NUTS': 'FRF12', 'Country': 'FRA'};sans remise en concurrence;;26-91545;;;;LOT-0028;33140000;;91;;;Groupement d'Achats de Produits de Santé Centre Alsace - Fourniture de dispositifs médicaux spécifiques 2026/2030;negociee;Exclusivités / Marchés négociés;;;;False;False;False;;7364;Établissement d'hospitalisation ;2 000  à  4 999;<NA>;1983-03-01;86.10Z;2008;;;;;;<NA>;;;;;<NA>;<NA>;;;;;(48.076851, 7.336788);Colmar;Haut-Rhin;Grand Est;;;;;;;;
False;;;True;True;False;non attribue;;;False;;;2026-09-23;{'StreetName': '39 avenue de la Liberté', 'AdditionalStreetName': None, 'CityName': 'Colmar', 'PostalZone': '68024', 'Country': 'FRA'};266800903;True;CENTRE HOSPITALIER DE COLMAR;Hôpitaux Civils de Colmar (68);;;fournitures;['Prix'];['prix'];[100];1440.0;False;;False;{'StreetName': None, 'CityName': 'COLMAR', 'PostalZone': '68000', 'NUTS': 'FRF12', 'Country': 'FRA'};sans remise en concurrence;;26-91545;;;;LOT-0031;33140000;;91;;;Groupement d'Achats de Produits de Santé Centre Alsace - Fourniture de dispositifs médicaux spécifiques 2026/2030;negociee;Exclusivités / Marchés négociés;;;;False;False;False;;7364;Établissement d'hospitalisation ;2 000  à  4 999;<NA>;1983-03-01;86.10Z;2008;;;;;;<NA>;;;;;<NA>;<NA>;;;;;(48.076851, 7.336788);Colmar;Haut-Rhin;Grand Est;;;;;;;;
False;;;True;True;False;attribue;{'StreetName': '1 rue du 1er Mai', 'AdditionalStreetName': None, 'CityName': 'NANTERRE CEDEX', 'PostalZone': '92752', 'Country': 'FRA'};522392109;True;DEVICOR MEDICAL FRANCE SAS;MAMMOTOME - DEVICOR MEDICAL FRANCE;2026-09-23;{'StreetName': '39 avenue de la Liberté', 'AdditionalStreetName': None, 'CityName': 'Colmar', 'PostalZone': '68024', 'Country': 'FRA'};266800903;True;CENTRE HOSPITALIER DE COLMAR;Hôpitaux Civils de Colmar (68);;;fournitures;['Prix'];['prix'];[100];1440.0;False;;False;{'StreetName': None, 'CityName': 'COLMAR', 'PostalZone': '68000', 'NUTS': 'FRF12', 'Country': 'FRA'};sans remise en concurrence;;26-91545;;84750.0;;LOT-0032;33140000;;91;;;Groupement d'Achats de Produits de Santé Centre Alsace - Fourniture de dispositifs médicaux spécifiques 2026/2030;negociee;Exclusivités / Marchés négociés;;;;False;False;False;;7364;Établissement d'hospitalisation ;2 000  à  4 999;<NA>;1983-03-01;86.10Z;2008;5710.0;SAS, société par actions simplifiée;6  à  9;False;<NA>;2008;G;46;46.4;46.46;46.46Z;2010-05-04;(48.908478, 2.212569);Nanterre;Hauts-de-Seine;Île-de-France;(48.076851, 7.336788);Colmar;Haut-Rhin;Grand Est;;;;;;;;
False;;;True;True;False;attribue;"{'StreetName': ""8 Place de l'Hôpital"", 'AdditionalStreetName': None, 'CityName': 'STRASBOURG', 'PostalZone': '67000', 'Country': 'FRA'}";830930889;True;DIANOSIC;DIANOSIC;2026-09-23;{'StreetName': '39 avenue de la Liberté', 'AdditionalStreetName': None, 'CityName': 'Colmar', 'PostalZone': '68024', 'Country': 'FRA'};266800903;True;CENTRE HOSPITALIER DE COLMAR;Hôpitaux Civils de Colmar (68);;;fournitures;['Prix'];['prix'];[100];1440.0;False;;False;{'StreetName': None, 'CityName': 'COLMAR', 'PostalZone': '68000', 'NUTS': 'FRF12', 'Country': 'FRA'};sans remise en concurrence;;26-91545;;9600.0;;LOT-0033;33140000;;91;;;Groupement d'Achats de Produits de Santé Centre Alsace - Fourniture de dispositifs médicaux spécifiques 2026/2030;negociee;Exclusivités / Marchés négociés;;;;False;False;False;;7364;Établissement d'hospitalisation ;2 000  à  4 999;<NA>;1983-03-01;86.10Z;2008;5710.0;SAS, société par actions simplifiée;6  à  9;False;<NA>;2008;M;72;72.1;72.11;72.11Z;2017-07-01;(48.577485, 7.749727);Strasbourg;Bas-Rhin;Grand Est;(48.076851, 7.336788);Colmar;Haut-Rhin;Grand Est;;;;;;;;
False;;;True;True;False;attribue;{'StreetName': '26 rue de la Montée', 'AdditionalStreetName': None, 'CityName': 'FLAXLANDEN', 'PostalZone': '68720', 'Country': 'FRA'};945650141;True;DUOMED FRANCE;DUOMED FRANCE;2026-09-23;{'StreetName': '39 avenue de la Liberté', 'AdditionalStreetName': None, 'CityName': 'Colmar', 'PostalZone': '68024', 'Country': 'FRA'};266800903;True;CENTRE HOSPITALIER DE COLMAR;Hôpitaux Civils de Colmar (68);;;fournitures;['Prix'];['prix'];[100];1440.0;False;;False;{'StreetName': None, 'CityName': 'COLMAR', 'PostalZone': '68000', 'NUTS': 'FRF12', 'Country': 'FRA'};sans remise en concurrence;;26-91545;;18426.0;;LOT-0034;33140000;;91;;;Groupement d'Achats de Produits de Santé Centre Alsace - Fourniture de dispositifs médicaux spécifiques 2026/2030;negociee;Exclusivités / Marchés négociés;;;;False;False;False;;7364;Établissement d'hospitalisation ;2 000  à  4 999;<NA>;1983-03-01;86.10Z;2008;5710.0;SAS, société par actions simplifiée;100  à  199;False;<NA>;2008;G;46;46.4;46.46;46.46Z;1956-01-01;(47.69868, 7.317859);Flaxlanden;Haut-Rhin;Grand Est;(48.076851, 7.336788);Colmar;Haut-Rhin;Grand Est;;;;;;;;
False;;;True;True;False;attribue;{'StreetName': '1 rue Arnold Schoenberg', 'AdditionalStreetName': None, 'CityName': 'GUYANCOURT', 'PostalZone': '78280', 'Country': 'FRA'};429487507;True;EDWARDS LIFESCIENCES SAS;EDWARDS LIFESCIENCES;2026-09-23;{'StreetName': '39 avenue de la Liberté', 'AdditionalStreetName': None, 'CityName': 'Colmar', 'PostalZone': '68024', 'Country': 'FRA'};266800903;True;CENTRE HOSPITALIER DE COLMAR;Hôpitaux Civils de Colmar (68);;;fournitures;['Prix'];['prix'];[100];1440.0;False;;False;{'StreetName': None, 'CityName': 'COLMAR', 'PostalZone': '68000', 'NUTS': 'FRF12', 'Country': 'FRA'};sans remise en concurrence;;26-91545;;95354.0;;LOT-0035;33140000;;91;;;Groupement d'Achats de Produits de Santé Centre Alsace - Fourniture de dispositifs médicaux spécifiques 2026/2030;negociee;Exclusivités / Marchés négociés;;;;False;False;False;;7364;Établissement d'hospitalisation ;2 000  à  4 999;<NA>;1983-03-01;86.10Z;2008;5710.0;SAS, société par actions simplifiée;100  à  199;<NA>;<NA>;2008;G;46;46.4;46.46;46.46Z;2000-02-10;(48.784498, 2.059088);Guyancourt;Yvelines;Île-de-France;(48.076851, 7.336788);Colmar;Haut-Rhin;Grand Est;;;;;;;;
False;;;True;True;False;attribue;{'StreetName': '7 Place Félix Baret', 'AdditionalStreetName': None, 'CityName': 'MARSEILLE', 'PostalZone': '13006', 'Country': 'FRA'};848063905;True;EITAN MEDICAL FRANCE S.A.S.;EITAN MEDICAL FRANCE;2026-09-23;{'StreetName': '39 avenue de la Liberté', 'AdditionalStreetName': None, 'CityName': 'Colmar', 'PostalZone': '68024', 'Country': 'FRA'};266800903;True;CENTRE HOSPITALIER DE COLMAR;Hôpitaux Civils de Colmar (68);;;fournitures;['Prix'];['prix'];[100];1440.0;False;;False;{'StreetName': None, 'CityName': 'COLMAR', 'PostalZone': '68000', 'NUTS': 'FRF12', 'Country': 'FRA'};sans remise en concurrence;;26-91545;;81055.0;;LOT-0036;33140000;;91;;;Groupement d'Achats de Produits de Santé Centre Alsace - Fourniture de dispositifs médicaux spécifiques 2026/2030;negociee;Exclusivités / Marchés négociés;;;;False;False;False;;7364;Établissement d'hospitalisation ;2 000  à  4 999;<NA>;1983-03-01;86.10Z;2008;5710.0;SAS, société par actions simplifiée;10  à  19;False;<NA>;2008;G;46;46.4;46.46;46.46Z;2019-01-18;(43.291326, 5.37989);Marseille;Bouches-du-Rhône;Provence-Alpes-Côte d'Azur;(48.076851, 7.336788);Colmar;Haut-Rhin;Grand Est;;;;;;;;
False;;;True;True;False;attribue;{'StreetName': '2-3 Rempart Monseigneur Freppel', 'AdditionalStreetName': None, 'CityName': 'OBERNAI', 'PostalZone': '67210', 'Country': 'FRA'};419898093;True;ELIAMM;ELIAMM;2026-09-23;{'StreetName': '39 avenue de la Liberté', 'AdditionalStreetName': None, 'CityName': 'Colmar', 'PostalZone': '68024', 'Country': 'FRA'};266800903;True;CENTRE HOSPITALIER DE COLMAR;Hôpitaux Civils de Colmar (68);;;fournitures;['Prix'];['prix'];[100];1440.0;False;;False;{'StreetName': None, 'CityName': 'COLMAR', 'PostalZone': '68000', 'NUTS': 'FRF12', 'Country': 'FRA'};sans remise en concurrence;;26-91545;;327243.0;;LOT-0037;33140000;;91;;;Groupement d'Achats de Produits de Santé Centre Alsace - Fourniture de dispositifs médicaux spécifiques 2026/2030;negociee;Exclusivités / Marchés négociés;;;;False;False;False;;7364;Établissement d'hospitalisation ;2 000  à  4 999;<NA>;1983-03-01;86.10Z;2008;5710.0;SAS, société par actions simplifiée;6  à  9;False;<NA>;2008;G;46;46.4;46.46;46.46Z;1998-07-20;(48.462862, 7.484085);Obernai;Bas-Rhin;Grand Est;(48.076851, 7.336788);Colmar;Haut-Rhin;Grand Est;;;;;;;;
False;;;True;True;False;attribue;{'StreetName': 'ZAC sans souci\n470 allée des Hêtres\nCS 90100', 'AdditionalStreetName': None, 'CityName': 'LIMONEST', 'PostalZone': '69578', 'Country': 'FRA'};315908442;True;ERBE MEDICAL;ERBE MEDICAL;2026-09-23;{'StreetName': '39 avenue de la Liberté', 'AdditionalStreetName': None, 'CityName': 'Colmar', 'PostalZone': '68024', 'Country': 'FRA'};266800903;True;CENTRE HOSPITALIER DE COLMAR;Hôpitaux Civils de Colmar (68);;;fournitures;['Prix'];['prix'];[100];1440.0;False;;False;{'StreetName': None, 'CityName': 'COLMAR', 'PostalZone': '68000', 'NUTS': 'FRF12', 'Country': 'FRA'};sans remise en concurrence;;26-91545;;87590.0;;LOT-0038;33140000;;91;;;Groupement d'Achats de Produits de Santé Centre Alsace - Fourniture de dispositifs médicaux spécifiques 2026/2030;negociee;Exclusivités / Marchés négociés;;;;False;False;False;;7364;Établissement d'hospitalisation ;2 000  à  4 999;<NA>;1983-03-01;86.10Z;2008;5499.0;Société à responsabilité limitée (sans autre indication);20  à  49;<NA>;<NA>;2008;G;46;46.4;46.46;46.46Z;1979-01-01;(45.807835, 4.77472);Limonest;Rhône;Auvergne-Rhône-Alpes;(48.076851, 7.336788);Colmar;Haut-Rhin;Grand Est;;;;;;;;
False;;;True;True;False;attribue;{'StreetName': '1 rue des Boisseliers', 'AdditionalStreetName': None, 'CityName': 'DOMONT', 'PostalZone': '95330', 'Country': 'FRA'};340561257;True;EURO DIFFUSION MEDICALE;EURO DIFFUSION MEDICALE;2026-09-23;{'StreetName': '39 avenue de la Liberté', 'AdditionalStreetName': None, 'CityName': 'Colmar', 'PostalZone': '68024', 'Country': 'FRA'};266800903;True;CENTRE HOSPITALIER DE COLMAR;Hôpitaux Civils de Colmar (68);;;fournitures;['Prix'];['prix'];[100];1440.0;False;;False;{'StreetName': None, 'CityName': 'COLMAR', 'PostalZone': '68000', 'NUTS': 'FRF12', 'Country': 'FRA'};sans remise en concurrence;;26-91545;;23107.0;;LOT-0039;33140000;;91;;;Groupement d'Achats de Produits de Santé Centre Alsace - Fourniture de dispositifs médicaux spécifiques 2026/2030;negociee;Exclusivités / Marchés négociés;;;;False;False;False;;7364;Établissement d'hospitalisation ;2 000  à  4 999;<NA>;1983-03-01;86.10Z;2008;5710.0;SAS, société par actions simplifiée;50  à  99;False;<NA>;2008;G;46;46.4;46.46;46.46Z;1987-01-14;(49.025761, 2.342168);Domont;Val-d'Oise;Île-de-France;(48.076851, 7.336788);Colmar;Haut-Rhin;Grand Est;;;;;;;;
False;;;True;True;False;attribue;{'StreetName': '13 bis Avenue de la Motte Picquet', 'AdditionalStreetName': None, 'CityName': 'PARIS', 'PostalZone': '75007', 'Country': 'FRA'};524855533;True;F CARE SYSTEMS FRANCE;F CARE SYSTEMS FRANCE;2026-09-23;{'StreetName': '39 avenue de la Liberté', 'AdditionalStreetName': None, 'CityName': 'Colmar', 'PostalZone': '68024', 'Country': 'FRA'};266800903;True;CENTRE HOSPITALIER DE COLMAR;Hôpitaux Civils de Colmar (68);;;fournitures;['Prix'];['prix'];[100];1440.0;False;;False;{'StreetName': None, 'CityName': 'COLMAR', 'PostalZone': '68000', 'NUTS': 'FRF12', 'Country': 'FRA'};sans remise en concurrence;;26-91545;;16200.0;;LOT-0040;33140000;;91;;;Groupement d'Achats de Produits de Santé Centre Alsace - Fourniture de dispositifs médicaux spécifiques 2026/2030;negociee;Exclusivités / Marchés négociés;;;;False;False;False;;7364;Établissement d'hospitalisation ;2 000  à  4 999;<NA>;1983-03-01;86.10Z;2008;5499.0;Société à responsabilité limitée (sans autre indication);1  ou  2;<NA>;<NA>;2008;G;46;46.4;46.46;46.46Z;2010-03-15;(48.856155, 2.308649);Paris;Paris;Île-de-France;(48.076851, 7.336788);Colmar;Haut-Rhin;Grand Est;;;;;;;;
False;;;True;True;False;attribue;{'StreetName': '20-22 Rue Louis Armand', 'AdditionalStreetName': None, 'CityName': 'PARIS', 'PostalZone': '75015', 'Country': 'FRA'};351670385;True;FCI S.A.S;FCI;2026-09-23;{'StreetName': '39 avenue de la Liberté', 'AdditionalStreetName': None, 'CityName': 'Colmar', 'PostalZone': '68024', 'Country': 'FRA'};266800903;True;CENTRE HOSPITALIER DE COLMAR;Hôpitaux Civils de Colmar (68);;;fournitures;['Prix'];['prix'];[100];1440.0;False;;False;{'StreetName': None, 'CityName': 'COLMAR', 'PostalZone': '68000', 'NUTS': 'FRF12', 'Country': 'FRA'};sans remise en concurrence;;26-91545;;2883.0;;LOT-0041;33140000;;91;;;Groupement d'Achats de Produits de Santé Centre Alsace - Fourniture de dispositifs médicaux spécifiques 2026/2030;negociee;Exclusivités / Marchés négociés;;;;False;False;False;;7364;Établissement d'hospitalisation ;2 000  à  4 999;<NA>;1983-03-01;86.10Z;2008;5710.0;SAS, société par actions simplifiée;100  à  199;False;<NA>;2008;C;32;32.5;32.5;32.50A;1989-07-27;(48.832817, 2.277233);Paris;Paris;Île-de-France;(48.076851, 7.336788);Colmar;Haut-Rhin;Grand Est;;;;;;;;
False;;;True;True;False;attribue;{'StreetName': '47 avenue des Pépinières', 'AdditionalStreetName': None, 'CityName': 'FRESNES CEDEX', 'PostalZone': '94832', 'Country': 'FRA'};652025289;True;FRESENIUS MEDICAL CARE FRANCE;FRESENIUS MEDICAL CARE;2026-09-23;{'StreetName': '39 avenue de la Liberté', 'AdditionalStreetName': None, 'CityName': 'Colmar', 'PostalZone': '68024', 'Country': 'FRA'};266800903;True;CENTRE HOSPITALIER DE COLMAR;Hôpitaux Civils de Colmar (68);;;fournitures;['Prix'];['prix'];[100];1440.0;False;;False;{'StreetName': None, 'CityName': 'COLMAR', 'PostalZone': '68000', 'NUTS': 'FRF12', 'Country': 'FRA'};sans remise en concurrence;;26-91545;;450521.0;;LOT-0043;33140000;;91;;;Groupement d'Achats de Produits de Santé Centre Alsace - Fourniture de dispositifs médicaux spécifiques 2026/2030;negociee;Exclusivités / Marchés négociés;;;;False;False;False;;7364;Établissement d'hospitalisation ;2 000  à  4 999;<NA>;1983-03-01;86.10Z;2008;5710.0;SAS, société par actions simplifiée;200  à  249;False;<NA>;2008;G;46;46.4;46.46;46.46Z;1900-01-01;(48.752858, 2.339372);Fresnes;Val-de-Marne;Île-de-France;(48.076851, 7.336788);Colmar;Haut-Rhin;Grand Est;;;;;;;;
False;;;True;True;False;attribue;{'StreetName': 'Le Grand Chemin', 'AdditionalStreetName': None, 'CityName': 'BREZINS', 'PostalZone': '38590', 'Country': 'FRA'};408720282;True;FRESENIUS VIAL;FRESENIUS VIAL;2026-09-23;{'StreetName': '39 avenue de la Liberté', 'AdditionalStreetName': None, 'CityName': 'Colmar', 'PostalZone': '68024', 'Country': 'FRA'};266800903;True;CENTRE HOSPITALIER DE COLMAR;Hôpitaux Civils de Colmar (68);;;fournitures;['Prix'];['prix'];[100];1440.0;False;;False;{'StreetName': None, 'CityName': 'COLMAR', 'PostalZone': '68000', 'NUTS': 'FRF12', 'Country': 'FRA'};sans remise en concurrence;;26-91545;;1657.0;;LOT-0044;33140000;;91;;;Groupement d'Achats de Produits de Santé Centre Alsace - Fourniture de dispositifs médicaux spécifiques 2026/2030;negociee;Exclusivités / Marchés négociés;;;;False;False;False;;7364;Établissement d'hospitalisation ;2 000  à  4 999;<NA>;1983-03-01;86.10Z;2008;5710.0;SAS, société par actions simplifiée;250  à  499;False;<NA>;2008;C;32;32.5;32.5;32.50A;1996-09-01;(45.346246, 5.308797);Brézins;Isère;Auvergne-Rhône-Alpes;(48.076851, 7.336788);Colmar;Haut-Rhin;Grand Est;;;;;;;;
False;;;True;True;False;attribue;{'StreetName': '31 rue des Alouettes', 'AdditionalStreetName': None, 'CityName': 'EAUBONNE', 'PostalZone': '95600', 'Country': 'FRA'};612051490;True;GAMIDA SA;GAMIDA;2026-09-23;{'StreetName': '39 avenue de la Liberté', 'AdditionalStreetName': None, 'CityName': 'Colmar', 'PostalZone': '68024', 'Country': 'FRA'};266800903;True;CENTRE HOSPITALIER DE COLMAR;Hôpitaux Civils de Colmar (68);;;fournitures;['Prix'];['prix'];[100];1440.0;False;;False;{'StreetName': None, 'CityName': 'COLMAR', 'PostalZone': '68000', 'NUTS': 'FRF12', 'Country': 'FRA'};sans remise en concurrence;;26-91545;;46072.0;;LOT-0045;33140000;;91;;;Groupement d'Achats de Produits de Santé Centre Alsace - Fourniture de dispositifs médicaux spécifiques 2026/2030;negociee;Exclusivités / Marchés négociés;;;;False;False;False;;7364;Établissement d'hospitalisation ;2 000  à  4 999;<NA>;1983-03-01;86.10Z;2008;5599.0;SA à conseil d'administration (s.a.i.);20  à  49;False;<NA>;2008;G;46;46.4;46.46;46.46Z;1961-01-01;(48.980267, 2.278617);Eaubonne;Val-d'Oise;Île-de-France;(48.076851, 7.336788);Colmar;Haut-Rhin;Grand Est;;;;;;;;
False;;;True;True;False;attribue;{'StreetName': 'ZI La Peyrolière\nBP 68', 'AdditionalStreetName': None, 'CityName': 'APT CEDEX', 'PostalZone': '84402', 'Country': 'FRA'};503940769;True;GC AESTHETICS (FRANCE) SAS;GCA ESTHETICS FRANCE;2026-09-23;{'StreetName': '39 avenue de la Liberté', 'AdditionalStreetName': None, 'CityName': 'Colmar', 'PostalZone': '68024', 'Country': 'FRA'};266800903;True;CENTRE HOSPITALIER DE COLMAR;Hôpitaux Civils de Colmar (68);;;fournitures;['Prix'];['prix'];[100];1440.0;False;;False;{'StreetName': None, 'CityName': 'COLMAR', 'PostalZone': '68000', 'NUTS': 'FRF12', 'Country': 'FRA'};sans remise en concurrence;;26-91545;;6504.0;;LOT-0046;33140000;;91;;;Groupement d'Achats de Produits de Santé Centre Alsace - Fourniture de dispositifs médicaux spécifiques 2026/2030;negociee;Exclusivités / Marchés négociés;;;;False;False;False;;7364;Établissement d'hospitalisation ;2 000  à  4 999;<NA>;1983-03-01;86.10Z;2008;5710.0;SAS, société par actions simplifiée;10  à  19;False;<NA>;2008;G;46;46.1;46.18;46.18Z;2008-04-18;(43.883362, 5.361785);Apt;Vaucluse;Provence-Alpes-Côte d'Azur;(48.076851, 7.336788);Colmar;Haut-Rhin;Grand Est;;;;;;;;
False;;;True;True;False;attribue;{'StreetName': 'Carnot Plaza\n14-16 avenue Carnot', 'AdditionalStreetName': None, 'CityName': 'MASSY', 'PostalZone': '91300', 'Country': 'FRA'};562096297;True;GETINGE FRANCE;GETINGE FRANCE;2026-09-23;{'StreetName': '39 avenue de la Liberté', 'AdditionalStreetName': None, 'CityName': 'Colmar', 'PostalZone': '68024', 'Country': 'FRA'};266800903;True;CENTRE HOSPITALIER DE COLMAR;Hôpitaux Civils de Colmar (68);;;fournitures;['Prix'];['prix'];[100];1440.0;False;;False;{'StreetName': None, 'CityName': 'COLMAR', 'PostalZone': '68000', 'NUTS': 'FRF12', 'Country': 'FRA'};sans remise en concurrence;;26-91545;;8682.0;;LOT-0047;33140000;;91;;;Groupement d'Achats de Produits de Santé Centre Alsace - Fourniture de dispositifs médicaux spécifiques 2026/2030;negociee;Exclusivités / Marchés négociés;;;;False;False;False;;7364;Établissement d'hospitalisation ;2 000  à  4 999;<NA>;1983-03-01;86.10Z;2008;5710.0;SAS, société par actions simplifiée;250  à  499;False;<NA>;2008;G;46;46.4;46.46;46.46Z;1956-01-01;(48.727998, 2.264958);Massy;Essonne;Île-de-France;(48.076851, 7.336788);Colmar;Haut-Rhin;Grand Est;;;;;;;;
False;;;True;True;False;attribue;{'StreetName': '15 rue des Vanesses', 'AdditionalStreetName': None, 'CityName': 'VILLEPINTE', 'PostalZone': '93420', 'Country': 'FRA'};789526555;True;GUERBET FRANCE;GUERBET FRANCE;2026-09-23;{'StreetName': '39 avenue de la Liberté', 'AdditionalStreetName': None, 'CityName': 'Colmar', 'PostalZone': '68024', 'Country': 'FRA'};266800903;True;CENTRE HOSPITALIER DE COLMAR;Hôpitaux Civils de Colmar (68);;;fournitures;['Prix'];['prix'];[100];1440.0;False;;False;{'StreetName': None, 'CityName': 'COLMAR', 'PostalZone': '68000', 'NUTS': 'FRF12', 'Country': 'FRA'};sans remise en concurrence;;26-91545;;54820.0;;LOT-0048;33140000;;91;;;Groupement d'Achats de Produits de Santé Centre Alsace - Fourniture de dispositifs médicaux spécifiques 2026/2030;negociee;Exclusivités / Marchés négociés;;;;False;False;False;;7364;Établissement d'hospitalisation ;2 000  à  4 999;<NA>;1983-03-01;86.10Z;2008;5710.0;SAS, société par actions simplifiée;50  à  99;False;<NA>;2008;G;46;46.4;46.46;46.46Z;2012-11-22;(48.974873, 2.50591);Villepinte;Seine-Saint-Denis;Île-de-France;(48.076851, 7.336788);Colmar;Haut-Rhin;Grand Est;;;;;;;;
False;;;True;True;False;attribue;"{'StreetName': ""19 avenue de l'Europe\nCS 52 278"", 'AdditionalStreetName': None, 'CityName': 'RAMONVILLE SAINT AGNE CEDEX', 'PostalZone': '31522', 'Country': 'FRA'}";489039156;True;HEMA.T MEDICAL;HEMA. T MEDICAL;2026-09-23;{'StreetName': '39 avenue de la Liberté', 'AdditionalStreetName': None, 'CityName': 'Colmar', 'PostalZone': '68024', 'Country': 'FRA'};266800903;True;CENTRE HOSPITALIER DE COLMAR;Hôpitaux Civils de Colmar (68);;;fournitures;['Prix'];['prix'];[100];1440.0;False;;False;{'StreetName': None, 'CityName': 'COLMAR', 'PostalZone': '68000', 'NUTS': 'FRF12', 'Country': 'FRA'};sans remise en concurrence;;26-91545;;331653.0;;LOT-0049;33140000;;91;;;Groupement d'Achats de Produits de Santé Centre Alsace - Fourniture de dispositifs médicaux spécifiques 2026/2030;negociee;Exclusivités / Marchés négociés;;;;False;False;False;;7364;Établissement d'hospitalisation ;2 000  à  4 999;<NA>;1983-03-01;86.10Z;2008;5710.0;SAS, société par actions simplifiée;6  à  9;False;<NA>;2008;G;46;46.4;46.46;46.46Z;2006-02-24;(43.553061, 1.490368);Ramonville-Saint-Agne;Haute-Garonne;Occitanie;(48.076851, 7.336788);Colmar;Haut-Rhin;Grand Est;;;;;;;;
False;;;True;True;False;attribue;"{'StreetName': ""5-7 rue de l'Amiral Courbet"", 'AdditionalStreetName': None, 'CityName': 'SAINT MANDE', 'PostalZone': '94160', 'Country': 'FRA'}";418221859;True;HOLOGIC FRANCE SARL;HOLOGIC FRANCE;2026-09-23;{'StreetName': '39 avenue de la Liberté', 'AdditionalStreetName': None, 'CityName': 'Colmar', 'PostalZone': '68024', 'Country': 'FRA'};266800903;True;CENTRE HOSPITALIER DE COLMAR;Hôpitaux Civils de Colmar (68);;;fournitures;['Prix'];['prix'];[100];1440.0;False;;False;{'StreetName': None, 'CityName': 'COLMAR', 'PostalZone': '68000', 'NUTS': 'FRF12', 'Country': 'FRA'};sans remise en concurrence;;26-91545;;265620.0;;LOT-0050;33140000;;91;;;Groupement d'Achats de Produits de Santé Centre Alsace - Fourniture de dispositifs médicaux spécifiques 2026/2030;negociee;Exclusivités / Marchés négociés;;;;False;False;False;;7364;Établissement d'hospitalisation ;2 000  à  4 999;<NA>;1983-03-01;86.10Z;2008;5499.0;Société à responsabilité limitée (sans autre indication);50  à  99;False;<NA>;2008;G;46;46.4;46.46;46.46Z;1998-03-01;(48.845329, 2.416566);Saint-Mandé;Val-de-Marne;Île-de-France;(48.076851, 7.336788);Colmar;Haut-Rhin;Grand Est;;;;;;;;
False;;;True;True;False;attribue;{'StreetName': '280 rue de Goa', 'AdditionalStreetName': None, 'CityName': 'ANTIBES', 'PostalZone': '06600', 'Country': 'FRA'};341264570;True;IBSA PHARMA SAS;IBSA PHARMA;2026-09-23;{'StreetName': '39 avenue de la Liberté', 'AdditionalStreetName': None, 'CityName': 'Colmar', 'PostalZone': '68024', 'Country': 'FRA'};266800903;True;CENTRE HOSPITALIER DE COLMAR;Hôpitaux Civils de Colmar (68);;;fournitures;['Prix'];['prix'];[100];1440.0;False;;False;{'StreetName': None, 'CityName': 'COLMAR', 'PostalZone': '68000', 'NUTS': 'FRF12', 'Country': 'FRA'};sans remise en concurrence;;26-91545;;48256.0;;LOT-0051;33140000;;91;;;Groupement d'Achats de Produits de Santé Centre Alsace - Fourniture de dispositifs médicaux spécifiques 2026/2030;negociee;Exclusivités / Marchés négociés;;;;False;False;False;;7364;Établissement d'hospitalisation ;2 000  à  4 999;<NA>;1983-03-01;86.10Z;2008;5710.0;SAS, société par actions simplifiée;250  à  499;False;<NA>;2008;G;46;46.4;46.46;46.46Z;1987-05-20;(43.607601, 7.070383);Antibes;Alpes-Maritimes;Provence-Alpes-Côte d'Azur;(48.076851, 7.336788);Colmar;Haut-Rhin;Grand Est;;;;;;;;
False;;;True;True;False;attribue;{'StreetName': 'Zac de la Ferrage', 'AdditionalStreetName': None, 'CityName': 'ALLEINS', 'PostalZone': '13980', 'Country': 'FRA'};409691680;True;IDM MEDICAL;IDM MEDICAL;2026-09-23;{'StreetName': '39 avenue de la Liberté', 'AdditionalStreetName': None, 'CityName': 'Colmar', 'PostalZone': '68024', 'Country': 'FRA'};266800903;True;CENTRE HOSPITALIER DE COLMAR;Hôpitaux Civils de Colmar (68);;;fournitures;['Prix'];['prix'];[100];1440.0;False;;False;{'StreetName': None, 'CityName': 'COLMAR', 'PostalZone': '68000', 'NUTS': 'FRF12', 'Country': 'FRA'};sans remise en concurrence;;26-91545;;1545.0;;LOT-0053;33140000;;91;;;Groupement d'Achats de Produits de Santé Centre Alsace - Fourniture de dispositifs médicaux spécifiques 2026/2030;negociee;Exclusivités / Marchés négociés;;;;False;False;False;;7364;Établissement d'hospitalisation ;2 000  à  4 999;<NA>;1983-03-01;86.10Z;2008;5710.0;SAS, société par actions simplifiée;10  à  19;False;<NA>;2008;G;46;46.4;46.46;46.46Z;1996-10-21;(43.705403, 5.157384);Alleins;Bouches-du-Rhône;Provence-Alpes-Côte d'Azur;(48.076851, 7.336788);Colmar;Haut-Rhin;Grand Est;;;;;;;;
False;;;True;True;False;attribue;{'StreetName': 'CS 21531\n59 Allée Jean Jaurès', 'AdditionalStreetName': None, 'CityName': 'TOULOUSE', 'PostalZone': '31015', 'Country': 'FRA'};890712052;True;INARI MEDICAL EUROPE;INARI MEDICAL EUROPE;2026-09-23;{'StreetName': '39 avenue de la Liberté', 'AdditionalStreetName': None, 'CityName': 'Colmar', 'PostalZone': '68024', 'Country': 'FRA'};266800903;True;CENTRE HOSPITALIER DE COLMAR;Hôpitaux Civils de Colmar (68);;;fournitures;['Prix'];['prix'];[100];1440.0;False;;False;{'StreetName': None, 'CityName': 'COLMAR', 'PostalZone': '68000', 'NUTS': 'FRF12', 'Country': 'FRA'};sans remise en concurrence;;26-91545;;244800.0;;LOT-0054;33140000;;91;;;Groupement d'Achats de Produits de Santé Centre Alsace - Fourniture de dispositifs médicaux spécifiques 2026/2030;negociee;Exclusivités / Marchés négociés;;;;False;False;False;;7364;Établissement d'hospitalisation ;2 000  à  4 999;<NA>;1983-03-01;86.10Z;2008;3120.0;Société commerciale étrangère immatriculée au RCS;3  à  5;False;<NA>;2008;G;46;46.4;46.46;46.46Z;2020-11-01;(43.608231, 1.45188);Toulouse;Haute-Garonne;Occitanie;(48.076851, 7.336788);Colmar;Haut-Rhin;Grand Est;;;;;;;;
False;;;True;True;False;attribue;{'StreetName': 'Im Hausgruen 29', 'AdditionalStreetName': None, 'CityName': 'EMMENDINGEN', 'PostalZone': '79312', 'Country': 'DEU'};429079957;False;INOMED MEDIZINTECHNIK GMBH;INOMED MEDIZINTECHNIK GmbH;2026-09-23;{'StreetName': '39 avenue de la Liberté', 'AdditionalStreetName': None, 'CityName': 'Colmar', 'PostalZone': '68024', 'Country': 'FRA'};266800903;True;CENTRE HOSPITALIER DE COLMAR;Hôpitaux Civils de Colmar (68);;;fournitures;['Prix'];['prix'];[100];1440.0;False;;False;{'StreetName': None, 'CityName': 'COLMAR', 'PostalZone': '68000', 'NUTS': 'FRF12', 'Country': 'FRA'};sans remise en concurrence;;26-91545;;28107.0;;LOT-0055;33140000;;91;;;Groupement d'Achats de Produits de Santé Centre Alsace - Fourniture de dispositifs médicaux spécifiques 2026/2030;negociee;Exclusivités / Marchés négociés;;;;False;False;False;;7364;Établissement d'hospitalisation ;2 000  à  4 999;<NA>;1983-03-01;86.10Z;2008;3220.0;Société étrangère non immatriculée au RCS ;;False;<NA>;2008;G;46;46.4;46.46;46.46Z;1999-12-15;;;;;(48.076851, 7.336788);Colmar;Haut-Rhin;Grand Est;;;;;;;;
False;;;True;True;False;attribue;{'StreetName': '868 Chemin de la ZA des Métrillots', 'AdditionalStreetName': None, 'CityName': 'MONTAGNAT', 'PostalZone': '01250', 'Country': 'FRA'};450454335;True;INT'AIR MEDICAL;INT'AIR MEDICAL;2026-09-23;{'StreetName': '39 avenue de la Liberté', 'AdditionalStreetName': None, 'CityName': 'Colmar', 'PostalZone': '68024', 'Country': 'FRA'};266800903;True;CENTRE HOSPITALIER DE COLMAR;Hôpitaux Civils de Colmar (68);;;fournitures;['Prix'];['prix'];[100];1440.0;False;;False;{'StreetName': None, 'CityName': 'COLMAR', 'PostalZone': '68000', 'NUTS': 'FRF12', 'Country': 'FRA'};sans remise en concurrence;;26-91545;;6006.0;;LOT-0056;33140000;;91;;;Groupement d'Achats de Produits de Santé Centre Alsace - Fourniture de dispositifs médicaux spécifiques 2026/2030;negociee;Exclusivités / Marchés négociés;;;;False;False;False;;7364;Établissement d'hospitalisation ;2 000  à  4 999;<NA>;1983-03-01;86.10Z;2008;5710.0;SAS, société par actions simplifiée;100  à  199;False;<NA>;2008;C;32;32.5;32.5;32.50A;2003-10-01;(46.162629, 5.269416);Montagnat;Ain;Auvergne-Rhône-Alpes;(48.076851, 7.336788);Colmar;Haut-Rhin;Grand Est;;;;;;;;
False;;;True;True;False;attribue;{'StreetName': '97 Allée Alexandre Borodine\nParc technologique de la porte des Alpes', 'AdditionalStreetName': None, 'CityName': 'SAINT PRIEST', 'PostalZone': '69800', 'Country': 'FRA'};492534466;True;INTEGRA LIFESCIENCES SERVICES (FRANCE);INTEGRA LIFESCIENCES SERVICES FRANCE;2026-09-23;{'StreetName': '39 avenue de la Liberté', 'AdditionalStreetName': None, 'CityName': 'Colmar', 'PostalZone': '68024', 'Country': 'FRA'};266800903;True;CENTRE HOSPITALIER DE COLMAR;Hôpitaux Civils de Colmar (68);;;fournitures;['Prix'];['prix'];[100];1440.0;False;;False;{'StreetName': None, 'CityName': 'COLMAR', 'PostalZone': '68000', 'NUTS': 'FRF12', 'Country': 'FRA'};sans remise en concurrence;;26-91545;;23638.0;;LOT-0057;33140000;;91;;;Groupement d'Achats de Produits de Santé Centre Alsace - Fourniture de dispositifs médicaux spécifiques 2026/2030;negociee;Exclusivités / Marchés négociés;;;;False;False;False;;7364;Établissement d'hospitalisation ;2 000  à  4 999;<NA>;1983-03-01;86.10Z;2008;5710.0;SAS, société par actions simplifiée;100  à  199;False;<NA>;2008;G;46;46.4;46.46;46.46Z;2006-10-16;(45.711287, 4.934033);Saint-Priest;Rhône;Auvergne-Rhône-Alpes;(48.076851, 7.336788);Colmar;Haut-Rhin;Grand Est;;;;;;;;
False;;;True;True;False;attribue;{'StreetName': '12 rue Georges Guynemer', 'AdditionalStreetName': None, 'CityName': 'GUYANCOURT', 'PostalZone': '78280', 'Country': 'FRA'};632011458;True;KARL STORZ ENDOSCOPIE FRANCE;KARL STORZ ENDOSCOPIE FRANCE;2026-09-23;{'StreetName': '39 avenue de la Liberté', 'AdditionalStreetName': None, 'CityName': 'Colmar', 'PostalZone': '68024', 'Country': 'FRA'};266800903;True;CENTRE HOSPITALIER DE COLMAR;Hôpitaux Civils de Colmar (68);;;fournitures;['Prix'];['prix'];[100];1440.0;False;;False;{'StreetName': None, 'CityName': 'COLMAR', 'PostalZone': '68000', 'NUTS': 'FRF12', 'Country': 'FRA'};sans remise en concurrence;;26-91545;;573229.0;;LOT-0059;33140000;;91;;;Groupement d'Achats de Produits de Santé Centre Alsace - Fourniture de dispositifs médicaux spécifiques 2026/2030;negociee;Exclusivités / Marchés négociés;;;;False;False;False;;7364;Établissement d'hospitalisation ;2 000  à  4 999;<NA>;1983-03-01;86.10Z;2008;5710.0;SAS, société par actions simplifiée;100  à  199;<NA>;<NA>;2008;G;46;46.4;46.46;46.46Z;1963-01-01;(48.758363, 2.064714);Guyancourt;Yvelines;Île-de-France;(48.076851, 7.336788);Colmar;Haut-Rhin;Grand Est;;;;;;;;
False;;;True;True;False;attribue;{'StreetName': '300 rue du Noir Debout', 'AdditionalStreetName': None, 'CityName': 'CAPPELLE EN PEVELE', 'PostalZone': '59242', 'Country': 'FRA'};807436944;True;KEBOMED FRANCE;KEBOMED FRANCE;2026-09-23;{'StreetName': '39 avenue de la Liberté', 'AdditionalStreetName': None, 'CityName': 'Colmar', 'PostalZone': '68024', 'Country': 'FRA'};266800903;True;CENTRE HOSPITALIER DE COLMAR;Hôpitaux Civils de Colmar (68);;;fournitures;['Prix'];['prix'];[100];1440.0;False;;False;{'StreetName': None, 'CityName': 'COLMAR', 'PostalZone': '68000', 'NUTS': 'FRF12', 'Country': 'FRA'};sans remise en concurrence;;26-91545;;4721.0;;LOT-0060;33140000;;91;;;Groupement d'Achats de Produits de Santé Centre Alsace - Fourniture de dispositifs médicaux spécifiques 2026/2030;negociee;Exclusivités / Marchés négociés;;;;False;False;False;;7364;Établissement d'hospitalisation ;2 000  à  4 999;<NA>;1983-03-01;86.10Z;2008;5710.0;SAS, société par actions simplifiée;10  à  19;False;<NA>;2008;G;46;46.4;46.46;46.46Z;2014-10-08;(50.514499, 3.158527);Cappelle-en-Pévèle;Nord;Hauts-de-France;(48.076851, 7.336788);Colmar;Haut-Rhin;Grand Est;;;;;;;;
False;;;True;True;False;attribue;{'StreetName': '10 rue de Penthièvre', 'AdditionalStreetName': None, 'CityName': 'PARIS', 'PostalZone': '75008', 'Country': 'FRA'};814631859;True;MEDICAL MEASUREMENT SYSTEMS BV;MMS B.V / LABORIE;2026-09-23;{'StreetName': '39 avenue de la Liberté', 'AdditionalStreetName': None, 'CityName': 'Colmar', 'PostalZone': '68024', 'Country': 'FRA'};266800903;True;CENTRE HOSPITALIER DE COLMAR;Hôpitaux Civils de Colmar (68);;;fournitures;['Prix'];['prix'];[100];1440.0;False;;False;{'StreetName': None, 'CityName': 'COLMAR', 'PostalZone': '68000', 'NUTS': 'FRF12', 'Country': 'FRA'};sans remise en concurrence;;26-91545;;250045.0;;LOT-0061;33140000;;91;;;Groupement d'Achats de Produits de Santé Centre Alsace - Fourniture de dispositifs médicaux spécifiques 2026/2030;negociee;Exclusivités / Marchés négociés;;;;False;False;False;;7364;Établissement d'hospitalisation ;2 000  à  4 999;<NA>;1983-03-01;86.10Z;2008;3120.0;Société commerciale étrangère immatriculée au RCS;10  à  19;False;<NA>;2008;C;32;32.5;32.5;32.50A;2015-11-01;(48.873057, 2.316605);Paris;Paris;Île-de-France;(48.076851, 7.336788);Colmar;Haut-Rhin;Grand Est;;;;;;;;
False;;;True;True;False;attribue;{'StreetName': '24 rue du Gouverneur Général Eboué', 'AdditionalStreetName': None, 'CityName': 'ISSY LES MOULINEAUX', 'PostalZone': '92130', 'Country': 'FRA'};832026504;True;LIVANOVA;LIVANOVA;2026-09-23;{'StreetName': '39 avenue de la Liberté', 'AdditionalStreetName': None, 'CityName': 'Colmar', 'PostalZone': '68024', 'Country': 'FRA'};266800903;True;CENTRE HOSPITALIER DE COLMAR;Hôpitaux Civils de Colmar (68);;;fournitures;['Prix'];['prix'];[100];1440.0;False;;False;{'StreetName': None, 'CityName': 'COLMAR', 'PostalZone': '68000', 'NUTS': 'FRF12', 'Country': 'FRA'};sans remise en concurrence;;26-91545;;179271.0;;LOT-0062;33140000;;91;;;Groupement d'Achats de Produits de Santé Centre Alsace - Fourniture de dispositifs médicaux spécifiques 2026/2030;negociee;Exclusivités / Marchés négociés;;;;False;False;False;;7364;Établissement d'hospitalisation ;2 000  à  4 999;<NA>;1983-03-01;86.10Z;2008;5710.0;SAS, société par actions simplifiée;20  à  49;False;<NA>;2008;G;46;46.4;46.46;46.46Z;2017-09-13;(48.827003, 2.270758);Issy-les-Moulineaux;Hauts-de-Seine;Île-de-France;(48.076851, 7.336788);Colmar;Haut-Rhin;Grand Est;;;;;;;;
False;;;True;True;False;attribue;{'StreetName': '9 rue du 8 mai 1945', 'AdditionalStreetName': None, 'CityName': 'BOISSY SAINT LEGER', 'PostalZone': '94470', 'Country': 'FRA'};306101288;True;MARQUAT GENIE BIOMEDICAL;MARQUAT GENIE BIOMEDICAL;2026-09-23;{'StreetName': '39 avenue de la Liberté', 'AdditionalStreetName': None, 'CityName': 'Colmar', 'PostalZone': '68024', 'Country': 'FRA'};266800903;True;CENTRE HOSPITALIER DE COLMAR;Hôpitaux Civils de Colmar (68);;;fournitures;['Prix'];['prix'];[100];1440.0;False;;False;{'StreetName': None, 'CityName': 'COLMAR', 'PostalZone': '68000', 'NUTS': 'FRF12', 'Country': 'FRA'};sans remise en concurrence;;26-91545;;389.0;;LOT-0063;33140000;;91;;;Groupement d'Achats de Produits de Santé Centre Alsace - Fourniture de dispositifs médicaux spécifiques 2026/2030;negociee;Exclusivités / Marchés négociés;;;;False;False;False;;7364;Établissement d'hospitalisation ;2 000  à  4 999;<NA>;1983-03-01;86.10Z;2008;5710.0;SAS, société par actions simplifiée;6  à  9;False;<NA>;2008;C;22;22.1;22.19;22.19Z;1900-01-01;(48.758967, 2.503351);Boissy-Saint-Léger;Val-de-Marne;Île-de-France;(48.076851, 7.336788);Colmar;Haut-Rhin;Grand Est;;;;;;;;
False;;;True;True;False;attribue;"{'StreetName': ""20 rue Rouget De L'Isle"", 'AdditionalStreetName': None, 'CityName': 'ISSY LES MOULINEAUX', 'PostalZone': '92130', 'Country': 'FRA'}";411416407;True;MEDELA FRANCE;MEDELA FRANCE;2026-09-23;{'StreetName': '39 avenue de la Liberté', 'AdditionalStreetName': None, 'CityName': 'Colmar', 'PostalZone': '68024', 'Country': 'FRA'};266800903;True;CENTRE HOSPITALIER DE COLMAR;Hôpitaux Civils de Colmar (68);;;fournitures;['Prix'];['prix'];[100];1440.0;False;;False;{'StreetName': None, 'CityName': 'COLMAR', 'PostalZone': '68000', 'NUTS': 'FRF12', 'Country': 'FRA'};sans remise en concurrence;;26-91545;;35402.0;;LOT-0064;33140000;;91;;;Groupement d'Achats de Produits de Santé Centre Alsace - Fourniture de dispositifs médicaux spécifiques 2026/2030;negociee;Exclusivités / Marchés négociés;;;;False;False;False;;7364;Établissement d'hospitalisation ;2 000  à  4 999;<NA>;1983-03-01;86.10Z;2008;5710.0;SAS, société par actions simplifiée;20  à  49;False;<NA>;2008;G;46;46.4;46.46;46.46Z;1997-03-03;(48.828174, 2.265832);Issy-les-Moulineaux;Hauts-de-Seine;Île-de-France;(48.076851, 7.336788);Colmar;Haut-Rhin;Grand Est;;;;;;;;
False;;;True;True;False;non attribue;;;False;;;2026-09-23;{'StreetName': '39 avenue de la Liberté', 'AdditionalStreetName': None, 'CityName': 'Colmar', 'PostalZone': '68024', 'Country': 'FRA'};266800903;True;CENTRE HOSPITALIER DE COLMAR;Hôpitaux Civils de Colmar (68);;;fournitures;['Prix'];['prix'];[100];1440.0;False;;False;{'StreetName': None, 'CityName': 'COLMAR', 'PostalZone': '68000', 'NUTS': 'FRF12', 'Country': 'FRA'};sans remise en concurrence;;26-91545;;;;LOT-0065;33140000;;91;;;Groupement d'Achats de Produits de Santé Centre Alsace - Fourniture de dispositifs médicaux spécifiques 2026/2030;negociee;Exclusivités / Marchés négociés;;;;False;False;False;;7364;Établissement d'hospitalisation ;2 000  à  4 999;<NA>;1983-03-01;86.10Z;2008;;;;;;<NA>;;;;;<NA>;<NA>;;;;;(48.076851, 7.336788);Colmar;Haut-Rhin;Grand Est;;;;;;;;
False;;;True;True;False;attribue;{'StreetName': '19 rue Stephensen', 'AdditionalStreetName': None, 'CityName': 'MONTIGNY LE BRETONNEUX', 'PostalZone': '78180', 'Country': 'FRA'};408537249;True;MEDLINE INTERNATIONAL FRANCE SAS;MEDLINE INTERNATIONAL FRANCE;2026-09-23;{'StreetName': '39 avenue de la Liberté', 'AdditionalStreetName': None, 'CityName': 'Colmar', 'PostalZone': '68024', 'Country': 'FRA'};266800903;True;CENTRE HOSPITALIER DE COLMAR;Hôpitaux Civils de Colmar (68);;;fournitures;['Prix'];['prix'];[100];1440.0;False;;False;{'StreetName': None, 'CityName': 'COLMAR', 'PostalZone': '68000', 'NUTS': 'FRF12', 'Country': 'FRA'};sans remise en concurrence;;26-91545;;16110.0;;LOT-0066;33140000;;91;;;Groupement d'Achats de Produits de Santé Centre Alsace - Fourniture de dispositifs médicaux spécifiques 2026/2030;negociee;Exclusivités / Marchés négociés;;;;False;False;False;;7364;Établissement d'hospitalisation ;2 000  à  4 999;<NA>;1983-03-01;86.10Z;2008;5710.0;SAS, société par actions simplifiée;100  à  199;False;<NA>;2008;G;46;46.4;46.46;46.46Z;1996-07-26;(48.787084, 2.048459);Montigny-le-Bretonneux;Yvelines;Île-de-France;(48.076851, 7.336788);Colmar;Haut-Rhin;Grand Est;;;;;;;;
False;;;True;True;False;attribue;{'StreetName': '9 boulevard Romain Rolland', 'AdditionalStreetName': None, 'CityName': 'PARIS', 'PostalZone': '75014', 'Country': 'FRA'};722008232;True;MEDTRONIC FRANCE;MEDTRONIC FRANCE;2026-09-23;{'StreetName': '39 avenue de la Liberté', 'AdditionalStreetName': None, 'CityName': 'Colmar', 'PostalZone': '68024', 'Country': 'FRA'};266800903;True;CENTRE HOSPITALIER DE COLMAR;Hôpitaux Civils de Colmar (68);;;fournitures;['Prix'];['prix'];[100];1440.0;False;;False;{'StreetName': None, 'CityName': 'COLMAR', 'PostalZone': '68000', 'NUTS': 'FRF12', 'Country': 'FRA'};sans remise en concurrence;;26-91545;;1114491.0;;LOT-0067;33140000;;91;;;Groupement d'Achats de Produits de Santé Centre Alsace - Fourniture de dispositifs médicaux spécifiques 2026/2030;negociee;Exclusivités / Marchés négociés;;;;False;False;False;;7364;Établissement d'hospitalisation ;2 000  à  4 999;<NA>;1983-03-01;86.10Z;2008;5710.0;SAS, société par actions simplifiée;500  à  999;False;<NA>;2008;G;46;46.4;46.46;46.46Z;2004-09-20;(48.819597, 2.341315);Paris;Paris;Île-de-France;(48.076851, 7.336788);Colmar;Haut-Rhin;Grand Est;;;;;;;;
False;;;True;True;False;attribue;{'StreetName': '46 avenue des Frères Lumière', 'AdditionalStreetName': None, 'CityName': 'SAINT QUENTIN EN YVELINES', 'PostalZone': '78190', 'Country': 'FRA'};399728906;True;MERIT MEDICAL FRANCE;MERIT MEDICAL;2026-09-23;{'StreetName': '39 avenue de la Liberté', 'AdditionalStreetName': None, 'CityName': 'Colmar', 'PostalZone': '68024', 'Country': 'FRA'};266800903;True;CENTRE HOSPITALIER DE COLMAR;Hôpitaux Civils de Colmar (68);;;fournitures;['Prix'];['prix'];[100];1440.0;False;;False;{'StreetName': None, 'CityName': 'COLMAR', 'PostalZone': '68000', 'NUTS': 'FRF12', 'Country': 'FRA'};sans remise en concurrence;;26-91545;;46100.0;;LOT-0069;33140000;;91;;;Groupement d'Achats de Produits de Santé Centre Alsace - Fourniture de dispositifs médicaux spécifiques 2026/2030;negociee;Exclusivités / Marchés négociés;;;;False;False;False;;7364;Établissement d'hospitalisation ;2 000  à  4 999;<NA>;1983-03-01;86.10Z;2008;5710.0;SAS, société par actions simplifiée;20  à  49;False;<NA>;2008;G;46;46.4;46.46;46.46Z;1995-02-01;(48.757713, 1.984854);Trappes;Yvelines;Île-de-France;(48.076851, 7.336788);Colmar;Haut-Rhin;Grand Est;;;;;;;;
False;;;True;True;False;attribue;"{'StreetName': 'Rue du Pied de Fourche', 'AdditionalStreetName': None, 'CityName': ""BOURBON L'ARCHAMBAULT"", 'PostalZone': '03160', 'Country': 'FRA'}";602035750;True;MORIA SA;MORIA;2026-09-23;{'StreetName': '39 avenue de la Liberté', 'AdditionalStreetName': None, 'CityName': 'Colmar', 'PostalZone': '68024', 'Country': 'FRA'};266800903;True;CENTRE HOSPITALIER DE COLMAR;Hôpitaux Civils de Colmar (68);;;fournitures;['Prix'];['prix'];[100];1440.0;False;;False;{'StreetName': None, 'CityName': 'COLMAR', 'PostalZone': '68000', 'NUTS': 'FRF12', 'Country': 'FRA'};sans remise en concurrence;;26-91545;;3270.0;;LOT-0071;33140000;;91;;;Groupement d'Achats de Produits de Santé Centre Alsace - Fourniture de dispositifs médicaux spécifiques 2026/2030;negociee;Exclusivités / Marchés négociés;;;;False;False;False;;7364;Établissement d'hospitalisation ;2 000  à  4 999;<NA>;1983-03-01;86.10Z;2008;5599.0;SA à conseil d'administration (s.a.i.);100  à  199;False;<NA>;2008;C;32;32.5;32.5;32.50A;1960-01-01;(46.586152, 3.063728);Bourbon-l'Archambault;Allier;Auvergne-Rhône-Alpes;(48.076851, 7.336788);Colmar;Haut-Rhin;Grand Est;;;;;;;;
False;;;True;True;False;attribue;{'StreetName': '30 rue Godot de Mauroy', 'AdditionalStreetName': None, 'CityName': 'PAROS', 'PostalZone': '75009', 'Country': 'FRA'};532398429;True;;NEOVENTA MEDICAL;2026-09-23;{'StreetName': '39 avenue de la Liberté', 'AdditionalStreetName': None, 'CityName': 'Colmar', 'PostalZone': '68024', 'Country': 'FRA'};266800903;True;CENTRE HOSPITALIER DE COLMAR;Hôpitaux Civils de Colmar (68);;;fournitures;['Prix'];['prix'];[100];1440.0;False;;False;{'StreetName': None, 'CityName': 'COLMAR', 'PostalZone': '68000', 'NUTS': 'FRF12', 'Country': 'FRA'};sans remise en concurrence;;26-91545;;1272.0;;LOT-0073;33140000;;91;;;Groupement d'Achats de Produits de Santé Centre Alsace - Fourniture de dispositifs médicaux spécifiques 2026/2030;negociee;Exclusivités / Marchés négociés;;;;False;False;False;;7364;Établissement d'hospitalisation ;2 000  à  4 999;<NA>;1983-03-01;86.10Z;2008;;;;;;<NA>;;;;;<NA>;<NA>;(48.871955, 2.327378);Paris;Paris;Île-de-France;(48.076851, 7.336788);Colmar;Haut-Rhin;Grand Est;;;;;;;;
False;;;True;True;False;attribue;{'StreetName': '45 rue des Garottières', 'AdditionalStreetName': None, 'CityName': 'HAUTE GOULAINE', 'PostalZone': '44115', 'Country': 'FRA'};441810603;True;NEWCLIP TECHNICS;NEWCLIP TECHNICS;2026-09-23;{'StreetName': '39 avenue de la Liberté', 'AdditionalStreetName': None, 'CityName': 'Colmar', 'PostalZone': '68024', 'Country': 'FRA'};266800903;True;CENTRE HOSPITALIER DE COLMAR;Hôpitaux Civils de Colmar (68);;;fournitures;['Prix'];['prix'];[100];1440.0;False;;False;{'StreetName': None, 'CityName': 'COLMAR', 'PostalZone': '68000', 'NUTS': 'FRF12', 'Country': 'FRA'};sans remise en concurrence;;26-91545;;3520.0;;LOT-0074;33140000;;91;;;Groupement d'Achats de Produits de Santé Centre Alsace - Fourniture de dispositifs médicaux spécifiques 2026/2030;negociee;Exclusivités / Marchés négociés;;;;False;False;False;;7364;Établissement d'hospitalisation ;2 000  à  4 999;<NA>;1983-03-01;86.10Z;2008;5710.0;SAS, société par actions simplifiée;100  à  199;False;<NA>;2008;C;32;32.5;32.5;32.50A;2002-05-01;(47.182613, -1.423345);Haute-Goulaine;Loire-Atlantique;Pays de la Loire;(48.076851, 7.336788);Colmar;Haut-Rhin;Grand Est;;;;;;;;
False;;;True;True;False;attribue;{'StreetName': '1058 voie Antiope\nZI Athelia III', 'AdditionalStreetName': None, 'CityName': 'LA CIOTAT CEDEX', 'PostalZone': '13705', 'Country': 'FRA'};398941260;True;NOVATECH;NOVATECH;2026-09-23;{'StreetName': '39 avenue de la Liberté', 'AdditionalStreetName': None, 'CityName': 'Colmar', 'PostalZone': '68024', 'Country': 'FRA'};266800903;True;CENTRE HOSPITALIER DE COLMAR;Hôpitaux Civils de Colmar (68);;;fournitures;['Prix'];['prix'];[100];1440.0;False;;False;{'StreetName': None, 'CityName': 'COLMAR', 'PostalZone': '68000', 'NUTS': 'FRF12', 'Country': 'FRA'};sans remise en concurrence;;26-91545;;13116.0;;LOT-0076;33140000;;91;;;Groupement d'Achats de Produits de Santé Centre Alsace - Fourniture de dispositifs médicaux spécifiques 2026/2030;negociee;Exclusivités / Marchés négociés;;;;False;False;False;;7364;Établissement d'hospitalisation ;2 000  à  4 999;<NA>;1983-03-01;86.10Z;2008;5599.0;SA à conseil d'administration (s.a.i.);10  à  19;False;<NA>;2008;C;32;32.5;32.5;32.50A;1994-11-16;(43.20598, 5.608865);La Ciotat;Bouches-du-Rhône;Provence-Alpes-Côte d'Azur;(48.076851, 7.336788);Colmar;Haut-Rhin;Grand Est;;;;;;;;
False;;;True;True;False;attribue;"{'StreetName': ""19 rue d'Arcueil"", 'AdditionalStreetName': None, 'CityName': 'RUNGIS CEDEX', 'PostalZone': '94593', 'Country': 'FRA'}";582026324;True;OLYMPUS FRANCE;OLYMPUS FRANCE;2026-09-23;{'StreetName': '39 avenue de la Liberté', 'AdditionalStreetName': None, 'CityName': 'Colmar', 'PostalZone': '68024', 'Country': 'FRA'};266800903;True;CENTRE HOSPITALIER DE COLMAR;Hôpitaux Civils de Colmar (68);;;fournitures;['Prix'];['prix'];[100];1440.0;False;;False;{'StreetName': None, 'CityName': 'COLMAR', 'PostalZone': '68000', 'NUTS': 'FRF12', 'Country': 'FRA'};sans remise en concurrence;;26-91545;;1839.0;;LOT-0077;33140000;;91;;;Groupement d'Achats de Produits de Santé Centre Alsace - Fourniture de dispositifs médicaux spécifiques 2026/2030;negociee;Exclusivités / Marchés négociés;;;;False;False;False;;7364;Établissement d'hospitalisation ;2 000  à  4 999;<NA>;1983-03-01;86.10Z;2008;5710.0;SAS, société par actions simplifiée;250  à  499;False;<NA>;2008;G;46;46.4;46.46;46.46Z;1958-01-01;(48.745219, 2.35766);Rungis;Val-de-Marne;Île-de-France;(48.076851, 7.336788);Colmar;Haut-Rhin;Grand Est;;;;;;;;
False;;;True;True;False;attribue;{'StreetName': '17 rue de Rosheim', 'AdditionalStreetName': None, 'CityName': 'ROSHEIM', 'PostalZone': '67000', 'Country': 'FRA'};524421856;True;OPTIMED;OPTIMED;2026-09-23;{'StreetName': '39 avenue de la Liberté', 'AdditionalStreetName': None, 'CityName': 'Colmar', 'PostalZone': '68024', 'Country': 'FRA'};266800903;True;CENTRE HOSPITALIER DE COLMAR;Hôpitaux Civils de Colmar (68);;;fournitures;['Prix'];['prix'];[100];1440.0;False;;False;{'StreetName': None, 'CityName': 'COLMAR', 'PostalZone': '68000', 'NUTS': 'FRF12', 'Country': 'FRA'};sans remise en concurrence;;26-91545;;4950.0;;LOT-0078;33140000;;91;;;Groupement d'Achats de Produits de Santé Centre Alsace - Fourniture de dispositifs médicaux spécifiques 2026/2030;negociee;Exclusivités / Marchés négociés;;;;False;False;False;;7364;Établissement d'hospitalisation ;2 000  à  4 999;<NA>;1983-03-01;86.10Z;2008;5499.0;Société à responsabilité limitée (sans autre indication);6  à  9;False;<NA>;2008;G;46;46.4;46.46;46.46Z;2010-08-10;(48.580144, 7.733143);Strasbourg;Bas-Rhin;Grand Est;(48.076851, 7.336788);Colmar;Haut-Rhin;Grand Est;;;;;;;;
False;;;True;True;False;attribue;{'StreetName': '20 rue Louis Blériot', 'AdditionalStreetName': None, 'CityName': 'BRUZ', 'PostalZone': '35170', 'Country': 'FRA'};853462935;True;OVESCO ENDOSCOPY FRANCE SAS;OVESCO ENDOSCOPY FRANCE;2026-09-23;{'StreetName': '39 avenue de la Liberté', 'AdditionalStreetName': None, 'CityName': 'Colmar', 'PostalZone': '68024', 'Country': 'FRA'};266800903;True;CENTRE HOSPITALIER DE COLMAR;Hôpitaux Civils de Colmar (68);;;fournitures;['Prix'];['prix'];[100];1440.0;False;;False;{'StreetName': None, 'CityName': 'COLMAR', 'PostalZone': '68000', 'NUTS': 'FRF12', 'Country': 'FRA'};sans remise en concurrence;;26-91545;;11545.0;;LOT-0080;33140000;;91;;;Groupement d'Achats de Produits de Santé Centre Alsace - Fourniture de dispositifs médicaux spécifiques 2026/2030;negociee;Exclusivités / Marchés négociés;;;;False;False;False;;7364;Établissement d'hospitalisation ;2 000  à  4 999;<NA>;1983-03-01;86.10Z;2008;5710.0;SAS, société par actions simplifiée;6  à  9;False;<NA>;2008;G;46;46.4;46.46;46.46Z;2019-08-09;(48.048083, -1.747063);Bruz;Ille-et-Vilaine;Bretagne;(48.076851, 7.336788);Colmar;Haut-Rhin;Grand Est;;;;;;;;
False;;;True;True;False;attribue;"{'StreetName': '1 rue du Bois Joli', 'AdditionalStreetName': None, 'CityName': ""COURNON D'AUVERGNE CEDEX"", 'PostalZone': '63808', 'Country': 'FRA'}";393827720;True;QUANTEL MEDICAL;QUANTEL MEDICAL;2026-09-23;{'StreetName': '39 avenue de la Liberté', 'AdditionalStreetName': None, 'CityName': 'Colmar', 'PostalZone': '68024', 'Country': 'FRA'};266800903;True;CENTRE HOSPITALIER DE COLMAR;Hôpitaux Civils de Colmar (68);;;fournitures;['Prix'];['prix'];[100];1440.0;False;;False;{'StreetName': None, 'CityName': 'COLMAR', 'PostalZone': '68000', 'NUTS': 'FRF12', 'Country': 'FRA'};sans remise en concurrence;;26-91545;;33349.0;;LOT-0081;33140000;;91;;;Groupement d'Achats de Produits de Santé Centre Alsace - Fourniture de dispositifs médicaux spécifiques 2026/2030;negociee;Exclusivités / Marchés négociés;;;;False;False;False;;7364;Établissement d'hospitalisation ;2 000  à  4 999;<NA>;1983-03-01;86.10Z;2008;5710.0;SAS, société par actions simplifiée;100  à  199;False;<NA>;2008;C;26;26.6;26.6;26.60Z;1994-01-01;(45.745629, 3.154704);Cournon-d'Auvergne;Puy-de-Dôme;Auvergne-Rhône-Alpes;(48.076851, 7.336788);Colmar;Haut-Rhin;Grand Est;;;;;;;;
False;;;True;True;False;attribue;{'StreetName': '43-47 avenue de la Grande Armée', 'AdditionalStreetName': None, 'CityName': 'PARIS', 'PostalZone': '75116', 'Country': 'FRA'};893235952;True;SHOCKWAVE MEDICAL FRANCE;SHOCKWAVE MEDICAL FRANCE;2026-09-23;{'StreetName': '39 avenue de la Liberté', 'AdditionalStreetName': None, 'CityName': 'Colmar', 'PostalZone': '68024', 'Country': 'FRA'};266800903;True;CENTRE HOSPITALIER DE COLMAR;Hôpitaux Civils de Colmar (68);;;fournitures;['Prix'];['prix'];[100];1440.0;False;;False;{'StreetName': None, 'CityName': 'COLMAR', 'PostalZone': '68000', 'NUTS': 'FRF12', 'Country': 'FRA'};sans remise en concurrence;;26-91545;;37500.0;;LOT-0084;33140000;;91;;;Groupement d'Achats de Produits de Santé Centre Alsace - Fourniture de dispositifs médicaux spécifiques 2026/2030;negociee;Exclusivités / Marchés négociés;;;;False;False;False;;7364;Établissement d'hospitalisation ;2 000  à  4 999;<NA>;1983-03-01;86.10Z;2008;5499.0;Société à responsabilité limitée (sans autre indication);10  à  19;False;<NA>;2008;G;46;46.4;46.46;46.46Z;2021-01-11;(48.875464, 2.288601);Paris;Paris;Île-de-France;(48.076851, 7.336788);Colmar;Haut-Rhin;Grand Est;;;;;;;;
False;;;True;True;False;attribue;{'StreetName': '40-52 Boulevard du Parc', 'AdditionalStreetName': None, 'CityName': 'NEUILLY SUR SEINE', 'PostalZone': '92200', 'Country': 'FRA'};577150840;True;SMITH ET NEPHEW SAS;SMITH ET NEPHEW;2026-09-23;{'StreetName': '39 avenue de la Liberté', 'AdditionalStreetName': None, 'CityName': 'Colmar', 'PostalZone': '68024', 'Country': 'FRA'};266800903;True;CENTRE HOSPITALIER DE COLMAR;Hôpitaux Civils de Colmar (68);;;fournitures;['Prix'];['prix'];[100];1440.0;False;;False;{'StreetName': None, 'CityName': 'COLMAR', 'PostalZone': '68000', 'NUTS': 'FRF12', 'Country': 'FRA'};sans remise en concurrence;;26-91545;;23166.0;;LOT-0086;33140000;;91;;;Groupement d'Achats de Produits de Santé Centre Alsace - Fourniture de dispositifs médicaux spécifiques 2026/2030;negociee;Exclusivités / Marchés négociés;;;;False;False;False;;7364;Établissement d'hospitalisation ;2 000  à  4 999;<NA>;1983-03-01;86.10Z;2008;5710.0;SAS, société par actions simplifiée;250  à  499;False;<NA>;2008;G;46;46.4;46.46;46.46Z;1971-01-01;(48.892252, 2.262606);Neuilly-sur-Seine;Hauts-de-Seine;Île-de-France;(48.076851, 7.336788);Colmar;Haut-Rhin;Grand Est;;;;;;;;
False;;;True;True;False;attribue;{'StreetName': '3 rue du Pont des Halles', 'AdditionalStreetName': None, 'CityName': 'RUNGIS CEDEX', 'PostalZone': '94656', 'Country': 'FRA'};353021827;True;ICU MEDICAL ENTREPRISE FRANCE SAS;ICU MEDICAL Entreprise FRANCE;2026-09-23;{'StreetName': '39 avenue de la Liberté', 'AdditionalStreetName': None, 'CityName': 'Colmar', 'PostalZone': '68024', 'Country': 'FRA'};266800903;True;CENTRE HOSPITALIER DE COLMAR;Hôpitaux Civils de Colmar (68);;;fournitures;['Prix'];['prix'];[100];1440.0;False;;False;{'StreetName': None, 'CityName': 'COLMAR', 'PostalZone': '68000', 'NUTS': 'FRF12', 'Country': 'FRA'};sans remise en concurrence;;26-91545;;83605.0;;LOT-0087;33140000;;91;;;Groupement d'Achats de Produits de Santé Centre Alsace - Fourniture de dispositifs médicaux spécifiques 2026/2030;negociee;Exclusivités / Marchés négociés;;;;False;False;False;;7364;Établissement d'hospitalisation ;2 000  à  4 999;<NA>;1983-03-01;86.10Z;2008;5710.0;SAS, société par actions simplifiée;20  à  49;False;<NA>;2008;G;46;46.4;46.46;46.46Z;1989-12-01;(48.755402, 2.34977);Rungis;Val-de-Marne;Île-de-France;(48.076851, 7.336788);Colmar;Haut-Rhin;Grand Est;;;;;;;;
False;;;True;True;False;attribue;"{'StreetName': ""1 Parvis de l'Innovation"", 'AdditionalStreetName': None, 'CityName': 'CERGY', 'PostalZone': '95000', 'Country': 'FRA'}";852253862;True;;SOLVENTUM FRANCE;2026-09-23;{'StreetName': '39 avenue de la Liberté', 'AdditionalStreetName': None, 'CityName': 'Colmar', 'PostalZone': '68024', 'Country': 'FRA'};266800903;True;CENTRE HOSPITALIER DE COLMAR;Hôpitaux Civils de Colmar (68);;;fournitures;['Prix'];['prix'];[100];1440.0;False;;False;{'StreetName': None, 'CityName': 'COLMAR', 'PostalZone': '68000', 'NUTS': 'FRF12', 'Country': 'FRA'};sans remise en concurrence;;26-91545;;95040.0;;LOT-0088;33140000;;91;;;Groupement d'Achats de Produits de Santé Centre Alsace - Fourniture de dispositifs médicaux spécifiques 2026/2030;negociee;Exclusivités / Marchés négociés;;;;False;False;False;;7364;Établissement d'hospitalisation ;2 000  à  4 999;<NA>;1983-03-01;86.10Z;2008;;;;;;<NA>;;;;;<NA>;<NA>;(49.041863, 2.076914);Cergy;Val-d'Oise;Île-de-France;(48.076851, 7.336788);Colmar;Haut-Rhin;Grand Est;;;;;;;;
False;;;True;True;False;attribue;{'StreetName': '10 rue Jean Moulin\nZI du Bayon', 'AdditionalStreetName': None, 'CityName': 'LA RICAMARIE', 'PostalZone': '42150', 'Country': 'FRA'};332390566;True;STEPHANIX;STEPHANIX;2026-09-23;{'StreetName': '39 avenue de la Liberté', 'AdditionalStreetName': None, 'CityName': 'Colmar', 'PostalZone': '68024', 'Country': 'FRA'};266800903;True;CENTRE HOSPITALIER DE COLMAR;Hôpitaux Civils de Colmar (68);;;fournitures;['Prix'];['prix'];[100];1440.0;False;;False;{'StreetName': None, 'CityName': 'COLMAR', 'PostalZone': '68000', 'NUTS': 'FRF12', 'Country': 'FRA'};sans remise en concurrence;;26-91545;;3000.0;;LOT-0090;33140000;;91;;;Groupement d'Achats de Produits de Santé Centre Alsace - Fourniture de dispositifs médicaux spécifiques 2026/2030;negociee;Exclusivités / Marchés négociés;;;;False;False;False;;7364;Établissement d'hospitalisation ;2 000  à  4 999;<NA>;1983-03-01;86.10Z;2008;5710.0;SAS, société par actions simplifiée;100  à  199;False;<NA>;2008;C;26;26.6;26.6;26.60Z;1985-04-01;(45.413868, 4.373695);La Ricamarie;Loire;Auvergne-Rhône-Alpes;(48.076851, 7.336788);Colmar;Haut-Rhin;Grand Est;;;;;;;;
False;;;True;True;False;attribue;{'StreetName': '67 avenue J.F. Kennedy', 'AdditionalStreetName': None, 'CityName': 'MERIGNAC', 'PostalZone': '33700', 'Country': 'FRA'};391461373;True;STERIS;STERIS;2026-09-23;{'StreetName': '39 avenue de la Liberté', 'AdditionalStreetName': None, 'CityName': 'Colmar', 'PostalZone': '68024', 'Country': 'FRA'};266800903;True;CENTRE HOSPITALIER DE COLMAR;Hôpitaux Civils de Colmar (68);;;fournitures;['Prix'];['prix'];[100];1440.0;False;;False;{'StreetName': None, 'CityName': 'COLMAR', 'PostalZone': '68000', 'NUTS': 'FRF12', 'Country': 'FRA'};sans remise en concurrence;;26-91545;;14436.0;;LOT-0091;33140000;;91;;;Groupement d'Achats de Produits de Santé Centre Alsace - Fourniture de dispositifs médicaux spécifiques 2026/2030;negociee;Exclusivités / Marchés négociés;;;;False;False;False;;7364;Établissement d'hospitalisation ;2 000  à  4 999;<NA>;1983-03-01;86.10Z;2008;5710.0;SAS, société par actions simplifiée;200  à  249;<NA>;<NA>;2008;G;46;46.4;46.46;46.46Z;1993-05-10;(44.835794, -0.67849);Mérignac;Gironde;Nouvelle-Aquitaine;(48.076851, 7.336788);Colmar;Haut-Rhin;Grand Est;;;;;;;;
False;;;True;True;False;attribue;{'StreetName': 'ZAC de Satolas Green', 'AdditionalStreetName': None, 'CityName': 'PUSIGNAN', 'PostalZone': '69330', 'Country': 'FRA'};333710275;True;STRYKER FRANCE SA;STRYKER FRANCE;2026-09-23;{'StreetName': '39 avenue de la Liberté', 'AdditionalStreetName': None, 'CityName': 'Colmar', 'PostalZone': '68024', 'Country': 'FRA'};266800903;True;CENTRE HOSPITALIER DE COLMAR;Hôpitaux Civils de Colmar (68);;;fournitures;['Prix'];['prix'];[100];1440.0;False;;False;{'StreetName': None, 'CityName': 'COLMAR', 'PostalZone': '68000', 'NUTS': 'FRF12', 'Country': 'FRA'};sans remise en concurrence;;26-91545;;412945.0;;LOT-0092;33140000;;91;;;Groupement d'Achats de Produits de Santé Centre Alsace - Fourniture de dispositifs médicaux spécifiques 2026/2030;negociee;Exclusivités / Marchés négociés;;;;False;False;False;;7364;Établissement d'hospitalisation ;2 000  à  4 999;<NA>;1983-03-01;86.10Z;2008;5710.0;SAS, société par actions simplifiée;500  à  999;False;<NA>;2008;G;46;46.4;46.46;46.46Z;1985-09-03;(45.744243, 5.067491);Pusignan;Rhône;Auvergne-Rhône-Alpes;(48.076851, 7.336788);Colmar;Haut-Rhin;Grand Est;;;;;;;;
False;;;True;True;False;attribue;{'StreetName': 'Service des marchés', 'AdditionalStreetName': None, 'CityName': 'LE FAGET', 'PostalZone': '31460', 'Country': 'FRA'};347479883;True;TELEFLEX MEDICAL;TELEFLEX MEDICAL;2026-09-23;{'StreetName': '39 avenue de la Liberté', 'AdditionalStreetName': None, 'CityName': 'Colmar', 'PostalZone': '68024', 'Country': 'FRA'};266800903;True;CENTRE HOSPITALIER DE COLMAR;Hôpitaux Civils de Colmar (68);;;fournitures;['Prix'];['prix'];[100];1440.0;False;;False;{'StreetName': None, 'CityName': 'COLMAR', 'PostalZone': '68000', 'NUTS': 'FRF12', 'Country': 'FRA'};sans remise en concurrence;;26-91545;;192931.0;;LOT-0093;33140000;;91;;;Groupement d'Achats de Produits de Santé Centre Alsace - Fourniture de dispositifs médicaux spécifiques 2026/2030;negociee;Exclusivités / Marchés négociés;;;;False;False;False;;7364;Établissement d'hospitalisation ;2 000  à  4 999;<NA>;1983-03-01;86.10Z;2008;5710.0;SAS, société par actions simplifiée;50  à  99;False;<NA>;2008;G;46;46.4;46.46;46.46Z;1988-07-01;(43.566995, 1.826121);Le Faget;Haute-Garonne;Occitanie;(48.076851, 7.336788);Colmar;Haut-Rhin;Grand Est;;;;;;;;
False;;;True;True;False;attribue;{'StreetName': 'Via per Carpi 15B', 'AdditionalStreetName': None, 'CityName': 'CORREGGIO', 'PostalZone': '42015', 'Country': 'ITA'};884605858;False;KERMOBE;THD S.p.A.;2026-09-23;{'StreetName': '39 avenue de la Liberté', 'AdditionalStreetName': None, 'CityName': 'Colmar', 'PostalZone': '68024', 'Country': 'FRA'};266800903;True;CENTRE HOSPITALIER DE COLMAR;Hôpitaux Civils de Colmar (68);;;fournitures;['Prix'];['prix'];[100];1440.0;False;;False;{'StreetName': None, 'CityName': 'COLMAR', 'PostalZone': '68000', 'NUTS': 'FRF12', 'Country': 'FRA'};sans remise en concurrence;;26-91545;;91920.0;;LOT-0094;33140000;;91;;;Groupement d'Achats de Produits de Santé Centre Alsace - Fourniture de dispositifs médicaux spécifiques 2026/2030;negociee;Exclusivités / Marchés négociés;;;;False;False;False;;7364;Établissement d'hospitalisation ;2 000  à  4 999;<NA>;1983-03-01;86.10Z;2008;5710.0;SAS, société par actions simplifiée;10  à  19;False;<NA>;2008;I;55;55.1;55.1;55.10Z;2020-06-24;;;;;(48.076851, 7.336788);Colmar;Haut-Rhin;Grand Est;;;;;;;;
False;;;True;True;False;attribue;{'StreetName': '6 rue de la Flottière', 'AdditionalStreetName': None, 'CityName': 'JOUE LES TOURS CEDEX', 'PostalZone': '37300', 'Country': 'FRA'};929943716;True;;TSC LIFE FRANCE;2026-09-23;{'StreetName': '39 avenue de la Liberté', 'AdditionalStreetName': None, 'CityName': 'Colmar', 'PostalZone': '68024', 'Country': 'FRA'};266800903;True;CENTRE HOSPITALIER DE COLMAR;Hôpitaux Civils de Colmar (68);;;fournitures;['Prix'];['prix'];[100];1440.0;False;;False;{'StreetName': None, 'CityName': 'COLMAR', 'PostalZone': '68000', 'NUTS': 'FRF12', 'Country': 'FRA'};sans remise en concurrence;;26-91545;;45271.0;;LOT-0095;33140000;;91;;;Groupement d'Achats de Produits de Santé Centre Alsace - Fourniture de dispositifs médicaux spécifiques 2026/2030;negociee;Exclusivités / Marchés négociés;;;;False;False;False;;7364;Établissement d'hospitalisation ;2 000  à  4 999;<NA>;1983-03-01;86.10Z;2008;;;;;;<NA>;;;;;<NA>;<NA>;(47.318633, 0.657304);Joué-lès-Tours;Indre-et-Loire;Centre-Val de Loire;(48.076851, 7.336788);Colmar;Haut-Rhin;Grand Est;;;;;;;;
False;;;True;True;False;attribue;{'StreetName': '10 allée Aristide Maillol', 'AdditionalStreetName': None, 'CityName': 'COLOMIERS', 'PostalZone': '31770', 'Country': 'FRA'};832575666;True;ULRICH MEDICAL FRANCE;ULRICH MEDICAL FRANCE;2026-09-23;{'StreetName': '39 avenue de la Liberté', 'AdditionalStreetName': None, 'CityName': 'Colmar', 'PostalZone': '68024', 'Country': 'FRA'};266800903;True;CENTRE HOSPITALIER DE COLMAR;Hôpitaux Civils de Colmar (68);;;fournitures;['Prix'];['prix'];[100];1440.0;False;;False;{'StreetName': None, 'CityName': 'COLMAR', 'PostalZone': '68000', 'NUTS': 'FRF12', 'Country': 'FRA'};sans remise en concurrence;;26-91545;;286150.0;;LOT-0096;33140000;;91;;;Groupement d'Achats de Produits de Santé Centre Alsace - Fourniture de dispositifs médicaux spécifiques 2026/2030;negociee;Exclusivités / Marchés négociés;;;;False;False;False;;7364;Établissement d'hospitalisation ;2 000  à  4 999;<NA>;1983-03-01;86.10Z;2008;5710.0;SAS, société par actions simplifiée;10  à  19;False;<NA>;2008;G;46;46.6;46.69;46.69B;2017-09-27;(43.595672, 1.354329);Colomiers;Haute-Garonne;Occitanie;(48.076851, 7.336788);Colmar;Haut-Rhin;Grand Est;;;;;;;;
False;;;True;True;False;attribue;{'StreetName': '4 bis rue de la Redoute', 'AdditionalStreetName': None, 'CityName': 'GUYANCOURT', 'PostalZone': '78280', 'Country': 'FRA'};978179588;True;VANTIVE S.A.S.;VANTIVE;2026-09-23;{'StreetName': '39 avenue de la Liberté', 'AdditionalStreetName': None, 'CityName': 'Colmar', 'PostalZone': '68024', 'Country': 'FRA'};266800903;True;CENTRE HOSPITALIER DE COLMAR;Hôpitaux Civils de Colmar (68);;;fournitures;['Prix'];['prix'];[100];1440.0;False;;False;{'StreetName': None, 'CityName': 'COLMAR', 'PostalZone': '68000', 'NUTS': 'FRF12', 'Country': 'FRA'};sans remise en concurrence;;26-91545;;294918.0;;LOT-0097;33140000;;91;;;Groupement d'Achats de Produits de Santé Centre Alsace - Fourniture de dispositifs médicaux spécifiques 2026/2030;negociee;Exclusivités / Marchés négociés;;;;False;False;False;;7364;Établissement d'hospitalisation ;2 000  à  4 999;<NA>;1983-03-01;86.10Z;2008;5710.0;SAS, société par actions simplifiée;;False;<NA>;2008;C;21;21.2;21.2;21.20Z;2023-07-27;(48.782178, 2.059161);Guyancourt;Yvelines;Île-de-France;(48.076851, 7.336788);Colmar;Haut-Rhin;Grand Est;;;;;;;;
False;;;True;True;False;attribue;{'StreetName': '196 rue La Fayette', 'AdditionalStreetName': None, 'CityName': 'PARIS', 'PostalZone': '75010', 'Country': 'FRA'};513172148;True;VASCULAR THERAPY;VASCULAR THERAPY;2026-09-23;{'StreetName': '39 avenue de la Liberté', 'AdditionalStreetName': None, 'CityName': 'Colmar', 'PostalZone': '68024', 'Country': 'FRA'};266800903;True;CENTRE HOSPITALIER DE COLMAR;Hôpitaux Civils de Colmar (68);;;fournitures;['Prix'];['prix'];[100];1440.0;False;;False;{'StreetName': None, 'CityName': 'COLMAR', 'PostalZone': '68000', 'NUTS': 'FRF12', 'Country': 'FRA'};sans remise en concurrence;;26-91545;;11700.0;;LOT-0098;33140000;;91;;;Groupement d'Achats de Produits de Santé Centre Alsace - Fourniture de dispositifs médicaux spécifiques 2026/2030;negociee;Exclusivités / Marchés négociés;;;;False;False;False;;7364;Établissement d'hospitalisation ;2 000  à  4 999;<NA>;1983-03-01;86.10Z;2008;5710.0;SAS, société par actions simplifiée;6  à  9;False;<NA>;2008;G;46;46.1;46.18;46.18Z;2009-06-15;(48.881037, 2.364012);Paris;Paris;Île-de-France;(48.076851, 7.336788);Colmar;Haut-Rhin;Grand Est;;;;;;;;
False;;;True;True;False;attribue;{'StreetName': '5 rue Adeline', 'AdditionalStreetName': None, 'CityName': 'ECOUEN', 'PostalZone': '95440', 'Country': 'FRA'};325241750;True;VYGON;VYGON;2026-09-23;{'StreetName': '39 avenue de la Liberté', 'AdditionalStreetName': None, 'CityName': 'Colmar', 'PostalZone': '68024', 'Country': 'FRA'};266800903;True;CENTRE HOSPITALIER DE COLMAR;Hôpitaux Civils de Colmar (68);;;fournitures;['Prix'];['prix'];[100];1440.0;False;;False;{'StreetName': None, 'CityName': 'COLMAR', 'PostalZone': '68000', 'NUTS': 'FRF12', 'Country': 'FRA'};sans remise en concurrence;;26-91545;;3935.0;;LOT-0101;33140000;;91;;;Groupement d'Achats de Produits de Santé Centre Alsace - Fourniture de dispositifs médicaux spécifiques 2026/2030;negociee;Exclusivités / Marchés négociés;;;;False;False;False;;7364;Établissement d'hospitalisation ;2 000  à  4 999;<NA>;1983-03-01;86.10Z;2008;5710.0;SAS, société par actions simplifiée;250  à  499;False;<NA>;2008;G;46;46.4;46.46;46.46Z;1982-08-01;(49.017704, 2.385363);Écouen;Val-d'Oise;Île-de-France;(48.076851, 7.336788);Colmar;Haut-Rhin;Grand Est;;;;;;;;
False;;;True;True;False;attribue;{'StreetName': '8 Place des Vins de France', 'AdditionalStreetName': None, 'CityName': 'PARIS', 'PostalZone': '75012', 'Country': 'FRA'};302638929;True;W L GORE ET ASSOCIES;W.L. GORE ET ASSOCIE;2026-09-23;{'StreetName': '39 avenue de la Liberté', 'AdditionalStreetName': None, 'CityName': 'Colmar', 'PostalZone': '68024', 'Country': 'FRA'};266800903;True;CENTRE HOSPITALIER DE COLMAR;Hôpitaux Civils de Colmar (68);;;fournitures;['Prix'];['prix'];[100];1440.0;False;;False;{'StreetName': None, 'CityName': 'COLMAR', 'PostalZone': '68000', 'NUTS': 'FRF12', 'Country': 'FRA'};sans remise en concurrence;;26-91545;;9746.0;;LOT-0102;33140000;;91;;;Groupement d'Achats de Produits de Santé Centre Alsace - Fourniture de dispositifs médicaux spécifiques 2026/2030;negociee;Exclusivités / Marchés négociés;;;;False;False;False;;7364;Établissement d'hospitalisation ;2 000  à  4 999;<NA>;1983-03-01;86.10Z;2008;5499.0;Société à responsabilité limitée (sans autre indication);50  à  99;False;<NA>;2008;G;46;46.4;46.46;46.46Z;1980-05-01;(48.832321, 2.388019);Paris;Paris;Île-de-France;(48.076851, 7.336788);Colmar;Haut-Rhin;Grand Est;;;;;;;;
False;;;True;True;False;attribue;{'StreetName': '70 rue du Chanoit', 'AdditionalStreetName': None, 'CityName': 'BROGNARD', 'PostalZone': '25600', 'Country': 'FRA'};315202564;True;ZIMMER BIOMET FRANCE;ZIMMER BIOMET FRANCE;2026-09-23;{'StreetName': '39 avenue de la Liberté', 'AdditionalStreetName': None, 'CityName': 'Colmar', 'PostalZone': '68024', 'Country': 'FRA'};266800903;True;CENTRE HOSPITALIER DE COLMAR;Hôpitaux Civils de Colmar (68);;;fournitures;['Prix'];['prix'];[100];1440.0;False;;False;{'StreetName': None, 'CityName': 'COLMAR', 'PostalZone': '68000', 'NUTS': 'FRF12', 'Country': 'FRA'};sans remise en concurrence;;26-91545;;2441.0;;LOT-0103;33140000;;91;;;Groupement d'Achats de Produits de Santé Centre Alsace - Fourniture de dispositifs médicaux spécifiques 2026/2030;negociee;Exclusivités / Marchés négociés;;;;False;False;False;;7364;Établissement d'hospitalisation ;2 000  à  4 999;<NA>;1983-03-01;86.10Z;2008;5710.0;SAS, société par actions simplifiée;200  à  249;False;<NA>;2008;G;46;46.4;46.46;46.46Z;1979-01-01;(47.52647, 6.873908);Brognard;Doubs;Bourgogne-Franche-Comté;(48.076851, 7.336788);Colmar;Haut-Rhin;Grand Est;;;;;;;;
False;;;True;True;False;attribue;{'StreetName': '93, rue des Chantiers', 'AdditionalStreetName': None, 'CityName': 'VERSAILLES', 'PostalZone': '78000', 'Country': 'FRA'};417650637;True;ORIGIO FRANCE;ORIGIO France SARL;2026-09-23;{'StreetName': '39 avenue de la Liberté', 'AdditionalStreetName': None, 'CityName': 'Colmar', 'PostalZone': '68024', 'Country': 'FRA'};266800903;True;CENTRE HOSPITALIER DE COLMAR;Hôpitaux Civils de Colmar (68);;;fournitures;['Prix'];['prix'];[100];1440.0;False;;False;{'StreetName': None, 'CityName': 'COLMAR', 'PostalZone': '68000', 'NUTS': 'FRF12', 'Country': 'FRA'};sans remise en concurrence;;26-91545;;1323.0;;LOT-0072;33140000;;91;1.0;;Groupement d'Achats de Produits de Santé Centre Alsace - Fourniture de dispositifs médicaux spécifiques 2026/2030;negociee;Exclusivités / Marchés négociés;;;;False;False;False;;7364;Établissement d'hospitalisation ;2 000  à  4 999;<NA>;1983-03-01;86.10Z;2008;5499.0;Société à responsabilité limitée (sans autre indication);10  à  19;False;<NA>;2008;G;46;46.4;46.46;46.46Z;1998-02-02;(48.792115, 2.145445);Versailles;Yvelines;Île-de-France;(48.076851, 7.336788);Colmar;Haut-Rhin;Grand Est;;;;;;;;
False;;;True;True;False;attribue;{'StreetName': 'Tour W, 102 Terrasse Boieldieu', 'AdditionalStreetName': None, 'CityName': 'Puteaux', 'PostalZone': '92800', 'Country': 'FRA'};432584225;True;SANTEN;SANTEN SAS;2026-09-23;{'StreetName': '39 avenue de la Liberté', 'AdditionalStreetName': None, 'CityName': 'Colmar', 'PostalZone': '68024', 'Country': 'FRA'};266800903;True;CENTRE HOSPITALIER DE COLMAR;Hôpitaux Civils de Colmar (68);;;fournitures;['Prix'];['prix'];[100];1440.0;False;;False;{'StreetName': None, 'CityName': 'COLMAR', 'PostalZone': '68000', 'NUTS': 'FRF12', 'Country': 'FRA'};sans remise en concurrence;;26-91545;;84720.0;;LOT-0104;33140000;;91;1.0;;Groupement d'Achats de Produits de Santé Centre Alsace - Fourniture de dispositifs médicaux spécifiques 2026/2030;negociee;Exclusivités / Marchés négociés;;;;False;False;False;;7364;Établissement d'hospitalisation ;2 000  à  4 999;<NA>;1983-03-01;86.10Z;2008;5710.0;SAS, société par actions simplifiée;50  à  99;False;<NA>;2008;M;72;72.1;72.11;72.11Z;2000-07-24;(48.889198, 2.239059);Puteaux;Hauts-de-Seine;Île-de-France;(48.076851, 7.336788);Colmar;Haut-Rhin;Grand Est;;;;;;;;
False;;;True;True;False;attribue;{'StreetName': '117 avenue Victor Hugo', 'AdditionalStreetName': None, 'CityName': 'BOULOGNE BILLANCOURT', 'PostalZone': '92100', 'Country': 'FRA'};490755659;True;APPLIED MEDICAL FRANCE;APPLIED MEDICAL FRANCE;2026-09-23;{'StreetName': '39 avenue de la Liberté', 'AdditionalStreetName': None, 'CityName': 'Colmar', 'PostalZone': '68024', 'Country': 'FRA'};266800903;True;CENTRE HOSPITALIER DE COLMAR;Hôpitaux Civils de Colmar (68);;;fournitures;['Prix'];['prix'];[100];1440.0;False;;False;{'StreetName': None, 'CityName': 'COLMAR', 'PostalZone': '68000', 'NUTS': 'FRF12', 'Country': 'FRA'};sans remise en concurrence;;26-91545;;45800.0;;LOT-0008;33140000;;91;;;Groupement d'Achats de Produits de Santé Centre Alsace - Fourniture de dispositifs médicaux spécifiques 2026/2030;negociee;Exclusivités / Marchés négociés;;;;False;False;False;;7364;Établissement d'hospitalisation ;2 000  à  4 999;<NA>;1983-03-01;86.10Z;2008;5710.0;SAS, société par actions simplifiée;20  à  49;False;<NA>;2008;G;46;46.4;46.46;46.46Z;2006-06-19;(48.834648, 2.244383);Boulogne-Billancourt;Hauts-de-Seine;Île-de-France;(48.076851, 7.336788);Colmar;Haut-Rhin;Grand Est;;;;;;;;
False;;;True;True;False;attribue;{'StreetName': '16-18 Boulevard Michelet', 'AdditionalStreetName': None, 'CityName': 'MARSEILLE', 'PostalZone': '13008', 'Country': 'FRA'};423788975;True;LABORATOIRES BIOTIC PHOCEA;BIOTIC PHOCEA;2026-09-23;{'StreetName': '39 avenue de la Liberté', 'AdditionalStreetName': None, 'CityName': 'Colmar', 'PostalZone': '68024', 'Country': 'FRA'};266800903;True;CENTRE HOSPITALIER DE COLMAR;Hôpitaux Civils de Colmar (68);;;fournitures;['Prix'];['prix'];[100];1440.0;False;;False;{'StreetName': None, 'CityName': 'COLMAR', 'PostalZone': '68000', 'NUTS': 'FRF12', 'Country': 'FRA'};sans remise en concurrence;;26-91545;;20252.0;;LOT-0015;33140000;;91;;;Groupement d'Achats de Produits de Santé Centre Alsace - Fourniture de dispositifs médicaux spécifiques 2026/2030;negociee;Exclusivités / Marchés négociés;;;;False;False;False;;7364;Établissement d'hospitalisation ;2 000  à  4 999;<NA>;1983-03-01;86.10Z;2008;5499.0;Société à responsabilité limitée (sans autre indication);20  à  49;<NA>;<NA>;2008;C;20;20.1;20.12;20.12Z;1999-07-13;(43.271016, 5.391741);Marseille;Bouches-du-Rhône;Provence-Alpes-Côte d'Azur;(48.076851, 7.336788);Colmar;Haut-Rhin;Grand Est;;;;;;;;
False;;;True;True;False;attribue;{'StreetName': '2 Allée Jacques Frimot\nZAC Atalante Champeaux', 'AdditionalStreetName': None, 'CityName': 'RENNES', 'PostalZone': '35000', 'Country': 'FRA'};752292797;True;NOVASTEP;NOVASTEP;2026-09-23;{'StreetName': '39 avenue de la Liberté', 'AdditionalStreetName': None, 'CityName': 'Colmar', 'PostalZone': '68024', 'Country': 'FRA'};266800903;True;CENTRE HOSPITALIER DE COLMAR;Hôpitaux Civils de Colmar (68);;;fournitures;['Prix'];['prix'];[100];1440.0;False;;False;{'StreetName': None, 'CityName': 'COLMAR', 'PostalZone': '68000', 'NUTS': 'FRF12', 'Country': 'FRA'};sans remise en concurrence;;26-91545;;1988.0;;LOT-0075;33140000;;91;;;Groupement d'Achats de Produits de Santé Centre Alsace - Fourniture de dispositifs médicaux spécifiques 2026/2030;negociee;Exclusivités / Marchés négociés;;;;False;False;False;;7364;Établissement d'hospitalisation ;2 000  à  4 999;<NA>;1983-03-01;86.10Z;2008;5710.0;SAS, société par actions simplifiée;50  à  99;False;<NA>;2008;C;32;32.5;32.5;32.50A;2012-06-01;;;;;(48.076851, 7.336788);Colmar;Haut-Rhin;Grand Est;;;;;;;;
False;;;True;True;False;attribue;{'StreetName': '58 rue du pont de Créteil', 'AdditionalStreetName': None, 'CityName': 'ST MAUR DES FOSSES', 'PostalZone': '94100', 'Country': 'FRA'};552139677;True;SEPTODONT OU SEPTODONT SAS OU SPECIALITES SEPTODONT;SEPTODONT;2026-09-23;{'StreetName': '39 avenue de la Liberté', 'AdditionalStreetName': None, 'CityName': 'Colmar', 'PostalZone': '68024', 'Country': 'FRA'};266800903;True;CENTRE HOSPITALIER DE COLMAR;Hôpitaux Civils de Colmar (68);;;fournitures;['Prix'];['prix'];[100];1440.0;False;;False;{'StreetName': None, 'CityName': 'COLMAR', 'PostalZone': '68000', 'NUTS': 'FRF12', 'Country': 'FRA'};sans remise en concurrence;;26-91545;;4704.0;;LOT-0082;33140000;;91;;;Groupement d'Achats de Produits de Santé Centre Alsace - Fourniture de dispositifs médicaux spécifiques 2026/2030;negociee;Exclusivités / Marchés négociés;;;;False;False;False;;7364;Établissement d'hospitalisation ;2 000  à  4 999;<NA>;1983-03-01;86.10Z;2008;5710.0;SAS, société par actions simplifiée;500  à  999;False;<NA>;2008;C;21;21.2;21.2;21.20Z;1955-01-01;(48.803169, 2.471493);Saint-Maur-des-Fossés;Val-de-Marne;Île-de-France;(48.076851, 7.336788);Colmar;Haut-Rhin;Grand Est;;;;;;;;
False;;;True;True;False;attribue;"{'StreetName': ""16 avenue de l'Europe"", 'AdditionalStreetName': None, 'CityName': 'SCHILTIGHEIM', 'PostalZone': '67300', 'Country': 'FRA'}";453383945;True;VERATHON MEDICAL (FRANCE);VERATHON MEDICAL;2026-09-23;{'StreetName': '39 avenue de la Liberté', 'AdditionalStreetName': None, 'CityName': 'Colmar', 'PostalZone': '68024', 'Country': 'FRA'};266800903;True;CENTRE HOSPITALIER DE COLMAR;Hôpitaux Civils de Colmar (68);;;fournitures;['Prix'];['prix'];[100];1440.0;False;;False;{'StreetName': None, 'CityName': 'COLMAR', 'PostalZone': '68000', 'NUTS': 'FRF12', 'Country': 'FRA'};sans remise en concurrence;;26-91545;;15504.0;;LOT-0099;33140000;;91;;;Groupement d'Achats de Produits de Santé Centre Alsace - Fourniture de dispositifs médicaux spécifiques 2026/2030;negociee;Exclusivités / Marchés négociés;;;;False;False;False;;7364;Établissement d'hospitalisation ;2 000  à  4 999;<NA>;1983-03-01;86.10Z;2008;5499.0;Société à responsabilité limitée (sans autre indication);10  à  19;False;<NA>;2008;G;46;46.4;46.49;46.49Z;2004-04-01;(48.61303, 7.712325);Schiltigheim;Bas-Rhin;Grand Est;(48.076851, 7.336788);Colmar;Haut-Rhin;Grand Est;;;;;;;;
False;;;True;True;False;attribue;{'StreetName': 'Allée des Roses', 'AdditionalStreetName': None, 'CityName': 'WERVICCQ-SUD', 'PostalZone': '59117', 'Country': 'FRA'};403745474;True;COUSIN BIOSERV;COUSIN VISCERAL;2026-09-23;{'StreetName': '39 avenue de la Liberté', 'AdditionalStreetName': None, 'CityName': 'Colmar', 'PostalZone': '68024', 'Country': 'FRA'};266800903;True;CENTRE HOSPITALIER DE COLMAR;Hôpitaux Civils de Colmar (68);;;fournitures;['Prix'];['prix'];[100];1440.0;False;;False;{'StreetName': None, 'CityName': 'COLMAR', 'PostalZone': '68000', 'NUTS': 'FRF12', 'Country': 'FRA'};sans remise en concurrence;;26-91545;;1270.0;;LOT-0027;33140000;;91;;;Groupement d'Achats de Produits de Santé Centre Alsace - Fourniture de dispositifs médicaux spécifiques 2026/2030;negociee;Exclusivités / Marchés négociés;;;;False;False;False;;7364;Établissement d'hospitalisation ;2 000  à  4 999;<NA>;1983-03-01;86.10Z;2008;5710.0;SAS, société par actions simplifiée;10  à  19;False;<NA>;2008;G;46;46.4;46.46;46.46Z;1996-01-04;(50.775001, 3.052044);Wervicq-Sud;Nord;Hauts-de-France;(48.076851, 7.336788);Colmar;Haut-Rhin;Grand Est;;;;;;;;
False;;;True;True;False;attribue;{'StreetName': '167 quai de la Bataille de Stalingrad', 'AdditionalStreetName': None, 'CityName': 'ISSY LES MOULINEAUX', 'PostalZone': '92130', 'Country': 'FRA'};612030619;True;JOHNSON & JOHNSON MEDICAL SAS;JOHNSON ET JOHNSON MEDICAL SAS;2026-09-23;{'StreetName': '39 avenue de la Liberté', 'AdditionalStreetName': None, 'CityName': 'Colmar', 'PostalZone': '68024', 'Country': 'FRA'};266800903;True;CENTRE HOSPITALIER DE COLMAR;Hôpitaux Civils de Colmar (68);;;fournitures;['Prix'];['prix'];[100];1440.0;False;;False;{'StreetName': None, 'CityName': 'COLMAR', 'PostalZone': '68000', 'NUTS': 'FRF12', 'Country': 'FRA'};sans remise en concurrence;;26-91545;;1169291.0;;LOT-0058;33140000;;91;;;Groupement d'Achats de Produits de Santé Centre Alsace - Fourniture de dispositifs médicaux spécifiques 2026/2030;negociee;Exclusivités / Marchés négociés;;;;False;False;False;;7364;Établissement d'hospitalisation ;2 000  à  4 999;<NA>;1983-03-01;86.10Z;2008;5710.0;SAS, société par actions simplifiée;500  à  999;False;<NA>;2008;G;46;46.4;46.46;46.46Z;1982-05-05;(48.825786, 2.258881);Issy-les-Moulineaux;Hauts-de-Seine;Île-de-France;(48.076851, 7.336788);Colmar;Haut-Rhin;Grand Est;;;;;;;;
False;;;True;True;False;attribue;{'StreetName': '21/37 rue de Stalingrad\n24/28 villa Baudran', 'AdditionalStreetName': None, 'CityName': 'ARCUEIL', 'PostalZone': '94110', 'Country': 'FRA'};423129733;True;ORTHOFIX FRANCE S.A.S.;ORTHOFIX France SAS;2026-09-23;{'StreetName': '39 avenue de la Liberté', 'AdditionalStreetName': None, 'CityName': 'Colmar', 'PostalZone': '68024', 'Country': 'FRA'};266800903;True;CENTRE HOSPITALIER DE COLMAR;Hôpitaux Civils de Colmar (68);;;fournitures;['Prix'];['prix'];[100];1440.0;False;;False;{'StreetName': None, 'CityName': 'COLMAR', 'PostalZone': '68000', 'NUTS': 'FRF12', 'Country': 'FRA'};sans remise en concurrence;;26-91545;;22954.0;;LOT-0079;33140000;;91;;;Groupement d'Achats de Produits de Santé Centre Alsace - Fourniture de dispositifs médicaux spécifiques 2026/2030;negociee;Exclusivités / Marchés négociés;;;;False;False;False;;7364;Établissement d'hospitalisation ;2 000  à  4 999;<NA>;1983-03-01;86.10Z;2008;5710.0;SAS, société par actions simplifiée;20  à  49;False;<NA>;2008;G;46;46.4;46.46;46.46Z;1999-05-01;(48.80886, 2.337229);Arcueil;Val-de-Marne;Île-de-France;(48.076851, 7.336788);Colmar;Haut-Rhin;Grand Est;;;;;;;;
False;;;True;True;False;attribue;{'StreetName': '646 avenue des Digues', 'AdditionalStreetName': None, 'CityName': 'FLEURY SUR ORNE', 'PostalZone': '14123', 'Country': 'FRA'};392709499;True;SYSTEMES MEDICAUX DIFFUSION;SYSTEMES MEDICAUX DIFFUSION (SMD);2026-09-23;{'StreetName': '39 avenue de la Liberté', 'AdditionalStreetName': None, 'CityName': 'Colmar', 'PostalZone': '68024', 'Country': 'FRA'};266800903;True;CENTRE HOSPITALIER DE COLMAR;Hôpitaux Civils de Colmar (68);;;fournitures;['Prix'];['prix'];[100];1440.0;False;;False;{'StreetName': None, 'CityName': 'COLMAR', 'PostalZone': '68000', 'NUTS': 'FRF12', 'Country': 'FRA'};sans remise en concurrence;;26-91545;;815.0;;LOT-0085;33140000;;91;;;Groupement d'Achats de Produits de Santé Centre Alsace - Fourniture de dispositifs médicaux spécifiques 2026/2030;negociee;Exclusivités / Marchés négociés;;;;False;False;False;;7364;Établissement d'hospitalisation ;2 000  à  4 999;<NA>;1983-03-01;86.10Z;2008;5710.0;SAS, société par actions simplifiée;10  à  19;False;<NA>;2008;G;46;46.4;46.46;46.46Z;1993-10-01;(49.140874, -0.367036);Fleury-sur-Orne;Calvados;Normandie;(48.076851, 7.336788);Colmar;Haut-Rhin;Grand Est;;;;;;;;
False;;;True;False;False;attribue;{'StreetName': None, 'AdditionalStreetName': None, 'CityName': 'villebon sur yvette', 'PostalZone': '91140', 'Country': 'FRA'};441129566;True;METROHM FRANCE;METROHM FRANCE;2026-09-23;{'StreetName': '2, rue Pierre et Marie Curie - Bellignat', 'AdditionalStreetName': None, 'CityName': 'Bellignat', 'PostalZone': '01100', 'Country': 'FRA'};353969348;True;CENTRE TECHNIQUE INDUSTRIEL DE LA PLASTURGIE ET DES COMPOSITES;INNOVATION PLASTURGIE COMPOSITES;;2026-09-22+02:00;fournitures;['Technicité', 'Prix'];['qualite', 'prix'];;;False;;True;{'StreetName': None, 'CityName': None, 'PostalZone': None, 'NUTS': 'FRK14', 'Country': 'FRA'};;;26-91323;;166945.45;166945.45;LOT-0001;38432200;;1;2.0;;ACHAT D'UNE CHROMATOGRAPHIE IONIQUE;ouverte;;;;;False;False;False;166945.45;8470;Centre technique industriel ou comité professionnel du développement économique ;100  à  199;False;1990-03-01;72.19Z;2008;5710.0;SAS, société par actions simplifiée;50  à  99;False;<NA>;2008;G;46;46.6;46.69;46.69B;2002-02-26;;Villebon-sur-Yvette;Essonne;Île-de-France;(46.250446, 5.634505);Bellignat;Ain;Auvergne-Rhône-Alpes;;;;;;;;
False;;;False;False;False;attribue;{'StreetName': '62 Boulevard du Chaudron', 'AdditionalStreetName': None, 'CityName': 'SAINT-DENIS', 'PostalZone': '97490', 'Country': 'FRA'};385311519;True;INGETEC;Groupement INGETEC (Mandataire) / Laboratoire d’écologie urbaine de la Réunion / Laboratoire Architecture bioclimatique Réunion / CYATHEA / EODD Ingénieurs Conseils / Vincent Hodgi / EFUZIF;2026-09-23;{'StreetName': '1 rue Eliard Laude\nBP 49', 'AdditionalStreetName': None, 'CityName': 'Le Port', 'PostalZone': '97420', 'Country': 'FRA'};249740101;True;COMMUNAUTE AGGLO TERRITOIRE COTE OUEST;Communauté d'Agglomération Territoire de la Côte Ouest (974);;;services;[];[];;;False;;True;;;;26-91438;;393158.0;611000.0;LOT-0001;71000000;;1;9.0;;26DTP032 - Mission de maîtrise d'oeuvre dans le cadre de l'aménagement d'une ZAE et d'une déchèterie à la Saline;ouverte;;;;;False;True;False;393158.0;7348;Communauté d'agglomération ;250  à  499;False;1997-01-01;84.11Z;2008;5710.0;SAS, société par actions simplifiée;50  à  99;False;<NA>;2008;M;71;71.1;71.12;71.12B;1992-05-01;(-20.897989, 55.496097);Saint-Denis;La Réunion;;(-20.937391, 55.299892);Le Port;La Réunion;;;;;;;;;
False;;;True;True;False;non attribue;;;False;;;2026-09-23;{'StreetName': '12, Rue Mangalon', 'AdditionalStreetName': None, 'CityName': 'SAINT-PAUL', 'PostalZone': '97460', 'Country': 'FRA'};390757037;True;SOCIETE D'ECONOMIE MIXTE DE TRANSPORTS DE L'OUEST;SEMTO;;;fournitures;['50 points', '45 points', '5 points'];['prix', 'qualite', 'qualite'];[50.0, 45.0, 5.0];;False;3800000.0;False;{'StreetName': None, 'CityName': None, 'PostalZone': None, 'NUTS': 'FRY40', 'Country': 'FRA'};sans remise en concurrence;;26-91316;;;;LOT-0001;34121000;;5;;;FOURNITURE DE VÉHICULES NEUFS DE TRANSPORT PUBLIC DE VOYAGEURS DE TYPE AUTOCAR ET AUTOBUS;ouverte;2026-02;0.0;;;False;False;False;;5515;SA d'économie mixte à conseil d'administration ;100  à  199;False;1993-05-01;49.31Z;2008;;;;;;<NA>;;;;;<NA>;<NA>;;;;;(-21.009277, 55.27462);Saint-Paul;La Réunion;;;;;;;;;
False;;;True;True;False;non attribue;;;False;;;2026-09-23;{'StreetName': '12, Rue Mangalon', 'AdditionalStreetName': None, 'CityName': 'SAINT-PAUL', 'PostalZone': '97460', 'Country': 'FRA'};390757037;True;SOCIETE D'ECONOMIE MIXTE DE TRANSPORTS DE L'OUEST;SEMTO;;;fournitures;['50 points', '45 points', '5 points'];['prix', 'qualite', 'qualite'];[50.0, 45.0, 5.0];;False;3800000.0;False;{'StreetName': None, 'CityName': None, 'PostalZone': None, 'NUTS': 'FRY40', 'Country': 'FRA'};sans remise en concurrence;;26-91316;;;;LOT-0002;34121000;;5;;;FOURNITURE DE VÉHICULES NEUFS DE TRANSPORT PUBLIC DE VOYAGEURS DE TYPE AUTOCAR ET AUTOBUS;ouverte;2026-02;0.0;;;False;False;False;;5515;SA d'économie mixte à conseil d'administration ;100  à  199;False;1993-05-01;49.31Z;2008;;;;;;<NA>;;;;;<NA>;<NA>;;;;;(-21.009277, 55.27462);Saint-Paul;La Réunion;;;;;;;;;
False;;;True;True;False;non attribue;;;False;;;2026-09-23;{'StreetName': '12, Rue Mangalon', 'AdditionalStreetName': None, 'CityName': 'SAINT-PAUL', 'PostalZone': '97460', 'Country': 'FRA'};390757037;True;SOCIETE D'ECONOMIE MIXTE DE TRANSPORTS DE L'OUEST;SEMTO;;;fournitures;['50 points', '45 points', '5 points'];['prix', 'qualite', 'qualite'];[50.0, 45.0, 5.0];;False;3800000.0;False;{'StreetName': None, 'CityName': None, 'PostalZone': None, 'NUTS': 'FRY40', 'Country': 'FRA'};sans remise en concurrence;;26-91316;;;;LOT-0003;34121000;;5;;;FOURNITURE DE VÉHICULES NEUFS DE TRANSPORT PUBLIC DE VOYAGEURS DE TYPE AUTOCAR ET AUTOBUS;ouverte;2026-02;0.0;;;False;False;False;;5515;SA d'économie mixte à conseil d'administration ;100  à  199;False;1993-05-01;49.31Z;2008;;;;;;<NA>;;;;;<NA>;<NA>;;;;;(-21.009277, 55.27462);Saint-Paul;La Réunion;;;;;;;;;
False;;;True;True;False;non attribue;;;False;;;2026-09-23;{'StreetName': '12, Rue Mangalon', 'AdditionalStreetName': None, 'CityName': 'SAINT-PAUL', 'PostalZone': '97460', 'Country': 'FRA'};390757037;True;SOCIETE D'ECONOMIE MIXTE DE TRANSPORTS DE L'OUEST;SEMTO;;;fournitures;['50 points', '45 points', '5 points'];['prix', 'qualite', 'qualite'];[50.0, 45.0, 5.0];;False;3800000.0;False;{'StreetName': None, 'CityName': None, 'PostalZone': None, 'NUTS': 'FRY40', 'Country': 'FRA'};sans remise en concurrence;;26-91316;;;;LOT-0004;34121000;;5;;;FOURNITURE DE VÉHICULES NEUFS DE TRANSPORT PUBLIC DE VOYAGEURS DE TYPE AUTOCAR ET AUTOBUS;ouverte;2026-02;0.0;;;False;False;False;;5515;SA d'économie mixte à conseil d'administration ;100  à  199;False;1993-05-01;49.31Z;2008;;;;;;<NA>;;;;;<NA>;<NA>;;;;;(-21.009277, 55.27462);Saint-Paul;La Réunion;;;;;;;;;
False;;;True;True;False;non attribue;;;False;;;2026-09-23;{'StreetName': '12, Rue Mangalon', 'AdditionalStreetName': None, 'CityName': 'SAINT-PAUL', 'PostalZone': '97460', 'Country': 'FRA'};390757037;True;SOCIETE D'ECONOMIE MIXTE DE TRANSPORTS DE L'OUEST;SEMTO;;;fournitures;['50 points', '45 points', '5 points'];['prix', 'qualite', 'qualite'];[50.0, 45.0, 5.0];;False;3800000.0;False;{'StreetName': None, 'CityName': None, 'PostalZone': None, 'NUTS': 'FRY40', 'Country': 'FRA'};sans remise en concurrence;;26-91316;;;;LOT-0005;34121000;;5;;;FOURNITURE DE VÉHICULES NEUFS DE TRANSPORT PUBLIC DE VOYAGEURS DE TYPE AUTOCAR ET AUTOBUS;ouverte;2026-02;0.0;;;False;False;False;;5515;SA d'économie mixte à conseil d'administration ;100  à  199;False;1993-05-01;49.31Z;2008;;;;;;<NA>;;;;;<NA>;<NA>;;;;;(-21.009277, 55.27462);Saint-Paul;La Réunion;;;;;;;;;
False;['45233140'];;False;True;False;attribue;"{'StreetName': ""20d, rue de l'étang \nBat. QTECH\nZI du Bel Air"", 'AdditionalStreetName': None, 'CityName': 'SAINT-LOUIS', 'PostalZone': '97450', 'Country': 'FRA'}";453812679;True;RAZEL-BEC REUNION;RAZEL-BEC REUNION;2026-09-23;{'StreetName': '1 rue Eliard Laude\nBP 49', 'AdditionalStreetName': None, 'CityName': 'Le Port', 'PostalZone': '97420', 'Country': 'FRA'};249740101;True;COMMUNAUTE AGGLO TERRITOIRE COTE OUEST;Communauté d'Agglomération Territoire de la Côte Ouest (974);;;travaux;[];[];;1260.0;False;;True;;;;26-91501;;3715128.0;5285467.0;LOT-0001;45233120;;2;6.0;;Réalisation des travaux d'aménagement du TCSP de l'Avenue Rico Carpaye- Commune de le Port;ouverte;;;;;False;False;False;4447921.0;7348;Communauté d'agglomération ;250  à  499;False;1997-01-01;84.11Z;2008;5710.0;SAS, société par actions simplifiée;50  à  99;False;<NA>;2008;F;43;43.1;43.12;43.12A;2004-07-01;(-21.287491, 55.395344);Saint-Louis;La Réunion;;(-20.937391, 55.299892);Le Port;La Réunion;;;;;;;;;
False;['45316110', '45316200'];;False;True;False;attribue;{'StreetName': '15 rue Martin Hoarau', 'AdditionalStreetName': None, 'CityName': 'LE PORT', 'PostalZone': '97420', 'Country': 'FRA'};443355284;True;BAGELEC REUNION;BAGELEC REUNION SAS;2026-09-23;{'StreetName': '1 rue Eliard Laude\nBP 49', 'AdditionalStreetName': None, 'CityName': 'Le Port', 'PostalZone': '97420', 'Country': 'FRA'};249740101;True;COMMUNAUTE AGGLO TERRITOIRE COTE OUEST;Communauté d'Agglomération Territoire de la Côte Ouest (974);;;travaux;[];[];;1260.0;False;;True;;;;26-91501;;417007.0;590275.0;LOT-0002;45316000;;2;5.0;;Réalisation des travaux d'aménagement du TCSP de l'Avenue Rico Carpaye- Commune de le Port;ouverte;;;;;False;False;False;4447921.0;7348;Communauté d'agglomération ;250  à  499;False;1997-01-01;84.11Z;2008;5710.0;SAS, société par actions simplifiée;50  à  99;<NA>;<NA>;2008;F;42;42.2;42.22;42.22Z;2002-09-06;(-20.944384, 55.295544);Le Port;La Réunion;;(-20.937391, 55.299892);Le Port;La Réunion;;;;;;;;;
False;;;True;True;False;attribue;{'StreetName': '3 avenue Theodore Drouhet, Bat 6\nBP 366', 'AdditionalStreetName': None, 'CityName': 'LE PORT', 'PostalZone': '97829', 'Country': 'FRA'};790182786;True;BUREAU VERITAS CONSTRUCTION;BUREAU VERITAS CONSTRUCTION SAS;2026-09-23;{'StreetName': '1 rue Eliard Laude\nBP 49', 'AdditionalStreetName': None, 'CityName': 'Le Port', 'PostalZone': '97420', 'Country': 'FRA'};249740101;True;COMMUNAUTE AGGLO TERRITOIRE COTE OUEST;Communauté d'Agglomération Territoire de la Côte Ouest (974);;;services;[];[];;1460.0;False;;True;;sans remise en concurrence;;26-91533;;;608000.0;LOT-0001;71630000;1950000.0;2;4.0;;RELANCE_Mission de contrôle technique construction pour les opérations du Territoire de l’Ouest;ouverte;;;;;False;True;False;;7348;Communauté d'agglomération ;250  à  499;False;1997-01-01;84.11Z;2008;5710.0;SAS, société par actions simplifiée;500  à  999;False;<NA>;2008;M;71;71.2;71.2;71.20B;2012-12-20;(-20.947094, 55.316576);Le Port;La Réunion;;(-20.937391, 55.299892);Le Port;La Réunion;;;;;;;;;
False;;;True;True;False;attribue;{'StreetName': '10 rue Adolphe Ramassamy\nCS 71008', 'AdditionalStreetName': None, 'CityName': 'SAINTE-CLOTILDE CEDEX', 'PostalZone': '97495', 'Country': 'FRA'};903869071;True;APAVE INFRASTRUCTURES ET CONSTRUCTION FRANCE;APAVE INFRASTRUCTURES ET CONSTRUCTION FRANCE;2026-09-23;{'StreetName': '1 rue Eliard Laude\nBP 49', 'AdditionalStreetName': None, 'CityName': 'Le Port', 'PostalZone': '97420', 'Country': 'FRA'};249740101;True;COMMUNAUTE AGGLO TERRITOIRE COTE OUEST;Communauté d'Agglomération Territoire de la Côte Ouest (974);;;services;[];[];;1460.0;False;;True;;sans remise en concurrence;;26-91533;;;652000.0;LOT-0002;71630000;1950000.0;2;4.0;;RELANCE_Mission de contrôle technique construction pour les opérations du Territoire de l’Ouest;ouverte;;;;;False;True;False;;7348;Communauté d'agglomération ;250  à  499;False;1997-01-01;84.11Z;2008;5710.0;SAS, société par actions simplifiée;1 000  à  1 999;False;False;2008;M;71;71.2;71.2;71.20B;2021-09-28;(-20.897866, 55.48985);Saint-Denis;La Réunion;;(-20.937391, 55.299892);Le Port;La Réunion;;;;;;;;;
False;['48445000', '48442000', '48430000'];;True;False;False;attribue;{'StreetName': None, 'AdditionalStreetName': None, 'CityName': '75109', 'PostalZone': '75009', 'Country': 'FRA'};420505083;True;TRADIM;TRADIM;2026-09-23;{'StreetName': '115 route de Piche', 'AdditionalStreetName': None, 'CityName': 'Pontenx-les-Forges', 'PostalZone': '40200', 'Country': 'FRA'};244000279;True;SIVOM DU BORN;SIVOM du Born;;;fournitures;['Prix', 'Qualité de la prestation (valeur technique, ergonomie, méthodologie, délais)', 'Démarche RSE / développement durable'];['prix', 'delai', 'environnemental & social'];[30.0, 65.0, 5.0];1440.0;False;;False;{'StreetName': None, 'CityName': None, 'PostalZone': None, 'NUTS': 'FRI13', 'Country': 'FRA'};;;26-91428;26-91465;437800.0;;LOT-0001;48000000;;1;11.0;;Fourniture, hébergement et maintenance d’un logiciel de gestion et de facturation du service déchets;ouverte;2026-08;2.0;;False;False;False;False;437800.0;7354;Syndicat mixte fermé ;50  à  99;False;1981-01-01;84.11Z;2008;5710.0;SAS, société par actions simplifiée;20  à  49;False;<NA>;2008;J;62;62.0;62.02;62.02A;1998-10-01;;;;;(44.282296, -1.13633);Pontenx-les-Forges;Landes;Nouvelle-Aquitaine;;;;;;;;
False;['71354100'];;True;False;False;attribue;{'StreetName': None, 'AdditionalStreetName': None, 'CityName': '81099', 'PostalZone': '81600', 'Country': 'FRA'};522047257;True;ABSYS ENGINEERING;ABSYS ENGINEERING;2026-09-23;{'StreetName': '19, rue Bernard Palissy', 'AdditionalStreetName': None, 'CityName': 'LIMOGES CEDEX', 'PostalZone': '87031', 'Country': 'FRA'};248719312;True;CU LIMOGES METROPOLE;LIMOGES METROPOLE - Communauté urbaine;;;services;['Prix des prestations', 'Valeur technique'];['prix', 'technique'];[40.0, 60.0];360.0;False;;False;{'StreetName': None, 'CityName': None, 'PostalZone': None, 'NUTS': 'FRI23', 'Country': 'FRA'};sans remise en concurrence;;26-91278;;;;LOT-0001;71351810;400000.0;1;11.0;;GEO-DETECTION ET GEO-REFERENCEMENT D’INFRASTRUCTURES ENTERREES;ouverte;2026-F072;3.0;;;False;False;False;;7343;Communauté urbaine ;1 000  à  1 999;False;2002-01-01;84.11Z;2008;5710.0;SAS, société par actions simplifiée;6  à  9;False;<NA>;2008;M;71;71.1;71.12;71.12B;2010-04-01;;;;;(45.833921, 1.25212);Limoges;Haute-Vienne;Nouvelle-Aquitaine;;;;;;;;
False;['90911000'];;True;True;False;attribue;{'StreetName': '9 Rue Charles Coulomb', 'AdditionalStreetName': None, 'CityName': 'Chartres', 'PostalZone': '28000', 'Country': 'FRA'};494021355;False;FINANCIERE CHROME NETTOYAGE;CHROME NETTOYAGE;2026-09-23;{'StreetName': '2 rue de Châteaudun', 'AdditionalStreetName': None, 'CityName': 'Dreux', 'PostalZone': '28103', 'Country': 'FRA'};212801344;False;COMMUNE DE DREUX;Ville de Dreux;;;services;"[""Qualité technique de l'offre"", 'Prix']";['qualite', 'prix'];[60.0, 40.0];;True;5200000.0;True;;sans remise en concurrence;Avec;26-91256;;3400000.0;;LOT-0001;90911000;8520000.0;4;4.0;;Mise en propreté des locaux et espaces des bâtiments de la ville de Dreux;ouverte;2026-18;3.0;;;True;True;True;;7210;Commune et commune nouvelle ;500  à  999;False;1978-01-01;84.11Z;2008;5710.0;SAS, société par actions simplifiée;10  à  19;False;<NA>;2008;M;70;70.1;70.1;70.10Z;2007-01-18;(48.438305, 1.520304);Chartres;Eure-et-Loir;Centre-Val de Loire;(48.736223, 1.370522);Dreux;Eure-et-Loir;Centre-Val de Loire;;;;;;;;
False;['90911000'];;True;True;False;attribue;{'StreetName': '35 Rue De Moronval', 'AdditionalStreetName': None, 'CityName': 'Dreux', 'PostalZone': '28100', 'Country': 'FRA'};341516474;False;ASSOCIATION MULTI-SERVICES;Multi-Services;2026-09-23;{'StreetName': '2 rue de Châteaudun', 'AdditionalStreetName': None, 'CityName': 'Dreux', 'PostalZone': '28103', 'Country': 'FRA'};212801344;False;COMMUNE DE DREUX;Ville de Dreux;;;services;"[""Qualité technique de l'offre"", 'Prix']";['qualite', 'prix'];[60.0, 40.0];;True;5200000.0;True;;sans remise en concurrence;Avec;26-91256;;2200000.0;;LOT-0002;90911000;8520000.0;4;1.0;;Mise en propreté des locaux et espaces des bâtiments de la ville de Dreux;ouverte;2026-18;3.0;;;True;True;True;;7210;Commune et commune nouvelle ;500  à  999;False;1978-01-01;84.11Z;2008;9220.0;Association déclarée ;50  à  99;True;<NA>;2008;N;81;81.2;81.21;81.21Z;1987-04-01;(48.733336, 1.385595);Dreux;Eure-et-Loir;Centre-Val de Loire;(48.736223, 1.370522);Dreux;Eure-et-Loir;Centre-Val de Loire;;;;;;;;
False;['90911000'];;True;True;False;attribue;{'StreetName': '9 Rue Charles Coulomb', 'AdditionalStreetName': None, 'CityName': 'Chartres', 'PostalZone': '28000', 'Country': 'FRA'};494021355;False;FINANCIERE CHROME NETTOYAGE;CHROME NETTOYAGE;2026-09-23;{'StreetName': '2 rue de Châteaudun', 'AdditionalStreetName': None, 'CityName': 'Dreux', 'PostalZone': '28103', 'Country': 'FRA'};212801344;False;COMMUNE DE DREUX;Ville de Dreux;;;services;"[""Qualité technique de l'offre"", 'Prix']";['qualite', 'prix'];[60.0, 40.0];;True;5200000.0;True;;sans remise en concurrence;Avec;26-91256;;2600000.0;;LOT-0003;90911000;8520000.0;4;4.0;;Mise en propreté des locaux et espaces des bâtiments de la ville de Dreux;ouverte;2026-18;3.0;;;True;True;True;;7210;Commune et commune nouvelle ;500  à  999;False;1978-01-01;84.11Z;2008;5710.0;SAS, société par actions simplifiée;10  à  19;False;<NA>;2008;M;70;70.1;70.1;70.10Z;2007-01-18;(48.438305, 1.520304);Chartres;Eure-et-Loir;Centre-Val de Loire;(48.736223, 1.370522);Dreux;Eure-et-Loir;Centre-Val de Loire;;;;;;;;
False;['90911000'];;True;True;False;attribue;{'StreetName': '2 Rue Henry Potez', 'AdditionalStreetName': None, 'CityName': 'Dreux', 'PostalZone': '28100', 'Country': 'FRA'};315560714;False;SARL L'ENTRETIEN;SARL L'ENTRETIEN;2026-09-23;{'StreetName': '2 rue de Châteaudun', 'AdditionalStreetName': None, 'CityName': 'Dreux', 'PostalZone': '28103', 'Country': 'FRA'};212801344;False;COMMUNE DE DREUX;Ville de Dreux;;;services;"[""Qualité technique de l'offre"", 'Prix']";['qualite', 'prix'];[50.0, 50.0];;True;5200000.0;True;;sans remise en concurrence;Avec;26-91256;;320000.0;;LOT-0004;90911000;8520000.0;4;2.0;;Mise en propreté des locaux et espaces des bâtiments de la ville de Dreux;ouverte;2026-18;3.0;;;True;True;True;;7210;Commune et commune nouvelle ;500  à  999;False;1978-01-01;84.11Z;2008;5710.0;SAS, société par actions simplifiée;500  à  999;False;<NA>;2008;N;81;81.2;81.21;81.21Z;1979-01-01;(48.750585, 1.360932);Dreux;Eure-et-Loir;Centre-Val de Loire;(48.736223, 1.370522);Dreux;Eure-et-Loir;Centre-Val de Loire;;;;;;;;
False;['35120000', '35125300'];;False;False;False;attribue;{'StreetName': None, 'AdditionalStreetName': None, 'CityName': 'Montélimar', 'PostalZone': '26200', 'Country': 'FRA'};434085395;False;SPIE CITYNETWORKS;SPIE Citynetworks;2026-09-23;{'StreetName': '36 Rue Des Jardins', 'AdditionalStreetName': None, 'CityName': 'Bourg Les Valence Cedex', 'PostalZone': '26502', 'Country': 'FRA'};212600589;False;COMMUNE DE BOURG-LES-VALENCE;COMMUNE DE BOURG LES VALENCE;;2026-09-30+02:00;services;"[""Valeur technique de l'offre"", 'Prise en compte de la notion de développement durable', 'Prix']";['technique', 'environnemental', 'prix'];[45.0, 5.0, 50.0];;True;800000.0;False;;sans remise en concurrence;;26-91421;;;;LOT-0000;51314000;222909.29;1;6.0;;MAINTENANCE ET EXTENSION D'UN SYSTEME DE VIDEOPROTECTION URBAINE;ouverte;26SER24;3.0;;;False;True;False;;7210;Commune et commune nouvelle ;250  à  499;False;1983-03-01;84.11Z;2008;5710.0;SAS, société par actions simplifiée;2 000  à  4 999;False;False;2008;F;42;42.2;42.22;42.22Z;2000-11-30;;Montélimar;Drôme;Auvergne-Rhône-Alpes;(44.94661, 4.894252);Bourg-lès-Valence;Drôme;Auvergne-Rhône-Alpes;;;;;;;;
False;['60444100'];;True;True;False;attribue;"{'StreetName': ""1632 Avenue De L''Europe"", 'AdditionalStreetName': None, 'CityName': 'Castelnau-Le-Lez', 'PostalZone': '34170', 'Country': 'FRA'}";503120578;False;ENERGIES DU SUD;ODE;2026-09-23;{'StreetName': 'Place de la Loge', 'AdditionalStreetName': None, 'CityName': 'Perpignan Cedex', 'PostalZone': '66931', 'Country': 'FRA'};216601369;False;COMMUNE DE PERPIGNAN;Mairie de Perpignan;;2026-06-01+02:00;services;"[""Valeur technique de l'offre"", 'Prix']";['technique', 'prix'];[60.0, 40.0];1800.0;False;285699.0;False;;;;26-91458;;84150.0;;LOT-0001;60444100;;4;2.0;2.0;Mission d'OPC pour la réhabilitation et la recomposition d'ilots dégradés, dans le quartier Saint Jacques à Perpignan;ouverte;2204_OPC;;;;False;False;False;280410.0;7210;Commune et commune nouvelle ;2 000  à  4 999;False;1982-01-01;84.11Z;2008;5710.0;SAS, société par actions simplifiée;;False;<NA>;2008;M;71;71.1;71.12;71.12B;2008-02-29;(43.632623, 3.915405);Castelnau-le-Lez;Hérault;Occitanie;(42.699779, 2.894689);Perpignan;Pyrénées-Orientales;Occitanie;;;;;;;;
False;['60444100'];;True;True;False;attribue;"{'StreetName': ""1632 Avenue De L''Europe"", 'AdditionalStreetName': None, 'CityName': 'Castelnau-Le-Lez', 'PostalZone': '34170', 'Country': 'FRA'}";503120578;False;ENERGIES DU SUD;ODE;2026-09-23;{'StreetName': 'Place de la Loge', 'AdditionalStreetName': None, 'CityName': 'Perpignan Cedex', 'PostalZone': '66931', 'Country': 'FRA'};216601369;False;COMMUNE DE PERPIGNAN;Mairie de Perpignan;;2026-06-01+02:00;services;"[""Valeur technique de l'offre"", 'Prix']";['technique', 'prix'];[60.0, 40.0];1800.0;False;285699.0;False;;;;26-91458;;77460.0;;LOT-0002;60444100;;4;2.0;2.0;Mission d'OPC pour la réhabilitation et la recomposition d'ilots dégradés, dans le quartier Saint Jacques à Perpignan;ouverte;2204_OPC;;;;False;False;False;280410.0;7210;Commune et commune nouvelle ;2 000  à  4 999;False;1982-01-01;84.11Z;2008;5710.0;SAS, société par actions simplifiée;;False;<NA>;2008;M;71;71.1;71.12;71.12B;2008-02-29;(43.632623, 3.915405);Castelnau-le-Lez;Hérault;Occitanie;(42.699779, 2.894689);Perpignan;Pyrénées-Orientales;Occitanie;;;;;;;;
False;['60444100'];;True;True;False;attribue;"{'StreetName': ""1632 Avenue De L''Europe"", 'AdditionalStreetName': None, 'CityName': 'Castelnau-Le-Lez', 'PostalZone': '34170', 'Country': 'FRA'}";503120578;False;ENERGIES DU SUD;ODE;2026-09-23;{'StreetName': 'Place de la Loge', 'AdditionalStreetName': None, 'CityName': 'Perpignan Cedex', 'PostalZone': '66931', 'Country': 'FRA'};216601369;False;COMMUNE DE PERPIGNAN;Mairie de Perpignan;;2026-06-01+02:00;services;"[""Valeur technique de l'offre"", 'Prix']";['technique', 'prix'];[60.0, 40.0];1800.0;False;285699.0;False;;;;26-91458;;54000.0;;LOT-0003;60444100;;4;2.0;2.0;Mission d'OPC pour la réhabilitation et la recomposition d'ilots dégradés, dans le quartier Saint Jacques à Perpignan;ouverte;2204_OPC;;;;False;False;False;280410.0;7210;Commune et commune nouvelle ;2 000  à  4 999;False;1982-01-01;84.11Z;2008;5710.0;SAS, société par actions simplifiée;;False;<NA>;2008;M;71;71.1;71.12;71.12B;2008-02-29;(43.632623, 3.915405);Castelnau-le-Lez;Hérault;Occitanie;(42.699779, 2.894689);Perpignan;Pyrénées-Orientales;Occitanie;;;;;;;;
False;['60444100'];;True;True;False;attribue;"{'StreetName': ""1632 Avenue De L''Europe"", 'AdditionalStreetName': None, 'CityName': 'Castelnau-Le-Lez', 'PostalZone': '34170', 'Country': 'FRA'}";503120578;False;ENERGIES DU SUD;ODE;2026-09-23;{'StreetName': 'Place de la Loge', 'AdditionalStreetName': None, 'CityName': 'Perpignan Cedex', 'PostalZone': '66931', 'Country': 'FRA'};216601369;False;COMMUNE DE PERPIGNAN;Mairie de Perpignan;;2026-06-01+02:00;services;"[""Valeur technique de l'offre"", 'Prix']";['technique', 'prix'];[60.0, 40.0];1800.0;False;285699.0;False;;;;26-91458;;64800.0;;LOT-0004;60444100;;4;2.0;2.0;Mission d'OPC pour la réhabilitation et la recomposition d'ilots dégradés, dans le quartier Saint Jacques à Perpignan;ouverte;2204_OPC;;;;False;False;False;280410.0;7210;Commune et commune nouvelle ;2 000  à  4 999;False;1982-01-01;84.11Z;2008;5710.0;SAS, société par actions simplifiée;;False;<NA>;2008;M;71;71.1;71.12;71.12B;2008-02-29;(43.632623, 3.915405);Castelnau-le-Lez;Hérault;Occitanie;(42.699779, 2.894689);Perpignan;Pyrénées-Orientales;Occitanie;;;;;;;;
False;;;False;False;False;attribue;{'StreetName': '561, Rue Georges Mélies', 'AdditionalStreetName': None, 'CityName': 'MONTPELLIER', 'PostalZone': '340000', 'Country': 'FRA'};824012173;True;SWILE;SWILE;2026-09-23;{'StreetName': '20, Rue Notre Dame BP 645', 'AdditionalStreetName': None, 'CityName': 'LOUDEAC', 'PostalZone': '22600', 'Country': 'FRA'};212201362;True;COMMUNE DE LOUDEAC;"Ville de Loudéac (membre 1)
CCAS de Loudéac (membre 2)";;;fournitures;"['Prix des prestations', 'Valeur techniques', ""Performances en matière de protection de l'environnement""]";['prix', 'technique', 'environnemental'];[40.0, 50.0, 10.0];1440.0;False;;False;{'StreetName': '20rue Notre Dame', 'CityName': 'Loudéac', 'PostalZone': '22606', 'NUTS': 'FRH01', 'Country': 'FRA'};sans remise en concurrence;;26-91518;;638400.0;;LOT-0001;30199770;638400.0;1;3.0;0.0;"Accord-cadre de Services
Groupement de commandes - Emission, livraison et gestion des cartes ticket restaurant pour les agents territoriaux (2026-2030)";ouverte;Accord cadre de services;;;;False;False;False;638400.0;7210;Commune et commune nouvelle ;200  à  249;False;1983-03-01;84.11Z;2008;5710.0;SAS, société par actions simplifiée;250  à  499;False;<NA>;2008;K;66;66.1;66.19;66.19B;2016-11-24;(43.605828, 3.920351);Montpellier;Hérault;Occitanie;(48.17674, -2.7512);Loudéac;Côtes-d'Armor;Bretagne;;;;;;;;
False;['50721000'];;True;True;False;attribue;{'StreetName': '3 Rue De La Boiserie', 'AdditionalStreetName': None, 'CityName': 'Gap', 'PostalZone': '05000', 'Country': 'FRA'};477962484;False;ENERGIES MAINTENANCE CHAUFFAGE CLIMATISATION - EMC2;EMC2 - ENERGIE MAINTENANCE CHAUFFAGE CLIMATISATION;2026-09-23;{'StreetName': '13 rue du docteur Romieu', 'AdditionalStreetName': 'Cs70216', 'CityName': 'Digne-Les-Bains', 'PostalZone': '04995', 'Country': 'FRA'};220400014;False;DEPARTEMENT DES ALPES DE HAUTE PROVENCE;Département des Alpes de Haute Provence;;;services;"['Valeur technique', ""Performances en matière de protection de l'environnement"", 'Prix des prestations']";['technique', 'environnemental', 'prix'];[55.0, 5.0, 40.0];;True;700000.0;False;;;;26-91180;;109862.86;;LOT-0001;50721000;;2;2.0;;Exploitation des installations de chauffage et de rafraichissement dans les bâtiments départementaux - Années 2026-2030;ouverte;26SGB016;;;;False;True;False;700000.0;7220;Département ;1 000  à  1 999;False;1982-01-01;84.11Z;2008;5710.0;SAS, société par actions simplifiée;50  à  99;False;<NA>;2008;F;43;43.2;43.22;43.22B;2004-06-23;(44.567545, 6.106554);Gap;Hautes-Alpes;Provence-Alpes-Côte d'Azur;(44.092252, 6.237985);Digne-les-Bains;Alpes-de-Haute-Provence;Provence-Alpes-Côte d'Azur;;;;;;;;
False;['50721000'];;True;True;False;attribue;{'StreetName': '72 Av J B Clement', 'AdditionalStreetName': None, 'CityName': 'Boulogne-Billancourt', 'PostalZone': '92100', 'Country': 'FRA'};315871640;False;IDEX ENERGIES;IDEX ENERGIES;2026-09-23;{'StreetName': '13 rue du docteur Romieu', 'AdditionalStreetName': 'Cs70216', 'CityName': 'Digne-Les-Bains', 'PostalZone': '04995', 'Country': 'FRA'};220400014;False;DEPARTEMENT DES ALPES DE HAUTE PROVENCE;Département des Alpes de Haute Provence;;;services;"['Valeur technique', ""Performances en matière de protection de l'environnement"", 'Prix des prestations']";['technique', 'environnemental', 'prix'];[55.0, 5.0, 40.0];;True;700000.0;False;;;;26-91180;;37025.35;;LOT-0002;50721000;;2;3.0;;Exploitation des installations de chauffage et de rafraichissement dans les bâtiments départementaux - Années 2026-2030;ouverte;26SGB016;;;;False;True;False;700000.0;7220;Département ;1 000  à  1 999;False;1982-01-01;84.11Z;2008;5710.0;SAS, société par actions simplifiée;2 000  à  4 999;False;False;2008;C;33;33.1;33.11;33.11Z;1976-01-01;(48.844182, 2.232906);Boulogne-Billancourt;Hauts-de-Seine;Île-de-France;(44.092252, 6.237985);Digne-les-Bains;Alpes-de-Haute-Provence;Provence-Alpes-Côte d'Azur;;;;;;;;
False;['90511200'];;True;True;False;attribue;"{'StreetName': ""315 Avenue de l'aéroodrome"", 'AdditionalStreetName': None, 'CityName': 'Tallard', 'PostalZone': '05130', 'Country': 'FRA'}";351701453;False;ALPES ASSAINISSEMENT;Alpes Assainissement;2026-09-23;{'StreetName': '1, place de la république', 'AdditionalStreetName': None, 'CityName': 'Sisteron', 'PostalZone': '04200', 'Country': 'FRA'};200068765;False;CC DU SISTERONAIS-BUECH;Communauté de Communes du SISTERONAIS-BUËCH;;;services;"[""Valeur technique de l'offre - Valeur technique en fonction du mémoire technique du candidat"", 'Prix']";['technique', 'prix'];[40.0, 60.0];;False;;False;;;;26-91367;;114312.0;;LOT-0001;90511000;;2;1.0;;Marché pour la collecte des déchets, en substitution de tournées assurées par la régie de collecte de la CCSB;ouverte;2026-COL-01;;;;False;False;False;141462.0;7346;Communauté de communes ;100  à  199;<NA>;2017-01-01;84.11Z;2008;5710.0;SAS, société par actions simplifiée;50  à  99;False;<NA>;2008;E;38;38.2;38.21;38.21Z;1989-07-01;(44.457986, 6.032813);Tallard;Hautes-Alpes;Provence-Alpes-Côte d'Azur;(44.194004, 5.943213);Sisteron;Alpes-de-Haute-Provence;Provence-Alpes-Côte d'Azur;;;;;;;;
False;['90511400'];;True;True;False;attribue;{'StreetName': '46 Avenue du Docteur Tagnard', 'AdditionalStreetName': None, 'CityName': 'La Mure', 'PostalZone': '38350', 'Country': 'FRA'};954506127;False;PAPREC GRAND EST;PAPREC GRAND EST;2026-09-23;{'StreetName': '1, place de la république', 'AdditionalStreetName': None, 'CityName': 'Sisteron', 'PostalZone': '04200', 'Country': 'FRA'};200068765;False;CC DU SISTERONAIS-BUECH;Communauté de Communes du SISTERONAIS-BUËCH;;;services;"[""Valeur technique de l'offre - Valeur technique en fonction du mémoire technique du candidat"", 'Prix']";['technique', 'prix'];[40.0, 60.0];;False;;False;;;;26-91367;;27150.0;;LOT-0002;90511000;;2;2.0;;Marché pour la collecte des déchets, en substitution de tournées assurées par la régie de collecte de la CCSB;ouverte;2026-COL-01;;;;False;False;False;141462.0;7346;Communauté de communes ;100  à  199;<NA>;2017-01-01;84.11Z;2008;5710.0;SAS, société par actions simplifiée;250  à  499;False;<NA>;2008;E;38;38.3;38.32;38.32Z;1954-01-01;(44.911463, 5.796273);La Mure;Isère;Auvergne-Rhône-Alpes;(44.194004, 5.943213);Sisteron;Alpes-de-Haute-Provence;Provence-Alpes-Côte d'Azur;;;;;;;;
False;['45262512'];;True;True;False;attribue;{'StreetName': '26 Av Andre Roussin', 'AdditionalStreetName': None, 'CityName': 'Marseille 16', 'PostalZone': '13016', 'Country': 'FRA'};063802276;False;VIVIAN ET CIE;VIVIAN ET CIE;2026-09-23;"{'StreetName': 'Hôtel de ville', 'AdditionalStreetName': ""Place de l'Hôtel de ville"", 'CityName': 'Manosque', 'PostalZone': '04100', 'Country': 'FRA'}";210401121;False;COMMUNE DE MANOSQUE;Ville de Manosque;;;travaux;"[""Valeur technique de l'offre"", 'Prix']";['technique', 'prix'];[60.0, 40.0];;False;;False;;;;26-91414;;3020220.13;;LOT-0001;45212361;;7;6.0;5.0;TRAVAUX DE RESTAURATION DE L'EGLISE SAINT SAUVEUR;ouverte;2026VILMI26T01;;;;True;False;True;4904972.27;7210;Commune et commune nouvelle ;500  à  999;False;1983-03-01;84.11Z;2008;5710.0;SAS, société par actions simplifiée;50  à  99;False;<NA>;2008;F;43;43.9;43.99;43.99C;1963-01-01;(43.35647, 5.338204);Marseille;Bouches-du-Rhône;Provence-Alpes-Côte d'Azur;(43.8338, 5.782676);Manosque;Alpes-de-Haute-Provence;Provence-Alpes-Côte d'Azur;;;;;;;;
False;['44142000'];;True;True;False;attribue;{'StreetName': 'Vidalet', 'AdditionalStreetName': None, 'CityName': 'Pertuis', 'PostalZone': '84120', 'Country': 'FRA'};791926264;False;BELLEC RENOVATION;BELLEC RENOVATION;2026-09-23;"{'StreetName': 'Hôtel de ville', 'AdditionalStreetName': ""Place de l'Hôtel de ville"", 'CityName': 'Manosque', 'PostalZone': '04100', 'Country': 'FRA'}";210401121;False;COMMUNE DE MANOSQUE;Ville de Manosque;;;travaux;"[""Valeur technique de l'offre"", 'Prix']";['technique', 'prix'];[60.0, 40.0];;False;;False;;;;26-91414;;633200.59;;LOT-0002;45212361;;7;4.0;3.0;TRAVAUX DE RESTAURATION DE L'EGLISE SAINT SAUVEUR;ouverte;2026VILMI26T01;;;;True;False;True;4904972.27;7210;Commune et commune nouvelle ;500  à  999;False;1983-03-01;84.11Z;2008;5710.0;SAS, société par actions simplifiée;6  à  9;<NA>;<NA>;2008;F;43;43.9;43.99;43.99C;2013-03-27;(43.688435, 5.468637);Pertuis;Vaucluse;Provence-Alpes-Côte d'Azur;(43.8338, 5.782676);Manosque;Alpes-de-Haute-Provence;Provence-Alpes-Côte d'Azur;;;;;;;;
False;['44316510'];;True;True;False;attribue;{'StreetName': '8 Rue Emmanuel Chabrier', 'AdditionalStreetName': None, 'CityName': 'Valence', 'PostalZone': '26000', 'Country': 'FRA'};436180517;False;ATELIER THOMAS VITRAUX;ATELIER THOMAS VITRAUX;2026-09-23;"{'StreetName': 'Hôtel de ville', 'AdditionalStreetName': ""Place de l'Hôtel de ville"", 'CityName': 'Manosque', 'PostalZone': '04100', 'Country': 'FRA'}";210401121;False;COMMUNE DE MANOSQUE;Ville de Manosque;;;travaux;"[""Valeur technique de l'offre"", 'Prix']";['technique', 'prix'];[60.0, 40.0];;False;;False;;;;26-91414;;139408.5;;LOT-0003;45212361;;7;4.0;4.0;TRAVAUX DE RESTAURATION DE L'EGLISE SAINT SAUVEUR;ouverte;2026VILMI26T01;;;;True;False;True;4904972.27;7210;Commune et commune nouvelle ;500  à  999;False;1983-03-01;84.11Z;2008;5499.0;Société à responsabilité limitée (sans autre indication);20  à  49;False;<NA>;2008;C;23;23.1;23.19;23.19Z;1961-01-01;(44.937796, 4.931888);Valence;Drôme;Auvergne-Rhône-Alpes;(43.8338, 5.782676);Manosque;Alpes-de-Haute-Provence;Provence-Alpes-Côte d'Azur;;;;;;;;
False;['39299000'];;True;True;False;attribue;{'StreetName': '22 Rue Du Gue Marin', 'AdditionalStreetName': None, 'CityName': 'Mehun-Sur-Yevre', 'PostalZone': '18500', 'Country': 'FRA'};832765127;False;DEPIREY DESIGN STUDIO;DEPIREY DESIGN STUDIO;2026-09-23;"{'StreetName': 'Hôtel de ville', 'AdditionalStreetName': ""Place de l'Hôtel de ville"", 'CityName': 'Manosque', 'PostalZone': '04100', 'Country': 'FRA'}";210401121;False;COMMUNE DE MANOSQUE;Ville de Manosque;;;travaux;"[""Valeur technique de l'offre"", 'Prix']";['technique', 'prix'];[60.0, 40.0];;False;;False;;;;26-91414;;179719.0;;LOT-0004;45212361;;7;4.0;4.0;TRAVAUX DE RESTAURATION DE L'EGLISE SAINT SAUVEUR;ouverte;2026VILMI26T01;;;;True;False;True;4904972.27;7210;Commune et commune nouvelle ;500  à  999;False;1983-03-01;84.11Z;2008;5710.0;SAS, société par actions simplifiée;3  à  5;False;<NA>;2008;M;74;74.1;74.1;74.10Z;2017-10-19;(47.146811, 2.206916);Mehun-sur-Yèvre;Cher;Centre-Val de Loire;(43.8338, 5.782676);Manosque;Alpes-de-Haute-Provence;Provence-Alpes-Côte d'Azur;;;;;;;;
False;['45421000'];;True;True;False;attribue;{'StreetName': '5 Cite Beauharnais', 'AdditionalStreetName': None, 'CityName': 'Paris', 'PostalZone': '75011', 'Country': 'FRA'};448172429;False;ATELIER DE LA BOISERIE;ATELIER DE LA BOISERIE;2026-09-23;"{'StreetName': 'Hôtel de ville', 'AdditionalStreetName': ""Place de l'Hôtel de ville"", 'CityName': 'Manosque', 'PostalZone': '04100', 'Country': 'FRA'}";210401121;False;COMMUNE DE MANOSQUE;Ville de Manosque;;;travaux;"[""Valeur technique de l'offre"", 'Prix']";['technique', 'prix'];[60.0, 40.0];;False;;False;;;;26-91414;;211790.05;;LOT-0005;45212361;;7;3.0;3.0;TRAVAUX DE RESTAURATION DE L'EGLISE SAINT SAUVEUR;ouverte;2026VILMI26T01;;;;True;False;True;4904972.27;7210;Commune et commune nouvelle ;500  à  999;False;1983-03-01;84.11Z;2008;5710.0;SAS, société par actions simplifiée;50  à  99;False;<NA>;2008;C;16;16.2;16.23;16.23Z;2003-04-01;(48.85356, 2.388659);Paris;Paris;Île-de-France;(43.8338, 5.782676);Manosque;Alpes-de-Haute-Provence;Provence-Alpes-Côte d'Azur;;;;;;;;
False;['45315000'];;True;True;False;attribue;{'StreetName': 'Le Mardaric', 'AdditionalStreetName': None, 'CityName': 'Peyruis', 'PostalZone': '04310', 'Country': 'FRA'};378552012;False;CAPARROS ELECTRICITE;CAPARROS ÉLECTRICITÉ;2026-09-23;"{'StreetName': 'Hôtel de ville', 'AdditionalStreetName': ""Place de l'Hôtel de ville"", 'CityName': 'Manosque', 'PostalZone': '04100', 'Country': 'FRA'}";210401121;False;COMMUNE DE MANOSQUE;Ville de Manosque;;;travaux;"[""Valeur technique de l'offre"", 'Prix']";['technique', 'prix'];[60.0, 40.0];;False;;False;;;;26-91414;;437625.0;;LOT-0006;45212361;;7;3.0;2.0;TRAVAUX DE RESTAURATION DE L'EGLISE SAINT SAUVEUR;ouverte;2026VILMI26T01;;;;True;False;True;4904972.27;7210;Commune et commune nouvelle ;500  à  999;False;1983-03-01;84.11Z;2008;5710.0;SAS, société par actions simplifiée;10  à  19;False;<NA>;2008;F;43;43.2;43.21;43.21A;1990-07-02;(44.043095, 5.955761);Peyruis;Alpes-de-Haute-Provence;Provence-Alpes-Côte d'Azur;(43.8338, 5.782676);Manosque;Alpes-de-Haute-Provence;Provence-Alpes-Côte d'Azur;;;;;;;;
False;['30195000'];;True;True;False;attribue;{'StreetName': '15 Av Du General Leclerc', 'AdditionalStreetName': None, 'CityName': 'Villeneuve-Les-Avignon', 'PostalZone': '30400', 'Country': 'FRA'};395155211;False;SARL AMOROSO WALDEIS;SARL AMOROSO WALDEIS;2026-09-23;"{'StreetName': 'Hôtel de ville', 'AdditionalStreetName': ""Place de l'Hôtel de ville"", 'CityName': 'Manosque', 'PostalZone': '04100', 'Country': 'FRA'}";210401121;False;COMMUNE DE MANOSQUE;Ville de Manosque;;;travaux;"[""Valeur technique de l'offre"", 'Prix']";['technique', 'prix'];[60.0, 40.0];;False;;False;;;;26-91414;;302909.0;;LOT-0007;45212361;;7;2.0;2.0;TRAVAUX DE RESTAURATION DE L'EGLISE SAINT SAUVEUR;ouverte;2026VILMI26T01;;;;True;False;True;4904972.27;7210;Commune et commune nouvelle ;500  à  999;False;1983-03-01;84.11Z;2008;5710.0;SAS, société par actions simplifiée;3  à  5;<NA>;<NA>;2008;R;90;90.0;90.03;90.03A;1994-05-01;(43.954764, 4.790577);Villeneuve-lès-Avignon;Gard;Occitanie;(43.8338, 5.782676);Manosque;Alpes-de-Haute-Provence;Provence-Alpes-Côte d'Azur;;;;;;;;
False;;;False;True;False;attribue;{'StreetName': None, 'AdditionalStreetName': None, 'CityName': 'MONTBONNOT', 'PostalZone': '38330', 'Country': 'FRA'};392527404;True;EUROMASTER FRANCE;EUROMASTER;2026-09-23;{'StreetName': 'Hôtel du Département\n5 - 7 rue du Cap de la Ville', 'AdditionalStreetName': None, 'CityName': 'FOIX CEDEX', 'PostalZone': '09001', 'Country': 'FRA'};220900013;False;DEPARTEMENT DE L ARIEGE;Conseil Départemental de l'Ariège (09);;;fournitures;"['Les critères de jugement des offres sont listés au règlement de la consultation.', 'Valeur technique', ""Délai de livraison ou d'intervention"", ""Performance en matière de protection de l'environnement""]";['prix', 'technique', 'delai', 'environnemental'];[55.0, 25.0, 10.0, 10.0];1440.0;False;;False;{'StreetName': None, 'CityName': 'MONTBONNOT', 'PostalZone': '38330', 'NUTS': 'FRK24', 'Country': 'FRA'};avec remise en concurrence;;26-91208;;95928.0;250000.0;LOT-0001;34351100;529312.0;2;1.0;;FOURNITURE DE PNEUS POUR LES VL, VU, PL, ENGINS DE TP ET AGRICOLES DU PMT;ouverte;;;;;False;False;False;;7220;Département ;1 000  à  1 999;False;1983-03-01;84.11Z;2008;5710.0;SAS, société par actions simplifiée;2 000  à  4 999;False;<NA>;2008;G;45;45.3;45.31;45.31Z;1993-09-23;;Montbonnot-Saint-Martin;Isère;Auvergne-Rhône-Alpes;(42.962777, 1.6005);Foix;Ariège;Occitanie;;;;;;;;
False;;;False;True;False;attribue;{'StreetName': None, 'AdditionalStreetName': None, 'CityName': 'MONTBONNOT', 'PostalZone': '38330', 'Country': 'FRA'};392527404;True;EUROMASTER FRANCE;EUROMASTER;2026-09-23;{'StreetName': 'Hôtel du Département\n5 - 7 rue du Cap de la Ville', 'AdditionalStreetName': None, 'CityName': 'FOIX CEDEX', 'PostalZone': '09001', 'Country': 'FRA'};220900013;False;DEPARTEMENT DE L ARIEGE;Conseil Départemental de l'Ariège (09);;;fournitures;"['Les critères de jugement des offres sont listés au règlement de la consultation.', 'Valeur technique', ""Délai de livraison ou d'intervention"", ""Performance en matière de protection de l'environnement""]";['prix', 'technique', 'delai', 'environnemental'];[55.0, 25.0, 10.0, 10.0];1440.0;False;;False;;avec remise en concurrence;;26-91208;;400384.0;433384.0;LOT-0002;34352000;529312.0;2;1.0;;FOURNITURE DE PNEUS POUR LES VL, VU, PL, ENGINS DE TP ET AGRICOLES DU PMT;ouverte;;;;;False;False;False;;7220;Département ;1 000  à  1 999;False;1983-03-01;84.11Z;2008;5710.0;SAS, société par actions simplifiée;2 000  à  4 999;False;<NA>;2008;G;45;45.3;45.31;45.31Z;1993-09-23;;Montbonnot-Saint-Martin;Isère;Auvergne-Rhône-Alpes;(42.962777, 1.6005);Foix;Ariège;Occitanie;;;;;;;;
