procedure_acceleree;cpv_supp;publicite;omc;allotissement;modifie;decision;adresse_fournisseur;siren_fournisseur;siren_fournisseur_connu;nom_siren_fournisseur;nom_declare_fournisseur;date_avis_attribution;adresse_acheteur;siren_acheteur;siren_acheteur_connu;nom_siren_acheteur;nom_declare_acheteur;date_avis_marche;debut_contrat;type_contrat;intitule_critere;type_critere;poids_critere;duree;clause_environnementale;valeur_totale_estimee;financement_ue;lieu_execution;type_accord_cadre;nom_fonds_ue;id_boamp_attribution;id_boamp_contrat;prix_attribution_lot;valeur_estimee_lot;id_lot;cpv;valeur_max_totale_accord_cadre;nombre_lots;nombre_offres;nombre_offres_pme;objet;procedure;id_projet;renouvellement;marche_reserve;favorable_pme;clause_sociale;strategique_environnemental;strategique_social;valeur_totale;code_statut_juridique_acheteur;nom_statut_juridique_acheteur;effectif_acheteur;acheteur_ess;date_creation_acheteur;code_activite_principale_acheteur;version_activite_acheteur;code_statut_juridique_fournisseur;nom_statut_juridique_fournisseur;effectif_fournisseur;fournisseur_ess;fournisseur_mission;version_activite_fournisseur;niveau_activite1_fournisseur;niveau_activite2_fournisseur;niveau_activite3_fournisseur;niveau_activite4_fournisseur;niveau_activite5_fournisseur;date_creation_fournisseur;gps_fournisseur;nom_commune_fournisseur;departement_fournisseur;region_fournisseur;gps_acheteur;nom_commune_acheteur;departement_acheteur;region_acheteur;epci_fournisseur;nom_epci_fournisseur;nature_epci_fournisseur;epci_acheteur;nom_epci_acheteur;nature_epci_acheteur;code_commune_fournisseur;code_commune_acheteur
False;;;True;True;False;attribue;{'StreetName': '8 rue Pierre Brossolette', 'AdditionalStreetName': None, 'CityName': 'Paris', 'PostalZone': '75012', 'Country': 'FRA'};848316014;True;CO & SENS PARIS;CO ET SENS PARIS;2026-10-03;{'StreetName': '8 rue Pierre Brossolette', 'AdditionalStreetName': None, 'CityName': 'LEVALLOIS-PERRET', 'PostalZone': '92300', 'Country': 'FRA'};187500020;True;CCI FRANCE;CCI FRANCE;;;services;['le critère prix est pondéré à 40%', 'Les autres critères sont : \n- la compréhension du contexte et enjeux (10%)\n- Méthodologie et organisation (20%)\n- Expertise et expérience du candidat (30%)'];['prix', 'technique'];[40.0, 10.0, 20.0, 30.0];720.0;False;;False;{'StreetName': None, 'CityName': 'Levallois-Perret', 'PostalZone': None, 'NUTS': 'FR105', 'Country': 'FRA'};sans remise en concurrence;;26-95011;;;300000.0;LOT-0001;80521000;300000.0;2;11.0;;Prestations de rédaction partielle d’un dossier de création ou de renouvellement de certification pour le réseau de formation de CCI France;ouverte;2026-668;;;;False;False;False;;7381.0;Organisme consulaire ;100  à  199;False;1982-01-01;94.11Z;2008;5499.0;Société à responsabilité limitée (sans autre indication);10  à  19;False;<NA>;2008;M;70;70.2;70.22;70.22Z;2019-01-11;(48.842757, 2.398401);Paris;Paris;Île-de-France;(48.894938, 2.291432);Levallois-Perret;Hauts-de-Seine;Île-de-France;;;;;;;;
False;;;True;True;False;non attribue;;;False;;;2026-10-03;{'StreetName': '8 rue Pierre Brossolette', 'AdditionalStreetName': None, 'CityName': 'LEVALLOIS-PERRET', 'PostalZone': '92300', 'Country': 'FRA'};187500020;True;CCI FRANCE;CCI FRANCE;;;services;['le critère prix est pondéré à 40%', 'Les autres critères sont : \n- la compréhension du contexte et enjeux (10%)\n- Méthodologie et organisation (20%)\n- Expertise et expérience du candidat (30%)'];['prix', 'technique'];[40.0, 10.0, 20.0, 30.0];720.0;False;;False;{'StreetName': None, 'CityName': 'Levallois-Perret', 'PostalZone': '92600', 'NUTS': 'FR105', 'Country': 'FRA'};sans remise en concurrence;;26-95011;;;50000.0;LOT-0002;80000000;300000.0;2;0.0;;Prestations de rédaction partielle d’un dossier de création ou de renouvellement de certification pour le réseau de formation de CCI France;ouverte;2026-668;;;;False;False;False;;7381.0;Organisme consulaire ;100  à  199;False;1982-01-01;94.11Z;2008;;;;;;<NA>;;;;;<NA>;<NA>;;;;;(48.894938, 2.291432);Levallois-Perret;Hauts-de-Seine;Île-de-France;;;;;;;;
False;;;True;False;False;attribue;{'StreetName': '13 rue Crucy\nBP 20903', 'AdditionalStreetName': None, 'CityName': 'NANTES', 'PostalZone': '44009', 'Country': 'FRA'};328330717;True;G ET A LINKS;Institut d'études MOAI;2026-10-03;{'StreetName': '110 Avenue de Flandre', 'AdditionalStreetName': None, 'CityName': 'Paris cedex 19', 'PostalZone': '75951', 'Country': 'FRA'};180035032;True;CAISSE NATIONALE D'ASSURANCE VIEILLESSE;Caisse Nationale d'Assurance Vieillesse;;;services;"[""Sur la base de l'analyse d'un cas concret (étude de cas) : compréhension de la problématique posée et pertinence de l'analyse du besoin."", ""Sur la base de l'analyse d'un cas concret (étude de cas) : pertinence de la méthodologie proposée au regard du besoin exprimé (type d'étude, ciblage, taille de l'échantillon, planning prévisionnel associé, types de rapports de restitution orale et écrite envisagés)."", ""Pertinence et adéquation des compétences et expertises de l'équipe dédiée à l'exécution du marché sur les versants quantitatifs et qualitatifs (nombre de collaborateurs affectés avec désignation d'un chef de projet, variété et complémentarité des profils, qualifications,  expériences et connaissance de l'environnement de la protection sociale, avec CV anonymisés)."", ""Pertinence de la méthodologie de travail et de l'organisation globale des prestations au regard de : compréhension des besoins et des objectifs de la prestation en lien avec les enjeux liés à l’Assurance retraite."", ""Pertinence de la méthodologie de travail et de l'organisation globale des prestations au regard de : capacité à proposer des méthodologies innovantes et adaptées aux problématiques et aux publics de l’Assurance retraite."", ""Pertinence de la méthodologie de travail et de l'organisation globale des prestations au regard de : qualité des outils de travail utilisés garantissant la sécurisation des données, pertinence des modalités de restitution des résultats : attractivité des livrables fournis en s'appuyant sur des exemples ou modèles, fréquentiel du reporting effectué en cours de prestation."", ""Développement durable : limitation de l'impact environnemental des prestations du marché et actions concrètes engagées en la matière dans le cadre de l'exécution du marché."", ""Le critère prix est analysé au regard du montant total HT du scénario de commandes masqué (non fourni aux candidats) auquel sont appliqués les prix HT indiqués au B.P.U.\nCe scénario de commandes sert uniquement à comparer les offres financières et n'a pas de valeur contractuelle.""]";['qualite', 'delai', 'environnemental & social', 'technique', 'technique', 'qualite', 'environnemental', 'prix'];[5.0, 10.0, 20.0, 5.0, 15.0, 10.0, 5.0, 30.0];365.0;False;1760000.0;False;{'StreetName': None, 'CityName': None, 'PostalZone': None, 'NUTS': None, 'Country': 'FRA'};sans remise en concurrence;;26-94969;;1318504.4;1760000.0;LOT-0001;79311200;2000000.0;1;5.0;;Réalisation d'enquêtes quantitatives, qualitatives et analyses de données connaissance client.;ouverte;2026-382-001;3.0;;;False;False;False;1318504.4;7389.0;Établissement public national à caractère administratif ;2 000  à  4 999;False;1983-03-01;84.30A;2008;5699.0;SA à directoire (s.a.i.);100  à  199;False;<NA>;2008;M;73;73.2;73.2;73.20Z;1983-09-01;(47.214045, -1.548034);Nantes;Loire-Atlantique;Pays de la Loire;(48.891602, 2.378467);Paris;Paris;Île-de-France;;;;;;;;
False;;;True;True;False;attribue;{'StreetName': '3-9, AVENUE ANDRE MALRAUX 92300', 'AdditionalStreetName': None, 'CityName': 'LEVALLOIS-PERRET', 'PostalZone': '92300', 'Country': 'FRA'};423402312;True;DUTY FREE ASSOCIATES;Société Lagardere Travel Retail France;2026-10-03;{'StreetName': 'Service facturier  TSA 21601 LILLE CEDEX 9', 'AdditionalStreetName': None, 'CityName': 'Lille', 'PostalZone': '59781', 'Country': 'FRA'};267500452;True;ASSISTANCE PUBLIQUE HOPITAUX DE PARIS;APHP Sorbonne Université;;;services;"[""Lot n°1 et n°2 : \nCritère n°1/4 Redevance (100 points), coefficient de pondération 45%.\nMinimum de redevance pour l'activité cafétéria, presse, livres, carterie, confiseries, jouets cadeaux - part-fixe minimum garanti (35 points). \nMinimum de redevance pour le food truck - part fixe minimum garanti (5 points). \nTaux de redevance sur l'activité cafétéria (pourcentage unique avec 2 décimales maximum - part variable (30 points).\nTaux de redevance sur librairie presse, livres et carterie (pourcentage unique avec 2 décimales maximum) - part variable (10 points).\nTaux de redevance sur confiseries, jouets, cadeaux (pourcentage unique avec 2 décimales maximum) part variable (15 points). \nTaux de redevance food truck (pourcentage unique avec 2 décimales maximum) part variable (5 points).\n\nLot n°3: \nCritère n°1 Redevance (100 points), coefficient de pondération 45%.\nSite SAINT ANTOINE : \nMinimum de redevance sur les distributeurs automatiques (en euros avec 2 décimales maximum) - part fixe-minimum garanti (25 points).\nTaux de redevance sur les distributeurs automatiques (en pourcentage avec 2 décimales maximum) - part variable (25 points).\nSite A. TROUSSEAU:\nMinimum de redevance sur les distributeurs automatiques (en euros avec 2 décimales maximum) - part fixe-minimum garanti (25 points).\nTaux de redevance sur les distributeurs automatiques (en pourcentage avec 2 décimales maximum) - part variable (25 points)."", ""Lot n°1 et 2 : \nCritère n°2/4 - Offre commerciale (sur 100 points).\nTarif des produits (20 points). \nPourcentage de remise consentie au personnel AP-HP (25 points). \nExistence d'un système de fidélisation des clients, pertinence du dispositif (5 points). \nVariété des produits alimentaires (ex: produits allégés, légumes, fruits, gâteaux) (15 points).\nQualité des produits alimentaires et boissons : respect du plan national nutrition santé PNNS et de la loi EGALIM (15 points). \nDégustation (présentation, qualité gustative) (5 points). \nPolitique d’animations : animations proposées dans l’enceinte de la cafétéria et de la boutique \npresse et/ou participation aux manifestations organisées au sein de l’hôpital (5 points).\nAttrait tenue vestimentaire des personnels : composition de la tenue, couleur et nombre de tenues, badge (5 points).\nPertinence des dispositions que le candidat s'engage à prendre pour minimiser l'attente en caisse (5 points).\n\nLot n°3 : \nOffre commerciale (100 points), coefficient de pondération 30%.\nTarifs des produits (35 points).\nRemise consentie au personnel AP-HP (25 points)\nExistence d’un système de fidélisation des clients, pertinence du dispositif (5 points)\nVariété des produits alimentaires (ex : produits allégés, bio, légumes, fruits, gâteaux)  (15 points)\nQualité des produits alimentaires et boissons : présentation, respect du plan national nutrition santé PNNS et de la loi EGALIM (20 points).""]";['prix', 'social'];;2520.0;True;;False;{'StreetName': 'Hôpital Saint Antoine', 'CityName': 'Paris', 'PostalZone': '75012', 'NUTS': 'FR101', 'Country': 'FRA'};;;26-94985;;760000.0;;LOT-0001;55330000;;3;8.0;;Contrats de concessions de services relatif à l’exploitation de cafétérias et relatifs à l’exploitation de distributeurs automatiques (Hopitaux S. Antoine, A. Trousseau) du GHU Sorbonne Université;ouverte;APHPSU26-006;;;;True;False;False;1883571.43;7364.0;Établissement d'hospitalisation ;10 000  et plus ;False;1982-01-01;86.10Z;2008;5710.0;SAS, société par actions simplifiée;250  à  499;False;<NA>;2008;G;46;46.1;46.19;46.19A;1999-06-21;(48.896597, 2.275085);Levallois-Perret;Hauts-de-Seine;Île-de-France;;;;;;;;;;;;
False;;;True;True;False;attribue;{'StreetName': '3-9, AVENUE ANDRE MALRAUX 92300', 'AdditionalStreetName': None, 'CityName': 'LEVALLOIS-PERRET', 'PostalZone': '92300', 'Country': 'FRA'};423402312;True;DUTY FREE ASSOCIATES;Société Lagardere Travel Retail France;2026-10-03;{'StreetName': 'Service facturier  TSA 21601 LILLE CEDEX 9', 'AdditionalStreetName': None, 'CityName': 'Lille', 'PostalZone': '59781', 'Country': 'FRA'};267500452;True;ASSISTANCE PUBLIQUE HOPITAUX DE PARIS;APHP Sorbonne Université;;;services;"[""Lot n°1 et n°2 : \nCritère n°1/4 Redevance (100 points), coefficient de pondération 45%.\nMinimum de redevance pour l'activité cafétéria, presse, livres, carterie, confiseries, jouets cadeaux - part-fixe minimum garanti (35 points). \nMinimum de redevance pour le food truck - part fixe minimum garanti (5 points). \nTaux de redevance sur l'activité cafétéria (pourcentage unique avec 2 décimales maximum - part variable (30 points).\nTaux de redevance sur librairie presse, livres et carterie (pourcentage unique avec 2 décimales maximum) - part variable (10 points).\nTaux de redevance sur confiseries, jouets, cadeaux (pourcentage unique avec 2 décimales maximum) part variable (15 points). \nTaux de redevance food truck (pourcentage unique avec 2 décimales maximum) part variable (5 points).\n\nLot n°3: \nCritère n°1 Redevance (100 points), coefficient de pondération 45%.\nSite SAINT ANTOINE : \nMinimum de redevance sur les distributeurs automatiques (en euros avec 2 décimales maximum) - part fixe-minimum garanti (25 points).\nTaux de redevance sur les distributeurs automatiques (en pourcentage avec 2 décimales maximum) - part variable (25 points).\nSite A. TROUSSEAU:\nMinimum de redevance sur les distributeurs automatiques (en euros avec 2 décimales maximum) - part fixe-minimum garanti (25 points).\nTaux de redevance sur les distributeurs automatiques (en pourcentage avec 2 décimales maximum) - part variable (25 points)."", ""Lot n°1 et 2 : \nCritère n°2/4 - Offre commerciale (sur 100 points).\nTarif des produits (20 points). \nPourcentage de remise consentie au personnel AP-HP (25 points). \nExistence d'un système de fidélisation des clients, pertinence du dispositif (5 points). \nVariété des produits alimentaires (ex: produits allégés, légumes, fruits, gâteaux) (15 points).\nQualité des produits alimentaires et boissons : respect du plan national nutrition santé PNNS et de la loi EGALIM (15 points). \nDégustation (présentation, qualité gustative) (5 points). \nPolitique d’animations : animations proposées dans l’enceinte de la cafétéria et de la boutique \npresse et/ou participation aux manifestations organisées au sein de l’hôpital (5 points).\nAttrait tenue vestimentaire des personnels : composition de la tenue, couleur et nombre de tenues, badge (5 points).\nPertinence des dispositions que le candidat s'engage à prendre pour minimiser l'attente en caisse (5 points).\n\nLot n°3 : \nOffre commerciale (100 points), coefficient de pondération 30%.\nTarifs des produits (35 points).\nRemise consentie au personnel AP-HP (25 points)\nExistence d’un système de fidélisation des clients, pertinence du dispositif (5 points)\nVariété des produits alimentaires (ex : produits allégés, bio, légumes, fruits, gâteaux)  (15 points)\nQualité des produits alimentaires et boissons : présentation, respect du plan national nutrition santé PNNS et de la loi EGALIM (20 points).""]";['prix', 'social'];;2520.0;True;;False;{'StreetName': 'Hôpital Armand Trousseau', 'CityName': 'Paris', 'PostalZone': '75012', 'NUTS': 'FR101', 'Country': 'FRA'};;;26-94985;;178571.43;;LOT-0002;55330000;;3;8.0;;Contrats de concessions de services relatif à l’exploitation de cafétérias et relatifs à l’exploitation de distributeurs automatiques (Hopitaux S. Antoine, A. Trousseau) du GHU Sorbonne Université;ouverte;APHPSU26-006;;;;True;False;False;1883571.43;7364.0;Établissement d'hospitalisation ;10 000  et plus ;False;1982-01-01;86.10Z;2008;5710.0;SAS, société par actions simplifiée;250  à  499;False;<NA>;2008;G;46;46.1;46.19;46.19A;1999-06-21;(48.896597, 2.275085);Levallois-Perret;Hauts-de-Seine;Île-de-France;;;;;;;;;;;;
False;['15894500'];;True;True;False;attribue;{'StreetName': '3 rue Ceorges Méliès', 'AdditionalStreetName': None, 'CityName': 'CORMEILLES-EN-PARISIS', 'PostalZone': '95240', 'Country': 'FRA'};498469774;True;IVS FRANCE;Société IVS FRANCE;2026-10-03;{'StreetName': 'Service facturier  TSA 21601 LILLE CEDEX 9', 'AdditionalStreetName': None, 'CityName': 'Lille', 'PostalZone': '59781', 'Country': 'FRA'};267500452;True;ASSISTANCE PUBLIQUE HOPITAUX DE PARIS;APHP Sorbonne Université;;;services;"[""Lot n°1 et n°2 : \nCritère n°1/4 Redevance (100 points), coefficient de pondération 45%.\nMinimum de redevance pour l'activité cafétéria, presse, livres, carterie, confiseries, jouets cadeaux - part-fixe minimum garanti (35 points). \nMinimum de redevance pour le food truck - part fixe minimum garanti (5 points). \nTaux de redevance sur l'activité cafétéria (pourcentage unique avec 2 décimales maximum - part variable (30 points).\nTaux de redevance sur librairie presse, livres et carterie (pourcentage unique avec 2 décimales maximum) - part variable (10 points).\nTaux de redevance sur confiseries, jouets, cadeaux (pourcentage unique avec 2 décimales maximum) part variable (15 points). \nTaux de redevance food truck (pourcentage unique avec 2 décimales maximum) part variable (5 points).\n\nLot n°3: \nCritère n°1 Redevance (100 points), coefficient de pondération 45%.\nSite SAINT ANTOINE : \nMinimum de redevance sur les distributeurs automatiques (en euros avec 2 décimales maximum) - part fixe-minimum garanti (25 points).\nTaux de redevance sur les distributeurs automatiques (en pourcentage avec 2 décimales maximum) - part variable (25 points).\nSite A. TROUSSEAU:\nMinimum de redevance sur les distributeurs automatiques (en euros avec 2 décimales maximum) - part fixe-minimum garanti (25 points).\nTaux de redevance sur les distributeurs automatiques (en pourcentage avec 2 décimales maximum) - part variable (25 points)."", ""Lot n°1 et 2 : \nCritère n°2/4 - Offre commerciale (sur 100 points).\nTarif des produits (20 points). \nPourcentage de remise consentie au personnel AP-HP (25 points). \nExistence d'un système de fidélisation des clients, pertinence du dispositif (5 points). \nVariété des produits alimentaires (ex: produits allégés, légumes, fruits, gâteaux) (15 points).\nQualité des produits alimentaires et boissons : respect du plan national nutrition santé PNNS et de la loi EGALIM (15 points). \nDégustation (présentation, qualité gustative) (5 points). \nPolitique d’animations : animations proposées dans l’enceinte de la cafétéria et de la boutique \npresse et/ou participation aux manifestations organisées au sein de l’hôpital (5 points).\nAttrait tenue vestimentaire des personnels : composition de la tenue, couleur et nombre de tenues, badge (5 points).\nPertinence des dispositions que le candidat s'engage à prendre pour minimiser l'attente en caisse (5 points).\n\nLot n°3 : \nOffre commerciale (100 points), coefficient de pondération 30%.\nTarifs des produits (35 points).\nRemise consentie au personnel AP-HP (25 points)\nExistence d’un système de fidélisation des clients, pertinence du dispositif (5 points)\nVariété des produits alimentaires (ex : produits allégés, bio, légumes, fruits, gâteaux)  (15 points)\nQualité des produits alimentaires et boissons : présentation, respect du plan national nutrition santé PNNS et de la loi EGALIM (20 points).""]";['prix', 'social'];;2520.0;True;;False;{'StreetName': 'Hôpital Armand Trousseau\nHôpital Saint-Antoine', 'CityName': 'Paris', 'PostalZone': '75012', 'NUTS': 'FR101', 'Country': 'FRA'};;;26-94985;;945000.0;;LOT-0003;51542200;;3;8.0;;Contrats de concessions de services relatif à l’exploitation de cafétérias et relatifs à l’exploitation de distributeurs automatiques (Hopitaux S. Antoine, A. Trousseau) du GHU Sorbonne Université;ouverte;APHPSU26-006;;;;True;False;False;1883571.43;7364.0;Établissement d'hospitalisation ;10 000  et plus ;False;1982-01-01;86.10Z;2008;5710.0;SAS, société par actions simplifiée;250  à  499;False;<NA>;2008;G;47;47.9;47.99;47.99B;2007-04-26;(48.95228, 2.199873);Cormeilles-en-Parisis;Val-d'Oise;Île-de-France;;;;;;;;;;;;
False;;;True;True;False;attribue;{'StreetName': None, 'AdditionalStreetName': None, 'CityName': '30215', 'PostalZone': '30430', 'Country': 'FRA'};813268356;True;BOIS& VIA;BOIS& VIA;2026-10-03;{'StreetName': '2 rue Simone Veil', 'AdditionalStreetName': None, 'CityName': 'SAINT-OUEN-SUR-SEINE', 'PostalZone': '93400', 'Country': 'FRA'};237500079;True;REGION ILE DE FRANCE;Région Ile de France;;;fournitures;[];[];;360.0;False;;False;;;;26-95067;;348890.0;;LOT-0001;35261000;;2;6.0;;Conception et fourniture d'éléments de communication, de signalétique et de sensibilisation sur les espaces naturels franciliens;ouverte;2600223;3.0;;;False;False;False;87222.0;7230.0;Région ;10 000  et plus ;False;1982-01-01;84.11Z;2008;5499.0;Société à responsabilité limitée (sans autre indication);1  ou  2;False;<NA>;2008;N;81;81.3;81.3;81.30Z;2015-07-10;;;;;(48.912395, 2.331462);Saint-Ouen-sur-Seine;Seine-Saint-Denis;Île-de-France;;;;;;;;
False;;;True;True;False;non attribue;;;False;;;2026-10-03;{'StreetName': '2 rue Simone Veil', 'AdditionalStreetName': None, 'CityName': 'SAINT-OUEN-SUR-SEINE', 'PostalZone': '93400', 'Country': 'FRA'};237500079;True;REGION ILE DE FRANCE;Région Ile de France;;;fournitures;['Prix apprécié au regard du devis quantitatif estimatif chiffré sur la base des prix du bordereau des prix unitaires', 'Valeur technique appréciée au regard des éléments indiqués dans le cadre de mémoire technique remis par le candidat'];['prix', 'technique'];[40.0, 60.0];360.0;False;;False;;;;26-95067;;;;LOT-0002;35261000;;2;4.0;;Conception et fourniture d'éléments de communication, de signalétique et de sensibilisation sur les espaces naturels franciliens;ouverte;2600223;3.0;;;False;False;False;87222.0;7230.0;Région ;10 000  et plus ;False;1982-01-01;84.11Z;2008;;;;;;<NA>;;;;;<NA>;<NA>;;;;;(48.912395, 2.331462);Saint-Ouen-sur-Seine;Seine-Saint-Denis;Île-de-France;;;;;;;;
False;['50712000'];;True;False;False;attribue;{'StreetName': '36 avenue HOCHE', 'AdditionalStreetName': None, 'CityName': 'PARIS', 'PostalZone': '75008', 'Country': 'FRA'};421595786;True;VULCAIN;VULCAIN;2026-10-03;{'StreetName': '26 avenue André MORIZET', 'AdditionalStreetName': None, 'CityName': 'Boulogne-Billancourt', 'PostalZone': '92100', 'Country': 'FRA'};219200128;True;COMMUNE DE BOULOGNE-BILLANCOURT;Mairie de Boulogne-Billancourt;;;services;[];[];;1460.0;True;500000.0;False;{'StreetName': 'Ville de Boulogne-Billancourt', 'CityName': 'Boulogne-Billancourt', 'PostalZone': '92100', 'NUTS': 'FR105', 'Country': 'FRA'};sans remise en concurrence;;26-94905;;;;LOT-0001;50413200;800000.0;1;10.0;;MAINTENANCE, DÉPANNAGES, TRAVAUX ET FOURNITURE DE PORTES AUTOMATIQUES, RIDEAUX MOTORISES ET BARRIERES;ouverte;2600003;;;;False;False;False;;7210.0;Commune et commune nouvelle ;2 000  à  4 999;False;1983-03-01;84.11Z;2008;5710.0;SAS, société par actions simplifiée;100  à  199;False;<NA>;2008;F;43;43.3;43.32;43.32B;1999-01-05;(48.875779, 2.299353);Paris;Paris;Île-de-France;(48.8357, 2.240435);Boulogne-Billancourt;Hauts-de-Seine;Île-de-France;;;;;;;;
False;;;True;False;False;attribue;{'StreetName': '138, Rue André Bisiaux', 'AdditionalStreetName': None, 'CityName': 'MAXEVILLE', 'PostalZone': '54320', 'Country': 'FRA'};457503837;True;TOTALENERGIES PROXI NORD EST;TOTAL ENERGIES;2026-10-03;{'StreetName': None, 'AdditionalStreetName': None, 'CityName': 'Le Kremlin-Bicêtre', 'PostalZone': '94270', 'Country': 'FRA'};267500452;True;ASSISTANCE PUBLIQUE HOPITAUX DE PARIS;AP-HP;;2026-10-01+02:00;fournitures;"['Critère n°1 : Prix ( 60%)', ""Critère n°2 : Qualité technique de l'offre (30%) Sous-critère a : Délai de livraison et cellule d'urgence proposés (50%) Sous-critère b : Organisation logistique affectée au marché (30%) Souscritère c: Modalités de contrôle de livraison du fioul sur les sites mises en oeuvre dans le cadre du marché (20%)"", ""Critère n°3 : Qualité éco-durable de l'Offre (10%) Sous-critère a : Actions environnementales prises sur la gestion des dépôts pétroliers (10%) Sous-critère b: Modalités de réductions des émissions proposés au regard des moyens de transports utilisés (50%) Sous-critère c : Modalités de contrôle mise en oeuvre pour les rejets polluants dans l'atmosphère, l'eau et les sols (30%) Sous-critère d : Politique RSE mis en oeuvre en interne et dans le cadre du marché (insertion...) (10%)""]";['prix', 'delai', 'environnemental & social'];;;True;;False;{'StreetName': None, 'CityName': None, 'PostalZone': None, 'NUTS': None, 'Country': 'FRA'};sans remise en concurrence;;26-94888;;2874416.0;;LOT-0001;09135100;2874416.0;1;3.0;;Fourniture de fioul domestique pour les différents sites de l'AP-HP;ouverte;26-016;;;;False;False;False;2874416.0;7364.0;Établissement d'hospitalisation ;10 000  et plus ;False;1982-01-01;86.10Z;2008;5710.0;SAS, société par actions simplifiée;500  à  999;False;<NA>;2008;G;46;46.7;46.71;46.71Z;1957-01-01;(48.704863, 6.143385);Maxéville;Meurthe-et-Moselle;Grand Est;;Le Kremlin-Bicêtre;Val-de-Marne;Île-de-France;;;;;;;;
False;;;;False;False;attribue;{'StreetName': '73 RUE DES FORGES SAINT CHARLES BP 317', 'AdditionalStreetName': None, 'CityName': 'CHARLEVILLE MEZIERES', 'PostalZone': '08000', 'Country': 'FRA'};381091933;True;PERIN TELESURVEILLANCE SA;PERIN TELESURVEILLANCE SA;2026-10-03;{'StreetName': '49 av L. Bourgeois', 'AdditionalStreetName': None, 'CityName': 'CharlevilleMézières', 'PostalZone': '08000', 'Country': 'FRA'};200041630;True;ARDENNE METROPOLE;Service Achats Responsables;;;services;['PRIX', 'VALEUR TECHNIQUE', 'VALEUR ENVIRONNEMENTALE'];['prix', 'technique', 'environnemental'];[50.0, 40.0, 10.0];1440.0;True;;False;;hybride;;26-94859;;885400.0;;LOT-0001;79714000;885400.0;1;1.0;0.0;TELESURVEILLANCE ET VIDEOSURVEILLANCE, AVEC INTERVENTIONS ET RONDES DES BATIMENTS DES MEMBRES DU GROUPEMENT DE COMMANDE;ouverte;26S106A;;;;False;True;False;885400.0;7348.0;Communauté d'agglomération ;500  à  999;False;2014-01-01;84.11Z;2008;5710.0;SAS, société par actions simplifiée;50  à  99;False;<NA>;2008;N;80;80.2;80.2;80.20Z;1991-02-27;(49.767083, 4.726095);Charleville-Mézières;Ardennes;Grand Est;(49.754182, 4.717033);Charleville-Mézières;Ardennes;Grand Est;;;;;;;;
False;['79710000'];;True;False;False;attribue;{'StreetName': '126 impasse Juvénal', 'AdditionalStreetName': None, 'CityName': 'NIMES', 'PostalZone': '30900', 'Country': 'FRA'};953409950;True;GUARDON;GUARDON;2026-10-03;{'StreetName': '2 RUE DU DOCTEUR GEORGES SALAN CS13019 ', 'AdditionalStreetName': None, 'CityName': 'NIMES', 'PostalZone': '30000', 'Country': 'FRA'};932491574;True;NIMES UNIVERSITE;NIMES UNIVERSITE;;;services;"[""Valeur prix Coefficient 40% avec les sous critères suivants Le critère de la valeur prix sera analysé sur la base du prix global forfaitaire (90%) et d'un détail estimatif quantitatif caché pour le BPU (10%)"", ""Valeur technique Coefficient 60% avec les sous critères suivants : Pertinence des méthodes, procédures et moyens proposés pour l'exécution et la traçabilité des prestations 70% Pertinence de la qualification, expérience et références des personnels dédiés à l'exécution des prestations 30%""]";['prix', 'social'];[40.0, 60.0];1460.0;False;;False;{'StreetName': None, 'CityName': 'nimes', 'PostalZone': '30000', 'NUTS': 'FRJ12', 'Country': 'FRA'};sans remise en concurrence;;26-95069;;348925.0;;LOT-0001;79713000;;1;19.0;;Prestations de gardiennage et de surveillance pour Nîmes Université;ouverte;2026-15;3.0;;;False;False;False;348925.0;7383.0;Établissement public national à caractère scientifique culturel et professionnel ;;False;2024-07-18;85.42Z;2008;5710.0;SAS, société par actions simplifiée;3  à  5;False;<NA>;2008;N;80;80.1;80.1;80.10Z;2023-06-12;(43.820639, 4.343634);Nîmes;Gard;Occitanie;(43.841541, 4.356889);Nîmes;Gard;Occitanie;;;;;;;;
False;;;;True;False;attribue;{'StreetName': None, 'AdditionalStreetName': None, 'CityName': 'Venissieux', 'PostalZone': '69200', 'Country': 'FRA'};483281564;True;ABSCISSE SECURITE PRIVEE;ABSCISSE SECURITE PRIVEE;2026-10-03;{'StreetName': 'Place de la Bourse', 'AdditionalStreetName': None, 'CityName': 'Lyon', 'PostalZone': '69002', 'Country': 'FRA'};130021702;True;CHAMBRE DE COMMERCE ET D'INDUSTRIE LYON METROPOLE-SAINT-ETIENNE ROANNE;PRESTATIONS DE GARDIENNAGE, SECURITE EVENEMENTIELLE, SECURITE INCENDIE ET TELESURVEILLANCE POUR LE GROUPEMENT DE COMMANDE : CCI LYON METROPOLE SAINT-ETIENNE ROANNE ET DU GROUPE 1862;;2026-10-01+02:00;services;"['1-Prix des prestations', '2-Valeur technique', ""3-Délais d'intervention"", '4- Développement durable']";['prix', 'technique', 'delai', 'environnemental'];[35.0, 45.0, 10.0, 10.0];1440.0;True;;False;{'StreetName': None, 'CityName': None, 'PostalZone': None, 'NUTS': 'FRK26', 'Country': 'FRA'};sans remise en concurrence;;26-94913;;867953.0;;LOT-0001;79713000;1614400.0;8;14.0;;PRESTATIONS DE GARDIENNAGE, SECURITE EVENEMENTIELLE, SECURITE INCENDIE ET TELESURVEILLANCE POUR LE GROUPEMENT DE COMMANDE : CCI LYON METROPOLE SAINT-ETIENNE ROANNE ET DU GROUPE 1862;ouverte;26LM04MP;3.0;;;False;False;False;1614400.0;7381.0;Organisme consulaire ;20  à  49;False;2016-01-01;94.11Z;2008;5710.0;SAS, société par actions simplifiée;100  à  199;False;<NA>;2008;N;80;80.1;80.1;80.10Z;2005-07-11;;Vénissieux;Rhône;Auvergne-Rhône-Alpes;(45.764608, 4.83641);Lyon;Rhône;Auvergne-Rhône-Alpes;;;;;;;;
False;;;;True;False;attribue;{'StreetName': None, 'AdditionalStreetName': None, 'CityName': 'Tassin-la-Demi-Lune', 'PostalZone': '69160', 'Country': 'FRA'};911549442;True;PREMIUM SECURITE PRIVEE;PREMIUM SECURITE PRIVEE;2026-10-03;{'StreetName': 'Place de la Bourse', 'AdditionalStreetName': None, 'CityName': 'Lyon', 'PostalZone': '69002', 'Country': 'FRA'};130021702;True;CHAMBRE DE COMMERCE ET D'INDUSTRIE LYON METROPOLE-SAINT-ETIENNE ROANNE;PRESTATIONS DE GARDIENNAGE, SECURITE EVENEMENTIELLE, SECURITE INCENDIE ET TELESURVEILLANCE POUR LE GROUPEMENT DE COMMANDE : CCI LYON METROPOLE SAINT-ETIENNE ROANNE ET DU GROUPE 1862;;2026-10-01+02:00;services;"['1-Prix des prestations', '2-Valeur technique', ""3-Délais d'intervention"", '4- Développement durable']";['prix', 'technique', 'delai', 'environnemental'];[35.0, 45.0, 10.0, 10.0];1440.0;True;;False;{'StreetName': None, 'CityName': None, 'PostalZone': None, 'NUTS': 'FRK26', 'Country': 'FRA'};sans remise en concurrence;;26-94913;;350000.0;;LOT-0002;79710000;1614400.0;8;13.0;;PRESTATIONS DE GARDIENNAGE, SECURITE EVENEMENTIELLE, SECURITE INCENDIE ET TELESURVEILLANCE POUR LE GROUPEMENT DE COMMANDE : CCI LYON METROPOLE SAINT-ETIENNE ROANNE ET DU GROUPE 1862;ouverte;26LM04MP;3.0;;;False;False;False;1614400.0;7381.0;Organisme consulaire ;20  à  49;False;2016-01-01;94.11Z;2008;5710.0;SAS, société par actions simplifiée;20  à  49;False;<NA>;2008;N;80;80.1;80.1;80.10Z;2022-03-18;;Tassin-la-Demi-Lune;Rhône;Auvergne-Rhône-Alpes;(45.764608, 4.83641);Lyon;Rhône;Auvergne-Rhône-Alpes;;;;;;;;
False;;;;True;False;attribue;{'StreetName': None, 'AdditionalStreetName': None, 'CityName': 'LISSIEU', 'PostalZone': '69380', 'Country': 'FRA'};977918200;True;BYBLOS EVENTS SECURITY;BYBLOS EVENTS SECURITY;2026-10-03;{'StreetName': 'Place de la Bourse', 'AdditionalStreetName': None, 'CityName': 'Lyon', 'PostalZone': '69002', 'Country': 'FRA'};130021702;True;CHAMBRE DE COMMERCE ET D'INDUSTRIE LYON METROPOLE-SAINT-ETIENNE ROANNE;PRESTATIONS DE GARDIENNAGE, SECURITE EVENEMENTIELLE, SECURITE INCENDIE ET TELESURVEILLANCE POUR LE GROUPEMENT DE COMMANDE : CCI LYON METROPOLE SAINT-ETIENNE ROANNE ET DU GROUPE 1862;;2026-10-01+02:00;services;"['1-Prix des prestations', '2-Valeur technique', ""3-Délais d'intervention"", '4- Développement durable']";['prix', 'technique', 'delai', 'environnemental'];[35.0, 45.0, 10.0, 10.0];1440.0;True;;False;{'StreetName': None, 'CityName': None, 'PostalZone': None, 'NUTS': 'FRK25', 'Country': 'FRA'};sans remise en concurrence;;26-94913;;61677.0;;LOT-0003;79713000;1614400.0;8;3.0;;PRESTATIONS DE GARDIENNAGE, SECURITE EVENEMENTIELLE, SECURITE INCENDIE ET TELESURVEILLANCE POUR LE GROUPEMENT DE COMMANDE : CCI LYON METROPOLE SAINT-ETIENNE ROANNE ET DU GROUPE 1862;ouverte;26LM04MP;3.0;;;False;False;False;1614400.0;7381.0;Organisme consulaire ;20  à  49;False;2016-01-01;94.11Z;2008;5710.0;SAS, société par actions simplifiée;1  ou  2;False;<NA>;2008;N;80;80.1;80.1;80.10Z;2023-07-19;;Lissieu;Rhône;Auvergne-Rhône-Alpes;(45.764608, 4.83641);Lyon;Rhône;Auvergne-Rhône-Alpes;;;;;;;;
False;;;;True;False;attribue;{'StreetName': None, 'AdditionalStreetName': None, 'CityName': 'Roanne', 'PostalZone': '42300', 'Country': 'FRA'};488139411;True;AGENCE D'INTERVENTION ET DE SECURITE;AGENCE D'INTERVENTION ET DE SECURITE;2026-10-03;{'StreetName': 'Place de la Bourse', 'AdditionalStreetName': None, 'CityName': 'Lyon', 'PostalZone': '69002', 'Country': 'FRA'};130021702;True;CHAMBRE DE COMMERCE ET D'INDUSTRIE LYON METROPOLE-SAINT-ETIENNE ROANNE;PRESTATIONS DE GARDIENNAGE, SECURITE EVENEMENTIELLE, SECURITE INCENDIE ET TELESURVEILLANCE POUR LE GROUPEMENT DE COMMANDE : CCI LYON METROPOLE SAINT-ETIENNE ROANNE ET DU GROUPE 1862;;2026-10-01+02:00;services;"['1-Prix des prestations', '2-Valeur technique', ""3-Délais d'intervention"", '4- Développement durable']";['prix', 'technique', 'delai', 'environnemental'];[35.0, 45.0, 10.0, 10.0];1440.0;True;;False;{'StreetName': None, 'CityName': None, 'PostalZone': None, 'NUTS': 'FRK25', 'Country': 'FRA'};sans remise en concurrence;;26-94913;;25224.0;;LOT-0004;79713000;1614400.0;8;2.0;;PRESTATIONS DE GARDIENNAGE, SECURITE EVENEMENTIELLE, SECURITE INCENDIE ET TELESURVEILLANCE POUR LE GROUPEMENT DE COMMANDE : CCI LYON METROPOLE SAINT-ETIENNE ROANNE ET DU GROUPE 1862;ouverte;26LM04MP;3.0;;;False;False;False;1614400.0;7381.0;Organisme consulaire ;20  à  49;False;2016-01-01;94.11Z;2008;5710.0;SAS, société par actions simplifiée;20  à  49;False;<NA>;2008;N;80;80.1;80.1;80.10Z;2006-01-19;;Roanne;Loire;Auvergne-Rhône-Alpes;(45.764608, 4.83641);Lyon;Rhône;Auvergne-Rhône-Alpes;;;;;;;;
False;;;;True;False;attribue;{'StreetName': None, 'AdditionalStreetName': None, 'CityName': 'Venissieux', 'PostalZone': '69200', 'Country': 'FRA'};483281564;True;ABSCISSE SECURITE PRIVEE;ABSCISSE SECURITE PRIVEE;2026-10-03;{'StreetName': 'Place de la Bourse', 'AdditionalStreetName': None, 'CityName': 'Lyon', 'PostalZone': '69002', 'Country': 'FRA'};130021702;True;CHAMBRE DE COMMERCE ET D'INDUSTRIE LYON METROPOLE-SAINT-ETIENNE ROANNE;PRESTATIONS DE GARDIENNAGE, SECURITE EVENEMENTIELLE, SECURITE INCENDIE ET TELESURVEILLANCE POUR LE GROUPEMENT DE COMMANDE : CCI LYON METROPOLE SAINT-ETIENNE ROANNE ET DU GROUPE 1862;;2026-10-01+02:00;services;"['1-Prix des prestations', '2-Valeur technique', ""3-Délais d'intervention"", '4- Développement durable']";['prix', 'technique', 'delai', 'environnemental'];[35.0, 45.0, 10.0, 10.0];1440.0;True;;False;{'StreetName': None, 'CityName': None, 'PostalZone': None, 'NUTS': 'FRK25', 'Country': 'FRA'};sans remise en concurrence;;26-94913;;188221.0;;LOT-0005;79713000;1614400.0;8;3.0;;PRESTATIONS DE GARDIENNAGE, SECURITE EVENEMENTIELLE, SECURITE INCENDIE ET TELESURVEILLANCE POUR LE GROUPEMENT DE COMMANDE : CCI LYON METROPOLE SAINT-ETIENNE ROANNE ET DU GROUPE 1862;ouverte;26LM04MP;3.0;;;False;False;False;1614400.0;7381.0;Organisme consulaire ;20  à  49;False;2016-01-01;94.11Z;2008;5710.0;SAS, société par actions simplifiée;100  à  199;False;<NA>;2008;N;80;80.1;80.1;80.10Z;2005-07-11;;Vénissieux;Rhône;Auvergne-Rhône-Alpes;(45.764608, 4.83641);Lyon;Rhône;Auvergne-Rhône-Alpes;;;;;;;;
False;;;;True;False;non attribue;;;False;;;2026-10-03;{'StreetName': 'Place de la Bourse', 'AdditionalStreetName': None, 'CityName': 'Lyon', 'PostalZone': '69002', 'Country': 'FRA'};130021702;True;CHAMBRE DE COMMERCE ET D'INDUSTRIE LYON METROPOLE-SAINT-ETIENNE ROANNE;PRESTATIONS DE GARDIENNAGE, SECURITE EVENEMENTIELLE, SECURITE INCENDIE ET TELESURVEILLANCE POUR LE GROUPEMENT DE COMMANDE : CCI LYON METROPOLE SAINT-ETIENNE ROANNE ET DU GROUPE 1862;;2026-10-01+02:00;services;['1-Prix des prestations', '2-Valeur technique', '3-Délais', '4- Développement durable'];['prix', 'technique', 'delai', 'environnemental'];[40.0, 40.0, 10.0, 10.0];1440.0;True;;False;{'StreetName': None, 'CityName': None, 'PostalZone': None, 'NUTS': 'FRK25', 'Country': 'FRA'};sans remise en concurrence;;26-94913;;;;LOT-0006;79714000;1614400.0;8;0.0;;PRESTATIONS DE GARDIENNAGE, SECURITE EVENEMENTIELLE, SECURITE INCENDIE ET TELESURVEILLANCE POUR LE GROUPEMENT DE COMMANDE : CCI LYON METROPOLE SAINT-ETIENNE ROANNE ET DU GROUPE 1862;ouverte;26LM04MP;3.0;;;False;False;False;1614400.0;7381.0;Organisme consulaire ;20  à  49;False;2016-01-01;94.11Z;2008;;;;;;<NA>;;;;;<NA>;<NA>;;;;;(45.764608, 4.83641);Lyon;Rhône;Auvergne-Rhône-Alpes;;;;;;;;
False;;;;True;False;attribue;{'StreetName': None, 'AdditionalStreetName': None, 'CityName': 'Venissieux', 'PostalZone': '69200', 'Country': 'FRA'};483281564;True;ABSCISSE SECURITE PRIVEE;ABSCISSE SECURITE PRIVEE;2026-10-03;{'StreetName': 'Place de la Bourse', 'AdditionalStreetName': None, 'CityName': 'Lyon', 'PostalZone': '69002', 'Country': 'FRA'};130021702;True;CHAMBRE DE COMMERCE ET D'INDUSTRIE LYON METROPOLE-SAINT-ETIENNE ROANNE;PRESTATIONS DE GARDIENNAGE, SECURITE EVENEMENTIELLE, SECURITE INCENDIE ET TELESURVEILLANCE POUR LE GROUPEMENT DE COMMANDE : CCI LYON METROPOLE SAINT-ETIENNE ROANNE ET DU GROUPE 1862;;2026-10-01+02:00;services;['1-Prix des prestations', '2-Valeur technique', '3-Délais', '4- Développement durable'];['prix', 'technique', 'delai', 'environnemental'];[40.0, 40.0, 10.0, 10.0];1440.0;True;;False;{'StreetName': None, 'CityName': None, 'PostalZone': None, 'NUTS': 'FRK26', 'Country': 'FRA'};sans remise en concurrence;;26-94913;;5376.0;;LOT-0007;79714000;1614400.0;8;2.0;;PRESTATIONS DE GARDIENNAGE, SECURITE EVENEMENTIELLE, SECURITE INCENDIE ET TELESURVEILLANCE POUR LE GROUPEMENT DE COMMANDE : CCI LYON METROPOLE SAINT-ETIENNE ROANNE ET DU GROUPE 1862;ouverte;26LM04MP;3.0;;;False;False;False;1614400.0;7381.0;Organisme consulaire ;20  à  49;False;2016-01-01;94.11Z;2008;5710.0;SAS, société par actions simplifiée;100  à  199;False;<NA>;2008;N;80;80.1;80.1;80.10Z;2005-07-11;;Vénissieux;Rhône;Auvergne-Rhône-Alpes;(45.764608, 4.83641);Lyon;Rhône;Auvergne-Rhône-Alpes;;;;;;;;
False;;;;True;False;attribue;{'StreetName': None, 'AdditionalStreetName': None, 'CityName': 'Venissieux', 'PostalZone': '69200', 'Country': 'FRA'};483281564;True;ABSCISSE SECURITE PRIVEE;ABSCISSE SECURITE PRIVEE;2026-10-03;{'StreetName': 'Place de la Bourse', 'AdditionalStreetName': None, 'CityName': 'Lyon', 'PostalZone': '69002', 'Country': 'FRA'};130021702;True;CHAMBRE DE COMMERCE ET D'INDUSTRIE LYON METROPOLE-SAINT-ETIENNE ROANNE;PRESTATIONS DE GARDIENNAGE, SECURITE EVENEMENTIELLE, SECURITE INCENDIE ET TELESURVEILLANCE POUR LE GROUPEMENT DE COMMANDE : CCI LYON METROPOLE SAINT-ETIENNE ROANNE ET DU GROUPE 1862;;2026-10-01+02:00;services;['1-Prix des prestations', '2-Valeur technique', '3-Délais', '4- Développement durable'];['prix', 'technique', 'delai', 'environnemental'];[40.0, 40.0, 10.0, 10.0];1440.0;True;;False;{'StreetName': None, 'CityName': None, 'PostalZone': None, 'NUTS': 'FRK26', 'Country': 'FRA'};sans remise en concurrence;;26-94913;;47040.0;;LOT-0008;79714000;1614400.0;8;1.0;;PRESTATIONS DE GARDIENNAGE, SECURITE EVENEMENTIELLE, SECURITE INCENDIE ET TELESURVEILLANCE POUR LE GROUPEMENT DE COMMANDE : CCI LYON METROPOLE SAINT-ETIENNE ROANNE ET DU GROUPE 1862;ouverte;26LM04MP;3.0;;;False;False;False;1614400.0;7381.0;Organisme consulaire ;20  à  49;False;2016-01-01;94.11Z;2008;5710.0;SAS, société par actions simplifiée;100  à  199;False;<NA>;2008;N;80;80.1;80.1;80.10Z;2005-07-11;;Vénissieux;Rhône;Auvergne-Rhône-Alpes;(45.764608, 4.83641);Lyon;Rhône;Auvergne-Rhône-Alpes;;;;;;;;
False;['38424000', '50410000', '72267000'];;True;False;False;attribue;;;False;;;2026-10-03;{'StreetName': '216, chemin de la Serpoyère', 'AdditionalStreetName': None, 'CityName': 'BOURG-EN-BRESSE Cedex', 'PostalZone': '01004', 'Country': 'FRA'};250102365;True;SYNDICAT MIXTE  TRAITEMENT DES DECHETS MENAGERS ET ASSIMILES-ORGANOM;ORGANOM, syndicat de traitement et de valorisation des déchets ménagers;;;services;[];[];;2160.0;True;578500.0;False;{'StreetName': '216, chemin de la Serpoyère', 'CityName': 'BOURG-EN-BRESSE Cedex', 'PostalZone': '01004', 'NUTS': 'FRK21', 'Country': 'FRA'};;;26-94979;;554713.0;578500.0;LOT-0001;63712500;;1;2.0;;Fourniture, maintenance et vérification de ponts-bascules, de leurs équipements et d'un logiciel de pesage.;negociee;202604000;;;;False;False;False;554713.0;7354.0;Syndicat mixte fermé ;20  à  49;<NA>;2002-03-18;38.21Z;2008;;;;;;<NA>;;;;;<NA>;<NA>;;;;;(46.223765, 5.258264);Bourg-en-Bresse;Ain;Auvergne-Rhône-Alpes;;;;;;;;
False;['85310000'];;True;False;False;attribue;{'StreetName': '9 Bd Louise Michel', 'AdditionalStreetName': None, 'CityName': 'Gennevilliers', 'PostalZone': '92230', 'Country': 'FRA'};642044366;False;UP COOP;UP COOP;2026-10-03;{'StreetName': 'Place de la Nation', 'AdditionalStreetName': None, 'CityName': 'Vaulx-en-Velin', 'PostalZone': '69120', 'Country': 'FRA'};266910256;False;CENTRE COMMUNAL D'ACTION SOCIALE;CCAS de Vaulx en Velin;;2026-04-14+02:00;fournitures;['Prix', 'Valeur technique appréciée au regard du mémoire technique'];['prix', 'technique'];[40.0, 60.0];1440.0;False;66667.0;False;;sans remise en concurrence;;26-94883;;518400.0;;LOT-0000;22440000;518400.0;1;2.0;;Emission et fournitures de Chèques d'Accompagnement Personnalisé pour le compte du CCAS de Vaulx-en-Velin;ouverte;2026A01;3.0;;;False;False;False;518400.0;7361.0;Centre communal d'action sociale ;100  à  199;<NA>;1982-01-01;88.99B;2008;5558.0;SA coopérative de production  (SCOP) à conseil d'administration;500  à  999;True;<NA>;2008;K;66;66.1;66.19;66.19B;1964-01-01;(48.922035, 2.318599);Gennevilliers;Hauts-de-Seine;Île-de-France;(45.778049, 4.921221);Vaulx-en-Velin;Rhône;Auvergne-Rhône-Alpes;;;;;;;;
False;;;False;True;False;attribue;{'StreetName': None, 'AdditionalStreetName': None, 'CityName': 'CLAMART', 'PostalZone': '92140', 'Country': 'FRA'};495120883;True;ONDELIA;ONDELIA SAS;2026-10-03;{'StreetName': 'Place du 11 Novembre 1918', 'AdditionalStreetName': None, 'CityName': 'Clichy sous bois', 'PostalZone': '93390', 'Country': 'FRA'};219300142;True;COMMUNE DE CLICHY-SOUS-BOIS;Mairie de Clichy-sous-Bois;;2026-09-25+02:00;fournitures;"['- Prix des prestations apprécié au regard du DQE : 40 Points\n- Remise consentie par le titulaire pour les catalogues : 20 Points', ""- Performance environnementale et Valeur sociale : 15 Points\n- Niveau de performance technique des équipements proposés : 15 Points\n- Réactivité de l'entreprise, délais : 10 Points""]";['prix', 'environnemental & social'];[60.0, 40.0];360.0;True;0.0;False;{'StreetName': None, 'CityName': 'Seine-Saint-Denis', 'PostalZone': None, 'NUTS': 'FR106', 'Country': 'FRA'};sans remise en concurrence;;26-95059;;;504000.0;LOT-0001;34928400;824000.0;2;4.0;;FOURNITURE DE MOBILIER URBAIN;ouverte;2026-04;3.0;;;False;False;False;;7210.0;Commune et commune nouvelle ;1 000  à  1 999;False;1980-01-01;84.11Z;2008;5710.0;SAS, société par actions simplifiée;3  à  5;False;<NA>;2008;G;46;46.9;46.9;46.90Z;2007-03-30;;Péaule;Morbihan;Bretagne;(48.911428, 2.546152);Clichy-sous-Bois;Seine-Saint-Denis;Île-de-France;;;;;;;;
False;;;False;True;False;attribue;{'StreetName': None, 'AdditionalStreetName': None, 'CityName': 'ST HERBLAIN', 'PostalZone': '44800', 'Country': 'FRA'};409065984;True;KELIAS;KELIAS SAS;2026-10-03;{'StreetName': 'Place du 11 Novembre 1918', 'AdditionalStreetName': None, 'CityName': 'Clichy sous bois', 'PostalZone': '93390', 'Country': 'FRA'};219300142;True;COMMUNE DE CLICHY-SOUS-BOIS;Mairie de Clichy-sous-Bois;;2026-09-07+02:00;fournitures;"['- Prix des prestations apprécié au regard du DQE : 40 Points\n- Remise consentie par le titulaire pour les catalogues : 20 Points', ""- Performance environnementale et valeur sociale: 15 Points\n- Réactivité de l'entreprise, délais : 10 Points\n- Niveau de performance technique des équipements proposés: 15 Points""]";['prix', 'environnemental & social'];[60.0, 40.0];360.0;True;0.0;False;{'StreetName': None, 'CityName': 'Clichy-sous-Bois', 'PostalZone': None, 'NUTS': 'FR106', 'Country': 'FRA'};sans remise en concurrence;;26-95059;;;320000.0;LOT-0002;34992200;824000.0;2;5.0;;FOURNITURE DE MOBILIER URBAIN;ouverte;2026-04;3.0;;;False;False;False;;7210.0;Commune et commune nouvelle ;1 000  à  1 999;False;1980-01-01;84.11Z;2008;5710.0;SAS, société par actions simplifiée;250  à  499;False;<NA>;2008;C;25;25.9;25.99;25.99B;1996-09-26;;Saint-Herblain;Loire-Atlantique;Pays de la Loire;(48.911428, 2.546152);Clichy-sous-Bois;Seine-Saint-Denis;Île-de-France;;;;;;;;
False;;;True;False;False;attribue;{'StreetName': '50 rue de Paradis', 'AdditionalStreetName': None, 'CityName': 'Paris', 'PostalZone': '75010', 'Country': 'FRA'};322441627;True;LEO MINOR;LEO MINOR;2026-10-03;{'StreetName': '11 rue de Groussay', 'AdditionalStreetName': 'Quartier Estienne', 'CityName': 'Rambouillet', 'PostalZone': '78120', 'Country': 'FRA'};130023450;True;;PFC RBT;;2026-09-15+02:00;fournitures;['La qualité est appréciée au vu des échantillons fournis, en fonction du respect des caractéristiques mentionnées dans les documents techniques annexés au CCTP.', 'L’offre est calculée au regard des prix unitaires hors taxe en euros proposés par le candidat.', 'Les considérations sociales et environnementales mises en oeuvre par le candidat seront jugées sur la base du dossier déposé par candidat.'];['qualite', 'prix', 'environnemental & social'];[50.0, 35.0, 15.0];1440.0;False;;False;{'StreetName': '11 rue de Groussay', 'CityName': 'Rambouillet', 'PostalZone': '78513', 'NUTS': 'FR103', 'Country': 'FRA'};sans remise en concurrence;;26-94962;;;240000.0;LOT-0001;35113460;240000.0;1;9.0;;Mi-bas et chaussettes spécialisés;ouverte;DAF_2025_001179;;;;False;False;False;;;;;;<NA>;<NA>;<NA>;5710.0;SAS, société par actions simplifiée;20  à  49;<NA>;False;2008;C;14;14.1;14.13;14.13Z;1981-08-01;(48.875618, 2.349542);Paris;Paris;Île-de-France;(48.653264, 1.819499);Rambouillet;Yvelines;Île-de-France;;;;;;;;
False;['71250000', '71200000'];;;False;False;attribue;;;False;;;2026-10-03;{'StreetName': '15 Avenue Pierre Mendes France', 'AdditionalStreetName': None, 'CityName': 'CAEN', 'PostalZone': '14018', 'Country': 'FRA'};352823611;True;SOCIETE HEROUVILLAISE D'ECONOMIE MIXTE POUR L'AMENAGEMENT;SHEMA;;;services;[];[];;;False;;True;{'StreetName': '825, route de Valmont', 'CityName': 'Fécamp', 'PostalZone': '76400', 'NUTS': 'FRD22', 'Country': 'FRA'};;;26-94915;;;;LOT-0001;71000000;;1;3.0;;Concours restreint de maîtrise d'oeuvre pour la réalisation d'une maison de santé et de bureaux administratifs en R+1 à Fécamp.;restreinte;Concours de maîtrise d'oeuvre pour la réalisation d'une maison de santé et de bureaux administratifs en R+1 à Fécamp.;;;;False;False;False;;5515.0;SA d'économie mixte à conseil d'administration ;50  à  99;False;1989-12-08;71.11Z;2008;;;;;;<NA>;;;;;<NA>;<NA>;;;;;(49.177586, -0.349372);Caen;Calvados;Normandie;;;;;;;;
False;['34928400', '45233293'];;;False;False;attribue;{'StreetName': '17 Rue Soyer', 'AdditionalStreetName': None, 'CityName': 'Neuilly-Sur-Seine', 'PostalZone': '92200', 'Country': 'FRA'};622044501;False;JCDECAUX FRANCE;JCDECAUX FRANCE;2026-10-03;{'StreetName': '1 rue Eugène-Hénaff', 'AdditionalStreetName': None, 'CityName': 'Trappes', 'PostalZone': '78192', 'Country': 'FRA'};200058782;False;SAINT QUENTIN EN YVELINES;Saint-Quentin-en-Yvelines - Communauté d'agglomération;;2026-05-19+02:00;services;"[""Valeur technique de l'offre"", 'Valeur financière']";['technique', 'prix'];[80.0, 20.0];6120.0;True;19500000.0;False;;;;26-94882;;19500000.0;;LOT-0000;79341200;;1;1.0;;Concession de service pour la mise à disposition, installation, entretien, maintenance et exploitation des mobiliers urbains publicitaires et non publicitaires;;25AS-MP-1811-G;;;;False;True;False;19500000.0;7348.0;Communauté d'agglomération ;500  à  999;<NA>;2016-01-01;84.11Z;2008;5710.0;SAS, société par actions simplifiée;2 000  à  4 999;False;<NA>;2008;M;73;73.1;73.12;73.12Z;1984-07-01;(48.888251, 2.26057);Neuilly-sur-Seine;Hauts-de-Seine;Île-de-France;(48.769228, 2.004673);Trappes;Yvelines;Île-de-France;;;;;;;;
False;;;True;True;False;attribue;{'StreetName': '16 RUE FRANCOIS ORY', 'AdditionalStreetName': None, 'CityName': 'MONROUGE', 'PostalZone': '92120', 'Country': 'FRA'};393365135;True;EDENRED FRANCE;EDENRED;2026-10-03;{'StreetName': '6 rue Denis Papin - BP 325', 'AdditionalStreetName': None, 'CityName': 'CALAIS CEDEX', 'PostalZone': '62107', 'Country': 'FRA'};266201938;True;CENTRE COMMUNAL D'ACTION SOCIALE;CCAS de Calais;;;fournitures;['Prix de la prestation', 'Valeur technique jugée à partir du mémoire technique et des documents transmis (li'];['prix', 'technique'];[40.0, 60.0];1460.0;False;;False;{'StreetName': None, 'CityName': None, 'PostalZone': None, 'NUTS': 'FRE12', 'Country': 'FRA'};sans remise en concurrence;;26-94904;;;193800.0;LOT-0001;22440000;513100.0;2;1.0;;Fourniture de chèques d'accompagnement personnalisé et fournitures de chèques ou de cartes cadeau multi enseignes;ouverte;2026/A001/AS;;;;False;False;False;;7361.0;Centre communal d'action sociale ;250  à  499;False;1978-01-01;88.99B;2008;5710.0;SAS, société par actions simplifiée;500  à  999;False;<NA>;2008;K;66;66.1;66.19;66.19B;1993-12-20;(48.817783, 2.329017);Montrouge;Hauts-de-Seine;Île-de-France;;;;;;;;;;;;
False;;;True;True;False;attribue;{'StreetName': '3 rue neuve', 'AdditionalStreetName': None, 'CityName': 'CALAIS', 'PostalZone': '62100', 'Country': 'FRA'};812649226;True;SPL COMMERCE ET CENTRE URBAIN CALAIS;SPL Commerce et Centre Urbain Calais;2026-10-03;{'StreetName': '6 rue Denis Papin - BP 325', 'AdditionalStreetName': None, 'CityName': 'CALAIS CEDEX', 'PostalZone': '62107', 'Country': 'FRA'};266201938;True;CENTRE COMMUNAL D'ACTION SOCIALE;CCAS de Calais;;;fournitures;"['Prix de la prestation', 'La valeur technique sera jugée sur la base des éléments suivants : La liste des commerces de proximité affiliés sur Calais 25 % ; La personnalisation des chèques ou des cartes cadeau, dotée de la mention :"" Offert par - Nom et Titres du représentant légal du CCAS de CALAIS "" 15 % ; Le processus d\'acheminement de la commande et le délai de Livraison 10 % ; La qualité des échantillons 5% ; La relation client / Interlocuteur dédié et de proximité 5%']";['prix', 'delai'];[40.0, 60.0];1460.0;False;;False;{'StreetName': '6 RUE DENIS PAPIN', 'CityName': 'CALAIS', 'PostalZone': '62 100', 'NUTS': 'FRE12', 'Country': 'FRA'};sans remise en concurrence;;26-94904;;;319300.0;LOT-0002;22440000;513100.0;2;2.0;;Fourniture de chèques d'accompagnement personnalisé et fournitures de chèques ou de cartes cadeau multi enseignes;ouverte;2026/A001/AS;;;;False;False;False;;7361.0;Centre communal d'action sociale ;250  à  499;False;1978-01-01;88.99B;2008;5599.0;SA à conseil d'administration (s.a.i.);10  à  19;False;<NA>;2008;N;82;82.9;82.99;82.99Z;2015-06-25;(50.947936, 1.85467);Calais;Pas-de-Calais;Hauts-de-France;;;;;;;;;;;;
False;['09132100'];39.0;True;True;False;attribue;{'StreetName': '3 rue de verdun', 'AdditionalStreetName': None, 'CityName': 'miramas', 'PostalZone': '13140', 'Country': 'FRA'};352860639;True;T.D-DISTRIBUTION THEVENIN-DUCROT-DISTRIBUTION;td distribution;2026-10-03;{'StreetName': '24, allée de Vaugrenier – ZAC des Ferrières', 'AdditionalStreetName': None, 'CityName': 'Le Muy', 'PostalZone': '83490', 'Country': 'FRA'};288300403;True;SERVICE DEPARTEMENTAL D'INCENDIE ET DE SECOURS VAR;Service Départemental d'Incendie et de Secours du Var (SDIS du Var);2025-02-06;;fournitures;"[""Coût global de l'offre"", 'Disponibilité des points d’approvisionnement', 'Gestion du carburant par support magnétique ou à puce', 'Gestion du suivi de consommations par fichier informatique', 'Frais annexes (Commission, frais de facturation, frais de port sauf frais de gestion)']";['prix', 'qualite', 'qualite', 'qualite', 'qualite'];[70.0, 5.0, 15.0, 5.0, 5.0];1440.0;False;;False;{'StreetName': '24 allée de vaugrenier', 'CityName': 'LE MUY', 'PostalZone': '83490', 'NUTS': 'FRL05', 'Country': 'FRA'};sans remise en concurrence;;26-94930;25-13677;819.6;;LOT-0001;09134200;880000.0;10;4.0;;Carburants à la pompe destinés à approvisionner les véhicules du SDIS du Var;ouverte;PPP21E-107/6255/2621_01;3.0;;False;False;False;False;;7372.0;Service départemental d'incendie et de secours (SDIS);1 000  à  1 999;False;1984-07-16;84.25Z;2008;5710.0;SAS, société par actions simplifiée;250  à  499;False;False;2008;G;46;46.7;46.71;46.71Z;1989-01-01;(43.586198, 5.003378);Miramas;Bouches-du-Rhône;Provence-Alpes-Côte d'Azur;(43.476435, 6.535486);Le Muy;Var;Provence-Alpes-Côte d'Azur;;;;;;;;
False;['09132100'];39.0;True;True;False;attribue;{'StreetName': '16 rue François Ory', 'AdditionalStreetName': None, 'CityName': 'MONTROUGE', 'PostalZone': '92120', 'Country': 'FRA'};528249808;True;LA COMPAGNIE DES CARTES CARBURANT;LA COMPAGNIE DES CARTES CARBURANT;2026-10-03;{'StreetName': '24, allée de Vaugrenier – ZAC des Ferrières', 'AdditionalStreetName': None, 'CityName': 'Le Muy', 'PostalZone': '83490', 'Country': 'FRA'};288300403;True;SERVICE DEPARTEMENTAL D'INCENDIE ET DE SECOURS VAR;Service Départemental d'Incendie et de Secours du Var (SDIS du Var);2025-02-06;;fournitures;"[""Coût global de l'offre"", 'Disponibilité des points d’approvisionnement', 'Gestion du carburant par support magnétique ou à puce', 'Gestion du suivi de consommations par fichier informatique', 'Frais annexes (Commission, frais de facturation, frais de port sauf frais de gestion)']";['prix', 'qualite', 'qualite', 'qualite', 'qualite'];[70.0, 5.0, 15.0, 5.0, 5.0];1440.0;False;;False;{'StreetName': '24 allée de vaugrenier', 'CityName': 'LE MUY', 'PostalZone': '83490', 'NUTS': 'FRL05', 'Country': 'FRA'};sans remise en concurrence;;26-94930;25-13677;401.26;;LOT-0004;09134200;880000.0;10;2.0;;Carburants à la pompe destinés à approvisionner les véhicules du SDIS du Var;ouverte;PPP21E-107/6255/2621_01;3.0;;False;False;False;False;;7372.0;Service départemental d'incendie et de secours (SDIS);1 000  à  1 999;False;1984-07-16;84.25Z;2008;5710.0;SAS, société par actions simplifiée;50  à  99;False;<NA>;2008;G;46;46.1;46.12;46.12B;2010-11-01;(48.817783, 2.329017);Montrouge;Hauts-de-Seine;Île-de-France;(43.476435, 6.535486);Le Muy;Var;Provence-Alpes-Côte d'Azur;;;;;;;;
False;['09132100'];39.0;True;True;False;attribue;{'StreetName': '16 rue François Ory', 'AdditionalStreetName': None, 'CityName': 'MONTROUGE', 'PostalZone': '92120', 'Country': 'FRA'};528249808;True;LA COMPAGNIE DES CARTES CARBURANT;LA COMPAGNIE DES CARTES CARBURANT;2026-10-03;{'StreetName': '24, allée de Vaugrenier – ZAC des Ferrières', 'AdditionalStreetName': None, 'CityName': 'Le Muy', 'PostalZone': '83490', 'Country': 'FRA'};288300403;True;SERVICE DEPARTEMENTAL D'INCENDIE ET DE SECOURS VAR;Service Départemental d'Incendie et de Secours du Var (SDIS du Var);2025-02-06;;fournitures;"[""Coût global de l'offre"", 'Disponibilité des points d’approvisionnement', 'Gestion du carburant par support magnétique ou à puce', 'Gestion du suivi de consommations par fichier informatique', 'Frais annexes (Commission, frais de facturation, frais de port sauf frais de gestion)']";['prix', 'qualite', 'qualite', 'qualite', 'qualite'];[70.0, 5.0, 15.0, 5.0, 5.0];1440.0;False;;False;{'StreetName': '24 allée de vaugrenier', 'CityName': 'LE MUY', 'PostalZone': '83490', 'NUTS': 'FRL05', 'Country': 'FRA'};sans remise en concurrence;;26-94930;25-13677;807.8;;LOT-0005;09134200;880000.0;10;2.0;;Carburants à la pompe destinés à approvisionner les véhicules du SDIS du Var;ouverte;PPP21E-107/6255/2621_01;3.0;;False;False;False;False;;7372.0;Service départemental d'incendie et de secours (SDIS);1 000  à  1 999;False;1984-07-16;84.25Z;2008;5710.0;SAS, société par actions simplifiée;50  à  99;False;<NA>;2008;G;46;46.1;46.12;46.12B;2010-11-01;(48.817783, 2.329017);Montrouge;Hauts-de-Seine;Île-de-France;(43.476435, 6.535486);Le Muy;Var;Provence-Alpes-Côte d'Azur;;;;;;;;
False;['09132100'];39.0;True;True;False;attribue;{'StreetName': '562 AV DU PARC DE L ILE', 'AdditionalStreetName': None, 'CityName': 'NANTERRE', 'PostalZone': '92000', 'Country': 'FRA'};531680445;True;TOTALENERGIES MARKETING FRANCE;TOTALENERGIES MARKETING FRANCE;2026-10-03;{'StreetName': '24, allée de Vaugrenier – ZAC des Ferrières', 'AdditionalStreetName': None, 'CityName': 'Le Muy', 'PostalZone': '83490', 'Country': 'FRA'};288300403;True;SERVICE DEPARTEMENTAL D'INCENDIE ET DE SECOURS VAR;Service Départemental d'Incendie et de Secours du Var (SDIS du Var);2025-02-06;;fournitures;"[""Coût global de l'offre"", 'Disponibilité des points d’approvisionnement', 'Gestion du carburant par support magnétique ou à puce', 'Gestion du suivi de consommations par fichier informatique', 'Frais annexes (Commission, frais de facturation, frais de port sauf frais de gestion)']";['prix', 'qualite', 'qualite', 'qualite', 'qualite'];[70.0, 5.0, 15.0, 5.0, 5.0];1440.0;False;;False;{'StreetName': '24 allée de vaugrenier', 'CityName': 'LE MUY', 'PostalZone': '83490', 'NUTS': 'FRL05', 'Country': 'FRA'};sans remise en concurrence;;26-94930;25-13677;369.94;;LOT-0006;09134200;880000.0;10;3.0;;Carburants à la pompe destinés à approvisionner les véhicules du SDIS du Var;ouverte;PPP21E-107/6255/2621_01;3.0;;False;False;False;False;;7372.0;Service départemental d'incendie et de secours (SDIS);1 000  à  1 999;False;1984-07-16;84.25Z;2008;5710.0;SAS, société par actions simplifiée;1 000  à  1 999;False;False;2008;G;46;46.7;46.71;46.71Z;2011-03-25;(48.892339, 2.179071);Nanterre;Hauts-de-Seine;Île-de-France;(43.476435, 6.535486);Le Muy;Var;Provence-Alpes-Côte d'Azur;;;;;;;;
False;['09132100'];39.0;True;True;False;attribue;{'StreetName': '16 rue François Ory', 'AdditionalStreetName': None, 'CityName': 'MONTROUGE', 'PostalZone': '92120', 'Country': 'FRA'};528249808;True;LA COMPAGNIE DES CARTES CARBURANT;LA COMPAGNIE DES CARTES CARBURANT;2026-10-03;{'StreetName': '24, allée de Vaugrenier – ZAC des Ferrières', 'AdditionalStreetName': None, 'CityName': 'Le Muy', 'PostalZone': '83490', 'Country': 'FRA'};288300403;True;SERVICE DEPARTEMENTAL D'INCENDIE ET DE SECOURS VAR;Service Départemental d'Incendie et de Secours du Var (SDIS du Var);2025-02-06;;fournitures;"[""Coût global de l'offre"", 'Disponibilité des points d’approvisionnement', 'Gestion du carburant par support magnétique ou à puce', 'Gestion du suivi de consommations par fichier informatique', 'Frais annexes (Commission, frais de facturation, frais de port sauf frais de gestion)']";['prix', 'qualite', 'qualite', 'qualite', 'qualite'];[70.0, 5.0, 15.0, 5.0, 5.0];1440.0;False;;False;{'StreetName': '24 allée de vaugrenier', 'CityName': 'LE MUY', 'PostalZone': '83490', 'NUTS': 'FRL05', 'Country': 'FRA'};sans remise en concurrence;;26-94930;25-13677;306.44;;LOT-0007;09134200;880000.0;10;3.0;;Carburants à la pompe destinés à approvisionner les véhicules du SDIS du Var;ouverte;PPP21E-107/6255/2621_01;3.0;;False;False;False;False;;7372.0;Service départemental d'incendie et de secours (SDIS);1 000  à  1 999;False;1984-07-16;84.25Z;2008;5710.0;SAS, société par actions simplifiée;50  à  99;False;<NA>;2008;G;46;46.1;46.12;46.12B;2010-11-01;(48.817783, 2.329017);Montrouge;Hauts-de-Seine;Île-de-France;(43.476435, 6.535486);Le Muy;Var;Provence-Alpes-Côte d'Azur;;;;;;;;
False;['09132100'];39.0;True;True;False;attribue;{'StreetName': '562 AV DU PARC DE L ILE', 'AdditionalStreetName': None, 'CityName': 'NANTERRE', 'PostalZone': '92000', 'Country': 'FRA'};531680445;True;TOTALENERGIES MARKETING FRANCE;TOTALENERGIES MARKETING FRANCE;2026-10-03;{'StreetName': '24, allée de Vaugrenier – ZAC des Ferrières', 'AdditionalStreetName': None, 'CityName': 'Le Muy', 'PostalZone': '83490', 'Country': 'FRA'};288300403;True;SERVICE DEPARTEMENTAL D'INCENDIE ET DE SECOURS VAR;Service Départemental d'Incendie et de Secours du Var (SDIS du Var);2025-02-06;;fournitures;"[""Coût global de l'offre"", 'Disponibilité des points d’approvisionnement', 'Gestion du carburant par support magnétique ou à puce', 'Gestion du suivi de consommations par fichier informatique', 'Frais annexes (Commission, frais de facturation, frais de port sauf frais de gestion)']";['prix', 'qualite', 'qualite', 'qualite', 'qualite'];[70.0, 5.0, 15.0, 5.0, 5.0];1440.0;False;;False;{'StreetName': '24 allée de vaugrenier', 'CityName': 'LE MUY', 'PostalZone': '83490', 'NUTS': 'FRL05', 'Country': 'FRA'};sans remise en concurrence;;26-94930;25-13677;377.4;;LOT-0008;09134200;880000.0;10;2.0;;Carburants à la pompe destinés à approvisionner les véhicules du SDIS du Var;ouverte;PPP21E-107/6255/2621_01;3.0;;False;False;False;False;;7372.0;Service départemental d'incendie et de secours (SDIS);1 000  à  1 999;False;1984-07-16;84.25Z;2008;5710.0;SAS, société par actions simplifiée;1 000  à  1 999;False;False;2008;G;46;46.7;46.71;46.71Z;2011-03-25;(48.892339, 2.179071);Nanterre;Hauts-de-Seine;Île-de-France;(43.476435, 6.535486);Le Muy;Var;Provence-Alpes-Côte d'Azur;;;;;;;;
False;['09132100'];39.0;True;True;False;attribue;{'StreetName': '3 rue de verdun', 'AdditionalStreetName': None, 'CityName': 'miramas', 'PostalZone': '13140', 'Country': 'FRA'};352860639;True;T.D-DISTRIBUTION THEVENIN-DUCROT-DISTRIBUTION;td distribution;2026-10-03;{'StreetName': '24, allée de Vaugrenier – ZAC des Ferrières', 'AdditionalStreetName': None, 'CityName': 'Le Muy', 'PostalZone': '83490', 'Country': 'FRA'};288300403;True;SERVICE DEPARTEMENTAL D'INCENDIE ET DE SECOURS VAR;Service Départemental d'Incendie et de Secours du Var (SDIS du Var);2025-02-06;;fournitures;"[""Coût global de l'offre"", 'Disponibilité des points d’approvisionnement', 'Gestion du carburant par support magnétique ou à puce', 'Gestion du suivi de consommations par fichier informatique', 'Frais annexes (Commission, frais de facturation, frais de port sauf frais de gestion)']";['prix', 'qualite', 'qualite', 'qualite', 'qualite'];[70.0, 5.0, 15.0, 5.0, 5.0];1440.0;False;;False;{'StreetName': '24 allée de vaugrenier', 'CityName': 'LE MUY', 'PostalZone': '83490', 'NUTS': 'FRL05', 'Country': 'FRA'};sans remise en concurrence;;26-94930;25-13677;406.3;;LOT-0009;09134200;880000.0;10;3.0;;Carburants à la pompe destinés à approvisionner les véhicules du SDIS du Var;ouverte;PPP21E-107/6255/2621_01;3.0;;False;False;False;False;;7372.0;Service départemental d'incendie et de secours (SDIS);1 000  à  1 999;False;1984-07-16;84.25Z;2008;5710.0;SAS, société par actions simplifiée;250  à  499;False;False;2008;G;46;46.7;46.71;46.71Z;1989-01-01;(43.586198, 5.003378);Miramas;Bouches-du-Rhône;Provence-Alpes-Côte d'Azur;(43.476435, 6.535486);Le Muy;Var;Provence-Alpes-Côte d'Azur;;;;;;;;
False;['09132100'];39.0;True;True;False;en cours;;;False;;;2026-10-03;{'StreetName': '24, allée de Vaugrenier – ZAC des Ferrières', 'AdditionalStreetName': None, 'CityName': 'Le Muy', 'PostalZone': '83490', 'Country': 'FRA'};288300403;True;SERVICE DEPARTEMENTAL D'INCENDIE ET DE SECOURS VAR;Service Départemental d'Incendie et de Secours du Var (SDIS du Var);2025-02-06;;fournitures;"[""Coût global de l'offre"", 'Disponibilité des points d’approvisionnement', 'Gestion du carburant par support magnétique ou à puce', 'Gestion du suivi de consommations par fichier informatique', 'Frais annexes (Commission, frais de facturation, frais de port sauf frais de gestion)']";['prix', 'qualite', 'qualite', 'qualite', 'qualite'];[70.0, 5.0, 15.0, 5.0, 5.0];1440.0;False;;False;{'StreetName': '24 allée de vaugrenier', 'CityName': 'LE MUY', 'PostalZone': '83490', 'NUTS': 'FRL05', 'Country': 'FRA'};sans remise en concurrence;;26-94930;25-13677;;;LOT-0002;09134200;880000.0;10;;;Carburants à la pompe destinés à approvisionner les véhicules du SDIS du Var;ouverte;PPP21E-107/6255/2621_01;3.0;;False;False;False;False;;7372.0;Service départemental d'incendie et de secours (SDIS);1 000  à  1 999;False;1984-07-16;84.25Z;2008;;;;;;<NA>;;;;;<NA>;<NA>;;;;;(43.476435, 6.535486);Le Muy;Var;Provence-Alpes-Côte d'Azur;;;;;;;;
False;['09132100'];39.0;True;True;False;en cours;;;False;;;2026-10-03;{'StreetName': '24, allée de Vaugrenier – ZAC des Ferrières', 'AdditionalStreetName': None, 'CityName': 'Le Muy', 'PostalZone': '83490', 'Country': 'FRA'};288300403;True;SERVICE DEPARTEMENTAL D'INCENDIE ET DE SECOURS VAR;Service Départemental d'Incendie et de Secours du Var (SDIS du Var);2025-02-06;;fournitures;"[""Coût global de l'offre"", 'Disponibilité des points d’approvisionnement', 'Gestion du carburant par support magnétique ou à puce', 'Gestion du suivi de consommations par fichier informatique', 'Frais annexes (Commission, frais de facturation, frais de port sauf frais de gestion)']";['prix', 'qualite', 'qualite', 'qualite', 'qualite'];[70.0, 5.0, 15.0, 5.0, 5.0];1440.0;False;;False;{'StreetName': '24 allée de vaugrenier', 'CityName': 'LE MUY', 'PostalZone': '83490', 'NUTS': 'FRL05', 'Country': 'FRA'};sans remise en concurrence;;26-94930;25-13677;;;LOT-0003;09134200;880000.0;10;;;Carburants à la pompe destinés à approvisionner les véhicules du SDIS du Var;ouverte;PPP21E-107/6255/2621_01;3.0;;False;False;False;False;;7372.0;Service départemental d'incendie et de secours (SDIS);1 000  à  1 999;False;1984-07-16;84.25Z;2008;;;;;;<NA>;;;;;<NA>;<NA>;;;;;(43.476435, 6.535486);Le Muy;Var;Provence-Alpes-Côte d'Azur;;;;;;;;
False;['09132100'];39.0;True;True;False;en cours;;;False;;;2026-10-03;{'StreetName': '24, allée de Vaugrenier – ZAC des Ferrières', 'AdditionalStreetName': None, 'CityName': 'Le Muy', 'PostalZone': '83490', 'Country': 'FRA'};288300403;True;SERVICE DEPARTEMENTAL D'INCENDIE ET DE SECOURS VAR;Service Départemental d'Incendie et de Secours du Var (SDIS du Var);2025-02-06;;fournitures;"[""Coût global de l'offre"", 'Disponibilité des points d’approvisionnement', 'Gestion du carburant par support magnétique ou à puce', 'Gestion du suivi de consommations par fichier informatique', 'Frais annexes (Commission, frais de facturation, frais de port sauf frais de gestion)']";['prix', 'qualite', 'qualite', 'qualite', 'qualite'];[70.0, 5.0, 15.0, 5.0, 5.0];1440.0;False;;False;{'StreetName': '24 allée de vaugrenier', 'CityName': 'LE MUY', 'PostalZone': '83490', 'NUTS': 'FRL05', 'Country': 'FRA'};sans remise en concurrence;;26-94930;25-13677;;;LOT-0010;09134200;880000.0;10;;;Carburants à la pompe destinés à approvisionner les véhicules du SDIS du Var;ouverte;PPP21E-107/6255/2621_01;3.0;;False;False;False;False;;7372.0;Service départemental d'incendie et de secours (SDIS);1 000  à  1 999;False;1984-07-16;84.25Z;2008;;;;;;<NA>;;;;;<NA>;<NA>;;;;;(43.476435, 6.535486);Le Muy;Var;Provence-Alpes-Côte d'Azur;;;;;;;;
False;['72268000'];;True;False;False;attribue;{'StreetName': 'Rue Guglielmo Marconi', 'AdditionalStreetName': None, 'CityName': 'Saint-Herblain', 'PostalZone': '44800', 'Country': 'FRA'};399243922;False;HOROQUARTZ;HOROQUARTZ;2026-10-03;{'StreetName': '22 boulevard du Maréchal Juin', 'AdditionalStreetName': None, 'CityName': 'Toulouse', 'PostalZone': '31406', 'Country': 'FRA'};200053791;False;REGION OCCITANIE;Région Occitanie;;2026-09-01+02:00;services;"[""Valeur technique de l'offre"", ""Performances en matière de protection de l'environnement"", 'Prix']";['technique', 'environnemental', 'prix'];[55.0, 5.0, 40.0];1080.0;True;500000.0;False;;;;26-94955;;425067.0;;LOT-0000;72268000;;1;8.0;;ACQUISITION D'UNE SOLUTION DE GESTION DES EMPLOIS DU TEMPS ET DU TEMPS DE TRAVAIL DES AGENTS REGIONAUX DES LYCEES ET DES CREPS;ouverte;2026-TIC-0044;;;;False;True;False;425067.0;7230.0;Région ;5 000  à  9 999;False;2016-01-01;84.11Z;2008;5599.0;SA à conseil d'administration (s.a.i.);500  à  999;False;<NA>;2008;J;58;58.2;58.29;58.29C;1994-12-15;(47.227799, -1.619688);Saint-Herblain;Loire-Atlantique;Pays de la Loire;(43.5893, 1.440857);Toulouse;Haute-Garonne;Occitanie;;;;;;;;
False;;;True;True;False;attribue;{'StreetName': None, 'AdditionalStreetName': None, 'CityName': 'SOPHIA ANTIPOLIS', 'PostalZone': '06901', 'Country': 'FRA'};790184675;True;BUREAU VERITAS EXPLOITATION;BUREAU VERITAS EXPLOITATION;2026-10-03;{'StreetName': 'Département des Alpes-Maritimes - Centre administratif départemental\n(CADAM)', 'AdditionalStreetName': None, 'CityName': 'Nice', 'PostalZone': '06201', 'Country': 'FRA'};220600019;True;DEPARTEMENT DES ALPES MARITIMES;CD des A-M - Direction des Routes et des Infrastructures de Transport;;;services;"['Le Prix', ""SC 1 (4 pts) : Moyens humains dont les qualifications et méthodologie logistique.\nSC 2 (6 pts) : Descriptif de l'inspection périodique réalisée sur l'appareil concerné""]";['prix', 'social'];[60.0, 40.0];1440.0;False;;False;{'StreetName': None, 'CityName': None, 'PostalZone': None, 'NUTS': 'FRL03', 'Country': 'FRA'};sans remise en concurrence;;26-94918;;40000.0;40000.0;LOT-0001;71356100;430000.0;4;3.0;;Vérifications périodiques règlementaires des appareils et accessoires des véhicules et engins départementaux;ouverte;2025A0309;3.0;;;False;False;False;;7220.0;Département ;2 000  à  4 999;False;1982-09-30;84.11Z;2008;5710.0;SAS, société par actions simplifiée;2 000  à  4 999;False;<NA>;2008;M;71;71.2;71.2;71.20B;2012-12-20;;Hérouville-Saint-Clair;Calvados;Normandie;;;;;;;;;;;;
False;;;True;True;False;attribue;{'StreetName': None, 'AdditionalStreetName': None, 'CityName': 'BIOT', 'PostalZone': '06410', 'Country': 'FRA'};442848925;True;QUALICONSULT EXPLOITATION;QUALICONSULT EXPLOITATION;2026-10-03;{'StreetName': 'Département des Alpes-Maritimes - Centre administratif départemental\n(CADAM)', 'AdditionalStreetName': None, 'CityName': 'Nice', 'PostalZone': '06201', 'Country': 'FRA'};220600019;True;DEPARTEMENT DES ALPES MARITIMES;CD des A-M - Direction des Routes et des Infrastructures de Transport;;;services;"['Le Prix', ""SC 1 (4 pts) : Moyens humains dont les qualifications et méthodologie logistique.\nSC 2 (6 pts) : Descriptif de l'inspection périodique réalisée sur l'appareil concerné""]";['prix', 'social'];[60.0, 40.0];1440.0;False;;False;{'StreetName': None, 'CityName': None, 'PostalZone': None, 'NUTS': 'FRL03', 'Country': 'FRA'};sans remise en concurrence;;26-94918;;40000.0;40000.0;LOT-0002;71356100;430000.0;4;4.0;;Vérifications périodiques règlementaires des appareils et accessoires des véhicules et engins départementaux;ouverte;2025A0309;3.0;;;False;False;False;;7220.0;Département ;2 000  à  4 999;False;1982-09-30;84.11Z;2008;5710.0;SAS, société par actions simplifiée;250  à  499;False;<NA>;2008;M;71;71.2;71.2;71.20B;2002-07-01;;Biot;Alpes-Maritimes;Provence-Alpes-Côte d'Azur;;;;;;;;;;;;
False;;;True;True;False;attribue;{'StreetName': None, 'AdditionalStreetName': None, 'CityName': 'VALBONNE', 'PostalZone': '06560', 'Country': 'FRA'};834096695;True;SOCOTEC EQUIPEMENTS;SOCOTEC EQUIPEMENTS;2026-10-03;{'StreetName': 'Département des Alpes-Maritimes - Centre administratif départemental\n(CADAM)', 'AdditionalStreetName': None, 'CityName': 'Nice', 'PostalZone': '06201', 'Country': 'FRA'};220600019;True;DEPARTEMENT DES ALPES MARITIMES;CD des A-M - Direction des Routes et des Infrastructures de Transport;;;services;"['Le Prix', ""SC 1 (4 pts) : Moyens humains dont les qualifications et méthodologie logistique.\nSC 2 (6 pts) : Descriptif de l'inspection périodique réalisée sur l'appareil concerné""]";['prix', 'social'];[60.0, 40.0];1440.0;False;;False;{'StreetName': None, 'CityName': None, 'PostalZone': None, 'NUTS': 'FRL03', 'Country': 'FRA'};sans remise en concurrence;;26-94918;;46000.0;46000.0;LOT-0003;71356100;430000.0;4;4.0;;Vérifications périodiques règlementaires des appareils et accessoires des véhicules et engins départementaux;ouverte;2025A0309;3.0;;;False;False;False;;7220.0;Département ;2 000  à  4 999;False;1982-09-30;84.11Z;2008;5710.0;SAS, société par actions simplifiée;1 000  à  1 999;False;<NA>;2008;M;71;71.2;71.2;71.20B;2017-12-12;;Valbonne;Alpes-Maritimes;Provence-Alpes-Côte d'Azur;;;;;;;;;;;;
False;;;True;True;False;attribue;{'StreetName': None, 'AdditionalStreetName': None, 'CityName': 'SAINT-LAURENT DU VAR', 'PostalZone': '06700', 'Country': 'FRA'};984012245;True;PORATI BY GRASSE POIDS LOURDS;PORATI BY GRASSE POIDS LOURDS;2026-10-03;{'StreetName': 'Département des Alpes-Maritimes - Centre administratif départemental\n(CADAM)', 'AdditionalStreetName': None, 'CityName': 'Nice', 'PostalZone': '06201', 'Country': 'FRA'};220600019;True;DEPARTEMENT DES ALPES MARITIMES;CD des A-M - Direction des Routes et des Infrastructures de Transport;;;services;"['Le Prix', ""SC 1 (3 pts) : Moyens humains dont les qualifications et méthodologie logistique.\nSC 2 (3 pts) : Descriptif de l'inspection périodique réalisée sur l'appareil concerné.\nSC 3 (4 pts) : Le temps nécessaire aux véhicules pour rejoindre le ou les sites de contrôle proposés par le candidat""]";['prix', 'social'];[60.0, 40.0];1440.0;False;;False;{'StreetName': None, 'CityName': None, 'PostalZone': None, 'NUTS': 'FRL03', 'Country': 'FRA'};sans remise en concurrence;;26-94918;;304000.0;304000.0;LOT-0004;71356100;430000.0;4;1.0;;Vérifications périodiques règlementaires des appareils et accessoires des véhicules et engins départementaux;ouverte;2025A0309;3.0;;;False;False;False;;7220.0;Département ;2 000  à  4 999;False;1982-09-30;84.11Z;2008;5710.0;SAS, société par actions simplifiée;;False;<NA>;2008;G;45;45.2;45.2;45.20B;2024-01-26;;Saint-Laurent-du-Var;Alpes-Maritimes;Provence-Alpes-Côte d'Azur;;;;;;;;;;;;
False;['31700000', '45233280', '80500000'];;True;False;False;attribue;{'StreetName': 'ZI DU SALAISON 340 AVENUE DES BIGOS', 'AdditionalStreetName': None, 'CityName': 'VENDARGUES', 'PostalZone': '34740', 'Country': 'FRA'};582081782;True;AXIMUM;AXIMUM;2026-10-03;{'StreetName': 'Direction des Achats et Approvisionnements - Centre Bellevue - 1 Place Jean  Baumel', 'AdditionalStreetName': None, 'CityName': 'MONTPELLIER Cedex 5', 'PostalZone': '34295', 'Country': 'FRA'};263400160;True;CENTRE HOSPITALIER UNIVERSITAIRE DE MONTPELLIER;CHU DE MONTPELLIER;;;services;['Critère Prix : 60', 'Critère Valeur Technique de l’offre appréciée en fonction de la note méthodologique et organisationnelle fournie : 25 Démarche environnementale : gestion des pièces détachées défectueuses remplacées et reprises (élimination dans des filières déchets respectueuses de l’environnement, recyclage et/ou réutilisation) et dispositions pour limiter les émissions de CO2 liées au transport dans le cadre du marché : 10 Critère Aspect quantitatif de la démarche d’insertion sociale : proposition d’un nombre d’heures d’insertion sociale : 5'];['prix', 'environnemental & social'];;1460.0;True;;False;;sans remise en concurrence;;26-94912;;1200000.0;;LOT-0001;50710000;1200000.0;1;1.0;;FOURNITURE, POSE OU REMPLACEMENT DE BARRIERES AUTOMATIQUES, BORNES HYDRAULIQUES, ARCEAUX AUTOMATIQUES ET DES EQUIPEMENTS ANNEXES, FOURNITURE DE PIECES DETACHEES ASSOCIEES, MAINTENANCE ET FORMATION;ouverte;26A0025;2.0;;;True;False;False;1200000.0;7364.0;Établissement d'hospitalisation ;10 000  et plus ;<NA>;1982-11-10;86.10Z;2008;5710.0;SAS, société par actions simplifiée;1 000  à  1 999;False;<NA>;2008;F;42;42.1;42.11;42.11Z;1900-01-01;(43.653444, 3.957805);Vendargues;Hérault;Occitanie;(43.640731, 3.857867);Montpellier;Hérault;Occitanie;;;;;;;;
False;;;True;False;False;attribue;{'StreetName': None, 'AdditionalStreetName': None, 'CityName': '47 route des Acacias', 'PostalZone': '1211', 'Country': 'CHE'};107581596;True;;Groupement CITEC Ingénieurs conseils - RICHON Noémie Avocate et FCL Gérer la cité;2026-10-03;{'StreetName': '480 rue Gurley Drew', 'AdditionalStreetName': None, 'CityName': 'ARCHAMPS', 'PostalZone': '74160', 'Country': 'FRA'};200006450;True;GROUPEMENT LOCAL DE COOPERATION TRANSFRONTALIERE DES TRANSPORTS PUBLICS TRANSFRONTALIERS;GLCTtransports publics transfrontalier;;;services;['La valeur technique est appréciée sur la base de chacun des éléments demandés au mémoire technique :\n-\tAdéquation des moyens humains affectés à la réalisation des prestations (15 %) \n(Analyse des CV des intervenants en lien avec les missions et cohérence de la désignation des chefs de projet en fonction de leurs compétences).\n-\tCompréhension du contexte et de la prestation dans sa globalité et par territoire (15%) (analyse de la compréhension du contexte global de la mission avec fourniture d’exemples de rendu représentatif de l’ensemble de la mission au regard de l’opération – 3 exemples au minimum)\n-\tPertinence de la méthodologie et de l’organisation proposées pour la réalisation des prestations (30 %) (analyse de l’organigramme par phase et de la note méthodologique en cohérence avec la DPGF, analyse de la pertinence de l’affectation des ressources et des compétences dans les différentes étapes de réalisation de la mission au regard des DPGF et respect des délais).', 'L’analyse des prix de prestations portera :\n1)\tpour 35 % sur l’examen du prix global forfaitaire selon la formule ci-après :\n [(Prix du total DPGF du moins disant/prix du candidat) x 35] \n2)\tpour 5 % sur l’examen du prix du DQE selon la formule ci-après : \n [(Prix du total DQE moins disant/prix du candidat) x 5]'];['social', 'prix'];;720.0;False;160000.0;False;;;;26-95068;;160077.5;160000.0;LOT-0001;71241000;;1;7.0;;Mission d’Assistance à maîtrise d’ouvrage pour la redéfinition de l’offre de services des lignes urbaines transfrontalières et la passation des nouveaux contrats de transport à partir de décembre 2029;ouverte;2026-03;;;;False;False;False;160077.5;7355.0;Syndicat mixte ouvert;3  à  5;False;2006-12-04;49.39B;2008;;;;;;<NA>;;;;;<NA>;<NA>;;;;;(46.136397, 6.123389);Archamps;Haute-Savoie;Auvergne-Rhône-Alpes;;;;;;;;
False;;;True;True;False;non attribue;;;False;;;2026-10-03;{'StreetName': '6 rue du Nant', 'AdditionalStreetName': 'Meythet', 'CityName': 'Annecy', 'PostalZone': '74960', 'Country': 'FRA'};287410203;True;SCE DEPARTEMENTAL INCENDIE ET SECOURS;SDIS 74;;;fournitures;['Valeur technique', 'Prix', 'Valeur environnementale'];['technique', 'prix', 'environnemental'];[50.0, 40.0, 10.0];360.0;True;;False;{'StreetName': None, 'CityName': None, 'PostalZone': None, 'NUTS': 'FRK28', 'Country': 'FRA'};sans remise en concurrence;;26-95002;;;;LOT-0001;35110000;198000.0;3;2.0;;Acquisition de lances canon et de lances à main;ouverte;AO 3/2026;;;;False;False;False;;7372.0;Service départemental d'incendie et de secours (SDIS);500  à  999;False;1983-03-01;84.25Z;2008;;;;;;<NA>;;;;;<NA>;<NA>;;;;;(45.917715, 6.087574);Annecy;Haute-Savoie;Auvergne-Rhône-Alpes;;;;;;;;
False;;;True;True;False;attribue;{'StreetName': None, 'AdditionalStreetName': None, 'CityName': 'FONTAINE', 'PostalZone': '10200', 'Country': 'FRA'};542086178;True;R.PONS;R-PONS;2026-10-03;{'StreetName': '6 rue du Nant', 'AdditionalStreetName': 'Meythet', 'CityName': 'Annecy', 'PostalZone': '74960', 'Country': 'FRA'};287410203;True;SCE DEPARTEMENTAL INCENDIE ET SECOURS;SDIS 74;;;fournitures;['Valeur technique', 'Prix', 'Valeur environnementale'];['technique', 'prix', 'environnemental'];[50.0, 40.0, 10.0];360.0;True;;False;{'StreetName': None, 'CityName': None, 'PostalZone': None, 'NUTS': 'FRK28', 'Country': 'FRA'};sans remise en concurrence;;26-95002;;;;LOT-0002;35110000;198000.0;3;1.0;;Acquisition de lances canon et de lances à main;ouverte;AO 3/2026;;;;False;False;False;;7372.0;Service départemental d'incendie et de secours (SDIS);500  à  999;False;1983-03-01;84.25Z;2008;5710.0;SAS, société par actions simplifiée;50  à  99;False;<NA>;2008;C;28;28.1;28.14;28.14Z;1954-01-01;;Saint-Sulpice-sur-Risle;Orne;Normandie;(45.917715, 6.087574);Annecy;Haute-Savoie;Auvergne-Rhône-Alpes;;;;;;;;
False;;;True;True;False;attribue;{'StreetName': None, 'AdditionalStreetName': None, 'CityName': 'FONTAINE', 'PostalZone': '10200', 'Country': 'FRA'};542086178;True;R.PONS;R-PONS;2026-10-03;{'StreetName': '6 rue du Nant', 'AdditionalStreetName': 'Meythet', 'CityName': 'Annecy', 'PostalZone': '74960', 'Country': 'FRA'};287410203;True;SCE DEPARTEMENTAL INCENDIE ET SECOURS;SDIS 74;;;fournitures;['Valeur technique', 'Prix', 'Valeur environnementale'];['technique', 'prix', 'environnemental'];[50.0, 40.0, 10.0];360.0;True;;False;{'StreetName': None, 'CityName': None, 'PostalZone': None, 'NUTS': 'FRK28', 'Country': 'FRA'};sans remise en concurrence;;26-95002;;;;LOT-0003;35110000;198000.0;3;2.0;;Acquisition de lances canon et de lances à main;ouverte;AO 3/2026;;;;False;False;False;;7372.0;Service départemental d'incendie et de secours (SDIS);500  à  999;False;1983-03-01;84.25Z;2008;5710.0;SAS, société par actions simplifiée;50  à  99;False;<NA>;2008;C;28;28.1;28.14;28.14Z;1954-01-01;;Saint-Sulpice-sur-Risle;Orne;Normandie;(45.917715, 6.087574);Annecy;Haute-Savoie;Auvergne-Rhône-Alpes;;;;;;;;
False;['71631300'];;True;False;False;attribue;{'StreetName': '7 Rue de la Grande Terre-Zone Euro 2000', 'AdditionalStreetName': None, 'CityName': 'Caissargues', 'PostalZone': '30132', 'Country': 'FRA'};903869071;False;APAVE INFRASTRUCTURES ET CONSTRUCTION FRANCE;APAVE INFRASTRUCTURES ET CONSTRUCTION FRANCE;2026-10-03;{'StreetName': 'Rue Guillemette', 'AdditionalStreetName': None, 'CityName': 'Nîmes', 'PostalZone': '30044', 'Country': 'FRA'};223000019;False;DEPARTEMENT DU GARD;Conseil départemental du Gard;;2026-10-01+02:00;services;"[""Valeur technique de l'offre"", 'Prix des prestations']";['technique', 'prix'];[40.0, 60.0];360.0;True;;False;;sans remise en concurrence;;26-95053;;400000.0;;LOT-0000;71631300;400000.0;1;6.0;;Accord cadre à bons de commande Mission de Contrôle Technique dans l'ensemble des bâtiments et collèges départementaux;ouverte;26SIT005;3.0;;;False;True;False;400000.0;7220.0;Département ;2 000  à  4 999;False;1983-03-01;84.11Z;2008;5710.0;SAS, société par actions simplifiée;1 000  à  1 999;False;False;2008;M;71;71.2;71.2;71.20B;2021-09-28;(43.796645, 4.387054);Caissargues;Gard;Occitanie;(43.831655, 4.363295);Nîmes;Gard;Occitanie;;;;;;;;
False;;;True;False;False;attribue;{'StreetName': '5 rue de la Barberais', 'AdditionalStreetName': None, 'CityName': 'LE RHEU', 'PostalZone': '35650', 'Country': 'FRA'};739200715;True;SEMIOS;SEMIOS;2026-10-03;{'StreetName': '6 Avenue Edgar Degas - CS 62054 ', 'AdditionalStreetName': None, 'CityName': 'VANNES ', 'PostalZone': '56002', 'Country': 'FRA'};800383366;True;EQUIPEMENTS DU MORBIHAN;SPL EQUIPEMENT DU MORBIHAN;;;travaux;['Prix des prestations', 'Valeur technique'];['prix', 'technique'];[60.0, 40.0];1320.0;False;;False;{'StreetName': 'collège Saint-Exupéry', 'CityName': 'Vannes', 'PostalZone': '56000', 'NUTS': 'FRH04', 'Country': 'FRA'};;;26-94898;;64916.7;;LOT-0001;45316200;;1;1.0;1.0;"Marchés de travaux
pour la construction de l'externat du collège Saint-Exupéry et construction d'un complexe sportif à
VANNES (56) - Lot 23 "" Signalétique """;ouverte;SPM019 LOT 23 COLLEGE ST EXUPE;;;;False;False;False;64916.7;5599.0;SA à conseil d'administration (s.a.i.);1  ou  2;False;2014-02-07;71.12B;2008;5710.0;SAS, société par actions simplifiée;100  à  199;False;<NA>;2008;C;27;27.4;27.4;27.40Z;1973-01-01;(48.096103, -1.781289);Le Rheu;Ille-et-Vilaine;Bretagne;(47.673476, -2.76065);Vannes;Morbihan;Bretagne;;;;;;;;
False;;;True;False;False;attribue;{'StreetName': None, 'AdditionalStreetName': None, 'CityName': 'Couëron', 'PostalZone': '44220', 'Country': 'FRA'};538755513;True;GROSSERON;GROSSERON;2026-10-03;{'StreetName': '2, rue Pierre et Marie Curie', 'AdditionalStreetName': None, 'CityName': 'Bellignat', 'PostalZone': '01100', 'Country': 'FRA'};353969348;True;CENTRE TECHNIQUE INDUSTRIEL DE LA PLASTURGIE ET DES COMPOSITES;INNOVATION PLASTURGIE COMPOSITES;;2026-10-01+02:00;fournitures;['Technicité', 'Prix'];['qualite', 'prix'];;;False;;False;{'StreetName': None, 'CityName': None, 'PostalZone': None, 'NUTS': 'FRK14', 'Country': 'FRA'};;;26-94923;;8540.18;8540.18;LOT-0001;33191110;;1;8.0;;fourniture, livraison, installation et mise en service d'un autoclave vertical;ouverte;;;;;False;False;False;8540.18;8470.0;Centre technique industriel ou comité professionnel du développement économique ;100  à  199;False;1990-03-01;72.19Z;2008;5710.0;SAS, société par actions simplifiée;100  à  199;False;<NA>;2008;G;46;46.6;46.69;46.69B;2011-01-01;;Couëron;Loire-Atlantique;Pays de la Loire;(46.250446, 5.634505);Bellignat;Ain;Auvergne-Rhône-Alpes;;;;;;;;
False;;;True;True;False;attribue;{'StreetName': '21 avenue de la déportation BP 107', 'AdditionalStreetName': None, 'CityName': 'ROMANS SUR ISERE', 'PostalZone': '26100', 'Country': 'FRA'};502628001;True;E. P. I. SERVICES;EPI SERVICES;2026-10-03;{'StreetName': '22 D Boulevard Winston Churchill', 'AdditionalStreetName': None, 'CityName': 'DIJON', 'PostalZone': '21062', 'Country': 'FRA'};282100544;True;SCE DEPARTEMENTAL INCENDIE ET SECOURS;Service Départemental d'Incendie et de Secours de la Côte-d'Or (SDIS 21);;;services;['Prix', 'Valeur technique'];['prix', 'technique'];[55.0, 45.0];1170.0;False;;False;"{'StreetName': None, 'CityName': ""Côte-d'Or"", 'PostalZone': '21000', 'NUTS': 'FRC11', 'Country': 'FRA'}";sans remise en concurrence;;26-94892;;145027.14;;LOT-0001;98312000;280000.0;2;2.0;;Entretien des tenues de feux et d'effets des personnels et des sapeurs-pompiers du SDIS 21 - 2 lots;ouverte;PPP2AK-22/6200/2026E08;2.0;;;False;False;False;;7372.0;Service départemental d'incendie et de secours (SDIS);250  à  499;<NA>;1956-01-01;84.25Z;2008;5499.0;Société à responsabilité limitée (sans autre indication);20  à  49;False;<NA>;2008;S;96;96.0;96.01;96.01A;2008-03-01;(45.050795, 5.084793);Romans-sur-Isère;Drôme;Auvergne-Rhône-Alpes;(47.353768, 5.056529);Dijon;Côte-d'Or;Bourgogne-Franche-Comté;;;;;;;;
False;;;True;True;False;non attribue;;;False;;;2026-10-03;{'StreetName': '22 D Boulevard Winston Churchill', 'AdditionalStreetName': None, 'CityName': 'DIJON', 'PostalZone': '21062', 'Country': 'FRA'};282100544;True;SCE DEPARTEMENTAL INCENDIE ET SECOURS;Service Départemental d'Incendie et de Secours de la Côte-d'Or (SDIS 21);;;services;['Prix', 'Valeur technique'];['prix', 'technique'];[55.0, 45.0];1170.0;False;;False;"{'StreetName': None, 'CityName': ""Côte-d'Or"", 'PostalZone': '21000', 'NUTS': 'FRC11', 'Country': 'FRA'}";sans remise en concurrence;;26-94892;;;;LOT-0002;98312000;280000.0;2;0.0;;Entretien des tenues de feux et d'effets des personnels et des sapeurs-pompiers du SDIS 21 - 2 lots;ouverte;PPP2AK-22/6200/2026E08;2.0;;;False;False;False;;7372.0;Service départemental d'incendie et de secours (SDIS);250  à  499;<NA>;1956-01-01;84.25Z;2008;;;;;;<NA>;;;;;<NA>;<NA>;;;;;(47.353768, 5.056529);Dijon;Côte-d'Or;Bourgogne-Franche-Comté;;;;;;;;
False;;;True;True;False;attribue;{'StreetName': None, 'AdditionalStreetName': None, 'CityName': 'CHEVIGNY SAINT-SAUVEUR', 'PostalZone': '21800', 'Country': 'FRA'};403200256;True;QUALICONSULT SECURITE;QUALICONSULT SECURITE;2026-10-03;{'StreetName': None, 'AdditionalStreetName': None, 'CityName': 'DIJON', 'PostalZone': '21000', 'Country': 'FRA'};262100076;True;CENTRE HOSPITALIER UNIVERSITAIRE DE DIJON;CHU DIJON BOURGOGNE;;;services;"['Le prix a été analysé au regard du montant total en € HT du bordereau de simulation rempli par le candidat par application de la méthode de notation suivante : Note du candidat = (Proposition financière du moins-disant / proposition financière du candidat concerné) x la pondération (60 points).', 'La valeur technique de l’offre a été appréciée au regard des sous-critères suivants :\n• Cohérence de la méthodologie projetée et des livrables associés (20 points) ;\n• Pertinence des moyens humains mis en œuvre pour l’exécution du marché (structure, compétences, expérience) (15 points) ;\n• Pertinence des moyens techniques mis en œuvre pour l’exécution du marché (5 points).']";['technique', 'social'];[60.0, 20.0, 15.0, 5.0];;False;;False;{'StreetName': None, 'CityName': None, 'PostalZone': None, 'NUTS': 'FRC11', 'Country': 'FRA'};sans remise en concurrence;;26-94991;;;;LOT-0001;71317210;1000000.0;3;5.0;;Missions de coordination en matière de sécurité et de protection de la santé (CSPS) pour opérations de travaux (3 lots);ouverte;AO N°26067;;;;False;False;False;;7364.0;Établissement d'hospitalisation ;5 000  à  9 999;False;1978-01-01;86.10Z;2008;5710.0;SAS, société par actions simplifiée;250  à  499;False;False;2008;M;74;74.9;74.9;74.90B;1995-12-15;;Chevigny-Saint-Sauveur;Côte-d'Or;Bourgogne-Franche-Comté;;Dijon;Côte-d'Or;Bourgogne-Franche-Comté;;;;;;;;
False;;;True;True;False;attribue;{'StreetName': None, 'AdditionalStreetName': None, 'CityName': 'DIJON', 'PostalZone': '21000', 'Country': 'FRA'};834157513;True;SOCOTEC CONSTRUCTION;SOCOTEC;2026-10-03;{'StreetName': None, 'AdditionalStreetName': None, 'CityName': 'DIJON', 'PostalZone': '21000', 'Country': 'FRA'};262100076;True;CENTRE HOSPITALIER UNIVERSITAIRE DE DIJON;CHU DIJON BOURGOGNE;;;services;"['Le prix a été analysé au regard du montant total en € HT du bordereau de simulation rempli par le candidat par application de la méthode de notation suivante : Note du candidat = (Proposition financière du moins-disant / proposition financière du candidat concerné) x la pondération (60 points).', 'La valeur technique de l’offre a été appréciée au regard des sous-critères suivants :\n• Cohérence de la méthodologie projetée et des livrables associés (20 points) ;\n• Pertinence des moyens humains mis en œuvre pour l’exécution du marché (structure, compétences, expérience) (15 points) ;\n• Pertinence des moyens techniques mis en œuvre pour l’exécution du marché (5 points).']";['technique', 'social'];[60.0, 20.0, 15.0, 5.0];;False;;False;{'StreetName': None, 'CityName': None, 'PostalZone': None, 'NUTS': 'FRC11', 'Country': 'FRA'};sans remise en concurrence;;26-94991;;;;LOT-0002;71317210;1000000.0;3;5.0;;Missions de coordination en matière de sécurité et de protection de la santé (CSPS) pour opérations de travaux (3 lots);ouverte;AO N°26067;;;;False;False;False;;7364.0;Établissement d'hospitalisation ;5 000  à  9 999;False;1978-01-01;86.10Z;2008;5710.0;SAS, société par actions simplifiée;1 000  à  1 999;False;<NA>;2008;M;71;71.2;71.2;71.20B;2017-12-12;;Dijon;Côte-d'Or;Bourgogne-Franche-Comté;;Dijon;Côte-d'Or;Bourgogne-Franche-Comté;;;;;;;;
False;;;True;True;False;attribue;{'StreetName': None, 'AdditionalStreetName': None, 'CityName': 'CHEVIGNY SAINT-SAUVEUR', 'PostalZone': '21800', 'Country': 'FRA'};403200256;True;QUALICONSULT SECURITE;QUALICONSULT SECURITE;2026-10-03;{'StreetName': None, 'AdditionalStreetName': None, 'CityName': 'DIJON', 'PostalZone': '21000', 'Country': 'FRA'};262100076;True;CENTRE HOSPITALIER UNIVERSITAIRE DE DIJON;CHU DIJON BOURGOGNE;;;services;"['Le prix a été analysé au regard du montant total en € HT du bordereau de simulation rempli par le candidat par application de la méthode de notation suivante : Note du candidat = (Proposition financière du moins-disant / proposition financière du candidat concerné) x la pondération (60 points).', 'La valeur technique de l’offre a été appréciée au regard des sous-critères suivants :\n• Cohérence de la méthodologie projetée et des livrables associés (20 points) ;\n• Pertinence des moyens humains mis en œuvre pour l’exécution du marché (structure, compétences, expérience) (15 points) ;\n• Pertinence des moyens techniques mis en œuvre pour l’exécution du marché (5 points).']";['technique', 'social'];[60.0, 20.0, 15.0, 5.0];;False;;False;{'StreetName': None, 'CityName': None, 'PostalZone': None, 'NUTS': 'FRC11', 'Country': 'FRA'};sans remise en concurrence;;26-94991;;;;LOT-0003;71317210;1000000.0;3;6.0;;Missions de coordination en matière de sécurité et de protection de la santé (CSPS) pour opérations de travaux (3 lots);ouverte;AO N°26067;;;;False;False;False;;7364.0;Établissement d'hospitalisation ;5 000  à  9 999;False;1978-01-01;86.10Z;2008;5710.0;SAS, société par actions simplifiée;250  à  499;False;False;2008;M;74;74.9;74.9;74.90B;1995-12-15;;Chevigny-Saint-Sauveur;Côte-d'Or;Bourgogne-Franche-Comté;;Dijon;Côte-d'Or;Bourgogne-Franche-Comté;;;;;;;;
False;;;True;True;False;attribue;{'StreetName': '276, avenue du Président Wilson', 'AdditionalStreetName': None, 'CityName': 'ST DENIS LA PLAINE', 'PostalZone': '93211', 'Country': 'FRA'};304381379;True;SELECT T.T.;RANDSTAD;2026-10-03;{'StreetName': '59 rue de la Liberté', 'AdditionalStreetName': None, 'CityName': 'Avranches', 'PostalZone': '50303', 'Country': 'FRA'};265001651;True;HOPITAUX DU SUD MANCHE;Hôpitaux du Sud-Manche;;;services;[];[];;1440.0;False;0.0;False;{'StreetName': None, 'CityName': None, 'PostalZone': None, 'NUTS': 'FRD12', 'Country': 'FRA'};sans remise en concurrence;;26-94917;;;0.0;LOT-0001;79620000;1000000.0;2;4.0;;Mise à disposition de personnel intérimaire paramédical et prestation de mise en relation (intermédiation) pour les établissements du Groupe hospitalier Mont Saint Michel;ouverte;260021;;;;False;False;False;;7364.0;Établissement d'hospitalisation ;1 000  à  1 999;False;1992-01-01;86.10Z;2008;5710.0;SAS, société par actions simplifiée;1 000  à  1 999;False;False;2008;N;78;78.2;78.2;78.20Z;1975-01-01;(48.921599, 2.357853);Saint-Denis;Seine-Saint-Denis;Île-de-France;(48.692829, -1.351248);Avranches;Manche;Normandie;;;;;;;;
False;;;True;True;False;attribue;{'StreetName': '276, avenue du Président Wilson', 'AdditionalStreetName': None, 'CityName': 'ST DENIS LA PLAINE', 'PostalZone': '93211', 'Country': 'FRA'};304381379;True;SELECT T.T.;RANDSTAD;2026-10-03;{'StreetName': '59 rue de la Liberté', 'AdditionalStreetName': None, 'CityName': 'Avranches', 'PostalZone': '50303', 'Country': 'FRA'};265001651;True;HOPITAUX DU SUD MANCHE;Hôpitaux du Sud-Manche;;;services;['Le critère prix et sa pondération sont précisés dans le règlement de la consultation.', 'Le critère valeur technique et sa pondération sont précisés dans le règlement de la consultation.'];['prix', 'technique'];;1440.0;False;0.0;False;{'StreetName': None, 'CityName': None, 'PostalZone': None, 'NUTS': 'FRD12', 'Country': 'FRA'};sans remise en concurrence;;26-94917;;;;LOT-0002;79620000;1000000.0;2;3.0;;Mise à disposition de personnel intérimaire paramédical et prestation de mise en relation (intermédiation) pour les établissements du Groupe hospitalier Mont Saint Michel;ouverte;260021;;;;False;False;False;;7364.0;Établissement d'hospitalisation ;1 000  à  1 999;False;1992-01-01;86.10Z;2008;5710.0;SAS, société par actions simplifiée;1 000  à  1 999;False;False;2008;N;78;78.2;78.2;78.20Z;1975-01-01;(48.921599, 2.357853);Saint-Denis;Seine-Saint-Denis;Île-de-France;(48.692829, -1.351248);Avranches;Manche;Normandie;;;;;;;;
False;;;True;True;False;attribue;{'StreetName': 'Route de Paris', 'AdditionalStreetName': 'Zone industrielle', 'CityName': 'GRANVILLE', 'PostalZone': '50400', 'Country': 'FRA'};328276068;True;MANCHE AUTO;MANCHE AUTO;2026-10-03;{'StreetName': '59 rue de la Liberté', 'AdditionalStreetName': None, 'CityName': 'Avranches', 'PostalZone': '50303', 'Country': 'FRA'};265001651;True;HOPITAUX DU SUD MANCHE;Hôpitaux du Sud-Manche;;;services;[];[];;1440.0;True;0.0;False;{'StreetName': None, 'CityName': None, 'PostalZone': None, 'NUTS': None, 'Country': 'FRA'};sans remise en concurrence;;26-94909;;;0.0;LOT-0001;66114000;;4;1.0;;"LOCATION LONGUE DUREE DE VEHICULES DE SERVICE POUR LES ETABLISSEMENTS DU GROUPE HOSPITALIER
MONT SAINT MICHEL";ouverte;260063;;;;False;False;False;;7364.0;Établissement d'hospitalisation ;1 000  à  1 999;False;1992-01-01;86.10Z;2008;5710.0;SAS, société par actions simplifiée;20  à  49;False;<NA>;2008;G;45;45.1;45.11;45.11Z;1983-10-01;(48.841978, -1.565803);Granville;Manche;Normandie;(48.692829, -1.351248);Avranches;Manche;Normandie;;;;;;;;
False;;;True;True;False;attribue;{'StreetName': 'Route de Paris', 'AdditionalStreetName': 'Zone industrielle', 'CityName': 'GRANVILLE', 'PostalZone': '50400', 'Country': 'FRA'};328276068;True;MANCHE AUTO;MANCHE AUTO;2026-10-03;{'StreetName': '59 rue de la Liberté', 'AdditionalStreetName': None, 'CityName': 'Avranches', 'PostalZone': '50303', 'Country': 'FRA'};265001651;True;HOPITAUX DU SUD MANCHE;Hôpitaux du Sud-Manche;;;services;[];[];;1440.0;True;0.0;False;{'StreetName': None, 'CityName': None, 'PostalZone': None, 'NUTS': None, 'Country': 'FRA'};sans remise en concurrence;;26-94909;;;;LOT-0002;66114000;;4;1.0;;"LOCATION LONGUE DUREE DE VEHICULES DE SERVICE POUR LES ETABLISSEMENTS DU GROUPE HOSPITALIER
MONT SAINT MICHEL";ouverte;260063;;;;False;False;False;;7364.0;Établissement d'hospitalisation ;1 000  à  1 999;False;1992-01-01;86.10Z;2008;5710.0;SAS, société par actions simplifiée;20  à  49;False;<NA>;2008;G;45;45.1;45.11;45.11Z;1983-10-01;(48.841978, -1.565803);Granville;Manche;Normandie;(48.692829, -1.351248);Avranches;Manche;Normandie;;;;;;;;
False;;;True;True;False;attribue;{'StreetName': 'Route de Paris', 'AdditionalStreetName': 'Zone industrielle', 'CityName': 'GRANVILLE', 'PostalZone': '50400', 'Country': 'FRA'};328276068;True;MANCHE AUTO;MANCHE AUTO;2026-10-03;{'StreetName': '59 rue de la Liberté', 'AdditionalStreetName': None, 'CityName': 'Avranches', 'PostalZone': '50303', 'Country': 'FRA'};265001651;True;HOPITAUX DU SUD MANCHE;Hôpitaux du Sud-Manche;;;services;[];[];;1440.0;True;0.0;False;{'StreetName': None, 'CityName': None, 'PostalZone': None, 'NUTS': None, 'Country': 'FRA'};sans remise en concurrence;;26-94909;;;;LOT-0003;66114000;;4;1.0;;"LOCATION LONGUE DUREE DE VEHICULES DE SERVICE POUR LES ETABLISSEMENTS DU GROUPE HOSPITALIER
MONT SAINT MICHEL";ouverte;260063;;;;False;False;False;;7364.0;Établissement d'hospitalisation ;1 000  à  1 999;False;1992-01-01;86.10Z;2008;5710.0;SAS, société par actions simplifiée;20  à  49;False;<NA>;2008;G;45;45.1;45.11;45.11Z;1983-10-01;(48.841978, -1.565803);Granville;Manche;Normandie;(48.692829, -1.351248);Avranches;Manche;Normandie;;;;;;;;
False;;;True;True;False;attribue;{'StreetName': 'Route de Paris', 'AdditionalStreetName': 'Zone industrielle', 'CityName': 'GRANVILLE', 'PostalZone': '50400', 'Country': 'FRA'};328276068;True;MANCHE AUTO;MANCHE AUTO;2026-10-03;{'StreetName': '59 rue de la Liberté', 'AdditionalStreetName': None, 'CityName': 'Avranches', 'PostalZone': '50303', 'Country': 'FRA'};265001651;True;HOPITAUX DU SUD MANCHE;Hôpitaux du Sud-Manche;;;services;[];[];;1440.0;True;0.0;False;{'StreetName': None, 'CityName': None, 'PostalZone': None, 'NUTS': None, 'Country': 'FRA'};sans remise en concurrence;;26-94909;;;;LOT-0004;66114000;;4;1.0;;"LOCATION LONGUE DUREE DE VEHICULES DE SERVICE POUR LES ETABLISSEMENTS DU GROUPE HOSPITALIER
MONT SAINT MICHEL";ouverte;260063;;;;False;False;False;;7364.0;Établissement d'hospitalisation ;1 000  à  1 999;False;1992-01-01;86.10Z;2008;5710.0;SAS, société par actions simplifiée;20  à  49;False;<NA>;2008;G;45;45.1;45.11;45.11Z;1983-10-01;(48.841978, -1.565803);Granville;Manche;Normandie;(48.692829, -1.351248);Avranches;Manche;Normandie;;;;;;;;
False;['09123000', '65200000', '65310000'];;True;False;False;attribue;{'StreetName': '78 Avenue Jacques Coeur', 'AdditionalStreetName': None, 'CityName': 'Poitiers', 'PostalZone': '86000', 'Country': 'FRA'};483339156;False;ALTERNA ENERGIE;ALTERNA;2026-10-03;{'StreetName': '44 avenue Pierre Piffault', 'AdditionalStreetName': 'Cs 12719', 'CityName': 'Le Mans', 'PostalZone': '72027', 'Country': 'FRA'};325793826;False;SOCIETE D'ECONOMIE MIXTE DES TRANSPORTS EN COMMUN DE L'AGGLOMERATION MANCELLE;Société d'Économie mixte des Transports en commun de l'Agglomération Mancelle;;2026-09-03+02:00;fournitures;[];[];;1440.0;False;;False;{'StreetName': '44 avenue Pierre Piffault', 'CityName': 'Le Mans', 'PostalZone': '72027', 'NUTS': 'FRG04', 'Country': 'FRA'};;;26-95054;;2644386.0;;LOT-0000;09310000;;1;4.0;;"Fourniture et distribution d'électricité
Fourniture et distribution de gaz naturel";restreinte;2027 SAD ENERGIE;2.0;;;False;False;False;2644386.0;5515.0;SA d'économie mixte à conseil d'administration ;500  à  999;False;1982-11-05;49.31Z;2008;5710.0;SAS, société par actions simplifiée;1  ou  2;False;<NA>;2008;D;35;35.1;35.14;35.14Z;2005-07-01;(46.569595, 0.371906);Poitiers;Vienne;Nouvelle-Aquitaine;(47.976735, 0.176059);Le Mans;Sarthe;Pays de la Loire;;;;;;;;
False;;;True;False;False;attribue;{'StreetName': '23 AV JEAN JAURES', 'AdditionalStreetName': None, 'CityName': 'FORT DE FRANCE', 'PostalZone': '97200', 'Country': 'FRA'};802812297;True;JIKAELE PRESTA +;JIKAELE PRESTA +;2026-10-03;{'StreetName': '1 rue Epiphane de Moirans', 'AdditionalStreetName': None, 'CityName': 'Les Trois-Îlets', 'PostalZone': '97229', 'Country': 'FRA'};219722311;True;COMMUNE DES TROIS-ILETS;Ville des Trois-Îlets (972);;;services;['Valeur technique', 'Prix'];['technique', 'prix'];[60.0, 40.0];1080.0;False;;False;{'StreetName': None, 'CityName': 'LES TROIS ILETS', 'PostalZone': '97229', 'NUTS': 'FRY20', 'Country': 'FRA'};;;26-95104;;1366647.0;;LOT-0001;75200000;;1;8.0;;Gestion de l’accueil et de l’animation périscolaire;ouverte;;;;;False;False;False;1366647.0;7210.0;Commune et commune nouvelle ;200  à  249;False;1949-07-01;84.11Z;2008;5499.0;Société à responsabilité limitée (sans autre indication);;<NA>;<NA>;2008;R;93;93.2;93.29;93.29Z;2014-06-06;(14.608264, -61.069953);Fort-de-France;Martinique;;(14.538555, -61.033824);Les Trois-Îlets;Martinique;;;;;;;;;
False;;;True;True;False;attribue;{'StreetName': None, 'AdditionalStreetName': None, 'CityName': 'Lamentin', 'PostalZone': '97232', 'Country': 'FRA'};451329932;True;MARTINIQUE CATERING;MARTINIQUE CATERING;2026-10-03;{'StreetName': None, 'AdditionalStreetName': None, 'CityName': 'Fort de France', 'PostalZone': '97200', 'Country': 'FRA'};130015431;True;;DIRECTION DU COMMISSARIAT DES FORCES ARMEES AUX ANTILLES;;;services;;;;1440.0;True;3200000.0;False;{'StreetName': None, 'CityName': 'Fort de france', 'PostalZone': '97200', 'NUTS': 'FRY20', 'Country': 'FRA'};avec remise en concurrence;;26-94914;;800000.0;;LOT-0001;55500000;320000.0;4;1.0;;prestations de restauration collective;ouverte;CCP26-011;3.0;;;True;False;False;3200000.0;;;;;<NA>;<NA>;<NA>;5499.0;Société à responsabilité limitée (sans autre indication);50  à  99;False;<NA>;2008;I;56;56.2;56.29;56.29A;2003-12-22;;Lamentin;Guadeloupe;;;Fort-de-France;Martinique;;;;;;;;;
False;;;True;True;False;attribue;;;False;;;2026-10-03;{'StreetName': None, 'AdditionalStreetName': None, 'CityName': 'Fort de France', 'PostalZone': '97200', 'Country': 'FRA'};130015431;True;;DIRECTION DU COMMISSARIAT DES FORCES ARMEES AUX ANTILLES;;;services;;;;1440.0;True;3200000.0;False;{'StreetName': None, 'CityName': 'Rivière salée', 'PostalZone': None, 'NUTS': 'FRY20', 'Country': 'FRA'};avec remise en concurrence;;26-94914;;;;LOT-0002;55500000;320000.0;4;1.0;;prestations de restauration collective;ouverte;CCP26-011;3.0;;;True;False;False;3200000.0;;;;;<NA>;<NA>;<NA>;;;;;;<NA>;;;;;<NA>;<NA>;;;;;;Fort-de-France;Martinique;;;;;;;;;
False;;;False;True;False;attribue;;;False;;;2026-10-03;{'StreetName': None, 'AdditionalStreetName': None, 'CityName': 'Fort de France', 'PostalZone': '97200', 'Country': 'FRA'};130015431;True;;DIRECTION DU COMMISSARIAT DES FORCES ARMEES AUX ANTILLES;;;services;;;;1440.0;True;3200000.0;False;{'StreetName': None, 'CityName': 'Lamentin', 'PostalZone': '97232', 'NUTS': 'FRY20', 'Country': 'FRA'};avec remise en concurrence;;26-94914;;;;LOT-0003;55500000;320000.0;4;1.0;;prestations de restauration collective;ouverte;CCP26-011;3.0;;;True;False;False;3200000.0;;;;;<NA>;<NA>;<NA>;;;;;;<NA>;;;;;<NA>;<NA>;;;;;;Fort-de-France;Martinique;;;;;;;;;
False;;;True;True;False;attribue;;;False;;;2026-10-03;{'StreetName': None, 'AdditionalStreetName': None, 'CityName': 'Fort de France', 'PostalZone': '97200', 'Country': 'FRA'};130015431;True;;DIRECTION DU COMMISSARIAT DES FORCES ARMEES AUX ANTILLES;;;services;;;;1440.0;True;3200000.0;False;{'StreetName': None, 'CityName': 'François', 'PostalZone': '97240', 'NUTS': 'FRY20', 'Country': 'FRA'};avec remise en concurrence;;26-94914;;;;LOT-0004;55500000;320000.0;4;1.0;;prestations de restauration collective;ouverte;CCP26-011;3.0;;;True;False;False;3200000.0;;;;;<NA>;<NA>;<NA>;;;;;;<NA>;;;;;<NA>;<NA>;;;;;;Fort-de-France;Martinique;;;;;;;;;
False;['50700000'];;True;False;False;attribue;{'StreetName': 'Z A Les Brandeaux', 'AdditionalStreetName': None, 'CityName': 'Puymoyen', 'PostalZone': '16400', 'Country': 'FRA'};552046955;False;ENGIE ENERGIE SERVICES;ENGIE ENERGIE SERVICES;2026-10-03;{'StreetName': '31 boulevard Emile Roux', 'AdditionalStreetName': 'Cs 60 000', 'CityName': 'Angouleme', 'PostalZone': '16917', 'Country': 'FRA'};221600018;False;DEPARTEMENT DE LA CHARENTE;Conseil Départemental de la Charente;;2026-10-01+02:00;services;"['Qualité du service rendu', ""Qualité technique et énergétique de l'offre Qualité technique et énergétique de l'offre"", 'Description des mesures mise en oeuvre par le candidat pour répondre aux enjeux environnementaux', 'Prix']";['qualite', 'qualite', 'environnemental', 'prix'];[30.0, 28.0, 12.0, 30.0];;False;;False;;;;26-95051;;366502.0;;LOT-0000;71314200;;1;3.0;;Marché d'exploitation des installations thermiques de chauffage, d'ECS, de ventilation, de climatisation et de traitement d'eau de type MC et PFI;ouverte;2026S0289;;;;False;False;False;366502.0;7220.0;Département ;2 000  à  4 999;False;1978-01-01;84.11Z;2008;5599.0;SA à conseil d'administration (s.a.i.);10 000  et plus ;False;False;2008;D;35;35.3;35.3;35.30Z;1955-01-01;(45.621768, 0.166657);Puymoyen;Charente;Nouvelle-Aquitaine;(45.645809, 0.158007);Angoulême;Charente;Nouvelle-Aquitaine;;;;;;;;
False;;;True;False;False;attribue;{'StreetName': None, 'AdditionalStreetName': None, 'CityName': 'BOULOGNE BILLANCOURT', 'PostalZone': '92513', 'Country': 'FRA'};315871640;True;IDEX ENERGIES;IDEX ENERGIES;2026-10-03;{'StreetName': 'Place Pierre-François Gossin', 'AdditionalStreetName': None, 'CityName': 'BAR-LE-DUC', 'PostalZone': '55000', 'Country': 'FRA'};225500016;True;DEPARTEMENT DE LA MEUSE;DEPARTEMENT DE LA MEUSE;;;services;['Prix noté sur 50 points', 'Valeur technique', 'Critère environnemental', 'Valeur technique', 'Critère environnemental'];['prix', 'technique', 'environnemental', 'technique', 'environnemental'];;1440.0;False;;False;{'StreetName': None, 'CityName': None, 'PostalZone': None, 'NUTS': 'FRF32', 'Country': 'FRA'};sans remise en concurrence;;26-94990;;;;LOT-0001;50710000;5000000.0;1;2.0;;Marché d’exploitation et de maintenance des installations CVC du Département de la Meuse (Marché de Prestations Forfait (PF) et Marché de Prestations Forfait Intéressement (PFI));ouverte;26DPI07;;;;False;False;False;;7220.0;Département ;1 000  à  1 999;False;1961-01-01;84.11Z;2008;5710.0;SAS, société par actions simplifiée;2 000  à  4 999;False;False;2008;C;33;33.1;33.11;33.11Z;1976-01-01;;Boulogne-Billancourt;Hauts-de-Seine;Île-de-France;(48.766441, 5.158953);Bar-le-Duc;Meuse;Grand Est;;;;;;;;
False;;;True;False;False;attribue;{'StreetName': '38, rue du Chateau', 'AdditionalStreetName': None, 'CityName': 'Mutzig', 'PostalZone': '67190', 'Country': 'FRA'};107421059;True;;SERVICES DE FORAGE GEOPS;2026-10-03;{'StreetName': 'RD 960', 'AdditionalStreetName': None, 'CityName': 'Bure', 'PostalZone': '55290', 'Country': 'FRA'};390199669;True;AGENCE NAT GESTION DECHETS RADIOACTIFS;ANDRA;;2026-10-01+02:00;travaux;['Prix', 'Qualité'];['prix', 'qualite'];;;True;7720050.0;False;{'StreetName': 'RD 960', 'CityName': 'Bure', 'PostalZone': '55290', 'NUTS': 'FRF32', 'Country': 'FRA'};;;26-94910;;7220050.0;7220050.0;LOT-0001;45122000;;1;1.0;;Forages et prestations annexes pour le programme de reconnaissance ZBS_FOND_UP1;negociee;CGRPFADAM250153;;;;False;False;False;7220050.0;4120.0;Établissement public national à caractère industriel ou commercial non doté d'un comptable public ;500  à  999;False;1992-01-01;71.12B;2008;;;;;;<NA>;;;;;<NA>;<NA>;(48.536831, 7.452747);Mutzig;Bas-Rhin;Grand Est;(48.501332, 5.360739);Bure;Meuse;Grand Est;;;;;;;;
False;['60181000'];;True;False;False;attribue;"{'StreetName': ""1 Place De L'Eglise"", 'AdditionalStreetName': None, 'CityName': 'Hourc', 'PostalZone': '65350', 'Country': 'FRA'}";418608485;False;SARL TRANSPORTS LERMITE;SARL TRANSPORTS LERMITE;2026-10-03;{'StreetName': 'Hotel du département', 'AdditionalStreetName': '7 rue Gaston Manent, Cs71324', 'CityName': 'Tarbes', 'PostalZone': '65013', 'Country': 'FRA'};226500015;False;DEPARTEMENT DES HAUTES PYRENEES;Département des Hautes Pyrénées;;2026-09-28+02:00;services;['2-Valeur technique évaluée au regard du cadre de réponse (en points)', '2.1-Diversité de la flotte de location (en points)', '2.2-Année de fabrication des différents engins (en points)', '3-Critère environnemental jugé en fonction du temps de trajet entre le lieu de stockage du fournisseur (adresse indiquée dans le bordereau des prix unitaires) et le parc routier départemental (en points)', '1-Prix des prestations (en points)'];['technique', 'qualite', 'qualite', 'environnemental', 'prix'];;360.0;False;;False;;sans remise en concurrence;;26-94956;;;;LOT-0000;60180000;300000.0;1;1.0;;LOCATION DE MATÉRIEL DE TRAVAUX PUBLICS ET DE MOYENS DE TRANSPORT : LOCATION DE CAMIONS (TRANSPORT MATERIAUX) AVEC CHAUFFEUR POUR L'ENSEMBLE DU DEPARTEMENT;ouverte;F26PR001_2;3.0;;;False;False;False;;7220.0;Département ;1 000  à  1 999;False;1983-03-01;84.11Z;2008;5499.0;Société à responsabilité limitée (sans autre indication);10  à  19;<NA>;<NA>;2008;H;49;49.4;49.41;49.41B;1998-04-29;(43.249641, 0.16986);Hourc;Hautes-Pyrénées;Occitanie;(43.232844, 0.068755);Tarbes;Hautes-Pyrénées;Occitanie;;;;;;;;
False;;;True;True;False;attribue;"{'StreetName': ""7 avenue de l'Europe"", 'AdditionalStreetName': None, 'CityName': 'Ensisheim', 'PostalZone': '68190', 'Country': 'FRA'}";388581431;True;ASTECH;ASTECH STE;2026-10-03;{'StreetName': '1 place du général Ferrié, CS 60809', 'AdditionalStreetName': None, 'CityName': 'Laval', 'PostalZone': '53008', 'Country': 'FRA'};200083392;True;LAVAL AGGLOMERATION;LAVAL AGGLOMERATION;;;fournitures;['prix des prestations jugé au regard du détail quantitatif estimatif', 'valeur technique au regard du mémoire technique'];['prix', 'technique'];[40.0, 60.0];720.0;False;754000.0;False;{'StreetName': '62, rue Marcellin Berthelot', 'CityName': 'Mayenne', 'PostalZone': '53000', 'NUTS': 'FRG03', 'Country': 'FRA'};sans remise en concurrence;;26-94967;;284000.0;284000.0;LOT-0001;44613800;744000.0;4;7.0;;Fourniture de conteneurs enterrés, semi enterrés et colonnes aériennes pour la collecte des ordures ménagères, des emballages en mélange et du verre - relance;ouverte;26-061;;;;False;False;False;744000.0;7348.0;Communauté d'agglomération ;500  à  999;False;2019-01-01;84.11Z;2008;5710.0;SAS, société par actions simplifiée;20  à  49;False;<NA>;2008;G;46;46.9;46.9;46.90Z;1992-08-17;(47.878073, 7.35836);Ensisheim;Haut-Rhin;Grand Est;(48.077109, -0.785673);Laval;Mayenne;Pays de la Loire;;;;;;;;
False;;;True;True;False;attribue;"{'StreetName': ""7 avenue de l'Europe"", 'AdditionalStreetName': None, 'CityName': 'Ensisheim', 'PostalZone': '68190', 'Country': 'FRA'}";388581431;True;ASTECH;ASTECH STE;2026-10-03;{'StreetName': '1 place du général Ferrié, CS 60809', 'AdditionalStreetName': None, 'CityName': 'Laval', 'PostalZone': '53008', 'Country': 'FRA'};200083392;True;LAVAL AGGLOMERATION;LAVAL AGGLOMERATION;;;fournitures;['prix des prestations jugé au regard du détail quantitatif estimatif', 'valeur technique au regard du mémoire technique'];['prix', 'technique'];[40.0, 60.0];720.0;False;754000.0;False;;sans remise en concurrence;;26-94967;;292000.0;292000.0;LOT-0002;44613800;744000.0;4;3.0;;Fourniture de conteneurs enterrés, semi enterrés et colonnes aériennes pour la collecte des ordures ménagères, des emballages en mélange et du verre - relance;ouverte;26-061;;;;False;False;False;744000.0;7348.0;Communauté d'agglomération ;500  à  999;False;2019-01-01;84.11Z;2008;5710.0;SAS, société par actions simplifiée;20  à  49;False;<NA>;2008;G;46;46.9;46.9;46.90Z;1992-08-17;(47.878073, 7.35836);Ensisheim;Haut-Rhin;Grand Est;(48.077109, -0.785673);Laval;Mayenne;Pays de la Loire;;;;;;;;
False;;;True;True;False;attribue;{'StreetName': '51 rue du Montoir', 'AdditionalStreetName': None, 'CityName': 'Coucy-Le-Château-Auffrique', 'PostalZone': '02380', 'Country': 'FRA'};832725402;True;UTPM ENVIRONNEMENT;UTPM ENVIRONNEMENT SARL;2026-10-03;{'StreetName': '1 place du général Ferrié, CS 60809', 'AdditionalStreetName': None, 'CityName': 'Laval', 'PostalZone': '53008', 'Country': 'FRA'};200083392;True;LAVAL AGGLOMERATION;LAVAL AGGLOMERATION;;;fournitures;['prix des prestations jugé au regard du détail quantitatif estimatif', 'valeur technique au regard du mémoire technique,'];['prix', 'technique'];[40.0, 60.0];720.0;False;754000.0;False;;sans remise en concurrence;;26-94967;;168000.0;168000.0;LOT-0003;44613800;744000.0;4;6.0;;Fourniture de conteneurs enterrés, semi enterrés et colonnes aériennes pour la collecte des ordures ménagères, des emballages en mélange et du verre - relance;ouverte;26-061;;;;False;False;False;744000.0;7348.0;Communauté d'agglomération ;500  à  999;False;2019-01-01;84.11Z;2008;5499.0;Société à responsabilité limitée (sans autre indication);1  ou  2;<NA>;<NA>;2008;G;46;46.1;46.19;46.19B;2017-10-13;(49.524556, 3.306442);Coucy-le-Château-Auffrique;Aisne;Hauts-de-France;(48.077109, -0.785673);Laval;Mayenne;Pays de la Loire;;;;;;;;
False;;;True;True;False;non attribue;;;False;;;2026-10-03;{'StreetName': '1 place du général Ferrié, CS 60809', 'AdditionalStreetName': None, 'CityName': 'Laval', 'PostalZone': '53008', 'Country': 'FRA'};200083392;True;LAVAL AGGLOMERATION;LAVAL AGGLOMERATION;;;fournitures;['prix des prestations jugé au regard du détail quantitatif estimatif', 'valeur technique au regard du mémoire technique'];['prix', 'technique'];[40.0, 60.0];720.0;False;754000.0;False;;sans remise en concurrence;;26-94967;;;10000.0;LOT-0004;44613800;744000.0;4;0.0;;Fourniture de conteneurs enterrés, semi enterrés et colonnes aériennes pour la collecte des ordures ménagères, des emballages en mélange et du verre - relance;ouverte;26-061;;;;False;False;False;744000.0;7348.0;Communauté d'agglomération ;500  à  999;False;2019-01-01;84.11Z;2008;;;;;;<NA>;;;;;<NA>;<NA>;;;;;(48.077109, -0.785673);Laval;Mayenne;Pays de la Loire;;;;;;;;
