procedure_acceleree;cpv_supp;publicite;omc;allotissement;modifie;decision;adresse_fournisseur;siren_fournisseur;siren_fournisseur_connu;nom_siren_fournisseur;nom_declare_fournisseur;date_avis_attribution;adresse_acheteur;siren_acheteur;siren_acheteur_connu;nom_siren_acheteur;nom_declare_acheteur;date_avis_marche;debut_contrat;type_contrat;intitule_critere;type_critere;poids_critere;duree;clause_environnementale;valeur_totale_estimee;financement_ue;lieu_execution;type_accord_cadre;nom_fonds_ue;id_boamp_attribution;id_boamp_contrat;prix_attribution_lot;valeur_estimee_lot;id_lot;cpv;valeur_max_totale_accord_cadre;nombre_lots;nombre_offres;nombre_offres_pme;objet;procedure;id_projet;renouvellement;marche_reserve;favorable_pme;clause_sociale;strategique_environnemental;strategique_social;valeur_totale;code_statut_juridique_acheteur;nom_statut_juridique_acheteur;effectif_acheteur;acheteur_ess;date_creation_acheteur;code_activite_principale_acheteur;version_activite_acheteur;code_statut_juridique_fournisseur;nom_statut_juridique_fournisseur;effectif_fournisseur;fournisseur_ess;fournisseur_mission;version_activite_fournisseur;niveau_activite1_fournisseur;niveau_activite2_fournisseur;niveau_activite3_fournisseur;niveau_activite4_fournisseur;niveau_activite5_fournisseur;date_creation_fournisseur;gps_fournisseur;nom_commune_fournisseur;departement_fournisseur;region_fournisseur;gps_acheteur;nom_commune_acheteur;departement_acheteur;region_acheteur;epci_fournisseur;nom_epci_fournisseur;nature_epci_fournisseur;epci_acheteur;nom_epci_acheteur;nature_epci_acheteur;code_commune_fournisseur;code_commune_acheteur
False;['79821100'];;True;False;False;attribue;;;False;;;2026-10-06;{'StreetName': '32 avenue de la Sibelle', 'AdditionalStreetName': None, 'CityName': 'Paris', 'PostalZone': '75014', 'Country': 'FRA'};180035065;True;CAISSE NATIONALE DES ALLOCATIONS FAMILIALES;CNAF - Caisse nationale des AF;;2026-10-19+02:00;services;['Valeur technique appréciée au regard de 2 sous-critères définis dans le règlement de la consultation', 'Prix, apprécié au regard du montant total TTC du détail quantitatif estimatif joint à l’annexe financière à l’acte d’engagement'];['technique', 'prix'];[60.0, 40.0];360.0;False;178333.0;False;{'StreetName': None, 'CityName': None, 'PostalZone': None, 'NUTS': None, 'Country': 'FRA'};sans remise en concurrence;;26-95766;;190855.0;;LOT-0001;79970000;208333.0;1;4.0;;Prestations éditoriales pour les publications scientifiques de la Direction des Statistiques, des études et de la Recherche (DSER) de la Cnaf;ouverte;13_26;3.0;;;False;False;False;190855.0;7389.0;Établissement public national à caractère administratif ;1 000  à  1 999;False;1982-01-01;84.30C;2008;;;;;;<NA>;;;;;<NA>;<NA>;;;;;(48.824663, 2.337741);Paris;Paris;Île-de-France;;;;;;;;
False;['79212000', '71313430'];;True;False;False;attribue;;;False;;;2026-10-06;"{'StreetName': ""19/21 quai d'Austerlitz"", 'AdditionalStreetName': None, 'CityName': 'Paris', 'PostalZone': '75013', 'Country': 'FRA'}";824538557;False;ACTION LOGEMENT IMMOBILIER;ACTION LOGEMENT IMMOBILIER;;;services;"[""Valeur technique de l'offre"", 'Prise en compte de la notion de développement durable', 'Prix']";['technique', 'environnemental', 'prix'];[50.0, 10.0, 40.0];;True;7000000.0;False;;avec remise en concurrence;;26-95931;;1892030.0;;LOT-0001;79212000;3600000.0;1;14.0;;Accord-cadre portant sur la réalisation d'audits de résilience des bâtiments;ouverte;2026-ALI-008;3.0;;;False;True;False;1892030.0;5710.0;SAS, société par actions simplifiée;50  à  99;False;2016-12-31;66.30Z;2008;;;;;;<NA>;;;;;<NA>;<NA>;;;;;(48.838884, 2.371794);Paris;Paris;Île-de-France;;;;;;;;
False;['18530000'];;True;False;False;attribue;{'StreetName': '32 Rue Blanche', 'AdditionalStreetName': None, 'CityName': 'Paris', 'PostalZone': '75009', 'Country': 'FRA'};340393065;True;PLUXEE FRANCE;PLUXEE FRANCE;2026-10-06;"{'StreetName': ""Esplanade Valery Giscard d'Estaing"", 'AdditionalStreetName': None, 'CityName': 'PARIS', 'PostalZone': '75007', 'Country': 'FRA'}";180092447;True;ETABLISSEMENT PUBLIC DU MUSEE D'ORSAY ET DU MUSEE DE L'ORANGERIE - VALERY GISCARD D'ESTAING;Ets public Musées Orsay et Orangerie;;;fournitures;"['Valeur technique', ""Solutions proposées pour limiter l'impact environnemental des prestations"", 'Prix sur la base du montant global du DQE']";['technique', 'environnemental', 'prix'];[40.0, 10.0, 50.0];365.0;True;;False;{'StreetName': None, 'CityName': 'Paris', 'PostalZone': None, 'NUTS': 'FR101', 'Country': 'FRA'};sans remise en concurrence;;26-95796;;800000.0;;LOT-0001;22440000;800000.0;1;3.0;;Accord-cadre de fourniture de bons cadeaux cultures pour les agents de l'EPMO;ouverte;2026-429;3.0;;;False;False;False;800000.0;7389.0;Établissement public national à caractère administratif ;500  à  999;False;2004-01-01;91.03Z;2008;5599.0;SA à conseil d'administration (s.a.i.);250  à  499;False;<NA>;2008;K;66;66.1;66.19;66.19B;1987-02-27;(48.878899, 2.331599);Paris;Paris;Île-de-France;(48.860056, 2.327268);Paris;Paris;Île-de-France;;;;;;;;
False;;;True;True;False;attribue;{'StreetName': '40 Impasse Madeleine Brès', 'AdditionalStreetName': None, 'CityName': 'LIEUSAINT', 'PostalZone': '77127', 'Country': 'FRA'};915012231;True;SYNNEO;SYNNEO;2026-10-06;{'StreetName': 'Hôtel de Sully', 'AdditionalStreetName': '62 rue Saint-Antoine', 'CityName': 'Paris', 'PostalZone': '75004', 'Country': 'FRA'};180046013;True;CENTRE DES MONUMENTS NATIONAUX;Centre des monuments nationaux;;;fournitures;['Valeur technique de l’offre', 'Valeur environnementale', 'Prix des prestations'];['technique', 'environnemental', 'prix'];[50.0, 10.0, 40.0];1460.0;False;;False;{'StreetName': None, 'CityName': None, 'PostalZone': None, 'NUTS': None, 'Country': None};sans remise en concurrence;;26-95814;;680000.0;;LOT-0001;30192000;1640000.0;2;4.0;4.0;Fourniture de supports d'écriture personnalisés pour les libraires-boutiques du Centre des monuments nationaux;ouverte;26-2003-114_115;3.0;;;False;False;False;;7389.0;Établissement public national à caractère administratif ;1 000  à  1 999;False;1975-06-01;91.03Z;2008;5710.0;SAS, société par actions simplifiée;50  à  99;False;<NA>;2008;G;46;46.9;46.9;46.90Z;2022-06-22;(48.618135, 2.565266);Lieusaint;Seine-et-Marne;Île-de-France;(48.85441, 2.363701);Paris;Paris;Île-de-France;;;;;;;;
False;;;True;True;False;attribue;{'StreetName': 'via degli Abeti 358', 'AdditionalStreetName': None, 'CityName': 'Pesaro', 'PostalZone': '61122', 'Country': 'ITA'};;False;;Modulstudio 6;2026-10-06;{'StreetName': 'Hôtel de Sully', 'AdditionalStreetName': '62 rue Saint-Antoine', 'CityName': 'Paris', 'PostalZone': '75004', 'Country': 'FRA'};180046013;True;CENTRE DES MONUMENTS NATIONAUX;Centre des monuments nationaux;;;fournitures;['Valeur technique de l’offre', 'Valeur environnementale', 'Prix des prestations'];['technique', 'environnemental', 'prix'];[50.0, 10.0, 40.0];1460.0;False;;False;{'StreetName': None, 'CityName': None, 'PostalZone': None, 'NUTS': None, 'Country': None};sans remise en concurrence;;26-95814;;960000.0;;LOT-0002;30192000;1640000.0;2;1.0;1.0;Fourniture de supports d'écriture personnalisés pour les libraires-boutiques du Centre des monuments nationaux;ouverte;26-2003-114_115;3.0;;;False;False;False;;7389.0;Établissement public national à caractère administratif ;1 000  à  1 999;False;1975-06-01;91.03Z;2008;;;;;;<NA>;;;;;<NA>;<NA>;;;;;(48.85441, 2.363701);Paris;Paris;Île-de-France;;;;;;;;
False;;;True;False;False;attribue;{'StreetName': '130 Rue de Maroeuil', 'AdditionalStreetName': None, 'CityName': 'Merville', 'PostalZone': '59660', 'Country': 'FRA'};751007840;True;EVEN ELEC;Evenelec;2026-10-06;{'StreetName': 'Parc Des Expositions de Douai  Rte de Tournai', 'AdditionalStreetName': None, 'CityName': 'Douai', 'PostalZone': '59500', 'Country': 'FRA'};889506895;True;SPL GAYANT;Spl Gayant;;2026-10-01+02:00;services;['noté sur 20, pondédé à 60%', 'Valeur technique jugée au travers du mémoire technique', 'Délai'];['prix', 'technique', 'delai'];[60.0, 20.0, 20.0];360.0;False;;False;{'StreetName': None, 'CityName': 'DOUAI', 'PostalZone': '59500', 'NUTS': 'FRE11', 'Country': 'FRA'};sans remise en concurrence;;26-95674;;640000.0;;LOT-0001;71314100;640000.0;1;3.0;;Location, pose et dépose de matériel électrique lors des manifestations;ouverte;;;;;False;False;False;640000.0;6901.0;Autre personne de droit privé inscrite au registre du commerce et des sociétés;10  à  19;False;2020-07-23;82.30Z;2008;5499.0;Société à responsabilité limitée (sans autre indication);3  à  5;False;<NA>;2008;R;90;90.0;90.02;90.02Z;2012-04-10;(50.626292, 2.633465);Merville;Nord;Hauts-de-France;(50.402447, 3.120711);Douai;Nord;Hauts-de-France;;;;;;;;
False;['39830000', '39812100', '39831250', '90900000'];;True;True;False;attribue;{'StreetName': 'Rue Nungesser Et Coli', 'AdditionalStreetName': None, 'CityName': 'Saint-Aignan-Grandlieu', 'PostalZone': '44860', 'Country': 'FRA'};440303550;False;PLG;GROUPE PLG;2026-10-06;"{'StreetName': 'Hôtel de Ville', 'AdditionalStreetName': 'Place Salvador Allende, Service Marchés Publics', 'CityName': ""Villeneuve D'Ascq"", 'PostalZone': '59652', 'Country': 'FRA'}";200065647;False;CA PAYS DE MONTBELIARD AGGLOMERATION;Mairie de Villeneuve d'Ascq;;;fournitures;"[""Valeur technique de l'offre"", 'Prise en compte de la notion de développement durable', 'Prix']";['technique', 'environnemental', 'prix'];[45.0, 10.0, 45.0];;False;0.0;False;;sans remise en concurrence;;26-95749;;;;LOT-0001;39830000;1833333.33;3;5.0;;Produits et fournitures d'entretien à usage professionnel pour la Ville et le CCAS;ouverte;26S0003;;;;False;False;False;;7348.0;Communauté d'agglomération ;500  à  999;False;2017-01-01;84.11Z;2008;5710.0;SAS, société par actions simplifiée;500  à  999;False;<NA>;2008;G;46;46.4;46.44;46.44Z;2001-12-26;(47.155369, -1.593781);Saint-Aignan-Grandlieu;Loire-Atlantique;Pays de la Loire;(50.618796, 3.132278);Villeneuve-d'Ascq;Nord;Hauts-de-France;;;;;;;;
False;['39830000', '39812100', '39831250', '90900000'];;True;True;False;attribue;{'StreetName': '34 Rue Pierre Martin', 'AdditionalStreetName': None, 'CityName': 'Saint-Martin-Boulogne', 'PostalZone': '62280', 'Country': 'FRA'};325060929;False;SOCOLDIS;SOCOLDIS;2026-10-06;"{'StreetName': 'Hôtel de Ville', 'AdditionalStreetName': 'Place Salvador Allende, Service Marchés Publics', 'CityName': ""Villeneuve D'Ascq"", 'PostalZone': '59652', 'Country': 'FRA'}";200065647;False;CA PAYS DE MONTBELIARD AGGLOMERATION;Mairie de Villeneuve d'Ascq;;;fournitures;"[""Valeur technique de l'offre"", 'Prise en compte de la notion de développement durable', 'Prix']";['technique', 'environnemental', 'prix'];[40.0, 10.0, 50.0];;False;0.0;False;;sans remise en concurrence;;26-95749;;;;LOT-0002;39830000;1833333.33;3;3.0;;Produits et fournitures d'entretien à usage professionnel pour la Ville et le CCAS;ouverte;26S0003;;;;False;False;False;;7348.0;Communauté d'agglomération ;500  à  999;False;2017-01-01;84.11Z;2008;5710.0;SAS, société par actions simplifiée;50  à  99;False;<NA>;2008;G;46;46.4;46.44;46.44Z;1982-09-01;(50.731402, 1.675909);Saint-Martin-Boulogne;Pas-de-Calais;Hauts-de-France;(50.618796, 3.132278);Villeneuve-d'Ascq;Nord;Hauts-de-France;;;;;;;;
False;['19640000', '39812100', '39831250', '90900000'];;True;True;False;attribue;{'StreetName': '230 Av Du Counoise', 'AdditionalStreetName': None, 'CityName': 'Entraigues-Sur-La-Sorgue', 'PostalZone': '84320', 'Country': 'FRA'};722620549;False;COLDIS;SARL COLDIS;2026-10-06;"{'StreetName': 'Hôtel de Ville', 'AdditionalStreetName': 'Place Salvador Allende, Service Marchés Publics', 'CityName': ""Villeneuve D'Ascq"", 'PostalZone': '59652', 'Country': 'FRA'}";200065647;False;CA PAYS DE MONTBELIARD AGGLOMERATION;Mairie de Villeneuve d'Ascq;;;fournitures;"[""Valeur technique de l'offre"", 'Prise en compte de la notion de développement durable', 'Prix']";['technique', 'environnemental', 'prix'];[30.0, 10.0, 60.0];;False;0.0;False;;sans remise en concurrence;;26-95749;;;;LOT-0003;39830000;1833333.33;3;6.0;;Produits et fournitures d'entretien à usage professionnel pour la Ville et le CCAS;ouverte;26S0003;;;;False;False;False;;7348.0;Communauté d'agglomération ;500  à  999;False;2017-01-01;84.11Z;2008;5710.0;SAS, société par actions simplifiée;50  à  99;False;<NA>;2008;G;46;46.4;46.44;46.44Z;1972-01-01;(43.983915, 4.930215);Entraigues-sur-la-Sorgue;Vaucluse;Provence-Alpes-Côte d'Azur;(50.618796, 3.132278);Villeneuve-d'Ascq;Nord;Hauts-de-France;;;;;;;;
False;;;True;True;False;attribue;{'StreetName': None, 'AdditionalStreetName': None, 'CityName': 'Saint Denis', 'PostalZone': '93200', 'Country': 'FRA'};752032607;True;KYRIELYS NETTOYAGE;KYRIELYS NETTOYAGE;2026-10-06;{'StreetName': 'Parc Des Expositions de Douai  Rte de Tournai', 'AdditionalStreetName': None, 'CityName': 'Douai', 'PostalZone': '59500', 'Country': 'FRA'};889506895;True;SPL GAYANT;Spl Gayant;;2026-10-01+02:00;services;['Prix'];['prix'];[100];360.0;False;;False;{'StreetName': None, 'CityName': 'DOUAI', 'PostalZone': '59500', 'NUTS': 'FRE11', 'Country': 'FRA'};sans remise en concurrence;;26-95675;;;;LOT-0001;90522400;1400000.0;6;2.0;;Nettoyage intérieur et extérieur de la SPL Gayant Expo Concerts lors de manifestations.;ouverte;;;;;False;False;False;1400000.0;6901.0;Autre personne de droit privé inscrite au registre du commerce et des sociétés;10  à  19;False;2020-07-23;82.30Z;2008;5710.0;SAS, société par actions simplifiée;250  à  499;False;<NA>;2008;N;81;81.2;81.22;81.22Z;2012-06-01;;Saint-Denis;La Réunion;;(50.402447, 3.120711);Douai;Nord;Hauts-de-France;;;;;;;;
False;;;True;True;False;attribue;{'StreetName': None, 'AdditionalStreetName': None, 'CityName': 'Saint Denis', 'PostalZone': '93200', 'Country': 'FRA'};752032607;True;KYRIELYS NETTOYAGE;KYRIELYS NETTOYAGE;2026-10-06;{'StreetName': 'Parc Des Expositions de Douai  Rte de Tournai', 'AdditionalStreetName': None, 'CityName': 'Douai', 'PostalZone': '59500', 'Country': 'FRA'};889506895;True;SPL GAYANT;Spl Gayant;;2026-10-01+02:00;services;['Prix'];['prix'];[100];360.0;False;;False;{'StreetName': None, 'CityName': 'Douai', 'PostalZone': '59500', 'NUTS': 'FRE11', 'Country': 'FRA'};sans remise en concurrence;;26-95675;;240000.0;;LOT-0002;90910000;1400000.0;6;2.0;;Nettoyage intérieur et extérieur de la SPL Gayant Expo Concerts lors de manifestations.;ouverte;;;;;False;False;False;1400000.0;6901.0;Autre personne de droit privé inscrite au registre du commerce et des sociétés;10  à  19;False;2020-07-23;82.30Z;2008;5710.0;SAS, société par actions simplifiée;250  à  499;False;<NA>;2008;N;81;81.2;81.22;81.22Z;2012-06-01;;Saint-Denis;La Réunion;;(50.402447, 3.120711);Douai;Nord;Hauts-de-France;;;;;;;;
False;;;True;True;False;attribue;{'StreetName': None, 'AdditionalStreetName': None, 'CityName': 'Saint Denis', 'PostalZone': '93200', 'Country': 'FRA'};752032607;True;KYRIELYS NETTOYAGE;KYRIELYS NETTOYAGE;2026-10-06;{'StreetName': 'Parc Des Expositions de Douai  Rte de Tournai', 'AdditionalStreetName': None, 'CityName': 'Douai', 'PostalZone': '59500', 'Country': 'FRA'};889506895;True;SPL GAYANT;Spl Gayant;;2026-10-01+02:00;services;['Prix'];['prix'];[100];360.0;False;;False;{'StreetName': None, 'CityName': 'Douai', 'PostalZone': '59500', 'NUTS': 'FRE11', 'Country': 'FRA'};sans remise en concurrence;;26-95675;;;;LOT-0003;90910000;1400000.0;6;2.0;;Nettoyage intérieur et extérieur de la SPL Gayant Expo Concerts lors de manifestations.;ouverte;;;;;False;False;False;1400000.0;6901.0;Autre personne de droit privé inscrite au registre du commerce et des sociétés;10  à  19;False;2020-07-23;82.30Z;2008;5710.0;SAS, société par actions simplifiée;250  à  499;False;<NA>;2008;N;81;81.2;81.22;81.22Z;2012-06-01;;Saint-Denis;La Réunion;;(50.402447, 3.120711);Douai;Nord;Hauts-de-France;;;;;;;;
False;;;True;True;False;attribue;{'StreetName': None, 'AdditionalStreetName': None, 'CityName': 'Saint Denis', 'PostalZone': '93200', 'Country': 'FRA'};752032607;True;KYRIELYS NETTOYAGE;KYRIELYS NETTOYAGE;2026-10-06;{'StreetName': 'Parc Des Expositions de Douai  Rte de Tournai', 'AdditionalStreetName': None, 'CityName': 'Douai', 'PostalZone': '59500', 'Country': 'FRA'};889506895;True;SPL GAYANT;Spl Gayant;;2026-10-01+02:00;services;['Prix'];['prix'];[100];360.0;False;;False;{'StreetName': None, 'CityName': 'Douai', 'PostalZone': '59500', 'NUTS': 'FRE11', 'Country': 'FRA'};sans remise en concurrence;;26-95675;;;;LOT-0004;90910000;1400000.0;6;2.0;;Nettoyage intérieur et extérieur de la SPL Gayant Expo Concerts lors de manifestations.;ouverte;;;;;False;False;False;1400000.0;6901.0;Autre personne de droit privé inscrite au registre du commerce et des sociétés;10  à  19;False;2020-07-23;82.30Z;2008;5710.0;SAS, société par actions simplifiée;250  à  499;False;<NA>;2008;N;81;81.2;81.22;81.22Z;2012-06-01;;Saint-Denis;La Réunion;;(50.402447, 3.120711);Douai;Nord;Hauts-de-France;;;;;;;;
False;;;True;True;False;attribue;{'StreetName': None, 'AdditionalStreetName': None, 'CityName': 'Saint Denis', 'PostalZone': '93200', 'Country': 'FRA'};752032607;True;KYRIELYS NETTOYAGE;KYRIELYS NETTOYAGE;2026-10-06;{'StreetName': 'Parc Des Expositions de Douai  Rte de Tournai', 'AdditionalStreetName': None, 'CityName': 'Douai', 'PostalZone': '59500', 'Country': 'FRA'};889506895;True;SPL GAYANT;Spl Gayant;;2026-10-01+02:00;services;['Prix'];['prix'];[100];360.0;False;;False;{'StreetName': None, 'CityName': 'DOUAI', 'PostalZone': '59500', 'NUTS': 'FRE11', 'Country': 'FRA'};sans remise en concurrence;;26-95675;;160000.0;;LOT-0005;90910000;1400000.0;6;2.0;;Nettoyage intérieur et extérieur de la SPL Gayant Expo Concerts lors de manifestations.;ouverte;;;;;False;False;False;1400000.0;6901.0;Autre personne de droit privé inscrite au registre du commerce et des sociétés;10  à  19;False;2020-07-23;82.30Z;2008;5710.0;SAS, société par actions simplifiée;250  à  499;False;<NA>;2008;N;81;81.2;81.22;81.22Z;2012-06-01;;Saint-Denis;La Réunion;;(50.402447, 3.120711);Douai;Nord;Hauts-de-France;;;;;;;;
False;;;True;True;False;attribue;{'StreetName': None, 'AdditionalStreetName': None, 'CityName': 'Saint Denis', 'PostalZone': '93200', 'Country': 'FRA'};752032607;True;KYRIELYS NETTOYAGE;KYRIELYS NETTOYAGE;2026-10-06;{'StreetName': 'Parc Des Expositions de Douai  Rte de Tournai', 'AdditionalStreetName': None, 'CityName': 'Douai', 'PostalZone': '59500', 'Country': 'FRA'};889506895;True;SPL GAYANT;Spl Gayant;;2026-10-01+02:00;services;['Prix'];['prix'];[100];360.0;False;;False;{'StreetName': None, 'CityName': 'Douai', 'PostalZone': '59500', 'NUTS': 'FRE11', 'Country': 'FRA'};sans remise en concurrence;;26-95675;;80000.0;;LOT-0006;90910000;1400000.0;6;2.0;;Nettoyage intérieur et extérieur de la SPL Gayant Expo Concerts lors de manifestations.;ouverte;;;;;False;False;False;1400000.0;6901.0;Autre personne de droit privé inscrite au registre du commerce et des sociétés;10  à  19;False;2020-07-23;82.30Z;2008;5710.0;SAS, société par actions simplifiée;250  à  499;False;<NA>;2008;N;81;81.2;81.22;81.22Z;2012-06-01;;Saint-Denis;La Réunion;;(50.402447, 3.120711);Douai;Nord;Hauts-de-France;;;;;;;;
False;['55242000'];;;False;False;attribue;{'StreetName': '28, Chemin du Moulin à vent', 'AdditionalStreetName': None, 'CityName': 'Guyancourt', 'PostalZone': '78280', 'Country': 'FRA'};523450724;True;EVASION 78;Association EVASION 78;2026-10-06;{'StreetName': 'Grand Place', 'AdditionalStreetName': None, 'CityName': 'Raismes', 'PostalZone': '59590', 'Country': 'FRA'};215904913;True;COMMUNE DE RAISMES;Mairie de Raismes;;2026-09-25+02:00;services;['Prix', 'Valeur technique', 'Environnement'];['prix', 'technique', 'environnemental'];[30.0, 60.0, 10.0];;False;300000.0;False;{'StreetName': 'Grand Place', 'CityName': 'Raismes', 'PostalZone': '59590', 'NUTS': 'FRE11', 'Country': 'FRA'};;;26-95949;;340159.5;300000.0;LOT-0001;55243000;;1;3.0;;Séjours Classes de Neige à destination des élèves de CM2 de la Ville de Raismes;ouverte;PPP1Q7-104/6169/2026013;2.0;;;False;False;False;340159.5;7210.0;Commune et commune nouvelle ;250  à  499;False;1978-01-01;84.11Z;2008;9220.0;Association déclarée ;6  à  9;True;<NA>;2008;R;93;93.1;93.12;93.12Z;2010-06-14;(48.768253, 2.065481);Guyancourt;Yvelines;Île-de-France;(50.392147, 3.482681);Raismes;Nord;Hauts-de-France;;;;;;;;
False;;;;False;False;attribue;{'StreetName': '53 rue de Lille', 'AdditionalStreetName': None, 'CityName': 'TOURCOING', 'PostalZone': '59200', 'Country': 'FRA'};799094636;True;D HOUNDT BAJART ARCHITECTES & ASSOCIES;Groupement D'HOUNDT + BAJART Architectes & associés;2026-10-06;{'StreetName': '21, rue Marcel Sembat - BP 65', 'AdditionalStreetName': None, 'CityName': 'Lens cedex', 'PostalZone': '62302', 'Country': 'FRA'};246200364;True;COMMUNAUTE D'AGGLOMERATION DE LENS-LIEVIN;Communauté d' Agglomération de Lens Lievin;;;services;['Critère 1 - Qualités fonctionnelles', 'Critère 3 - Qualités financières', 'Critère 4 - Respect des délais', 'Critère 2 - Qualités paysagères, architecturales, et techniques'];['qualite', 'qualite', 'delai', 'qualite'];;;True;;False;{'StreetName': 'RUE DE DOUVRIN', 'CityName': 'NOYELLES-SOUS-LENS', 'PostalZone': '62221', 'NUTS': 'FRE12', 'Country': 'FRA'};;;26-95765;25-74636;;;LOT-0001;71200000;;1;3.0;;Concours restreint de maîtrise d'uvre sur « ESQ + » pour la construction du centre de restauration municipale à Noyelles-sous-Lens;restreinte;26S001;;;False;False;False;False;;7348.0;Communauté d'agglomération ;250  à  499;<NA>;1968-08-21;84.11Z;2008;5499.0;Société à responsabilité limitée (sans autre indication);6  à  9;<NA>;<NA>;2008;M;71;71.1;71.11;71.11Z;2013-11-21;(50.72221, 3.155277);Tourcoing;Nord;Hauts-de-France;(50.434395, 2.839739);Lens;Pas-de-Calais;Hauts-de-France;;;;;;;;
False;['90522400', '98370000'];;True;False;False;attribue;{'StreetName': '214 rue Saint-Hubert', 'AdditionalStreetName': None, 'CityName': 'SORGUES', 'PostalZone': '84700', 'Country': 'FRA'};418603122;True;<NA>;CHRISTOPHE CAPPADONA;2026-10-06;{'StreetName': 'Hôtel de ville - quai du port', 'AdditionalStreetName': None, 'CityName': 'Marseille Cedex 20', 'PostalZone': '13233', 'Country': 'FRA'};211300553;True;COMMUNE DE MARSEILLE;Ville de Marseille;;;services;['1°) Prix de l’offre : 60 points 2°) Valeur technique de l’offre : 30 points 3°) Développement durable : 10 points'];['environnemental'];;1440.0;False;;False;{'StreetName': None, 'CityName': None, 'PostalZone': None, 'NUTS': 'FRL04', 'Country': 'FRA'};;;26-95914;;157337.0;;LOT-0001;90910000;;1;2.0;;Prestations de nettoyage et de désinfection des locaux du « Post-Mortem » du Funérarium Municipal de la Ville de Marseille;ouverte;25_2557;;;;False;False;False;157337.0;7210.0;Commune et commune nouvelle ;10 000  et plus ;False;1960-01-01;84.11Z;2008;1000.0;Entrepreneur individuel;;<NA>;<NA>;2008;N;81;81.2;81.29;81.29A;1998-04-27;(44.00664, 4.869667);Sorgues;Vaucluse;Provence-Alpes-Côte d'Azur;;;;;;;;;;;;
False;;;True;True;False;attribue;{'StreetName': 'Impasse Lavoisier', 'AdditionalStreetName': None, 'CityName': 'LA VALETTE DU VAR', 'PostalZone': '83160', 'Country': 'FRA'};659501837;True;SOCIETE NOUVELLE LIBRAIRIE CHARLEMAGNE;SOCIETE NOUVELLE LIBRAIRIE CHARLEMAGNE;2026-10-06;{'StreetName': 'Hôtel de ville – quai du port', 'AdditionalStreetName': None, 'CityName': 'Marseille Cedex 20', 'PostalZone': '13233', 'Country': 'FRA'};211300553;True;COMMUNE DE MARSEILLE;Ville de Marseille;;;fournitures;;;;;False;;False;{'StreetName': None, 'CityName': None, 'PostalZone': None, 'NUTS': 'FRL04', 'Country': 'FRA'};;;26-95906;;27559.0;;LOT-0001;37000000;;7;6.0;;Fourniture et livraison de matériels pédagogiques et éducatifs;ouverte;25_1367;;;;False;False;False;6980000.0;7210.0;Commune et commune nouvelle ;10 000  et plus ;False;1960-01-01;84.11Z;2008;5710.0;SAS, société par actions simplifiée;100  à  199;False;<NA>;2008;G;47;47.6;47.61;47.61Z;1965-01-01;(43.139062, 5.998814);La Valette-du-Var;Var;Provence-Alpes-Côte d'Azur;;;;;;;;;;;;
False;;;True;True;False;attribue;{'StreetName': 'Impasse Lavoisier', 'AdditionalStreetName': None, 'CityName': 'LA VALETTE DU VAR', 'PostalZone': '83160', 'Country': 'FRA'};659501837;True;SOCIETE NOUVELLE LIBRAIRIE CHARLEMAGNE;SOCIETE NOUVELLE LIBRAIRIE CHARLEMAGNE;2026-10-06;{'StreetName': 'Hôtel de ville – quai du port', 'AdditionalStreetName': None, 'CityName': 'Marseille Cedex 20', 'PostalZone': '13233', 'Country': 'FRA'};211300553;True;COMMUNE DE MARSEILLE;Ville de Marseille;;;fournitures;;;;;False;;False;{'StreetName': None, 'CityName': None, 'PostalZone': None, 'NUTS': 'FRL04', 'Country': 'FRA'};;;26-95906;;16930.0;;LOT-0002;37000000;;7;5.0;;Fourniture et livraison de matériels pédagogiques et éducatifs;ouverte;25_1367;;;;False;False;False;6980000.0;7210.0;Commune et commune nouvelle ;10 000  et plus ;False;1960-01-01;84.11Z;2008;5710.0;SAS, société par actions simplifiée;100  à  199;False;<NA>;2008;G;47;47.6;47.61;47.61Z;1965-01-01;(43.139062, 5.998814);La Valette-du-Var;Var;Provence-Alpes-Côte d'Azur;;;;;;;;;;;;
False;;;True;True;False;attribue;{'StreetName': '15 allée de la Sariette-ZA Saint Louis', 'AdditionalStreetName': None, 'CityName': 'LE THOR', 'PostalZone': '84250', 'Country': 'FRA'};444553465;True;LACOSTE;LACOSTE;2026-10-06;{'StreetName': 'Hôtel de ville – quai du port', 'AdditionalStreetName': None, 'CityName': 'Marseille Cedex 20', 'PostalZone': '13233', 'Country': 'FRA'};211300553;True;COMMUNE DE MARSEILLE;Ville de Marseille;;;fournitures;;;;;False;;False;{'StreetName': None, 'CityName': None, 'PostalZone': None, 'NUTS': 'FRL04', 'Country': 'FRA'};;;26-95906;;4895.0;;LOT-0003;37000000;;7;5.0;;Fourniture et livraison de matériels pédagogiques et éducatifs;ouverte;25_1367;;;;False;False;False;6980000.0;7210.0;Commune et commune nouvelle ;10 000  et plus ;False;1960-01-01;84.11Z;2008;5710.0;SAS, société par actions simplifiée;500  à  999;True;<NA>;2008;G;46;46.4;46.49;46.49Z;2003-01-01;(43.921302, 5.014275);Le Thor;Vaucluse;Provence-Alpes-Côte d'Azur;;;;;;;;;;;;
False;;;True;True;False;attribue;{'StreetName': 'Impasse Lavoisier ', 'AdditionalStreetName': None, 'CityName': 'LA VALETTE DU VAR', 'PostalZone': '83160', 'Country': 'FRA'};659501837;True;SOCIETE NOUVELLE LIBRAIRIE CHARLEMAGNE;SOCIETE NOUVELLE LIBRAIRIE CHARLEMAGNE;2026-10-06;{'StreetName': 'Hôtel de ville – quai du port', 'AdditionalStreetName': None, 'CityName': 'Marseille Cedex 20', 'PostalZone': '13233', 'Country': 'FRA'};211300553;True;COMMUNE DE MARSEILLE;Ville de Marseille;;;fournitures;;;;;False;;False;{'StreetName': None, 'CityName': None, 'PostalZone': None, 'NUTS': 'FRL04', 'Country': 'FRA'};;;26-95906;;3757.0;;LOT-0006;37000000;;7;4.0;;Fourniture et livraison de matériels pédagogiques et éducatifs;ouverte;25_1367;;;;False;False;False;6980000.0;7210.0;Commune et commune nouvelle ;10 000  et plus ;False;1960-01-01;84.11Z;2008;5710.0;SAS, société par actions simplifiée;100  à  199;False;<NA>;2008;G;47;47.6;47.61;47.61Z;1965-01-01;(43.139062, 5.998814);La Valette-du-Var;Var;Provence-Alpes-Côte d'Azur;;;;;;;;;;;;
False;;;True;True;False;non attribue;;;False;;;2026-10-06;{'StreetName': 'Hôtel de ville – quai du port', 'AdditionalStreetName': None, 'CityName': 'Marseille Cedex 20', 'PostalZone': '13233', 'Country': 'FRA'};211300553;True;COMMUNE DE MARSEILLE;Ville de Marseille;;;fournitures;;;;;False;;False;{'StreetName': None, 'CityName': None, 'PostalZone': None, 'NUTS': 'FRL04', 'Country': 'FRA'};;;26-95906;;;;LOT-0007;37524700;;7;3.0;;Fourniture et livraison de matériels pédagogiques et éducatifs;ouverte;25_1367;;;;False;False;False;6980000.0;7210.0;Commune et commune nouvelle ;10 000  et plus ;False;1960-01-01;84.11Z;2008;;;;;;<NA>;;;;;<NA>;<NA>;;;;;;;;;;;;;;;;
False;;;True;True;False;attribue;{'StreetName': 'Impasse Lavoisier', 'AdditionalStreetName': None, 'CityName': 'LA VALETTE DU VAR', 'PostalZone': '83160', 'Country': 'FRA'};659501837;True;SOCIETE NOUVELLE LIBRAIRIE CHARLEMAGNE;SOCIETE NOUVELLE LIBRAIRIE CHARLEMAGNE;2026-10-06;{'StreetName': 'Hôtel de ville – quai du port', 'AdditionalStreetName': None, 'CityName': 'Marseille Cedex 20', 'PostalZone': '13233', 'Country': 'FRA'};211300553;True;COMMUNE DE MARSEILLE;Ville de Marseille;;;fournitures;;;;;False;;False;{'StreetName': None, 'CityName': None, 'PostalZone': None, 'NUTS': 'FRL04', 'Country': 'FRA'};;;26-95906;;857.0;;LOT-0009;37524000;;7;5.0;;Fourniture et livraison de matériels pédagogiques et éducatifs;ouverte;25_1367;;;;False;False;False;6980000.0;7210.0;Commune et commune nouvelle ;10 000  et plus ;False;1960-01-01;84.11Z;2008;5710.0;SAS, société par actions simplifiée;100  à  199;False;<NA>;2008;G;47;47.6;47.61;47.61Z;1965-01-01;(43.139062, 5.998814);La Valette-du-Var;Var;Provence-Alpes-Côte d'Azur;;;;;;;;;;;;
False;;;True;True;False;attribue;{'StreetName': 'Impasse Lavoisier ', 'AdditionalStreetName': None, 'CityName': 'LA VALETTE DU VAR', 'PostalZone': '83160', 'Country': 'FRA'};659501837;True;SOCIETE NOUVELLE LIBRAIRIE CHARLEMAGNE;SOCIETE NOUVELLE LIBRAIRIE CHARLEMAGNE;2026-10-06;{'StreetName': 'Hôtel de ville – quai du port', 'AdditionalStreetName': None, 'CityName': 'Marseille Cedex 20', 'PostalZone': '13233', 'Country': 'FRA'};211300553;True;COMMUNE DE MARSEILLE;Ville de Marseille;;;fournitures;;;;;False;;False;{'StreetName': None, 'CityName': None, 'PostalZone': None, 'NUTS': 'FRL04', 'Country': 'FRA'};;;26-95906;;52544.0;;LOT-0010;37524100;;7;2.0;;Fourniture et livraison de matériels pédagogiques et éducatifs;ouverte;25_1367;;;;False;False;False;6980000.0;7210.0;Commune et commune nouvelle ;10 000  et plus ;False;1960-01-01;84.11Z;2008;5710.0;SAS, société par actions simplifiée;100  à  199;False;<NA>;2008;G;47;47.6;47.61;47.61Z;1965-01-01;(43.139062, 5.998814);La Valette-du-Var;Var;Provence-Alpes-Côte d'Azur;;;;;;;;;;;;
False;;;;True;False;attribue;{'StreetName': '192 Rue Horace Bertin', 'AdditionalStreetName': None, 'CityName': 'Marseille', 'PostalZone': '13005', 'Country': 'FRA'};453331902;True;COMITE DEP SPORTIVE ENSEIGNEMENT 1 DEGRE;COMITE DEP SPORTIVE ENSEIGNEMENT 1 DEGRE;2026-10-06;{'StreetName': 'Hôtel de Ville - quai du port', 'AdditionalStreetName': None, 'CityName': 'Marseille Cedex 20', 'PostalZone': '13233', 'Country': 'FRA'};211300553;True;COMMUNE DE MARSEILLE;Ville de Marseille;;;services;"[""Valeur technique de l'offre"", ""Prix de l'offre"", 'Développement durable']";['technique', 'prix', 'environnemental'];;360.0;True;;False;{'StreetName': None, 'CityName': 'Marseille', 'PostalZone': '13001', 'NUTS': 'FRL04', 'Country': 'FRA'};;;26-95919;;100000.0;;LOT-0001;80000000;;8;2.0;;Réalisation des interventions du programme national « Savoir rouler à vélo » dans les écoles élémentaires publiques de la Ville de Marseille – 8 lots.;ouverte;25_1851;3.0;;;False;False;False;1660000.0;7210.0;Commune et commune nouvelle ;10 000  et plus ;False;1960-01-01;84.11Z;2008;9220.0;Association déclarée ;;True;<NA>;2008;P;85;85.5;85.59;85.59B;1987-02-04;(43.296069, 5.397218);Marseille;Bouches-du-Rhône;Provence-Alpes-Côte d'Azur;;;;;;;;;;;;
False;;;;True;False;attribue;{'StreetName': '2C Rue Henri Juramy', 'AdditionalStreetName': None, 'CityName': 'MARSEILLE', 'PostalZone': '13004', 'Country': 'FRA'};821212057;True;ENTENTE CULTURELLE ET SPORTIVE DE SEBASTOPOL;ENTENTE CULTURELLE ET SPORTIVE DE SEBASTOPOL;2026-10-06;{'StreetName': 'Hôtel de Ville - quai du port', 'AdditionalStreetName': None, 'CityName': 'Marseille Cedex 20', 'PostalZone': '13233', 'Country': 'FRA'};211300553;True;COMMUNE DE MARSEILLE;Ville de Marseille;;;services;"[""Valeur technique de l'offre"", ""Prix de l'offre"", 'Développement durable']";['technique', 'prix', 'environnemental'];[50.0, 40.0, 10.0];360.0;True;;False;{'StreetName': None, 'CityName': 'Marseille', 'PostalZone': '13001', 'NUTS': 'FRL04', 'Country': 'FRA'};;;26-95919;;240000.0;;LOT-0008;80000000;;8;2.0;;Réalisation des interventions du programme national « Savoir rouler à vélo » dans les écoles élémentaires publiques de la Ville de Marseille – 8 lots.;ouverte;25_1851;3.0;;;False;False;False;1660000.0;7210.0;Commune et commune nouvelle ;10 000  et plus ;False;1960-01-01;84.11Z;2008;9220.0;Association déclarée ;;True;<NA>;2008;S;94;94.9;94.99;94.99Z;2016-05-12;(43.299433, 5.400173);Marseille;Bouches-du-Rhône;Provence-Alpes-Côte d'Azur;;;;;;;;;;;;
False;;;;True;False;attribue;{'StreetName': 'ÉLODROME DES OLIVES\nAVENUE DES POILUS', 'AdditionalStreetName': None, 'CityName': 'MARSEILLE', 'PostalZone': '13013', 'Country': 'FRA'};421405366;True;COMITE DEPARTEMENTAL DE CYCLISME DES BDR;COMITE DÉPARTEMENTAL DE CYCLISME DES BDR;2026-10-06;{'StreetName': 'Hôtel de Ville - quai du port', 'AdditionalStreetName': None, 'CityName': 'Marseille Cedex 20', 'PostalZone': '13233', 'Country': 'FRA'};211300553;True;COMMUNE DE MARSEILLE;Ville de Marseille;;;services;"[""Valeur technique de l'offre"", ""Prix de l'offre"", 'Développement durable']";['technique', 'prix', 'environnemental'];[50.0, 40.0, 10.0];360.0;True;;False;{'StreetName': None, 'CityName': 'Marseille', 'PostalZone': '13001', 'NUTS': 'FRL04', 'Country': 'FRA'};;;26-95919;;240000.0;;LOT-0007;80000000;;8;4.0;;Réalisation des interventions du programme national « Savoir rouler à vélo » dans les écoles élémentaires publiques de la Ville de Marseille – 8 lots.;ouverte;25_1851;3.0;;;False;False;False;1660000.0;7210.0;Commune et commune nouvelle ;10 000  et plus ;False;1960-01-01;84.11Z;2008;9220.0;Association déclarée ;1  ou  2;True;<NA>;2008;R;93;93.1;93.12;93.12Z;1997-01-24;(43.32576, 5.440742);Marseille;Bouches-du-Rhône;Provence-Alpes-Côte d'Azur;;;;;;;;;;;;
False;;;;True;False;attribue;{'StreetName': '2C Rue Henri Juramy', 'AdditionalStreetName': None, 'CityName': 'MARSEILLE', 'PostalZone': '13004', 'Country': 'FRA'};821212057;True;ENTENTE CULTURELLE ET SPORTIVE DE SEBASTOPOL;ENTENTE CULTURELLE ET SPORTIVE DE SEBASTOPOL;2026-10-06;{'StreetName': 'Hôtel de Ville - quai du port', 'AdditionalStreetName': None, 'CityName': 'Marseille Cedex 20', 'PostalZone': '13233', 'Country': 'FRA'};211300553;True;COMMUNE DE MARSEILLE;Ville de Marseille;;;services;"[""Valeur technique de l'offre"", ""Prix de l'offre"", 'Développement durable']";['technique', 'prix', 'environnemental'];[50.0, 40.0, 10.0];360.0;True;;False;{'StreetName': None, 'CityName': 'Marseille', 'PostalZone': '13001', 'NUTS': 'FRL04', 'Country': 'FRA'};;;26-95919;;240000.0;;LOT-0006;80000000;;8;3.0;;Réalisation des interventions du programme national « Savoir rouler à vélo » dans les écoles élémentaires publiques de la Ville de Marseille – 8 lots.;ouverte;25_1851;3.0;;;False;False;False;1660000.0;7210.0;Commune et commune nouvelle ;10 000  et plus ;False;1960-01-01;84.11Z;2008;9220.0;Association déclarée ;;True;<NA>;2008;S;94;94.9;94.99;94.99Z;2016-05-12;(43.299433, 5.400173);Marseille;Bouches-du-Rhône;Provence-Alpes-Côte d'Azur;;;;;;;;;;;;
False;;;;True;False;attribue;{'StreetName': '2C Rue Henri Juramy', 'AdditionalStreetName': None, 'CityName': 'MARSEILLE', 'PostalZone': '13004', 'Country': 'FRA'};821212057;True;ENTENTE CULTURELLE ET SPORTIVE DE SEBASTOPOL;ENTENTE CULTURELLE ET SPORTIVE DE SEBASTOPOL;2026-10-06;{'StreetName': 'Hôtel de Ville - quai du port', 'AdditionalStreetName': None, 'CityName': 'Marseille Cedex 20', 'PostalZone': '13233', 'Country': 'FRA'};211300553;True;COMMUNE DE MARSEILLE;Ville de Marseille;;;services;"[""Valeur technique de l'offre"", ""Prix de l'offre"", 'Développement durable']";['technique', 'prix', 'environnemental'];[50.0, 40.0, 10.0];360.0;True;;False;{'StreetName': None, 'CityName': 'Marseille', 'PostalZone': '13001', 'NUTS': 'FRL04', 'Country': 'FRA'};;;26-95919;;240000.0;;LOT-0005;80000000;;8;2.0;;Réalisation des interventions du programme national « Savoir rouler à vélo » dans les écoles élémentaires publiques de la Ville de Marseille – 8 lots.;ouverte;25_1851;3.0;;;False;False;False;1660000.0;7210.0;Commune et commune nouvelle ;10 000  et plus ;False;1960-01-01;84.11Z;2008;9220.0;Association déclarée ;;True;<NA>;2008;S;94;94.9;94.99;94.99Z;2016-05-12;(43.299433, 5.400173);Marseille;Bouches-du-Rhône;Provence-Alpes-Côte d'Azur;;;;;;;;;;;;
False;;;;True;False;attribue;{'StreetName': '192 Rue Horace Bertin', 'AdditionalStreetName': None, 'CityName': 'Marseille', 'PostalZone': '13005', 'Country': 'FRA'};453331902;True;COMITE DEP SPORTIVE ENSEIGNEMENT 1 DEGRE;COMITE DEP SPORTIVE ENSEIGNEMENT 1 DEGRE;2026-10-06;{'StreetName': 'Hôtel de Ville - quai du port', 'AdditionalStreetName': None, 'CityName': 'Marseille Cedex 20', 'PostalZone': '13233', 'Country': 'FRA'};211300553;True;COMMUNE DE MARSEILLE;Ville de Marseille;;;services;"[""Valeur technique de l'offre"", ""Prix de l'offre"", 'Développement durable']";['technique', 'prix', 'environnemental'];;360.0;True;;False;{'StreetName': None, 'CityName': 'Marseille', 'PostalZone': '13001', 'NUTS': 'FRL04', 'Country': 'FRA'};;;26-95919;;200000.0;;LOT-0004;80000000;;8;2.0;;Réalisation des interventions du programme national « Savoir rouler à vélo » dans les écoles élémentaires publiques de la Ville de Marseille – 8 lots.;ouverte;25_1851;3.0;;;False;False;False;1660000.0;7210.0;Commune et commune nouvelle ;10 000  et plus ;False;1960-01-01;84.11Z;2008;9220.0;Association déclarée ;;True;<NA>;2008;P;85;85.5;85.59;85.59B;1987-02-04;(43.296069, 5.397218);Marseille;Bouches-du-Rhône;Provence-Alpes-Côte d'Azur;;;;;;;;;;;;
False;;;;True;False;attribue;{'StreetName': '2C Rue Henri Juramy', 'AdditionalStreetName': None, 'CityName': 'MARSEILLE', 'PostalZone': '13004', 'Country': 'FRA'};821212057;True;ENTENTE CULTURELLE ET SPORTIVE DE SEBASTOPOL;ENTENTE CULTURELLE ET SPORTIVE DE SEBASTOPOL;2026-10-06;{'StreetName': 'Hôtel de Ville - quai du port', 'AdditionalStreetName': None, 'CityName': 'Marseille Cedex 20', 'PostalZone': '13233', 'Country': 'FRA'};211300553;True;COMMUNE DE MARSEILLE;Ville de Marseille;;;services;"[""Valeur technique de l'offre"", ""Prix de l'offre"", 'Développement durable']";['technique', 'prix', 'environnemental'];[50.0, 40.0, 10.0];360.0;True;;False;{'StreetName': None, 'CityName': 'Marseille', 'PostalZone': '13001', 'NUTS': 'FRL04', 'Country': 'FRA'};;;26-95919;;200000.0;;LOT-0003;80000000;;8;3.0;;Réalisation des interventions du programme national « Savoir rouler à vélo » dans les écoles élémentaires publiques de la Ville de Marseille – 8 lots.;ouverte;25_1851;3.0;;;False;False;False;1660000.0;7210.0;Commune et commune nouvelle ;10 000  et plus ;False;1960-01-01;84.11Z;2008;9220.0;Association déclarée ;;True;<NA>;2008;S;94;94.9;94.99;94.99Z;2016-05-12;(43.299433, 5.400173);Marseille;Bouches-du-Rhône;Provence-Alpes-Côte d'Azur;;;;;;;;;;;;
False;['80000000'];;;True;False;attribue;{'StreetName': '2C Rue Henri Juramy', 'AdditionalStreetName': None, 'CityName': 'MARSEILLE', 'PostalZone': '13004', 'Country': 'FRA'};821212057;True;ENTENTE CULTURELLE ET SPORTIVE DE SEBASTOPOL;ENTENTE CULTURELLE ET SPORTIVE DE SEBASTOPOL;2026-10-06;{'StreetName': 'Hôtel de Ville - quai du port', 'AdditionalStreetName': None, 'CityName': 'Marseille Cedex 20', 'PostalZone': '13233', 'Country': 'FRA'};211300553;True;COMMUNE DE MARSEILLE;Ville de Marseille;;;services;"[""Valeur technique de l'offre"", ""Prix de l'offre"", 'Développement durable']";['technique', 'prix', 'environnemental'];[50.0, 40.0, 10.0];360.0;True;;False;{'StreetName': None, 'CityName': 'Marseille', 'PostalZone': '13001', 'NUTS': 'FRL04', 'Country': 'FRA'};;;26-95919;;200000.0;;LOT-0002;80000000;;8;3.0;;Réalisation des interventions du programme national « Savoir rouler à vélo » dans les écoles élémentaires publiques de la Ville de Marseille – 8 lots.;ouverte;25_1851;3.0;;;False;False;False;1660000.0;7210.0;Commune et commune nouvelle ;10 000  et plus ;False;1960-01-01;84.11Z;2008;9220.0;Association déclarée ;;True;<NA>;2008;S;94;94.9;94.99;94.99Z;2016-05-12;(43.299433, 5.400173);Marseille;Bouches-du-Rhône;Provence-Alpes-Côte d'Azur;;;;;;;;;;;;
False;;;True;True;False;en cours;;;False;;;2026-10-06;{'StreetName': '2 RUE DE LA COMMUNE DE PARIS', 'AdditionalStreetName': None, 'CityName': 'AUBERVILLIERS', 'PostalZone': '93300', 'Country': 'FRA'};219300019;True;COMMUNE D'AUBERVILLIERS;"Ville d&#039;Aubervilliers";;;travaux;"['méthodologie d’étude et travaux pour répondre aux exigences du marché : processus de prise en charge des demandes, conditions d’organisations et réalisations des prestations… - Sous-critères: ""Méthodes d’organisation et de coordination des travaux, moyens dédiés, cohérence entre les délais d’intervention proposés à l’acte d’engagement et les moyens mis en oeuvre pour les respecter"" valant pour 20% de la note finale - ""Méthodologie d’intervention en site occupé pour chacune de ces 4 typologies de bâtiments désamiantés : 1/Groupes scolaires, 2/crèches, 3/CMS, 4/Hôtel de Ville"" valant pour 15% de la note finale - ""Processus de prise en charge des demandes d’intervention dans les différents cas énoncés au CCAP"" valant pour 10% de la note finale - ""Dispositif de maitrise de la qualité et de traitement d’une éventuelle non-conformité:"" valant pour 10% de la note finale', 'Présentation des actions concrètes mise en place dans la société en faveur de la préservation de l’environnement dans le cadre de l’exécution de l’accord-cadre', 'prix sur la base : Du DQE caché (non contractuel et non remis au dossier de consultation) complété par le pouvoir adjudicateur à partir des prix du BPU (annexe 3 à l’acte d’engagement) du lot concerné']";['delai', 'environnemental & social', 'prix'];[55.0, 5.0, 40.0];;False;;False;{'StreetName': None, 'CityName': None, 'PostalZone': None, 'NUTS': 'FR106', 'Country': 'FRA'};;;26-95936;;;;LOT-0001;45443000;6200000.0;2;;;Groupement de commandes entre la ville et le CCAS relatif aux travaux publics pour l’entretien, les aménagements et les grosses réparations des bâtiments publics, de  travaux de substitution sur les b;ouverte;DST-05-26;3.0;;;False;False;False;;7210.0;Commune et commune nouvelle ;2 000  à  4 999;False;1980-01-01;84.11Z;2008;;;;;;<NA>;;;;;<NA>;<NA>;;;;;(48.914548, 2.381935);Aubervilliers;Seine-Saint-Denis;Île-de-France;;;;;;;;
False;;;True;True;False;attribue;;;False;;;2026-10-06;{'StreetName': '2 RUE DE LA COMMUNE DE PARIS', 'AdditionalStreetName': None, 'CityName': 'AUBERVILLIERS', 'PostalZone': '93300', 'Country': 'FRA'};219300019;True;COMMUNE D'AUBERVILLIERS;"Ville d&#039;Aubervilliers";;;travaux;"['méthodologie d’étude et travaux pour répondre aux exigences du marché : processus de prise en charge des demandes, conditions d’organisations et réalisations des prestations… - Sous-critères: ""Méthodes d’organisation et de coordination des travaux, moyens dédiés, cohérence entre les délais d’intervention proposés à l’acte d’engagement et les moyens mis en oeuvre pour les respecter"" valant pour 20% de la note finale - ""Méthodologie d’intervention en site occupé pour chacune de ces 4 typologies de bâtiments désamiantés : 1/Groupes scolaires, 2/crèches, 3/CMS, 4/Hôtel de Ville"" valant pour 15% de la note finale - ""Processus de prise en charge des demandes d’intervention dans les différents cas énoncés au CCAP"" valant pour 10% de la note finale - ""Dispositif de maitrise de la qualité et de traitement d’une éventuelle non-conformité:"" valant pour 10% de la note finale', 'Présentation des actions concrètes mise en place dans la société en faveur de la préservation de l’environnement dans le cadre de l’exécution de l’accord-cadre', 'prix sur la base : Du DQE caché (non contractuel et non remis au dossier de consultation) complété par le pouvoir adjudicateur à partir des prix du BPU (annexe 3 à l’acte d’engagement) du lot concerné']";['delai', 'environnemental & social', 'prix'];[55.0, 5.0, 40.0];360.0;False;;False;{'StreetName': None, 'CityName': None, 'PostalZone': None, 'NUTS': 'FR106', 'Country': 'FRA'};sans remise en concurrence;;26-95936;;;;LOT-0002;45421000;6200000.0;2;11.0;;Groupement de commandes entre la ville et le CCAS relatif aux travaux publics pour l’entretien, les aménagements et les grosses réparations des bâtiments publics, de  travaux de substitution sur les b;ouverte;DST-05-26;3.0;;;False;False;False;;7210.0;Commune et commune nouvelle ;2 000  à  4 999;False;1980-01-01;84.11Z;2008;;;;;;<NA>;;;;;<NA>;<NA>;;;;;(48.914548, 2.381935);Aubervilliers;Seine-Saint-Denis;Île-de-France;;;;;;;;
False;['45233221', '71222000', '34928400'];;True;True;False;attribue;;;False;;;2026-10-06;{'StreetName': '2 RUE DE LA COMMUNE DE PARIS', 'AdditionalStreetName': None, 'CityName': 'AUBERVILLIERS', 'PostalZone': '93300', 'Country': 'FRA'};219300019;True;COMMUNE D'AUBERVILLIERS;"Ville d&#039;Aubervilliers";;;services;['Prix', 'Valeur technique', 'Responsabilité sociétale et environnementale'];['prix', 'technique', 'environnemental & social'];[30.0, 56.0, 14.0];360.0;False;;False;{'StreetName': None, 'CityName': None, 'PostalZone': None, 'NUTS': 'FR106', 'Country': 'FRA'};;;26-95901;;111175.0;;LOT-0001;71410000;;2;15.0;;Marché d’étude, de conception et de mise en œuvre de micro-aménagements d’urbanisme tactique sur l’espace public;ouverte;DSU-01-26;;;;False;False;False;0.0;7210.0;Commune et commune nouvelle ;2 000  à  4 999;False;1980-01-01;84.11Z;2008;;;;;;<NA>;;;;;<NA>;<NA>;;;;;(48.914548, 2.381935);Aubervilliers;Seine-Saint-Denis;Île-de-France;;;;;;;;
False;['45233221', '71222000', '34928400'];;True;True;False;attribue;;;False;;;2026-10-06;{'StreetName': '2 RUE DE LA COMMUNE DE PARIS', 'AdditionalStreetName': None, 'CityName': 'AUBERVILLIERS', 'PostalZone': '93300', 'Country': 'FRA'};219300019;True;COMMUNE D'AUBERVILLIERS;"Ville d&#039;Aubervilliers";;;services;['Prix', 'Valeur technique', 'Responsabilité sociétale et environnementale'];['prix', 'technique', 'environnemental & social'];[30.0, 56.0, 14.0];360.0;False;;False;{'StreetName': None, 'CityName': None, 'PostalZone': None, 'NUTS': 'FR106', 'Country': 'FRA'};;;26-95901;;48275.0;;LOT-0002;71410000;;2;12.0;;Marché d’étude, de conception et de mise en œuvre de micro-aménagements d’urbanisme tactique sur l’espace public;ouverte;DSU-01-26;;;;False;False;False;0.0;7210.0;Commune et commune nouvelle ;2 000  à  4 999;False;1980-01-01;84.11Z;2008;;;;;;<NA>;;;;;<NA>;<NA>;;;;;(48.914548, 2.381935);Aubervilliers;Seine-Saint-Denis;Île-de-France;;;;;;;;
False;;;True;False;False;attribue;{'StreetName': '49 chemin des bories', 'AdditionalStreetName': None, 'CityName': 'Cenon', 'PostalZone': '33150', 'Country': 'FRA'};441939675;False;BORDEAUX TOURISME AFFAIRE;BORDEAUX TOURISME AFFAIRE;2026-10-06;{'StreetName': '130 allée de Boutaut', 'AdditionalStreetName': None, 'CityName': 'Bordeaux', 'PostalZone': '33300', 'Country': 'FRA'};781847421;True;CAISSE PRIMAIRE ASSURANCE MALADIE;CPAM DE LA GIRONDE;;;services;['Critère prix', 'Critères de valeur technique'];['prix', 'technique'];;1440.0;True;110000.0;False;{'StreetName': None, 'CityName': None, 'PostalZone': None, 'NUTS': 'FRI12', 'Country': 'FRA'};sans remise en concurrence;;26-95908;;;110000.0;LOT-0001;60000000;110000.0;1;1.0;;Marché de Transfert des assurés vers le Centre d'examens de santé  de la CPAM de la Gironde (avis d'attribution suite AOO);ouverte;06_2026PS;;;;False;False;False;;8110.0;Régime général de la Sécurité Sociale;1 000  à  1 999;False;1900-01-01;84.30A;2008;5710.0;SAS, société par actions simplifiée;20  à  49;False;<NA>;2008;H;49;49.3;49.39;49.39B;2002-06-07;(44.850617, -0.516931);Cenon;Gironde;Nouvelle-Aquitaine;(44.870647, -0.575933);Bordeaux;Gironde;Nouvelle-Aquitaine;;;;;;;;
False;;;True;True;False;attribue;{'StreetName': '19 avenue du Périgord', 'AdditionalStreetName': None, 'CityName': 'POMPIGNAC', 'PostalZone': '33370', 'Country': 'FRA'};464202373;True;VEOLIA PROPRETE AQUITAINE;VEOLIA PROPRETE AQUITAINE SAS;2026-10-06;{'StreetName': 'Esplanade des Arts et Métiers', 'AdditionalStreetName': None, 'CityName': 'Talence Cedex', 'PostalZone': '33402', 'Country': 'FRA'};180089013;True;CENTRE NATIONAL DE LA RECHERCHE SCIENTIFIQUE;CNRS-DR15;;;services;['Critère n° 3 : Prix - 30%\nApprécié sur la base de la réponse du soumissionnaire au Bordereau de Prix', 'Critère n°1 : Qualité technique de la prestation - 50%\n\nSous-critère n°1 : (F2) Garanties apportées en termes d’organisation et méthodologie de collecte (moyens techniques, optimisation des tournées, etc.…) - 30%\nApprécié sur la base de la réponse du soumissionnaire au cadre de réponse technique (CRT) \n\nSous-critère n°2 : (F3) Garanties apportées en termes de méthode de traitement et valorisation matière - 30%\nApprécié sur la base de la réponse du soumissionnaire au cadre de réponse technique (CRT) \n\nSous-critère n°3 : (F4) Garanties apportées en termes de gestion des non-conformités et anomalies - 20%\nApprécié sur la base de la réponse du soumissionnaire au cadre de réponse technique (CRT) \n\nSous-critère n°4 : (F5) Garanties apportées en termes de reporting et communication avec les correspondants techniques  - 20%\nApprécié sur la base de la réponse du soumissionnaire au cadre de réponse technique (CRT)', 'Critère n°2 : Développement durable et plan de progrès associé  - 20%\n\n(F6-F7) Garanties apportées en termes de propositions d’axes de progrès en adéquation avec les engagements environnementaux et sociaux du CNRS\n\nApprécié sur la base de la réponse du soumissionnaire au cadre de réponse technique (CRT)'];['prix', 'qualite', 'environnemental & social'];;1440.0;True;;False;{'StreetName': None, 'CityName': None, 'PostalZone': None, 'NUTS': 'FRI12', 'Country': 'FRA'};sans remise en concurrence;;26-95731;;200000.0;200000.0;LOT-0001;90511200;;2;5.0;;Prestations de collecte, tri, traitement des déchets et ordures ménagères pour les bâtiments affectés à la délégation Aquitaine du CNRS;ouverte;2615009;;;;True;True;True;360000.0;7389.0;Établissement public national à caractère administratif ;10 000  et plus ;False;1965-02-17;72.19Z;2008;5710.0;SAS, société par actions simplifiée;250  à  499;False;<NA>;2008;E;38;38.2;38.21;38.21Z;1964-01-01;(44.867078, -0.446618);Pompignac;Gironde;Nouvelle-Aquitaine;(44.804789, -0.601203);Talence;Gironde;Nouvelle-Aquitaine;;;;;;;;
False;['90511200'];;True;True;False;attribue;{'StreetName': '65 quai de Brazza', 'AdditionalStreetName': None, 'CityName': 'BORDEAUX', 'PostalZone': '33100', 'Country': 'FRA'};753212729;True;ACTES;SAS ACTES ELISE ATLANTIQUE;2026-10-06;{'StreetName': 'Esplanade des Arts et Métiers', 'AdditionalStreetName': None, 'CityName': 'Talence Cedex', 'PostalZone': '33402', 'Country': 'FRA'};180089013;True;CENTRE NATIONAL DE LA RECHERCHE SCIENTIFIQUE;CNRS-DR15;;;services;['Critère n° 3 : Prix - 30%\nApprécié sur la base de la réponse du soumissionnaire au Bordereau de Prix', 'Critère n°1 : Qualité technique de la prestation \n\nSous-critère n°1 : (F1) Garanties apportées en termes de qualité des contenants fournis (matériaux utilisés, fiches techniques, signalétique des flux, etc..)  - 20%\nApprécié sur la base de la réponse du soumissionnaire au cadre de réponse technique (CRT) \n\nSous-critère n°1 : (F2) Garanties apportées en termes d’organisation et méthodologie de collecte (ergonomie du dispositif, prise en compte des contraintes de site, etc..) - 40%\nApprécié sur la base de la réponse du soumissionnaire au cadre de réponse technique (CRT) \n\nSous-critère n°3 : (F3) Garanties apportées en termes de méthodes de traitement et valorisation matière - 20%\nApprécié sur la base de la réponse du soumissionnaire au cadre de réponse technique (CRT) \n\n\nSous-critère n°4 : (F5) garanties apportées en termes d’accompagnement lors du déploiement et du suivi d’exécution du marché - 20%\nApprécié sur la base de la réponse du soumissionnaire au cadre de réponse technique (CRT)', 'Critère n°2 : Développement durable et plan de progrès associé - 20%\n\n(F6) Garanties apportées en termes de propositions d’axes de progrès en adéquation avec les engagements environnementaux et sociaux du CNRS\nApprécié sur la base de la réponse du soumissionnaire au cadre de réponse technique (CRT)'];['prix', 'qualite', 'environnemental & social'];;1440.0;True;;False;{'StreetName': None, 'CityName': None, 'PostalZone': None, 'NUTS': 'FRI12', 'Country': 'FRA'};sans remise en concurrence;;26-95731;;160000.0;160000.0;LOT-0002;90514000;;2;1.0;;Prestations de collecte, tri, traitement des déchets et ordures ménagères pour les bâtiments affectés à la délégation Aquitaine du CNRS;ouverte;2615009;;;;True;True;True;360000.0;7389.0;Établissement public national à caractère administratif ;10 000  et plus ;False;1965-02-17;72.19Z;2008;5710.0;SAS, société par actions simplifiée;50  à  99;False;<NA>;2008;E;38;38.1;38.11;38.11Z;2012-08-23;(44.856189, -0.548885);Bordeaux;Gironde;Nouvelle-Aquitaine;(44.804789, -0.601203);Talence;Gironde;Nouvelle-Aquitaine;;;;;;;;
False;;;False;True;False;attribue;{'StreetName': None, 'AdditionalStreetName': None, 'CityName': 'PESSAC', 'PostalZone': '33600', 'Country': 'FRA'};414752519;True;INEO AQUITAINE;INEO AQUITAINE;2026-10-06;{'StreetName': '35 place Pey-Berland', 'AdditionalStreetName': None, 'CityName': 'BORDEAUX', 'PostalZone': '33000', 'Country': 'FRA'};130018351;True;UNIVERSITE DE BORDEAUX;UNIVERSITE DE BORDEAUX;;;services;;;;1460.0;True;;False;{'StreetName': None, 'CityName': None, 'PostalZone': None, 'NUTS': 'FRI12', 'Country': 'FRA'};sans remise en concurrence;;26-95974;;;;LOT-0001;50700000;3000000.0;3;5.0;;Exploitation et maintenance des installations électriques;ouverte;2025-166;;;;False;False;False;;7383.0;Établissement public national à caractère scientifique culturel et professionnel ;5 000  à  9 999;False;2014-01-01;85.42Z;2008;5710.0;SAS, société par actions simplifiée;500  à  999;False;<NA>;2008;F;43;43.2;43.21;43.21A;1997-12-05;;Pessac;Gironde;Nouvelle-Aquitaine;(44.837133, -0.578021);Bordeaux;Gironde;Nouvelle-Aquitaine;;;;;;;;
False;;;False;True;False;attribue;{'StreetName': None, 'AdditionalStreetName': None, 'CityName': 'PESSAC', 'PostalZone': '33600', 'Country': 'FRA'};308250570;True;ELECTRICITE INDUSTRIELLE J. P. FAUCHE;FAUCHE;2026-10-06;{'StreetName': '35 place Pey-Berland', 'AdditionalStreetName': None, 'CityName': 'BORDEAUX', 'PostalZone': '33000', 'Country': 'FRA'};130018351;True;UNIVERSITE DE BORDEAUX;UNIVERSITE DE BORDEAUX;;;services;;;;1460.0;True;;False;{'StreetName': None, 'CityName': None, 'PostalZone': None, 'NUTS': 'FRI12', 'Country': 'FRA'};sans remise en concurrence;;26-95974;;;;LOT-0002;50700000;3000000.0;3;3.0;;Exploitation et maintenance des installations électriques;ouverte;2025-166;;;;False;False;False;;7383.0;Établissement public national à caractère scientifique culturel et professionnel ;5 000  à  9 999;False;2014-01-01;85.42Z;2008;5710.0;SAS, société par actions simplifiée;1 000  à  1 999;False;<NA>;2008;F;43;43.2;43.21;43.21A;1977-01-01;;Pessac;Gironde;Nouvelle-Aquitaine;(44.837133, -0.578021);Bordeaux;Gironde;Nouvelle-Aquitaine;;;;;;;;
False;;;False;True;False;attribue;{'StreetName': None, 'AdditionalStreetName': None, 'CityName': 'PESSAC', 'PostalZone': '33600', 'Country': 'FRA'};308250570;True;ELECTRICITE INDUSTRIELLE J. P. FAUCHE;FAUCHE;2026-10-06;{'StreetName': '35 place Pey-Berland', 'AdditionalStreetName': None, 'CityName': 'BORDEAUX', 'PostalZone': '33000', 'Country': 'FRA'};130018351;True;UNIVERSITE DE BORDEAUX;UNIVERSITE DE BORDEAUX;;;services;;;;1460.0;True;;False;{'StreetName': None, 'CityName': None, 'PostalZone': None, 'NUTS': 'FRI12', 'Country': 'FRA'};sans remise en concurrence;;26-95974;;;;LOT-0003;50700000;3000000.0;3;5.0;;Exploitation et maintenance des installations électriques;ouverte;2025-166;;;;False;False;False;;7383.0;Établissement public national à caractère scientifique culturel et professionnel ;5 000  à  9 999;False;2014-01-01;85.42Z;2008;5710.0;SAS, société par actions simplifiée;1 000  à  1 999;False;<NA>;2008;F;43;43.2;43.21;43.21A;1977-01-01;;Pessac;Gironde;Nouvelle-Aquitaine;(44.837133, -0.578021);Bordeaux;Gironde;Nouvelle-Aquitaine;;;;;;;;
False;['63721000'];;True;False;False;attribue;{'StreetName': '7 Rue Oberkampf', 'AdditionalStreetName': None, 'CityName': 'Paris', 'PostalZone': '75011', 'Country': 'FRA'};499165462;False;LOCAPONTON;LOCAPONTON;2026-10-06;{'StreetName': 'Esplanade Charles de Gaulle', 'AdditionalStreetName': None, 'CityName': 'Bordeaux', 'PostalZone': '33045', 'Country': 'FRA'};243300316;False;BORDEAUX METROPOLE;Bordeaux Métropole;;2026-10-01+02:00;services;"[""Valeur technique de l'offre"", 'Prix']";['technique', 'prix'];[60.0, 40.0];;False;3000092.0;False;;sans remise en concurrence;;26-95808;;3000000.0;;LOT-0000;63721000;3000000.0;1;1.0;;Location d'infrastructures nautiques;ouverte;2025-MAAM-0067;;;;False;False;False;3000000.0;7344.0;Métropole;5 000  à  9 999;<NA>;1968-01-01;84.11Z;2008;5710.0;SAS, société par actions simplifiée;10  à  19;False;<NA>;2008;N;77;77.3;77.39;77.39Z;2007-07-05;(48.863032, 2.368103);Paris;Paris;Île-de-France;(44.837353, -0.584767);Bordeaux;Gironde;Nouvelle-Aquitaine;;;;;;;;
False;;;False;True;False;attribue;{'StreetName': '13 avenue des Cures', 'AdditionalStreetName': None, 'CityName': 'ANDILLY', 'PostalZone': '95580', 'Country': 'FRA'};628200255;True;PINSON PAYSAGE;PINSON PAYSAGE;2026-10-06;{'StreetName': 'Avenue Mademoiselle Dosne', 'AdditionalStreetName': None, 'CityName': 'Gargenville', 'PostalZone': '78440', 'Country': 'FRA'};217802677;True;COMMUNE DE GARGENVILLE;Commune de Gargenville;;;services;['Prix', 'Valeur technique'];['prix', 'technique'];[40.0, 60.0];1440.0;True;0.0;False;{'StreetName': None, 'CityName': None, 'PostalZone': None, 'NUTS': 'FR103', 'Country': 'FRA'};;;26-95809;;887829.2;0.0;LOT-0001;77310000;;2;8.0;;Entretien des espaces verts et des terrains de sport de la ville de Gargenville.;ouverte;2026-FCS-002;;;;False;False;False;1231030.92;7210.0;Commune et commune nouvelle ;100  à  199;False;1980-01-01;84.11Z;2008;5710.0;SAS, société par actions simplifiée;500  à  999;False;<NA>;2008;N;81;81.3;81.3;81.30Z;1962-01-01;(48.997976, 2.293101);Andilly;Val-d'Oise;Île-de-France;(48.989839, 1.810194);Gargenville;Yvelines;Île-de-France;;;;;;;;
False;;;False;True;False;attribue;;;False;;;2026-10-06;{'StreetName': 'Avenue Mademoiselle Dosne', 'AdditionalStreetName': None, 'CityName': 'Gargenville', 'PostalZone': '78440', 'Country': 'FRA'};217802677;True;COMMUNE DE GARGENVILLE;Commune de Gargenville;;;services;['Prix', 'Valeur technique'];['prix', 'technique'];[40.0, 60.0];1440.0;True;0.0;False;{'StreetName': None, 'CityName': None, 'PostalZone': None, 'NUTS': 'FR103', 'Country': 'FRA'};;;26-95809;;343201.72;;LOT-0002;77320000;;2;3.0;;Entretien des espaces verts et des terrains de sport de la ville de Gargenville.;ouverte;2026-FCS-002;;;;False;False;False;1231030.92;7210.0;Commune et commune nouvelle ;100  à  199;False;1980-01-01;84.11Z;2008;;;;;;<NA>;;;;;<NA>;<NA>;;;;;(48.989839, 1.810194);Gargenville;Yvelines;Île-de-France;;;;;;;;
False;;;True;False;False;attribue;{'StreetName': None, 'AdditionalStreetName': None, 'CityName': 'ASNIERES SUR SEINE', 'PostalZone': '92600', 'Country': 'FRA'};897743886;True;FC INGENIERIE CONSEIL;FC Ingénierie Conseil;2026-10-06;{'StreetName': '8 avenue du président Kennedy', 'AdditionalStreetName': None, 'CityName': 'SAINT-GERMAIN-EN-LAYE', 'PostalZone': '78100', 'Country': 'FRA'};130001902;True;;SERVICE D'INFRASTRUCTURE DE LA DEFENSE ILE DE FRANCE;;;services;['Prix des prestations', 'Valeur technique'];['prix', 'technique'];;720.0;True;;False;{'StreetName': None, 'CityName': 'BRETIGNY-SUR-ORGE', 'PostalZone': None, 'NUTS': 'FR104', 'Country': 'FRA'};;;26-95728;;85300.0;;LOT-0001;71250000;;1;6.0;;BRETIGNY-SUR-ORGE (91) – IRBA – Rafraichissement du bâtiment DEWOITINE -  Prestation d’études techniques CVC/thermique (AMO Thermique/CVC – Phase conception/exécution);ouverte;DAF_2026_000113;;;;False;False;False;85300.0;;;;;<NA>;<NA>;<NA>;5710.0;SAS, société par actions simplifiée;3  à  5;False;<NA>;2008;M;70;70.2;70.22;70.22Z;2021-03-23;;Asnières-sur-Seine;Hauts-de-Seine;Île-de-France;(48.913786, 2.080561);Saint-Germain-en-Laye;Yvelines;Île-de-France;;;;;;;;
False;;;True;False;False;attribue;{'StreetName': '28 rue Palloy', 'AdditionalStreetName': None, 'CityName': 'Clichy', 'PostalZone': '92110', 'Country': 'FRA'};499262418;True;CODEXA;CODEXA SAS;2026-10-06;{'StreetName': '73 avenue de Paris', 'AdditionalStreetName': None, 'CityName': 'Saint-Mandé', 'PostalZone': '94165 Cedex', 'Country': 'FRA'};180060030;True;METEO-FRANCE;Météo-France;;;services;;;;1440.0;True;;False;{'StreetName': None, 'CityName': None, 'PostalZone': None, 'NUTS': None, 'Country': 'FRA'};sans remise en concurrence;;26-95955;;260000.0;;LOT-0001;79500000;260000.0;1;6.0;;Prestations de transcription d’instances et de réunions institutionnelles organisées par certaines directions de métropole et d’Outre-mer de Météo-France;ouverte;METEO-FRANCE2699F0036;;;;False;False;False;260000.0;7389.0;Établissement public national à caractère administratif ;2 000  à  4 999;False;1993-11-01;84.13Z;2008;5710.0;SAS, société par actions simplifiée;20  à  49;False;<NA>;2008;N;82;82.1;82.19;82.19Z;2007-07-01;(48.90282, 2.308856);Clichy;Hauts-de-Seine;Île-de-France;(48.845726, 2.424573);Saint-Mandé;Val-de-Marne;Île-de-France;;;;;;;;
False;['66515000'];;True;True;False;attribue;{'StreetName': '2 Rue Leon Patoux', 'AdditionalStreetName': None, 'CityName': 'Reims', 'PostalZone': '51100', 'Country': 'FRA'};383987625;False;GROUPAMA NORD EST;GROUPAMA NORD-EST;2026-10-06;{'StreetName': '2, rue Laurent Gers', 'AdditionalStreetName': None, 'CityName': 'Saint-Laurent-Blangy', 'PostalZone': '62223', 'Country': 'FRA'};286200019;False;SCE DEPARTEMENTAL INCENDIE ET SECOURS;Ville de Saint-Laurent-Blangy;;;services;['Valeur Technique', 'Rse', 'Prix'];['technique', 'qualite', 'prix'];[50.0, 5.0, 45.0];;False;;False;;;;26-95933;;72529.88;;LOT-0001;66510000;;4;1.0;;SERVICES D'ASSURANCES POUR LA VILLE DE SAINT-LAURENT-BLANGY 2027-2030;ouverte;2026/07;;;;False;False;False;169006.96;7372.0;Service départemental d'incendie et de secours (SDIS);1 000  à  1 999;<NA>;1982-01-01;84.25Z;2008;8250.0;Assurance mutuelle agricole ;1 000  à  1 999;True;<NA>;2008;K;65;65.1;65.12;65.12Z;1992-01-01;(49.235948, 4.066603);Reims;Marne;Grand Est;(50.300017, 2.80154);Saint-Laurent-Blangy;Pas-de-Calais;Hauts-de-France;;;;;;;;
False;['66516000'];;True;True;False;attribue;{'StreetName': '159 Rue Du Fg Poissonniere', 'AdditionalStreetName': None, 'CityName': 'Paris 9', 'PostalZone': '75009', 'Country': 'FRA'};341539815;False;PARIS NORD ASSURANCES SERVICES;PARIS NORD ASSURANCES SERVICES;2026-10-06;{'StreetName': '2, rue Laurent Gers', 'AdditionalStreetName': None, 'CityName': 'Saint-Laurent-Blangy', 'PostalZone': '62223', 'Country': 'FRA'};286200019;False;SCE DEPARTEMENTAL INCENDIE ET SECOURS;Ville de Saint-Laurent-Blangy;;;services;['Valeur Technique', 'Rse', 'Prix'];['technique', 'qualite', 'prix'];[50.0, 5.0, 45.0];;False;;False;;;;26-95933;;25362.12;;LOT-0002;66510000;;4;1.0;;SERVICES D'ASSURANCES POUR LA VILLE DE SAINT-LAURENT-BLANGY 2027-2030;ouverte;2026/07;;;;False;False;False;169006.96;7372.0;Service départemental d'incendie et de secours (SDIS);1 000  à  1 999;<NA>;1982-01-01;84.25Z;2008;5710.0;SAS, société par actions simplifiée;20  à  49;False;<NA>;2008;K;66;66.2;66.22;66.22Z;1987-03-09;(48.880863, 2.349744);Paris;Paris;Île-de-France;(50.300017, 2.80154);Saint-Laurent-Blangy;Pas-de-Calais;Hauts-de-France;;;;;;;;
False;['66514110'];;True;True;False;attribue;{'StreetName': '2 Rue Leon Patoux', 'AdditionalStreetName': None, 'CityName': 'Reims', 'PostalZone': '51100', 'Country': 'FRA'};383987625;False;GROUPAMA NORD EST;GROUPAMA NORD-EST;2026-10-06;{'StreetName': '2, rue Laurent Gers', 'AdditionalStreetName': None, 'CityName': 'Saint-Laurent-Blangy', 'PostalZone': '62223', 'Country': 'FRA'};286200019;False;SCE DEPARTEMENTAL INCENDIE ET SECOURS;Ville de Saint-Laurent-Blangy;;;services;['Valeur Technique', 'Rse', 'Prix'];['technique', 'qualite', 'prix'];[50.0, 5.0, 45.0];;False;;False;;;;26-95933;;61969.04;;LOT-0003;66510000;;4;1.0;;SERVICES D'ASSURANCES POUR LA VILLE DE SAINT-LAURENT-BLANGY 2027-2030;ouverte;2026/07;;;;False;False;False;169006.96;7372.0;Service départemental d'incendie et de secours (SDIS);1 000  à  1 999;<NA>;1982-01-01;84.25Z;2008;8250.0;Assurance mutuelle agricole ;1 000  à  1 999;True;<NA>;2008;K;65;65.1;65.12;65.12Z;1992-01-01;(49.235948, 4.066603);Reims;Marne;Grand Est;(50.300017, 2.80154);Saint-Laurent-Blangy;Pas-de-Calais;Hauts-de-France;;;;;;;;
False;['66513000'];;True;True;False;attribue;{'StreetName': '141 Av Salvador Allende', 'AdditionalStreetName': None, 'CityName': 'Niort', 'PostalZone': '79000', 'Country': 'FRA'};301309605;False;SMACL ASSURANCES;SMACL ASSURANCES;2026-10-06;{'StreetName': '2, rue Laurent Gers', 'AdditionalStreetName': None, 'CityName': 'Saint-Laurent-Blangy', 'PostalZone': '62223', 'Country': 'FRA'};286200019;False;SCE DEPARTEMENTAL INCENDIE ET SECOURS;Ville de Saint-Laurent-Blangy;;;services;['Valeur Technique', 'Rse', 'Prix'];['technique', 'qualite', 'prix'];[50.0, 5.0, 45.0];;False;;False;;;;26-95933;;9145.92;;LOT-0004;66510000;;4;3.0;;SERVICES D'ASSURANCES POUR LA VILLE DE SAINT-LAURENT-BLANGY 2027-2030;ouverte;2026/07;;;;False;False;False;169006.96;7372.0;Service départemental d'incendie et de secours (SDIS);1 000  à  1 999;<NA>;1982-01-01;84.25Z;2008;6411.0;Société d'assurance à forme mutuelle;20  à  49;False;<NA>;2008;K;65;65.1;65.12;65.12Z;1972-10-21;(46.333546, -0.485756);Niort;Deux-Sèvres;Nouvelle-Aquitaine;(50.300017, 2.80154);Saint-Laurent-Blangy;Pas-de-Calais;Hauts-de-France;;;;;;;;
False;['50110000'];;True;False;False;attribue;{'StreetName': '8 R Pierre Gilles De Gennes', 'AdditionalStreetName': None, 'CityName': 'Saint-Jean-Du-Cardonnay', 'PostalZone': '76150', 'Country': 'FRA'};921417093;False;N TECH EQUIPEMENT;N TECH EQUIPEMENT;2026-10-06;{'StreetName': '108 All. François Mitterrand', 'AdditionalStreetName': '108 Allée François Mitterrand', 'CityName': 'Rouen', 'PostalZone': '76006', 'Country': 'FRA'};200023414;False;METROPOLE ROUEN NORMANDIE;MRN - Entité EPMD;;2026-11-01+01:00;fournitures;"['Valeur technique', ""Performances en matière de protection de l'environnement"", ""Critère délai d'intervention pour dépannage"", 'Prix des prestations']";['technique', 'environnemental', 'delai', 'prix'];[30.0, 10.0, 10.0, 50.0];360.0;True;3000000.0;False;;sans remise en concurrence;;26-95687;;3000000.0;;LOT-0000;44510000;3000000.0;1;2.0;;Fourniture et livraison d'outillages spécifiques et prestations associées pour les garages et ateliers de la Métropole Rouen Normandie;ouverte;26-EPMD-SBCD-OutilSpe;4.0;;;False;True;False;3000000.0;7344.0;Métropole;2 000  à  4 999;<NA>;2010-01-01;84.11Z;2008;5710.0;SAS, société par actions simplifiée;20  à  49;False;<NA>;2008;G;46;46.6;46.69;46.69B;2022-11-14;(49.485567, 1.018994);Saint-Jean-du-Cardonnay;Seine-Maritime;Normandie;(49.441434, 1.070565);Rouen;Seine-Maritime;Normandie;;;;;;;;
False;;;True;True;False;attribue;{'StreetName': '2 Avenue Gay Lussac', 'AdditionalStreetName': None, 'CityName': 'ÉLANCOURT', 'PostalZone': '78990', 'Country': 'FRA'};319159877;True;THALES LAS FRANCE SAS;THALES LAS FRANCE;2026-10-06;{'StreetName': '1 avenue du docteur Maurice Grynfogel', 'AdditionalStreetName': None, 'CityName': 'TOULOUSE', 'PostalZone': '31035', 'Country': 'FRA'};120064019;True;DIRECTION GENERALE DE L'AVIATION CIVILE;DSNA DTI;;;services;[];[];;1460.0;True;17000000.0;False;{'StreetName': None, 'CityName': None, 'PostalZone': None, 'NUTS': 'FRJ23', 'Country': 'FRA'};sans remise en concurrence;;26-95915;;7830447.5;6800000.0;LOT-0001;50324100;;2;1.0;;Maintenance électronique et mécanique des radars de surveillance Air;negociee;MPF-25-21104;2.0;;;False;False;False;19906056.0;7120.0;Service central d'un ministère ;500  à  999;False;1981-06-23;84.13Z;2008;5710.0;SAS, société par actions simplifiée;5 000  à  9 999;False;<NA>;2008;C;26;26.5;26.51;26.51A;1980-05-13;(48.7904, 1.97505);Élancourt;Yvelines;Île-de-France;(43.579203, 1.377862);Toulouse;Haute-Garonne;Occitanie;;;;;;;;
False;;;True;True;False;attribue;{'StreetName': '2 Avenue Gay Lussac', 'AdditionalStreetName': None, 'CityName': 'ÉLANCOURT', 'PostalZone': '78990', 'Country': 'FRA'};319159877;True;THALES LAS FRANCE SAS;THALES LAS FRANCE;2026-10-06;{'StreetName': '1 avenue du docteur Maurice Grynfogel', 'AdditionalStreetName': None, 'CityName': 'TOULOUSE', 'PostalZone': '31035', 'Country': 'FRA'};120064019;True;DIRECTION GENERALE DE L'AVIATION CIVILE;DSNA DTI;;;services;[];[];;1460.0;True;17000000.0;False;{'StreetName': None, 'CityName': None, 'PostalZone': None, 'NUTS': 'FRJ23', 'Country': 'FRA'};sans remise en concurrence;;26-95915;;12075609.33;10200000.0;LOT-0002;50324100;;2;1.0;;Maintenance électronique et mécanique des radars de surveillance Air;negociee;MPF-25-21104;2.0;;;False;False;False;19906056.0;7120.0;Service central d'un ministère ;500  à  999;False;1981-06-23;84.13Z;2008;5710.0;SAS, société par actions simplifiée;5 000  à  9 999;False;<NA>;2008;C;26;26.5;26.51;26.51A;1980-05-13;(48.7904, 1.97505);Élancourt;Yvelines;Île-de-France;(43.579203, 1.377862);Toulouse;Haute-Garonne;Occitanie;;;;;;;;
False;;;True;False;False;attribue;{'StreetName': '20 rue Blaise Pascal', 'AdditionalStreetName': None, 'CityName': 'MAXEVILLE', 'PostalZone': '54320', 'Country': 'FRA'};323159715;True;ADISTA;ADISTA;2026-10-06;{'StreetName': '135 Rue Périole', 'AdditionalStreetName': None, 'CityName': 'Toulouse', 'PostalZone': '31500', 'Country': 'FRA'};183109073;True;GIP FORMATION ET CERTIFICATION POUR L'INSERTION PROFESSIONNELLE;GIP FCIP TOULOUSE;;2027-01-01+02:00;services;"[""Le critère technique a été noté sur la base d'une pondération de 70 / 100."", 'Le prix a été évaluée sur une pondération de 30/100']";['technique', 'prix'];;;False;0.0;False;{'StreetName': None, 'CityName': None, 'PostalZone': None, 'NUTS': 'FRJ23', 'Country': 'FRA'};sans remise en concurrence;;26-95721;;316538.0;0.0;LOT-0001;72400000;600000.0;1;8.0;;FOURNITURE DE LIENS ET D'ACCES A INTERNET;ouverte;M-2026-07;;;;False;False;False;316538.0;7410.0;Groupement d'intérêt public (GIP) ;1 000  à  1 999;<NA>;2002-08-03;85.59A;2008;5710.0;SAS, société par actions simplifiée;500  à  999;False;False;2008;J;61;61.1;61.1;61.10Z;1981-10-29;(48.704401, 6.138438);Maxéville;Meurthe-et-Moselle;Grand Est;(43.619986, 1.468211);Toulouse;Haute-Garonne;Occitanie;;;;;;;;
False;['71240000'];;True;False;False;attribue;{'StreetName': '54 Rue Louis Roussel', 'AdditionalStreetName': None, 'CityName': 'Montpellier', 'PostalZone': '34000', 'Country': 'FRA'};407565738;False;EURL C & G;STEPHANE GOAVEC;2026-10-06;{'StreetName': '22 boulevard du Maréchal Juin', 'AdditionalStreetName': None, 'CityName': 'Toulouse', 'PostalZone': '31406', 'Country': 'FRA'};200053791;False;REGION OCCITANIE;Région Occitanie;;2026-07-13+02:00;services;"[""Valeur technique de l'offre"", 'Prix']";['technique', 'prix'];[50.0, 50.0];1620.0;True;;False;;;;26-95929;;313795.0;;LOT-0000;71240000;;1;22.0;;Mission de MOE pour la rénovation de la restauration pédagogique au lycée Voltaire à Nîmes (30);ouverte;2026-MOE-0002;;;;False;True;False;313795.0;7230.0;Région ;5 000  à  9 999;False;2016-01-01;84.11Z;2008;5710.0;SAS, société par actions simplifiée;6  à  9;False;<NA>;2008;M;71;71.1;71.12;71.12B;1996-04-01;(43.586205, 3.853806);Montpellier;Hérault;Occitanie;(43.5893, 1.440857);Toulouse;Haute-Garonne;Occitanie;;;;;;;;
False;['71240000'];;;False;False;attribue;{'StreetName': '13 Bis Rue Des Briquetiers', 'AdditionalStreetName': None, 'CityName': 'Blagnac', 'PostalZone': '31700', 'Country': 'FRA'};942685603;False;GROUPE REC;REC ARCHITECTURE;2026-10-06;{'StreetName': 'Place de la République', 'AdditionalStreetName': None, 'CityName': 'Saint Jory', 'PostalZone': '31790', 'Country': 'FRA'};213104904;False;COMMUNE DE SAINT JORY;COMMUNE  DE SAINT JORY;;;services;['Fonctionnelle', 'Opérationnelle (délais études, prix et délais des travaux)', 'Architecturale et insertion dans le site', 'Technique et environnementale'];['technique', 'delai', 'social', 'environnemental'];[30.0, 30.0, 20.0, 20.0];;True;;False;;;;26-95846;25-74417;;;LOT-0000;71240000;;1;26.0;;CONCOURS RESTREINT DE MAITRISE D'OEUVRE SUR ESQUISSE POUR LA RESTRUCTURATION ET L'EXTENSION DE LA CUISINE CENTRALE DE LA VILLE DE SAINT-JORY;restreinte;2026-01;;;False;False;True;False;;7210.0;Commune et commune nouvelle ;100  à  199;<NA>;1978-01-01;84.11Z;2008;5710.0;SAS, société par actions simplifiée;;False;False;2008;M;71;71.1;71.11;71.11Z;2025-02-07;(43.647942, 1.38009);Blagnac;Haute-Garonne;Occitanie;(43.742549, 1.370455);Saint-Jory;Haute-Garonne;Occitanie;;;;;;;;
False;;;True;False;False;attribue;{'StreetName': '16 RUE FRANCOIS ORY', 'AdditionalStreetName': None, 'CityName': 'MONTROUGE', 'PostalZone': '92120', 'Country': 'FRA'};393365135;True;EDENRED FRANCE;EDENRED FRANCE TICKET;2026-10-06;{'StreetName': 'BP 9', 'AdditionalStreetName': None, 'CityName': 'Vence Cedex', 'PostalZone': '06141', 'Country': 'FRA'};210601571;True;COMMUNE DE VENCE;Ville de Vence;;;fournitures;['Prix : 30', 'VALEUR TECHNIQUE : 70'];['prix', 'technique'];[30.0, 70.0];365.0;False;;False;{'StreetName': 'Place Clemenceau', 'CityName': 'VENCE', 'PostalZone': '06140', 'NUTS': 'FRL03', 'Country': 'FRA'};sans remise en concurrence;;26-95715;;600000.0;;LOT-0001;30199770;2400000.0;1;2.0;;FOURNITURE DE TITRES RESTAURANT;ouverte;;;;;False;False;False;600000.0;7210.0;Commune et commune nouvelle ;250  à  499;False;1901-01-01;84.11Z;2008;5710.0;SAS, société par actions simplifiée;500  à  999;False;<NA>;2008;K;66;66.1;66.19;66.19B;1993-12-20;(48.817783, 2.329017);Montrouge;Hauts-de-Seine;Île-de-France;;;;;;;;;;;;
False;['45262210'];;True;True;False;attribue;{'StreetName': '10 Chemin Du Lion', 'AdditionalStreetName': None, 'CityName': 'Vitrolles', 'PostalZone': '13127', 'Country': 'FRA'};983825795;False;LES CONSTRUCTEURS DU ROCHER;LES CONSTRUCTEURS DU ROCHER;2026-10-06;{'StreetName': 'agissant au nom et pour le compte du Centre Hospitalier de Béziers', 'AdditionalStreetName': '117 rue des Etats Généraux, Cs 19536', 'CityName': 'Montpellier', 'PostalZone': '34961', 'Country': 'FRA'};414107334;False;AGENCE REGIONALE DE L'AMENAGEMENT ET DE LA CONSTRUCTION OCCITANIE;SEM ARAC OCCITANIE;;;travaux;"[""Valeur technique de l'offre appréciée au regard du dossier technique fourni"", 'Prix']";['technique', 'prix'];[40.0, 60.0];;False;;False;;;;26-95682;;2150000.0;;LOT-0001;45215100;;19;12.0;12.0;Reconstruction de l'internat du Centre Hospitalier de Béziers - Lots 02 à 20;ouverte;3412-CHB-AOO;;;;True;False;True;7554870.57;5515.0;SA d'économie mixte à conseil d'administration ;1  ou  2;False;1997-09-09;71.12B;2008;5710.0;SAS, société par actions simplifiée;;False;<NA>;2008;F;43;43.9;43.99;43.99C;2024-01-18;(43.453288, 5.232867);Vitrolles;Bouches-du-Rhône;Provence-Alpes-Côte d'Azur;(43.604695, 3.899149);Montpellier;Hérault;Occitanie;;;;;;;;
False;['45343100'];;True;True;False;attribue;{'StreetName': 'Rue De Dion Bouton', 'AdditionalStreetName': None, 'CityName': 'Montelimar', 'PostalZone': '26200', 'Country': 'FRA'};421346891;False;DAUPHINE ISOLATION PROJECTION;DAUPHINE ISOLATION PROJECTION;2026-10-06;{'StreetName': 'agissant au nom et pour le compte du Centre Hospitalier de Béziers', 'AdditionalStreetName': '117 rue des Etats Généraux, Cs 19536', 'CityName': 'Montpellier', 'PostalZone': '34961', 'Country': 'FRA'};414107334;False;AGENCE REGIONALE DE L'AMENAGEMENT ET DE LA CONSTRUCTION OCCITANIE;SEM ARAC OCCITANIE;;;travaux;"[""Valeur technique de l'offre appréciée au regard du dossier technique fourni"", 'Prix']";['technique', 'prix'];[40.0, 60.0];;False;;False;;;;26-95682;;38000.0;;LOT-0002;45215100;;19;7.0;7.0;Reconstruction de l'internat du Centre Hospitalier de Béziers - Lots 02 à 20;ouverte;3412-CHB-AOO;;;;True;False;True;7554870.57;5515.0;SA d'économie mixte à conseil d'administration ;1  ou  2;False;1997-09-09;71.12B;2008;5710.0;SAS, société par actions simplifiée;20  à  49;False;<NA>;2008;F;43;43.2;43.29;43.29A;1998-12-26;(44.5434, 4.732835);Montélimar;Drôme;Auvergne-Rhône-Alpes;(43.604695, 3.899149);Montpellier;Hérault;Occitanie;;;;;;;;
False;['45261420'];;True;True;False;attribue;{'StreetName': '61 All De La Salsepareille', 'AdditionalStreetName': None, 'CityName': 'Grabels', 'PostalZone': '34790', 'Country': 'FRA'};509893228;False;SINGULAR DU SUD;SINGULAR DU SUD;2026-10-06;{'StreetName': 'agissant au nom et pour le compte du Centre Hospitalier de Béziers', 'AdditionalStreetName': '117 rue des Etats Généraux, Cs 19536', 'CityName': 'Montpellier', 'PostalZone': '34961', 'Country': 'FRA'};414107334;False;AGENCE REGIONALE DE L'AMENAGEMENT ET DE LA CONSTRUCTION OCCITANIE;SEM ARAC OCCITANIE;;;travaux;"[""Valeur technique de l'offre appréciée au regard du dossier technique fourni"", 'Prix']";['technique', 'prix'];[40.0, 60.0];;False;;False;;;;26-95682;;191900.0;;LOT-0003;45215100;;19;13.0;13.0;Reconstruction de l'internat du Centre Hospitalier de Béziers - Lots 02 à 20;ouverte;3412-CHB-AOO;;;;True;False;True;7554870.57;5515.0;SA d'économie mixte à conseil d'administration ;1  ou  2;False;1997-09-09;71.12B;2008;5499.0;Société à responsabilité limitée (sans autre indication);1  ou  2;False;<NA>;2008;F;43;43.9;43.99;43.99A;2009-01-20;(43.651734, 3.833311);Grabels;Hérault;Occitanie;(43.604695, 3.899149);Montpellier;Hérault;Occitanie;;;;;;;;
False;['45421000'];;True;True;False;attribue;{'StreetName': 'Zae Le Monestie', 'AdditionalStreetName': None, 'CityName': 'Boujan-Sur-Libron', 'PostalZone': '34760', 'Country': 'FRA'};387799026;False;ETABLISSEMENTS PIERRE SONZOGNI;ETABLISSEMENTS PIERRE SONZOGNI;2026-10-06;{'StreetName': 'agissant au nom et pour le compte du Centre Hospitalier de Béziers', 'AdditionalStreetName': '117 rue des Etats Généraux, Cs 19536', 'CityName': 'Montpellier', 'PostalZone': '34961', 'Country': 'FRA'};414107334;False;AGENCE REGIONALE DE L'AMENAGEMENT ET DE LA CONSTRUCTION OCCITANIE;SEM ARAC OCCITANIE;;;travaux;"[""Valeur technique de l'offre appréciée au regard du dossier technique fourni"", 'Prix']";['technique', 'prix'];[40.0, 60.0];;False;;False;;;;26-95682;;98064.88;;LOT-0004;45215100;;19;11.0;11.0;Reconstruction de l'internat du Centre Hospitalier de Béziers - Lots 02 à 20;ouverte;3412-CHB-AOO;;;;True;False;True;7554870.57;5515.0;SA d'économie mixte à conseil d'administration ;1  ou  2;False;1997-09-09;71.12B;2008;5710.0;SAS, société par actions simplifiée;10  à  19;False;<NA>;2008;F;43;43.3;43.32;43.32B;1992-04-01;(43.365582, 3.244891);Boujan-sur-Libron;Hérault;Occitanie;(43.604695, 3.899149);Montpellier;Hérault;Occitanie;;;;;;;;
False;['45421150'];;True;True;False;attribue;{'StreetName': '8 Av Du Champ De Mars', 'AdditionalStreetName': None, 'CityName': 'Narbonne', 'PostalZone': '11100', 'Country': 'FRA'};977250307;False;SAS BARSALOU;SAS BARSALOU;2026-10-06;{'StreetName': 'agissant au nom et pour le compte du Centre Hospitalier de Béziers', 'AdditionalStreetName': '117 rue des Etats Généraux, Cs 19536', 'CityName': 'Montpellier', 'PostalZone': '34961', 'Country': 'FRA'};414107334;False;AGENCE REGIONALE DE L'AMENAGEMENT ET DE LA CONSTRUCTION OCCITANIE;SEM ARAC OCCITANIE;;;travaux;"[""Valeur technique de l'offre appréciée au regard du dossier technique fourni"", 'Prix']";['technique', 'prix'];[40.0, 60.0];;False;;False;;;;26-95682;;125975.56;;LOT-0005;45215100;;19;12.0;12.0;Reconstruction de l'internat du Centre Hospitalier de Béziers - Lots 02 à 20;ouverte;3412-CHB-AOO;;;;True;False;True;7554870.57;5515.0;SA d'économie mixte à conseil d'administration ;1  ou  2;False;1997-09-09;71.12B;2008;5710.0;SAS, société par actions simplifiée;20  à  49;False;<NA>;2008;F;43;43.3;43.32;43.32B;1972-01-01;(43.19155, 3.019438);Narbonne;Aude;Occitanie;(43.604695, 3.899149);Montpellier;Hérault;Occitanie;;;;;;;;
False;['45421000'];;True;True;False;attribue;{'StreetName': '154 Imp Barthelemy Thimonnier', 'AdditionalStreetName': None, 'CityName': 'Beziers', 'PostalZone': '34500', 'Country': 'FRA'};421545898;False;CARAYON;CARAYON;2026-10-06;{'StreetName': 'agissant au nom et pour le compte du Centre Hospitalier de Béziers', 'AdditionalStreetName': '117 rue des Etats Généraux, Cs 19536', 'CityName': 'Montpellier', 'PostalZone': '34961', 'Country': 'FRA'};414107334;False;AGENCE REGIONALE DE L'AMENAGEMENT ET DE LA CONSTRUCTION OCCITANIE;SEM ARAC OCCITANIE;;;travaux;"[""Valeur technique de l'offre appréciée au regard du dossier technique fourni"", 'Prix']";['technique', 'prix'];[40.0, 60.0];;False;;False;;;;26-95682;;372750.0;;LOT-0006;45215100;;19;8.0;8.0;Reconstruction de l'internat du Centre Hospitalier de Béziers - Lots 02 à 20;ouverte;3412-CHB-AOO;;;;True;False;True;7554870.57;5515.0;SA d'économie mixte à conseil d'administration ;1  ou  2;False;1997-09-09;71.12B;2008;5710.0;SAS, société par actions simplifiée;20  à  49;False;<NA>;2008;F;43;43.3;43.32;43.32A;1999-01-01;(43.367302, 3.218997);Béziers;Hérault;Occitanie;(43.604695, 3.899149);Montpellier;Hérault;Occitanie;;;;;;;;
False;['45421141'];;True;True;False;attribue;{'StreetName': '34 Bd Pasteur', 'AdditionalStreetName': None, 'CityName': 'Boujan-Sur-Libron', 'PostalZone': '34760', 'Country': 'FRA'};791738156;False;BITERROISE DE PLATRERIE;BITERROISE DE PLATRERIE;2026-10-06;{'StreetName': 'agissant au nom et pour le compte du Centre Hospitalier de Béziers', 'AdditionalStreetName': '117 rue des Etats Généraux, Cs 19536', 'CityName': 'Montpellier', 'PostalZone': '34961', 'Country': 'FRA'};414107334;False;AGENCE REGIONALE DE L'AMENAGEMENT ET DE LA CONSTRUCTION OCCITANIE;SEM ARAC OCCITANIE;;;travaux;"[""Valeur technique de l'offre appréciée au regard du dossier technique fourni"", 'Prix']";['technique', 'prix'];[40.0, 60.0];;False;;False;;;;26-95682;;349724.55;;LOT-0007;45215100;;19;10.0;10.0;Reconstruction de l'internat du Centre Hospitalier de Béziers - Lots 02 à 20;ouverte;3412-CHB-AOO;;;;True;False;True;7554870.57;5515.0;SA d'économie mixte à conseil d'administration ;1  ou  2;False;1997-09-09;71.12B;2008;5710.0;SAS, société par actions simplifiée;3  à  5;False;<NA>;2008;F;43;43.3;43.31;43.31Z;2013-03-07;(43.37066, 3.251051);Boujan-sur-Libron;Hérault;Occitanie;(43.604695, 3.899149);Montpellier;Hérault;Occitanie;;;;;;;;
False;['45432111'];;True;True;False;attribue;{'StreetName': '16 Impasse Pasturals', 'AdditionalStreetName': None, 'CityName': 'Vias', 'PostalZone': '34450', 'Country': 'FRA'};939867461;False;CERAMIC;CERAMIC;2026-10-06;{'StreetName': 'agissant au nom et pour le compte du Centre Hospitalier de Béziers', 'AdditionalStreetName': '117 rue des Etats Généraux, Cs 19536', 'CityName': 'Montpellier', 'PostalZone': '34961', 'Country': 'FRA'};414107334;False;AGENCE REGIONALE DE L'AMENAGEMENT ET DE LA CONSTRUCTION OCCITANIE;SEM ARAC OCCITANIE;;;travaux;"[""Valeur technique de l'offre appréciée au regard du dossier technique fourni"", 'Prix']";['technique', 'prix'];[40.0, 60.0];;False;;False;;;;26-95682;;365715.47;;LOT-0008;45215100;;19;9.0;9.0;Reconstruction de l'internat du Centre Hospitalier de Béziers - Lots 02 à 20;ouverte;3412-CHB-AOO;;;;True;False;True;7554870.57;5515.0;SA d'économie mixte à conseil d'administration ;1  ou  2;False;1997-09-09;71.12B;2008;5710.0;SAS, société par actions simplifiée;;False;False;2008;F;43;43.3;43.33;43.33Z;2025-01-14;(43.309435, 3.427738);Vias;Hérault;Occitanie;(43.604695, 3.899149);Montpellier;Hérault;Occitanie;;;;;;;;
False;['44316500'];;True;True;False;attribue;"{'StreetName': ""Rte De Clermont L'Herault"", 'AdditionalStreetName': None, 'CityName': 'Peret', 'PostalZone': '34800', 'Country': 'FRA'}";342425584;False;SOC OCCITANE DE METALLURGIE;SOC OCCITANE DE METALLURGIE SOMETAL;2026-10-06;{'StreetName': 'agissant au nom et pour le compte du Centre Hospitalier de Béziers', 'AdditionalStreetName': '117 rue des Etats Généraux, Cs 19536', 'CityName': 'Montpellier', 'PostalZone': '34961', 'Country': 'FRA'};414107334;False;AGENCE REGIONALE DE L'AMENAGEMENT ET DE LA CONSTRUCTION OCCITANIE;SEM ARAC OCCITANIE;;;travaux;"[""Valeur technique de l'offre appréciée au regard du dossier technique fourni"", 'Prix']";['technique', 'prix'];[40.0, 60.0];;False;;False;;;;26-95682;;320442.0;;LOT-0009;45215100;;19;14.0;14.0;Reconstruction de l'internat du Centre Hospitalier de Béziers - Lots 02 à 20;ouverte;3412-CHB-AOO;;;;True;False;True;7554870.57;5515.0;SA d'économie mixte à conseil d'administration ;1  ou  2;False;1997-09-09;71.12B;2008;5710.0;SAS, société par actions simplifiée;20  à  49;<NA>;<NA>;2008;C;25;25.1;25.11;25.11Z;1987-06-30;(43.573586, 3.415928);Péret;Hérault;Occitanie;(43.604695, 3.899149);Montpellier;Hérault;Occitanie;;;;;;;;
False;['45311000'];;True;True;False;attribue;{'StreetName': '374 Rue Charles Nungesser', 'AdditionalStreetName': None, 'CityName': 'Mauguio', 'PostalZone': '34130', 'Country': 'FRA'};056800659;False;SNEF;SNEF;2026-10-06;{'StreetName': 'agissant au nom et pour le compte du Centre Hospitalier de Béziers', 'AdditionalStreetName': '117 rue des Etats Généraux, Cs 19536', 'CityName': 'Montpellier', 'PostalZone': '34961', 'Country': 'FRA'};414107334;False;AGENCE REGIONALE DE L'AMENAGEMENT ET DE LA CONSTRUCTION OCCITANIE;SEM ARAC OCCITANIE;;;travaux;"[""Valeur technique de l'offre appréciée au regard du dossier technique fourni"", 'Prix']";['technique', 'prix'];[40.0, 60.0];;False;;False;;;;26-95682;;843804.89;;LOT-0010;45215100;;19;8.0;8.0;Reconstruction de l'internat du Centre Hospitalier de Béziers - Lots 02 à 20;ouverte;3412-CHB-AOO;;;;True;False;True;7554870.57;5515.0;SA d'économie mixte à conseil d'administration ;1  ou  2;False;1997-09-09;71.12B;2008;5599.0;SA à conseil d'administration (s.a.i.);2 000  à  4 999;False;False;2008;F;43;43.2;43.21;43.21A;1954-01-01;(43.587119, 3.935049);Mauguio;Hérault;Occitanie;(43.604695, 3.899149);Montpellier;Hérault;Occitanie;;;;;;;;
False;['45330000'];;True;True;False;attribue;{'StreetName': '16 Rue Nicephore Niepce', 'AdditionalStreetName': None, 'CityName': 'Olemps', 'PostalZone': '12510', 'Country': 'FRA'};426980033;False;THERMATIC;THERMATIC SAS;2026-10-06;{'StreetName': 'agissant au nom et pour le compte du Centre Hospitalier de Béziers', 'AdditionalStreetName': '117 rue des Etats Généraux, Cs 19536', 'CityName': 'Montpellier', 'PostalZone': '34961', 'Country': 'FRA'};414107334;False;AGENCE REGIONALE DE L'AMENAGEMENT ET DE LA CONSTRUCTION OCCITANIE;SEM ARAC OCCITANIE;;;travaux;"[""Valeur technique de l'offre appréciée au regard du dossier technique fourni"", 'Prix']";['technique', 'prix'];[40.0, 60.0];;False;;False;;;;26-95682;;1549919.46;;LOT-0011;45215100;;19;6.0;6.0;Reconstruction de l'internat du Centre Hospitalier de Béziers - Lots 02 à 20;ouverte;3412-CHB-AOO;;;;True;False;True;7554870.57;5515.0;SA d'économie mixte à conseil d'administration ;1  ou  2;False;1997-09-09;71.12B;2008;5710.0;SAS, société par actions simplifiée;100  à  199;False;<NA>;2008;F;43;43.2;43.22;43.22B;1969-01-01;(44.325917, 2.563473);Olemps;Aveyron;Occitanie;(43.604695, 3.899149);Montpellier;Hérault;Occitanie;;;;;;;;
False;['39310000'];;True;True;False;attribue;{'StreetName': 'Pont Des Charrettes', 'AdditionalStreetName': None, 'CityName': 'Uzes', 'PostalZone': '30700', 'Country': 'FRA'};327579793;False;GHEZZI MENUISERIE SAS;GHEZZI MENUISERIE SAS;2026-10-06;{'StreetName': 'agissant au nom et pour le compte du Centre Hospitalier de Béziers', 'AdditionalStreetName': '117 rue des Etats Généraux, Cs 19536', 'CityName': 'Montpellier', 'PostalZone': '34961', 'Country': 'FRA'};414107334;False;AGENCE REGIONALE DE L'AMENAGEMENT ET DE LA CONSTRUCTION OCCITANIE;SEM ARAC OCCITANIE;;;travaux;"[""Valeur technique de l'offre appréciée au regard du dossier technique fourni"", 'Prix']";['technique', 'prix'];[40.0, 60.0];;False;;False;;;;26-95682;;26926.41;;LOT-0012;45215100;;19;1.0;1.0;Reconstruction de l'internat du Centre Hospitalier de Béziers - Lots 02 à 20;ouverte;3412-CHB-AOO;;;;True;False;True;7554870.57;5515.0;SA d'économie mixte à conseil d'administration ;1  ou  2;False;1997-09-09;71.12B;2008;5710.0;SAS, société par actions simplifiée;20  à  49;False;<NA>;2008;F;43;43.3;43.32;43.32A;1983-07-01;(44.014926, 4.409139);Uzès;Gard;Occitanie;(43.604695, 3.899149);Montpellier;Hérault;Occitanie;;;;;;;;
False;['45313100'];;True;True;False;attribue;{'StreetName': 'Imp Du Muguet Rte De Bordeaux', 'AdditionalStreetName': None, 'CityName': 'Serres-Castet', 'PostalZone': '64121', 'Country': 'FRA'};350888996;False;ORONA SUD-OUEST;ORONA SUD-OUEST;2026-10-06;{'StreetName': 'agissant au nom et pour le compte du Centre Hospitalier de Béziers', 'AdditionalStreetName': '117 rue des Etats Généraux, Cs 19536', 'CityName': 'Montpellier', 'PostalZone': '34961', 'Country': 'FRA'};414107334;False;AGENCE REGIONALE DE L'AMENAGEMENT ET DE LA CONSTRUCTION OCCITANIE;SEM ARAC OCCITANIE;;;travaux;"[""Valeur technique de l'offre appréciée au regard du dossier technique fourni"", 'Prix']";['technique', 'prix'];[40.0, 60.0];;False;;False;;;;26-95682;;26150.0;;LOT-0013;45215100;;19;4.0;4.0;Reconstruction de l'internat du Centre Hospitalier de Béziers - Lots 02 à 20;ouverte;3412-CHB-AOO;;;;True;False;True;7554870.57;5515.0;SA d'économie mixte à conseil d'administration ;1  ou  2;False;1997-09-09;71.12B;2008;5710.0;SAS, société par actions simplifiée;100  à  199;False;<NA>;2008;F;43;43.2;43.29;43.29B;1989-01-15;(43.390969, -0.380708);Serres-Castet;Pyrénées-Atlantiques;Nouvelle-Aquitaine;(43.604695, 3.899149);Montpellier;Hérault;Occitanie;;;;;;;;
False;['45442100'];;True;True;False;attribue;{'StreetName': '13 Rue Charles Cros', 'AdditionalStreetName': None, 'CityName': 'Jacou', 'PostalZone': '34830', 'Country': 'FRA'};791342934;False;LAM PEINTURE;LAM PEINTURE;2026-10-06;{'StreetName': 'agissant au nom et pour le compte du Centre Hospitalier de Béziers', 'AdditionalStreetName': '117 rue des Etats Généraux, Cs 19536', 'CityName': 'Montpellier', 'PostalZone': '34961', 'Country': 'FRA'};414107334;False;AGENCE REGIONALE DE L'AMENAGEMENT ET DE LA CONSTRUCTION OCCITANIE;SEM ARAC OCCITANIE;;;travaux;"[""Valeur technique de l'offre appréciée au regard du dossier technique fourni"", 'Prix']";['technique', 'prix'];[40.0, 60.0];;False;;False;;;;26-95682;;136121.75;;LOT-0014;45215100;;19;9.0;9.0;Reconstruction de l'internat du Centre Hospitalier de Béziers - Lots 02 à 20;ouverte;3412-CHB-AOO;;;;True;False;True;7554870.57;5515.0;SA d'économie mixte à conseil d'administration ;1  ou  2;False;1997-09-09;71.12B;2008;5499.0;Société à responsabilité limitée (sans autre indication);10  à  19;False;<NA>;2008;F;43;43.3;43.34;43.34Z;2013-02-15;(43.656904, 3.901835);Jacou;Hérault;Occitanie;(43.604695, 3.899149);Montpellier;Hérault;Occitanie;;;;;;;;
False;['45261420'];;True;True;False;attribue;{'StreetName': '5 Rue De Stockholm', 'AdditionalStreetName': None, 'CityName': 'Vendres', 'PostalZone': '34350', 'Country': 'FRA'};941180887;False;MILLENIUM HERAULT;GROUP MILLENIUM;2026-10-06;{'StreetName': 'agissant au nom et pour le compte du Centre Hospitalier de Béziers', 'AdditionalStreetName': '117 rue des Etats Généraux, Cs 19536', 'CityName': 'Montpellier', 'PostalZone': '34961', 'Country': 'FRA'};414107334;False;AGENCE REGIONALE DE L'AMENAGEMENT ET DE LA CONSTRUCTION OCCITANIE;SEM ARAC OCCITANIE;;;travaux;"[""Valeur technique de l'offre appréciée au regard du dossier technique fourni"", 'Prix']";['technique', 'prix'];[40.0, 60.0];;False;;False;;;;26-95682;;306272.16;;LOT-0015;45215100;;19;14.0;14.0;Reconstruction de l'internat du Centre Hospitalier de Béziers - Lots 02 à 20;ouverte;3412-CHB-AOO;;;;True;False;True;7554870.57;5515.0;SA d'économie mixte à conseil d'administration ;1  ou  2;False;1997-09-09;71.12B;2008;5710.0;SAS, société par actions simplifiée;;False;False;2008;F;43;43.9;43.99;43.99D;2025-01-23;(43.301324, 3.220072);Vendres;Hérault;Occitanie;(43.604695, 3.899149);Montpellier;Hérault;Occitanie;;;;;;;;
False;['45262650'];;True;True;False;attribue;{'StreetName': '84 Rue De Fenouillet', 'AdditionalStreetName': None, 'CityName': 'Toulouse', 'PostalZone': '31000', 'Country': 'FRA'};682040837;False;SMAC;SMAC;2026-10-06;{'StreetName': 'agissant au nom et pour le compte du Centre Hospitalier de Béziers', 'AdditionalStreetName': '117 rue des Etats Généraux, Cs 19536', 'CityName': 'Montpellier', 'PostalZone': '34961', 'Country': 'FRA'};414107334;False;AGENCE REGIONALE DE L'AMENAGEMENT ET DE LA CONSTRUCTION OCCITANIE;SEM ARAC OCCITANIE;;;travaux;"[""Valeur technique de l'offre appréciée au regard du dossier technique fourni"", 'Prix']";['technique', 'prix'];[40.0, 60.0];;False;;False;;;;26-95682;;104982.01;;LOT-0016;45215100;;19;3.0;3.0;Reconstruction de l'internat du Centre Hospitalier de Béziers - Lots 02 à 20;ouverte;3412-CHB-AOO;;;;True;False;True;7554870.57;5515.0;SA d'économie mixte à conseil d'administration ;1  ou  2;False;1997-09-09;71.12B;2008;5710.0;SAS, société par actions simplifiée;2 000  à  4 999;False;<NA>;2008;F;43;43.9;43.99;43.99A;1968-01-01;(43.632854, 1.422414);Toulouse;Haute-Garonne;Occitanie;(43.604695, 3.899149);Montpellier;Hérault;Occitanie;;;;;;;;
False;['45421148'];;True;True;False;attribue;"{'StreetName': ""Rte De Clermont L'Herault"", 'AdditionalStreetName': None, 'CityName': 'Peret', 'PostalZone': '34800', 'Country': 'FRA'}";342425584;False;SOC OCCITANE DE METALLURGIE;SOC OCCITANE DE METALLURGIE SOMETAL;2026-10-06;{'StreetName': 'agissant au nom et pour le compte du Centre Hospitalier de Béziers', 'AdditionalStreetName': '117 rue des Etats Généraux, Cs 19536', 'CityName': 'Montpellier', 'PostalZone': '34961', 'Country': 'FRA'};414107334;False;AGENCE REGIONALE DE L'AMENAGEMENT ET DE LA CONSTRUCTION OCCITANIE;SEM ARAC OCCITANIE;;;travaux;"[""Valeur technique de l'offre appréciée au regard du dossier technique fourni"", 'Prix']";['technique', 'prix'];[40.0, 60.0];;False;;False;;;;26-95682;;23624.13;;LOT-0017;45215100;;19;2.0;2.0;Reconstruction de l'internat du Centre Hospitalier de Béziers - Lots 02 à 20;ouverte;3412-CHB-AOO;;;;True;False;True;7554870.57;5515.0;SA d'économie mixte à conseil d'administration ;1  ou  2;False;1997-09-09;71.12B;2008;5710.0;SAS, société par actions simplifiée;20  à  49;<NA>;<NA>;2008;C;25;25.1;25.11;25.11Z;1987-06-30;(43.573586, 3.415928);Péret;Hérault;Occitanie;(43.604695, 3.899149);Montpellier;Hérault;Occitanie;;;;;;;;
False;['45233141'];;True;True;False;attribue;{'StreetName': '2 Che De La Bedissiere', 'AdditionalStreetName': None, 'CityName': 'Thezan-Les-Beziers', 'PostalZone': '34490', 'Country': 'FRA'};390226827;False;TP BESSIERE;TP BESSIERE;2026-10-06;{'StreetName': 'agissant au nom et pour le compte du Centre Hospitalier de Béziers', 'AdditionalStreetName': '117 rue des Etats Généraux, Cs 19536', 'CityName': 'Montpellier', 'PostalZone': '34961', 'Country': 'FRA'};414107334;False;AGENCE REGIONALE DE L'AMENAGEMENT ET DE LA CONSTRUCTION OCCITANIE;SEM ARAC OCCITANIE;;;travaux;"[""Valeur technique de l'offre appréciée au regard du dossier technique fourni"", 'Prix']";['technique', 'prix'];[40.0, 60.0];;False;;False;;;;26-95682;;499696.7;;LOT-0018;45215100;;19;9.0;9.0;Reconstruction de l'internat du Centre Hospitalier de Béziers - Lots 02 à 20;ouverte;3412-CHB-AOO;;;;True;False;True;7554870.57;5515.0;SA d'économie mixte à conseil d'administration ;1  ou  2;False;1997-09-09;71.12B;2008;5710.0;SAS, société par actions simplifiée;20  à  49;False;<NA>;2008;F;42;42.2;42.21;42.21Z;1993-01-15;(43.400599, 3.156156);Thézan-lès-Béziers;Hérault;Occitanie;(43.604695, 3.899149);Montpellier;Hérault;Occitanie;;;;;;;;
False;['45112710'];;True;True;False;attribue;{'StreetName': 'Av Du Montpellieret', 'AdditionalStreetName': None, 'CityName': 'Lattes', 'PostalZone': '34970', 'Country': 'FRA'};480106350;False;SARIVIERE;SARIVIERE;2026-10-06;{'StreetName': 'agissant au nom et pour le compte du Centre Hospitalier de Béziers', 'AdditionalStreetName': '117 rue des Etats Généraux, Cs 19536', 'CityName': 'Montpellier', 'PostalZone': '34961', 'Country': 'FRA'};414107334;False;AGENCE REGIONALE DE L'AMENAGEMENT ET DE LA CONSTRUCTION OCCITANIE;SEM ARAC OCCITANIE;;;travaux;"[""Valeur technique de l'offre appréciée au regard du dossier technique fourni"", 'Prix']";['technique', 'prix'];[40.0, 60.0];;False;;False;;;;26-95682;;24800.6;;LOT-0019;45215100;;19;3.0;3.0;Reconstruction de l'internat du Centre Hospitalier de Béziers - Lots 02 à 20;ouverte;3412-CHB-AOO;;;;True;False;True;7554870.57;5515.0;SA d'économie mixte à conseil d'administration ;1  ou  2;False;1997-09-09;71.12B;2008;5710.0;SAS, société par actions simplifiée;10  à  19;False;<NA>;2008;N;81;81.3;81.3;81.30Z;2004-12-24;(43.561296, 3.87822);Lattes;Hérault;Occitanie;(43.604695, 3.899149);Montpellier;Hérault;Occitanie;;;;;;;;
False;['45232300'];;True;True;False;attribue;{'StreetName': '530 rue de la Garenne', 'AdditionalStreetName': None, 'CityName': 'Vendargues', 'PostalZone': '34740', 'Country': 'FRA'};390072551;False;CIRCET;CIRCET;2026-10-06;{'StreetName': 'Hôtel de la Métropole', 'AdditionalStreetName': '50 place Zeus', 'CityName': 'Montpellier', 'PostalZone': '34961', 'Country': 'FRA'};243400017;False;MONTPELLIER MEDITERRANEE METROPOLE;Montpellier Méditerranée Métropole;;;travaux;"[""Valeur technique de l'offre"", 'Prise en compte de la notion de développement durable', 'Prix']";['technique', 'environnemental', 'prix'];[50.0, 10.0, 40.0];;True;8400000.0;False;;sans remise en concurrence;;26-95748;;;;LOT-0001;45232300;7600000.0;2;4.0;;Phase 3 travaux d'extension du réseau très haut débit et maintenance associée;ouverte;G5D0028ND;3.0;;;True;True;True;;7344.0;Métropole;2 000  à  4 999;False;1965-01-19;84.11Z;2008;5710.0;SAS, société par actions simplifiée;2 000  à  4 999;False;False;2008;J;61;61.1;61.1;61.10Z;1993-01-01;(43.655142, 3.948694);Vendargues;Hérault;Occitanie;(43.6078, 3.890743);Montpellier;Hérault;Occitanie;;;;;;;;
False;['50332000'];;True;True;False;attribue;{'StreetName': '285 Route de la Foire', 'AdditionalStreetName': None, 'CityName': 'Perols', 'PostalZone': '34470', 'Country': 'FRA'};397767831;False;SOGETREL;SOGETREL;2026-10-06;{'StreetName': 'Hôtel de la Métropole', 'AdditionalStreetName': '50 place Zeus', 'CityName': 'Montpellier', 'PostalZone': '34961', 'Country': 'FRA'};243400017;False;MONTPELLIER MEDITERRANEE METROPOLE;Montpellier Méditerranée Métropole;;;travaux;"[""Valeur technique de l'offre"", 'Prise en compte de la notion de développement durable', 'Prix']";['technique', 'environnemental', 'prix'];[50.0, 10.0, 40.0];;True;8400000.0;False;;sans remise en concurrence;;26-95748;;;;LOT-0002;45232300;7600000.0;2;4.0;;Phase 3 travaux d'extension du réseau très haut débit et maintenance associée;ouverte;G5D0028ND;3.0;;;True;True;True;;7344.0;Métropole;2 000  à  4 999;False;1965-01-19;84.11Z;2008;5710.0;SAS, société par actions simplifiée;2 000  à  4 999;False;False;2008;F;42;42.2;42.22;42.22Z;1994-06-01;(43.574771, 3.948326);Pérols;Hérault;Occitanie;(43.6078, 3.890743);Montpellier;Hérault;Occitanie;;;;;;;;
False;;;True;True;False;attribue;{'StreetName': None, 'AdditionalStreetName': None, 'CityName': '69256', 'PostalZone': '69120', 'Country': 'FRA'};440319473;True;ORAPI HYGIENE;ORAPI HYGIENE;2026-10-06;{'StreetName': '1 rue de la Loire', 'AdditionalStreetName': None, 'CityName': 'Nantes', 'PostalZone': '44966', 'Country': 'FRA'};234400034;True;REGION DES PAYS DE LA LOIRE;Région des Pays de la Loire;;;fournitures;"['Valeur technique - Sous-critères: ""Qualité des produits avec une répartition comme suit :   - Conformité à la règlementation des fiches techniques et de sécurité (20%) - Qualité environnementale des produits (15%) - Conditions d’utilisations (5%) "" valant pour 40% de la note finale - ""Méthodologie d\'organisation avec une répartition comme suit :  - Performance et ergonomie du système de passation de commandes (7%) - Information et accompagnement des établissements et des agents (7%) - Cohérence de l’organisation logistique : moyens, délais de livraison (6%)"" valant pour 20% de la note finale - ""Résultat des tests sur échantillons"" valant pour 10% de la note finale', 'Prix des prestations au regard du montant total HTVA de la simulation de facturation (annexe à l’acte d’engagement)']";['environnemental', 'prix'];[70.0, 30.0];360.0;False;;False;;sans remise en concurrence;;26-95877;;40000.0;;LOT-0001;39800000;1266000.0;4;5.0;;ACHAT DE FOURNITURES DE PRODUITS ET CONSOMMABLES POUR L’ENTRETIEN MENAGER ET POUR DES PRODUITS LESSIVIELS EN RESTAURATION POUR LES LYCEES PUBLICS ET EREA (Etablissements Régionaux d’Enseignement Adapt;ouverte;DEO01_202658357;3.0;;;False;False;False;1266000.0;7230.0;Région ;2 000  à  4 999;<NA>;1983-03-01;84.11Z;2008;5710.0;SAS, société par actions simplifiée;250  à  499;False;<NA>;2008;G;46;46.4;46.44;46.44Z;2001-12-14;;;;;(47.224756, -1.521585);Nantes;Loire-Atlantique;Pays de la Loire;;;;;;;;
False;;;True;True;False;attribue;{'StreetName': None, 'AdditionalStreetName': None, 'CityName': '69256', 'PostalZone': '69120', 'Country': 'FRA'};440319473;True;ORAPI HYGIENE;ORAPI HYGIENE;2026-10-06;{'StreetName': '1 rue de la Loire', 'AdditionalStreetName': None, 'CityName': 'Nantes', 'PostalZone': '44966', 'Country': 'FRA'};234400034;True;REGION DES PAYS DE LA LOIRE;Région des Pays de la Loire;;;fournitures;"['Valeur technique - Sous-critères: ""Qualité des produits avec une répartition comme suit :  - Conformité à la règlementation des fiches techniques et de sécurité (20%) - Qualité environnementale des produits (20%) - Conditions d’utilisations (10%) "" valant pour 50% de la note finale - ""Méthodologie d’organisation avec une répartition comme suit :  - Performance et ergonomie du système de passation de commandes (7%) - Information et accompagnement des établissements et des agents (7%) - Cohérence de l’organisation logistique : moyens, délais de livraison, service après-vente (6%)"" valant pour 20% de la note finale', ""Prix des prestations au regard du montant total HTVA de la simulation de facturation (annexe à l'acte d'engagement)""]";['environnemental', 'prix'];[70.0, 30.0];360.0;False;;False;;sans remise en concurrence;;26-95877;;670000.0;;LOT-0002;39800000;1266000.0;4;5.0;;ACHAT DE FOURNITURES DE PRODUITS ET CONSOMMABLES POUR L’ENTRETIEN MENAGER ET POUR DES PRODUITS LESSIVIELS EN RESTAURATION POUR LES LYCEES PUBLICS ET EREA (Etablissements Régionaux d’Enseignement Adapt;ouverte;DEO01_202658357;3.0;;;False;False;False;1266000.0;7230.0;Région ;2 000  à  4 999;<NA>;1983-03-01;84.11Z;2008;5710.0;SAS, société par actions simplifiée;250  à  499;False;<NA>;2008;G;46;46.4;46.44;46.44Z;2001-12-14;;;;;(47.224756, -1.521585);Nantes;Loire-Atlantique;Pays de la Loire;;;;;;;;
False;;;True;True;False;attribue;{'StreetName': None, 'AdditionalStreetName': None, 'CityName': '29075', 'PostalZone': '29490', 'Country': 'FRA'};333975100;True;GAMA 29;GAMA 29;2026-10-06;{'StreetName': '1 rue de la Loire', 'AdditionalStreetName': None, 'CityName': 'Nantes', 'PostalZone': '44966', 'Country': 'FRA'};234400034;True;REGION DES PAYS DE LA LOIRE;Région des Pays de la Loire;;;fournitures;"['Valeur technique  - Sous-critères: ""Qualité des produits avec une répartition comme suit :  - Conformité à la règlementation des fiches techniques et de sécurité (20%) - Qualité environnementale des produits (15%) - Conditions d’utilisations (5%) "" valant pour 40% de la note finale - ""Méthodologie d’organisation avec une répartition comme suit :  - Performance et ergonomie du système de passation de commandes (7%) - Information et accompagnement des établissements et des agents (7%) - Cohérence de l’organisation logistique : moyens, délais de livraison, service après-vente (6%)"" valant pour 20% de la note finale - ""Résultats des tests sur échantillons"" valant pour 10% de la note finale', 'Prix des prestations au regard du montant total HTVA de la simulation de facturation (annexe à l’acte d’engagement)']";['environnemental', 'prix'];[70.0, 30.0];360.0;False;;False;;sans remise en concurrence;;26-95877;;46000.0;;LOT-0003;39800000;1266000.0;4;6.0;;ACHAT DE FOURNITURES DE PRODUITS ET CONSOMMABLES POUR L’ENTRETIEN MENAGER ET POUR DES PRODUITS LESSIVIELS EN RESTAURATION POUR LES LYCEES PUBLICS ET EREA (Etablissements Régionaux d’Enseignement Adapt;ouverte;DEO01_202658357;3.0;;;False;False;False;1266000.0;7230.0;Région ;2 000  à  4 999;<NA>;1983-03-01;84.11Z;2008;5710.0;SAS, société par actions simplifiée;100  à  199;False;<NA>;2008;G;46;46.4;46.44;46.44Z;1985-10-01;;;;;(47.224756, -1.521585);Nantes;Loire-Atlantique;Pays de la Loire;;;;;;;;
False;;;True;True;False;attribue;{'StreetName': None, 'AdditionalStreetName': None, 'CityName': '53201', 'PostalZone': '53940', 'Country': 'FRA'};812834703;False;NPH-CHRISTIN;SARL A. PRO HYGIENE;2026-10-06;{'StreetName': '1 rue de la Loire', 'AdditionalStreetName': None, 'CityName': 'Nantes', 'PostalZone': '44966', 'Country': 'FRA'};234400034;True;REGION DES PAYS DE LA LOIRE;Région des Pays de la Loire;;;fournitures;"['Valeur technique - Sous-critères: ""Qualité des produits avec une répartition comme suit :  - Conformité à la règlementation des fiches techniques et de sécurité (20%) - Qualité environnementale des produits (20%) - Conditions d’utilisations (10%)"" valant pour 50% de la note finale - ""Méthodologie d’organisation avec une répartition comme suit :  - Performance et ergonomie du système de passation de commandes (7%) - Information et accompagnement des établissements et des agents (7%) - Cohérence de l’organisation logistique : moyens, délais de livraison, service après-vente (6%)"" valant pour 20% de la note finale', 'Prix des prestations au regard du montant total HTVA de la simulation de facturation (annexe à l’acte d’engagement)']";['environnemental', 'prix'];[70.0, 30.0];360.0;False;;False;;sans remise en concurrence;;26-95877;;510000.0;;LOT-0004;39800000;1266000.0;4;5.0;;ACHAT DE FOURNITURES DE PRODUITS ET CONSOMMABLES POUR L’ENTRETIEN MENAGER ET POUR DES PRODUITS LESSIVIELS EN RESTAURATION POUR LES LYCEES PUBLICS ET EREA (Etablissements Régionaux d’Enseignement Adapt;ouverte;DEO01_202658357;3.0;;;False;False;False;1266000.0;7230.0;Région ;2 000  à  4 999;<NA>;1983-03-01;84.11Z;2008;5499.0;Société à responsabilité limitée (sans autre indication);3  à  5;False;<NA>;2008;G;46;46.4;46.44;46.44Z;2015-07-22;;;;;(47.224756, -1.521585);Nantes;Loire-Atlantique;Pays de la Loire;;;;;;;;
False;['77341000'];;True;False;False;attribue;{'StreetName': '28 Av Roger Hennequin', 'AdditionalStreetName': None, 'CityName': 'Trappes', 'PostalZone': '78190', 'Country': 'FRA'};378998363;False;SOINS MODERNES DES ARBRES;SMDA;2026-10-06;{'StreetName': 'Place Jean-Baptiste Daviais', 'AdditionalStreetName': None, 'CityName': 'Rezé', 'PostalZone': '44403', 'Country': 'FRA'};214401432;False;COMMUNE DE REZE;MAIRIE DE REZE;;2026-10-01+02:00;services;"[""Valeur technique de l'offre"", 'Prix']";['technique', 'prix'];[45.0, 55.0];;False;;False;;sans remise en concurrence;;26-95752;;400000.0;;LOT-0000;77341000;400000.0;1;9.0;;Entretien du patrimoine arboré 2026-2030;ouverte;2026FCS0020;3.0;;;False;False;False;400000.0;7210.0;Commune et commune nouvelle ;1 000  à  1 999;False;1947-12-01;84.11Z;2008;5710.0;SAS, société par actions simplifiée;200  à  249;False;<NA>;2008;N;81;81.3;81.3;81.30Z;1990-04-01;(48.766658, 1.990647);Trappes;Yvelines;Île-de-France;(47.191326, -1.569557);Rezé;Loire-Atlantique;Pays de la Loire;;;;;;;;
False;;;True;False;False;attribue;{'StreetName': None, 'AdditionalStreetName': None, 'CityName': 'SURESNE', 'PostalZone': '92150', 'Country': 'FRA'};811847243;True;PHILIPS FRANCE;PHILIPS FRANCE;2026-10-06;"{'StreetName': ""5 ALLEE DE L'ILE GLORIETTE"", 'AdditionalStreetName': None, 'CityName': 'NANTES', 'PostalZone': '44093', 'Country': 'FRA'}";264400136;True;CHU NANTES;44 CHU;;2026-09-03+02:00;services;['Prix'];['prix'];[100];360.0;False;;False;{'StreetName': None, 'CityName': 'NANTES', 'PostalZone': None, 'NUTS': 'FRG01', 'Country': 'FRA'};sans remise en concurrence;;26-95756;;1500000.0;;LOT-0001;72267000;1500000.0;1;1.0;;Avis d'attribution;negociee;MSMC-26016;4.0;;;False;False;False;1500000.0;7364.0;Établissement d'hospitalisation ;10 000  et plus ;<NA>;1978-01-01;86.10Z;2008;5710.0;SAS, société par actions simplifiée;500  à  999;False;<NA>;2008;G;46;46.4;46.46;46.46Z;2015-06-02;;Suresnes;Hauts-de-Seine;Île-de-France;(47.211138, -1.557241);Nantes;Loire-Atlantique;Pays de la Loire;;;;;;;;
False;;;True;False;False;attribue;{'StreetName': None, 'AdditionalStreetName': None, 'CityName': 'ANNECY LE VIEUX', 'PostalZone': '74940', 'Country': 'FRA'};326820065;True;SOPRA STERIA GROUP;SOPRA STERIA GROUP;2026-10-06;"{'StreetName': ""5 ALLEE DE L'ILE GLORIETTE"", 'AdditionalStreetName': None, 'CityName': 'NANTES', 'PostalZone': '44093', 'Country': 'FRA'}";264400136;True;CHU NANTES;44 CHU;;2026-10-01+02:00;services;['Prix 100%'];['prix'];[100];;False;;False;{'StreetName': None, 'CityName': None, 'PostalZone': None, 'NUTS': 'FRG01', 'Country': 'FRA'};sans remise en concurrence;;26-95770;;;;LOT-0001;72267000;300000.0;1;1.0;;avis d'attribution;negociee;MSCM-25116;;;;False;False;False;;7364.0;Établissement d'hospitalisation ;10 000  et plus ;<NA>;1978-01-01;86.10Z;2008;5599.0;SA à conseil d'administration (s.a.i.);10 000  et plus ;False;False;2008;J;62;62.0;62.02;62.02A;1968-01-01;;Annecy;Haute-Savoie;Auvergne-Rhône-Alpes;(47.211138, -1.557241);Nantes;Loire-Atlantique;Pays de la Loire;;;;;;;;
False;['71354300'];;True;False;False;attribue;{'StreetName': '36 Rue De Pacalaire', 'AdditionalStreetName': None, 'CityName': 'Seyssinet-Pariset', 'PostalZone': '38170', 'Country': 'FRA'};['315919779', '428996979', '388395287'];False;;GPT CEMAP-GEOMETRES EXPERTS / AGATE / SINTEGRA;2026-10-06;{'StreetName': '390 rue Henri Fabre', 'AdditionalStreetName': None, 'CityName': 'Crolles', 'PostalZone': '38926', 'Country': 'FRA'};200018166;False;COMMUNAUTE DE COMMUNES LE GRESIVAUDAN;Communauté de communes LE GRESIVAUDAN;;2026-07-20+02:00;services;"[""Valeur technique : moyens humains (20%), méthodologie d'intervention (20%) et organisation en cas de commande urgente et de commande simultanée (15%)"", ""Démarché environnementale liée à l'exécution du marché"", 'Prix des prestations']";['social', 'environnemental', 'prix'];[55.0, 5.0, 40.0];1440.0;True;;False;;;;26-95751;;300000.0;;LOT-0000;71355200;;1;2.0;;Prestations foncières;ouverte;26017FON00;1.0;;;False;True;False;300000.0;7346.0;Communauté de communes ;500  à  999;False;2009-01-01;84.11Z;2008;;;;;;<NA>;;;;;<NA>;<NA>;(45.179773, 5.691933);Seyssinet-Pariset;Isère;Auvergne-Rhône-Alpes;(45.275142, 5.896992);Crolles;Isère;Auvergne-Rhône-Alpes;;;;;;;;
False;['90511200'];;True;True;False;attribue;{'StreetName': 'Sandgrube', 'AdditionalStreetName': None, 'CityName': 'Rosheim', 'PostalZone': '67560', 'Country': 'FRA'};303215511;False;ALSACIENNE DE PROPRETE;ALSACIENNE DE PROPRETE;2026-10-06;"{'StreetName': ""1 place de l'hôpital"", 'AdditionalStreetName': None, 'CityName': 'Strasbourg', 'PostalZone': '67091', 'Country': 'FRA'}";266700574;False;LES HOPITAUX UNIVERSITAIRES DE STRASBOURG;HUS-Etablissement support du GHT 10;;;services;['Valeur technique', 'Prix'];['technique', 'prix'];[50.0, 50.0];;True;;False;;;;26-95867;;235345.99;;LOT-0001;90513000;;14;3.0;;Collecte, transport et traitement des Déchets d'Activités Economiques (DAE) Non Dangereux des Hôpitaux Universitaires de Strasbourg (HUS);ouverte;HUS_25-153_DAOM;3.0;;;False;True;False;2103935.08;7364.0;Établissement d'hospitalisation ;10 000  et plus ;False;1958-10-10;86.10Z;2008;5710.0;SAS, société par actions simplifiée;50  à  99;False;<NA>;2008;E;38;38.1;38.11;38.11Z;1974-01-01;(48.501598, 7.500126);Rosheim;Bas-Rhin;Grand Est;(48.577253, 7.748993);Strasbourg;Bas-Rhin;Grand Est;;;;;;;;
False;['90511200'];;True;True;False;attribue;{'StreetName': '6 Rue De Cherbourg', 'AdditionalStreetName': None, 'CityName': 'Strasbourg', 'PostalZone': '67000', 'Country': 'FRA'};325193373;False;SCHROLL;SCHROLL;2026-10-06;"{'StreetName': ""1 place de l'hôpital"", 'AdditionalStreetName': None, 'CityName': 'Strasbourg', 'PostalZone': '67091', 'Country': 'FRA'}";266700574;False;LES HOPITAUX UNIVERSITAIRES DE STRASBOURG;HUS-Etablissement support du GHT 10;;;services;['Valeur technique', 'Prix'];['technique', 'prix'];[50.0, 50.0];;True;;False;;;;26-95867;;108005.0;;LOT-0002;90513000;;14;3.0;;Collecte, transport et traitement des Déchets d'Activités Economiques (DAE) Non Dangereux des Hôpitaux Universitaires de Strasbourg (HUS);ouverte;HUS_25-153_DAOM;3.0;;;False;True;False;2103935.08;7364.0;Établissement d'hospitalisation ;10 000  et plus ;False;1958-10-10;86.10Z;2008;5710.0;SAS, société par actions simplifiée;250  à  499;False;<NA>;2008;E;38;38.3;38.32;38.32Z;1982-01-01;(48.578768, 7.75112);Strasbourg;Bas-Rhin;Grand Est;(48.577253, 7.748993);Strasbourg;Bas-Rhin;Grand Est;;;;;;;;
False;['90511200'];;True;True;False;attribue;{'StreetName': '6 Rue De Cherbourg', 'AdditionalStreetName': None, 'CityName': 'Strasbourg', 'PostalZone': '67000', 'Country': 'FRA'};325193373;False;SCHROLL;SCHROLL;2026-10-06;"{'StreetName': ""1 place de l'hôpital"", 'AdditionalStreetName': None, 'CityName': 'Strasbourg', 'PostalZone': '67091', 'Country': 'FRA'}";266700574;False;LES HOPITAUX UNIVERSITAIRES DE STRASBOURG;HUS-Etablissement support du GHT 10;;;services;['Valeur technique', 'Prix'];['technique', 'prix'];[50.0, 50.0];;True;;False;;;;26-95867;;16496.0;;LOT-0003;90513000;;14;2.0;;Collecte, transport et traitement des Déchets d'Activités Economiques (DAE) Non Dangereux des Hôpitaux Universitaires de Strasbourg (HUS);ouverte;HUS_25-153_DAOM;3.0;;;False;True;False;2103935.08;7364.0;Établissement d'hospitalisation ;10 000  et plus ;False;1958-10-10;86.10Z;2008;5710.0;SAS, société par actions simplifiée;250  à  499;False;<NA>;2008;E;38;38.3;38.32;38.32Z;1982-01-01;(48.578768, 7.75112);Strasbourg;Bas-Rhin;Grand Est;(48.577253, 7.748993);Strasbourg;Bas-Rhin;Grand Est;;;;;;;;
False;['90511200'];;True;True;False;attribue;{'StreetName': '13 Rte Du Rohrschollen', 'AdditionalStreetName': None, 'CityName': 'Strasbourg', 'PostalZone': '67000', 'Country': 'FRA'};504726787;False;SUEZ RV NORD EST;SUEZ RV NORD EST;2026-10-06;"{'StreetName': ""1 place de l'hôpital"", 'AdditionalStreetName': None, 'CityName': 'Strasbourg', 'PostalZone': '67091', 'Country': 'FRA'}";266700574;False;LES HOPITAUX UNIVERSITAIRES DE STRASBOURG;HUS-Etablissement support du GHT 10;;;services;['Valeur technique', 'Prix'];['technique', 'prix'];[50.0, 50.0];;True;;False;;;;26-95867;;37404.0;;LOT-0004;90513000;;14;2.0;;Collecte, transport et traitement des Déchets d'Activités Economiques (DAE) Non Dangereux des Hôpitaux Universitaires de Strasbourg (HUS);ouverte;HUS_25-153_DAOM;3.0;;;False;True;False;2103935.08;7364.0;Établissement d'hospitalisation ;10 000  et plus ;False;1958-10-10;86.10Z;2008;5710.0;SAS, société par actions simplifiée;1 000  à  1 999;False;<NA>;2008;E;38;38.2;38.21;38.21Z;2008-06-13;(48.510974, 7.785827);Strasbourg;Bas-Rhin;Grand Est;(48.577253, 7.748993);Strasbourg;Bas-Rhin;Grand Est;;;;;;;;
False;['90511200'];;True;True;False;attribue;{'StreetName': '6 Rue De Cherbourg', 'AdditionalStreetName': None, 'CityName': 'Strasbourg', 'PostalZone': '67000', 'Country': 'FRA'};325193373;False;SCHROLL;SCHROLL;2026-10-06;"{'StreetName': ""1 place de l'hôpital"", 'AdditionalStreetName': None, 'CityName': 'Strasbourg', 'PostalZone': '67091', 'Country': 'FRA'}";266700574;False;LES HOPITAUX UNIVERSITAIRES DE STRASBOURG;HUS-Etablissement support du GHT 10;;;services;['Valeur technique', 'Prix'];['technique', 'prix'];[50.0, 50.0];;True;;False;;;;26-95867;;2740.0;;LOT-0005;90513000;;14;1.0;;Collecte, transport et traitement des Déchets d'Activités Economiques (DAE) Non Dangereux des Hôpitaux Universitaires de Strasbourg (HUS);ouverte;HUS_25-153_DAOM;3.0;;;False;True;False;2103935.08;7364.0;Établissement d'hospitalisation ;10 000  et plus ;False;1958-10-10;86.10Z;2008;5710.0;SAS, société par actions simplifiée;250  à  499;False;<NA>;2008;E;38;38.3;38.32;38.32Z;1982-01-01;(48.578768, 7.75112);Strasbourg;Bas-Rhin;Grand Est;(48.577253, 7.748993);Strasbourg;Bas-Rhin;Grand Est;;;;;;;;
False;['90511200'];;True;True;False;attribue;{'StreetName': 'Sandgrube', 'AdditionalStreetName': None, 'CityName': 'Rosheim', 'PostalZone': '67560', 'Country': 'FRA'};303215511;False;ALSACIENNE DE PROPRETE;ALSACIENNE DE PROPRETE;2026-10-06;"{'StreetName': ""1 place de l'hôpital"", 'AdditionalStreetName': None, 'CityName': 'Strasbourg', 'PostalZone': '67091', 'Country': 'FRA'}";266700574;False;LES HOPITAUX UNIVERSITAIRES DE STRASBOURG;HUS-Etablissement support du GHT 10;;;services;['Valeur technique', 'Prix'];['technique', 'prix'];[50.0, 50.0];;True;;False;;;;26-95867;;10623.78;;LOT-0006;90513000;;14;3.0;;Collecte, transport et traitement des Déchets d'Activités Economiques (DAE) Non Dangereux des Hôpitaux Universitaires de Strasbourg (HUS);ouverte;HUS_25-153_DAOM;3.0;;;False;True;False;2103935.08;7364.0;Établissement d'hospitalisation ;10 000  et plus ;False;1958-10-10;86.10Z;2008;5710.0;SAS, société par actions simplifiée;50  à  99;False;<NA>;2008;E;38;38.1;38.11;38.11Z;1974-01-01;(48.501598, 7.500126);Rosheim;Bas-Rhin;Grand Est;(48.577253, 7.748993);Strasbourg;Bas-Rhin;Grand Est;;;;;;;;
False;['90511200'];;True;True;False;attribue;{'StreetName': '4 Rue De Cherbourg', 'AdditionalStreetName': None, 'CityName': 'Strasbourg', 'PostalZone': '67000', 'Country': 'FRA'};509744397;False;NEUTRALIS;NEUTRALIS;2026-10-06;"{'StreetName': ""1 place de l'hôpital"", 'AdditionalStreetName': None, 'CityName': 'Strasbourg', 'PostalZone': '67091', 'Country': 'FRA'}";266700574;False;LES HOPITAUX UNIVERSITAIRES DE STRASBOURG;HUS-Etablissement support du GHT 10;;;services;['Valeur technique', 'Prix'];['technique', 'prix'];[50.0, 50.0];;True;;False;;;;26-95867;;16819.0;;LOT-0007;90513000;;14;1.0;;Collecte, transport et traitement des Déchets d'Activités Economiques (DAE) Non Dangereux des Hôpitaux Universitaires de Strasbourg (HUS);ouverte;HUS_25-153_DAOM;3.0;;;False;True;False;2103935.08;7364.0;Établissement d'hospitalisation ;10 000  et plus ;False;1958-10-10;86.10Z;2008;5710.0;SAS, société par actions simplifiée;10  à  19;False;<NA>;2008;E;38;38.3;38.32;38.32Z;2009-01-01;(48.578845, 7.751144);Strasbourg;Bas-Rhin;Grand Est;(48.577253, 7.748993);Strasbourg;Bas-Rhin;Grand Est;;;;;;;;
False;['90511200'];;True;True;False;attribue;{'StreetName': '56 Rue De Metz', 'AdditionalStreetName': None, 'CityName': 'Jouy-Aux-Arches', 'PostalZone': '57130', 'Country': 'FRA'};558502811;False;ESKA;ESKA;2026-10-06;"{'StreetName': ""1 place de l'hôpital"", 'AdditionalStreetName': None, 'CityName': 'Strasbourg', 'PostalZone': '67091', 'Country': 'FRA'}";266700574;False;LES HOPITAUX UNIVERSITAIRES DE STRASBOURG;HUS-Etablissement support du GHT 10;;;services;['Valeur technique', 'Prix'];['technique', 'prix'];[50.0, 50.0];;True;;False;;;;26-95867;;-11085.0;;LOT-0008;90513000;;14;3.0;;Collecte, transport et traitement des Déchets d'Activités Economiques (DAE) Non Dangereux des Hôpitaux Universitaires de Strasbourg (HUS);ouverte;HUS_25-153_DAOM;3.0;;;False;True;False;2103935.08;7364.0;Établissement d'hospitalisation ;10 000  et plus ;False;1958-10-10;86.10Z;2008;5710.0;SAS, société par actions simplifiée;250  à  499;False;<NA>;2008;E;38;38.3;38.32;38.32Z;1900-01-01;(49.071671, 6.090122);Jouy-aux-Arches;Moselle;Grand Est;(48.577253, 7.748993);Strasbourg;Bas-Rhin;Grand Est;;;;;;;;
False;['90511200'];;True;True;False;non attribue;;;False;;;2026-10-06;"{'StreetName': ""1 place de l'hôpital"", 'AdditionalStreetName': None, 'CityName': 'Strasbourg', 'PostalZone': '67091', 'Country': 'FRA'}";266700574;False;LES HOPITAUX UNIVERSITAIRES DE STRASBOURG;HUS-Etablissement support du GHT 10;;;services;['Valeur technique', 'Prix'];['technique', 'prix'];[50.0, 50.0];;True;;False;;;;26-95867;;;;LOT-0009;90513000;;14;0.0;;Collecte, transport et traitement des Déchets d'Activités Economiques (DAE) Non Dangereux des Hôpitaux Universitaires de Strasbourg (HUS);ouverte;HUS_25-153_DAOM;3.0;;;False;True;False;2103935.08;7364.0;Établissement d'hospitalisation ;10 000  et plus ;False;1958-10-10;86.10Z;2008;;;;;;<NA>;;;;;<NA>;<NA>;;;;;(48.577253, 7.748993);Strasbourg;Bas-Rhin;Grand Est;;;;;;;;
False;['90511200'];;True;True;False;attribue;{'StreetName': '6 Rue De Cherbourg', 'AdditionalStreetName': None, 'CityName': 'Strasbourg', 'PostalZone': '67000', 'Country': 'FRA'};325193373;False;SCHROLL;SCHROLL;2026-10-06;"{'StreetName': ""1 place de l'hôpital"", 'AdditionalStreetName': None, 'CityName': 'Strasbourg', 'PostalZone': '67091', 'Country': 'FRA'}";266700574;False;LES HOPITAUX UNIVERSITAIRES DE STRASBOURG;HUS-Etablissement support du GHT 10;;;services;['Valeur technique', 'Prix'];['technique', 'prix'];[50.0, 50.0];;True;;False;;;;26-95867;;2840.0;;LOT-0010;90513000;;14;1.0;;Collecte, transport et traitement des Déchets d'Activités Economiques (DAE) Non Dangereux des Hôpitaux Universitaires de Strasbourg (HUS);ouverte;HUS_25-153_DAOM;3.0;;;False;True;False;2103935.08;7364.0;Établissement d'hospitalisation ;10 000  et plus ;False;1958-10-10;86.10Z;2008;5710.0;SAS, société par actions simplifiée;250  à  499;False;<NA>;2008;E;38;38.3;38.32;38.32Z;1982-01-01;(48.578768, 7.75112);Strasbourg;Bas-Rhin;Grand Est;(48.577253, 7.748993);Strasbourg;Bas-Rhin;Grand Est;;;;;;;;
False;['90511200'];;True;True;False;attribue;{'StreetName': '6 Rue De Cherbourg', 'AdditionalStreetName': None, 'CityName': 'Strasbourg', 'PostalZone': '67000', 'Country': 'FRA'};325193373;False;SCHROLL;SCHROLL;2026-10-06;"{'StreetName': ""1 place de l'hôpital"", 'AdditionalStreetName': None, 'CityName': 'Strasbourg', 'PostalZone': '67091', 'Country': 'FRA'}";266700574;False;LES HOPITAUX UNIVERSITAIRES DE STRASBOURG;HUS-Etablissement support du GHT 10;;;services;['Valeur technique', 'Prix'];['technique', 'prix'];[50.0, 50.0];;True;;False;;;;26-95867;;610.0;;LOT-0011;90513000;;14;1.0;;Collecte, transport et traitement des Déchets d'Activités Economiques (DAE) Non Dangereux des Hôpitaux Universitaires de Strasbourg (HUS);ouverte;HUS_25-153_DAOM;3.0;;;False;True;False;2103935.08;7364.0;Établissement d'hospitalisation ;10 000  et plus ;False;1958-10-10;86.10Z;2008;5710.0;SAS, société par actions simplifiée;250  à  499;False;<NA>;2008;E;38;38.3;38.32;38.32Z;1982-01-01;(48.578768, 7.75112);Strasbourg;Bas-Rhin;Grand Est;(48.577253, 7.748993);Strasbourg;Bas-Rhin;Grand Est;;;;;;;;
False;['90511200'];;True;True;False;attribue;{'StreetName': '6 Rue De Cherbourg', 'AdditionalStreetName': None, 'CityName': 'Strasbourg', 'PostalZone': '67000', 'Country': 'FRA'};325193373;False;SCHROLL;SCHROLL;2026-10-06;"{'StreetName': ""1 place de l'hôpital"", 'AdditionalStreetName': None, 'CityName': 'Strasbourg', 'PostalZone': '67091', 'Country': 'FRA'}";266700574;False;LES HOPITAUX UNIVERSITAIRES DE STRASBOURG;HUS-Etablissement support du GHT 10;;;services;['Valeur technique', 'Prix'];['technique', 'prix'];[50.0, 50.0];;True;;False;;;;26-95867;;106185.0;;LOT-0012;90513000;;14;1.0;;Collecte, transport et traitement des Déchets d'Activités Economiques (DAE) Non Dangereux des Hôpitaux Universitaires de Strasbourg (HUS);ouverte;HUS_25-153_DAOM;3.0;;;False;True;False;2103935.08;7364.0;Établissement d'hospitalisation ;10 000  et plus ;False;1958-10-10;86.10Z;2008;5710.0;SAS, société par actions simplifiée;250  à  499;False;<NA>;2008;E;38;38.3;38.32;38.32Z;1982-01-01;(48.578768, 7.75112);Strasbourg;Bas-Rhin;Grand Est;(48.577253, 7.748993);Strasbourg;Bas-Rhin;Grand Est;;;;;;;;
False;['90511200'];;True;True;False;non attribue;;;False;;;2026-10-06;"{'StreetName': ""1 place de l'hôpital"", 'AdditionalStreetName': None, 'CityName': 'Strasbourg', 'PostalZone': '67091', 'Country': 'FRA'}";266700574;False;LES HOPITAUX UNIVERSITAIRES DE STRASBOURG;HUS-Etablissement support du GHT 10;;;services;['Valeur technique', 'Prix'];['technique', 'prix'];[50.0, 50.0];;True;;False;;;;26-95867;;;;LOT-0013;90513000;;14;1.0;;Collecte, transport et traitement des Déchets d'Activités Economiques (DAE) Non Dangereux des Hôpitaux Universitaires de Strasbourg (HUS);ouverte;HUS_25-153_DAOM;3.0;;;False;True;False;2103935.08;7364.0;Établissement d'hospitalisation ;10 000  et plus ;False;1958-10-10;86.10Z;2008;;;;;;<NA>;;;;;<NA>;<NA>;;;;;(48.577253, 7.748993);Strasbourg;Bas-Rhin;Grand Est;;;;;;;;
False;['90913100'];;True;True;False;non attribue;;;False;;;2026-10-06;"{'StreetName': ""1 place de l'hôpital"", 'AdditionalStreetName': None, 'CityName': 'Strasbourg', 'PostalZone': '67091', 'Country': 'FRA'}";266700574;False;LES HOPITAUX UNIVERSITAIRES DE STRASBOURG;HUS-Etablissement support du GHT 10;;;services;['Valeur technique', 'Prix'];['technique', 'prix'];[50.0, 50.0];;True;;False;;;;26-95867;;;;LOT-0014;90513000;;14;0.0;;Collecte, transport et traitement des Déchets d'Activités Economiques (DAE) Non Dangereux des Hôpitaux Universitaires de Strasbourg (HUS);ouverte;HUS_25-153_DAOM;3.0;;;False;True;False;2103935.08;7364.0;Établissement d'hospitalisation ;10 000  et plus ;False;1958-10-10;86.10Z;2008;;;;;;<NA>;;;;;<NA>;<NA>;;;;;(48.577253, 7.748993);Strasbourg;Bas-Rhin;Grand Est;;;;;;;;
False;['24455000'];;True;True;False;attribue;{'StreetName': '91 Rue Nationale', 'AdditionalStreetName': None, 'CityName': 'Lille', 'PostalZone': '59000', 'Country': 'FRA'};481966471;False;LABORATOIRE HUCKERT'S FRANCE;HUCKERT'S INTERNATIONAL;2026-10-06;"{'StreetName': ""1 place de l'hôpital"", 'AdditionalStreetName': None, 'CityName': 'Strasbourg', 'PostalZone': '67091', 'Country': 'FRA'}";266700574;False;LES HOPITAUX UNIVERSITAIRES DE STRASBOURG;HUS-Etablissement support du GHT 10;;;fournitures;"[""Valeur technique de l'offre"", 'Prix']";['technique', 'prix'];[50.0, 50.0];;False;368277.0;False;;sans remise en concurrence;;26-95753;;40320.0;;LOT-0001;24455000;368277.0;6;2.0;;Fourniture de détergent-désinfectants pour dispositifs médicaux;ouverte;964_2026_DMNS_RB;3.0;;;False;False;False;;7364.0;Établissement d'hospitalisation ;10 000  et plus ;False;1958-10-10;86.10Z;2008;5710.0;SAS, société par actions simplifiée;3  à  5;False;<NA>;2008;G;46;46.9;46.9;46.90Z;2005-04-01;(50.619456, 3.058778);Lille;Nord;Hauts-de-France;(48.577253, 7.748993);Strasbourg;Bas-Rhin;Grand Est;;;;;;;;
False;['24455000'];;True;True;False;attribue;{'StreetName': '91 Rue Nationale', 'AdditionalStreetName': None, 'CityName': 'Lille', 'PostalZone': '59000', 'Country': 'FRA'};481966471;False;LABORATOIRE HUCKERT'S FRANCE;HUCKERT'S INTERNATIONAL;2026-10-06;"{'StreetName': ""1 place de l'hôpital"", 'AdditionalStreetName': None, 'CityName': 'Strasbourg', 'PostalZone': '67091', 'Country': 'FRA'}";266700574;False;LES HOPITAUX UNIVERSITAIRES DE STRASBOURG;HUS-Etablissement support du GHT 10;;;fournitures;"[""Valeur technique de l'offre"", 'Prix']";['technique', 'prix'];[50.0, 50.0];;False;368277.0;False;;sans remise en concurrence;;26-95753;;2880.0;;LOT-0002;24455000;368277.0;6;3.0;;Fourniture de détergent-désinfectants pour dispositifs médicaux;ouverte;964_2026_DMNS_RB;3.0;;;False;False;False;;7364.0;Établissement d'hospitalisation ;10 000  et plus ;False;1958-10-10;86.10Z;2008;5710.0;SAS, société par actions simplifiée;3  à  5;False;<NA>;2008;G;46;46.9;46.9;46.90Z;2005-04-01;(50.619456, 3.058778);Lille;Nord;Hauts-de-France;(48.577253, 7.748993);Strasbourg;Bas-Rhin;Grand Est;;;;;;;;
False;['24455000'];;True;True;False;attribue;{'StreetName': '190 Rue Rene Barthelemy', 'AdditionalStreetName': None, 'CityName': 'Lisieux', 'PostalZone': '14100', 'Country': 'FRA'};627150105;False;SODEL;SODEL;2026-10-06;"{'StreetName': ""1 place de l'hôpital"", 'AdditionalStreetName': None, 'CityName': 'Strasbourg', 'PostalZone': '67091', 'Country': 'FRA'}";266700574;False;LES HOPITAUX UNIVERSITAIRES DE STRASBOURG;HUS-Etablissement support du GHT 10;;;fournitures;"[""Valeur technique de l'offre"", 'Prix']";['technique', 'prix'];[50.0, 50.0];;False;368277.0;False;;sans remise en concurrence;;26-95753;;124604.0;;LOT-0003;24455000;368277.0;6;5.0;;Fourniture de détergent-désinfectants pour dispositifs médicaux;ouverte;964_2026_DMNS_RB;3.0;;;False;False;False;;7364.0;Établissement d'hospitalisation ;10 000  et plus ;False;1958-10-10;86.10Z;2008;5710.0;SAS, société par actions simplifiée;100  à  199;False;<NA>;2008;C;20;20.4;20.41;20.41Z;1900-01-01;(49.149419, 0.259931);Lisieux;Calvados;Normandie;(48.577253, 7.748993);Strasbourg;Bas-Rhin;Grand Est;;;;;;;;
False;['24455000'];;True;True;False;attribue;{'StreetName': '4 Rue De Charenton', 'AdditionalStreetName': None, 'CityName': 'Alfortville', 'PostalZone': '94140', 'Country': 'FRA'};390471985;False;HENRY SCHEIN FRANCE SCA;HENRY SCHEIN FRANCE SCA;2026-10-06;"{'StreetName': ""1 place de l'hôpital"", 'AdditionalStreetName': None, 'CityName': 'Strasbourg', 'PostalZone': '67091', 'Country': 'FRA'}";266700574;False;LES HOPITAUX UNIVERSITAIRES DE STRASBOURG;HUS-Etablissement support du GHT 10;;;fournitures;"[""Valeur technique de l'offre"", 'Prix']";['technique', 'prix'];[50.0, 50.0];;False;368277.0;False;;sans remise en concurrence;;26-95753;;97920.0;;LOT-0004;24455000;368277.0;6;2.0;;Fourniture de détergent-désinfectants pour dispositifs médicaux;ouverte;964_2026_DMNS_RB;3.0;;;False;False;False;;7364.0;Établissement d'hospitalisation ;10 000  et plus ;False;1958-10-10;86.10Z;2008;5308.0;Société en commandite par actions ;500  à  999;False;<NA>;2008;G;46;46.4;46.46;46.46Z;1993-04-01;(48.813721, 2.411707);Alfortville;Val-de-Marne;Île-de-France;(48.577253, 7.748993);Strasbourg;Bas-Rhin;Grand Est;;;;;;;;
False;['24455000'];;True;True;False;attribue;{'StreetName': '2 Che Du Loup', 'AdditionalStreetName': None, 'CityName': 'Tremblay-En-France', 'PostalZone': '93290', 'Country': 'FRA'};312826191;False;PROMODENTAIRE;PROMODENTAIRE;2026-10-06;"{'StreetName': ""1 place de l'hôpital"", 'AdditionalStreetName': None, 'CityName': 'Strasbourg', 'PostalZone': '67091', 'Country': 'FRA'}";266700574;False;LES HOPITAUX UNIVERSITAIRES DE STRASBOURG;HUS-Etablissement support du GHT 10;;;fournitures;"[""Valeur technique de l'offre"", 'Prix']";['technique', 'prix'];[50.0, 50.0];;False;368277.0;False;;sans remise en concurrence;;26-95753;;68480.0;;LOT-0005;24455000;368277.0;6;3.0;;Fourniture de détergent-désinfectants pour dispositifs médicaux;ouverte;964_2026_DMNS_RB;3.0;;;False;False;False;;7364.0;Établissement d'hospitalisation ;10 000  et plus ;False;1958-10-10;86.10Z;2008;5710.0;SAS, société par actions simplifiée;20  à  49;False;<NA>;2008;G;46;46.4;46.46;46.46Z;1978-01-01;(48.962023, 2.559309);Tremblay-en-France;Seine-Saint-Denis;Île-de-France;(48.577253, 7.748993);Strasbourg;Bas-Rhin;Grand Est;;;;;;;;
False;['24455000'];;True;True;False;attribue;{'StreetName': '18 Rue Fourcroy', 'AdditionalStreetName': None, 'CityName': 'Paris 17', 'PostalZone': '75017', 'Country': 'FRA'};308758531;False;KOMET FRANCE;KOMET;2026-10-06;"{'StreetName': ""1 place de l'hôpital"", 'AdditionalStreetName': None, 'CityName': 'Strasbourg', 'PostalZone': '67091', 'Country': 'FRA'}";266700574;False;LES HOPITAUX UNIVERSITAIRES DE STRASBOURG;HUS-Etablissement support du GHT 10;;;fournitures;"[""Valeur technique de l'offre"", 'Prix']";['technique', 'prix'];[50.0, 50.0];;False;368277.0;False;;sans remise en concurrence;;26-95753;;34073.0;;LOT-0006;24455000;368277.0;6;3.0;;Fourniture de détergent-désinfectants pour dispositifs médicaux;ouverte;964_2026_DMNS_RB;3.0;;;False;False;False;;7364.0;Établissement d'hospitalisation ;10 000  et plus ;False;1958-10-10;86.10Z;2008;5599.0;SA à conseil d'administration (s.a.i.);100  à  199;False;<NA>;2008;G;46;46.4;46.46;46.46Z;1974-01-01;(48.881034, 2.298036);Paris;Paris;Île-de-France;(48.577253, 7.748993);Strasbourg;Bas-Rhin;Grand Est;;;;;;;;
False;['34928320', '34928320'];;True;True;False;non attribue;;;False;;;2026-10-06;{'StreetName': 'Hôtel du Département', 'AdditionalStreetName': '1, Avenue de la Préfecture', 'CityName': 'Rennes Cedex', 'PostalZone': '35042', 'Country': 'FRA'};223500018;False;DEPARTEMENT D ILLE ET VILAINE;Conseil Départemental d'Ille et Vilaine;;2027-01-01+01:00;fournitures;"[""Performances en matière de protection de l'environnement"", ""Valeur technique de l'offre"", 'Prix']";['environnemental', 'technique', 'prix'];[25.0, 15.0, 60.0];240.0;False;3000000.0;False;;sans remise en concurrence;;26-95932;;;;LOT-0001;34928100;3000000.0;4;1.0;1.0;FOURNITURE ET LIVRAISON DE DISPOSITIFS DE RETENUE ET GARDE-CORPS POUR LES BESOINS DU DÉPARTEMENT D'ILLE-ET-VILAINE;ouverte;2026-FCS-STRA-0152;3.0;;;False;False;False;;7220.0;Département ;2 000  à  4 999;False;1978-01-01;84.11Z;2008;;;;;;<NA>;;;;;<NA>;<NA>;;;;;(48.127132, -1.693496);Rennes;Ille-et-Vilaine;Bretagne;;;;;;;;
False;['34928100', '34928320'];;True;True;False;attribue;{'StreetName': '3 rue du Dr Guillaume Schoettke - Zi -', 'AdditionalStreetName': None, 'CityName': 'Sarreguemines', 'PostalZone': '57200', 'Country': 'FRA'};314493479;False;SOLOSAR;SOLOSAR SARL;2026-10-06;{'StreetName': 'Hôtel du Département', 'AdditionalStreetName': '1, Avenue de la Préfecture', 'CityName': 'Rennes Cedex', 'PostalZone': '35042', 'Country': 'FRA'};223500018;False;DEPARTEMENT D ILLE ET VILAINE;Conseil Départemental d'Ille et Vilaine;;2026-09-01+02:00;fournitures;"[""Performances en matière de protection de l'environnement"", ""Valeur technique de l'offre"", 'Prix']";['environnemental', 'technique', 'prix'];[25.0, 15.0, 60.0];360.0;False;3000000.0;False;;sans remise en concurrence;;26-95932;;400000.0;;LOT-0002;34928100;3000000.0;4;2.0;1.0;FOURNITURE ET LIVRAISON DE DISPOSITIFS DE RETENUE ET GARDE-CORPS POUR LES BESOINS DU DÉPARTEMENT D'ILLE-ET-VILAINE;ouverte;2026-FCS-STRA-0152;3.0;;;False;False;False;;7220.0;Département ;2 000  à  4 999;False;1978-01-01;84.11Z;2008;5499.0;Société à responsabilité limitée (sans autre indication);6  à  9;False;<NA>;2008;G;46;46.7;46.73;46.73A;1978-01-01;(49.107209, 7.107521);Sarreguemines;Moselle;Grand Est;(48.127132, -1.693496);Rennes;Ille-et-Vilaine;Bretagne;;;;;;;;
False;['34928100', '34928320'];;True;True;False;attribue;{'StreetName': '1 route de Tertu', 'AdditionalStreetName': None, 'CityName': 'Villedieu Les Bailleul', 'PostalZone': '61160', 'Country': 'FRA'};499325140;False;TERTU;TERTU Equipements;2026-10-06;{'StreetName': 'Hôtel du Département', 'AdditionalStreetName': '1, Avenue de la Préfecture', 'CityName': 'Rennes Cedex', 'PostalZone': '35042', 'Country': 'FRA'};223500018;False;DEPARTEMENT D ILLE ET VILAINE;Conseil Départemental d'Ille et Vilaine;;2026-09-01+02:00;fournitures;"[""Performances en matière de protection de l'environnement"", ""Valeur technique de l'offre"", 'Prix']";['environnemental', 'technique', 'prix'];[25.0, 15.0, 60.0];360.0;False;3000000.0;False;;sans remise en concurrence;;26-95932;;800000.0;;LOT-0003;34928100;3000000.0;4;2.0;2.0;FOURNITURE ET LIVRAISON DE DISPOSITIFS DE RETENUE ET GARDE-CORPS POUR LES BESOINS DU DÉPARTEMENT D'ILLE-ET-VILAINE;ouverte;2026-FCS-STRA-0152;3.0;;;False;False;False;;7220.0;Département ;2 000  à  4 999;False;1978-01-01;84.11Z;2008;5710.0;SAS, société par actions simplifiée;20  à  49;False;<NA>;2008;C;16;16.1;16.1;16.10A;2007-07-21;(48.796271, 0.011234);Villedieu-lès-Bailleul;Orne;Normandie;(48.127132, -1.693496);Rennes;Ille-et-Vilaine;Bretagne;;;;;;;;
False;['34928100', '34928320'];;True;True;False;non attribue;;;False;;;2026-10-06;{'StreetName': 'Hôtel du Département', 'AdditionalStreetName': '1, Avenue de la Préfecture', 'CityName': 'Rennes Cedex', 'PostalZone': '35042', 'Country': 'FRA'};223500018;False;DEPARTEMENT D ILLE ET VILAINE;Conseil Départemental d'Ille et Vilaine;;2026-09-01+02:00;fournitures;"[""Performances en matière de protection de l'environnement"", ""Valeur technique de l'offre"", 'Prix']";['environnemental', 'technique', 'prix'];[25.0, 15.0, 60.0];360.0;False;3000000.0;False;;sans remise en concurrence;;26-95932;;;;LOT-0004;34928100;3000000.0;4;1.0;0.0;FOURNITURE ET LIVRAISON DE DISPOSITIFS DE RETENUE ET GARDE-CORPS POUR LES BESOINS DU DÉPARTEMENT D'ILLE-ET-VILAINE;ouverte;2026-FCS-STRA-0152;3.0;;;False;False;False;;7220.0;Département ;2 000  à  4 999;False;1978-01-01;84.11Z;2008;;;;;;<NA>;;;;;<NA>;<NA>;;;;;(48.127132, -1.693496);Rennes;Ille-et-Vilaine;Bretagne;;;;;;;;
False;['45261420'];;True;False;False;attribue;{'StreetName': '15 Rte De Thionville', 'AdditionalStreetName': None, 'CityName': 'Maizieres-Les-Metz', 'PostalZone': '57280', 'Country': 'FRA'};803115419;False;QUALITEC;Qualitec;2026-10-06;{'StreetName': '2, avenue du Général de Gaulle', 'AdditionalStreetName': None, 'CityName': 'Cattenom', 'PostalZone': '57570', 'Country': 'FRA'};245700695;False;COMMUNAUTE COMMUNES CATTENOM ET ENVIRONS;C de Cattenom et Environs;;2027-03-01+01:00;travaux;"[""Le prix est le seul critère d'attribution.""]";['prix'];[100];360.0;False;;False;;;;26-95930;;36510.0;;LOT-0005;45212000;;1;5.0;;Rénovation et extension de la salle de repli EDF pour transformation en salle sportive et en cellules commerciales - Lots 1 à 16;ouverte;2619;;;;False;False;False;36510.0;7346.0;Communauté de communes ;200  à  249;False;1986-01-16;84.11Z;2008;5499.0;Société à responsabilité limitée (sans autre indication);6  à  9;<NA>;<NA>;2008;F;43;43.9;43.99;43.99A;2014-07-01;(49.217976, 6.160601);Maizières-lès-Metz;Moselle;Grand Est;(49.405982, 6.24086);Cattenom;Moselle;Grand Est;;;;;;;;
False;['45233223', '45233142'];;True;False;False;attribue;{'StreetName': 'ZAC Val Vert - 4 rue de la Butte au Berger', 'AdditionalStreetName': None, 'CityName': 'LE PLESSIS-PATE', 'PostalZone': '91220', 'Country': 'FRA'};537802126;True;VIASOL;NEOVIA TECHNOLOGIES SAS – VIASOL;2026-10-06;{'StreetName': 'Village Mykonos - 36 avenue Salvador Allende - Bâtiment A', 'AdditionalStreetName': None, 'CityName': 'Beauvais', 'PostalZone': '60000', 'Country': 'FRA'};226000016;True;DEPARTEMENT DE L'OISE;"Département de l&#039;Oise";;;travaux;['Prix : 60 points', 'Valeur technique : 35 points', 'Développement durable : 5 points'];['prix', 'technique', 'environnemental'];[60.0, 35.0, 5.0];1440.0;False;1760000.0;False;{'StreetName': None, 'CityName': None, 'PostalZone': None, 'NUTS': 'FRE22', 'Country': 'FRA'};sans remise en concurrence;;26-95695;;664202.0;;LOT-0001;45233141;2120000.0;1;3.0;;TRAVAUX D’HYDRO REGENERATION DES CHAUSSEES SUR LE RESEAU ROUTIER DEPARTEMENTAL DE L’OISE;ouverte;26-DER-CBU-02;;;;False;False;False;664202.0;7220.0;Département ;2 000  à  4 999;False;1978-01-01;84.11Z;2008;5710.0;SAS, société par actions simplifiée;10  à  19;False;<NA>;2008;F;42;42.1;42.11;42.11Z;2011-10-31;(48.618314, 2.355244);Le Plessis-Pâté;Essonne;Île-de-France;(49.439091, 2.108216);Beauvais;Oise;Hauts-de-France;;;;;;;;
False;['66512000'];;False;False;False;attribue;{'StreetName': '39 Rue Mstislav Rostropovitch', 'AdditionalStreetName': None, 'CityName': 'Paris 17', 'PostalZone': '75017', 'Country': 'FRA'};572059939;False;SIACI SAINT HONORE;siaci saint-honoré;2026-10-06;"{'StreetName': ""20 avenue des Droits de l'Homme"", 'AdditionalStreetName': None, 'CityName': 'Orleans', 'PostalZone': '45000', 'Country': 'FRA'}";284500261;False;CENTRE DEPARTEMENTAL DE GESTION DE LA FONCTION PUBLIQUE TERRITORIALE;Centre de Gestion de la FPT du Loiret;;2027-01-01+01:00;services;"[""Valeur technique de l'offre"", ""Qualité de gestion de la compagnie ou de l'intermédiaire"", 'Qualité technique des prestations annexes et supplémentaires', 'Critères et modalités de variation de la tarification', 'Prix']";['technique', 'qualite', 'qualite', 'qualite', 'prix'];[30.0, 20.0, 15.0, 5.0, 30.0];1440.0;False;22000000.0;False;;;;26-95866;;4901742.0;;LOT-0000;66512000;;1;5.0;;Marché de service relatif à une prestation d'assurance des risques statutaires pour les collectivités et établissements affiliés et non affiliés au Centre de Gestion et pour lui-même;negociee;S-PF-1767259;;;;False;False;False;4901742.0;7379.0;(Autre) Établissement public administratif local ;50  à  99;<NA>;1995-08-25;84.11Z;2008;5710.0;SAS, société par actions simplifiée;1 000  à  1 999;False;<NA>;2008;K;66;66.2;66.22;66.22Z;1957-01-01;(48.889988, 2.312483);Paris;Paris;Île-de-France;(47.917439, 1.924773);Orléans;Loiret;Centre-Val de Loire;;;;;;;;
False;;;True;False;False;attribue;{'StreetName': '7 rue Jacques Cartier', 'AdditionalStreetName': 'ZAC de Belle Air Nord', 'CityName': 'AYTRÉ', 'PostalZone': '17440', 'Country': 'FRA'};535258925;True;FACEO FM NOUVELLE AQUITAINE;FACEO FM NOUVELLE AQUITAINE - VINCI FACILITIES CHARENTES;2026-10-06;{'StreetName': None, 'AdditionalStreetName': None, 'CityName': 'Bordeaux', 'PostalZone': '33000', 'Country': 'FRA'};130001902;True;;SID-SO;;;services;;;;1440.0;False;3000000.0;False;{'StreetName': None, 'CityName': None, 'PostalZone': None, 'NUTS': None, 'Country': 'FRA'};sans remise en concurrence;;26-95975;;2522112.0;;LOT-0001;50721000;9000000.0;1;3.0;;"ACBC relatif à l'exploitation, la maintenance des installations de CVC, de production ECS; de la plomberie sanitaire, des disconnecteurs, des chambres froides et des hottes des mess";ouverte;DAF_2025_001286;;;;True;False;False;2522112.0;;;;;<NA>;<NA>;<NA>;5710.0;SAS, société par actions simplifiée;250  à  499;False;False;2008;N;81;81.1;81.1;81.10Z;2011-09-21;;;;;;Bordeaux;Gironde;Nouvelle-Aquitaine;;;;;;;;
False;['79821000', '79823000', '30199230'];;True;True;False;attribue;{'StreetName': None, 'AdditionalStreetName': None, 'CityName': 'ROULLET ST ESTEPHE', 'PostalZone': '16440', 'Country': 'FRA'};413175050;True;COMPAGNIE EUROPEENNE DE PAPETERIE;Compagnie Européenne de papeterie;2026-10-06;{'StreetName': 'rue Viala', 'AdditionalStreetName': None, 'CityName': 'Avignon cedex 9', 'PostalZone': '84909', 'Country': 'FRA'};228400016;True;DEPARTEMENT DU VAUCLUSE;Département de Vaucluse;;;services;['prix des prestations', 'qualité des prestations', 'qualité des échantillons', 'performance environnementale'];['prix', 'qualite', 'qualite', 'environnemental'];[50.0, 20.0, 20.0, 10.0];360.0;False;;False;{'StreetName': None, 'CityName': None, 'PostalZone': None, 'NUTS': 'FRL06', 'Country': 'FRA'};sans remise en concurrence;;26-95795;25-76323;;;LOT-0001;79810000;120000.0;3;2.0;;Impression de documents administratifs et enveloppes pour le Département de Vaucluse.;ouverte;AB/LD;;;False;False;False;False;;7220.0;Département ;2 000  à  4 999;False;1984-11-20;84.11Z;2008;5599.0;SA à conseil d'administration (s.a.i.);100  à  199;False;<NA>;2008;C;17;17.2;17.23;17.23Z;1997-07-24;;Roullet-Saint-Estèphe;Charente;Nouvelle-Aquitaine;(43.948085, 4.805349);Avignon;Vaucluse;Provence-Alpes-Côte d'Azur;;;;;;;;
False;['79821000', '79823000', '30199230'];;True;True;False;attribue;{'StreetName': None, 'AdditionalStreetName': None, 'CityName': 'Cavaillon', 'PostalZone': '84300', 'Country': 'FRA'};343616983;False;ROGER RIMBAUD;SA Roger Rimbaud;2026-10-06;{'StreetName': 'rue Viala', 'AdditionalStreetName': None, 'CityName': 'Avignon cedex 9', 'PostalZone': '84909', 'Country': 'FRA'};228400016;True;DEPARTEMENT DU VAUCLUSE;Département de Vaucluse;;;services;['prix des prestations', 'qualité des prestations', 'Qualité des échantillons', 'performance environnementale'];['prix', 'qualite', 'qualite', 'environnemental'];[50.0, 20.0, 20.0, 10.0];360.0;False;;False;{'StreetName': None, 'CityName': None, 'PostalZone': None, 'NUTS': 'FRL06', 'Country': 'FRA'};sans remise en concurrence;;26-95795;25-76323;;;LOT-0002;79810000;120000.0;3;2.0;;Impression de documents administratifs et enveloppes pour le Département de Vaucluse.;ouverte;AB/LD;;;False;False;False;False;;7220.0;Département ;2 000  à  4 999;False;1984-11-20;84.11Z;2008;5599.0;SA à conseil d'administration (s.a.i.);10  à  19;False;<NA>;2008;C;18;18.1;18.12;18.12Z;1988-01-01;;Cavaillon;Vaucluse;Provence-Alpes-Côte d'Azur;(43.948085, 4.805349);Avignon;Vaucluse;Provence-Alpes-Côte d'Azur;;;;;;;;
False;['79821000', '79823000', '30199230'];;True;True;False;attribue;{'StreetName': None, 'AdditionalStreetName': None, 'CityName': 'Cavaillon', 'PostalZone': '84300', 'Country': 'FRA'};343616983;False;ROGER RIMBAUD;SA Roger Rimbaud;2026-10-06;{'StreetName': 'rue Viala', 'AdditionalStreetName': None, 'CityName': 'Avignon cedex 9', 'PostalZone': '84909', 'Country': 'FRA'};228400016;True;DEPARTEMENT DU VAUCLUSE;Département de Vaucluse;;;services;['prix des prestations', 'qualité des prestations', 'qualité des échantillons', 'Performance environnementale'];['prix', 'qualite', 'qualite', 'environnemental'];[50.0, 20.0, 20.0, 10.0];360.0;False;;False;{'StreetName': None, 'CityName': None, 'PostalZone': None, 'NUTS': 'FRL06', 'Country': 'FRA'};sans remise en concurrence;;26-95795;25-76323;;;LOT-0003;79810000;120000.0;3;2.0;;Impression de documents administratifs et enveloppes pour le Département de Vaucluse.;ouverte;AB/LD;;;False;False;False;False;;7220.0;Département ;2 000  à  4 999;False;1984-11-20;84.11Z;2008;5599.0;SA à conseil d'administration (s.a.i.);10  à  19;False;<NA>;2008;C;18;18.1;18.12;18.12Z;1988-01-01;;Cavaillon;Vaucluse;Provence-Alpes-Côte d'Azur;(43.948085, 4.805349);Avignon;Vaucluse;Provence-Alpes-Côte d'Azur;;;;;;;;
False;;;False;False;False;attribue;{'StreetName': None, 'AdditionalStreetName': None, 'CityName': 'BOUC BEL AIR', 'PostalZone': '13320', 'Country': 'FRA'};492030903;True;DELTA ASCENSEURS;DELTA ASCENSEUR;2026-10-06;{'StreetName': '60 Place Jean Jaures BP 122', 'AdditionalStreetName': None, 'CityName': 'APT', 'PostalZone': '84404', 'Country': 'FRA'};258402346;True;SM DU PARC NATUREL REGIONAL DU LUBERON;Parc Naturel Regional du Luberon;;;travaux;['Ascenseur - travaux'];['qualite'];;180.0;False;;False;{'StreetName': None, 'CityName': 'BUOUX', 'PostalZone': None, 'NUTS': 'FRL06', 'Country': 'FRA'};;;26-95780;;131960.0;;LOT-0001;45313100;;1;1.0;;Travaux concernant l'installation d'un ascenseur;ouverte;2026-04-01-8;;;;False;False;False;131960.0;7355.0;Syndicat mixte ouvert;50  à  99;<NA>;1984-06-01;84.13Z;2008;5710.0;SAS, société par actions simplifiée;20  à  49;False;<NA>;2008;F;43;43.2;43.29;43.29B;2006-09-13;;Bouc-Bel-Air;Bouches-du-Rhône;Provence-Alpes-Côte d'Azur;(43.875329, 5.397619);Apt;Vaucluse;Provence-Alpes-Côte d'Azur;;;;;;;;
False;;;True;False;False;attribue;;;False;;;2026-10-06;{'StreetName': None, 'AdditionalStreetName': None, 'CityName': 'Avignon Cedex 9', 'PostalZone': '84902', 'Country': 'FRA'};268400165;True;CENTRE HOSPITALIER D AVIGNON;Centre Hospitalier d'Avignon;;;services;['Critère 1 - Insertion dans le site et qualité environnementale', 'Critère 2 - Cohérence fonctionnelle', 'Critère 3 - Dimensionnement et faisabilité technique au regard de l’adéquation à l’enveloppe financière', 'Critère 4 - Pertinence du phasage et calendrier d’intervention'];['environnemental & social', 'technique', 'technique', 'qualite'];[10.0, 30.0, 40.0, 20.0];;False;;False;{'StreetName': None, 'CityName': None, 'PostalZone': None, 'NUTS': 'FRL06', 'Country': 'FRA'};;;26-95762;;397375.0;;LOT-0001;71000000;;1;3.0;;Maîtrise d'œuvre pour l'extension de la maternité;restreinte;25P012;;;;False;False;False;397375.0;7364.0;Établissement d'hospitalisation ;2 000  à  4 999;<NA>;1976-01-01;86.10Z;2008;;;;;;<NA>;;;;;<NA>;<NA>;;;;;;Combourg;Ille-et-Vilaine;Bretagne;;;;;;;;
False;;;True;False;False;attribue;{'StreetName': '8 Rue Louis Armand', 'AdditionalStreetName': None, 'CityName': 'Paris', 'PostalZone': '75015', 'Country': 'FRA'};775684764;True;SOCIETE MUTUELLE D'ASSURANCE DU BATIMENT ET DES TRAVAUX PUBLICS;SMABTP;2026-10-06;"{'StreetName': ""DAPID - Avenue de l'université - BP 576"", 'AdditionalStreetName': None, 'CityName': 'Pau cedex', 'PostalZone': '64012', 'Country': 'FRA'}";196402515;True;UNIVERSITE DE PAU ET DES PAYS DE L'ADOUR;Université Pau et des Pays de l'Adour;;;services;['Les informations sont détaillées dans le règlement de consultation', 'Les informations sont détaillées dans le règlement de consultation'];['prix', 'qualite'];[40.0, 60.0];4380.0;False;;True;{'StreetName': '2 Avenue du Président Pierre Angot', 'CityName': 'Pau', 'PostalZone': '64000', 'NUTS': 'FRI15', 'Country': 'FRA'};;;26-95697;;12216.6;;LOT-0001;66515000;;1;1.0;;Assurance dommage ouvrage et garanties complémentaires pour l'opération d'aménagement du R+2 du bâtiment IPREM 2 – Relance du marché n°2025-1389;ouverte;2026-1490;;;;False;False;False;12216.6;7383.0;Établissement public national à caractère scientifique culturel et professionnel ;1 000  à  1 999;False;1983-10-10;85.42Z;2008;6411.0;Société d'assurance à forme mutuelle;2 000  à  4 999;True;<NA>;2008;K;65;65.1;65.12;65.12Z;1974-01-01;(48.832702, 2.277434);Paris;Paris;Île-de-France;(43.311028, -0.364523);Pau;Pyrénées-Atlantiques;Nouvelle-Aquitaine;;;;;;;;
False;['48611000', '72611000', '72611000'];;True;False;False;attribue;{'StreetName': '102 allée destanque', 'AdditionalStreetName': None, 'CityName': 'SAINT GEOURS DE MAREMNE', 'PostalZone': '40230', 'Country': 'FRA'};425026424;False;IF TECHNOLOGIES;IF TECHNOLOGIES;2026-10-06;{'StreetName': '83 rue du Mail - BP 80011', 'AdditionalStreetName': None, 'CityName': 'ANGERS cedex 02', 'PostalZone': '49020', 'Country': 'FRA'};244900015;True;COMMUNAUTE URBAINE ANGERS LOIRE METROPOLE;Angers Loire Metropole (49);;;services;['Prix', 'Technique', 'Environnemental'];['prix', 'technique', 'environnemental'];[40.0, 50.0, 10.0];2880.0;True;280000.0;False;;;;26-95953;;550000.0;280000.0;LOT-0001;72267000;;1;5.0;;Souscription, support, maintenance et hébergement d’un logiciel de gestion des dossiers d'autorisation d'urbanisme et du foncier;ouverte;A26DSINDBLOGDAUF;1.0;;;False;False;False;550000.0;7343.0;Communauté urbaine ;1 000  à  1 999;<NA>;1978-01-01;84.11Z;2008;5710.0;SAS, société par actions simplifiée;6  à  9;False;<NA>;2008;J;62;62.0;62.01;62.01Z;1999-11-08;(43.7115, -1.238214);Saint-Geours-de-Maremne;Landes;Nouvelle-Aquitaine;(47.4719, -0.547983);Angers;Maine-et-Loire;Pays de la Loire;;;;;;;;
False;['60181000', '43313000', '90620000', '34143000'];;True;True;False;attribue;{'StreetName': 'Rue Ambroise Croizat', 'AdditionalStreetName': None, 'CityName': 'Ugine', 'PostalZone': '73400', 'Country': 'FRA'};776221426;False;ENTREPRISE BASSO PIERRE ET FILS;SARL BASSO PIERRE ET FILS TP;2026-10-06;{'StreetName': 'Mairie', 'AdditionalStreetName': None, 'CityName': 'Les Belleville', 'PostalZone': '73440', 'Country': 'FRA'};200084416;False;COMMUNE DE BELLEVILLE-EN-BEAUJOLAIS;Commune Les Belleville;;;services;"[""Valeur technique de l'offre"", 'Prix']";['technique', 'prix'];[40.0, 60.0];;False;2480000.0;False;;sans remise en concurrence;;26-95868;;3200000.0;;LOT-0001;60181000;10400000.0;9;4.0;;Location de matériels et fourniture de sable pour le déneigement des voiries communales;ouverte;S-PF-1806613;3.0;;;False;False;False;;7210.0;Commune et commune nouvelle ;200  à  249;<NA>;2019-01-01;84.11Z;2008;5710.0;SAS, société par actions simplifiée;20  à  49;False;<NA>;2008;F;43;43.1;43.12;43.12A;1969-01-01;(45.759814, 6.399167);Ugine;Savoie;Auvergne-Rhône-Alpes;(45.427299, 6.484782);Les Belleville;Savoie;Auvergne-Rhône-Alpes;;;;;;;;
False;['34134200', '43313000', '90620000', '34143000'];;True;True;False;attribue;{'StreetName': 'Rue Ambroise Croizat', 'AdditionalStreetName': None, 'CityName': 'Ugine', 'PostalZone': '73400', 'Country': 'FRA'};776221426;False;ENTREPRISE BASSO PIERRE ET FILS;SARL BASSO PIERRE ET FILS TP;2026-10-06;{'StreetName': 'Mairie', 'AdditionalStreetName': None, 'CityName': 'Les Belleville', 'PostalZone': '73440', 'Country': 'FRA'};200084416;False;COMMUNE DE BELLEVILLE-EN-BEAUJOLAIS;Commune Les Belleville;;;services;"[""Valeur technique de l'offre"", 'Prix']";['technique', 'prix'];[40.0, 60.0];;False;2480000.0;False;;sans remise en concurrence;;26-95868;;2000000.0;;LOT-0002;60181000;10400000.0;9;3.0;;Location de matériels et fourniture de sable pour le déneigement des voiries communales;ouverte;S-PF-1806613;3.0;;;False;False;False;;7210.0;Commune et commune nouvelle ;200  à  249;<NA>;2019-01-01;84.11Z;2008;5710.0;SAS, société par actions simplifiée;20  à  49;False;<NA>;2008;F;43;43.1;43.12;43.12A;1969-01-01;(45.759814, 6.399167);Ugine;Savoie;Auvergne-Rhône-Alpes;(45.427299, 6.484782);Les Belleville;Savoie;Auvergne-Rhône-Alpes;;;;;;;;
False;['34144710', '43313000', '90620000', '34143000'];;True;True;False;attribue;{'StreetName': 'Rue Ambroise Croizat', 'AdditionalStreetName': None, 'CityName': 'Ugine', 'PostalZone': '73400', 'Country': 'FRA'};776221426;False;ENTREPRISE BASSO PIERRE ET FILS;SARL BASSO PIERRE ET FILS TP;2026-10-06;{'StreetName': 'Mairie', 'AdditionalStreetName': None, 'CityName': 'Les Belleville', 'PostalZone': '73440', 'Country': 'FRA'};200084416;False;COMMUNE DE BELLEVILLE-EN-BEAUJOLAIS;Commune Les Belleville;;;services;"[""Valeur technique de l'offre"", 'Prix']";['technique', 'prix'];[40.0, 60.0];;False;2480000.0;False;;sans remise en concurrence;;26-95868;;1200000.0;;LOT-0003;60181000;10400000.0;9;3.0;;Location de matériels et fourniture de sable pour le déneigement des voiries communales;ouverte;S-PF-1806613;3.0;;;False;False;False;;7210.0;Commune et commune nouvelle ;200  à  249;<NA>;2019-01-01;84.11Z;2008;5710.0;SAS, société par actions simplifiée;20  à  49;False;<NA>;2008;F;43;43.1;43.12;43.12A;1969-01-01;(45.759814, 6.399167);Ugine;Savoie;Auvergne-Rhône-Alpes;(45.427299, 6.484782);Les Belleville;Savoie;Auvergne-Rhône-Alpes;;;;;;;;
False;['43221000', '43313000', '90620000', '34143000'];;True;True;False;attribue;{'StreetName': 'La Pachaudiere', 'AdditionalStreetName': None, 'CityName': 'Albertville', 'PostalZone': '73200', 'Country': 'FRA'};329338883;False;COLAS FRANCE;COLAS;2026-10-06;{'StreetName': 'Mairie', 'AdditionalStreetName': None, 'CityName': 'Les Belleville', 'PostalZone': '73440', 'Country': 'FRA'};200084416;False;COMMUNE DE BELLEVILLE-EN-BEAUJOLAIS;Commune Les Belleville;;;services;"[""Valeur technique de l'offre"", 'Prix']";['technique', 'prix'];[40.0, 60.0];;False;2480000.0;False;;sans remise en concurrence;;26-95868;;600000.0;;LOT-0004;60181000;10400000.0;9;1.0;;Location de matériels et fourniture de sable pour le déneigement des voiries communales;ouverte;S-PF-1806613;3.0;;;False;False;False;;7210.0;Commune et commune nouvelle ;200  à  249;<NA>;2019-01-01;84.11Z;2008;5710.0;SAS, société par actions simplifiée;10 000  et plus ;False;False;2008;F;42;42.1;42.11;42.11Z;1984-01-01;(45.66453, 6.414126);Albertville;Savoie;Auvergne-Rhône-Alpes;(45.427299, 6.484782);Les Belleville;Savoie;Auvergne-Rhône-Alpes;;;;;;;;
False;['43313100', '43313000', '90620000', '34143000'];;True;True;False;attribue;{'StreetName': 'Imp Blaise Pascal', 'AdditionalStreetName': None, 'CityName': 'Aurillac', 'PostalZone': '15000', 'Country': 'FRA'};799055033;False;U ETABLISSEMENT DE PAIEMENT;EURO LOCATION;2026-10-06;{'StreetName': 'Mairie', 'AdditionalStreetName': None, 'CityName': 'Les Belleville', 'PostalZone': '73440', 'Country': 'FRA'};200084416;False;COMMUNE DE BELLEVILLE-EN-BEAUJOLAIS;Commune Les Belleville;;;services;"[""Valeur technique de l'offre"", 'Prix']";['technique', 'prix'];[40.0, 60.0];;False;2480000.0;False;;sans remise en concurrence;;26-95868;;1200000.0;;LOT-0005;60181000;10400000.0;9;2.0;;Location de matériels et fourniture de sable pour le déneigement des voiries communales;ouverte;S-PF-1806613;3.0;;;False;False;False;;7210.0;Commune et commune nouvelle ;200  à  249;<NA>;2019-01-01;84.11Z;2008;5710.0;SAS, société par actions simplifiée;6  à  9;False;<NA>;2008;K;64;64.9;64.99;64.99Z;2013-12-17;(44.901677, 2.429257);Aurillac;Cantal;Auvergne-Rhône-Alpes;(45.427299, 6.484782);Les Belleville;Savoie;Auvergne-Rhône-Alpes;;;;;;;;
False;['34144710', '43313000', '90620000', '34143000'];;True;True;False;attribue;{'StreetName': 'Rue Ambroise Croizat', 'AdditionalStreetName': None, 'CityName': 'Ugine', 'PostalZone': '73400', 'Country': 'FRA'};776221426;False;ENTREPRISE BASSO PIERRE ET FILS;SARL BASSO PIERRE ET FILS TP;2026-10-06;{'StreetName': 'Mairie', 'AdditionalStreetName': None, 'CityName': 'Les Belleville', 'PostalZone': '73440', 'Country': 'FRA'};200084416;False;COMMUNE DE BELLEVILLE-EN-BEAUJOLAIS;Commune Les Belleville;;;services;"[""Valeur technique de l'offre"", 'Prix']";['technique', 'prix'];[40.0, 60.0];;False;2480000.0;False;;sans remise en concurrence;;26-95868;;1200000.0;;LOT-0006;60181000;10400000.0;9;1.0;;Location de matériels et fourniture de sable pour le déneigement des voiries communales;ouverte;S-PF-1806613;3.0;;;False;False;False;;7210.0;Commune et commune nouvelle ;200  à  249;<NA>;2019-01-01;84.11Z;2008;5710.0;SAS, société par actions simplifiée;20  à  49;False;<NA>;2008;F;43;43.1;43.12;43.12A;1969-01-01;(45.759814, 6.399167);Ugine;Savoie;Auvergne-Rhône-Alpes;(45.427299, 6.484782);Les Belleville;Savoie;Auvergne-Rhône-Alpes;;;;;;;;
False;['14210000', '43313000', '90620000', '34143000'];;True;True;False;attribue;{'StreetName': 'La Pachaudiere', 'AdditionalStreetName': None, 'CityName': 'Albertville', 'PostalZone': '73200', 'Country': 'FRA'};329338883;False;COLAS FRANCE;COLAS;2026-10-06;{'StreetName': 'Mairie', 'AdditionalStreetName': None, 'CityName': 'Les Belleville', 'PostalZone': '73440', 'Country': 'FRA'};200084416;False;COMMUNE DE BELLEVILLE-EN-BEAUJOLAIS;Commune Les Belleville;;;services;"[""Valeur technique de l'offre"", 'Prix']";['technique', 'prix'];[40.0, 60.0];;False;2480000.0;False;;sans remise en concurrence;;26-95868;;200000.0;;LOT-0007;60181000;10400000.0;9;1.0;;Location de matériels et fourniture de sable pour le déneigement des voiries communales;ouverte;S-PF-1806613;3.0;;;False;False;False;;7210.0;Commune et commune nouvelle ;200  à  249;<NA>;2019-01-01;84.11Z;2008;5710.0;SAS, société par actions simplifiée;10 000  et plus ;False;False;2008;F;42;42.1;42.11;42.11Z;1984-01-01;(45.66453, 6.414126);Albertville;Savoie;Auvergne-Rhône-Alpes;(45.427299, 6.484782);Les Belleville;Savoie;Auvergne-Rhône-Alpes;;;;;;;;
False;['34133000', '43313000', '90620000', '34143000'];;True;True;False;attribue;{'StreetName': '3 Rte De Lyon', 'AdditionalStreetName': None, 'CityName': 'Saint-Egreve', 'PostalZone': '38120', 'Country': 'FRA'};071502223;False;DAUPHINE POIDS LOURDS SARL;DAUPHINE POIDS LOURDS SARL;2026-10-06;{'StreetName': 'Mairie', 'AdditionalStreetName': None, 'CityName': 'Les Belleville', 'PostalZone': '73440', 'Country': 'FRA'};200084416;False;COMMUNE DE BELLEVILLE-EN-BEAUJOLAIS;Commune Les Belleville;;;services;"[""Valeur technique de l'offre"", 'Prix']";['technique', 'prix'];[40.0, 60.0];;False;2480000.0;False;;sans remise en concurrence;;26-95868;;480000.0;;LOT-0008;60181000;10400000.0;9;1.0;;Location de matériels et fourniture de sable pour le déneigement des voiries communales;ouverte;S-PF-1806613;3.0;;;False;False;False;;7210.0;Commune et commune nouvelle ;200  à  249;<NA>;2019-01-01;84.11Z;2008;5710.0;SAS, société par actions simplifiée;50  à  99;False;<NA>;2008;G;45;45.1;45.11;45.11Z;1971-01-01;(45.239941, 5.6726);Saint-Égrève;Isère;Auvergne-Rhône-Alpes;(45.427299, 6.484782);Les Belleville;Savoie;Auvergne-Rhône-Alpes;;;;;;;;
False;['60181000', '43313000', '90620000', '34143000'];;True;True;False;attribue;{'StreetName': 'Rue Ambroise Croizat', 'AdditionalStreetName': None, 'CityName': 'Ugine', 'PostalZone': '73400', 'Country': 'FRA'};776221426;False;ENTREPRISE BASSO PIERRE ET FILS;SARL BASSO PIERRE ET FILS TP;2026-10-06;{'StreetName': 'Mairie', 'AdditionalStreetName': None, 'CityName': 'Les Belleville', 'PostalZone': '73440', 'Country': 'FRA'};200084416;False;COMMUNE DE BELLEVILLE-EN-BEAUJOLAIS;Commune Les Belleville;;;services;"[""Valeur technique de l'offre"", 'Prix']";['technique', 'prix'];[40.0, 60.0];;False;2480000.0;False;;sans remise en concurrence;;26-95868;;320000.0;;LOT-0009;60181000;10400000.0;9;2.0;;Location de matériels et fourniture de sable pour le déneigement des voiries communales;ouverte;S-PF-1806613;3.0;;;False;False;False;;7210.0;Commune et commune nouvelle ;200  à  249;<NA>;2019-01-01;84.11Z;2008;5710.0;SAS, société par actions simplifiée;20  à  49;False;<NA>;2008;F;43;43.1;43.12;43.12A;1969-01-01;(45.759814, 6.399167);Ugine;Savoie;Auvergne-Rhône-Alpes;(45.427299, 6.484782);Les Belleville;Savoie;Auvergne-Rhône-Alpes;;;;;;;;
False;['33140000'];37.0;True;True;False;attribue;;;False;;;2026-10-06;{'StreetName': '58 rue Montalembert', 'AdditionalStreetName': None, 'CityName': 'Clermont-Ferrand', 'PostalZone': '63003', 'Country': 'FRA'};266307461;False;CENTRE HOSPITALIER UNIVERSITAIRE;Centre Hospitalier Universitaire de Clermont-Ferrand;2025-05-14;;fournitures;"[""Le prix est le seul critère d'attribution.""]";['prix'];[100];;True;39625591.0;False;;sans remise en concurrence;;26-95804;25-53149;506880.0;1280051.07;LOT-0001;33140000;951014187.82;9;195.0;;"PDM18 :
AO2026 PHARMAUVERGNE FOURNITURES DISPOSITIFS MEDICAUX SEGMENT 1";ouverte;PDM18;3.0;False;False;False;True;False;;7364.0;Établissement d'hospitalisation ;10 000  et plus ;False;1982-01-01;86.10Z;2008;;;;;;<NA>;;;;;<NA>;<NA>;;;;;(45.756911, 3.094373);Clermont-Ferrand;Puy-de-Dôme;Auvergne-Rhône-Alpes;;;;;;;;
False;['33140000'];37.0;True;True;False;attribue;;;False;;;2026-10-06;{'StreetName': '58 rue Montalembert', 'AdditionalStreetName': None, 'CityName': 'Clermont-Ferrand', 'PostalZone': '63003', 'Country': 'FRA'};266307461;False;CENTRE HOSPITALIER UNIVERSITAIRE;Centre Hospitalier Universitaire de Clermont-Ferrand;2025-05-14;;fournitures;"[""Le prix est le seul critère d'attribution.""]";['prix'];[100];;True;39625591.0;False;;sans remise en concurrence;;26-95804;25-53149;6414.6;78605.55;LOT-0002;33140000;951014187.82;9;195.0;;"PDM18 :
AO2026 PHARMAUVERGNE FOURNITURES DISPOSITIFS MEDICAUX SEGMENT 1";ouverte;PDM18;3.0;False;False;False;True;False;;7364.0;Établissement d'hospitalisation ;10 000  et plus ;False;1982-01-01;86.10Z;2008;;;;;;<NA>;;;;;<NA>;<NA>;;;;;(45.756911, 3.094373);Clermont-Ferrand;Puy-de-Dôme;Auvergne-Rhône-Alpes;;;;;;;;
False;['33140000'];37.0;True;True;False;attribue;;;False;;;2026-10-06;{'StreetName': '58 rue Montalembert', 'AdditionalStreetName': None, 'CityName': 'Clermont-Ferrand', 'PostalZone': '63003', 'Country': 'FRA'};266307461;False;CENTRE HOSPITALIER UNIVERSITAIRE;Centre Hospitalier Universitaire de Clermont-Ferrand;2025-05-14;;fournitures;"[""Le prix est le seul critère d'attribution.""]";['prix'];[100];;True;39625591.0;False;;sans remise en concurrence;;26-95804;25-53149;17263.0;2584562.28;LOT-0003;33140000;951014187.82;9;195.0;;"PDM18 :
AO2026 PHARMAUVERGNE FOURNITURES DISPOSITIFS MEDICAUX SEGMENT 1";ouverte;PDM18;3.0;False;False;False;True;False;;7364.0;Établissement d'hospitalisation ;10 000  et plus ;False;1982-01-01;86.10Z;2008;;;;;;<NA>;;;;;<NA>;<NA>;;;;;(45.756911, 3.094373);Clermont-Ferrand;Puy-de-Dôme;Auvergne-Rhône-Alpes;;;;;;;;
False;['33140000'];37.0;True;True;False;attribue;;;False;;;2026-10-06;{'StreetName': '58 rue Montalembert', 'AdditionalStreetName': None, 'CityName': 'Clermont-Ferrand', 'PostalZone': '63003', 'Country': 'FRA'};266307461;False;CENTRE HOSPITALIER UNIVERSITAIRE;Centre Hospitalier Universitaire de Clermont-Ferrand;2025-05-14;;fournitures;"[""Le prix est le seul critère d'attribution.""]";['prix'];[100];;True;39625591.0;False;;sans remise en concurrence;;26-95804;25-53149;18656.0;656047.39;LOT-0004;33140000;951014187.82;9;195.0;;"PDM18 :
AO2026 PHARMAUVERGNE FOURNITURES DISPOSITIFS MEDICAUX SEGMENT 1";ouverte;PDM18;3.0;False;False;False;True;False;;7364.0;Établissement d'hospitalisation ;10 000  et plus ;False;1982-01-01;86.10Z;2008;;;;;;<NA>;;;;;<NA>;<NA>;;;;;(45.756911, 3.094373);Clermont-Ferrand;Puy-de-Dôme;Auvergne-Rhône-Alpes;;;;;;;;
False;['33140000'];37.0;True;True;False;attribue;;;False;;;2026-10-06;{'StreetName': '58 rue Montalembert', 'AdditionalStreetName': None, 'CityName': 'Clermont-Ferrand', 'PostalZone': '63003', 'Country': 'FRA'};266307461;False;CENTRE HOSPITALIER UNIVERSITAIRE;Centre Hospitalier Universitaire de Clermont-Ferrand;2025-05-14;;fournitures;"[""Le prix est le seul critère d'attribution.""]";['prix'];[100];;True;39625591.0;False;;sans remise en concurrence;;26-95804;25-53149;6580.0;755534.77;LOT-0005;33140000;951014187.82;9;195.0;;"PDM18 :
AO2026 PHARMAUVERGNE FOURNITURES DISPOSITIFS MEDICAUX SEGMENT 1";ouverte;PDM18;3.0;False;False;False;True;False;;7364.0;Établissement d'hospitalisation ;10 000  et plus ;False;1982-01-01;86.10Z;2008;;;;;;<NA>;;;;;<NA>;<NA>;;;;;(45.756911, 3.094373);Clermont-Ferrand;Puy-de-Dôme;Auvergne-Rhône-Alpes;;;;;;;;
False;['33140000'];37.0;True;True;False;attribue;;;False;;;2026-10-06;{'StreetName': '58 rue Montalembert', 'AdditionalStreetName': None, 'CityName': 'Clermont-Ferrand', 'PostalZone': '63003', 'Country': 'FRA'};266307461;False;CENTRE HOSPITALIER UNIVERSITAIRE;Centre Hospitalier Universitaire de Clermont-Ferrand;2025-05-14;;fournitures;"[""Le prix est le seul critère d'attribution.""]";['prix'];[100];;True;39625591.0;False;;sans remise en concurrence;;26-95804;25-53149;2192.0;698950.51;LOT-0006;33140000;951014187.82;9;195.0;;"PDM18 :
AO2026 PHARMAUVERGNE FOURNITURES DISPOSITIFS MEDICAUX SEGMENT 1";ouverte;PDM18;3.0;False;False;False;True;False;;7364.0;Établissement d'hospitalisation ;10 000  et plus ;False;1982-01-01;86.10Z;2008;;;;;;<NA>;;;;;<NA>;<NA>;;;;;(45.756911, 3.094373);Clermont-Ferrand;Puy-de-Dôme;Auvergne-Rhône-Alpes;;;;;;;;
False;['33140000'];37.0;True;True;False;attribue;;;False;;;2026-10-06;{'StreetName': '58 rue Montalembert', 'AdditionalStreetName': None, 'CityName': 'Clermont-Ferrand', 'PostalZone': '63003', 'Country': 'FRA'};266307461;False;CENTRE HOSPITALIER UNIVERSITAIRE;Centre Hospitalier Universitaire de Clermont-Ferrand;2025-05-14;;fournitures;"[""Le prix est le seul critère d'attribution.""]";['prix'];[100];;True;39625591.0;False;;sans remise en concurrence;;26-95804;25-53149;6892000.43;29607867.75;LOT-0007;33140000;951014187.82;9;195.0;;"PDM18 :
AO2026 PHARMAUVERGNE FOURNITURES DISPOSITIFS MEDICAUX SEGMENT 1";ouverte;PDM18;3.0;False;False;False;True;False;;7364.0;Établissement d'hospitalisation ;10 000  et plus ;False;1982-01-01;86.10Z;2008;;;;;;<NA>;;;;;<NA>;<NA>;;;;;(45.756911, 3.094373);Clermont-Ferrand;Puy-de-Dôme;Auvergne-Rhône-Alpes;;;;;;;;
False;['33140000'];37.0;True;True;False;attribue;;;False;;;2026-10-06;{'StreetName': '58 rue Montalembert', 'AdditionalStreetName': None, 'CityName': 'Clermont-Ferrand', 'PostalZone': '63003', 'Country': 'FRA'};266307461;False;CENTRE HOSPITALIER UNIVERSITAIRE;Centre Hospitalier Universitaire de Clermont-Ferrand;2025-05-14;;fournitures;"[""Le prix est le seul critère d'attribution.""]";['prix'];[100];;True;39625591.0;False;;sans remise en concurrence;;26-95804;25-53149;49989.6;526350.91;LOT-0008;33140000;951014187.82;9;195.0;;"PDM18 :
AO2026 PHARMAUVERGNE FOURNITURES DISPOSITIFS MEDICAUX SEGMENT 1";ouverte;PDM18;3.0;False;False;False;True;False;;7364.0;Établissement d'hospitalisation ;10 000  et plus ;False;1982-01-01;86.10Z;2008;;;;;;<NA>;;;;;<NA>;<NA>;;;;;(45.756911, 3.094373);Clermont-Ferrand;Puy-de-Dôme;Auvergne-Rhône-Alpes;;;;;;;;
False;['33140000'];37.0;True;True;False;attribue;;;False;;;2026-10-06;{'StreetName': '58 rue Montalembert', 'AdditionalStreetName': None, 'CityName': 'Clermont-Ferrand', 'PostalZone': '63003', 'Country': 'FRA'};266307461;False;CENTRE HOSPITALIER UNIVERSITAIRE;Centre Hospitalier Universitaire de Clermont-Ferrand;2025-05-14;;fournitures;"[""Le prix est le seul critère d'attribution.""]";['prix'];[100];;True;39625591.0;False;;sans remise en concurrence;;26-95804;25-53149;15381.02;3437620.94;LOT-0009;33140000;951014187.82;9;195.0;;"PDM18 :
AO2026 PHARMAUVERGNE FOURNITURES DISPOSITIFS MEDICAUX SEGMENT 1";ouverte;PDM18;3.0;False;False;False;True;False;;7364.0;Établissement d'hospitalisation ;10 000  et plus ;False;1982-01-01;86.10Z;2008;;;;;;<NA>;;;;;<NA>;<NA>;;;;;(45.756911, 3.094373);Clermont-Ferrand;Puy-de-Dôme;Auvergne-Rhône-Alpes;;;;;;;;
False;;;True;False;False;attribue;;;False;;;2026-10-06;{'StreetName': '14 rue Gabriel de Kerveguen', 'AdditionalStreetName': None, 'CityName': 'SAINTE-CLOTILDE', 'PostalZone': '97490', 'Country': 'FRA'};379994734;True;SOCIETE DYONISIENNE GESTION EQUIPEMENTS;SODIPARC;;;fournitures;;;;1460.0;True;;False;{'StreetName': None, 'CityName': 'SAINTE-CLOTILDE', 'PostalZone': '97490', 'NUTS': 'FRY40', 'Country': 'FRA'};sans remise en concurrence;;26-95684;;166639.75;;LOT-0001;34927000;2000000.0;1;3.0;;ACQUISITION ET MISE EN OEUVRE D'EQUIPEMENTS DE CONTROLE D'ACCES, PEAGE ET FORMATION;ouverte;2026.3.01;;;;False;False;False;166639.75;5599.0;SA à conseil d'administration (s.a.i.);250  à  499;False;1990-10-30;49.31Z;2008;;;;;;<NA>;;;;;<NA>;<NA>;;;;;(-20.891967, 55.497035);Saint-Denis;La Réunion;;;;;;;;;
False;['71313000'];;True;True;False;attribue;{'StreetName': '2 Rue Hector Berlioz', 'AdditionalStreetName': None, 'CityName': 'La Tour-Du-Pin', 'PostalZone': '38110', 'Country': 'FRA'};512308321;False;ENVISOL;ENVISOL;2026-10-06;{'StreetName': '256 Rue Hubert Delisle', 'AdditionalStreetName': 'Cs 32117', 'CityName': 'Le Tampon', 'PostalZone': '97831', 'Country': 'FRA'};219740222;False;COMMUNE DU TAMPON;COMMUNE DU TAMPON;;;services;"[""Valeur technique de l'offre"", 'Prix']";['technique', 'prix'];[60.0, 40.0];;False;;False;;;;26-95865;;84124.06;;LOT-0001;71313000;;2;3.0;;études complémentaires relatives à la réhabilitation de l'ancienne décharge de la Bergerie;ouverte;2025/ETUDESCOMPLDECHARGESMF;;;;False;False;False;112724.0;7210.0;Commune et commune nouvelle ;2 000  à  4 999;False;1970-10-01;84.11Z;2008;5710.0;SAS, société par actions simplifiée;50  à  99;False;<NA>;2008;M;71;71.1;71.12;71.12B;2009-05-04;(45.562589, 5.446358);La Tour-du-Pin;Isère;Auvergne-Rhône-Alpes;(-21.275652, 55.514505);Le Tampon;La Réunion;;;;;;;;;
False;['71332000'];;True;True;False;attribue;{'StreetName': '2 Rue Hector Berlioz', 'AdditionalStreetName': None, 'CityName': 'La Tour-Du-Pin', 'PostalZone': '38110', 'Country': 'FRA'};512308321;False;ENVISOL;ENVISOL;2026-10-06;{'StreetName': '256 Rue Hubert Delisle', 'AdditionalStreetName': 'Cs 32117', 'CityName': 'Le Tampon', 'PostalZone': '97831', 'Country': 'FRA'};219740222;False;COMMUNE DU TAMPON;COMMUNE DU TAMPON;;;services;"[""Valeur technique de l'offre"", 'Prix']";['technique', 'prix'];[60.0, 40.0];;False;;False;;;;26-95865;;28600.0;;LOT-0002;71313000;;2;3.0;;études complémentaires relatives à la réhabilitation de l'ancienne décharge de la Bergerie;ouverte;2025/ETUDESCOMPLDECHARGESMF;;;;False;False;False;112724.0;7210.0;Commune et commune nouvelle ;2 000  à  4 999;False;1970-10-01;84.11Z;2008;5710.0;SAS, société par actions simplifiée;50  à  99;False;<NA>;2008;M;71;71.1;71.12;71.12B;2009-05-04;(45.562589, 5.446358);La Tour-du-Pin;Isère;Auvergne-Rhône-Alpes;(-21.275652, 55.514505);Le Tampon;La Réunion;;;;;;;;;
False;;;False;True;False;attribue;{'StreetName': '11 BD du Chaudron', 'AdditionalStreetName': None, 'CityName': 'Sainte-Clotilde', 'PostalZone': '97490', 'Country': 'FRA'};479673541;True;;AUTOMOBILES REUNION SN;2026-10-06;{'StreetName': '21, RUE GEORGES POMPIDOU, 97470 SAINT-BENOIT', 'AdditionalStreetName': None, 'CityName': 'SAINT-BENOIT', 'PostalZone': '97470', 'Country': 'FRA'};219740107;True;COMMUNE DE SAINT BENOIT;Ville de Saint-Benoit;;2026-09-01+04:00;fournitures;['Voir pièces de marché', 'Voir pièces de marché'];['prix', 'qualite'];;480.0;False;;False;{'StreetName': None, 'CityName': 'Saint-Benoît', 'PostalZone': None, 'NUTS': 'FRY40', 'Country': 'FRA'};sans remise en concurrence;;26-95903;;42118.45;129000.0;LOT-0001;34100000;137158.25;4;2.0;;Marché d’acquisition et de livraison de véhicules pour les besoins de la commune de Saint-Benoît;ouverte;MP20260022;;;;False;False;False;;7210.0;Commune et commune nouvelle ;1 000  à  1 999;False;1964-12-01;84.11Z;2008;;;;;;<NA>;;;;;<NA>;<NA>;(-20.890508, 55.49104);Saint-Denis;La Réunion;;(-21.033604, 55.712993);Saint-Benoît;La Réunion;;;;;;;;;
False;['34144900'];;False;True;False;attribue;{'StreetName': '2 Allee JACQUOT', 'AdditionalStreetName': None, 'CityName': 'Saint-Pierre', 'PostalZone': '97441', 'Country': 'FRA'};821810389;True;IMPACT TP;IMPACT TP;2026-10-06;{'StreetName': '21, RUE GEORGES POMPIDOU, 97470 SAINT-BENOIT', 'AdditionalStreetName': None, 'CityName': 'SAINT-BENOIT', 'PostalZone': '97470', 'Country': 'FRA'};219740107;True;COMMUNE DE SAINT BENOIT;Ville de Saint-Benoit;;2026-09-01+04:00;fournitures;['Voir pièces de marché', 'Voir pièces de marché'];['prix', 'qualite'];;480.0;False;;False;{'StreetName': 'Saint-Benoît', 'CityName': 'Saint-Benoît', 'PostalZone': '97470', 'NUTS': 'FRY40', 'Country': 'FRA'};sans remise en concurrence;;26-95903;;44500.0;132717.0;LOT-0002;34100000;137158.25;4;2.0;;Marché d’acquisition et de livraison de véhicules pour les besoins de la commune de Saint-Benoît;ouverte;MP20260022;;;;False;False;False;;7210.0;Commune et commune nouvelle ;1 000  à  1 999;False;1964-12-01;84.11Z;2008;5710.0;SAS, société par actions simplifiée;3  à  5;False;<NA>;2008;G;47;47.5;47.52;47.52A;2016-08-01;;;;;(-21.033604, 55.712993);Saint-Benoît;La Réunion;;;;;;;;;
False;['34144900'];;False;True;False;attribue;{'StreetName': '11 BD du Chaudron', 'AdditionalStreetName': None, 'CityName': 'Sainte-Clotilde', 'PostalZone': '97490', 'Country': 'FRA'};479673541;True;;AUTOMOBILES REUNION SN;2026-10-06;{'StreetName': '21, RUE GEORGES POMPIDOU, 97470 SAINT-BENOIT', 'AdditionalStreetName': None, 'CityName': 'SAINT-BENOIT', 'PostalZone': '97470', 'Country': 'FRA'};219740107;True;COMMUNE DE SAINT BENOIT;Ville de Saint-Benoit;;2026-09-01+04:00;fournitures;['Voir pièces de marché', 'Voir pièces de marché'];['prix', 'qualite'];;480.0;False;;False;{'StreetName': 'Saint-Benoît', 'CityName': 'Saint-Benoît', 'PostalZone': '97470', 'NUTS': 'FRY40', 'Country': 'FRA'};sans remise en concurrence;;26-95903;;25587.56;105069.0;LOT-0003;34100000;137158.25;4;3.0;;Marché d’acquisition et de livraison de véhicules pour les besoins de la commune de Saint-Benoît;ouverte;MP20260022;;;;False;False;False;;7210.0;Commune et commune nouvelle ;1 000  à  1 999;False;1964-12-01;84.11Z;2008;;;;;;<NA>;;;;;<NA>;<NA>;(-20.890508, 55.49104);Saint-Denis;La Réunion;;(-21.033604, 55.712993);Saint-Benoît;La Réunion;;;;;;;;;
False;;;False;True;False;attribue;{'StreetName': '31 rue JULES VERNE', 'AdditionalStreetName': None, 'CityName': 'Le Port', 'PostalZone': '97420', 'Country': 'FRA'};399582741;True;JULES CAILLE AUTO;JULES CAILLE AUTOMOBILES;2026-10-06;{'StreetName': '21, RUE GEORGES POMPIDOU, 97470 SAINT-BENOIT', 'AdditionalStreetName': None, 'CityName': 'SAINT-BENOIT', 'PostalZone': '97470', 'Country': 'FRA'};219740107;True;COMMUNE DE SAINT BENOIT;Ville de Saint-Benoit;;2026-09-01+04:00;fournitures;['Voir pièces de marché', 'Voir pièces de marché'];['prix', 'qualite'];;480.0;False;;False;{'StreetName': 'Saint-Benoît', 'CityName': 'Saint-Benoît', 'PostalZone': '97470', 'NUTS': 'FRY40', 'Country': 'FRA'};sans remise en concurrence;;26-95903;;24952.24;27650.0;LOT-0004;34100000;137158.25;4;2.0;;Marché d’acquisition et de livraison de véhicules pour les besoins de la commune de Saint-Benoît;ouverte;MP20260022;;;;False;False;False;;7210.0;Commune et commune nouvelle ;1 000  à  1 999;False;1964-12-01;84.11Z;2008;5710.0;SAS, société par actions simplifiée;250  à  499;False;<NA>;2008;G;45;45.1;45.11;45.11Z;1995-01-11;(-20.939844, 55.311674);Le Port;La Réunion;;(-21.033604, 55.712993);Saint-Benoît;La Réunion;;;;;;;;;
False;['90460000'];;True;True;False;non attribue;;;False;;;2026-10-06;"{'StreetName': ""Direction de l'Achat Public"", 'AdditionalStreetName': '26 rue Lislet Geoffroy Sainte Clotilde', 'CityName': 'Saint-Denis', 'PostalZone': '97490', 'Country': 'FRA'}";219740115;False;COMMUNE DE SAINT DENIS;Commune de Saint-Denis;;;services;['La valeur technique est appréciée au regard du contenu du mémoire technique', 'Le critère prix sera calculé en prenant compte le montant global des prix en Ht'];['technique', 'prix'];[40.0, 60.0];;False;600000.0;False;;sans remise en concurrence;;26-95899;;;;LOT-0001;90460000;;2;5.0;;ENTRETIEN DES RESEAUX D'ASSAINISSEMENT PRIVES  DE LA VILLE DE SAINT-DENIS;ouverte;2509190409-CB;2.0;;;False;False;False;;7210.0;Commune et commune nouvelle ;2 000  à  4 999;False;1967-01-01;84.11Z;2008;;;;;;<NA>;;;;;<NA>;<NA>;;;;;(-20.895105, 55.497705);Saint-Denis;La Réunion;;;;;;;;;
False;['90460000'];;True;True;False;non attribue;;;False;;;2026-10-06;"{'StreetName': ""Direction de l'Achat Public"", 'AdditionalStreetName': '26 rue Lislet Geoffroy Sainte Clotilde', 'CityName': 'Saint-Denis', 'PostalZone': '97490', 'Country': 'FRA'}";219740115;False;COMMUNE DE SAINT DENIS;Commune de Saint-Denis;;;services;['La valeur technique est appréciée au regard du contenu du mémoire technique', 'Le critère prix sera calculé en prenant compte le montant global des prix en Ht'];['technique', 'prix'];[40.0, 60.0];;False;600000.0;False;;sans remise en concurrence;;26-95899;;;;LOT-0002;90460000;;2;5.0;;ENTRETIEN DES RESEAUX D'ASSAINISSEMENT PRIVES  DE LA VILLE DE SAINT-DENIS;ouverte;2509190409-CB;2.0;;;False;False;False;;7210.0;Commune et commune nouvelle ;2 000  à  4 999;False;1967-01-01;84.11Z;2008;;;;;;<NA>;;;;;<NA>;<NA>;;;;;(-20.895105, 55.497705);Saint-Denis;La Réunion;;;;;;;;;
False;;;True;True;False;attribue;{'StreetName': '62 rue Raphaël Babet', 'AdditionalStreetName': None, 'CityName': 'SAINT-JOSEPH', 'PostalZone': '97480', 'Country': 'FRA'};332748169;True;SOCIETE COMMERCIALE DU BUTOR;SOCOBU SAS;2026-10-06;{'StreetName': None, 'AdditionalStreetName': None, 'CityName': 'Saint-Joseph', 'PostalZone': '97480', 'Country': 'FRA'};219740123;True;COMMUNE DE SAINT JOSEPH;COMMUNE DE SAINT JOSEPH;;;fournitures;['Prix des prestations – Pondération : 100 % (soit 100 points).'];['prix'];[100];;False;;False;{'StreetName': None, 'CityName': 'SAINT-JOSEPH', 'PostalZone': None, 'NUTS': 'FRY40', 'Country': 'FRA'};sans remise en concurrence;;26-95727;;;;LOT-0001;44521000;680000.0;4;1.0;;26PA002_ACHAT D’OUTILLAGES, DE FOURNITURES ET DE MATERIAUX DE CONSTRUCTION (ROUTIERS ET BATIMENTS) POUR LES SERVICES TECHNIQUES – ANNEE 2025 – LOTS N°1, 5, 6 ET 7 (RELANCE);autre;26PA002;;;;False;False;False;;7210.0;Commune et commune nouvelle ;1 000  à  1 999;False;1971-04-09;84.11Z;2008;5710.0;SAS, société par actions simplifiée;20  à  49;<NA>;<NA>;2008;G;47;47.5;47.52;47.52B;1985-04-01;(-21.381159, 55.61224);Saint-Joseph;La Réunion;;;Castelnaudary;Aude;Occitanie;;;;;;;;
False;;;True;True;False;non attribue;;;False;;;2026-10-06;{'StreetName': None, 'AdditionalStreetName': None, 'CityName': 'Saint-Joseph', 'PostalZone': '97480', 'Country': 'FRA'};219740123;True;COMMUNE DE SAINT JOSEPH;COMMUNE DE SAINT JOSEPH;;;fournitures;['Prix des prestations – Pondération : 100 % (soit 100 points).'];['prix'];[100];;False;;False;{'StreetName': None, 'CityName': 'SAINT-JOSEPH', 'PostalZone': '97480', 'NUTS': 'FRY40', 'Country': 'FRA'};sans remise en concurrence;;26-95727;;;;LOT-0002;44316000;680000.0;4;0.0;;26PA002_ACHAT D’OUTILLAGES, DE FOURNITURES ET DE MATERIAUX DE CONSTRUCTION (ROUTIERS ET BATIMENTS) POUR LES SERVICES TECHNIQUES – ANNEE 2025 – LOTS N°1, 5, 6 ET 7 (RELANCE);autre;26PA002;;;;False;False;False;;7210.0;Commune et commune nouvelle ;1 000  à  1 999;False;1971-04-09;84.11Z;2008;;;;;;<NA>;;;;;<NA>;<NA>;;;;;;Castelnaudary;Aude;Occitanie;;;;;;;;
False;;;True;True;False;attribue;{'StreetName': '13 rue Gabriel de Kerveguen', 'AdditionalStreetName': None, 'CityName': 'SAINTE-CLOTILDE', 'PostalZone': '97490', 'Country': 'FRA'};349714717;True;VIS ET BOULONS DISTRIBUTIONS;SARL VIS BOULONS DISTRIBUTION;2026-10-06;{'StreetName': None, 'AdditionalStreetName': None, 'CityName': 'Saint-Joseph', 'PostalZone': '97480', 'Country': 'FRA'};219740123;True;COMMUNE DE SAINT JOSEPH;COMMUNE DE SAINT JOSEPH;;;fournitures;['Prix des prestations – Pondération : 100 % (soit 100 points).'];['prix'];[100];;False;;False;{'StreetName': None, 'CityName': 'SAINT-JOSEPH', 'PostalZone': '97480', 'NUTS': 'FRY40', 'Country': 'FRA'};sans remise en concurrence;;26-95727;;;;LOT-0003;44510000;680000.0;4;1.0;;26PA002_ACHAT D’OUTILLAGES, DE FOURNITURES ET DE MATERIAUX DE CONSTRUCTION (ROUTIERS ET BATIMENTS) POUR LES SERVICES TECHNIQUES – ANNEE 2025 – LOTS N°1, 5, 6 ET 7 (RELANCE);autre;26PA002;;;;False;False;False;;7210.0;Commune et commune nouvelle ;1 000  à  1 999;False;1971-04-09;84.11Z;2008;5499.0;Société à responsabilité limitée (sans autre indication);6  à  9;<NA>;<NA>;2008;G;46;46.7;46.74;46.74A;1989-03-01;(-20.892666, 55.496848);Saint-Denis;La Réunion;;;Castelnaudary;Aude;Occitanie;;;;;;;;
False;;;True;True;False;attribue;{'StreetName': '62 rue Raphaël Babet', 'AdditionalStreetName': None, 'CityName': 'SAINT-JOSEPH', 'PostalZone': '97480', 'Country': 'FRA'};332748169;True;SOCIETE COMMERCIALE DU BUTOR;SOCOBU SAS;2026-10-06;{'StreetName': None, 'AdditionalStreetName': None, 'CityName': 'Saint-Joseph', 'PostalZone': '97480', 'Country': 'FRA'};219740123;True;COMMUNE DE SAINT JOSEPH;COMMUNE DE SAINT JOSEPH;;;fournitures;['Prix des prestations – Pondération : 100 % (soit 100 points).'];['prix'];[100];;False;;False;{'StreetName': None, 'CityName': 'SAINT-JOSEPH', 'PostalZone': '97480', 'NUTS': 'FRY40', 'Country': 'FRA'};sans remise en concurrence;;26-95727;;;;LOT-0004;31600000;680000.0;4;2.0;;26PA002_ACHAT D’OUTILLAGES, DE FOURNITURES ET DE MATERIAUX DE CONSTRUCTION (ROUTIERS ET BATIMENTS) POUR LES SERVICES TECHNIQUES – ANNEE 2025 – LOTS N°1, 5, 6 ET 7 (RELANCE);autre;26PA002;;;;False;False;False;;7210.0;Commune et commune nouvelle ;1 000  à  1 999;False;1971-04-09;84.11Z;2008;5710.0;SAS, société par actions simplifiée;20  à  49;<NA>;<NA>;2008;G;47;47.5;47.52;47.52B;1985-04-01;(-21.381159, 55.61224);Saint-Joseph;La Réunion;;;Castelnaudary;Aude;Occitanie;;;;;;;;
False;['42410000'];;True;False;False;attribue;{'StreetName': '2 All Jacquot', 'AdditionalStreetName': None, 'CityName': 'Saint-Pierre', 'PostalZone': '97410', 'Country': 'FRA'};714800265;False;CENTRE OUEST MATERIEL;LOCAMAT PRO;2026-10-06;{'StreetName': '256 Rue Hubert Delisle', 'AdditionalStreetName': 'Cs 32117', 'CityName': 'Le Tampon', 'PostalZone': '97831', 'Country': 'FRA'};219740222;False;COMMUNE DU TAMPON;COMMUNE DU TAMPON;;;services;"[""Le prix est le seul critère d'attribution.""]";['prix'];[100];;False;;False;;;;26-95874;;11175.0;;LOT-0001;79952000;;1;2.0;;Fournitures et services pour l'évènement des Florilèges 2026 - 2ème procédure;ouverte;2026/FCS/FLORILEGES2026;;;;False;False;False;11175.0;7210.0;Commune et commune nouvelle ;2 000  à  4 999;False;1970-10-01;84.11Z;2008;5710.0;SAS, société par actions simplifiée;;<NA>;<NA>;2008;G;47;47.5;47.52;47.52B;1971-01-01;(-21.318639, 55.471369);Saint-Pierre;La Réunion;;(-21.275652, 55.514505);Le Tampon;La Réunion;;;;;;;;;
False;['45331230'];;True;False;False;attribue;{'StreetName': '16 rue Marie de Lorraine - Zac des Fougerolles', 'AdditionalStreetName': None, 'CityName': 'La Ville Aux Dames', 'PostalZone': '37700', 'Country': 'FRA'};451568547;False;GROUPE BENARD;BENARD SAS;2026-10-06;{'StreetName': '60 Avenue Marcel Dassault', 'AdditionalStreetName': None, 'CityName': 'Tours', 'PostalZone': '37200', 'Country': 'FRA'};243700754;False;TOURS METROPOLE VAL DE LOIRE;Tours métropole Val de Loire;;;travaux;"[""Valeur technique de l'offre"", ""Performances en matière de protection de l'environnement"", 'Prix']";['technique', 'environnemental', 'prix'];[50.0, 10.0, 40.0];;True;;False;;;;26-95870;;260716.42;;LOT-0001;45210000;;1;5.0;;Construction d'un bâtiment d'accueil et de restauration labellisé Passivhaus sur le site de la Cité des Formations à Tours- Relance Lot 20;ouverte;CFA RELANCE LOT 20;;;;False;True;False;260716.42;7344.0;Métropole;1 000  à  1 999;False;2000-01-01;84.11Z;2008;5710.0;SAS, société par actions simplifiée;100  à  199;False;<NA>;2008;G;46;46.6;46.69;46.69A;2004-01-01;;;;;(47.363857, 0.676654);Tours;Indre-et-Loire;Centre-Val de Loire;;;;;;;;
False;;;True;True;False;attribue;;;False;;;2026-10-06;{'StreetName': '53 bis, Rue de la Préfecture\nCS 13501', 'AdditionalStreetName': None, 'CityName': 'Dijon CEDEX', 'PostalZone': '21035', 'Country': 'FRA'};222100018;True;DEPARTEMENT DE COTE D OR;Conseil Départemental de Côte d'Or (21);;;fournitures;['Prix', 'Caractéristiques opérationnelles au vu du cadre des caractéristiques opérationnelles'];['prix', 'technique'];[20.0, 80.0];1080.0;False;1750000.0;False;"{'StreetName': ""Côte-d'Or"", 'CityName': 'Dijon', 'PostalZone': '21000', 'NUTS': 'FRC11', 'Country': 'FRA'}";sans remise en concurrence;;26-95776;;2083334.0;1750000.0;LOT-0001;30163000;2083334.0;2;6.0;;Acquisition de cartes accréditives multi-enseignes;ouverte;2026ALF0153521;;;;False;False;False;2083334.0;7220.0;Département ;2 000  à  4 999;False;1981-06-23;84.11Z;2008;;;;;;<NA>;;;;;<NA>;<NA>;;;;;(47.325068, 5.042539);Dijon;Côte-d'Or;Bourgogne-Franche-Comté;;;;;;;;
False;;;True;True;False;attribue;;;False;;;2026-10-06;{'StreetName': '53 bis, Rue de la Préfecture\nCS 13501', 'AdditionalStreetName': None, 'CityName': 'Dijon CEDEX', 'PostalZone': '21035', 'Country': 'FRA'};222100018;True;DEPARTEMENT DE COTE D OR;Conseil Départemental de Côte d'Or (21);;;fournitures;['Prix', 'Caractéristiques opérationnelles au vu du cadre des caractéristiques opérationnelles'];['prix', 'technique'];[20.0, 80.0];1080.0;False;1750000.0;False;"{'StreetName': ""Côte-d'Or"", 'CityName': 'Dijon', 'PostalZone': '21000', 'NUTS': 'FRC11', 'Country': 'FRA'}";sans remise en concurrence;;26-95776;;2083334.0;1750000.0;LOT-0001;30163000;2083334.0;2;6.0;;Acquisition de cartes accréditives multi-enseignes;ouverte;2026ALF0153521;;;;False;False;False;2083334.0;7220.0;Département ;2 000  à  4 999;False;1981-06-23;84.11Z;2008;;;;;;<NA>;;;;;<NA>;<NA>;;;;;(47.325068, 5.042539);Dijon;Côte-d'Or;Bourgogne-Franche-Comté;;;;;;;;
False;['39830000', '39831240', '19640000', '33771000'];;True;True;False;attribue;{'StreetName': 'Z A Les Quatre Chemins', 'AdditionalStreetName': None, 'CityName': 'Sainte-Gemme-La-Plaine', 'PostalZone': '85400', 'Country': 'FRA'};547150391;False;DESLANDES;DESLANDES;2026-10-06;{'StreetName': '40 rue du Maréchal Foch', 'AdditionalStreetName': None, 'CityName': 'La Roche Sur Yon', 'PostalZone': '85923', 'Country': 'FRA'};228500013;False;DEPARTEMENT DE VENDEE;Département de la Vendée;;;fournitures;"[""Performances en matière de protection de la santé et de l'environnement"", 'Valeur technique', 'Prix']";['environnemental', 'technique', 'prix'];[30.0, 40.0, 30.0];;True;;False;;sans remise en concurrence;;26-95898;;1200000.0;;LOT-0001;39830000;2000000.0;2;5.0;;Fourniture de produits d'entretien et d'hygiène pour l'ensemble des services du Département et des collèges publics de la Vendée;ouverte;2025MG-A0183;3.0;;;False;True;False;;7220.0;Département ;2 000  à  4 999;False;1978-01-01;84.11Z;2008;5710.0;SAS, société par actions simplifiée;20  à  49;False;<NA>;2008;G;46;46.4;46.44;46.44Z;1971-01-01;(46.467169, -1.109844);Sainte-Gemme-la-Plaine;Vendée;Pays de la Loire;(50.605905, 3.089468);Ronchin;Nord;Hauts-de-France;;;;;;;;
False;['39830000', '39831240', '19640000', '33771000'];;True;True;False;attribue;{'StreetName': '8 Route De Cherveux', 'AdditionalStreetName': None, 'CityName': 'Niort', 'PostalZone': '79000', 'Country': 'FRA'};507444503;False;OBYO;OBYO;2026-10-06;{'StreetName': '40 rue du Maréchal Foch', 'AdditionalStreetName': None, 'CityName': 'La Roche Sur Yon', 'PostalZone': '85923', 'Country': 'FRA'};228500013;False;DEPARTEMENT DE VENDEE;Département de la Vendée;;;fournitures;"[""Performances en matière de protection de la santé et de l'environnement"", 'Valeur technique', 'Prix']";['environnemental', 'technique', 'prix'];[30.0, 40.0, 30.0];;True;;False;;sans remise en concurrence;;26-95898;;800000.0;;LOT-0002;39830000;2000000.0;2;6.0;;Fourniture de produits d'entretien et d'hygiène pour l'ensemble des services du Département et des collèges publics de la Vendée;ouverte;2025MG-A0183;3.0;;;False;True;False;;7220.0;Département ;2 000  à  4 999;False;1978-01-01;84.11Z;2008;5710.0;SAS, société par actions simplifiée;100  à  199;False;<NA>;2008;G;46;46.4;46.44;46.44Z;2008-07-23;(46.34069, -0.445109);Niort;Deux-Sèvres;Nouvelle-Aquitaine;(50.605905, 3.089468);Ronchin;Nord;Hauts-de-France;;;;;;;;
False;['72413000'];;True;True;False;attribue;{'StreetName': '11 Rue Du Chemin Rouge', 'AdditionalStreetName': None, 'CityName': 'Nantes', 'PostalZone': '44000', 'Country': 'FRA'};504317926;False;W-SEILS;W-Seils;2026-10-06;{'StreetName': '40 rue du Maréchal Foch', 'AdditionalStreetName': None, 'CityName': 'La Roche Sur Yon', 'PostalZone': '85923', 'Country': 'FRA'};228500013;False;DEPARTEMENT DE VENDEE;Département de la Vendée;;;services;"['Valeur technique', 'Organisation mise en place pour exécuter les prestations', ""Performances en matière de protection de l'environnement"", 'Prix']";['technique', 'qualite', 'environnemental', 'prix'];[50.0, 10.0, 10.0, 30.0];;True;;False;;sans remise en concurrence;;26-95871;;1200000.0;;LOT-0001;72400000;1800000.0;2;6.0;;Maintenance, hébergement et développements des sites et applicatifs web du Département de la Vendée;ouverte;2026CG-A0019;3.0;;;False;True;False;;7220.0;Département ;2 000  à  4 999;False;1978-01-01;84.11Z;2008;5499.0;Société à responsabilité limitée (sans autre indication);6  à  9;<NA>;<NA>;2008;M;70;70.2;70.22;70.22Z;2008-05-22;(47.214837, -1.561178);Nantes;Loire-Atlantique;Pays de la Loire;(50.605905, 3.089468);Ronchin;Nord;Hauts-de-France;;;;;;;;
False;['72415000'];;True;True;False;attribue;{'StreetName': '4 Rue Des Olivettes', 'AdditionalStreetName': None, 'CityName': 'Nantes', 'PostalZone': '44000', 'Country': 'FRA'};483667499;False;BPM CARS-FORZA 44;ALFA.SAFETY;2026-10-06;{'StreetName': '40 rue du Maréchal Foch', 'AdditionalStreetName': None, 'CityName': 'La Roche Sur Yon', 'PostalZone': '85923', 'Country': 'FRA'};228500013;False;DEPARTEMENT DE VENDEE;Département de la Vendée;;;services;"['Valeur technique', 'Organisation mise en place pour exécuter les prestations', ""Performances en matière de protection de l'environnement"", 'Prix']";['technique', 'qualite', 'environnemental', 'prix'];[50.0, 10.0, 10.0, 30.0];;True;;False;;sans remise en concurrence;;26-95871;;600000.0;;LOT-0002;72400000;1800000.0;2;9.0;;Maintenance, hébergement et développements des sites et applicatifs web du Département de la Vendée;ouverte;2026CG-A0019;3.0;;;False;True;False;;7220.0;Département ;2 000  à  4 999;False;1978-01-01;84.11Z;2008;5710.0;SAS, société par actions simplifiée;50  à  99;False;<NA>;2008;G;45;45.1;45.11;45.11Z;2005-08-01;(47.21201, -1.550087);Nantes;Loire-Atlantique;Pays de la Loire;(50.605905, 3.089468);Ronchin;Nord;Hauts-de-France;;;;;;;;
False;;;False;False;False;attribue;"{'StreetName': ""11, Zone d'activités Les Brandeaux"", 'AdditionalStreetName': None, 'CityName': 'PUYMOYEN', 'PostalZone': '16400', 'Country': 'FRA'}";552046955;True;ENGIE ENERGIE SERVICES;ENGIE ENERGIE SERVICES;2026-10-06;{'StreetName': 'Esplanace Jacques Chirac', 'AdditionalStreetName': None, 'CityName': 'PANAZOL', 'PostalZone': '87350', 'Country': 'FRA'};218711406;True;COMMUNE DE PANAZOL;Mairie de Panazol;;;travaux;['45%', '40%', '15%'];['prix', 'qualite', 'qualite'];[45.0, 40.0, 15.0];2920.0;True;;False;{'StreetName': None, 'CityName': None, 'PostalZone': None, 'NUTS': 'FRI23', 'Country': 'FRA'};;;26-95694;;2471050.0;;LOT-0001;45259300;;1;1.0;;Exploitation des installations thermiques des bâtiments communaux de la ville de Panazol (2027-2034);restreinte;2026-016F;;;;False;False;False;2471050.0;7210.0;Commune et commune nouvelle ;250  à  499;<NA>;1983-01-01;84.11Z;2008;5599.0;SA à conseil d'administration (s.a.i.);10 000  et plus ;False;False;2008;D;35;35.3;35.3;35.30Z;1955-01-01;(45.624844, 0.163242);Puymoyen;Charente;Nouvelle-Aquitaine;(45.83714, 1.305855);Panazol;Haute-Vienne;Nouvelle-Aquitaine;;;;;;;;
False;;;True;True;False;attribue;{'StreetName': '3 ROUTE DE GASVILLE - ZA DE MONDETOUR', 'AdditionalStreetName': None, 'CityName': 'NOGENT LE PHAYE', 'PostalZone': '28630', 'Country': 'FRA'};832380729;True;CINQ SUR CINQ SYSTEM;CINQ SUR 5 SYSTEM;2026-10-06;{'StreetName': 'Place des halles', 'AdditionalStreetName': None, 'CityName': 'Chartres', 'PostalZone': '28019', 'Country': 'FRA'};212800858;True;COMMUNE DE CHARTRES;Ville de Chartres (28);;;services;['Prix des prestations', 'Valeur technique'];['prix', 'technique'];[60.0, 40.0];1440.0;False;;False;{'StreetName': None, 'CityName': None, 'PostalZone': None, 'NUTS': 'FRB02', 'Country': 'FRA'};sans remise en concurrence;;26-95819;;1600000.0;1600000.0;LOT-0001;50610000;3540000.0;2;2.0;;Affaire 26V023 - Maintenance système anti intrusion, télésurveillance et intervention, gardiennage pour la ville de Chartres, Chartres Métropole,CCAS, CIAS et SPL CA.;ouverte;26V023;3.0;;;False;True;False;3540000.0;7210.0;Commune et commune nouvelle ;500  à  999;False;1978-01-01;84.11Z;2008;5499.0;Société à responsabilité limitée (sans autre indication);6  à  9;False;<NA>;2008;F;43;43.2;43.21;43.21A;2017-09-29;(48.461978, 1.571163);Nogent-le-Phaye;Eure-et-Loir;Centre-Val de Loire;(48.44393, 1.487962);Chartres;Eure-et-Loir;Centre-Val de Loire;;;;;;;;
False;['79714000'];;True;True;False;attribue;{'StreetName': '3 AVENUE NICOLAS CONTE', 'AdditionalStreetName': 'BP 10247', 'CityName': 'CHARTRES', 'PostalZone': '28000', 'Country': 'FRA'};440556983;True;CINQ SUR CINQ SECURITE;CINQ SUR CINQ SECURITE;2026-10-06;{'StreetName': 'Place des halles', 'AdditionalStreetName': None, 'CityName': 'Chartres', 'PostalZone': '28019', 'Country': 'FRA'};212800858;True;COMMUNE DE CHARTRES;Ville de Chartres (28);;;services;['Prix des prestations', 'Valeur technique'];['prix', 'technique'];[60.0, 40.0];1440.0;False;;False;{'StreetName': None, 'CityName': None, 'PostalZone': None, 'NUTS': 'FRB02', 'Country': 'FRA'};sans remise en concurrence;;26-95819;;1940000.0;1940000.0;LOT-0002;79713000;3540000.0;2;2.0;;Affaire 26V023 - Maintenance système anti intrusion, télésurveillance et intervention, gardiennage pour la ville de Chartres, Chartres Métropole,CCAS, CIAS et SPL CA.;ouverte;26V023;3.0;;;False;True;False;3540000.0;7210.0;Commune et commune nouvelle ;500  à  999;False;1978-01-01;84.11Z;2008;5710.0;SAS, société par actions simplifiée;100  à  199;False;<NA>;2008;N;80;80.1;80.1;80.10Z;2002-01-14;(48.450316, 1.538303);Chartres;Eure-et-Loir;Centre-Val de Loire;(48.44393, 1.487962);Chartres;Eure-et-Loir;Centre-Val de Loire;;;;;;;;
False;['34950000', '44210000', '44212320'];;True;False;False;non attribue;;;False;;;2026-10-06;{'StreetName': 'Mairie', 'AdditionalStreetName': 'Place de la Liberté', 'CityName': 'Valence', 'PostalZone': '26021', 'Country': 'FRA'};212603625;False;COMMUNE DE VALENCE;Ville de Valence;;2026-11-20+01:00;services;['Valeur technique', 'Prix'];['technique', 'prix'];[40.0, 60.0];360.0;False;;False;{'StreetName': '1 Place de la Liberté', 'CityName': 'Valence', 'PostalZone': '26000', 'NUTS': 'FRK23', 'Country': 'FRA'};sans remise en concurrence;;26-95875;;;;LOT-0000;75310000;;1;0.0;;262084/VV/DCAMG-AO-Location et prestations de structures scéniques;ouverte;262084;3.0;;;False;False;False;;7210.0;Commune et commune nouvelle ;1 000  à  1 999;False;1983-03-01;84.11Z;2008;;;;;;<NA>;;;;;<NA>;<NA>;;;;;(44.933206, 4.892076);Valence;Drôme;Auvergne-Rhône-Alpes;;;;;;;;
False;['50720000'];;False;False;False;attribue;{'StreetName': '10 Av Neil Armstrong', 'AdditionalStreetName': None, 'CityName': 'Merignac', 'PostalZone': '33700', 'Country': 'FRA'};456500537;False;DALKIA;DALKIA;2026-10-06;{'StreetName': 'Avenue du Général De Gaulle', 'AdditionalStreetName': None, 'CityName': 'Coulounieix-Chamiers', 'PostalZone': '24660', 'Country': 'FRA'};212401384;False;COMMUNE DE COULOUNIEIX CHAMIERS;Commune de Coulounieix-Chamiers;;2026-10-01+02:00;services;"[""Qualité et cohérence des moyens en personnel technique et d'encadrement dédiés à l'exécution des prestations du présent marché (organisation, compétences, types d'intervenants, nombres d'heures et équivalent temps plein dédié au contrat)"", ""Descriptif précis du système d'astreinte mis en place par l'entreprise afin de respecter les délais d'intervention et moyens mis en oeuvre en cas de dysfonctionnement des installations et équipements"", 'Méthodologie proposée pour la réalisation des opérations de maintenance', 'Pertinence du programme prévisionnel des prestations de gros entretien renouvellement (Ger)', 'Engagement du candidat sur la réduction des consommations énergétiques et la décarbonation', ""Qualité des moyens de communication, de gestion et de traçabilité des interventions permettant au maître d'ouvrage de suivre le marché"", ""Valeur environnementale de l'offre"", 'Prix des prestations : coût global P1+P2+P3 sur la durée du marché']";['social', 'delai', 'technique', 'qualite', 'environnemental', 'social', 'environnemental', 'delai'];[15.0, 3.0, 7.0, 10.0, 10.0, 5.0, 5.0, 45.0];;False;516240.0;False;;;;26-95872;;1924576.98;;LOT-0000;50720000;;1;3.0;;Exploitation et maintenance des installations de chauffage, ventilation, traitement d'air, climatisation, eau chaude sanitaire et traitement d'eau de la ville de COULOUNIEIX-CHAMIERS;ouverte;S-PA-1822812;;;;False;False;False;1924576.98;7210.0;Commune et commune nouvelle ;100  à  199;False;1980-01-01;84.11Z;2008;5599.0;SA à conseil d'administration (s.a.i.);10 000  et plus ;False;False;2008;D;35;35.3;35.3;35.30Z;1956-01-01;(44.838231, -0.691077);Mérignac;Gironde;Nouvelle-Aquitaine;(45.189336, 0.694014);Coulounieix-Chamiers;Dordogne;Nouvelle-Aquitaine;;;;;;;;
False;;;True;True;False;attribue;{'StreetName': None, 'AdditionalStreetName': None, 'CityName': 'TOULOUSE', 'PostalZone': '31200', 'Country': 'FRA'};456500537;True;DALKIA;DALKIA SA;2026-10-06;{'StreetName': 'Département des Deux-Sèvres - Mail Lucie Aubrac Place Denfert-Rochereau - CS58880', 'AdditionalStreetName': None, 'CityName': 'NIORT', 'PostalZone': '79000', 'Country': 'FRA'};227900016;True;DEPARTEMENT DES DEUX SEVRES;DEPARTEMENT DES DEUX-SEVRES;;;services;['Prix', 'Valeur technique'];['prix', 'technique'];[40.0, 60.0];1080.0;False;1650000.0;False;{'StreetName': None, 'CityName': None, 'PostalZone': None, 'NUTS': 'FRI33', 'Country': 'FRA'};avec remise en concurrence;;26-95758;;300000.0;;LOT-0001;50720000;800000.0;2;1.0;;Prestations de maintenance et de travaux de réparation des installations de chauffage des bâtiments du Département des Deux-Sèvres - SECTEURS :  GÂTINE - CAN - MELLOIS ET HAUT VAL DE SÈVRE;ouverte;;2.0;;;False;False;False;;7220.0;Département ;1 000  à  1 999;False;1978-01-01;84.11Z;2008;5599.0;SA à conseil d'administration (s.a.i.);10 000  et plus ;False;False;2008;D;35;35.3;35.3;35.30Z;1956-01-01;;Toulouse;Haute-Garonne;Occitanie;(46.329764, -0.45935);Niort;Deux-Sèvres;Nouvelle-Aquitaine;;;;;;;;
False;;;True;True;False;attribue;{'StreetName': None, 'AdditionalStreetName': None, 'CityName': 'TOULOUSE', 'PostalZone': '31200', 'Country': 'FRA'};456500537;True;DALKIA;DALKIA SA;2026-10-06;{'StreetName': 'Département des Deux-Sèvres - Mail Lucie Aubrac Place Denfert-Rochereau - CS58880', 'AdditionalStreetName': None, 'CityName': 'NIORT', 'PostalZone': '79000', 'Country': 'FRA'};227900016;True;DEPARTEMENT DES DEUX SEVRES;DEPARTEMENT DES DEUX-SEVRES;;;services;['Prix', 'Valeur technique'];['prix', 'technique'];[40.0, 60.0];1080.0;False;1650000.0;False;{'StreetName': None, 'CityName': None, 'PostalZone': None, 'NUTS': 'FRI33', 'Country': 'FRA'};avec remise en concurrence;;26-95758;;499996.0;;LOT-0002;50720000;800000.0;2;1.0;;Prestations de maintenance et de travaux de réparation des installations de chauffage des bâtiments du Département des Deux-Sèvres - SECTEURS :  GÂTINE - CAN - MELLOIS ET HAUT VAL DE SÈVRE;ouverte;;2.0;;;False;False;False;;7220.0;Département ;1 000  à  1 999;False;1978-01-01;84.11Z;2008;5599.0;SA à conseil d'administration (s.a.i.);10 000  et plus ;False;False;2008;D;35;35.3;35.3;35.30Z;1956-01-01;;Toulouse;Haute-Garonne;Occitanie;(46.329764, -0.45935);Niort;Deux-Sèvres;Nouvelle-Aquitaine;;;;;;;;
False;;;True;True;False;attribue;{'StreetName': None, 'AdditionalStreetName': None, 'CityName': '54557', 'PostalZone': '54840', 'Country': 'FRA'};339609661;True;IDVERDE;IDVERDE;2026-10-06;{'StreetName': 'Place Pierre François Gossin - BP 50514', 'AdditionalStreetName': None, 'CityName': 'BAR-LE-DUC CEDEX', 'PostalZone': '55012', 'Country': 'FRA'};225500016;True;DEPARTEMENT DE LA MEUSE;Département de la Meuse;;;services;"[""Les critères d'attribution sont décrits dans le règlement de la consultation""]";['prix'];[100];360.0;False;;False;{'StreetName': None, 'CityName': None, 'PostalZone': None, 'NUTS': 'FRF32', 'Country': 'FRA'};sans remise en concurrence;;26-95783;;135940.98;;LOT-0001;77314000;543000.0;4;5.0;;Entretien paysager et environnemental des sites de mémoire en gestion du Département de la Meuse, de l’EPCC Mémorial Champ de Bataille, du village détruit de Fleury-devant-Douaumont, des monuments de;ouverte;26DPI41;3.0;;;False;False;False;241657.6;7220.0;Département ;1 000  à  1 999;False;1961-01-01;84.11Z;2008;5710.0;SAS, société par actions simplifiée;2 000  à  4 999;False;False;2008;N;81;81.3;81.3;81.30Z;1986-10-01;;;;;(48.766441, 5.158953);Bar-le-Duc;Meuse;Grand Est;;;;;;;;
False;;;True;True;False;attribue;{'StreetName': None, 'AdditionalStreetName': None, 'CityName': '54029', 'PostalZone': '54560', 'Country': 'FRA'};791328248;True;LORRAINE PRESTATION HORTICOLE;LORRAINE PRESTATION HORTICOLE;2026-10-06;{'StreetName': 'Place Pierre François Gossin - BP 50514', 'AdditionalStreetName': None, 'CityName': 'BAR-LE-DUC CEDEX', 'PostalZone': '55012', 'Country': 'FRA'};225500016;True;DEPARTEMENT DE LA MEUSE;Département de la Meuse;;;services;"[""Les critères d'attribution sont décrits dans le règlement de la consultation""]";['prix'];[100];360.0;False;;False;{'StreetName': None, 'CityName': None, 'PostalZone': None, 'NUTS': 'FRF32', 'Country': 'FRA'};sans remise en concurrence;;26-95783;;747600.0;;LOT-0002;77314000;543000.0;4;8.0;;Entretien paysager et environnemental des sites de mémoire en gestion du Département de la Meuse, de l’EPCC Mémorial Champ de Bataille, du village détruit de Fleury-devant-Douaumont, des monuments de;ouverte;26DPI41;3.0;;;False;False;False;241657.6;7220.0;Département ;1 000  à  1 999;False;1961-01-01;84.11Z;2008;5710.0;SAS, société par actions simplifiée;6  à  9;<NA>;<NA>;2008;N;81;81.3;81.3;81.30Z;2013-02-08;;;;;(48.766441, 5.158953);Bar-le-Duc;Meuse;Grand Est;;;;;;;;
False;;;True;True;False;attribue;{'StreetName': None, 'AdditionalStreetName': None, 'CityName': '55117', 'PostalZone': '55120', 'Country': 'FRA'};200084382;True;SERVICES ET ETABLISSEMENTS PUBLICS D'INCLUSION ET D'ACCOMPAGNEMENT ARGONNE MEUSE;SERVICES ET ETABLISSEMENTS PUBLICS D'INCLUSION ET D'ACCOMPAGNEMENT ARGONNE MEUSE;2026-10-06;{'StreetName': 'Place Pierre François Gossin - BP 50514', 'AdditionalStreetName': None, 'CityName': 'BAR-LE-DUC CEDEX', 'PostalZone': '55012', 'Country': 'FRA'};225500016;True;DEPARTEMENT DE LA MEUSE;Département de la Meuse;;;services;"[""Les critères d'attribution sont décrits dans le règlement de la consultation"", 'Valeur technique']";['prix', 'technique'];;360.0;False;;False;{'StreetName': None, 'CityName': None, 'PostalZone': None, 'NUTS': 'FRF32', 'Country': 'FRA'};sans remise en concurrence;;26-95783;;17564.92;;LOT-0003;77314000;543000.0;4;8.0;;Entretien paysager et environnemental des sites de mémoire en gestion du Département de la Meuse, de l’EPCC Mémorial Champ de Bataille, du village détruit de Fleury-devant-Douaumont, des monuments de;ouverte;26DPI41;3.0;;;False;False;False;241657.6;7220.0;Département ;1 000  à  1 999;False;1961-01-01;84.11Z;2008;7366.0;Établissement public local social et médico-social ;500  à  999;False;<NA>;2008;O;84;84.1;84.12;84.12Z;2019-01-01;;;;;(48.766441, 5.158953);Bar-le-Duc;Meuse;Grand Est;;;;;;;;
False;;;True;True;False;attribue;{'StreetName': None, 'AdditionalStreetName': None, 'CityName': '54557', 'PostalZone': '54840', 'Country': 'FRA'};339609661;True;IDVERDE;IDVERDE;2026-10-06;{'StreetName': 'Place Pierre François Gossin - BP 50514', 'AdditionalStreetName': None, 'CityName': 'BAR-LE-DUC CEDEX', 'PostalZone': '55012', 'Country': 'FRA'};225500016;True;DEPARTEMENT DE LA MEUSE;Département de la Meuse;;;services;"[""Les critères d'attribution sont décrits dans le règlement de la consultation""]";['prix'];[100];360.0;False;;False;{'StreetName': None, 'CityName': None, 'PostalZone': None, 'NUTS': 'FRF32', 'Country': 'FRA'};sans remise en concurrence;;26-95783;;13392.0;;LOT-0004;77314000;543000.0;4;7.0;;Entretien paysager et environnemental des sites de mémoire en gestion du Département de la Meuse, de l’EPCC Mémorial Champ de Bataille, du village détruit de Fleury-devant-Douaumont, des monuments de;ouverte;26DPI41;3.0;;;False;False;False;241657.6;7220.0;Département ;1 000  à  1 999;False;1961-01-01;84.11Z;2008;5710.0;SAS, société par actions simplifiée;2 000  à  4 999;False;False;2008;N;81;81.3;81.3;81.30Z;1986-10-01;;;;;(48.766441, 5.158953);Bar-le-Duc;Meuse;Grand Est;;;;;;;;
False;['48920000'];;True;False;False;attribue;{'StreetName': '6 Rue Cdt Luce Casabianca', 'AdditionalStreetName': None, 'CityName': 'Bastia', 'PostalZone': '20200', 'Country': 'FRA'};330540386;False;MICRO EXTENSION;MICRO EXTENSION;2026-10-06;{'StreetName': 'Hotel consulaire', 'AdditionalStreetName': '1 rue Adolphe Landry', 'CityName': 'Bastia', 'PostalZone': '20293', 'Country': 'FRA'};130014574;False;CHAMBRE DE COMMERCE ET D'INDUSTRIE DE CORSE;Etablissement Public du Commerce et de l'Industrie de Corse;;2026-08-01+02:00;fournitures;"['Consistance du catalogue', 'Délai de livraison', ""Coûts de l'acquisition""]";['qualite', 'delai', 'prix'];[20.0, 10.0, 70.0];360.0;True;800000.0;False;;sans remise en concurrence;;26-95873;;;;LOT-0000;48920000;200000.0;1;1.0;1.0;Acquisition, fourniture, maintenance et support de logiciels utilitaires, bureautiques et de productivité;ouverte;EPCIC/DSI/2026-052;3.0;;;False;True;False;;7381.0;Organisme consulaire ;500  à  999;False;2011-01-01;94.11Z;2008;5499.0;Société à responsabilité limitée (sans autre indication);6  à  9;<NA>;<NA>;2008;G;47;47.4;47.41;47.41Z;1984-08-20;(42.703713, 9.452924);Bastia;Haute-Corse;Corse;(42.702788, 9.452024);Bastia;Haute-Corse;Corse;;;;;;;;
False;['45233222', '45233252', '45316110', '45111200'];;True;True;False;attribue;{'StreetName': 'Zone Industrielle De Tragone', 'AdditionalStreetName': None, 'CityName': 'Biguglia', 'PostalZone': '20620', 'Country': 'FRA'};524615929;False;SAS ANTONIOTTI;SAS ANTONIOTTI;2026-10-06;{'StreetName': 'Mairie de Corte', 'AdditionalStreetName': '21 cours Paoli', 'CityName': 'Commune de Corte', 'PostalZone': '20250', 'Country': 'FRA'};212000962;False;COMMUNE DE CORTE;Commune de Corte;;;travaux;['valeur technique', 'Prix'];['technique', 'prix'];[40.0, 60.0];;False;7306000.0;False;;sans remise en concurrence;;26-95869;;5500000.0;;LOT-0001;45233222;7600000.0;4;3.0;;Travaux de requalification du Centre Ancien de la ville de Corte;ouverte;26S0006;;;;False;False;False;;7210.0;Commune et commune nouvelle ;100  à  199;False;1983-03-01;84.11Z;2008;5710.0;SAS, société par actions simplifiée;20  à  49;False;<NA>;2008;F;43;43.9;43.99;43.99C;2010-09-01;(42.599799, 9.442439);Biguglia;Haute-Corse;Corse;(42.309672, 9.149501);Corte;Haute-Corse;Corse;;;;;;;;
False;['45233252', '45233252', '45316110', '45111200'];;True;True;False;non attribue;;;False;;;2026-10-06;{'StreetName': 'Mairie de Corte', 'AdditionalStreetName': '21 cours Paoli', 'CityName': 'Commune de Corte', 'PostalZone': '20250', 'Country': 'FRA'};212000962;False;COMMUNE DE CORTE;Commune de Corte;;;travaux;['valeur technique', 'Prix'];['technique', 'prix'];[40.0, 60.0];;False;7306000.0;False;;sans remise en concurrence;;26-95869;;;;LOT-0002;45233222;7600000.0;4;1.0;;Travaux de requalification du Centre Ancien de la ville de Corte;ouverte;26S0006;;;;False;False;False;;7210.0;Commune et commune nouvelle ;100  à  199;False;1983-03-01;84.11Z;2008;;;;;;<NA>;;;;;<NA>;<NA>;;;;;(42.309672, 9.149501);Corte;Haute-Corse;Corse;;;;;;;;
False;['45316110', '45233252', '45316110', '45111200'];;True;True;False;attribue;{'StreetName': 'Ld Percinaggio', 'AdditionalStreetName': None, 'CityName': 'Sarrola-Carcopino', 'PostalZone': '20167', 'Country': 'FRA'};341511327;False;RAFFALLI PAUL MATHIEU SARL;RAFFALLI TRAVAUX PUBLICS;2026-10-06;{'StreetName': 'Mairie de Corte', 'AdditionalStreetName': '21 cours Paoli', 'CityName': 'Commune de Corte', 'PostalZone': '20250', 'Country': 'FRA'};212000962;False;COMMUNE DE CORTE;Commune de Corte;;;travaux;['valeur technique', 'Prix'];['technique', 'prix'];[40.0, 60.0];;False;7306000.0;False;;sans remise en concurrence;;26-95869;;850000.0;;LOT-0003;45233222;7600000.0;4;2.0;;Travaux de requalification du Centre Ancien de la ville de Corte;ouverte;26S0006;;;;False;False;False;;7210.0;Commune et commune nouvelle ;100  à  199;False;1983-03-01;84.11Z;2008;5710.0;SAS, société par actions simplifiée;10  à  19;<NA>;<NA>;2008;F;43;43.1;43.12;43.12A;1987-06-01;(41.951766, 8.8049);Sarrola-Carcopino;Corse-du-Sud;Corse;(42.309672, 9.149501);Corte;Haute-Corse;Corse;;;;;;;;
False;['34928400', '45233252', '45316110', '45111200'];;True;True;False;attribue;{'StreetName': 'Parc Activites Purettone', 'AdditionalStreetName': None, 'CityName': 'Borgo', 'PostalZone': '20290', 'Country': 'FRA'};390179406;False;COMPAGNIE DE DIFFUSION DE PANNEAUX DE SIGNALISATION ET ACCESSOIRES;COMPAGNIE DE DIFFUSION DE PANNEAUX DE SIGNALISATION ET ACCESSOIRES;2026-10-06;{'StreetName': 'Mairie de Corte', 'AdditionalStreetName': '21 cours Paoli', 'CityName': 'Commune de Corte', 'PostalZone': '20250', 'Country': 'FRA'};212000962;False;COMMUNE DE CORTE;Commune de Corte;;;travaux;['valeur technique', 'Prix'];['technique', 'prix'];[40.0, 60.0];;False;7306000.0;False;;sans remise en concurrence;;26-95869;;290000.0;;LOT-0004;45233222;7600000.0;4;2.0;;Travaux de requalification du Centre Ancien de la ville de Corte;ouverte;26S0006;;;;False;False;False;;7210.0;Commune et commune nouvelle ;100  à  199;False;1983-03-01;84.11Z;2008;5499.0;Société à responsabilité limitée (sans autre indication);10  à  19;<NA>;<NA>;2008;F;42;42.1;42.11;42.11Z;1993-01-04;(42.586386, 9.453);Borgo;Haute-Corse;Corse;(42.309672, 9.149501);Corte;Haute-Corse;Corse;;;;;;;;
