procedure_acceleree;cpv_supp;publicite;omc;allotissement;modifie;decision;adresse_fournisseur;siren_fournisseur;siren_fournisseur_connu;nom_siren_fournisseur;nom_declare_fournisseur;date_avis_attribution;adresse_acheteur;siren_acheteur;siren_acheteur_connu;nom_siren_acheteur;nom_declare_acheteur;date_avis_marche;debut_contrat;type_contrat;intitule_critere;type_critere;poids_critere;duree;clause_environnementale;valeur_totale_estimee;financement_ue;lieu_execution;type_accord_cadre;nom_fonds_ue;id_boamp_attribution;id_boamp_contrat;prix_attribution_lot;valeur_estimee_lot;id_lot;cpv;valeur_max_totale_accord_cadre;nombre_lots;nombre_offres;nombre_offres_pme;objet;procedure;id_projet;renouvellement;marche_reserve;favorable_pme;clause_sociale;strategique_environnemental;strategique_social;valeur_totale;code_statut_juridique_acheteur;nom_statut_juridique_acheteur;effectif_acheteur;acheteur_ess;date_creation_acheteur;code_activite_principale_acheteur;version_activite_acheteur;code_statut_juridique_fournisseur;nom_statut_juridique_fournisseur;effectif_fournisseur;fournisseur_ess;fournisseur_mission;version_activite_fournisseur;niveau_activite1_fournisseur;niveau_activite2_fournisseur;niveau_activite3_fournisseur;niveau_activite4_fournisseur;niveau_activite5_fournisseur;date_creation_fournisseur;gps_fournisseur;nom_commune_fournisseur;departement_fournisseur;region_fournisseur;gps_acheteur;nom_commune_acheteur;departement_acheteur;region_acheteur;epci_fournisseur;nom_epci_fournisseur;nature_epci_fournisseur;epci_acheteur;nom_epci_acheteur;nature_epci_acheteur;code_commune_fournisseur;code_commune_acheteur
False;['71400000', '71311300'];;True;False;False;attribue;;;False;;;2026-09-16;{'StreetName': 'Tour de Lille - 18ème étage', 'AdditionalStreetName': 'Boulevard de Turin', 'CityName': 'Euralille', 'PostalZone': '59777', 'Country': 'FRA'};378224786;True;SOCIETE PUBLIQUE LOCALE EURALILLE;Groupement de commande entre la SPL Euralille et la Métropole Européenne de Lille dont le coordonnateur est la SPL Euralille;;;services;['- Volet A (mission complète + missions complémentaires) noté sur 35 points, avec pondération des paliers de rémunération\n- Volet B  noté sur 5 points au regard de la mission fictive du volet', 'Appréciée au regard du mémoire technique :\n•\tAnalyse du contexte opérationnel, des objectifs et des enjeux du projet, notée 20 pts\n•\tPertinence de la méthodologie proposée pour la réalisation des missions, notée sur 15 pts\n•\tOrganisation et pilotage du groupement, notée sur 20 pts\n•\tDispositions environnementales, notées sur 5 pts'];['prix', 'environnemental'];[40.0, 60.0];3285.0;False;0.0;False;{'StreetName': None, 'CityName': 'Lille', 'PostalZone': '59000', 'NUTS': 'FRE11', 'Country': 'FRA'};sans remise en concurrence;;26-89130;;7400000.0;0.0;LOT-0001;71300000;;1;5;;Maîtrise d'oeuvre pour la requalification du boulevard périphérique et de ses carrefours, sur le périmètre de la concession Euralille à la Deûle;restreinte;MG/LM 26-416;;;;False;False;False;7400000.0;5599.0;SA à conseil d'administration (s.a.i.);20  à  49;False;1990-05-14;42.99Z;2008;;;;;;<NA>;;;;;<NA>;<NA>;;;;;(50.638373, 3.076981);Lille;Nord;Hauts-de-France;;;;;;;;
False;;;True;False;False;attribue;{'StreetName': '160bis rue du Temple', 'AdditionalStreetName': None, 'CityName': 'PARIS', 'PostalZone': '75003', 'Country': 'FRA'};888709441;True;ELEZIA CONSEIL;ELIZIA CONSEIL;2026-09-16;{'StreetName': '251, boulevard Pereire', 'AdditionalStreetName': None, 'CityName': 'Paris', 'PostalZone': '75017', 'Country': 'FRA'};398522243;True;L'OPCOMMERCE;L'OPCOMMERCE;;;services;['Prix', 'technique'];['prix', 'technique'];[20.0, 80.0];1440.0;False;0.0;False;{'StreetName': None, 'CityName': None, 'PostalZone': None, 'NUTS': None, 'Country': 'FRA'};sans remise en concurrence;;26-89087;;;0.0;LOT-0001;72224000;;1;2;;Réalisation de veilles prospectives sur les enjeux et les mutations du commerce pour L'Opcommerce;ouverte;2026-009;;;;False;False;False;;9220.0;Association déclarée ;500  à  999;True;1993-11-17;94.99Z;2008;5710.0;SAS, société par actions simplifiée;10  à  19;False;<NA>;2008;M;70;70.2;70.22;70.22Z;2020-09-02;(48.865918, 2.361109);Paris;Paris;Île-de-France;(48.878795, 2.286305);Paris;Paris;Île-de-France;;;;;;;;
False;;;False;False;False;attribue;{'StreetName': '55 avenue de Colmar', 'AdditionalStreetName': None, 'CityName': 'Rueil-Malmaison', 'PostalZone': '92150', 'Country': 'FRA'};899433726;True;ECO3 BV;ECO3 BV;2026-09-16;{'StreetName': '20 avenue de Ségur', 'AdditionalStreetName': None, 'CityName': 'Paris', 'PostalZone': '75007', 'Country': 'FRA'};120001037;True;DIRECTION DES SERVICES ADMINISTRATIFS ET FINANCIERS;Services du premier ministre - DSAF;;;fournitures;"['Critère 1 - Prix', 'Critère 2 - Valeur technique', ""Critère 3 - Délai d'intervention dans le cadre de la maintenance curative"", 'Critère 4 - Développement durable']";['prix', 'technique', 'delai', 'environnemental'];[50.0, 40.0, 5.0, 5.0];600.0;False;20000.0;False;{'StreetName': None, 'CityName': None, 'PostalZone': None, 'NUTS': None, 'Country': None};sans remise en concurrence;;26-89127;;119351.4;20000.0;LOT-0001;42962000;60000.0;1;4;;Acquisition, livraison, installation, mise en service et formation d’une ligne de production computer to plate pour l’imprimerie de la direction de l'information légale et administrative (DILA);ouverte;25_BAM_791_M00;0.0;;;True;False;False;119351.4;7120.0;Service central d'un ministère ;500  à  999;False;1983-03-01;84.11Z;2008;3120.0;Société commerciale étrangère immatriculée au RCS;20  à  49;False;<NA>;2008;G;46;46.1;46.18;46.18Z;2021-06-03;(48.88646, 2.174371);Rueil-Malmaison;Hauts-de-Seine;Île-de-France;(48.850699, 2.308628);Paris;Paris;Île-de-France;;;;;;;;
False;;;True;False;False;attribue;{'StreetName': '4, allée Pierre Gilles de Gennes', 'AdditionalStreetName': None, 'CityName': 'MERIGNAC', 'PostalZone': '33700', 'Country': 'FRA'};500778030;True;A.E.D.EXPERTISES;AED EXPERTISES;2026-09-16;"{'StreetName': ""126 RUE DE L'UNIVERSITE"", 'AdditionalStreetName': None, 'CityName': 'PARIS', 'PostalZone': '75007', 'Country': 'FRA'}";110000015;True;ASSEMBLEE NATIONALE;Assemblée nationale;;2026-04-01+02:00;services;['Ce critère sera apprécié sur la base du montant total d’un détail quantitatif estimatif (DQE) « chantiers masqués » comportant des articles et des prestations du BPU affectés de quantités. (Coefficient 60)', 'Ce critère sera apprécié sur la base des éléments complétés dans le cadre de réponse technique. (Coefficient 40) : Compétences et organisation de l’équipe dédiée et Méthode proposée pour exécuter les prestations du marché'];['prix', 'technique'];[60.0, 40.0];1440.0;False;184000.0;False;"{'StreetName': ""126 RUE DE L'UNIVERSITE"", 'CityName': 'Paris', 'PostalZone': '75', 'NUTS': 'FR101', 'Country': 'FRA'}";sans remise en concurrence;;26-89131;;265000.0;184000.0;LOT-0001;90715000;265000.0;1;12;;REALISATION DE DIAGNOSTICS AMIANTE/PLOMB;ouverte;26F006;;;;True;False;False;265000.0;7111.0;Autorité constitutionnelle ;2 000  à  4 999;<NA>;1959-01-08;84.11Z;2008;5499.0;Société à responsabilité limitée (sans autre indication);100  à  199;False;<NA>;2008;M;71;71.2;71.2;71.20B;2007-10-31;(44.838462, -0.688509);Mérignac;Gironde;Nouvelle-Aquitaine;(48.860825, 2.318606);Paris;Paris;Île-de-France;;;;;;;;
False;;;True;False;False;attribue;{'StreetName': '168 RUE DE GRENELLE', 'AdditionalStreetName': None, 'CityName': 'PARIS', 'PostalZone': '75007', 'Country': 'FRA'};938879665;True;CONNEC'TEAM SPORT;CONNEC'TEAM SPORT;2026-09-16;{'StreetName': '2 place DU CAQUETBP 269', 'AdditionalStreetName': 'BP 269', 'CityName': 'SAINT-DENIS CEDEX', 'PostalZone': '93205', 'Country': 'FRA'};929939411;True;COMMUNE DE SAINT-DENIS;COMMUNE NOUVELLE DE SAINT-DENIS;;;services;[];[];;365.0;True;;False;{'StreetName': None, 'CityName': None, 'PostalZone': None, 'NUTS': 'FR106', 'Country': 'FRA'};;;26-88915;;86460.0;;LOT-0001;92000000;;1;2;;Accord-cadre pour les prestations d’animations aquatiques municipales de la Commune nouvelle de Saint-Denis;ouverte;202605071239;3.0;;;False;True;False;86460.0;7210.0;Commune et commune nouvelle ;;False;2025-01-01;84.11Z;2008;5499.0;Société à responsabilité limitée (sans autre indication);;False;False;2008;M;70;70.2;70.22;70.22Z;2024-12-12;(48.858038, 2.308431);Paris;Paris;Île-de-France;;;;;;;;;;;;
False;;;True;False;False;attribue;{'StreetName': '92-98 Bd Victor Hugo', 'AdditionalStreetName': None, 'CityName': 'Clichy', 'PostalZone': '92110', 'Country': 'FRA'};412245292;True;TELETECH INTERNATIONAL;Teletech International;2026-09-16;{'StreetName': None, 'AdditionalStreetName': None, 'CityName': 'Courbevoie', 'PostalZone': '92400', 'Country': 'FRA'};180080012;True;INST NAT DE LA PROPRIETE INDUSTRIELLE;INPI.;;;services;"[""Montant de l'offre"", ""Valeur technique de l'offre""]";['prix', 'technique'];;2190.0;False;;False;{'StreetName': None, 'CityName': None, 'PostalZone': None, 'NUTS': 'FR105', 'Country': 'FRA'};;;26-89105;;61745010.96;;LOT-0001;79512000;;1;5;;Renfort du centre de relations clients de l'INPI;ouverte;2026-1824;;;;True;False;False;61745010.96;7382.0;Établissement public national ayant fonction d'administration centrale ;500  à  999;False;1983-03-01;84.13Z;2008;5710.0;SAS, société par actions simplifiée;500  à  999;False;<NA>;2008;N;82;82.2;82.2;82.20Z;1997-05-15;(48.901405, 2.317372);Clichy;Hauts-de-Seine;Île-de-France;;Courbevoie;Hauts-de-Seine;Île-de-France;;;;;;;;
False;;;False;True;False;attribue;{'StreetName': '56 rue Trousseau', 'AdditionalStreetName': None, 'CityName': 'Paris', 'PostalZone': '75011', 'Country': 'FRA'};388866469;True;CTS FRANCE;CTS France;2026-09-16;{'StreetName': 'Avenue de Paris', 'AdditionalStreetName': None, 'CityName': 'Vincennes', 'PostalZone': '94306', 'Country': 'FRA'};['110090016', '180067019'];False;;SGA/SHD;;;fournitures;['sans objet', 'sans objet'];['prix', 'qualite'];[40.0, 60.0];1440.0;False;3000000.0;False;{'StreetName': 'Avenue de Paris', 'CityName': 'Vincennes', 'PostalZone': '94306', 'NUTS': 'FR107', 'Country': 'FRA'};;;26-89096;;1000000.0;1000000.0;LOT-0001;30199500;;6;2;;Fournitures spécifiques destinées à la conservation-restauration de fonds et collections patrimoniaux;ouverte;ARM_SGA_DMCA_SHD_BFA_04_2026;;;;False;False;False;3000000.0;;;;;<NA>;<NA>;<NA>;5499.0;Société à responsabilité limitée (sans autre indication);3  à  5;False;<NA>;2008;G;46;46.9;46.9;46.90Z;1992-09-20;(48.853011, 2.379397);Paris;Paris;Île-de-France;(48.845501, 2.429128);Vincennes;Val-de-Marne;Île-de-France;;;;;;;;
False;;;False;True;False;attribue;{'StreetName': '56 rue Trousseau', 'AdditionalStreetName': None, 'CityName': 'Paris', 'PostalZone': '75011', 'Country': 'FRA'};388866469;True;CTS FRANCE;CTS France;2026-09-16;{'StreetName': 'Avenue de Paris', 'AdditionalStreetName': None, 'CityName': 'Vincennes', 'PostalZone': '94306', 'Country': 'FRA'};['110090016', '180067019'];False;;SGA/SHD;;;fournitures;['sans objet', 'sans objet'];['prix', 'qualite'];[40.0, 60.0];1440.0;False;3000000.0;False;{'StreetName': 'Avenue de Paris', 'CityName': 'Vincennes', 'PostalZone': '94306', 'NUTS': 'FR107', 'Country': 'FRA'};;;26-89096;;600000.0;600000.0;LOT-0002;30199500;;6;1;;Fournitures spécifiques destinées à la conservation-restauration de fonds et collections patrimoniaux;ouverte;ARM_SGA_DMCA_SHD_BFA_04_2026;;;;False;False;False;3000000.0;;;;;<NA>;<NA>;<NA>;5499.0;Société à responsabilité limitée (sans autre indication);3  à  5;False;<NA>;2008;G;46;46.9;46.9;46.90Z;1992-09-20;(48.853011, 2.379397);Paris;Paris;Île-de-France;(48.845501, 2.429128);Vincennes;Val-de-Marne;Île-de-France;;;;;;;;
False;;;False;True;False;attribue;{'StreetName': '56 rue Trousseau', 'AdditionalStreetName': None, 'CityName': 'Paris', 'PostalZone': '75011', 'Country': 'FRA'};388866469;True;CTS FRANCE;CTS France;2026-09-16;{'StreetName': 'Avenue de Paris', 'AdditionalStreetName': None, 'CityName': 'Vincennes', 'PostalZone': '94306', 'Country': 'FRA'};['110090016', '180067019'];False;;SGA/SHD;;;fournitures;['sans objet', 'sans objet'];['prix', 'qualite'];[40.0, 60.0];1440.0;False;3000000.0;False;{'StreetName': 'Avenue de Paris', 'CityName': 'Vincennes', 'PostalZone': '94306', 'NUTS': 'FR107', 'Country': 'FRA'};;;26-89096;;500000.0;500000.0;LOT-0003;30199500;;6;1;;Fournitures spécifiques destinées à la conservation-restauration de fonds et collections patrimoniaux;ouverte;ARM_SGA_DMCA_SHD_BFA_04_2026;;;;False;False;False;3000000.0;;;;;<NA>;<NA>;<NA>;5499.0;Société à responsabilité limitée (sans autre indication);3  à  5;False;<NA>;2008;G;46;46.9;46.9;46.90Z;1992-09-20;(48.853011, 2.379397);Paris;Paris;Île-de-France;(48.845501, 2.429128);Vincennes;Val-de-Marne;Île-de-France;;;;;;;;
False;;;False;True;False;attribue;{'StreetName': '56 rue Trousseau', 'AdditionalStreetName': None, 'CityName': 'Paris', 'PostalZone': '75011', 'Country': 'FRA'};388866469;True;CTS FRANCE;CTS France;2026-09-16;{'StreetName': 'Avenue de Paris', 'AdditionalStreetName': None, 'CityName': 'Vincennes', 'PostalZone': '94306', 'Country': 'FRA'};['110090016', '180067019'];False;;SGA/SHD;;;fournitures;['sans objet', 'sans objet'];['prix', 'qualite'];[40.0, 60.0];1440.0;False;3000000.0;False;{'StreetName': 'Avenue de Paris', 'CityName': 'Vincennes', 'PostalZone': '94306', 'NUTS': 'FR107', 'Country': 'FRA'};;;26-89096;;400000.0;400000.0;LOT-0004;30197600;;6;1;;Fournitures spécifiques destinées à la conservation-restauration de fonds et collections patrimoniaux;ouverte;ARM_SGA_DMCA_SHD_BFA_04_2026;;;;False;False;False;3000000.0;;;;;<NA>;<NA>;<NA>;5499.0;Société à responsabilité limitée (sans autre indication);3  à  5;False;<NA>;2008;G;46;46.9;46.9;46.90Z;1992-09-20;(48.853011, 2.379397);Paris;Paris;Île-de-France;(48.845501, 2.429128);Vincennes;Val-de-Marne;Île-de-France;;;;;;;;
False;;;False;True;False;attribue;{'StreetName': '56 rue Trousseau', 'AdditionalStreetName': None, 'CityName': 'Paris', 'PostalZone': '75011', 'Country': 'FRA'};388866469;True;CTS FRANCE;CTS France;2026-09-16;{'StreetName': 'Avenue de Paris', 'AdditionalStreetName': None, 'CityName': 'Vincennes', 'PostalZone': '94306', 'Country': 'FRA'};['110090016', '180067019'];False;;SGA/SHD;;;fournitures;['sans objet', 'sans objet'];['prix', 'qualite'];[40.0, 60.0];1440.0;False;3000000.0;False;{'StreetName': 'Avenue de Paris', 'CityName': 'Vincennes', 'PostalZone': '94306', 'NUTS': 'FR107', 'Country': 'FRA'};;;26-89096;;300000.0;300000.0;LOT-0005;30190000;;6;2;;Fournitures spécifiques destinées à la conservation-restauration de fonds et collections patrimoniaux;ouverte;ARM_SGA_DMCA_SHD_BFA_04_2026;;;;False;False;False;3000000.0;;;;;<NA>;<NA>;<NA>;5499.0;Société à responsabilité limitée (sans autre indication);3  à  5;False;<NA>;2008;G;46;46.9;46.9;46.90Z;1992-09-20;(48.853011, 2.379397);Paris;Paris;Île-de-France;(48.845501, 2.429128);Vincennes;Val-de-Marne;Île-de-France;;;;;;;;
False;;;False;True;False;attribue;{'StreetName': '56 rue Trousseau', 'AdditionalStreetName': None, 'CityName': 'Paris', 'PostalZone': '75011', 'Country': 'FRA'};388866469;True;CTS FRANCE;CTS France;2026-09-16;{'StreetName': 'Avenue de Paris', 'AdditionalStreetName': None, 'CityName': 'Vincennes', 'PostalZone': '94306', 'Country': 'FRA'};['110090016', '180067019'];False;;SGA/SHD;;;fournitures;['sans objet', 'sans objet'];['prix', 'qualite'];[40.0, 60.0];1440.0;False;3000000.0;False;{'StreetName': 'Avenue de Paris', 'CityName': 'Vincennes', 'PostalZone': '94306', 'NUTS': 'FR107', 'Country': 'FRA'};;;26-89096;;200000.0;200000.0;LOT-0006;30190000;;6;1;;Fournitures spécifiques destinées à la conservation-restauration de fonds et collections patrimoniaux;ouverte;ARM_SGA_DMCA_SHD_BFA_04_2026;;;;False;False;False;3000000.0;;;;;<NA>;<NA>;<NA>;5499.0;Société à responsabilité limitée (sans autre indication);3  à  5;False;<NA>;2008;G;46;46.9;46.9;46.90Z;1992-09-20;(48.853011, 2.379397);Paris;Paris;Île-de-France;(48.845501, 2.429128);Vincennes;Val-de-Marne;Île-de-France;;;;;;;;
False;;;False;True;False;attribue;;;False;;;2026-09-16;{'StreetName': None, 'AdditionalStreetName': None, 'CityName': 'PARIS', 'PostalZone': '75006', 'Country': 'FRA'};130023385;True;SORBONNE UNIVERSITE;Sorbonne Université;;;services;"[""La formule de notation appliquée ici à partir de la simulation de commande est : (Prix du moins disant acceptable / prix de l'offre à noter) x coefficient de pondération"", 'Valeur technique \nSous-critère n°1 : Détail des formations proposées: 25% \nSous-critère n°2 : Méthodologies pédagogiques: 15% \nSous-critère n°3 : Parcours des formateurs mis à disposition: 5% Sous-critère n°4 : Délai de programmation: 5% \nSous-critère n°5 : Matériel ou moyens techniques innovants mis à disposition pour la formation: 5%', ""Développement durable \nLimitation des consommations d'énergie dans le cadre de l'animation des sessions de formation et de la communication avec les stagiaires""]";['prix', 'delai', 'environnemental'];[40.0, 55.0, 5.0];;True;2670000.0;False;{'StreetName': None, 'CityName': None, 'PostalZone': None, 'NUTS': 'FR101', 'Country': 'FRA'};sans remise en concurrence;;26-89031;;19680.0;40000.0;LOT-0001;80511000;2670000.0;9;9;;Formation professionnelle à destination du personnel et des doctorants;ouverte;2024SUBFPDFCNSFORMATION;;;;False;False;False;;7383.0;Établissement public national à caractère scientifique culturel et professionnel ;5 000  à  9 999;False;2018-01-01;85.42Z;2008;;;;;;<NA>;;;;;<NA>;<NA>;;;;;;Paris;Paris;Île-de-France;;;;;;;;
False;;;False;True;False;attribue;;;False;;;2026-09-16;{'StreetName': None, 'AdditionalStreetName': None, 'CityName': 'PARIS', 'PostalZone': '75006', 'Country': 'FRA'};130023385;True;SORBONNE UNIVERSITE;Sorbonne Université;;;services;"[""La formule de notation appliquée ici à partir de la simulation de commande est : (Prix du moins disant acceptable / prix de l'offre à noter) x coefficient de pondération"", 'Valeur technique\nSous-critère n°1 : Détail des formations proposées: 25%\nSous-critère n°2 : Méthodologies pédagogiques: 15% \nSous-critère n°3 : Parcours des formateurs mis à disposition: 5% \nSous-critère n°4 : Délai de programmation: 5% \nSous-critère n°5 : Matériel ou moyens techniques innovants mis à disposition pour la formation: 5%', ""Développement durable\nLimitation des consommations d'énergie dans le cadre de l'animation des sessions de formation et de la communication avec les stagiaires""]";['prix', 'delai', 'environnemental'];[40.0, 55.0, 5.0];;True;2670000.0;False;{'StreetName': None, 'CityName': None, 'PostalZone': None, 'NUTS': 'FR101', 'Country': 'FRA'};sans remise en concurrence;;26-89031;;8430.0;160000.0;LOT-0002;80511000;2670000.0;9;8;;Formation professionnelle à destination du personnel et des doctorants;ouverte;2024SUBFPDFCNSFORMATION;;;;False;False;False;;7383.0;Établissement public national à caractère scientifique culturel et professionnel ;5 000  à  9 999;False;2018-01-01;85.42Z;2008;;;;;;<NA>;;;;;<NA>;<NA>;;;;;;Paris;Paris;Île-de-France;;;;;;;;
False;;;False;True;False;attribue;{'StreetName': None, 'AdditionalStreetName': None, 'CityName': 'COURBEVOIE', 'PostalZone': '92412', 'Country': 'FRA'};903869618;True;APAVE EXPLOITATION FRANCE;APAVE EXPLOITATION FRANCE (AEF);2026-09-16;{'StreetName': None, 'AdditionalStreetName': None, 'CityName': 'PARIS', 'PostalZone': '75006', 'Country': 'FRA'};130023385;True;SORBONNE UNIVERSITE;Sorbonne Université;;;services;"[""La formule de notation appliquée ici à partir de la simulation de commande est : (Prix du moins disant acceptable / prix de l'offre à noter) x coefficient de pondération"", 'Valeur technique \nSous-critère n°1 : Déroulé des programmes et outils pédagogiques: 20% \nSous-critère n°2 : Moyens humains mis à disposition: 10 % \nSous-critère n°3 : Délai de programmation: 5% \nSous-critère n°4 : Outil de suivi des formations des stagiaires: 5%', 'Développement durable \nLimitation des consommations d’énergie  dans le cadre de l’animation des sessions de formation et de la communication avec les stagiaires']";['prix', 'social', 'environnemental'];[55.0, 40.0, 5.0];;True;2670000.0;False;{'StreetName': None, 'CityName': None, 'PostalZone': None, 'NUTS': 'FR101', 'Country': 'FRA'};sans remise en concurrence;;26-89031;;217975.0;400000.0;LOT-0003;80511000;2670000.0;9;1;;Formation professionnelle à destination du personnel et des doctorants;ouverte;2024SUBFPDFCNSFORMATION;;;;False;False;False;;7383.0;Établissement public national à caractère scientifique culturel et professionnel ;5 000  à  9 999;False;2018-01-01;85.42Z;2008;5710.0;SAS, société par actions simplifiée;5 000  à  9 999;False;False;2008;M;71;71.2;71.2;71.20B;2021-09-28;;Courbevoie;Hauts-de-Seine;Île-de-France;;Paris;Paris;Île-de-France;;;;;;;;
False;;;False;True;False;attribue;{'StreetName': None, 'AdditionalStreetName': None, 'CityName': 'BORDEAUX', 'PostalZone': '33000', 'Country': 'FRA'};981435415;True;[ND];FHOR - BORDE JEAN EUDES;2026-09-16;{'StreetName': None, 'AdditionalStreetName': None, 'CityName': 'PARIS', 'PostalZone': '75006', 'Country': 'FRA'};130023385;True;SORBONNE UNIVERSITE;Sorbonne Université;;;services;"[""La formule de notation appliquée ici à partir de la simulation de commande est : (Prix du moins disant acceptable / prix de l'offre à noter) x coefficient de pondération"", 'Valeur technique \nSous-critère n°1 : Détail des formations proposées: 25% \nSous-critère n°2 : Méthodologies pédagogiques: 15%\nSous-critère n°3 : Parcours des formateurs mis à disposition: 5% Sous-critère n°4 : Délai de programmation: 5% \nSous-critère n°5 : Matériel ou moyens techniques innovants mis à disposition pour la formation: 5%', 'Développement durable \nLimitation des consommations d’énergie  dans le cadre de l’animation des sessions de formation et de la communication avec les stagiaires']";['prix', 'delai', 'environnemental'];[55.0, 40.0, 5.0];;True;2670000.0;False;{'StreetName': None, 'CityName': None, 'PostalZone': None, 'NUTS': 'FR101', 'Country': 'FRA'};sans remise en concurrence;;26-89031;;5450.0;40000.0;LOT-0004;80511000;2670000.0;9;1;;Formation professionnelle à destination du personnel et des doctorants;ouverte;2024SUBFPDFCNSFORMATION;;;;False;False;False;;7383.0;Établissement public national à caractère scientifique culturel et professionnel ;5 000  à  9 999;False;2018-01-01;85.42Z;2008;1000.0;Entrepreneur individuel;;<NA>;<NA>;2008;P;85;85.5;85.59;85.59A;2023-11-10;;Bordeaux;Gironde;Nouvelle-Aquitaine;;Paris;Paris;Île-de-France;;;;;;;;
False;;;False;True;False;attribue;;;False;;;2026-09-16;{'StreetName': None, 'AdditionalStreetName': None, 'CityName': 'PARIS', 'PostalZone': '75006', 'Country': 'FRA'};130023385;True;SORBONNE UNIVERSITE;Sorbonne Université;;;services;['La formule de notation appliquée ici à partir de la simulation de commande est : (Prix du moins disant acceptable / prix de l’offre à noter) x coefficient de pondération', 'Valeur technique \nSous-critère n°1 : Pertinence des programmes : 30% \nSous-critère n°2 : Méthodologie(s) proposée(s): 15 % \nSous-critère n°3 : Moyens humains mis à disposition:10%', 'Développement durable\nLimitation des consommations d’énergie dans le cadre de l’animation des sessions de formation et de la communication avec les stagiaires'];['prix', 'social', 'environnemental'];[40.0, 55.0, 5.0];;True;2670000.0;False;{'StreetName': None, 'CityName': None, 'PostalZone': None, 'NUTS': 'FR101', 'Country': 'FRA'};avec remise en concurrence;;26-89031;;102795.0;140000.0;LOT-0005;80511000;2670000.0;9;4;;Formation professionnelle à destination du personnel et des doctorants;ouverte;2024SUBFPDFCNSFORMATION;;;;False;False;False;;7383.0;Établissement public national à caractère scientifique culturel et professionnel ;5 000  à  9 999;False;2018-01-01;85.42Z;2008;;;;;;<NA>;;;;;<NA>;<NA>;;;;;;Paris;Paris;Île-de-France;;;;;;;;
False;;;False;True;False;attribue;;;False;;;2026-09-16;{'StreetName': None, 'AdditionalStreetName': None, 'CityName': 'PARIS', 'PostalZone': '75006', 'Country': 'FRA'};130023385;True;SORBONNE UNIVERSITE;Sorbonne Université;;;services;['La formule de notation appliquée ici à partir de la simulation de commande est : (Prix du moins disant acceptable / prix de l’offre à noter) x coefficient de pondération', 'Valeur technique \t\nSous-critère n°1 : Pertinence des programmes \t30%\nSous-critère n°2 : Méthodologie(s) proposée(s)\t15 %\nSous-critère n°3 : Moyens humains mis à disposition\t10%', 'Développement durable \t\nLimitation des consommations d’énergie  dans le cadre de l’animation des sessions de formation et de la communication avec les stagiaires'];['prix', 'social', 'environnemental'];[40.0, 55.0, 5.0];;True;2670000.0;False;{'StreetName': None, 'CityName': None, 'PostalZone': None, 'NUTS': 'FR101', 'Country': 'FRA'};avec remise en concurrence;;26-89031;;30618.0;140000.0;LOT-0006;80511000;2670000.0;9;6;;Formation professionnelle à destination du personnel et des doctorants;ouverte;2024SUBFPDFCNSFORMATION;;;;False;False;False;;7383.0;Établissement public national à caractère scientifique culturel et professionnel ;5 000  à  9 999;False;2018-01-01;85.42Z;2008;;;;;;<NA>;;;;;<NA>;<NA>;;;;;;Paris;Paris;Île-de-France;;;;;;;;
False;;;False;True;False;attribue;;;False;;;2026-09-16;{'StreetName': None, 'AdditionalStreetName': None, 'CityName': 'PARIS', 'PostalZone': '75006', 'Country': 'FRA'};130023385;True;SORBONNE UNIVERSITE;Sorbonne Université;;;services;['La formule de notation appliquée ici à partir de la simulation de commande est : (Prix du moins disant acceptable / prix de l’offre à noter) x coefficient de pondération', 'Valeur technique \t\nSous-critère n°1 : Pertinence des programmes \t30%\nSous-critère n°2 : Méthodologie(s) proposée(s)\t15 %\nSous-critère n°3 : Moyens humains mis à disposition\t10%', 'Développement durable \nLimitation des consommations d’énergie  dans le cadre de l’animation des sessions de formation et de la communication avec les stagiaires'];['prix', 'social', 'environnemental'];[40.0, 55.0, 5.0];;True;2670000.0;False;{'StreetName': None, 'CityName': None, 'PostalZone': None, 'NUTS': 'FR101', 'Country': 'FRA'};avec remise en concurrence;;26-89031;;14654.0;60000.0;LOT-0007;80511000;2670000.0;9;3;;Formation professionnelle à destination du personnel et des doctorants;ouverte;2024SUBFPDFCNSFORMATION;;;;False;False;False;;7383.0;Établissement public national à caractère scientifique culturel et professionnel ;5 000  à  9 999;False;2018-01-01;85.42Z;2008;;;;;;<NA>;;;;;<NA>;<NA>;;;;;;Paris;Paris;Île-de-France;;;;;;;;
False;;;False;True;False;attribue;;;False;;;2026-09-16;{'StreetName': None, 'AdditionalStreetName': None, 'CityName': 'PARIS', 'PostalZone': '75006', 'Country': 'FRA'};130023385;True;SORBONNE UNIVERSITE;Sorbonne Université;;;services;['La formule de notation appliquée ici à partir de la simulation de commande est : (Prix du moins disant acceptable / prix de l’offre à noter) x coefficient de pondération', 'Valeur technique\nSous-critère n°1 : Déroulé des programmes et outils pédagogiques - 25%\nSous-critère n°2 : Moyens humains mis à disposition - 5 %\nSous-critère n°3 :  Délai de programmation - 5 %\nSous-critère n°4 : Outil de suivi des formations des stagiaires - 5 %', 'Développement durable \nLimitation des consommations d’énergie  dans le cadre de l’animation des sessions de formation et de la communication avec les stagiaires'];['prix', 'social', 'environnemental'];[55.0, 40.0, 5.0];;True;2670000.0;False;{'StreetName': None, 'CityName': None, 'PostalZone': None, 'NUTS': 'FR101', 'Country': 'FRA'};sans remise en concurrence;;26-89031;;10400.0;80000.0;LOT-0008;80511000;2670000.0;9;2;;Formation professionnelle à destination du personnel et des doctorants;ouverte;2024SUBFPDFCNSFORMATION;;;;False;False;False;;7383.0;Établissement public national à caractère scientifique culturel et professionnel ;5 000  à  9 999;False;2018-01-01;85.42Z;2008;;;;;;<NA>;;;;;<NA>;<NA>;;;;;;Paris;Paris;Île-de-France;;;;;;;;
False;;;False;True;False;attribue;{'StreetName': None, 'AdditionalStreetName': None, 'CityName': 'PARIS', 'PostalZone': '75008', 'Country': 'FRA'};789660412;True;UNIIVO ACADEMY;UNIIVO ACADEMY - ANIMAFORM;2026-09-16;{'StreetName': None, 'AdditionalStreetName': None, 'CityName': 'PARIS', 'PostalZone': '75006', 'Country': 'FRA'};130023385;True;SORBONNE UNIVERSITE;Sorbonne Université;;;services;['La formule de notation appliquée ici à partir de la simulation de commande est : (Prix du moins disant acceptable / prix de l’offre à noter) x coefficient de pondération', 'Valeur technique \t\nSous-critère n°1 : Déroulé des programmes et outils pédagogiques - 20 %\nSous-critère n°2 : Moyens humains mis à disposition - 5 %\nSous-critère n°3 :  Délai de programmation - 5 %\nSous-critère n°4 : Outil de suivi des formations des stagiaires - 10 %', 'Développement durable\nLimitation des consommations d’énergie  dans le cadre de l’animation des sessions de formation et de la communication avec les stagiaires'];['prix', 'social', 'environnemental'];[55.0, 40.0, 5.0];;True;2670000.0;False;{'StreetName': None, 'CityName': None, 'PostalZone': None, 'NUTS': 'FR101', 'Country': 'FRA'};sans remise en concurrence;;26-89031;;58800.0;240000.0;LOT-0009;80511000;2670000.0;9;1;;Formation professionnelle à destination du personnel et des doctorants;ouverte;2024SUBFPDFCNSFORMATION;;;;False;False;False;;7383.0;Établissement public national à caractère scientifique culturel et professionnel ;5 000  à  9 999;False;2018-01-01;85.42Z;2008;5499.0;Société à responsabilité limitée (sans autre indication);1  ou  2;False;<NA>;2008;P;85;85.5;85.59;85.59A;2012-11-01;;Paris;Paris;Île-de-France;;Paris;Paris;Île-de-France;;;;;;;;
False;;;True;True;False;attribue;;;False;;;2026-09-16;{'StreetName': '175 rue Ludovic Boutleux', 'AdditionalStreetName': None, 'CityName': 'BETHUNE', 'PostalZone': '62408', 'Country': 'FRA'};130017791;True;VOIES NAVIGABLES DE FRANCE;Voies navigables de France;;;services;['valeur technique', 'prix', 'valeur environnementale'];['technique', 'prix', 'environnemental'];[50.0, 40.0, 10.0];365.0;True;330000.0;True;{'StreetName': '175 rue Ludovic Boutleux', 'CityName': 'BETHUNE', 'PostalZone': '62408', 'NUTS': 'FRE12', 'Country': 'FRA'};sans remise en concurrence;;26-89242;;25350.0;66000.0;LOT-0001;79314000;450000.0;5;10;;Réalisation d’études de faisabilité de projets de report modal vers le fluvial pour le compte de Voies navigables de France;ouverte;2611F017;;;;False;False;False;363211.3;7389.0;Établissement public national à caractère administratif ;2 000  à  4 999;False;2013-01-01;84.13Z;2008;;;;;;<NA>;;;;;<NA>;<NA>;;;;;(50.529714, 2.63487);Béthune;Pas-de-Calais;Hauts-de-France;;;;;;;;
False;;;True;True;False;attribue;;;False;;;2026-09-16;{'StreetName': '175 rue Ludovic Boutleux', 'AdditionalStreetName': None, 'CityName': 'BETHUNE', 'PostalZone': '62408', 'Country': 'FRA'};130017791;True;VOIES NAVIGABLES DE FRANCE;Voies navigables de France;;;services;['valeur technique', 'prix', 'valeur environnementale'];['technique', 'prix', 'environnemental'];[50.0, 40.0, 10.0];365.0;True;330000.0;True;{'StreetName': '175 rue Ludovic Boutleux', 'CityName': 'BETHUNE', 'PostalZone': '62408', 'NUTS': 'FRE12', 'Country': 'FRA'};sans remise en concurrence;;26-89242;;43562.5;33000.0;LOT-0002;79314000;450000.0;5;3;;Réalisation d’études de faisabilité de projets de report modal vers le fluvial pour le compte de Voies navigables de France;ouverte;2611F017;;;;False;False;False;363211.3;7389.0;Établissement public national à caractère administratif ;2 000  à  4 999;False;2013-01-01;84.13Z;2008;;;;;;<NA>;;;;;<NA>;<NA>;;;;;(50.529714, 2.63487);Béthune;Pas-de-Calais;Hauts-de-France;;;;;;;;
False;;;True;True;False;attribue;;;False;;;2026-09-16;{'StreetName': '175 rue Ludovic Boutleux', 'AdditionalStreetName': None, 'CityName': 'BETHUNE', 'PostalZone': '62408', 'Country': 'FRA'};130017791;True;VOIES NAVIGABLES DE FRANCE;Voies navigables de France;;;services;['valeur technique', 'prix', 'valeur environnementale'];['technique', 'prix', 'environnemental'];[50.0, 40.0, 10.0];365.0;True;330000.0;True;{'StreetName': '175 rue Ludovic Boutleux', 'CityName': 'BETHUNE', 'PostalZone': '62408', 'NUTS': 'FRE12', 'Country': 'FRA'};sans remise en concurrence;;26-89242;;19600.0;66000.0;LOT-0003;79314000;450000.0;5;7;;Réalisation d’études de faisabilité de projets de report modal vers le fluvial pour le compte de Voies navigables de France;ouverte;2611F017;;;;False;False;False;363211.3;7389.0;Établissement public national à caractère administratif ;2 000  à  4 999;False;2013-01-01;84.13Z;2008;;;;;;<NA>;;;;;<NA>;<NA>;;;;;(50.529714, 2.63487);Béthune;Pas-de-Calais;Hauts-de-France;;;;;;;;
False;;;True;True;False;attribue;;;False;;;2026-09-16;{'StreetName': '175 rue Ludovic Boutleux', 'AdditionalStreetName': None, 'CityName': 'BETHUNE', 'PostalZone': '62408', 'Country': 'FRA'};130017791;True;VOIES NAVIGABLES DE FRANCE;Voies navigables de France;;;services;['valeur technique', 'prix', 'valeur environnementale'];['technique', 'prix', 'environnemental'];[50.0, 40.0, 10.0];365.0;True;330000.0;True;{'StreetName': '175 rue Ludovic Boutleux', 'CityName': 'BETHUNE', 'PostalZone': '62408', 'NUTS': 'FRE12', 'Country': 'FRA'};sans remise en concurrence;;26-89242;;35350.0;99000.0;LOT-0004;79314000;450000.0;5;6;;Réalisation d’études de faisabilité de projets de report modal vers le fluvial pour le compte de Voies navigables de France;ouverte;2611F017;;;;False;False;False;363211.3;7389.0;Établissement public national à caractère administratif ;2 000  à  4 999;False;2013-01-01;84.13Z;2008;;;;;;<NA>;;;;;<NA>;<NA>;;;;;(50.529714, 2.63487);Béthune;Pas-de-Calais;Hauts-de-France;;;;;;;;
False;;;True;True;False;attribue;;;False;;;2026-09-16;{'StreetName': '175 rue Ludovic Boutleux', 'AdditionalStreetName': None, 'CityName': 'BETHUNE', 'PostalZone': '62408', 'Country': 'FRA'};130017791;True;VOIES NAVIGABLES DE FRANCE;Voies navigables de France;;;services;['valeur technique', 'prix', 'valeur environnementale'];['technique', 'prix', 'environnemental'];[50.0, 40.0, 10.0];365.0;True;330000.0;True;{'StreetName': '175 rue Ludovic Boutleux', 'CityName': 'BETHUNE', 'PostalZone': '62408', 'NUTS': 'FRE12', 'Country': 'FRA'};sans remise en concurrence;;26-89242;;30450.0;66000.0;LOT-0005;79314000;450000.0;5;4;;Réalisation d’études de faisabilité de projets de report modal vers le fluvial pour le compte de Voies navigables de France;ouverte;2611F017;;;;False;False;False;363211.3;7389.0;Établissement public national à caractère administratif ;2 000  à  4 999;False;2013-01-01;84.13Z;2008;;;;;;<NA>;;;;;<NA>;<NA>;;;;;(50.529714, 2.63487);Béthune;Pas-de-Calais;Hauts-de-France;;;;;;;;
False;;;True;False;False;attribue;{'StreetName': None, 'AdditionalStreetName': None, 'CityName': 'Tours', 'PostalZone': '37000', 'Country': 'FRA'};410413918;True;LIGNE DAU (DESIGN ARCHITECTURE URBANISME;LIGNE DAU;2026-09-16;{'StreetName': '97 Boulevard Pereire', 'AdditionalStreetName': None, 'CityName': 'Paris', 'PostalZone': '75017', 'Country': 'FRA'};775675796;True;CENTRE TECHNIQ INTERPROF FRUITS LEGUMES;CENTRE TECHNIQUE INTERPROFESSIONNEL DES FRUITS ET LEGUMES;;;services;['40', '60'];['prix', 'qualite'];[40.0, 60.0];;True;0.0;False;{'StreetName': None, 'CityName': None, 'PostalZone': None, 'NUTS': None, 'Country': 'FRA'};;;26-89156;;0.0;0.0;LOT-0001;71000000;;1;28;;Programme de consultation d'une maitrise d'oeuvre pour bâtiments agricoles, locaux administratifs et réhabilitation de logements.;negociee;N°2026-90-MOE-LM;;;;False;False;False;0.0;8470.0;Centre technique industriel ou comité professionnel du développement économique ;250  à  499;False;1900-01-01;72.19Z;2008;5710.0;SAS, société par actions simplifiée;3  à  5;False;<NA>;2008;M;71;71.1;71.11;71.11Z;1997-01-02;;Tours;Indre-et-Loire;Centre-Val de Loire;(48.886154, 2.300454);Paris;Paris;Île-de-France;;;;;;;;
False;['92522200'];;False;False;False;attribue;{'StreetName': '9 rue Caron', 'AdditionalStreetName': None, 'CityName': 'Malakoff', 'PostalZone': '92240', 'Country': 'FRA'};403945587;True;<NA>;Groupement DONATI BARBARA;2026-09-16;{'StreetName': '47 rue le Peletier', 'AdditionalStreetName': None, 'CityName': 'PARIS', 'PostalZone': '75009', 'Country': 'FRA'};177504602;True;DIRECTION REGIONALE AFFAIRES CULTURELLES ILE-DE-FRANCE;MINISTERE DE LA CULTURE - DRAC ILE DE France;;;services;"['Prix des prestations (30%)\nLe coefficient de pondération de 30%, correspondant à une note sur 30 points, est ensuite appliqué à la note obtenue.', '1-Valeur technique, décomposée en sous-critères : 60 %\n1.1\tNote méthodologique et moyens techniques proposés pour réaliser les prestations (détail des interventions sur les œuvres avant conditionnement ; références et modalités d’application des produits proposés pour les nettoyages, dépoussiérage, refixation, les consolidations, interventions longues, traitement biocide, etc.)\t20 %\n1.2\tMoyens pour l’exécution des constats permettant d’élaborer les diagnostics et les propositions de traitement. \nMoyens pour la gestion de la documentation et de la communication \t5 %\n1.3\tCalendrier prévisionnel des interventions précisant pour chaque phase : les moyens humains de l’équipe (CV), en nombre et en qualité, les moyens matériels et le délai d’exécution proposé \nLes moyens humains nécessaires aux manipulations à la charge du transporteur (commande DRAC Île-de-France)\t10 %\n1.4\tMoyens d’encadrement humain, de coordination de l’équipe et d’interface avec le pouvoir adjudicateur, les entreprises de manipulation d’œuvre d’art et les autres interlocuteurs.\t10 %\n1.5\tMoyens pour garantir la santé et la sécurité des travailleurs, ainsi que la gestion des déchets et la préservation de la propreté du lieu d’exécution\t10 %\n1.6\tMoyens de promotion de la formation professionnelle (stagiaires, apprentis, etc.) et de valorisation des métiers de la restauration (participation à des actions de presse, de médiation auprès du public, etc.)\t5%\n2-Critère environnemental\nCaractéristiques environnementales des moyens d’intervention présentés (utilisation par l’entreprise de modes de déplacements favorisant le développement durable) \t10%']";['prix', 'environnemental & social'];;240.0;True;;False;{'StreetName': None, 'CityName': 'Meaux', 'PostalZone': None, 'NUTS': 'FR102', 'Country': 'FRA'};;;26-88860;;204116.77;;LOT-0001;92311000;;1;1;;Opération de déplacement du lapidaire du vieux chapitre et du massif occidental : restauration, consolidations préalables, installation d'équipements de stockage;ouverte;DracIdF77Lapidaire;;;;True;False;False;204116.77;7171.0;Service déconcentré de l'État à compétence (inter) régionale ;250  à  499;False;1981-06-23;84.12Z;2008;1000.0;Entrepreneur individuel;;<NA>;<NA>;2008;R;90;90.0;90.03;90.03B;1996-02-01;(48.81835, 2.302665);Malakoff;Hauts-de-Seine;Île-de-France;(48.875327, 2.339516);Paris;Paris;Île-de-France;;;;;;;;
False;;;False;False;False;attribue;;;False;;;2026-09-16;{'StreetName': None, 'AdditionalStreetName': None, 'CityName': 'LILLE', 'PostalZone': '59000', 'Country': 'FRA'};517583423;True;CAISSE PRIMAIRE D'ASSURANCE MALADIE DE LILLE DOUAI;CPAM DE LILLE DOUAI;;;services;['30 points', '70 points'];['prix', 'qualite'];[30.0, 70.0];480.0;True;;False;{'StreetName': None, 'CityName': None, 'PostalZone': None, 'NUTS': None, 'Country': 'FRA'};;;26-89150;26-89061;85200.0;90000.0;LOT-0001;71000000;;1;7;;Mission de Maitrise d'oeuvre pour la réfection des façades du site de Douai de la CPAM de Lille Douai;ouverte;2026-05;;;False;False;False;False;85200.0;8110.0;Régime général de la Sécurité Sociale;500  à  999;False;2010-01-01;84.30A;2008;;;;;;<NA>;;;;;<NA>;<NA>;;;;;;Lille;Nord;Hauts-de-France;;;;;;;;
False;;;True;False;False;attribue;"{'StreetName': ""IMMEUBLE L'ALTIS BATIMENT A @ 7CENTER, 561 RUE GEORGES MELIES"", 'AdditionalStreetName': None, 'CityName': 'MONTPELLIER', 'PostalZone': '34000', 'Country': 'FRA'}";824012173;True;SWILE;SWILE;2026-09-16;{'StreetName': 'Place de la République', 'AdditionalStreetName': None, 'CityName': 'COUDEKERQUE BRANCHE CEDEX', 'PostalZone': '59411', 'Country': 'FRA'};215901554;True;COMMUNE DE COUDEKERQUE BRANCHE;VILLE DE COUDEKERQUE BRANCHE;;2026-08-24+02:00;fournitures;['Valeur technique', 'Services complémentaires', 'Coût des prestations, frais applicables', 'Prise en compte de préoccupations environnementales et sociales'];['technique', 'qualite', 'prix', 'environnemental & social'];[60.0, 25.0, 10.0, 5.0];;False;;False;{'StreetName': 'Place de la République', 'CityName': 'COUDEKERQUE BRANCHE CEDEX', 'PostalZone': '59411', 'NUTS': 'FR101', 'Country': 'FRA'};sans remise en concurrence;;26-89136;;1288000.0;;LOT-0001;30199770;1288000.0;1;3;;ACHAT DE TITRES-RESTAURANT POUR LE PERSONNEL DE LA VILLE DE COUDEKERQUE-BRANCHE, DU CENTRE COMMUNAL D’ACTION SOCIALE ET DE SES SATELLITES;ouverte;PPP1XX-52/6132/2025.21;3.0;;;False;False;False;1288000.0;7210.0;Commune et commune nouvelle ;500  à  999;False;1978-01-01;84.11Z;2008;5710.0;SAS, société par actions simplifiée;250  à  499;False;<NA>;2008;K;66;66.1;66.19;66.19B;2016-11-24;(43.605828, 3.920351);Montpellier;Hérault;Occitanie;(51.018821, 2.380727);Coudekerque-Branche;Nord;Hauts-de-France;;;;;;;;
False;['15980000'];;True;True;False;attribue;{'StreetName': '113, chemin des Frères LUMIERE', 'AdditionalStreetName': None, 'CityName': 'BOUC BEL AIR', 'PostalZone': '13320', 'Country': 'FRA'};318506623;True;FRANCE BOISSONS SUD-EST;FRANCE BOISSONS SUD EST -LOT1;2026-09-16;{'StreetName': 'Hôtel du département des Bouches du Rhône', 'AdditionalStreetName': '52 avenue de saint Just', 'CityName': 'Marseille', 'PostalZone': '13256', 'Country': 'FRA'};221300015;True;DEPARTEMENT DES BOUCHES DU RHONE;DEPARTEMENT DES BOUCHES DU RHONE;;;fournitures;;;;360.0;True;226079.64;False;{'StreetName': 'Service gestionnaire :\n Service du Protocole\nHôtel du département des Bouches-du-Rhône\n52, avenue de Saint Just - 13256 Marseille\nTel : 04.13.31.16.64 / 04.13.31.32.59\n13256 MARSEILLE Cedex 20\nLes Maisons du Bel Age\nEntrepôt CD 13\nLa Pomme, Master Park\n116 Bd de la Pomme, Hangar N°14 ou 16\n13011 MARSEILLE', 'CityName': 'Marseille', 'PostalZone': '13256', 'NUTS': 'FRL04', 'Country': 'FRA'};sans remise en concurrence;;26-88839;;47737.2;193768.83;LOT-0001;15900000;340000.0;2;2;;Accord-cadre pour la fourniture de boissons pour les réceptions et les réunions de travail organisées par le Conseil Départemental des Bouches-du-Rhône 2 LOTS.;ouverte;2026-0134;3.0;;;False;True;False;;7220.0;Département ;5 000  à  9 999;False;1968-09-01;84.11Z;2008;5710.0;SAS, société par actions simplifiée;250  à  499;False;<NA>;2008;G;46;46.3;46.34;46.34Z;1980-01-01;(43.424527, 5.392962);Bouc-Bel-Air;Bouches-du-Rhône;Provence-Alpes-Côte d'Azur;(47.914949, 1.87149);Saint-Jean-de-la-Ruelle;Loiret;Centre-Val de Loire;;;;;;;;
False;['15930000', '15911100', '15911000', '15910000'];;True;True;False;attribue;{'StreetName': '113, chemin des Frères LUMIERE', 'AdditionalStreetName': None, 'CityName': 'BOUC BEL AIR', 'PostalZone': '13320', 'Country': 'FRA'};318506623;True;FRANCE BOISSONS SUD-EST;FRANCE BOISSONS SUD EST -LOT2;2026-09-16;{'StreetName': 'Hôtel du département des Bouches du Rhône', 'AdditionalStreetName': '52 avenue de saint Just', 'CityName': 'Marseille', 'PostalZone': '13256', 'Country': 'FRA'};221300015;True;DEPARTEMENT DES BOUCHES DU RHONE;DEPARTEMENT DES BOUCHES DU RHONE;;;fournitures;;;;360.0;True;226079.64;False;{'StreetName': 'Service gestionnaire :\n Service du Protocole\nHôtel du département des Bouches-du-Rhône\n52, avenue de Saint Just - 13256 Marseille\nTel : 04.13.31.16.64 / 04.13.31.32.59\n13256 MARSEILLE Cedex 20\nLes Maisons du Bel Age\nEntrepôt CD 13\nLa Pomme, Master Park\n116 Bd de la Pomme, Hangar N°14 ou 16\n13011 MARSEILLE', 'CityName': 'Marseille', 'PostalZone': '13256', 'NUTS': 'FRL04', 'Country': 'FRA'};sans remise en concurrence;;26-88839;;8018.65;32309.84;LOT-0002;15900000;340000.0;2;2;;Accord-cadre pour la fourniture de boissons pour les réceptions et les réunions de travail organisées par le Conseil Départemental des Bouches-du-Rhône 2 LOTS.;ouverte;2026-0134;3.0;;;False;True;False;;7220.0;Département ;5 000  à  9 999;False;1968-09-01;84.11Z;2008;5710.0;SAS, société par actions simplifiée;250  à  499;False;<NA>;2008;G;46;46.3;46.34;46.34Z;1980-01-01;(43.424527, 5.392962);Bouc-Bel-Air;Bouches-du-Rhône;Provence-Alpes-Côte d'Azur;(47.914949, 1.87149);Saint-Jean-de-la-Ruelle;Loiret;Centre-Val de Loire;;;;;;;;
False;;;True;True;False;attribue;{'StreetName': '8 RUE JEAN MERMOZ CS80103', 'AdditionalStreetName': None, 'CityName': 'MAGNY LES HAMEAUX', 'PostalZone': '78772', 'Country': 'FRA'};582081782;True;AXIMUM;AXIMUM – Établissement de Marseille;2026-09-16;{'StreetName': None, 'AdditionalStreetName': None, 'CityName': 'MARSEILLE', 'PostalZone': '13003', 'Country': 'FRA'};130001761;True;DIRECTION INTERDEPARTEMENTALE DES ROUTES MEDITERRANEE;DIRMED;;;travaux;['prix des prestations', 'valeur technique', 'valeur environnementale'];['prix', 'technique', 'environnemental'];[60.0, 30.0, 10.0];;False;;False;{'StreetName': None, 'CityName': None, 'PostalZone': None, 'NUTS': 'FRL01', 'Country': 'FRA'};;;26-89072;;20800000.0;;LOT-0001;45233229;;2;3;;Les prestations concernent la Création, réparation, fourniture et mise en œuvre des dispositifs de retenue sur le réseau national structurant de la DIRMED;ouverte;DIRMED-25-020;;;;True;False;False;35200000.0;7172.0;Service déconcentré de l'État à compétence (inter) départementale ;500  à  999;<NA>;2006-01-01;84.13Z;2008;5710.0;SAS, société par actions simplifiée;1 000  à  1 999;False;<NA>;2008;F;42;42.1;42.11;42.11Z;1900-01-01;(48.750961, 2.064565);Magny-les-Hameaux;Yvelines;Île-de-France;;Marseille;Bouches-du-Rhône;Provence-Alpes-Côte d'Azur;;;;;;;;
False;;;True;True;False;attribue;{'StreetName': '8 RUE JEAN MERMOZ CS80103', 'AdditionalStreetName': None, 'CityName': 'MAGNY LES HAMEAUX', 'PostalZone': '78772', 'Country': 'FRA'};582081782;True;AXIMUM;AXIMUM – Établissement de Montpellier;2026-09-16;{'StreetName': None, 'AdditionalStreetName': None, 'CityName': 'MARSEILLE', 'PostalZone': '13003', 'Country': 'FRA'};130001761;True;DIRECTION INTERDEPARTEMENTALE DES ROUTES MEDITERRANEE;DIRMED;;;travaux;['prix des prestations', 'valeur technique', 'valeur environnementale'];['prix', 'technique', 'environnemental'];[60.0, 30.0, 10.0];;False;;False;{'StreetName': None, 'CityName': None, 'PostalZone': None, 'NUTS': 'FRL04', 'Country': 'FRA'};;;26-89072;;14400000.0;;LOT-0002;45233229;;2;3;;Les prestations concernent la Création, réparation, fourniture et mise en œuvre des dispositifs de retenue sur le réseau national structurant de la DIRMED;ouverte;DIRMED-25-020;;;;True;False;False;35200000.0;7172.0;Service déconcentré de l'État à compétence (inter) départementale ;500  à  999;<NA>;2006-01-01;84.13Z;2008;5710.0;SAS, société par actions simplifiée;1 000  à  1 999;False;<NA>;2008;F;42;42.1;42.11;42.11Z;1900-01-01;(48.750961, 2.064565);Magny-les-Hameaux;Yvelines;Île-de-France;;Marseille;Bouches-du-Rhône;Provence-Alpes-Côte d'Azur;;;;;;;;
False;;;True;True;False;attribue;{'StreetName': '27 Chemin des Mazes ZAC des Hauteurs du Loing', 'AdditionalStreetName': None, 'CityName': 'NEMOURS', 'PostalZone': '77140', 'Country': 'FRA'};392823647;True;ONF VEGETIS;ONF VEGETIS;2026-09-16;{'StreetName': None, 'AdditionalStreetName': None, 'CityName': 'marseille ', 'PostalZone': '13003', 'Country': 'FRA'};130001761;True;DIRECTION INTERDEPARTEMENTALE DES ROUTES MEDITERRANEE;DIRMED;;;services;['prix des prestations', 'valeur environnementale', 'valeur technique'];['prix', 'environnemental', 'technique'];[45.0, 10.0, 45.0];1440.0;False;;False;{'StreetName': None, 'CityName': None, 'PostalZone': None, 'NUTS': 'FRL04', 'Country': 'FRA'};sans remise en concurrence;;26-88999;;;;LOT-0001;79400000;360000.0;3;1;;Étude d'arbres sur le domaine public du réseau national de la Direction Interdépartementale des Routes Méditerranée;ouverte;DIRMED-24-015;;;;False;False;False;;7172.0;Service déconcentré de l'État à compétence (inter) départementale ;500  à  999;<NA>;2006-01-01;84.13Z;2008;5710.0;SAS, société par actions simplifiée;250  à  499;False;<NA>;2008;N;81;81.3;81.3;81.30Z;1993-11-02;(48.274748, 2.706555);Nemours;Seine-et-Marne;Île-de-France;;Marseille;Bouches-du-Rhône;Provence-Alpes-Côte d'Azur;;;;;;;;
False;;;True;True;False;attribue;{'StreetName': '38-40 Rue Roger Hennequin', 'AdditionalStreetName': None, 'CityName': 'Trappes', 'PostalZone': '78190', 'Country': 'FRA'};378998363;True;SOINS MODERNES DES ARBRES;SOINS MODERNES DES ARBRES;2026-09-16;{'StreetName': None, 'AdditionalStreetName': None, 'CityName': 'marseille ', 'PostalZone': '13003', 'Country': 'FRA'};130001761;True;DIRECTION INTERDEPARTEMENTALE DES ROUTES MEDITERRANEE;DIRMED;;;services;['prix des prestations', 'La valeur environnementale', 'La valeur technique'];['prix', 'environnemental', 'technique'];[45.0, 10.0, 45.0];1440.0;False;;False;{'StreetName': None, 'CityName': None, 'PostalZone': None, 'NUTS': 'FRL04', 'Country': 'FRA'};sans remise en concurrence;;26-88999;;;;LOT-0002;79400000;360000.0;3;2;;Étude d'arbres sur le domaine public du réseau national de la Direction Interdépartementale des Routes Méditerranée;ouverte;DIRMED-24-015;;;;False;False;False;;7172.0;Service déconcentré de l'État à compétence (inter) départementale ;500  à  999;<NA>;2006-01-01;84.13Z;2008;5710.0;SAS, société par actions simplifiée;200  à  249;False;<NA>;2008;N;81;81.3;81.3;81.30Z;1990-04-01;(48.765173, 1.987202);Trappes;Yvelines;Île-de-France;;Marseille;Bouches-du-Rhône;Provence-Alpes-Côte d'Azur;;;;;;;;
False;;;True;True;False;attribue;{'StreetName': '27 Chemin des Mazes ZAC des Hauteurs du Loing', 'AdditionalStreetName': None, 'CityName': 'NEMOURS', 'PostalZone': '77140', 'Country': 'FRA'};392823647;True;ONF VEGETIS;ONF VEGETIS;2026-09-16;{'StreetName': None, 'AdditionalStreetName': None, 'CityName': 'marseille ', 'PostalZone': '13003', 'Country': 'FRA'};130001761;True;DIRECTION INTERDEPARTEMENTALE DES ROUTES MEDITERRANEE;DIRMED;;;services;['prix des prestations', 'valeur environnementale', 'valeur technique'];['prix', 'environnemental', 'technique'];[45.0, 10.0, 45.0];1440.0;False;;False;{'StreetName': None, 'CityName': None, 'PostalZone': None, 'NUTS': 'FRL04', 'Country': 'FRA'};sans remise en concurrence;;26-88999;;;;LOT-0003;79400000;360000.0;3;1;;Étude d'arbres sur le domaine public du réseau national de la Direction Interdépartementale des Routes Méditerranée;ouverte;DIRMED-24-015;;;;False;False;False;;7172.0;Service déconcentré de l'État à compétence (inter) départementale ;500  à  999;<NA>;2006-01-01;84.13Z;2008;5710.0;SAS, société par actions simplifiée;250  à  499;False;<NA>;2008;N;81;81.3;81.3;81.30Z;1993-11-02;(48.274748, 2.706555);Nemours;Seine-et-Marne;Île-de-France;;Marseille;Bouches-du-Rhône;Provence-Alpes-Côte d'Azur;;;;;;;;
False;;;True;True;False;attribue;;;False;;;2026-09-16;{'StreetName': '80, Boulevard du Métro', 'AdditionalStreetName': None, 'CityName': 'Marseille', 'PostalZone': '13013', 'Country': 'FRA'};059804062;True;REGIE DES TRANSPORTS METROPOLITAINS;RTM - Régie des Transports Métropolitains;;;fournitures;['Les prix (80 %), analysés compte tenu du montant résultant, ligne par ligne, du Devis Descriptif Estimatif Détaillé (DDED) du lot concerné, annexe 1 de l’Invitation à Soumissionner (IS), dont les prix unitaires sont issus du Bordereau des Prix Unitaires (BPU) du lot concerné, annexe 1 de l’Acte d’Engagement (AE).', 'La Valeur technique (20 %), appréciée en fonction des éléments remis par les candidats à l’appui de leur offre. La valeur technique est composée de deux sous-critères, représentant 100% de la valeur technique :\n\n- Sous-critère 1 (50%) : Optimisation du minimum de commande pour chaque pièce,\n\n- Sous-critère 2 (50%) : Optimisation du délai de livraison de chaque pièce.'];['prix', 'delai'];[80.0, 20.0];1825.0;False;0.0;False;{'StreetName': None, 'CityName': 'MARSEILLE', 'PostalZone': '13235', 'NUTS': 'FRL04', 'Country': 'FRA'};sans remise en concurrence;;26-89211;;988498.0;0.0;LOT-0001;34320000;;2;4;;Fourniture de pièces détachées pour la maintenance du matériel roulant ferré de la RTM;negociee;MC/2025122;0.0;;;False;False;False;2703061.6;4110.0;Établissement public national à caractère industriel ou commercial doté d'un comptable public ;2 000  à  4 999;False;1959-01-01;49.31Z;2008;;;;;;<NA>;;;;;<NA>;<NA>;;;;;(43.335914, 5.428517);Marseille;Bouches-du-Rhône;Provence-Alpes-Côte d'Azur;;;;;;;;
False;;;True;True;False;attribue;{'StreetName': None, 'AdditionalStreetName': None, 'CityName': 'FAMECK', 'PostalZone': '57290', 'Country': 'FRA'};408860369;True;GUMMI METALL TECHNIK FRANCE;GUMMI METALL TECHNIK;2026-09-16;{'StreetName': '80, Boulevard du Métro', 'AdditionalStreetName': None, 'CityName': 'Marseille', 'PostalZone': '13013', 'Country': 'FRA'};059804062;True;REGIE DES TRANSPORTS METROPOLITAINS;RTM - Régie des Transports Métropolitains;;;fournitures;['Les prix (80 %), analysés compte tenu du montant résultant du Devis Descriptif Estimatif Détaillé (DDED) du lot concerné, annexe 1 de l’Invitation à Soumissionner (IS), dont les prix unitaires sont issus du Bordereau des Prix Unitaires (BPU) du lot concerné, annexe 1 de l’Acte d’Engagement (AE).', 'La Valeur technique (20 %), appréciée en fonction des éléments remis par les candidats à l’appui de leur offre. La valeur technique est composée de deux sous-critères, représentant 100% de la valeur technique :\n\n- Sous-critère 1 (50%) : Optimisation des minimums de commande.\n\n- Sous-critère 2 (50%) : Optimisation des délais de livraison.'];['prix', 'delai'];[80.0, 20.0];1825.0;False;0.0;False;{'StreetName': None, 'CityName': 'MARSEILLE', 'PostalZone': '13235', 'NUTS': 'FRL04', 'Country': 'FRA'};sans remise en concurrence;;26-89211;;486510.0;;LOT-0002;34320000;;2;3;;Fourniture de pièces détachées pour la maintenance du matériel roulant ferré de la RTM;negociee;MC/2025122;0.0;;;False;False;False;2703061.6;4110.0;Établissement public national à caractère industriel ou commercial doté d'un comptable public ;2 000  à  4 999;False;1959-01-01;49.31Z;2008;5499.0;Société à responsabilité limitée (sans autre indication);6  à  9;False;<NA>;2008;G;46;46.6;46.69;46.69B;1996-09-01;;Fameck;Moselle;Grand Est;(43.335914, 5.428517);Marseille;Bouches-du-Rhône;Provence-Alpes-Côte d'Azur;;;;;;;;
False;;;True;True;False;attribue;{'StreetName': '14 Rue des balançoires', 'AdditionalStreetName': None, 'CityName': 'Lyon', 'PostalZone': '69007', 'Country': 'FRA'};349428755;True;WSP FRANCE;WSP France;2026-09-16;{'StreetName': '16 RUE ANTOINE ZATTARA', 'AdditionalStreetName': None, 'CityName': 'MARSEILLE', 'PostalZone': '13003', 'Country': 'FRA'};130001761;True;DIRECTION INTERDEPARTEMENTALE DES ROUTES MEDITERRANEE;DIRMED;;;services;['valeur technique', 'valeur environnementale', 'prix des prestations'];['technique', 'environnemental', 'prix'];[45.0, 10.0, 45.0];1440.0;True;;False;{'StreetName': None, 'CityName': None, 'PostalZone': None, 'NUTS': 'FRL04', 'Country': 'FRA'};sans remise en concurrence;;26-89035;;1200000.0;;LOT-0001;71311300;3600000.0;3;4;;Assistance et accompagnement de la DIRMED pour la gestion des OLD sur le réseau routier national et autoroutier du District Urbain, District Rhône Cévennes et District des Alpes Du Sud;ouverte;DIRMED-25-017;;;;True;False;False;;7172.0;Service déconcentré de l'État à compétence (inter) départementale ;500  à  999;<NA>;2006-01-01;84.13Z;2008;5710.0;SAS, société par actions simplifiée;250  à  499;False;<NA>;2008;M;71;71.1;71.12;71.12B;1989-01-05;(45.740087, 4.837905);Lyon;Rhône;Auvergne-Rhône-Alpes;(43.303663, 5.377602);Marseille;Bouches-du-Rhône;Provence-Alpes-Côte d'Azur;;;;;;;;
False;;;True;True;False;attribue;{'StreetName': '14 Rue des balançoires', 'AdditionalStreetName': None, 'CityName': 'Lyon', 'PostalZone': '69007', 'Country': 'FRA'};349428755;True;WSP FRANCE;WSP France;2026-09-16;{'StreetName': '16 RUE ANTOINE ZATTARA', 'AdditionalStreetName': None, 'CityName': 'MARSEILLE', 'PostalZone': '13003', 'Country': 'FRA'};130001761;True;DIRECTION INTERDEPARTEMENTALE DES ROUTES MEDITERRANEE;DIRMED;;;services;['valeur technique', 'valeur environnementale', 'prix des prestations'];['technique', 'environnemental', 'prix'];[45.0, 10.0, 45.0];1440.0;True;;False;{'StreetName': None, 'CityName': None, 'PostalZone': None, 'NUTS': 'FRL04', 'Country': 'FRA'};sans remise en concurrence;;26-89035;;1200000.0;;LOT-0002;71311300;3600000.0;3;4;;Assistance et accompagnement de la DIRMED pour la gestion des OLD sur le réseau routier national et autoroutier du District Urbain, District Rhône Cévennes et District des Alpes Du Sud;ouverte;DIRMED-25-017;;;;True;False;False;;7172.0;Service déconcentré de l'État à compétence (inter) départementale ;500  à  999;<NA>;2006-01-01;84.13Z;2008;5710.0;SAS, société par actions simplifiée;250  à  499;False;<NA>;2008;M;71;71.1;71.12;71.12B;1989-01-05;(45.740087, 4.837905);Lyon;Rhône;Auvergne-Rhône-Alpes;(43.303663, 5.377602);Marseille;Bouches-du-Rhône;Provence-Alpes-Côte d'Azur;;;;;;;;
False;;;True;True;False;attribue;{'StreetName': '210C rue Fernandel', 'AdditionalStreetName': None, 'CityName': 'LAMBESC', 'PostalZone': '13410', 'Country': 'FRA'};882943152;True;WARUCENE;WARUCENE;2026-09-16;{'StreetName': '16 RUE ANTOINE ZATTARA', 'AdditionalStreetName': None, 'CityName': 'MARSEILLE', 'PostalZone': '13003', 'Country': 'FRA'};130001761;True;DIRECTION INTERDEPARTEMENTALE DES ROUTES MEDITERRANEE;DIRMED;;;services;['valeur technique', 'valeur environnementale', 'prix des prestations'];['technique', 'environnemental', 'prix'];[45.0, 10.0, 45.0];1440.0;True;;False;{'StreetName': None, 'CityName': None, 'PostalZone': None, 'NUTS': 'FRL04', 'Country': 'FRA'};sans remise en concurrence;;26-89035;;1200000.0;;LOT-0003;71311300;3600000.0;3;5;;Assistance et accompagnement de la DIRMED pour la gestion des OLD sur le réseau routier national et autoroutier du District Urbain, District Rhône Cévennes et District des Alpes Du Sud;ouverte;DIRMED-25-017;;;;True;False;False;;7172.0;Service déconcentré de l'État à compétence (inter) départementale ;500  à  999;<NA>;2006-01-01;84.13Z;2008;5710.0;SAS, société par actions simplifiée;3  à  5;False;<NA>;2008;M;74;74.9;74.9;74.90B;2020-01-01;(43.644579, 5.27449);Lambesc;Bouches-du-Rhône;Provence-Alpes-Côte d'Azur;(43.303663, 5.377602);Marseille;Bouches-du-Rhône;Provence-Alpes-Côte d'Azur;;;;;;;;
False;;24.0;True;True;False;attribue;{'StreetName': '7 rue des Petits Ruisseaux', 'AdditionalStreetName': None, 'CityName': 'Verrières le Buisson', 'PostalZone': '91370', 'Country': 'FRA'};324668144;True;SEGIC INGENIERIE;SEGIC Ingénierie;2026-09-16;{'StreetName': '16 rue Antoine Zattara CS70248', 'AdditionalStreetName': None, 'CityName': 'Marseille cedex 03', 'PostalZone': '13331', 'Country': 'FRA'};130001761;True;DIRECTION INTERDEPARTEMENTALE DES ROUTES MEDITERRANEE;DIRMED;2025-05-06;;services;['critère technique', 'critère prix'];['technique', 'prix'];[40.0, 60.0];1440.0;False;;False;{'StreetName': None, 'CityName': None, 'PostalZone': None, 'NUTS': 'FRL04', 'Country': 'FRA'};sans remise en concurrence;;26-89014;25-50478;600000.0;;LOT-0001;71313000;2160000.0;2;2;;Marché PI de prestations environnementales pour assistance au MOA pour réalisation des dossiers réglementaires en matière d?environnement;ouverte;DIRMED-25-005;;;False;True;False;False;;7172.0;Service déconcentré de l'État à compétence (inter) départementale ;500  à  999;<NA>;2006-01-01;84.13Z;2008;5710.0;SAS, société par actions simplifiée;50  à  99;<NA>;<NA>;2008;M;71;71.1;71.12;71.12B;1982-03-09;(48.746974, 2.28253);Verrières-le-Buisson;Essonne;Île-de-France;(43.303663, 5.377602);Marseille;Bouches-du-Rhône;Provence-Alpes-Côte d'Azur;;;;;;;;
False;;24.0;False;True;False;attribue;{'StreetName': '7 rue des Petits Ruisseaux', 'AdditionalStreetName': None, 'CityName': 'Verrières le Buisson', 'PostalZone': '91370', 'Country': 'FRA'};324668144;True;SEGIC INGENIERIE;SEGIC Ingénierie;2026-09-16;{'StreetName': '16 rue Antoine Zattara CS70248', 'AdditionalStreetName': None, 'CityName': 'Marseille cedex 03', 'PostalZone': '13331', 'Country': 'FRA'};130001761;True;DIRECTION INTERDEPARTEMENTALE DES ROUTES MEDITERRANEE;DIRMED;2025-05-06;;services;['critère technique', 'critère prix'];['technique', 'prix'];[40.0, 60.0];1440.0;False;;False;{'StreetName': None, 'CityName': None, 'PostalZone': None, 'NUTS': 'FRL04', 'Country': 'FRA'};sans remise en concurrence;;26-89014;25-50478;1560000.0;;LOT-0002;71313000;2160000.0;2;2;;Marché PI de prestations environnementales pour assistance au MOA pour réalisation des dossiers réglementaires en matière d?environnement;ouverte;DIRMED-25-005;;;False;True;False;False;;7172.0;Service déconcentré de l'État à compétence (inter) départementale ;500  à  999;<NA>;2006-01-01;84.13Z;2008;5710.0;SAS, société par actions simplifiée;50  à  99;<NA>;<NA>;2008;M;71;71.1;71.12;71.12B;1982-03-09;(48.746974, 2.28253);Verrières-le-Buisson;Essonne;Île-de-France;(43.303663, 5.377602);Marseille;Bouches-du-Rhône;Provence-Alpes-Côte d'Azur;;;;;;;;
False;;;True;False;False;attribue;{'StreetName': '2 rue de la Condamine ZI Mayencin', 'AdditionalStreetName': None, 'CityName': 'GIERES', 'PostalZone': '38610', 'Country': 'FRA'};321501231;True;SOCIETE ALPINE DE GEOTECHNIQUE;SOCIETE ALPINE DE GEOTECHNIQUE;2026-09-16;{'StreetName': '16 RUE ANTOINE ZATTARA', 'AdditionalStreetName': None, 'CityName': 'MARSEILLE', 'PostalZone': '13003', 'Country': 'FRA'};130001761;True;DIRECTION INTERDEPARTEMENTALE DES ROUTES MEDITERRANEE;DIRMED;;;services;['valeur technique', 'prix des prestations'];['technique', 'prix'];[60.0, 40.0];1440.0;True;;False;{'StreetName': None, 'CityName': None, 'PostalZone': None, 'NUTS': 'FRL01', 'Country': 'FRA'};sans remise en concurrence;;26-89043;;1536000.0;;LOT-0001;71241000;1536000.0;1;4;;RN 85 – Fontaine de la Forge PR 65+700 – Surveillance du glissement;ouverte;DIRMED-25-019;;;;True;False;False;1536000.0;7172.0;Service déconcentré de l'État à compétence (inter) départementale ;500  à  999;<NA>;2006-01-01;84.13Z;2008;5710.0;SAS, société par actions simplifiée;50  à  99;False;<NA>;2008;M;71;71.1;71.12;71.12B;1981-04-06;(45.187756, 5.777603);Gières;Isère;Auvergne-Rhône-Alpes;(43.303663, 5.377602);Marseille;Bouches-du-Rhône;Provence-Alpes-Côte d'Azur;;;;;;;;
False;['90500000'];;True;False;False;attribue;{'StreetName': 'ZA du Pont Cailloux', 'AdditionalStreetName': 'Route des Nourrices', 'CityName': 'THIVERVAL-GRIGNON', 'PostalZone': '78850', 'Country': 'FRA'};350050589;True;SEPUR;SEPUR;2026-09-16;{'StreetName': '1 bis, rue la Paix', 'AdditionalStreetName': None, 'CityName': 'Gennevilliers', 'PostalZone': '92230', 'Country': 'FRA'};200057990;True;BOUCLE NORD DE SEINE;EPT BOUCLE NORD DE SEINE;;;services;;;;2430.0;True;0.0;False;{'StreetName': None, 'CityName': 'Hauts-de-Seine', 'PostalZone': None, 'NUTS': 'FR105', 'Country': 'FRA'};sans remise en concurrence;;26-88874;;12000000.0;12000000.0;LOT-0001;90511000;12000000.0;1;2;;Réalisation des prestations de collecte des déchets ménagers et assimilés en porte-à-porte sur la commune de Bois-Colombes.;ouverte;EP2560-L2;;;;True;False;False;12000000.0;7345.0;Syndicat intercommunal à vocation multiple (SIVOM) ;50  à  99;<NA>;2016-01-01;84.11Z;2008;5710.0;SAS, société par actions simplifiée;2 000  à  4 999;False;<NA>;2008;E;38;38.1;38.11;38.11Z;1988-12-20;(48.834402, 1.9318);Thiverval-Grignon;Yvelines;Île-de-France;(48.934439, 2.297124);Gennevilliers;Hauts-de-Seine;Île-de-France;;;;;;;;
False;;;True;True;False;attribue;{'StreetName': 'Le Domaine de Saint-Jean – 2 rue du moulin de Saint-Jean', 'AdditionalStreetName': None, 'CityName': 'THIZY', 'PostalZone': '89420', 'Country': 'FRA'};510543648;True;ANIM' PASSION NATURE;ANIM PASSION NATURE;2026-09-16;{'StreetName': '62, rue du Général Leclerc', 'AdditionalStreetName': None, 'CityName': 'Issy-les-Moulineaux', 'PostalZone': '92130', 'Country': 'FRA'};219200409;True;COMMUNE D ISSY LES MOULINEAUX;Commune d'Issy-les-Moulineaux;;;services;['Qualité du centre d’accueil', 'Prix unitaires', 'Qualité du programme du séjour'];['qualite', 'prix', 'qualite'];[40.0, 35.0, 25.0];1080.0;False;;False;{'StreetName': None, 'CityName': None, 'PostalZone': None, 'NUTS': None, 'Country': None};;;26-88971;;180000.0;;LOT-0001;55240000;;10;3;;Organisation de classes environnement pour la Ville d'Issy-les-Moulineaux;ouverte;2600016;;;;False;False;False;1010000.0;7210.0;Commune et commune nouvelle ;1 000  à  1 999;False;1980-01-01;84.11Z;2008;5499.0;Société à responsabilité limitée (sans autre indication);1  ou  2;False;<NA>;2008;I;55;55.2;55.2;55.20Z;2009-03-01;(47.562289, 4.060893);Thizy;Yonne;Bourgogne-Franche-Comté;(48.824403, 2.273842);Issy-les-Moulineaux;Hauts-de-Seine;Île-de-France;;;;;;;;
False;;;True;True;False;attribue;{'StreetName': '17 Avenue Arblade', 'AdditionalStreetName': None, 'CityName': 'Malakoff', 'PostalZone': '92240', 'Country': 'FRA'};399312594;True;VELS;VELS;2026-09-16;{'StreetName': '62, rue du Général Leclerc', 'AdditionalStreetName': None, 'CityName': 'Issy-les-Moulineaux', 'PostalZone': '92130', 'Country': 'FRA'};219200409;True;COMMUNE D ISSY LES MOULINEAUX;Commune d'Issy-les-Moulineaux;;;services;['mêmes critères que pour le lot 1'];['qualite'];[100.0];1080.0;False;;False;{'StreetName': None, 'CityName': None, 'PostalZone': None, 'NUTS': None, 'Country': None};;;26-88971;;165000.0;;LOT-0002;55240000;;10;1;;Organisation de classes environnement pour la Ville d'Issy-les-Moulineaux;ouverte;2600016;;;;False;False;False;1010000.0;7210.0;Commune et commune nouvelle ;1 000  à  1 999;False;1980-01-01;84.11Z;2008;5710.0;SAS, société par actions simplifiée;3  à  5;False;<NA>;2008;N;79;79.1;79.11;79.11Z;1994-11-15;(48.817729, 2.291334);Malakoff;Hauts-de-Seine;Île-de-France;(48.824403, 2.273842);Issy-les-Moulineaux;Hauts-de-Seine;Île-de-France;;;;;;;;
False;;;True;True;False;attribue;{'StreetName': 'Le Domaine de Saint-Jean – 2 rue du moulin de Saint-Jean', 'AdditionalStreetName': None, 'CityName': 'THIZY', 'PostalZone': '89420', 'Country': 'FRA'};510543648;True;ANIM' PASSION NATURE;ANIM PASSION NATURE;2026-09-16;{'StreetName': '62, rue du Général Leclerc', 'AdditionalStreetName': None, 'CityName': 'Issy-les-Moulineaux', 'PostalZone': '92130', 'Country': 'FRA'};219200409;True;COMMUNE D ISSY LES MOULINEAUX;Commune d'Issy-les-Moulineaux;;;services;['Mêmes critères que pour le lot 1'];['qualite'];[100.0];1080.0;False;;False;{'StreetName': None, 'CityName': None, 'PostalZone': None, 'NUTS': None, 'Country': None};;;26-88971;;135000.0;;LOT-0003;55240000;;10;4;;Organisation de classes environnement pour la Ville d'Issy-les-Moulineaux;ouverte;2600016;;;;False;False;False;1010000.0;7210.0;Commune et commune nouvelle ;1 000  à  1 999;False;1980-01-01;84.11Z;2008;5499.0;Société à responsabilité limitée (sans autre indication);1  ou  2;False;<NA>;2008;I;55;55.2;55.2;55.20Z;2009-03-01;(47.562289, 4.060893);Thizy;Yonne;Bourgogne-Franche-Comté;(48.824403, 2.273842);Issy-les-Moulineaux;Hauts-de-Seine;Île-de-France;;;;;;;;
False;;;True;True;False;attribue;{'StreetName': '21-37 rue de Stalingrad', 'AdditionalStreetName': None, 'CityName': 'ARCUEIL', 'PostalZone': '94110', 'Country': 'FRA'};775682040;True;UCPA SPORT VACANCES;UCPA;2026-09-16;{'StreetName': '62, rue du Général Leclerc', 'AdditionalStreetName': None, 'CityName': 'Issy-les-Moulineaux', 'PostalZone': '92130', 'Country': 'FRA'};219200409;True;COMMUNE D ISSY LES MOULINEAUX;Commune d'Issy-les-Moulineaux;;;services;['Mêmes critères que pour le lot 1'];['qualite'];[100.0];1080.0;False;;False;{'StreetName': None, 'CityName': None, 'PostalZone': None, 'NUTS': None, 'Country': None};;;26-88971;;120000.0;;LOT-0004;55240000;;10;1;;Organisation de classes environnement pour la Ville d'Issy-les-Moulineaux;ouverte;2600016;;;;False;False;False;1010000.0;7210.0;Commune et commune nouvelle ;1 000  à  1 999;False;1980-01-01;84.11Z;2008;9220.0;Association déclarée ;1 000  à  1 999;True;<NA>;2008;R;93;93.1;93.19;93.19Z;1900-01-01;(48.80886, 2.337229);Arcueil;Val-de-Marne;Île-de-France;(48.824403, 2.273842);Issy-les-Moulineaux;Hauts-de-Seine;Île-de-France;;;;;;;;
False;;;True;True;False;attribue;{'StreetName': 'Le Domaine de Saint-Jean – 2 rue du moulin de Saint-Jean', 'AdditionalStreetName': None, 'CityName': 'THIZY', 'PostalZone': '89420', 'Country': 'FRA'};510543648;True;ANIM' PASSION NATURE;ANIM PASSION NATURE;2026-09-16;{'StreetName': '62, rue du Général Leclerc', 'AdditionalStreetName': None, 'CityName': 'Issy-les-Moulineaux', 'PostalZone': '92130', 'Country': 'FRA'};219200409;True;COMMUNE D ISSY LES MOULINEAUX;Commune d'Issy-les-Moulineaux;;;services;['Mêmes critères que pour le lot 1'];['qualite'];[100.0];1080.0;False;;False;{'StreetName': None, 'CityName': None, 'PostalZone': None, 'NUTS': None, 'Country': None};;;26-88971;;105000.0;;LOT-0005;55240000;;10;2;;Organisation de classes environnement pour la Ville d'Issy-les-Moulineaux;ouverte;2600016;;;;False;False;False;1010000.0;7210.0;Commune et commune nouvelle ;1 000  à  1 999;False;1980-01-01;84.11Z;2008;5499.0;Société à responsabilité limitée (sans autre indication);1  ou  2;False;<NA>;2008;I;55;55.2;55.2;55.20Z;2009-03-01;(47.562289, 4.060893);Thizy;Yonne;Bourgogne-Franche-Comté;(48.824403, 2.273842);Issy-les-Moulineaux;Hauts-de-Seine;Île-de-France;;;;;;;;
False;;;True;True;False;attribue;{'StreetName': 'Le Domaine de Saint-Jean – 2 rue du moulin de Saint-Jean', 'AdditionalStreetName': None, 'CityName': 'THIZY', 'PostalZone': '89420', 'Country': 'FRA'};510543648;True;ANIM' PASSION NATURE;ANIM PASSION NATURE;2026-09-16;{'StreetName': '62, rue du Général Leclerc', 'AdditionalStreetName': None, 'CityName': 'Issy-les-Moulineaux', 'PostalZone': '92130', 'Country': 'FRA'};219200409;True;COMMUNE D ISSY LES MOULINEAUX;Commune d'Issy-les-Moulineaux;;;services;['les critères sont les mêmes que le lot 1'];['qualite'];[100.0];1080.0;False;;False;{'StreetName': None, 'CityName': None, 'PostalZone': None, 'NUTS': None, 'Country': None};;;26-88971;;105000.0;;LOT-0006;55240000;;10;2;;Organisation de classes environnement pour la Ville d'Issy-les-Moulineaux;ouverte;2600016;;;;False;False;False;1010000.0;7210.0;Commune et commune nouvelle ;1 000  à  1 999;False;1980-01-01;84.11Z;2008;5499.0;Société à responsabilité limitée (sans autre indication);1  ou  2;False;<NA>;2008;I;55;55.2;55.2;55.20Z;2009-03-01;(47.562289, 4.060893);Thizy;Yonne;Bourgogne-Franche-Comté;(48.824403, 2.273842);Issy-les-Moulineaux;Hauts-de-Seine;Île-de-France;;;;;;;;
False;;;True;True;False;attribue;{'StreetName': '17 Avenue Arblade', 'AdditionalStreetName': None, 'CityName': 'Malakoff', 'PostalZone': '92240', 'Country': 'FRA'};399312594;True;VELS;VELS;2026-09-16;{'StreetName': '62, rue du Général Leclerc', 'AdditionalStreetName': None, 'CityName': 'Issy-les-Moulineaux', 'PostalZone': '92130', 'Country': 'FRA'};219200409;True;COMMUNE D ISSY LES MOULINEAUX;Commune d'Issy-les-Moulineaux;;;services;['Les critères sont les mêmes que pour le lot 1'];['qualite'];[100.0];360.0;False;;False;{'StreetName': None, 'CityName': None, 'PostalZone': None, 'NUTS': None, 'Country': None};;;26-88971;;60000.0;;LOT-0007;55240000;;10;1;;Organisation de classes environnement pour la Ville d'Issy-les-Moulineaux;ouverte;2600016;;;;False;False;False;1010000.0;7210.0;Commune et commune nouvelle ;1 000  à  1 999;False;1980-01-01;84.11Z;2008;5710.0;SAS, société par actions simplifiée;3  à  5;False;<NA>;2008;N;79;79.1;79.11;79.11Z;1994-11-15;(48.817729, 2.291334);Malakoff;Hauts-de-Seine;Île-de-France;(48.824403, 2.273842);Issy-les-Moulineaux;Hauts-de-Seine;Île-de-France;;;;;;;;
False;;;True;True;False;attribue;{'StreetName': '17 Avenue Arblade', 'AdditionalStreetName': None, 'CityName': 'Malakoff', 'PostalZone': '92240', 'Country': 'FRA'};399312594;True;VELS;VELS;2026-09-16;{'StreetName': '62, rue du Général Leclerc', 'AdditionalStreetName': None, 'CityName': 'Issy-les-Moulineaux', 'PostalZone': '92130', 'Country': 'FRA'};219200409;True;COMMUNE D ISSY LES MOULINEAUX;Commune d'Issy-les-Moulineaux;;;services;['Les critères sont les mêmes que pour le lot 1'];['qualite'];[100.0];360.0;False;;False;{'StreetName': None, 'CityName': None, 'PostalZone': None, 'NUTS': None, 'Country': None};;;26-88971;;55000.0;;LOT-0008;55240000;;10;1;;Organisation de classes environnement pour la Ville d'Issy-les-Moulineaux;ouverte;2600016;;;;False;False;False;1010000.0;7210.0;Commune et commune nouvelle ;1 000  à  1 999;False;1980-01-01;84.11Z;2008;5710.0;SAS, société par actions simplifiée;3  à  5;False;<NA>;2008;N;79;79.1;79.11;79.11Z;1994-11-15;(48.817729, 2.291334);Malakoff;Hauts-de-Seine;Île-de-France;(48.824403, 2.273842);Issy-les-Moulineaux;Hauts-de-Seine;Île-de-France;;;;;;;;
False;;;True;True;False;attribue;{'StreetName': 'Le Domaine de Saint-Jean – 2 rue du moulin de Saint-Jean', 'AdditionalStreetName': None, 'CityName': 'THIZY', 'PostalZone': '89420', 'Country': 'FRA'};510543648;True;ANIM' PASSION NATURE;ANIM PASSION NATURE;2026-09-16;{'StreetName': '62, rue du Général Leclerc', 'AdditionalStreetName': None, 'CityName': 'Issy-les-Moulineaux', 'PostalZone': '92130', 'Country': 'FRA'};219200409;True;COMMUNE D ISSY LES MOULINEAUX;Commune d'Issy-les-Moulineaux;;;services;['Les critères sont les mêmes que pour le lot 1'];['qualite'];[100.0];360.0;False;;False;{'StreetName': None, 'CityName': None, 'PostalZone': None, 'NUTS': None, 'Country': None};;;26-88971;;45000.0;;LOT-0009;55240000;;10;4;;Organisation de classes environnement pour la Ville d'Issy-les-Moulineaux;ouverte;2600016;;;;False;False;False;1010000.0;7210.0;Commune et commune nouvelle ;1 000  à  1 999;False;1980-01-01;84.11Z;2008;5499.0;Société à responsabilité limitée (sans autre indication);1  ou  2;False;<NA>;2008;I;55;55.2;55.2;55.20Z;2009-03-01;(47.562289, 4.060893);Thizy;Yonne;Bourgogne-Franche-Comté;(48.824403, 2.273842);Issy-les-Moulineaux;Hauts-de-Seine;Île-de-France;;;;;;;;
False;;;True;True;False;attribue;{'StreetName': '21-37 rue de Stalingrad', 'AdditionalStreetName': None, 'CityName': 'ARCUEIL', 'PostalZone': '94110', 'Country': 'FRA'};775682040;True;UCPA SPORT VACANCES;UCPA;2026-09-16;{'StreetName': '62, rue du Général Leclerc', 'AdditionalStreetName': None, 'CityName': 'Issy-les-Moulineaux', 'PostalZone': '92130', 'Country': 'FRA'};219200409;True;COMMUNE D ISSY LES MOULINEAUX;Commune d'Issy-les-Moulineaux;;;services;['Les critères sont les mêmes que pour le lot 1'];['qualite'];[100.0];360.0;False;;False;{'StreetName': None, 'CityName': None, 'PostalZone': None, 'NUTS': None, 'Country': None};;;26-88971;;40000.0;;LOT-0010;55240000;;10;1;;Organisation de classes environnement pour la Ville d'Issy-les-Moulineaux;ouverte;2600016;;;;False;False;False;1010000.0;7210.0;Commune et commune nouvelle ;1 000  à  1 999;False;1980-01-01;84.11Z;2008;9220.0;Association déclarée ;1 000  à  1 999;True;<NA>;2008;R;93;93.1;93.19;93.19Z;1900-01-01;(48.80886, 2.337229);Arcueil;Val-de-Marne;Île-de-France;(48.824403, 2.273842);Issy-les-Moulineaux;Hauts-de-Seine;Île-de-France;;;;;;;;
False;;;True;True;False;attribue;;;False;;;2026-09-16;{'StreetName': None, 'AdditionalStreetName': None, 'CityName': '1 Place du 27 mars 2002', 'PostalZone': '92000', 'Country': 'FRA'};219200508;True;COMMUNE DE NANTERRE;Commune de Nanterre;;2026-08-17+01:00;services;['Critère 1 : le prix des prestations apprécié en fonction du montant total indiqué dans le Détail Quantitatif Estimatif (DQE) noté sur 50 points', 'Critère 2 : Valeur technique (noté sur 40 points)\nSous-critère 1 : Moyens techniques (15 points)\nSous-critère 2 : Moyens humains (15 points)\nSous-critère 3 : méthodologie pour assurer la bonne exécution des prestations (10 points)', 'Critère 3 : Performance environnementale - mesures prises par la société en matière de protection environnementale apprécié sur la base du mémoire technique (noté sur 10 points)'];['technique', 'social', 'environnemental & social'];[50.0, 40.0, 10.0];360.0;True;;False;{'StreetName': None, 'CityName': None, 'PostalZone': None, 'NUTS': 'FR105', 'Country': 'FRA'};;;26-89033;;735028.69;;LOT-0001;60172000;;2;4;;Location d’autocars avec chauffeurs;ouverte;AOO-29-2026;;;;False;False;False;5880000.0;7210.0;Commune et commune nouvelle ;2 000  à  4 999;False;1966-05-01;84.11Z;2008;;;;;;<NA>;;;;;<NA>;<NA>;;;;;;Nanterre;Hauts-de-Seine;Île-de-France;;;;;;;;
False;;;True;True;False;attribue;;;False;;;2026-09-16;{'StreetName': None, 'AdditionalStreetName': None, 'CityName': '1 Place du 27 mars 2002', 'PostalZone': '92000', 'Country': 'FRA'};219200508;True;COMMUNE DE NANTERRE;Commune de Nanterre;;2026-08-17+01:00;services;['Critère 1 : le prix des prestations apprécié en fonction du montant total indiqué dans le Détail Quantitatif Estimatif (DQE) noté sur 50 points', 'Critère 2 : Valeur technique (noté sur 40 points)\nSous-critère 1 : Moyens techniques (15 points)\nSous-critère 2 : Moyens humains (15 points)\nSous-critère 3 : méthodologie pour assurer la bonne exécution des prestations (10 points)', 'Critère 3 : Performance environnementale - mesures prises par la société en matière de protection environnementale apprécié sur la base du mémoire technique (noté sur 10 points)'];['technique', 'social', 'environnemental & social'];;360.0;True;;False;{'StreetName': 'commune de nanterre', 'CityName': 'Nanterre', 'PostalZone': '92000', 'NUTS': 'FR105', 'Country': 'FRA'};;;26-89033;;71905.65;;LOT-0002;60172000;;2;4;;Location d’autocars avec chauffeurs;ouverte;AOO-29-2026;3.0;;;False;False;False;5880000.0;7210.0;Commune et commune nouvelle ;2 000  à  4 999;False;1966-05-01;84.11Z;2008;;;;;;<NA>;;;;;<NA>;<NA>;;;;;;Nanterre;Hauts-de-Seine;Île-de-France;;;;;;;;
False;;;True;True;False;attribue;{'StreetName': None, 'AdditionalStreetName': None, 'CityName': 'Roissy-en-France', 'PostalZone': '95700', 'Country': 'FRA'};529975674;True;DUSHOW;DUSHOW;2026-09-16;{'StreetName': '96, avenue Achille Peretti', 'AdditionalStreetName': None, 'CityName': 'Neuilly-sur-Seine', 'PostalZone': '92522', 'Country': 'FRA'};219200516;True;COMMUNE DE NEUILLY SUR SEINE;Ville de Neuilly-sur-Seine;;2026-09-11+02:00;fournitures;['Prix', 'Valeur Technique', 'Performance environnementale'];['prix', 'technique', 'environnemental'];[50.0, 45.0, 5.0];360.0;False;;False;{'StreetName': None, 'CityName': 'Neuilly-sur-Seine', 'PostalZone': '92200', 'NUTS': 'FR105', 'Country': 'FRA'};;;26-89263;;61391.0;;LOT-0001;32342410;;3;1;;Fourniture d'équipements de son et vidéo pour la grande salle du Théâtre des Sablons de Neuilly-sur-Seine (3 lots);ouverte;2026-028;;;;False;False;False;85835.0;7210.0;Commune et commune nouvelle ;1 000  à  1 999;False;1980-01-01;84.11Z;2008;5710.0;SAS, société par actions simplifiée;250  à  499;False;<NA>;2008;R;90;90.0;90.02;90.02Z;2011-01-31;;Roissy-en-France;Val-d'Oise;Île-de-France;(48.884743, 2.26941);Neuilly-sur-Seine;Hauts-de-Seine;Île-de-France;;;;;;;;
False;;;True;True;False;attribue;{'StreetName': None, 'AdditionalStreetName': None, 'CityName': 'Villeneuve-Le-Roi', 'PostalZone': '94290', 'Country': 'FRA'};790664718;True;MIKAEL ATTALI AUDIOVISUEL;M2A;2026-09-16;{'StreetName': '96, avenue Achille Peretti', 'AdditionalStreetName': None, 'CityName': 'Neuilly-sur-Seine', 'PostalZone': '92522', 'Country': 'FRA'};219200516;True;COMMUNE DE NEUILLY SUR SEINE;Ville de Neuilly-sur-Seine;;2026-09-15+02:00;fournitures;['Prix', 'Valeur technique', 'Performance environnementale'];['prix', 'technique', 'environnemental'];[50.0, 45.0, 5.0];360.0;False;;False;{'StreetName': None, 'CityName': 'Neuilly-sur-Seine', 'PostalZone': '92200', 'NUTS': 'FR105', 'Country': 'FRA'};;;26-89263;;11279.0;;LOT-0002;32342410;;3;2;;Fourniture d'équipements de son et vidéo pour la grande salle du Théâtre des Sablons de Neuilly-sur-Seine (3 lots);ouverte;2026-028;;;;False;False;False;85835.0;7210.0;Commune et commune nouvelle ;1 000  à  1 999;False;1980-01-01;84.11Z;2008;5499.0;Société à responsabilité limitée (sans autre indication);;<NA>;<NA>;2008;M;70;70.2;70.22;70.22Z;2013-01-14;;Villeneuve-le-Roi;Val-de-Marne;Île-de-France;(48.884743, 2.26941);Neuilly-sur-Seine;Hauts-de-Seine;Île-de-France;;;;;;;;
False;;;True;True;False;attribue;{'StreetName': None, 'AdditionalStreetName': None, 'CityName': 'Villeneuve-Le-Roi', 'PostalZone': '94290', 'Country': 'FRA'};790664718;True;MIKAEL ATTALI AUDIOVISUEL;M2A;2026-09-16;{'StreetName': '96, avenue Achille Peretti', 'AdditionalStreetName': None, 'CityName': 'Neuilly-sur-Seine', 'PostalZone': '92522', 'Country': 'FRA'};219200516;True;COMMUNE DE NEUILLY SUR SEINE;Ville de Neuilly-sur-Seine;;2026-09-15+02:00;fournitures;['Prix', 'Valeur technique', 'Performance environnementale'];['prix', 'technique', 'environnemental'];[50.0, 45.0, 5.0];360.0;False;;False;{'StreetName': None, 'CityName': 'Neuilly-sur-Seine', 'PostalZone': '92200', 'NUTS': 'FR105', 'Country': 'FRA'};;;26-89263;;13165.0;;LOT-0003;32323300;;3;2;;Fourniture d'équipements de son et vidéo pour la grande salle du Théâtre des Sablons de Neuilly-sur-Seine (3 lots);ouverte;2026-028;;;;False;False;False;85835.0;7210.0;Commune et commune nouvelle ;1 000  à  1 999;False;1980-01-01;84.11Z;2008;5499.0;Société à responsabilité limitée (sans autre indication);;<NA>;<NA>;2008;M;70;70.2;70.22;70.22Z;2013-01-14;;Villeneuve-le-Roi;Val-de-Marne;Île-de-France;(48.884743, 2.26941);Neuilly-sur-Seine;Hauts-de-Seine;Île-de-France;;;;;;;;
False;;;True;True;False;attribue;{'StreetName': '3 Boulevard Romain ROLLAND', 'AdditionalStreetName': None, 'CityName': 'Paris', 'PostalZone': '75014', 'Country': 'FRA'};383960135;True;CHRONOPOST;CHRONOPOST;2026-09-16;{'StreetName': '83 BOULEVARD MARIUS VIVIER MERLE', 'AdditionalStreetName': None, 'CityName': 'LYON', 'PostalZone': '69003', 'Country': 'FRA'};130002223;True;GROUPEMENT COOPERATION SANITAIRE - UNION DES HOPITAUX POUR LES ACHATS;UNIHA-GCS;;;services;['Prix : 34 %'];['prix'];[100];1440.0;True;15315677.0;False;{'StreetName': None, 'CityName': 'L’exécution des prestations aura lieu sur l’ensemble du territoire national, y compris DROM-COM, sur les sites de chaque établissement bénéficiaire de l’accord-cadre. \n\nLe lieu d’exécution sera précisé sur chaque bon de commande.', 'PostalZone': None, 'NUTS': 'FRK26', 'Country': 'FRA'};sans remise en concurrence;;26-89048;;;10726628.0;LOT-0001;60161000;46184256.0;4;9;;Transports express nationaux et internationaux de colis secs et à température dirigée et contrôlée, fourniture de consommables et prestations associées.;ouverte;M_3203;;;;False;False;False;;7470.0;Groupement de coopération sanitaire à gestion publique ;100  à  199;<NA>;2005-12-15;84.13Z;2008;5710.0;SAS, société par actions simplifiée;5 000  à  9 999;False;False;2008;H;53;53.2;53.2;53.20Z;1991-12-30;(48.819374, 2.343148);Paris;Paris;Île-de-France;(45.755148, 4.859335);Lyon;Rhône;Auvergne-Rhône-Alpes;;;;;;;;
False;;;True;True;False;attribue;{'StreetName': '17 rue de la Belle Borne Zone C', 'AdditionalStreetName': None, 'CityName': 'TREMBLAY EN FRANCE', 'PostalZone': '93290', 'Country': 'FRA'};903505725;True;BIOCAIR FRANCE SAS;BIOCAIR FRANCE;2026-09-16;{'StreetName': '83 BOULEVARD MARIUS VIVIER MERLE', 'AdditionalStreetName': None, 'CityName': 'LYON', 'PostalZone': '69003', 'Country': 'FRA'};130002223;True;GROUPEMENT COOPERATION SANITAIRE - UNION DES HOPITAUX POUR LES ACHATS;UNIHA-GCS;;;services;['Prix : 34 %'];['prix'];[100];1440.0;True;15315677.0;False;{'StreetName': None, 'CityName': 'L’exécution des prestations aura lieu sur l’ensemble du territoire national, y compris DROM-COM, sur les sites de chaque établissement bénéficiaire de l’accord-cadre. \n\nLe lieu d’exécution sera précisé sur chaque bon de commande.', 'PostalZone': None, 'NUTS': 'FRK26', 'Country': 'FRA'};sans remise en concurrence;;26-89048;;;2941323.0;LOT-0002;60161000;46184256.0;4;9;;Transports express nationaux et internationaux de colis secs et à température dirigée et contrôlée, fourniture de consommables et prestations associées.;ouverte;M_3203;;;;False;False;False;;7470.0;Groupement de coopération sanitaire à gestion publique ;100  à  199;<NA>;2005-12-15;84.13Z;2008;5710.0;SAS, société par actions simplifiée;6  à  9;False;<NA>;2008;H;52;52.2;52.29;52.29B;2021-09-15;;;;;(45.755148, 4.859335);Lyon;Rhône;Auvergne-Rhône-Alpes;;;;;;;;
False;;;True;True;False;attribue;{'StreetName': '58 avenue LECLERC', 'AdditionalStreetName': None, 'CityName': 'LYON', 'PostalZone': '69007', 'Country': 'FRA'};973505357;False;FEDEX EXPRESS FR;FEDEX EXPRESS;2026-09-16;{'StreetName': '83 BOULEVARD MARIUS VIVIER MERLE', 'AdditionalStreetName': None, 'CityName': 'LYON', 'PostalZone': '69003', 'Country': 'FRA'};130002223;True;GROUPEMENT COOPERATION SANITAIRE - UNION DES HOPITAUX POUR LES ACHATS;UNIHA-GCS;;;services;['Prix : 34 %'];['prix'];[100];1440.0;True;15315677.0;False;{'StreetName': None, 'CityName': 'L’exécution des prestations aura lieu sur l’ensemble du territoire national, y compris DROM-COM, sur les sites de chaque établissement bénéficiaire de l’accord-cadre. \n\nLe lieu d’exécution sera précisé sur chaque bon de commande.', 'PostalZone': None, 'NUTS': 'FRK26', 'Country': 'FRA'};sans remise en concurrence;;26-89048;;;1528907.0;LOT-0003;60161000;46184256.0;4;9;;Transports express nationaux et internationaux de colis secs et à température dirigée et contrôlée, fourniture de consommables et prestations associées.;ouverte;M_3203;;;;False;False;False;;7470.0;Groupement de coopération sanitaire à gestion publique ;100  à  199;<NA>;2005-12-15;84.13Z;2008;5710.0;SAS, société par actions simplifiée;5 000  à  9 999;False;False;2008;H;52;52.2;52.29;52.29A;1973-01-01;(45.7338, 4.823587);Lyon;Rhône;Auvergne-Rhône-Alpes;(45.755148, 4.859335);Lyon;Rhône;Auvergne-Rhône-Alpes;;;;;;;;
False;;;True;True;False;attribue;{'StreetName': '3 Boulevard Romain ROLLAND', 'AdditionalStreetName': None, 'CityName': 'Paris', 'PostalZone': '75014', 'Country': 'FRA'};383960135;True;CHRONOPOST;CHRONOPOST;2026-09-16;{'StreetName': '83 BOULEVARD MARIUS VIVIER MERLE', 'AdditionalStreetName': None, 'CityName': 'LYON', 'PostalZone': '69003', 'Country': 'FRA'};130002223;True;GROUPEMENT COOPERATION SANITAIRE - UNION DES HOPITAUX POUR LES ACHATS;UNIHA-GCS;;;services;['Prix : 34 %'];['prix'];[100];1440.0;True;15315677.0;False;{'StreetName': None, 'CityName': 'L’exécution des prestations aura lieu sur l’ensemble du territoire national, y compris DROM-COM, sur les sites de chaque établissement bénéficiaire de l’accord-cadre. \n\nLe lieu d’exécution sera précisé sur chaque bon de commande.', 'PostalZone': None, 'NUTS': 'FRK26', 'Country': 'FRA'};sans remise en concurrence;;26-89048;;;118819.0;LOT-0004;60161000;46184256.0;4;9;;Transports express nationaux et internationaux de colis secs et à température dirigée et contrôlée, fourniture de consommables et prestations associées.;ouverte;M_3203;;;;False;False;False;;7470.0;Groupement de coopération sanitaire à gestion publique ;100  à  199;<NA>;2005-12-15;84.13Z;2008;5710.0;SAS, société par actions simplifiée;5 000  à  9 999;False;False;2008;H;53;53.2;53.2;53.20Z;1991-12-30;(48.819374, 2.343148);Paris;Paris;Île-de-France;(45.755148, 4.859335);Lyon;Rhône;Auvergne-Rhône-Alpes;;;;;;;;
False;;;True;False;False;attribue;;;False;;;2026-09-16;{'StreetName': '3 quai des Célestins', 'AdditionalStreetName': None, 'CityName': 'LYON', 'PostalZone': '69002', 'Country': 'FRA'};266900273;True;HOSPICES CIVILS DE LYON;CHU Lyon;;;travaux;"['Prix : 60 % - le prix a été évalué à partir du montant global de la proposition figurant dans la DPGF, après élimination des éventuelles offres anormalement basses.', ""Valeur technique : 40 % - La valeur technique a été évaluée en fonction de la qualité et de la pertinence du mémoire technique et notée selon les critères suivants, affectés des pondérations précisées ci-après :\nITEM 1 - moyens humains affectés au chantier (conducteur de travaux pressenti + suppléant, chefs de chantier, compagnons, bureaux d'études, sous-traitance…), matériels affectés au chantier, respect des référentiels HCL - 8% - ITEM 2 - Organisation retenue, phase par phase, pour l'installation de chantier, la réalisation de l'ouverture en façade du mur rideau, le cheminement des compagnons, l'approvisionnement des matériels / matériaux, les livraisons, les stockages, les moyens de levage, la coordination des travaux dans le hall - 12% - ITEM 3 - capacité à maintenir l'activité hospitalière, phase par phase, pour maintenir l'activité hospitalière environnante (salles d'endoscopie 19 et 20, salle de réveil, et la zone d'impact des locaux onduleurs) en limitant les nuisances (bruit, confinements, risque aspergillaire, coupures de fluides, planification des tâches sensibles, optimisation des délais...) - 12%\nITEM 4 - Qualité des matériels et des fournitures proposées - 8%""]";['prix', 'social'];[60.0, 40.0];300.0;False;;False;{'StreetName': 'Hôpital de la Croix-Rousse\n103 Grande-Rue de la Croix-Rousse', 'CityName': 'LYON', 'PostalZone': '69004', 'NUTS': 'FRK26', 'Country': 'FRA'};;;26-89201;;1125000.0;;LOT-0001;45454100;;1;3;;Groupement Hospitalier Nord - Hôpital de la Croix-Rousse - Remplacement des salles d'imagerie interventionnelle 17 et 18 – opération n° 240262;ouverte;240262_BK;;;;False;False;False;1125000.0;7364.0;Établissement d'hospitalisation ;10 000  et plus ;False;1974-03-01;86.10Z;2008;;;;;;<NA>;;;;;<NA>;<NA>;;;;;(45.760912, 4.831493);Lyon;Rhône;Auvergne-Rhône-Alpes;;;;;;;;
False;['71240000', '79311000'];;True;False;False;attribue;{'StreetName': '75 Rue De La Fontaine Au Roi', 'AdditionalStreetName': None, 'CityName': 'Paris 11', 'PostalZone': '75011', 'Country': 'FRA'};531347813;False;WRA - ITHAQUES - MAARU;WRA ITHAQUES MAARU;2026-09-16;{'StreetName': 'Hôtel du Département', 'AdditionalStreetName': '3 esplanade Jean Moulin', 'CityName': 'Bobigny', 'PostalZone': '93000', 'Country': 'FRA'};229300082;False;DEPARTEMENT DE LA SEINE SAINT DENIS;Département de la Seine-Saint-Denis;;2026-07-15+02:00;services;"[""Valeur technique de l'offre"", 'Valeur environnementale', 'Prix']";['technique', 'environnemental', 'prix'];[50.0, 20.0, 30.0];1650.0;False;;False;;;;26-89062;;1405247.87;;LOT-0000;71200000;;1;5;;Marché de maitrise d'oeuvre pour la restructuration partielle et la rénovation énergétique du collège Jorissen à Drancy;restreinte;2025930092;;;;False;False;False;1405247.87;7220.0;Département ;5 000  à  9 999;False;1982-01-01;84.11Z;2008;5710.0;SAS, société par actions simplifiée;10  à  19;False;<NA>;2008;M;71;71.1;71.11;71.11Z;2011-03-07;(48.868808, 2.37599);Paris;Paris;Île-de-France;(48.905808, 2.451704);Bobigny;Seine-Saint-Denis;Île-de-France;;;;;;;;
False;;;True;False;False;attribue;;;False;;;2026-09-16;{'StreetName': '155 avenue des arènes romaines', 'AdditionalStreetName': None, 'CityName': 'Toulouse', 'PostalZone': '31300', 'Country': 'FRA'};130001670;True;DIRECTION INTERDEPARTEMENTALE DES ROUTES SUD-OUEST;Direction Interdépartementale des Routes du Sud-Ouest;;;travaux;['Prix des prestations'];['prix'];[100];1050.0;True;;False;{'StreetName': None, 'CityName': None, 'PostalZone': None, 'NUTS': 'FRJ15', 'Country': 'FRA'};;;26-88918;;11199555.86;;LOT-0001;45233140;;1;2;;RN22-66 – Section la Croisade – Envalira Opération de sécurisation et d’amélioration de la section routière de la RN22 Section la Croisade - PR2;ouverte;25-037-DIR;;;;True;False;False;11199555.86;7172.0;Service déconcentré de l'État à compétence (inter) départementale ;250  à  499;False;2006-01-01;84.13Z;2008;;;;;;<NA>;;;;;<NA>;<NA>;;;;;(43.619925, 1.396298);Toulouse;Haute-Garonne;Occitanie;;;;;;;;
False;['90722000'];;True;False;False;attribue;;;False;;;2026-09-16;{'StreetName': '2, place André Mignot', 'AdditionalStreetName': None, 'CityName': 'Versailles', 'PostalZone': '78012', 'Country': 'FRA'};227806460;False;DEPARTEMENT DES YVELINES;Conseil Départemental des Yvelines;;2026-07-02+02:00;services;"['Valeur technique', ""Performances en matière de protection de l'environnement"", ""Performances en matière d'insertion professionnelle des publics en difficulté"", 'Prix sur la base du Dqe']";['technique', 'environnemental', 'social', 'prix'];[40.0, 7.0, 3.0, 50.0];360.0;True;;False;;avec remise en concurrence;;26-88903;;104912.9;;LOT-0000;90722000;600000.0;1;8;;Restauration et création de mares et de zones humides sur les Espaces Naturels Sensibles du  Conseil Départemental des Yvelines;ouverte;20250582;3.0;;;False;True;False;104912.9;7220.0;Département ;2 000  à  4 999;False;1982-01-01;84.11Z;2008;;;;;;<NA>;;;;;<NA>;<NA>;;;;;(48.80248, 2.131327);Versailles;Yvelines;Île-de-France;;;;;;;;
False;['45232150', '45232100', '45232151'];;True;True;False;attribue;{'StreetName': '144, avenue Henri Barbusse', 'AdditionalStreetName': None, 'CityName': 'Bobigny', 'PostalZone': '93000', 'Country': 'FRA'};301291738;False;SOCIETE D ETUDES, DE TRAVAUX HYDRAULIQUES ET D'ADDUCTION D'EAU;SETHA;2026-09-16;{'StreetName': 'Cu Grand Paris Seine & Oise', 'AdditionalStreetName': 'Immeuble Autoneum, Rue des Chevries', 'CityName': 'Aubergenville', 'PostalZone': '78410', 'Country': 'FRA'};200059889;False;GRAND PARIS SEINE ET OISE;CU Grand Paris Seine & Oise;;2026-09-01+02:00;travaux;"[""Valeur technique de l'offre appréciée à l'aide du mémoire technique"", 'Prix']";['technique', 'prix'];[55.0, 45.0];360.0;False;56000000.0;False;;avec remise en concurrence;;26-88823;;3500000.0;;LOT-0001;45232150;3500000.0;4;5;;Travaux sur les réseaux d'eau potable de la CU GPSEO;ouverte;26010;3.0;;;False;False;False;;7343.0;Communauté urbaine ;1 000  à  1 999;False;2016-01-01;84.11Z;2008;5710.0;SAS, société par actions simplifiée;100  à  199;False;<NA>;2008;F;42;42.2;42.21;42.21Z;1974-01-01;(48.908537, 2.428016);Bobigny;Seine-Saint-Denis;Île-de-France;(48.970379, 1.856507);Aubergenville;Yvelines;Île-de-France;;;;;;;;
False;['45232150', '45232100', '45232151'];;True;True;False;attribue;{'StreetName': 'Za route de Falaise - Garcelles Secqueville', 'AdditionalStreetName': None, 'CityName': 'Le Castelet', 'PostalZone': '14540', 'Country': 'FRA'};428561740;False;CISE TP;CISE TP NORD OUEST;2026-09-16;{'StreetName': 'Cu Grand Paris Seine & Oise', 'AdditionalStreetName': 'Immeuble Autoneum, Rue des Chevries', 'CityName': 'Aubergenville', 'PostalZone': '78410', 'Country': 'FRA'};200059889;False;GRAND PARIS SEINE ET OISE;CU Grand Paris Seine & Oise;;2026-09-01+02:00;travaux;"[""Valeur technique de l'offre appréciée à l'aide du mémoire technique"", 'Prix']";['technique', 'prix'];[55.0, 45.0];360.0;False;56000000.0;False;;avec remise en concurrence;;26-88823;;3500000.0;;LOT-0002;45232150;3500000.0;4;6;;Travaux sur les réseaux d'eau potable de la CU GPSEO;ouverte;26010;3.0;;;False;False;False;;7343.0;Communauté urbaine ;1 000  à  1 999;False;2016-01-01;84.11Z;2008;5710.0;SAS, société par actions simplifiée;250  à  499;False;<NA>;2008;F;42;42.2;42.21;42.21Z;1999-11-17;(49.096758, -0.292638);Le Castelet;Calvados;Normandie;(48.970379, 1.856507);Aubergenville;Yvelines;Île-de-France;;;;;;;;
False;['45232150', '45232100', '45232151'];;True;True;False;attribue;{'StreetName': 'Zi Route de Buchelay', 'AdditionalStreetName': None, 'CityName': 'Rosny Sur Seine', 'PostalZone': '78710', 'Country': 'FRA'};562077503;False;SADE - COMPAGNIE GENERALE DE TRAVAUX HYDRAULIQUES;SADE CGTH;2026-09-16;{'StreetName': 'Cu Grand Paris Seine & Oise', 'AdditionalStreetName': 'Immeuble Autoneum, Rue des Chevries', 'CityName': 'Aubergenville', 'PostalZone': '78410', 'Country': 'FRA'};200059889;False;GRAND PARIS SEINE ET OISE;CU Grand Paris Seine & Oise;;2026-09-01+02:00;travaux;"[""Valeur technique de l'offre appréciée à l'aide du mémoire technique"", 'Prix']";['technique', 'prix'];[55.0, 45.0];360.0;False;56000000.0;False;;avec remise en concurrence;;26-88823;;3500000.0;;LOT-0003;45232150;3500000.0;4;4;;Travaux sur les réseaux d'eau potable de la CU GPSEO;ouverte;26010;3.0;;;False;False;False;;7343.0;Communauté urbaine ;1 000  à  1 999;False;2016-01-01;84.11Z;2008;5599.0;SA à conseil d'administration (s.a.i.);2 000  à  4 999;False;<NA>;2008;F;42;42.2;42.21;42.21Z;1956-01-01;(48.994063, 1.638797);Rosny-sur-Seine;Yvelines;Île-de-France;(48.970379, 1.856507);Aubergenville;Yvelines;Île-de-France;;;;;;;;
False;['45232150', '45232100', '45232151'];;True;True;False;attribue;{'StreetName': 'Zi Route de Buchelay', 'AdditionalStreetName': None, 'CityName': 'Rosny Sur Seine', 'PostalZone': '78710', 'Country': 'FRA'};562077503;False;SADE - COMPAGNIE GENERALE DE TRAVAUX HYDRAULIQUES;SADE CGTH;2026-09-16;{'StreetName': 'Cu Grand Paris Seine & Oise', 'AdditionalStreetName': 'Immeuble Autoneum, Rue des Chevries', 'CityName': 'Aubergenville', 'PostalZone': '78410', 'Country': 'FRA'};200059889;False;GRAND PARIS SEINE ET OISE;CU Grand Paris Seine & Oise;;2026-09-01+02:00;travaux;"[""Valeur technique de l'offre appréciée à l'aide du mémoire technique"", 'Prix']";['technique', 'prix'];[55.0, 45.0];360.0;False;56000000.0;False;;avec remise en concurrence;;26-88823;;3500000.0;;LOT-0004;45232150;3500000.0;4;5;;Travaux sur les réseaux d'eau potable de la CU GPSEO;ouverte;26010;3.0;;;False;False;False;;7343.0;Communauté urbaine ;1 000  à  1 999;False;2016-01-01;84.11Z;2008;5599.0;SA à conseil d'administration (s.a.i.);2 000  à  4 999;False;<NA>;2008;F;42;42.2;42.21;42.21Z;1956-01-01;(48.994063, 1.638797);Rosny-sur-Seine;Yvelines;Île-de-France;(48.970379, 1.856507);Aubergenville;Yvelines;Île-de-France;;;;;;;;
False;['77310000'];;True;True;False;non attribue;;;False;;;2026-09-16;{'StreetName': '118 avenue du Général de Gaulle', 'AdditionalStreetName': None, 'CityName': 'Maisons-alfort', 'PostalZone': '94700', 'Country': 'FRA'};219400462;False;COMMUNE DE MAISONS ALFORT;Mairie de Maisons-Alfort;;;services;;;;1080.0;True;0.0;False;{'StreetName': None, 'CityName': 'Val-de-Marne', 'PostalZone': '94700', 'NUTS': 'FR107', 'Country': 'FRA'};sans remise en concurrence;;26-88876;;;0.0;LOT-0001;50510000;;2;0;;Entretien et maintenance de l'arrosage automatique et des disconnecteurs pour la ville de Maisons-Alfort;ouverte;ENTRETIEN ET MAINTENANCE DE L'ARROSAGE AUTOMATIQUE ET DES DISCONNECTEURS;;;;False;False;False;;7210.0;Commune et commune nouvelle ;1 000  à  1 999;<NA>;1980-01-01;84.11Z;2008;;;;;;<NA>;;;;;<NA>;<NA>;;;;;(48.801289, 2.431096);Maisons-Alfort;Val-de-Marne;Île-de-France;;;;;;;;
False;['77310000'];;True;True;False;non attribue;;;False;;;2026-09-16;{'StreetName': '118 avenue du Général de Gaulle', 'AdditionalStreetName': None, 'CityName': 'Maisons-alfort', 'PostalZone': '94700', 'Country': 'FRA'};219400462;False;COMMUNE DE MAISONS ALFORT;Mairie de Maisons-Alfort;;;services;;;;1080.0;True;0.0;False;{'StreetName': None, 'CityName': 'Maisons-Alfort', 'PostalZone': '94700', 'NUTS': 'FR107', 'Country': 'FRA'};sans remise en concurrence;;26-88876;;;;LOT-0002;50510000;;2;1;;Entretien et maintenance de l'arrosage automatique et des disconnecteurs pour la ville de Maisons-Alfort;ouverte;ENTRETIEN ET MAINTENANCE DE L'ARROSAGE AUTOMATIQUE ET DES DISCONNECTEURS;;;;False;False;False;;7210.0;Commune et commune nouvelle ;1 000  à  1 999;<NA>;1980-01-01;84.11Z;2008;;;;;;<NA>;;;;;<NA>;<NA>;;;;;(48.801289, 2.431096);Maisons-Alfort;Val-de-Marne;Île-de-France;;;;;;;;
False;['60140000'];;True;True;False;attribue;{'StreetName': None, 'AdditionalStreetName': None, 'CityName': 'Canteleu', 'PostalZone': '76380', 'Country': 'FRA'};488319369;False;IRIS;IRIS;2026-09-16;{'StreetName': 'Place Reine Mathilde', 'AdditionalStreetName': None, 'CityName': 'Caen', 'PostalZone': '14035', 'Country': 'FRA'};130031503;False;CHAMBRE D'AGRICULTURE DE REGION NORMANDIE;REGION NORMANDIE;;;services;"[""Organisation mise en place pour assurer la continuité et la fiabilité du service durant l'exécution du contrat"", 'Performance en matière de développement durable', 'Prix']";['technique', 'environnemental', 'prix'];[20.0, 20.0, 60.0];;True;445000.0;False;;sans remise en concurrence;;26-89063;;190000.0;;LOT-0001;60140000;445000.0;2;2;;Services de transports publics à la demande organisés par la Région Normandie sur le territoire la Seine-Maritime;ouverte;2026-FCS-DTPR-0014;;;;False;True;False;;7381.0;Organisme consulaire ;;False;2024-01-01;94.11Z;2008;5710.0;SAS, société par actions simplifiée;250  à  499;False;<NA>;2008;H;49;49.3;49.39;49.39B;2006-02-01;;Canteleu;Seine-Maritime;Normandie;(49.186264, -0.35381);Caen;Calvados;Normandie;;;;;;;;
False;['60140000'];;True;True;False;attribue;{'StreetName': None, 'AdditionalStreetName': None, 'CityName': 'Canteleu', 'PostalZone': '76380', 'Country': 'FRA'};488319369;False;IRIS;IRIS;2026-09-16;{'StreetName': 'Place Reine Mathilde', 'AdditionalStreetName': None, 'CityName': 'Caen', 'PostalZone': '14035', 'Country': 'FRA'};130031503;False;CHAMBRE D'AGRICULTURE DE REGION NORMANDIE;REGION NORMANDIE;;;services;"[""Organisation mise en place pour assurer la continuité et la fiabilité du service durant l'exécution du contrat"", 'Performance en matière de développement durable', 'Prix']";['technique', 'environnemental', 'prix'];[20.0, 20.0, 60.0];;True;445000.0;False;;sans remise en concurrence;;26-89063;;255000.0;;LOT-0002;60140000;445000.0;2;1;;Services de transports publics à la demande organisés par la Région Normandie sur le territoire la Seine-Maritime;ouverte;2026-FCS-DTPR-0014;;;;False;True;False;;7381.0;Organisme consulaire ;;False;2024-01-01;94.11Z;2008;5710.0;SAS, société par actions simplifiée;250  à  499;False;<NA>;2008;H;49;49.3;49.39;49.39B;2006-02-01;;Canteleu;Seine-Maritime;Normandie;(49.186264, -0.35381);Caen;Calvados;Normandie;;;;;;;;
False;['98310000'];;True;False;False;attribue;{'StreetName': '14 Rue Du Canal', 'AdditionalStreetName': None, 'CityName': 'Canteleu', 'PostalZone': '76380', 'Country': 'FRA'};;False;;ASS ROUENNAISE READAP ENFANCE DEFICIENTE;2026-09-16;{'StreetName': '2 Place Henri Barbusse', 'AdditionalStreetName': None, 'CityName': 'Petit-Quevilly', 'PostalZone': '76140', 'Country': 'FRA'};217604982;False;COMMUNE DU PETIT QUEVILLY;Mairie de Petit-Quevilly;;2026-07-13+02:00;services;"[""Développement durable - respect de l'environnement"", 'Prix des prestations']";['environnemental', 'prix'];[40.0, 60.0];;False;;False;;sans remise en concurrence;;26-89182;;150000.0;;LOT-0000;98310000;600000.0;1;1;;PRESTATION DE BLANCHISSERIE;ouverte;26MPQ10;3.0;;;False;False;False;150000.0;7210.0;Commune et commune nouvelle ;500  à  999;False;1978-01-01;84.11Z;2008;;;;;;<NA>;;;;;<NA>;<NA>;(49.454286, 1.045075);Canteleu;Seine-Maritime;Normandie;(49.430248, 1.053095);Le Petit-Quevilly;Seine-Maritime;Normandie;;;;;;;;
False;;;True;False;False;attribue;{'StreetName': None, 'AdditionalStreetName': None, 'CityName': 'CARCASSONNE', 'PostalZone': '11000', 'Country': 'FRA'};681850129;True;GEODIS D&E ROUSSILLON;GEODIS D&E ROUSSILLON;2026-09-16;{'StreetName': None, 'AdditionalStreetName': None, 'CityName': 'Toulouse', 'PostalZone': '31055', 'Country': 'FRA'};193112562;True;ECOLE NATIONALE DE L'AVIATION CIVILE;École Nationale de l'Aviation Civile;;2026-08-27+02:00;services;['Prix', 'Valeur technique', 'Critère social et environnemental'];['prix', 'technique', 'environnemental & social'];[50.0, 40.0, 10.0];1460.0;True;;False;{'StreetName': None, 'CityName': 'Toulouse', 'PostalZone': '31055', 'NUTS': 'FRJ23', 'Country': 'FRA'};sans remise en concurrence;;26-88920;;350000.0;;LOT-0001;60161000;;1;1;;Transport de colis, de pièces détachées et de matériel pour le compte de l'ENAC;ouverte;202600FCS029;;;;True;False;False;350000.0;7383.0;Établissement public national à caractère scientifique culturel et professionnel ;1 000  à  1 999;<NA>;1982-01-01;85.42Z;2008;5710.0;SAS, société par actions simplifiée;50  à  99;False;<NA>;2008;H;52;52.2;52.29;52.29A;1968-01-01;;Carcassonne;Aude;Occitanie;;Toulouse;Haute-Garonne;Occitanie;;;;;;;;
False;['39712300'];;True;False;False;attribue;{'StreetName': 'Rue Nungesser Et Coli', 'AdditionalStreetName': None, 'CityName': 'Saint-Aignan-Grandlieu', 'PostalZone': '44860', 'Country': 'FRA'};440303550;False;PLG;GROUPE PLG;2026-09-16;{'StreetName': '1 place Alex Raymond', 'AdditionalStreetName': None, 'CityName': 'Colomiers', 'PostalZone': '31770', 'Country': 'FRA'};213101496;False;COMMUNE DE COLOMIERS;Mairie de Colomiers;;2026-02-02+01:00;fournitures;['Valeur technique', 'Prix'];['technique', 'prix'];[50.0, 50.0];;True;60000.0;False;;sans remise en concurrence;;26-89021;;60000.0;;LOT-0000;39712300;60000.0;1;4;;Fournitures de sèche-mains électrique pour la ville de Colomiers;ouverte;2025F22;;;;False;True;False;60000.0;7210.0;Commune et commune nouvelle ;1 000  à  1 999;False;1978-01-01;84.11Z;2008;5710.0;SAS, société par actions simplifiée;500  à  999;False;<NA>;2008;G;46;46.4;46.44;46.44Z;2001-12-26;(47.155369, -1.593781);Saint-Aignan-Grandlieu;Loire-Atlantique;Pays de la Loire;(43.610683, 1.334696);Colomiers;Haute-Garonne;Occitanie;;;;;;;;
False;['66515200'];;True;True;False;attribue;{'StreetName': 'Rte De Creton', 'AdditionalStreetName': None, 'CityName': 'Vasselay', 'PostalZone': '18110', 'Country': 'FRA'};335171096;False;RELYENS SPS;RELYENS SPS;2026-09-16;"{'StreetName': ""8, allée de l'appel du 18 juin 1940"", 'AdditionalStreetName': None, 'CityName': 'Balma', 'PostalZone': '31132', 'Country': 'FRA'}";213100449;False;COMMUNE DE BALMA;Ville de Balma;;;services;"[""Valeur technique de l'offre"", 'Valeur sociale et environnementale', 'Prix']";['technique', 'environnemental & social', 'prix'];[50.0, 10.0, 40.0];;False;;False;;;;26-88805;;180000.0;;LOT-0001;66510000;;2;1;;Prestations de services d'assurance pour le groupement constitué entre la ville et le CCAS de Balma;ouverte;S-PF-41638;;;;False;False;False;308000.0;7210.0;Commune et commune nouvelle ;250  à  499;False;1978-01-01;84.11Z;2008;5599.0;SA à conseil d'administration (s.a.i.);1  ou  2;False;<NA>;2008;K;66;66.2;66.22;66.22Z;1986-01-01;(47.160031, 2.381043);Vasselay;Cher;Centre-Val de Loire;(43.6059, 1.50011);Balma;Haute-Garonne;Occitanie;;;;;;;;
False;['66516000'];;True;True;False;attribue;{'StreetName': '141 Av Salvador Allende', 'AdditionalStreetName': None, 'CityName': 'Niort', 'PostalZone': '79000', 'Country': 'FRA'};301309605;False;SMACL ASSURANCES;SMACL ASSURANCES;2026-09-16;"{'StreetName': ""8, allée de l'appel du 18 juin 1940"", 'AdditionalStreetName': None, 'CityName': 'Balma', 'PostalZone': '31132', 'Country': 'FRA'}";213100449;False;COMMUNE DE BALMA;Ville de Balma;;;services;"[""Valeur technique de l'offre"", 'Valeur sociale et environnementale', 'Prix']";['technique', 'environnemental & social', 'prix'];[50.0, 10.0, 40.0];;False;;False;;;;26-88805;;128000.0;;LOT-0002;66510000;;2;3;;Prestations de services d'assurance pour le groupement constitué entre la ville et le CCAS de Balma;ouverte;S-PF-41638;;;;False;False;False;308000.0;7210.0;Commune et commune nouvelle ;250  à  499;False;1978-01-01;84.11Z;2008;6411.0;Société d'assurance à forme mutuelle;20  à  49;False;<NA>;2008;K;65;65.1;65.12;65.12Z;1972-10-21;(46.333546, -0.485756);Niort;Deux-Sèvres;Nouvelle-Aquitaine;(43.6059, 1.50011);Balma;Haute-Garonne;Occitanie;;;;;;;;
False;;;True;True;False;attribue;{'StreetName': None, 'AdditionalStreetName': None, 'CityName': 'Saint Denis la Plaine', 'PostalZone': '93210', 'Country': 'FRA'};433999356;True;RANDSTAD;Randstad;2026-09-16;{'StreetName': '26-28 Parc-Club du Millénaire 1025, Rue Henri\nBecquerel', 'AdditionalStreetName': None, 'CityName': 'Montpellier Cedex 2', 'PostalZone': '34067', 'Country': 'FRA'};130008048;True;AGENCE REGIONALE DE SANTE OCCITANIE;Agence Régionale de Santé Occitanie;;;services;['Valeur technique selon plusieurs sous-critères'];['technique'];;;False;5200000.0;False;{'StreetName': None, 'CityName': None, 'PostalZone': None, 'NUTS': 'FRJ13', 'Country': 'FRA'};sans remise en concurrence;;26-89148;;;1200000.0;LOT-0001;79620000;10000000.0;2;8;;Prestations de mise à disposition de personnel intérimaire;ouverte;26INT002-AC;;;;False;False;False;;7385.0;Autre établissement public national administratif à compétence territoriale limitée ;500  à  999;False;2009-07-21;84.12Z;2008;5710.0;SAS, société par actions simplifiée;2 000  à  4 999;False;False;2008;N;78;78.2;78.2;78.20Z;2000-12-18;;Essouvert;Charente-Maritime;Nouvelle-Aquitaine;(43.607848, 3.889641);Montpellier;Hérault;Occitanie;;;;;;;;
False;;;True;True;False;attribue;;;False;;;2026-09-16;{'StreetName': '26-28 Parc-Club du Millénaire 1025, Rue Henri\nBecquerel', 'AdditionalStreetName': None, 'CityName': 'Montpellier Cedex 2', 'PostalZone': '34067', 'Country': 'FRA'};130008048;True;AGENCE REGIONALE DE SANTE OCCITANIE;Agence Régionale de Santé Occitanie;;;services;['La valeur technique de la prestation sera notée sur 50 points au regard de différents sous-critères'];['technique'];;;False;5200000.0;False;{'StreetName': None, 'CityName': None, 'PostalZone': None, 'NUTS': 'FRJ13', 'Country': 'FRA'};sans remise en concurrence;;26-89148;;;4000000.0;LOT-0002;79620000;10000000.0;2;6;;Prestations de mise à disposition de personnel intérimaire;ouverte;26INT002-AC;;;;False;False;False;;7385.0;Autre établissement public national administratif à compétence territoriale limitée ;500  à  999;False;2009-07-21;84.12Z;2008;;;;;;<NA>;;;;;<NA>;<NA>;;;;;(43.607848, 3.889641);Montpellier;Hérault;Occitanie;;;;;;;;
False;['39310000', '50883000'];;True;True;False;attribue;;;False;;;2026-09-16;{'StreetName': '1 place Alex Raymond', 'AdditionalStreetName': None, 'CityName': 'Colomiers', 'PostalZone': '31770', 'Country': 'FRA'};213101496;False;COMMUNE DE COLOMIERS;Mairie de Colomiers;;;fournitures;"[""Valeur technique de l'offre"", 'Environnement', 'Prix']";['technique', 'environnemental', 'prix'];[40.0, 5.0, 55.0];;True;;False;;avec remise en concurrence;;26-89022;;350000.0;;LOT-0001;39221000;2320000.0;4;5;;Acquisition d'équipements de restauration et maintenance des matériels;ouverte;2026F03;3.0;;;False;True;False;;7210.0;Commune et commune nouvelle ;1 000  à  1 999;False;1978-01-01;84.11Z;2008;;;;;;<NA>;;;;;<NA>;<NA>;;;;;(43.610683, 1.334696);Colomiers;Haute-Garonne;Occitanie;;;;;;;;
False;['39311000', '50883000'];;True;True;False;attribue;{'StreetName': '6 Rue De La Sausse', 'AdditionalStreetName': None, 'CityName': 'Saint-Jean', 'PostalZone': '31240', 'Country': 'FRA'};331289686;False;ETS ANDRE CALLE;ETS ANDRE CALLE;2026-09-16;{'StreetName': '1 place Alex Raymond', 'AdditionalStreetName': None, 'CityName': 'Colomiers', 'PostalZone': '31770', 'Country': 'FRA'};213101496;False;COMMUNE DE COLOMIERS;Mairie de Colomiers;;;fournitures;"[""Valeur technique de l'offre"", 'Environnement', 'Prix']";['technique', 'environnemental', 'prix'];[40.0, 5.0, 55.0];;True;;False;;avec remise en concurrence;;26-89022;;240000.0;;LOT-0002;39221000;2320000.0;4;4;;Acquisition d'équipements de restauration et maintenance des matériels;ouverte;2026F03;3.0;;;False;True;False;;7210.0;Commune et commune nouvelle ;1 000  à  1 999;False;1978-01-01;84.11Z;2008;5710.0;SAS, société par actions simplifiée;6  à  9;False;<NA>;2008;G;46;46.6;46.69;46.69C;1984-12-01;(43.649195, 1.515459);Saint-Jean;Haute-Garonne;Occitanie;(43.610683, 1.334696);Colomiers;Haute-Garonne;Occitanie;;;;;;;;
False;['39311000', '50883000'];;True;True;False;non attribue;;;False;;;2026-09-16;{'StreetName': '1 place Alex Raymond', 'AdditionalStreetName': None, 'CityName': 'Colomiers', 'PostalZone': '31770', 'Country': 'FRA'};213101496;False;COMMUNE DE COLOMIERS;Mairie de Colomiers;;;fournitures;"[""Valeur technique de l'offre"", 'Environnement', 'Prix']";['technique', 'environnemental', 'prix'];[40.0, 5.0, 55.0];;True;;False;;avec remise en concurrence;;26-89022;;;;LOT-0003;39221000;2320000.0;4;1;;Acquisition d'équipements de restauration et maintenance des matériels;ouverte;2026F03;3.0;;;False;True;False;;7210.0;Commune et commune nouvelle ;1 000  à  1 999;False;1978-01-01;84.11Z;2008;;;;;;<NA>;;;;;<NA>;<NA>;;;;;(43.610683, 1.334696);Colomiers;Haute-Garonne;Occitanie;;;;;;;;
False;['50883000', '50883000'];;True;True;False;attribue;"{'StreetName': '7 Rte De Bessieres', 'AdditionalStreetName': None, 'CityName': ""L''Union"", 'PostalZone': '31240', 'Country': 'FRA'}";478658222;False;ITR;ITR;2026-09-16;{'StreetName': '1 place Alex Raymond', 'AdditionalStreetName': None, 'CityName': 'Colomiers', 'PostalZone': '31770', 'Country': 'FRA'};213101496;False;COMMUNE DE COLOMIERS;Mairie de Colomiers;;;fournitures;"[""Valeur technique de l'offre"", 'Environnement', 'Prix']";['technique', 'environnemental', 'prix'];[40.0, 5.0, 55.0];;True;;False;;avec remise en concurrence;;26-89022;;150000.0;;LOT-0004;39221000;2320000.0;4;3;;Acquisition d'équipements de restauration et maintenance des matériels;ouverte;2026F03;3.0;;;False;True;False;;7210.0;Commune et commune nouvelle ;1 000  à  1 999;False;1978-01-01;84.11Z;2008;5499.0;Société à responsabilité limitée (sans autre indication);10  à  19;False;<NA>;2008;G;46;46.6;46.69;46.69C;2004-09-01;(43.65109, 1.47122);L'Union;Haute-Garonne;Occitanie;(43.610683, 1.334696);Colomiers;Haute-Garonne;Occitanie;;;;;;;;
False;['39151000'];;True;True;False;attribue;;;False;;;2026-09-16;{'StreetName': '1 place Alex Raymond', 'AdditionalStreetName': None, 'CityName': 'Colomiers', 'PostalZone': '31770', 'Country': 'FRA'};213101496;False;COMMUNE DE COLOMIERS;Mairie de Colomiers;;;fournitures;"[""Valeur technique de l'offre"", 'environnement', 'Prix']";['technique', 'environnemental', 'prix'];[45.0, 10.0, 45.0];;True;775000.0;False;;avec remise en concurrence;;26-88979;;100000.0;;LOT-0001;39100000;775000.0;7;6;;Acquisition de divers mobiliers pour les besoins de la ville de Colomiers;ouverte;2026F06;;;;False;True;False;;7210.0;Commune et commune nouvelle ;1 000  à  1 999;False;1978-01-01;84.11Z;2008;;;;;;<NA>;;;;;<NA>;<NA>;;;;;(43.610683, 1.334696);Colomiers;Haute-Garonne;Occitanie;;;;;;;;
False;['39160000'];;True;True;False;attribue;{'StreetName': '117 Av De La Vallee Du Breuchin', 'AdditionalStreetName': None, 'CityName': 'Froideconche', 'PostalZone': '70300', 'Country': 'FRA'};849661509;False;SAONOISE DE MOBILIERS;SAONOISE DE MOBILIERS;2026-09-16;{'StreetName': '1 place Alex Raymond', 'AdditionalStreetName': None, 'CityName': 'Colomiers', 'PostalZone': '31770', 'Country': 'FRA'};213101496;False;COMMUNE DE COLOMIERS;Mairie de Colomiers;;;fournitures;"[""Valeur technique de l'offre"", 'environnement', 'Prix']";['technique', 'environnemental', 'prix'];[45.0, 10.0, 45.0];;True;775000.0;False;;avec remise en concurrence;;26-88979;;150000.0;;LOT-0002;39100000;775000.0;7;3;;Acquisition de divers mobiliers pour les besoins de la ville de Colomiers;ouverte;2026F06;;;;False;True;False;;7210.0;Commune et commune nouvelle ;1 000  à  1 999;False;1978-01-01;84.11Z;2008;5710.0;SAS, société par actions simplifiée;50  à  99;False;<NA>;2008;C;31;31.0;31.01;31.01Z;2019-03-21;(47.827728, 6.416393);Froideconche;Haute-Saône;Bourgogne-Franche-Comté;(43.610683, 1.334696);Colomiers;Haute-Garonne;Occitanie;;;;;;;;
False;['39160000'];;True;True;False;attribue;{'StreetName': '26 Av De St Marcellin', 'AdditionalStreetName': None, 'CityName': 'Bonson', 'PostalZone': '42160', 'Country': 'FRA'};537468803;False;MOBIDECOR;MOBIDECOR;2026-09-16;{'StreetName': '1 place Alex Raymond', 'AdditionalStreetName': None, 'CityName': 'Colomiers', 'PostalZone': '31770', 'Country': 'FRA'};213101496;False;COMMUNE DE COLOMIERS;Mairie de Colomiers;;;fournitures;"[""Valeur technique de l'offre"", 'environnement', 'Prix']";['technique', 'environnemental', 'prix'];[45.0, 10.0, 45.0];;True;775000.0;False;;avec remise en concurrence;;26-88979;;45000.0;;LOT-0003;39100000;775000.0;7;4;;Acquisition de divers mobiliers pour les besoins de la ville de Colomiers;ouverte;2026F06;;;;False;True;False;;7210.0;Commune et commune nouvelle ;1 000  à  1 999;False;1978-01-01;84.11Z;2008;5710.0;SAS, société par actions simplifiée;250  à  499;False;<NA>;2008;C;31;31.0;31.01;31.01Z;2011-10-12;(45.520426, 4.208271);Bonson;Loire;Auvergne-Rhône-Alpes;(43.610683, 1.334696);Colomiers;Haute-Garonne;Occitanie;;;;;;;;
False;['39151000'];;True;True;False;attribue;{'StreetName': '4 Che Beauchet', 'AdditionalStreetName': None, 'CityName': 'Mere', 'PostalZone': '78490', 'Country': 'FRA'};529196412;False;IMMO DE FRANCE PARIS ILE DE FRANCE;BESSIERE;2026-09-16;{'StreetName': '1 place Alex Raymond', 'AdditionalStreetName': None, 'CityName': 'Colomiers', 'PostalZone': '31770', 'Country': 'FRA'};213101496;False;COMMUNE DE COLOMIERS;Mairie de Colomiers;;;fournitures;"[""Valeur technique de l'offre"", 'environnement', 'Prix']";['technique', 'environnemental', 'prix'];[45.0, 10.0, 45.0];;True;775000.0;False;;avec remise en concurrence;;26-88979;;70000.0;;LOT-0004;39100000;775000.0;7;4;;Acquisition de divers mobiliers pour les besoins de la ville de Colomiers;ouverte;2026F06;;;;False;True;False;;7210.0;Commune et commune nouvelle ;1 000  à  1 999;False;1978-01-01;84.11Z;2008;5710.0;SAS, société par actions simplifiée;200  à  249;False;<NA>;2008;L;68;68.3;68.32;68.32A;2010-12-14;(48.804496, 1.814355);Méré;Yvelines;Île-de-France;(43.610683, 1.334696);Colomiers;Haute-Garonne;Occitanie;;;;;;;;
False;['39150000'];;True;True;False;attribue;;;False;;;2026-09-16;{'StreetName': '1 place Alex Raymond', 'AdditionalStreetName': None, 'CityName': 'Colomiers', 'PostalZone': '31770', 'Country': 'FRA'};213101496;False;COMMUNE DE COLOMIERS;Mairie de Colomiers;;;fournitures;"[""Valeur technique de l'offre"", 'environnement', 'Prix']";['technique', 'environnemental', 'prix'];[45.0, 10.0, 45.0];;True;775000.0;False;;avec remise en concurrence;;26-88979;;32500.0;;LOT-0005;39100000;775000.0;7;2;;Acquisition de divers mobiliers pour les besoins de la ville de Colomiers;ouverte;2026F06;;;;False;True;False;;7210.0;Commune et commune nouvelle ;1 000  à  1 999;False;1978-01-01;84.11Z;2008;;;;;;<NA>;;;;;<NA>;<NA>;;;;;(43.610683, 1.334696);Colomiers;Haute-Garonne;Occitanie;;;;;;;;
False;['39110000'];;True;True;False;attribue;{'StreetName': 'Devant La Houmette', 'AdditionalStreetName': None, 'CityName': 'Fleurance', 'PostalZone': '32500', 'Country': 'FRA'};802476556;False;BUREAU AMENAGEMENT SUD OUEST;BUREAU AMENAGEMENT SUD OUEST;2026-09-16;{'StreetName': '1 place Alex Raymond', 'AdditionalStreetName': None, 'CityName': 'Colomiers', 'PostalZone': '31770', 'Country': 'FRA'};213101496;False;COMMUNE DE COLOMIERS;Mairie de Colomiers;;;fournitures;"[""Valeur technique de l'offre"", 'environnement', 'Prix']";['technique', 'environnemental', 'prix'];[45.0, 10.0, 45.0];;True;775000.0;False;;avec remise en concurrence;;26-88979;;40000.0;;LOT-0006;39100000;775000.0;7;9;;Acquisition de divers mobiliers pour les besoins de la ville de Colomiers;ouverte;2026F06;;;;False;True;False;;7210.0;Commune et commune nouvelle ;1 000  à  1 999;False;1978-01-01;84.11Z;2008;5499.0;Société à responsabilité limitée (sans autre indication);3  à  5;<NA>;<NA>;2008;G;46;46.6;46.66;46.66Z;2014-05-20;(43.846943, 0.661641);Fleurance;Gers;Occitanie;(43.610683, 1.334696);Colomiers;Haute-Garonne;Occitanie;;;;;;;;
False;['39151000'];;True;True;False;attribue;{'StreetName': '143 Rue Andre Ampere', 'AdditionalStreetName': None, 'CityName': 'Chauray', 'PostalZone': '79180', 'Country': 'FRA'};402673560;False;MANUTAN COLLECTIVITES;MANUTAN COLLECTIVITES;2026-09-16;{'StreetName': '1 place Alex Raymond', 'AdditionalStreetName': None, 'CityName': 'Colomiers', 'PostalZone': '31770', 'Country': 'FRA'};213101496;False;COMMUNE DE COLOMIERS;Mairie de Colomiers;;;fournitures;"[""Valeur technique de l'offre"", 'environnement', 'Prix']";['technique', 'environnemental', 'prix'];[45.0, 10.0, 45.0];;True;775000.0;False;;avec remise en concurrence;;26-88979;;65000.0;;LOT-0007;39100000;775000.0;7;2;;Acquisition de divers mobiliers pour les besoins de la ville de Colomiers;ouverte;2026F06;;;;False;True;False;;7210.0;Commune et commune nouvelle ;1 000  à  1 999;False;1978-01-01;84.11Z;2008;5710.0;SAS, société par actions simplifiée;100  à  199;False;<NA>;2008;G;46;46.6;46.69;46.69C;1995-11-01;(46.338768, -0.390646);Chauray;Deux-Sèvres;Nouvelle-Aquitaine;(43.610683, 1.334696);Colomiers;Haute-Garonne;Occitanie;;;;;;;;
False;['50100000'];;True;True;False;non attribue;;;False;;;2026-09-16;{'StreetName': '140 av Maréchal de Lattre de Tassigny', 'AdditionalStreetName': 'Cs90099', 'CityName': 'Villeneuve-Loubet Cedex', 'PostalZone': '06273', 'Country': 'FRA'};280600511;False;SCE DEPARTEMENTAL INCENDIE ET SECOURS;SDIS des Alpes-Maritimes;;2026-08-03+02:00;services;"['Valeur technique', ""Performances en matière de protection de l'environnement"", 'Durée de garantie', 'Prix']";['technique', 'environnemental', 'delai', 'prix'];[20.0, 10.0, 10.0, 60.0];360.0;True;624000.0;False;;sans remise en concurrence;;26-88906;;;;LOT-0001;50100000;624000.0;3;1;1.0;Prestation d'entretien, de réparation et d'installation des équipements d'aménagement des véhicules spéciaux du SDIS des Alpes-Maritimes;ouverte;26P005;3.0;;;False;True;False;;7372.0;Service départemental d'incendie et de secours (SDIS);1 000  à  1 999;<NA>;1983-03-01;84.25Z;2008;;;;;;<NA>;;;;;<NA>;<NA>;;;;;(43.640764, 7.13828);Villeneuve-Loubet;Alpes-Maritimes;Provence-Alpes-Côte d'Azur;;;;;;;;
False;['50100000'];;True;True;False;non attribue;;;False;;;2026-09-16;{'StreetName': '140 av Maréchal de Lattre de Tassigny', 'AdditionalStreetName': 'Cs90099', 'CityName': 'Villeneuve-Loubet Cedex', 'PostalZone': '06273', 'Country': 'FRA'};280600511;False;SCE DEPARTEMENTAL INCENDIE ET SECOURS;SDIS des Alpes-Maritimes;;2026-08-03+02:00;services;"['Valeur technique', ""Performances en matière de protection de l'environnement"", 'Durée de garantie', 'Prix']";['technique', 'environnemental', 'delai', 'prix'];[20.0, 10.0, 10.0, 60.0];360.0;True;624000.0;False;;sans remise en concurrence;;26-88906;;;;LOT-0002;50100000;624000.0;3;0;0.0;Prestation d'entretien, de réparation et d'installation des équipements d'aménagement des véhicules spéciaux du SDIS des Alpes-Maritimes;ouverte;26P005;3.0;;;False;True;False;;7372.0;Service départemental d'incendie et de secours (SDIS);1 000  à  1 999;<NA>;1983-03-01;84.25Z;2008;;;;;;<NA>;;;;;<NA>;<NA>;;;;;(43.640764, 7.13828);Villeneuve-Loubet;Alpes-Maritimes;Provence-Alpes-Côte d'Azur;;;;;;;;
False;['50100000'];;True;True;False;attribue;{'StreetName': '686 Rue De Chantabord', 'AdditionalStreetName': None, 'CityName': 'Chambery', 'PostalZone': '73000', 'Country': 'FRA'};775653710;False;MAGIRUS CAMIVA SAS;MAGIRUS CAMIVA SAS;2026-09-16;{'StreetName': '140 av Maréchal de Lattre de Tassigny', 'AdditionalStreetName': 'Cs90099', 'CityName': 'Villeneuve-Loubet Cedex', 'PostalZone': '06273', 'Country': 'FRA'};280600511;False;SCE DEPARTEMENTAL INCENDIE ET SECOURS;SDIS des Alpes-Maritimes;;2026-08-03+02:00;services;"['Valeur technique', ""Performances en matière de protection de l'environnement"", 'Durée de garantie', 'Prix']";['technique', 'environnemental', 'delai', 'prix'];[20.0, 10.0, 10.0, 60.0];360.0;True;624000.0;False;;sans remise en concurrence;;26-88906;;38021.54;;LOT-0003;50100000;624000.0;3;1;1.0;Prestation d'entretien, de réparation et d'installation des équipements d'aménagement des véhicules spéciaux du SDIS des Alpes-Maritimes;ouverte;26P005;3.0;;;False;True;False;;7372.0;Service départemental d'incendie et de secours (SDIS);1 000  à  1 999;<NA>;1983-03-01;84.25Z;2008;5710.0;SAS, société par actions simplifiée;20  à  49;False;<NA>;2008;G;45;45.1;45.19;45.19Z;1966-01-01;(45.593172, 5.892877);Chambéry;Savoie;Auvergne-Rhône-Alpes;(43.640764, 7.13828);Villeneuve-Loubet;Alpes-Maritimes;Provence-Alpes-Côte d'Azur;;;;;;;;
False;;;True;False;False;attribue;{'StreetName': None, 'AdditionalStreetName': None, 'CityName': 'VILLIERS LE BRETONNEUX', 'PostalZone': '80800', 'Country': 'FRA'};403583479;False;EVOLUCARE TECHNOLOGIES MEDICAL SOLUTIONS;EVOLUCARE TECHNOLOGIES;2026-09-16;"{'StreetName': ""5 ALLEE DE L'ILE GLORIETTE"", 'AdditionalStreetName': None, 'CityName': 'NANTES', 'PostalZone': '44093', 'Country': 'FRA'}";264400136;True;CHU NANTES;44 CHU;;2026-07-23+02:00;services;['PRIX'];['prix'];[100];;False;;False;{'StreetName': None, 'CityName': None, 'PostalZone': None, 'NUTS': 'FRG01', 'Country': 'FRA'};sans remise en concurrence;;26-88858;;350000.0;;LOT-0001;72267000;350000.0;1;1;;avis d'attribution;negociee;MSMC-26030;;;;False;False;False;350000.0;7364.0;Établissement d'hospitalisation ;10 000  et plus ;<NA>;1978-01-01;86.10Z;2008;5499.0;Société à responsabilité limitée (sans autre indication);50  à  99;False;<NA>;2008;J;62;62.0;62.03;62.03Z;1996-01-22;;Villers-Bretonneux;Somme;Hauts-de-France;(47.211138, -1.557241);Nantes;Loire-Atlantique;Pays de la Loire;;;;;;;;
False;;;True;True;True;attribue;{'StreetName': '16 Avenue de Grugliasco', 'AdditionalStreetName': None, 'CityName': 'ECHIROLLES', 'PostalZone': '38130', 'Country': 'FRA'};903869618;True;APAVE EXPLOITATION FRANCE;APAVE EXPLOITATION FRANCE;2026-09-16;{'StreetName': '24 rue René Camphin', 'AdditionalStreetName': None, 'CityName': 'Fontaine Cedex', 'PostalZone': '38600', 'Country': 'FRA'};283812006;True;SCE DEPARTEMENTAL INCENDIE ET SECOURS;Sdis de l'Isère;;;services;"[""Prix : 50 %, analysé selon les sous-critères suivants :\n- Montant total TTC du BP des vérifications périodiques des casernes du groupement territorial nord, des casernes du groupement territorial sud, des sites de l'État-major et des relais radio."", '•\tValeur technique : 50 %, appréciée au regard du mémoire technique et décomposée selon les 6 sous-critères mentionnés dans le règlement de consultation (article 7 - jugement des propositions)']";['prix', 'technique'];[50.0, 50.0];360.0;False;;False;{'StreetName': None, 'CityName': None, 'PostalZone': None, 'NUTS': 'FRK24', 'Country': 'FRA'};sans remise en concurrence;;26-89235;;;;LOT-0001;50324200;610400.0;9;2;;Vérifications périodiques des installations et des équipements techniques du SDIS de l’Isère;ouverte;;3.0;;;False;False;False;;7372.0;Service départemental d'incendie et de secours (SDIS);1 000  à  1 999;<NA>;1982-01-01;84.25Z;2008;5710.0;SAS, société par actions simplifiée;5 000  à  9 999;False;False;2008;M;71;71.2;71.2;71.20B;2021-09-28;(45.150385, 5.714983);Échirolles;Isère;Auvergne-Rhône-Alpes;(45.187052, 5.683157);Fontaine;Isère;Auvergne-Rhône-Alpes;;;;;;;;
False;;;True;True;True;attribue;{'StreetName': '16 Avenue de Grugliasco', 'AdditionalStreetName': None, 'CityName': 'ECHIROLLES', 'PostalZone': '38130', 'Country': 'FRA'};903869618;True;APAVE EXPLOITATION FRANCE;APAVE EXPLOITATION FRANCE;2026-09-16;{'StreetName': '24 rue René Camphin', 'AdditionalStreetName': None, 'CityName': 'Fontaine Cedex', 'PostalZone': '38600', 'Country': 'FRA'};283812006;True;SCE DEPARTEMENTAL INCENDIE ET SECOURS;Sdis de l'Isère;;;services;"[""Prix : 50 %, analysé selon les sous-critères suivants :\n- Montant total TTC du BP des vérifications périodiques = 50 %\n- Montant total TTC du BP des contrôles périodiques de l'efficacité énergétique des chaudières d'une puissance nominale supérieure à 400KW et inférieure à 20MW = 50 %"", '•\tValeur technique : 50 %, appréciée au regard du mémoire technique et décomposée selon les 6 sous-critères mentionnés dans le règlement de consultation (article 7 - jugement des propositions)']";['prix', 'technique'];;360.0;False;;False;{'StreetName': None, 'CityName': None, 'PostalZone': None, 'NUTS': 'FRK24', 'Country': 'FRA'};sans remise en concurrence;;26-89235;;;;LOT-0002;50324200;610400.0;9;3;;Vérifications périodiques des installations et des équipements techniques du SDIS de l’Isère;ouverte;;3.0;;;False;False;False;;7372.0;Service départemental d'incendie et de secours (SDIS);1 000  à  1 999;<NA>;1982-01-01;84.25Z;2008;5710.0;SAS, société par actions simplifiée;5 000  à  9 999;False;False;2008;M;71;71.2;71.2;71.20B;2021-09-28;(45.150385, 5.714983);Échirolles;Isère;Auvergne-Rhône-Alpes;(45.187052, 5.683157);Fontaine;Isère;Auvergne-Rhône-Alpes;;;;;;;;
False;;;True;True;True;attribue;{'StreetName': '16 Avenue de Grugliasco', 'AdditionalStreetName': None, 'CityName': 'ECHIROLLES', 'PostalZone': '38130', 'Country': 'FRA'};903869618;True;APAVE EXPLOITATION FRANCE;APAVE EXPLOITATION FRANCE;2026-09-16;{'StreetName': '24 rue René Camphin', 'AdditionalStreetName': None, 'CityName': 'Fontaine Cedex', 'PostalZone': '38600', 'Country': 'FRA'};283812006;True;SCE DEPARTEMENTAL INCENDIE ET SECOURS;Sdis de l'Isère;;;services;"[""•  Prix : 50 %, analysé selon les sous-critères suivants :\n- Montant total TTC du BP (Sites EM + casernes groupement territorial nord + casernes groupement territorial sud) des vérifications des appareils et accessoires de levage = 60 %\n- Montant total TTC du BP (Sites EM + casernes groupement territorial nord + casernes groupement territorial sud) des vérifications lors de la remise en service d'un appareil de levage = 20 %\n- Forfait TTC du BP vérification périodique des appareils et accessoires de levage pour les nouveaux équipements = 5 %\n- Forfait TTC du BP de mise à disposition d'une nacelle = 5 %\n- Forfait TTC du BP de fourniture des consignes de sécurité = 5 %\n- Forfait TTC du BP de fourniture de carnet de maintenance des appareils et accessoires de levage = 5 %"", '•\tValeur technique : 50 %, appréciée au regard du mémoire technique et et décomposée selon les 6 sous-critères mentionnés dans le règlement de consultation (article 7 - jugement des propositions)']";['prix', 'technique'];;360.0;False;;False;{'StreetName': None, 'CityName': None, 'PostalZone': None, 'NUTS': 'FRK24', 'Country': 'FRA'};sans remise en concurrence;;26-89235;;;;LOT-0003;50324200;610400.0;9;3;;Vérifications périodiques des installations et des équipements techniques du SDIS de l’Isère;ouverte;;3.0;;;False;False;False;;7372.0;Service départemental d'incendie et de secours (SDIS);1 000  à  1 999;<NA>;1982-01-01;84.25Z;2008;5710.0;SAS, société par actions simplifiée;5 000  à  9 999;False;False;2008;M;71;71.2;71.2;71.20B;2021-09-28;(45.150385, 5.714983);Échirolles;Isère;Auvergne-Rhône-Alpes;(45.187052, 5.683157);Fontaine;Isère;Auvergne-Rhône-Alpes;;;;;;;;
False;;;True;True;True;attribue;{'StreetName': '16 Avenue de Grugliasco', 'AdditionalStreetName': None, 'CityName': 'ECHIROLLES', 'PostalZone': '38130', 'Country': 'FRA'};903869618;True;APAVE EXPLOITATION FRANCE;APAVE EXPLOITATION FRANCE;2026-09-16;{'StreetName': '24 rue René Camphin', 'AdditionalStreetName': None, 'CityName': 'Fontaine Cedex', 'PostalZone': '38600', 'Country': 'FRA'};283812006;True;SCE DEPARTEMENTAL INCENDIE ET SECOURS;Sdis de l'Isère;;;services;['•  Prix : 50 %, analysé selon les sous-critères suivants :\n- Montant total TTC du Détail Quantitatif et Estimatif (DQE).', '•\tValeur technique : 50 %, appréciée au regard du mémoire technique et décomposée selon les 3 sous-critères mentionnés dans le règlement de consultation (article 7 - jugement des propositions)'];['prix', 'technique'];[50.0, 50.0];360.0;False;;False;{'StreetName': None, 'CityName': None, 'PostalZone': None, 'NUTS': 'FRK24', 'Country': 'FRA'};sans remise en concurrence;;26-89235;;;;LOT-0004;50324200;610400.0;9;2;;Vérifications périodiques des installations et des équipements techniques du SDIS de l’Isère;ouverte;;3.0;;;False;False;False;;7372.0;Service départemental d'incendie et de secours (SDIS);1 000  à  1 999;<NA>;1982-01-01;84.25Z;2008;5710.0;SAS, société par actions simplifiée;5 000  à  9 999;False;False;2008;M;71;71.2;71.2;71.20B;2021-09-28;(45.150385, 5.714983);Échirolles;Isère;Auvergne-Rhône-Alpes;(45.187052, 5.683157);Fontaine;Isère;Auvergne-Rhône-Alpes;;;;;;;;
False;;;True;True;True;attribue;{'StreetName': '16 Avenue de Grugliasco', 'AdditionalStreetName': None, 'CityName': 'ECHIROLLES', 'PostalZone': '38130', 'Country': 'FRA'};903869618;True;APAVE EXPLOITATION FRANCE;APAVE EXPLOITATION FRANCE;2026-09-16;{'StreetName': '24 rue René Camphin', 'AdditionalStreetName': None, 'CityName': 'Fontaine Cedex', 'PostalZone': '38600', 'Country': 'FRA'};283812006;True;SCE DEPARTEMENTAL INCENDIE ET SECOURS;Sdis de l'Isère;;;services;['•  Prix : 50 %, analysé selon les sous-critères suivants :\n- Montant total TTC du BP des inspections périodiques des casernes du groupement territorial nord, des casernes du groupement territorial sud et des sites de l’État-major.', '•\tValeur technique : 50 %, appréciée au regard du mémoire technique et décomposée selon les 5 sous-critères mentionnés dans le règlement de consultation (article 7 - jugement des propositions)'];['prix', 'technique'];[50.0, 50.0];360.0;False;;False;{'StreetName': None, 'CityName': None, 'PostalZone': None, 'NUTS': 'FRK24', 'Country': 'FRA'};sans remise en concurrence;;26-89235;;;;LOT-0005;50324200;610400.0;9;3;;Vérifications périodiques des installations et des équipements techniques du SDIS de l’Isère;ouverte;;3.0;;;False;False;False;;7372.0;Service départemental d'incendie et de secours (SDIS);1 000  à  1 999;<NA>;1982-01-01;84.25Z;2008;5710.0;SAS, société par actions simplifiée;5 000  à  9 999;False;False;2008;M;71;71.2;71.2;71.20B;2021-09-28;(45.150385, 5.714983);Échirolles;Isère;Auvergne-Rhône-Alpes;(45.187052, 5.683157);Fontaine;Isère;Auvergne-Rhône-Alpes;;;;;;;;
False;;;True;True;True;attribue;{'StreetName': '16 Avenue de Grugliasco', 'AdditionalStreetName': None, 'CityName': 'ECHIROLLES', 'PostalZone': '38130', 'Country': 'FRA'};903869618;True;APAVE EXPLOITATION FRANCE;APAVE EXPLOITATION FRANCE;2026-09-16;{'StreetName': '24 rue René Camphin', 'AdditionalStreetName': None, 'CityName': 'Fontaine Cedex', 'PostalZone': '38600', 'Country': 'FRA'};283812006;True;SCE DEPARTEMENTAL INCENDIE ET SECOURS;Sdis de l'Isère;;;services;"[""•\tPrix : 50 %, analysé selon les sous-critères suivants :\n- Montant total TTC du BP des vérifications périodiques de la caserne du groupement territorial nord ainsi que des sites de l'État-major et du Centre de Formation Départemental (CFD) = 70 %\n- Montant total TTC du BP des contrôles techniques de la caserne du groupement territorial nord ainsi que des sites de l'État-major et du Centre de Formation Départemental (CFD) = 30 %"", '•\tValeur technique : 50 %, appréciée au regard du mémoire technique et décomposée selon les 6 sous-critères mentionnés dans le règlement de consultation (article 7 - jugement des propositions)']";['technique', 'technique'];;360.0;False;;False;{'StreetName': None, 'CityName': None, 'PostalZone': None, 'NUTS': 'FRK24', 'Country': 'FRA'};sans remise en concurrence;;26-89235;;;;LOT-0006;50324200;610400.0;9;5;;Vérifications périodiques des installations et des équipements techniques du SDIS de l’Isère;ouverte;;3.0;;;False;False;False;;7372.0;Service départemental d'incendie et de secours (SDIS);1 000  à  1 999;<NA>;1982-01-01;84.25Z;2008;5710.0;SAS, société par actions simplifiée;5 000  à  9 999;False;False;2008;M;71;71.2;71.2;71.20B;2021-09-28;(45.150385, 5.714983);Échirolles;Isère;Auvergne-Rhône-Alpes;(45.187052, 5.683157);Fontaine;Isère;Auvergne-Rhône-Alpes;;;;;;;;
False;;;True;True;True;attribue;{'StreetName': '16 Avenue de Grugliasco', 'AdditionalStreetName': None, 'CityName': 'ECHIROLLES', 'PostalZone': '38130', 'Country': 'FRA'};903869618;True;APAVE EXPLOITATION FRANCE;APAVE EXPLOITATION FRANCE;2026-09-16;{'StreetName': '24 rue René Camphin', 'AdditionalStreetName': None, 'CityName': 'Fontaine Cedex', 'PostalZone': '38600', 'Country': 'FRA'};283812006;True;SCE DEPARTEMENTAL INCENDIE ET SECOURS;Sdis de l'Isère;;;services;['•\tPrix : 50 %, analysé selon les sous-critères suivants :\n- Montant total TTC du BP des vérifications périodiques des sites.', '•\tValeur technique : 50 %, appréciée au regard du mémoire technique et décomposée selon les 5 sous-critères mentionnés dans le règlement de consultation (article 7 - jugement des propositions)'];['prix', 'technique'];[50.0, 50.0];360.0;False;;False;{'StreetName': None, 'CityName': None, 'PostalZone': None, 'NUTS': 'FRK24', 'Country': 'FRA'};sans remise en concurrence;;26-89235;;;;LOT-0007;50324200;610400.0;9;3;;Vérifications périodiques des installations et des équipements techniques du SDIS de l’Isère;ouverte;;3.0;;;False;False;False;;7372.0;Service départemental d'incendie et de secours (SDIS);1 000  à  1 999;<NA>;1982-01-01;84.25Z;2008;5710.0;SAS, société par actions simplifiée;5 000  à  9 999;False;False;2008;M;71;71.2;71.2;71.20B;2021-09-28;(45.150385, 5.714983);Échirolles;Isère;Auvergne-Rhône-Alpes;(45.187052, 5.683157);Fontaine;Isère;Auvergne-Rhône-Alpes;;;;;;;;
False;;;True;True;True;attribue;{'StreetName': '16 Avenue de Grugliasco', 'AdditionalStreetName': None, 'CityName': 'ECHIROLLES', 'PostalZone': '38130', 'Country': 'FRA'};903869618;True;APAVE EXPLOITATION FRANCE;APAVE EXPLOITATION FRANCE;2026-09-16;{'StreetName': '24 rue René Camphin', 'AdditionalStreetName': None, 'CityName': 'Fontaine Cedex', 'PostalZone': '38600', 'Country': 'FRA'};283812006;True;SCE DEPARTEMENTAL INCENDIE ET SECOURS;Sdis de l'Isère;;;services;['•\tPrix : 50 %, analysé selon les sous-critères suivants :\n- Montant total TTC du Détail Quantitatif et Estimatif (DQE).', '•\tValeur technique : 50 %, appréciée au regard du mémoire technique et décomposée selon les 3 sous-critères mentionnés dans le règlement de consultation (article 7 - jugement des propositions)'];['prix', 'technique'];[50.0, 50.0];360.0;False;;False;{'StreetName': None, 'CityName': None, 'PostalZone': None, 'NUTS': 'FRK24', 'Country': 'FRA'};sans remise en concurrence;;26-89235;;;;LOT-0008;50324200;610400.0;9;2;;Vérifications périodiques des installations et des équipements techniques du SDIS de l’Isère;ouverte;;3.0;;;False;False;False;;7372.0;Service départemental d'incendie et de secours (SDIS);1 000  à  1 999;<NA>;1982-01-01;84.25Z;2008;5710.0;SAS, société par actions simplifiée;5 000  à  9 999;False;False;2008;M;71;71.2;71.2;71.20B;2021-09-28;(45.150385, 5.714983);Échirolles;Isère;Auvergne-Rhône-Alpes;(45.187052, 5.683157);Fontaine;Isère;Auvergne-Rhône-Alpes;;;;;;;;
False;;;True;True;True;attribue;{'StreetName': '16 Avenue de Grugliasco', 'AdditionalStreetName': None, 'CityName': 'ECHIROLLES', 'PostalZone': '38130', 'Country': 'FRA'};903869618;True;APAVE EXPLOITATION FRANCE;APAVE EXPLOITATION FRANCE;2026-09-16;{'StreetName': '24 rue René Camphin', 'AdditionalStreetName': None, 'CityName': 'Fontaine Cedex', 'PostalZone': '38600', 'Country': 'FRA'};283812006;True;SCE DEPARTEMENTAL INCENDIE ET SECOURS;Sdis de l'Isère;;;services;['•\tPrix : 50 %, analysé selon les sous-critères suivants :\n- Montant total TTC du Détail Quantitatif et Estimatif (DQE).', '•\tValeur technique : 50 %, appréciée au regard du mémoire technique et décomposée selon les 3 sous-critères mentionnés dans le règlement de consultation (article 7 - jugement des propositions)'];['prix', 'technique'];[50.0, 50.0];360.0;False;;False;{'StreetName': None, 'CityName': None, 'PostalZone': None, 'NUTS': 'FRK24', 'Country': 'FRA'};sans remise en concurrence;;26-89235;;;;LOT-0009;50324200;610400.0;9;3;;Vérifications périodiques des installations et des équipements techniques du SDIS de l’Isère;ouverte;;3.0;;;False;False;False;;7372.0;Service départemental d'incendie et de secours (SDIS);1 000  à  1 999;<NA>;1982-01-01;84.25Z;2008;5710.0;SAS, société par actions simplifiée;5 000  à  9 999;False;False;2008;M;71;71.2;71.2;71.20B;2021-09-28;(45.150385, 5.714983);Échirolles;Isère;Auvergne-Rhône-Alpes;(45.187052, 5.683157);Fontaine;Isère;Auvergne-Rhône-Alpes;;;;;;;;
False;;;False;False;False;attribue;{'StreetName': '204 Rue Sadi Carnot', 'AdditionalStreetName': 'DALKIA BELFORT', 'CityName': 'SAINT ANDRE LEZ LILLE', 'PostalZone': '59350', 'Country': 'FRA'};456500537;True;DALKIA;DALKIA;2026-09-16;{'StreetName': '1, rue Pierre de courbertin', 'AdditionalStreetName': None, 'CityName': 'Ribeauvillé', 'PostalZone': '68151', 'Country': 'FRA'};246800577;True;COMMUNAUTE DE COMMUNES PAYS RIBEAUVILLE;Cté Cnes de Ribeauvillé;;;services;"[""50%\r\n2.1-Prix total (y compris PSE): 20.0\r\n2.2-Prix du P2 :10.0\r\n2.3-Prix de la PSE :10.0\r\n2.4-Prix du P'3: 5.0\r\n2.5-Prix unitaires du BPU: 5.0\r\npour assurer le maximum de transparence dans l'analyse et la comparaison des offres, le critère du\r\nprix a été divisé en sous-critères. Les sous-critères sont indiqués ci-dessus avec leur pondération. Dans le cas où des\r\nerreurs purement matérielles (de multiplication, d'addition ou de report) seraient constatées dans l'offre du candidat,\r\nl'entreprise sera invitée à confirmer l'offre rectifiée ; en cas de refus, son offre sera éliminée comme non cohérente."", ""1-Valeur technique 50.0\r\n1.1-Les moyens humains que le candidat mettra en oeuvre pour exécuter les\r\nprestations objet du présent marché :15.0\r\n1.2-Le niveau de formation et de qualification des personnels qui seront responsables\r\ndes prestations ou de la conduite des travaux objet du présent marché :15.0\r\n1.3-Outils et méthodes qui seront mobilisés pour organiser et planifier les interventions\r\npréventives et curatives, assurer leur suivi et en faire le reporting: 10.0\r\n1.4-Les moyens matériels et techniques que le candidat mobilisera pour exécuter les\r\nprestations objet du présent marché : 5.0\r\n1.5-Mesures d'organisation et de coordination, moyens de protection pour assurer la\r\nsécurité des personnels du candidat et des tiers, des locaux et des\r\nbiens: 5.0\r\n\r\nValeur technique : la valeur technique sera appréciée sur la base d'un mémoire technique rédigé sur papier libre que les\r\ncandidats doivent compléter et joindre à l'appui de leur offre. Les candidats développeront dans ce mémoire les éléments\r\nfigurant dans le tableau ci-avant qui constituent les sous-critères de la valeur technique. L'absence de ce mémoire\r\ntechnique ou de l'un quelconque des renseignements demandés rendra l'offre irrégulière et conduira à son rejet.""]";['prix', 'social'];;1825.0;False;;False;{'StreetName': None, 'CityName': None, 'PostalZone': None, 'NUTS': 'FRF12', 'Country': 'FRA'};;;26-89025;;1346670.0;;LOT-0001;50720000;;1;2;;"Exploitation des installations techniques de la piscine des Trois Châteaux appartenant
à la Communauté de Communes du Pays de Ribeauvillé";ouverte;;;;;False;False;False;1346670.0;7346.0;Communauté de communes ;100  à  199;False;1996-06-01;84.11Z;2008;5599.0;SA à conseil d'administration (s.a.i.);10 000  et plus ;False;False;2008;D;35;35.3;35.3;35.30Z;1956-01-01;(50.661916, 3.05604);Saint-André-lez-Lille;Nord;Hauts-de-France;;;;;;;;;;;;
False;;;True;True;False;attribue;{'StreetName': None, 'AdditionalStreetName': None, 'CityName': '92071', 'PostalZone': '92330', 'Country': 'FRA'};429356884;True;ALYCE;ALYCE;2026-09-16;{'StreetName': 'Place du Quartier Blanc', 'AdditionalStreetName': None, 'CityName': 'Strasbourg cedex', 'PostalZone': '67964', 'Country': 'FRA'};200094332;True;COLLECTIVITE EUROPEENNE D'ALSACE;Collectivité européenne d Alsace;;;fournitures;['Prix', 'Valeur technique'];['prix', 'technique'];[70.0, 30.0];1440.0;False;;False;;sans remise en concurrence;;26-89070;;99670.0;;LOT-0001;30144300;;2;2;;Dispositif et mesure de comptage pour la CeA;ouverte;26102;;;;False;False;False;363048.0;7220.0;Département ;5 000  à  9 999;False;2021-01-01;84.11Z;2008;5710.0;SAS, société par actions simplifiée;50  à  99;False;<NA>;2008;M;73;73.2;73.2;73.20Z;2000-01-03;;;;;(48.579079, 7.739224);Strasbourg;Bas-Rhin;Grand Est;;;;;;;;
False;;;True;True;False;attribue;{'StreetName': None, 'AdditionalStreetName': None, 'CityName': '64125', 'PostalZone': '64210', 'Country': 'FRA'};753847730;True;WAVETRONIX;WAVETRONIX;2026-09-16;{'StreetName': 'Place du Quartier Blanc', 'AdditionalStreetName': None, 'CityName': 'Strasbourg cedex', 'PostalZone': '67964', 'Country': 'FRA'};200094332;True;COLLECTIVITE EUROPEENNE D'ALSACE;Collectivité européenne d Alsace;;;fournitures;['Prix', 'Valeur technique'];['prix', 'technique'];[70.0, 30.0];1440.0;False;;False;;sans remise en concurrence;;26-89070;;263378.0;;LOT-0002;30144300;;2;1;;Dispositif et mesure de comptage pour la CeA;ouverte;26102;;;;False;False;False;363048.0;7220.0;Département ;5 000  à  9 999;False;2021-01-01;84.11Z;2008;5499.0;Société à responsabilité limitée (sans autre indication);3  à  5;False;<NA>;2008;M;70;70.2;70.22;70.22Z;2012-09-01;;;;;(48.579079, 7.739224);Strasbourg;Bas-Rhin;Grand Est;;;;;;;;
False;;;True;False;False;attribue;{'StreetName': 'ZA DE LA GAUDRÉE\n2 Rue Antoine Laurent Lavoisier', 'AdditionalStreetName': None, 'CityName': 'DOURDAN', 'PostalZone': '91410', 'Country': 'FRA'};381873256;True;SARTORIUS FRANCE;SARTORIUS France SAS;2026-09-16;{'StreetName': 'CAMPUS DE BEAULIEU', 'AdditionalStreetName': '263 AV GAL LECLERC CS 74205', 'CityName': 'RENNES', 'PostalZone': '35700', 'Country': 'FRA'};130030513;True;UNIVERSITE DE RENNES;UNIVERSITE DE RENNES;;;fournitures;['Valeur technique (équipement de base et PSE/options retenues)', 'Prix (base et PSE retenues)', 'SAV et maintenance', 'Délais de livraison du matériel'];['technique', 'prix', 'qualite', 'delai'];[50.0, 30.0, 15.0, 5.0];1260.0;False;;True;{'StreetName': 'Laboratoire SITI\nBMT HC\n1er étage\nCHU Pontchaillou\n2 rue Henri le Guilloux', 'CityName': 'Rennes', 'PostalZone': '35000', 'NUTS': 'FRH03', 'Country': 'FRA'};;;26-89153;;239661.51;;LOT-0001;38515200;;1;1;;Acquisition, livraison, installation, la mise en service et la formation à l’utilisation d’un système d’imagerie de cellules vivantes pour la plateforme SITI 2ème consultation (consultation initial...;ouverte;2026010AOF;;;;False;False;False;239661.51;7383.0;Établissement public national à caractère scientifique culturel et professionnel ;2 000  à  4 999;False;2022-11-28;85.42Z;2008;5710.0;SAS, société par actions simplifiée;100  à  199;False;<NA>;2008;C;33;33.1;33.13;33.13Z;1991-03-19;(48.524081, 2.027708);Dourdan;Essonne;Île-de-France;(48.11547, -1.636991);Rennes;Ille-et-Vilaine;Bretagne;;;;;;;;
False;;;True;True;False;attribue;{'StreetName': '17, RUE DE COPENHAGUE ', 'AdditionalStreetName': None, 'CityName': 'SCHILTIGHEIM', 'PostalZone': '67300', 'Country': 'FRA'};504726787;True;SUEZ RV NORD EST;SUEZ RV NORD EST;2026-09-16;{'StreetName': '10 rue d’Asfeld', 'AdditionalStreetName': None, 'CityName': 'METZ CEDEX 1', 'PostalZone': '57044', 'Country': 'FRA'};130015357;True;;Plate-Forme Commissariat Est;;2026-11-01+01:00;services;['Prix', 'Valeur technique', 'Social', 'Environnemental'];['prix', 'technique', 'social', 'environnemental'];[65.0, 25.0, 5.0, 5.0];870.0;True;;False;;sans remise en concurrence;;26-88900;;484717.12;484717.12;LOT-0001;90513000;;2;1;;Location de récipients, collecte et traitement des déchets non dangereux (DND) et déchets dangereux (DD) au profit du GSC METZ Pôle ETAIN;ouverte;DAF_2025_001007;2.0;;;False;False;False;543961.7;;;;;<NA>;<NA>;<NA>;5710.0;SAS, société par actions simplifiée;1 000  à  1 999;False;<NA>;2008;E;38;38.2;38.21;38.21Z;2008-06-13;(48.608894, 7.71858);Schiltigheim;Bas-Rhin;Grand Est;(49.113264, 6.181199);Metz;Moselle;Grand Est;;;;;;;;
False;;;True;True;False;attribue;{'StreetName': 'ZI La Haie Sorette', 'AdditionalStreetName': None, 'CityName': 'DOMJEVIN', 'PostalZone': '54450 ', 'Country': 'FRA'};399339340;True;CHIMIREC-EST;CHIMIREC EST;2026-09-16;{'StreetName': '10 rue d’Asfeld', 'AdditionalStreetName': None, 'CityName': 'METZ CEDEX 1', 'PostalZone': '57044', 'Country': 'FRA'};130015357;True;;Plate-Forme Commissariat Est;;2026-11-01+01:00;services;['Prix', 'Valeur technique', 'Environnemental'];['prix', 'technique', 'environnemental'];[65.0, 25.0, 10.0];870.0;True;;False;;sans remise en concurrence;;26-88900;;59244.58;59244.58;LOT-0002;90520000;;2;2;;Location de récipients, collecte et traitement des déchets non dangereux (DND) et déchets dangereux (DD) au profit du GSC METZ Pôle ETAIN;ouverte;DAF_2025_001007;2.0;;;False;False;False;543961.7;;;;;<NA>;<NA>;<NA>;5710.0;SAS, société par actions simplifiée;50  à  99;False;<NA>;2008;E;38;38.1;38.12;38.12Z;1994-11-17;;;;;(49.113264, 6.181199);Metz;Moselle;Grand Est;;;;;;;;
False;;;True;False;False;attribue;{'StreetName': '18, rue du maréchal Haig', 'AdditionalStreetName': None, 'CityName': 'ANZIN SAINT AUBIN', 'PostalZone': '62223', 'Country': 'FRA'};503791147;True;GEONORD;GEONORD;2026-09-16;{'StreetName': '2 rue de Méru', 'AdditionalStreetName': None, 'CityName': 'VILLENEUVE LES SABLONS', 'PostalZone': '60175', 'Country': 'FRA'};200045177;True;SYNDICAT MIXTE D'EAU POTABLE DES SABLONS;Syndicat Mixte d’Eau Potable des Sablons;;2026-09-15+02:00;services;['Prix', 'Qualité du mémoire technique, pertinence de la méthodologie', 'Délai d’exécution'];['prix', 'qualite', 'delai'];[40.0, 55.0, 5.0];;False;265125.0;False;{'StreetName': '2 rue de Méru', 'CityName': 'VILLENEUVE LES SABLONS', 'PostalZone': '60175', 'NUTS': 'FRE22', 'Country': 'FRA'};;;26-89196;;263471.0;265125.0;LOT-0001;79311000;;1;3;;Études BAC de 7 captages du SMEPS – Diagnostics des pressions, programme d’actions et stratégie foncière;ouverte;PPP232-104/6104/2026SMEPS-PI-02;;;;False;False;False;263471.0;7354.0;Syndicat mixte fermé ;3  à  5;<NA>;2014-01-01;84.11Z;2008;5499.0;Société à responsabilité limitée (sans autre indication);10  à  19;False;<NA>;2008;M;71;71.1;71.12;71.12B;2008-03-01;(50.31677, 2.745023);Anzin-Saint-Aubin;Pas-de-Calais;Hauts-de-France;(49.237954, 2.07832);Villeneuve-les-Sablons;Oise;Hauts-de-France;;;;;;;;
False;['71241000'];;True;False;False;attribue;{'StreetName': '32 Rue Gutenberg', 'AdditionalStreetName': None, 'CityName': 'Joue-Les-Tours', 'PostalZone': '37300', 'Country': 'FRA'};489626135;False;INGEROP CONSEIL ET INGENIERIE (ICI);INGEROP CONSEIL ET INGENIERIE (ICI);2026-09-16;{'StreetName': '20 rue du Change', 'AdditionalStreetName': None, 'CityName': 'Beaugency', 'PostalZone': '45190', 'Country': 'FRA'};214500282;False;COMMUNE DE BEAUGENCY;Ville de Beaugency;;2026-09-01+02:00;services;"[""Valeur technique de l'offre appréciée à l'aide du mémoire technique"", 'Prix']";['technique', 'prix'];[60.0, 40.0];3150.0;False;350000.0;False;;;;26-88825;;472435.0;;LOT-0000;71300000;;1;1;;Etudes de faisabilité et aménagement d'une nouvelle voie de liaison entre les communes de Beaugency et Tavers;ouverte;261605;;;;False;False;False;472435.0;7210.0;Commune et commune nouvelle ;200  à  249;<NA>;1978-01-01;84.11Z;2008;5710.0;SAS, société par actions simplifiée;1 000  à  1 999;False;<NA>;2008;M;71;71.1;71.12;71.12B;2006-01-01;(47.347971, 0.647881);Joué-lès-Tours;Indre-et-Loire;Centre-Val de Loire;(47.777949, 1.631599);Beaugency;Loiret;Centre-Val de Loire;;;;;;;;
False;;;True;True;False;attribue;{'StreetName': '96 rue des trois Fontanot', 'AdditionalStreetName': None, 'CityName': 'Nanterre Cedex', 'PostalZone': '92744', 'Country': 'FRA'};424982650;True;SCC FRANCE;SCC France;2026-09-16;{'StreetName': '24 rue Coat-ar-Guéven, CS 73826, F', 'AdditionalStreetName': None, 'CityName': 'Brest cedex 02', 'PostalZone': '29238 \nBrest cedex 02', 'Country': 'FRA'};242900314;True;BREST METROPOLE;Brest Métropole;;;fournitures;['Prix', 'Valeur technique', 'Performance environnementale'];['prix', 'technique', 'environnemental'];[75.0, 20.0, 5.0];720.0;True;;False;{'StreetName': None, 'CityName': None, 'PostalZone': None, 'NUTS': 'FRH02', 'Country': 'FRA'};sans remise en concurrence;;26-88863;;56166.4;;LOT-0001;48000000;;2;1;;Fourniture de logiciels informatiques;ouverte;Brest-M-DCP-2026-5061;1.0;;;False;False;False;414070.0;7344.0;Métropole;2 000  à  4 999;<NA>;1978-01-01;84.11Z;2008;5710.0;SAS, société par actions simplifiée;2 000  à  4 999;False;False;2008;G;46;46.5;46.51;46.51Z;1999-10-27;(48.894972, 2.223825);Nanterre;Hauts-de-Seine;Île-de-France;(48.39371, -4.48305);Brest;Finistère;Bretagne;;;;;;;;
False;;;True;True;False;attribue;{'StreetName': '96 rue des trois Fontanot', 'AdditionalStreetName': None, 'CityName': 'Nanterre Cedex', 'PostalZone': '92744', 'Country': 'FRA'};424982650;True;SCC FRANCE;SCC France;2026-09-16;{'StreetName': '24 rue Coat-ar-Guéven, CS 73826, F', 'AdditionalStreetName': None, 'CityName': 'Brest cedex 02', 'PostalZone': '29238 \nBrest cedex 02', 'Country': 'FRA'};242900314;True;BREST METROPOLE;Brest Métropole;;;fournitures;['Prix', 'Valeur technique', 'Performance environnementale'];['prix', 'technique', 'environnemental'];[75.0, 20.0, 5.0];720.0;True;;False;{'StreetName': None, 'CityName': None, 'PostalZone': None, 'NUTS': 'FRH02', 'Country': 'FRA'};sans remise en concurrence;;26-88863;;357903.6;;LOT-0002;48000000;;2;1;;Fourniture de logiciels informatiques;ouverte;Brest-M-DCP-2026-5061;1.0;;;False;False;False;414070.0;7344.0;Métropole;2 000  à  4 999;<NA>;1978-01-01;84.11Z;2008;5710.0;SAS, société par actions simplifiée;2 000  à  4 999;False;False;2008;G;46;46.5;46.51;46.51Z;1999-10-27;(48.894972, 2.223825);Nanterre;Hauts-de-Seine;Île-de-France;(48.39371, -4.48305);Brest;Finistère;Bretagne;;;;;;;;
False;;;True;True;False;attribue;{'StreetName': None, 'AdditionalStreetName': None, 'CityName': 'DARDILLY', 'PostalZone': '69570', 'Country': 'FRA'};409593431;True;MUTERLOGER;MUTER LOGER;2026-09-16;{'StreetName': 'PFC BREST BCRM de BREST - CC20', 'AdditionalStreetName': None, 'CityName': 'BREST CEDEX 9', 'PostalZone': '29240', 'Country': 'FRA'};130015399;True;;PFC BREST;;2027-01-01+01:00;services;"['Prix (sur 60 points);Valeur technique (sur 30 points) ;Gestion de l’environnement (sur 10 points).']";['environnemental'];[60.0, 30.0, 10.0];;True;115968000.0;False;{'StreetName': None, 'CityName': None, 'PostalZone': None, 'NUTS': 'FRH02', 'Country': 'FRA'};sans remise en concurrence;;26-89133;;57984000.0;57984000.0;LOT-0001;60000000;231936000.0;8;5;;prestation de plateforme numérique de mise en relation des administrés du MINARM et de la GN avec des sociétés de déménagement dans le cadre d’une mobilité professionnelle avec changement de résidence;ouverte;DAF_2025_001653;3.0;;;True;False;False;;;;;;<NA>;<NA>;<NA>;5710.0;SAS, société par actions simplifiée;10  à  19;False;<NA>;2008;H;52;52.2;52.29;52.29B;1996-11-01;;Dardilly;Rhône;Auvergne-Rhône-Alpes;;;;;;;;;;;;
False;;;True;True;False;attribue;{'StreetName': None, 'AdditionalStreetName': None, 'CityName': 'GENNEVILLIERS', 'PostalZone': '92230', 'Country': 'FRA'};378473532;True;EXECUTIVE RELOCATIONS;EXECUTIVE RELOCATIONS;2026-09-16;{'StreetName': 'PFC BREST BCRM de BREST - CC20', 'AdditionalStreetName': None, 'CityName': 'BREST CEDEX 9', 'PostalZone': '29240', 'Country': 'FRA'};130015399;True;;PFC BREST;;2027-01-01+01:00;services;"['Prix (sur 60 points);Valeur technique (sur 30 points) ;Gestion de l’environnement (sur 10 points).']";['environnemental'];[60.0, 30.0, 10.0];;True;115968000.0;False;{'StreetName': None, 'CityName': None, 'PostalZone': None, 'NUTS': 'FRH02', 'Country': 'FRA'};sans remise en concurrence;;26-89133;;57984000.0;57984000.0;LOT-0001;60000000;231936000.0;8;5;;prestation de plateforme numérique de mise en relation des administrés du MINARM et de la GN avec des sociétés de déménagement dans le cadre d’une mobilité professionnelle avec changement de résidence;ouverte;DAF_2025_001653;3.0;;;True;False;False;;;;;;<NA>;<NA>;<NA>;5710.0;SAS, société par actions simplifiée;50  à  99;False;<NA>;2008;M;70;70.2;70.22;70.22Z;1990-05-01;;Gennevilliers;Hauts-de-Seine;Île-de-France;;;;;;;;;;;;
False;;;True;True;False;attribue;{'StreetName': None, 'AdditionalStreetName': None, 'CityName': 'PARIS', 'PostalZone': '75017', 'Country': 'FRA'};524746021;True;I-DEMENAGER;NEXTORIES / I-DEMENAGER;2026-09-16;{'StreetName': 'PFC BREST BCRM de BREST - CC20', 'AdditionalStreetName': None, 'CityName': 'BREST CEDEX 9', 'PostalZone': '29240', 'Country': 'FRA'};130015399;True;;PFC BREST;;2027-01-01+01:00;services;"['Prix (sur 60 points);Valeur technique (sur 30 points) ;Gestion de l’environnement (sur 10 points).']";['environnemental'];[60.0, 30.0, 10.0];;True;115968000.0;False;{'StreetName': None, 'CityName': None, 'PostalZone': None, 'NUTS': 'FRH02', 'Country': 'FRA'};sans remise en concurrence;;26-89133;;57984000.0;57984000.0;LOT-0001;60000000;231936000.0;8;5;;prestation de plateforme numérique de mise en relation des administrés du MINARM et de la GN avec des sociétés de déménagement dans le cadre d’une mobilité professionnelle avec changement de résidence;ouverte;DAF_2025_001653;3.0;;;True;False;False;;;;;;<NA>;<NA>;<NA>;5710.0;SAS, société par actions simplifiée;20  à  49;False;<NA>;2008;H;52;52.2;52.29;52.29B;2010-09-01;;Paris;Paris;Île-de-France;;;;;;;;;;;;
False;;;True;True;False;attribue;{'StreetName': None, 'AdditionalStreetName': None, 'CityName': 'MONTELIMAR', 'PostalZone': '26206', 'Country': 'FRA'};793755414;True;GD DEMENAGEMENT;GD DEMENAGEMENT;2026-09-16;{'StreetName': 'PFC BREST BCRM de BREST - CC20', 'AdditionalStreetName': None, 'CityName': 'BREST CEDEX 9', 'PostalZone': '29240', 'Country': 'FRA'};130015399;True;;PFC BREST;;2027-01-01+01:00;services;"['Prix (sur 60 points);Valeur technique (sur 30 points) ;Gestion de l’environnement (sur 10 points).']";['environnemental'];[60.0, 30.0, 10.0];;True;115968000.0;False;{'StreetName': None, 'CityName': None, 'PostalZone': None, 'NUTS': 'FRH02', 'Country': 'FRA'};sans remise en concurrence;;26-89133;;57984000.0;57984000.0;LOT-0001;60000000;231936000.0;8;5;;prestation de plateforme numérique de mise en relation des administrés du MINARM et de la GN avec des sociétés de déménagement dans le cadre d’une mobilité professionnelle avec changement de résidence;ouverte;DAF_2025_001653;3.0;;;True;False;False;;;;;;<NA>;<NA>;<NA>;5710.0;SAS, société par actions simplifiée;10  à  19;False;<NA>;2008;H;52;52.2;52.29;52.29B;2013-05-09;;Montélimar;Drôme;Auvergne-Rhône-Alpes;;;;;;;;;;;;
False;;;True;True;False;attribue;{'StreetName': None, 'AdditionalStreetName': None, 'CityName': 'DARDILLY', 'PostalZone': '69570', 'Country': 'FRA'};409593431;True;MUTERLOGER;MUTER LOGER;2026-09-16;{'StreetName': 'PFC BREST BCRM de BREST - CC20', 'AdditionalStreetName': None, 'CityName': 'BREST CEDEX 9', 'PostalZone': '29240', 'Country': 'FRA'};130015399;True;;PFC BREST;;2027-01-01+01:00;services;"['Prix (sur 60 points);Valeur technique (sur 30 points) ;Gestion de l’environnement (sur 10 points).']";['environnemental'];[60.0, 30.0, 10.0];;True;115968000.0;False;{'StreetName': None, 'CityName': None, 'PostalZone': None, 'NUTS': 'FRH02', 'Country': 'FRA'};sans remise en concurrence;;26-89133;;57984000.0;57984000.0;LOT-0002;60000000;231936000.0;8;5;;prestation de plateforme numérique de mise en relation des administrés du MINARM et de la GN avec des sociétés de déménagement dans le cadre d’une mobilité professionnelle avec changement de résidence;ouverte;DAF_2025_001653;3.0;;;True;False;False;;;;;;<NA>;<NA>;<NA>;5710.0;SAS, société par actions simplifiée;10  à  19;False;<NA>;2008;H;52;52.2;52.29;52.29B;1996-11-01;;Dardilly;Rhône;Auvergne-Rhône-Alpes;;;;;;;;;;;;
False;;;True;True;False;attribue;{'StreetName': None, 'AdditionalStreetName': None, 'CityName': 'GENNEVILLIERS', 'PostalZone': '92230', 'Country': 'FRA'};378473532;True;EXECUTIVE RELOCATIONS;EXECUTIVE RELOCATIONS;2026-09-16;{'StreetName': 'PFC BREST BCRM de BREST - CC20', 'AdditionalStreetName': None, 'CityName': 'BREST CEDEX 9', 'PostalZone': '29240', 'Country': 'FRA'};130015399;True;;PFC BREST;;2027-01-01+01:00;services;"['Prix (sur 60 points);Valeur technique (sur 30 points) ;Gestion de l’environnement (sur 10 points).']";['environnemental'];[60.0, 30.0, 10.0];;True;115968000.0;False;{'StreetName': None, 'CityName': None, 'PostalZone': None, 'NUTS': 'FRH02', 'Country': 'FRA'};sans remise en concurrence;;26-89133;;57984000.0;57984000.0;LOT-0002;60000000;231936000.0;8;5;;prestation de plateforme numérique de mise en relation des administrés du MINARM et de la GN avec des sociétés de déménagement dans le cadre d’une mobilité professionnelle avec changement de résidence;ouverte;DAF_2025_001653;3.0;;;True;False;False;;;;;;<NA>;<NA>;<NA>;5710.0;SAS, société par actions simplifiée;50  à  99;False;<NA>;2008;M;70;70.2;70.22;70.22Z;1990-05-01;;Gennevilliers;Hauts-de-Seine;Île-de-France;;;;;;;;;;;;
False;;;True;True;False;attribue;{'StreetName': None, 'AdditionalStreetName': None, 'CityName': 'PARIS', 'PostalZone': '75017', 'Country': 'FRA'};524746021;True;I-DEMENAGER;NEXTORIES / I-DEMENAGER;2026-09-16;{'StreetName': 'PFC BREST BCRM de BREST - CC20', 'AdditionalStreetName': None, 'CityName': 'BREST CEDEX 9', 'PostalZone': '29240', 'Country': 'FRA'};130015399;True;;PFC BREST;;2027-01-01+01:00;services;"['Prix (sur 60 points);Valeur technique (sur 30 points) ;Gestion de l’environnement (sur 10 points).']";['environnemental'];[60.0, 30.0, 10.0];;True;115968000.0;False;{'StreetName': None, 'CityName': None, 'PostalZone': None, 'NUTS': 'FRH02', 'Country': 'FRA'};sans remise en concurrence;;26-89133;;57984000.0;57984000.0;LOT-0002;60000000;231936000.0;8;5;;prestation de plateforme numérique de mise en relation des administrés du MINARM et de la GN avec des sociétés de déménagement dans le cadre d’une mobilité professionnelle avec changement de résidence;ouverte;DAF_2025_001653;3.0;;;True;False;False;;;;;;<NA>;<NA>;<NA>;5710.0;SAS, société par actions simplifiée;20  à  49;False;<NA>;2008;H;52;52.2;52.29;52.29B;2010-09-01;;Paris;Paris;Île-de-France;;;;;;;;;;;;
False;;;True;True;False;attribue;{'StreetName': None, 'AdditionalStreetName': None, 'CityName': 'MONTELIMAR', 'PostalZone': '26206', 'Country': 'FRA'};793755414;True;GD DEMENAGEMENT;GD DEMENAGEMENT;2026-09-16;{'StreetName': 'PFC BREST BCRM de BREST - CC20', 'AdditionalStreetName': None, 'CityName': 'BREST CEDEX 9', 'PostalZone': '29240', 'Country': 'FRA'};130015399;True;;PFC BREST;;2027-01-01+01:00;services;"['Prix (sur 60 points);Valeur technique (sur 30 points) ;Gestion de l’environnement (sur 10 points).']";['environnemental'];[60.0, 30.0, 10.0];;True;115968000.0;False;{'StreetName': None, 'CityName': None, 'PostalZone': None, 'NUTS': 'FRH02', 'Country': 'FRA'};sans remise en concurrence;;26-89133;;57984000.0;57984000.0;LOT-0002;60000000;231936000.0;8;5;;prestation de plateforme numérique de mise en relation des administrés du MINARM et de la GN avec des sociétés de déménagement dans le cadre d’une mobilité professionnelle avec changement de résidence;ouverte;DAF_2025_001653;3.0;;;True;False;False;;;;;;<NA>;<NA>;<NA>;5710.0;SAS, société par actions simplifiée;10  à  19;False;<NA>;2008;H;52;52.2;52.29;52.29B;2013-05-09;;Montélimar;Drôme;Auvergne-Rhône-Alpes;;;;;;;;;;;;
False;;;True;True;False;attribue;{'StreetName': None, 'AdditionalStreetName': None, 'CityName': 'DARDILLY', 'PostalZone': '69570', 'Country': 'FRA'};409593431;True;MUTERLOGER;MUTER LOGER;2026-09-16;{'StreetName': 'PFC BREST BCRM de BREST - CC20', 'AdditionalStreetName': None, 'CityName': 'BREST CEDEX 9', 'PostalZone': '29240', 'Country': 'FRA'};130015399;True;;PFC BREST;;2027-01-01+01:00;services;"['Prix (sur 60 points);Valeur technique (sur 30 points) ;Gestion de l’environnement (sur 10 points).']";['environnemental'];[60.0, 30.0, 10.0];;True;115968000.0;False;{'StreetName': None, 'CityName': None, 'PostalZone': None, 'NUTS': 'FRH02', 'Country': 'FRA'};sans remise en concurrence;;26-89133;;57984000.0;57984000.0;LOT-0001;60000000;231936000.0;8;5;;prestation de plateforme numérique de mise en relation des administrés du MINARM et de la GN avec des sociétés de déménagement dans le cadre d’une mobilité professionnelle avec changement de résidence;ouverte;DAF_2025_001653;3.0;;;True;False;False;;;;;;<NA>;<NA>;<NA>;5710.0;SAS, société par actions simplifiée;10  à  19;False;<NA>;2008;H;52;52.2;52.29;52.29B;1996-11-01;;Dardilly;Rhône;Auvergne-Rhône-Alpes;;;;;;;;;;;;
False;;;True;True;False;attribue;{'StreetName': None, 'AdditionalStreetName': None, 'CityName': 'GENNEVILLIERS', 'PostalZone': '92230', 'Country': 'FRA'};378473532;True;EXECUTIVE RELOCATIONS;EXECUTIVE RELOCATIONS;2026-09-16;{'StreetName': 'PFC BREST BCRM de BREST - CC20', 'AdditionalStreetName': None, 'CityName': 'BREST CEDEX 9', 'PostalZone': '29240', 'Country': 'FRA'};130015399;True;;PFC BREST;;2027-01-01+01:00;services;"['Prix (sur 60 points);Valeur technique (sur 30 points) ;Gestion de l’environnement (sur 10 points).']";['environnemental'];[60.0, 30.0, 10.0];;True;115968000.0;False;{'StreetName': None, 'CityName': None, 'PostalZone': None, 'NUTS': 'FRH02', 'Country': 'FRA'};sans remise en concurrence;;26-89133;;57984000.0;57984000.0;LOT-0001;60000000;231936000.0;8;5;;prestation de plateforme numérique de mise en relation des administrés du MINARM et de la GN avec des sociétés de déménagement dans le cadre d’une mobilité professionnelle avec changement de résidence;ouverte;DAF_2025_001653;3.0;;;True;False;False;;;;;;<NA>;<NA>;<NA>;5710.0;SAS, société par actions simplifiée;50  à  99;False;<NA>;2008;M;70;70.2;70.22;70.22Z;1990-05-01;;Gennevilliers;Hauts-de-Seine;Île-de-France;;;;;;;;;;;;
False;;;True;True;False;attribue;{'StreetName': None, 'AdditionalStreetName': None, 'CityName': 'PARIS', 'PostalZone': '75017', 'Country': 'FRA'};524746021;True;I-DEMENAGER;NEXTORIES / I-DEMENAGER;2026-09-16;{'StreetName': 'PFC BREST BCRM de BREST - CC20', 'AdditionalStreetName': None, 'CityName': 'BREST CEDEX 9', 'PostalZone': '29240', 'Country': 'FRA'};130015399;True;;PFC BREST;;2027-01-01+01:00;services;"['Prix (sur 60 points);Valeur technique (sur 30 points) ;Gestion de l’environnement (sur 10 points).']";['environnemental'];[60.0, 30.0, 10.0];;True;115968000.0;False;{'StreetName': None, 'CityName': None, 'PostalZone': None, 'NUTS': 'FRH02', 'Country': 'FRA'};sans remise en concurrence;;26-89133;;57984000.0;57984000.0;LOT-0001;60000000;231936000.0;8;5;;prestation de plateforme numérique de mise en relation des administrés du MINARM et de la GN avec des sociétés de déménagement dans le cadre d’une mobilité professionnelle avec changement de résidence;ouverte;DAF_2025_001653;3.0;;;True;False;False;;;;;;<NA>;<NA>;<NA>;5710.0;SAS, société par actions simplifiée;20  à  49;False;<NA>;2008;H;52;52.2;52.29;52.29B;2010-09-01;;Paris;Paris;Île-de-France;;;;;;;;;;;;
False;;;True;True;False;attribue;{'StreetName': None, 'AdditionalStreetName': None, 'CityName': 'MONTELIMAR', 'PostalZone': '26206', 'Country': 'FRA'};793755414;True;GD DEMENAGEMENT;GD DEMENAGEMENT;2026-09-16;{'StreetName': 'PFC BREST BCRM de BREST - CC20', 'AdditionalStreetName': None, 'CityName': 'BREST CEDEX 9', 'PostalZone': '29240', 'Country': 'FRA'};130015399;True;;PFC BREST;;2027-01-01+01:00;services;"['Prix (sur 60 points);Valeur technique (sur 30 points) ;Gestion de l’environnement (sur 10 points).']";['environnemental'];[60.0, 30.0, 10.0];;True;115968000.0;False;{'StreetName': None, 'CityName': None, 'PostalZone': None, 'NUTS': 'FRH02', 'Country': 'FRA'};sans remise en concurrence;;26-89133;;57984000.0;57984000.0;LOT-0001;60000000;231936000.0;8;5;;prestation de plateforme numérique de mise en relation des administrés du MINARM et de la GN avec des sociétés de déménagement dans le cadre d’une mobilité professionnelle avec changement de résidence;ouverte;DAF_2025_001653;3.0;;;True;False;False;;;;;;<NA>;<NA>;<NA>;5710.0;SAS, société par actions simplifiée;10  à  19;False;<NA>;2008;H;52;52.2;52.29;52.29B;2013-05-09;;Montélimar;Drôme;Auvergne-Rhône-Alpes;;;;;;;;;;;;
False;;;True;True;False;attribue;{'StreetName': None, 'AdditionalStreetName': None, 'CityName': 'DARDILLY', 'PostalZone': '69570', 'Country': 'FRA'};409593431;True;MUTERLOGER;MUTER LOGER;2026-09-16;{'StreetName': 'PFC BREST BCRM de BREST - CC20', 'AdditionalStreetName': None, 'CityName': 'BREST CEDEX 9', 'PostalZone': '29240', 'Country': 'FRA'};130015399;True;;PFC BREST;;2027-01-01+01:00;services;"['Prix (sur 60 points);Valeur technique (sur 30 points) ;Gestion de l’environnement (sur 10 points).']";['environnemental'];[60.0, 30.0, 10.0];;True;115968000.0;False;{'StreetName': None, 'CityName': None, 'PostalZone': None, 'NUTS': 'FRH02', 'Country': 'FRA'};sans remise en concurrence;;26-89133;;57984000.0;57984000.0;LOT-0002;60000000;231936000.0;8;5;;prestation de plateforme numérique de mise en relation des administrés du MINARM et de la GN avec des sociétés de déménagement dans le cadre d’une mobilité professionnelle avec changement de résidence;ouverte;DAF_2025_001653;3.0;;;True;False;False;;;;;;<NA>;<NA>;<NA>;5710.0;SAS, société par actions simplifiée;10  à  19;False;<NA>;2008;H;52;52.2;52.29;52.29B;1996-11-01;;Dardilly;Rhône;Auvergne-Rhône-Alpes;;;;;;;;;;;;
False;;;True;True;False;attribue;{'StreetName': None, 'AdditionalStreetName': None, 'CityName': 'GENNEVILLIERS', 'PostalZone': '92230', 'Country': 'FRA'};378473532;True;EXECUTIVE RELOCATIONS;EXECUTIVE RELOCATIONS;2026-09-16;{'StreetName': 'PFC BREST BCRM de BREST - CC20', 'AdditionalStreetName': None, 'CityName': 'BREST CEDEX 9', 'PostalZone': '29240', 'Country': 'FRA'};130015399;True;;PFC BREST;;2027-01-01+01:00;services;"['Prix (sur 60 points);Valeur technique (sur 30 points) ;Gestion de l’environnement (sur 10 points).']";['environnemental'];[60.0, 30.0, 10.0];;True;115968000.0;False;{'StreetName': None, 'CityName': None, 'PostalZone': None, 'NUTS': 'FRH02', 'Country': 'FRA'};sans remise en concurrence;;26-89133;;57984000.0;57984000.0;LOT-0002;60000000;231936000.0;8;5;;prestation de plateforme numérique de mise en relation des administrés du MINARM et de la GN avec des sociétés de déménagement dans le cadre d’une mobilité professionnelle avec changement de résidence;ouverte;DAF_2025_001653;3.0;;;True;False;False;;;;;;<NA>;<NA>;<NA>;5710.0;SAS, société par actions simplifiée;50  à  99;False;<NA>;2008;M;70;70.2;70.22;70.22Z;1990-05-01;;Gennevilliers;Hauts-de-Seine;Île-de-France;;;;;;;;;;;;
False;;;True;True;False;attribue;{'StreetName': None, 'AdditionalStreetName': None, 'CityName': 'PARIS', 'PostalZone': '75017', 'Country': 'FRA'};524746021;True;I-DEMENAGER;NEXTORIES / I-DEMENAGER;2026-09-16;{'StreetName': 'PFC BREST BCRM de BREST - CC20', 'AdditionalStreetName': None, 'CityName': 'BREST CEDEX 9', 'PostalZone': '29240', 'Country': 'FRA'};130015399;True;;PFC BREST;;2027-01-01+01:00;services;"['Prix (sur 60 points);Valeur technique (sur 30 points) ;Gestion de l’environnement (sur 10 points).']";['environnemental'];[60.0, 30.0, 10.0];;True;115968000.0;False;{'StreetName': None, 'CityName': None, 'PostalZone': None, 'NUTS': 'FRH02', 'Country': 'FRA'};sans remise en concurrence;;26-89133;;57984000.0;57984000.0;LOT-0002;60000000;231936000.0;8;5;;prestation de plateforme numérique de mise en relation des administrés du MINARM et de la GN avec des sociétés de déménagement dans le cadre d’une mobilité professionnelle avec changement de résidence;ouverte;DAF_2025_001653;3.0;;;True;False;False;;;;;;<NA>;<NA>;<NA>;5710.0;SAS, société par actions simplifiée;20  à  49;False;<NA>;2008;H;52;52.2;52.29;52.29B;2010-09-01;;Paris;Paris;Île-de-France;;;;;;;;;;;;
False;;;True;True;False;attribue;{'StreetName': None, 'AdditionalStreetName': None, 'CityName': 'MONTELIMAR', 'PostalZone': '26206', 'Country': 'FRA'};793755414;True;GD DEMENAGEMENT;GD DEMENAGEMENT;2026-09-16;{'StreetName': 'PFC BREST BCRM de BREST - CC20', 'AdditionalStreetName': None, 'CityName': 'BREST CEDEX 9', 'PostalZone': '29240', 'Country': 'FRA'};130015399;True;;PFC BREST;;2027-01-01+01:00;services;"['Prix (sur 60 points);Valeur technique (sur 30 points) ;Gestion de l’environnement (sur 10 points).']";['environnemental'];[60.0, 30.0, 10.0];;True;115968000.0;False;{'StreetName': None, 'CityName': None, 'PostalZone': None, 'NUTS': 'FRH02', 'Country': 'FRA'};sans remise en concurrence;;26-89133;;57984000.0;57984000.0;LOT-0002;60000000;231936000.0;8;5;;prestation de plateforme numérique de mise en relation des administrés du MINARM et de la GN avec des sociétés de déménagement dans le cadre d’une mobilité professionnelle avec changement de résidence;ouverte;DAF_2025_001653;3.0;;;True;False;False;;;;;;<NA>;<NA>;<NA>;5710.0;SAS, société par actions simplifiée;10  à  19;False;<NA>;2008;H;52;52.2;52.29;52.29B;2013-05-09;;Montélimar;Drôme;Auvergne-Rhône-Alpes;;;;;;;;;;;;
False;;;True;True;False;attribue;{'StreetName': None, 'AdditionalStreetName': None, 'CityName': 'DARDILLY', 'PostalZone': '69570', 'Country': 'FRA'};409593431;True;MUTERLOGER;MUTER LOGER;2026-09-16;{'StreetName': 'PFC BREST BCRM de BREST - CC20', 'AdditionalStreetName': None, 'CityName': 'BREST CEDEX 9', 'PostalZone': '29240', 'Country': 'FRA'};130015399;True;;PFC BREST;;2027-01-01+01:00;services;"['Prix (sur 60 points);Valeur technique (sur 30 points) ;Gestion de l’environnement (sur 10 points).']";['environnemental'];[60.0, 30.0, 10.0];;True;115968000.0;False;{'StreetName': None, 'CityName': None, 'PostalZone': None, 'NUTS': 'FRH02', 'Country': 'FRA'};sans remise en concurrence;;26-89133;;57984000.0;57984000.0;LOT-0001;60000000;231936000.0;8;5;;prestation de plateforme numérique de mise en relation des administrés du MINARM et de la GN avec des sociétés de déménagement dans le cadre d’une mobilité professionnelle avec changement de résidence;ouverte;DAF_2025_001653;3.0;;;True;False;False;;;;;;<NA>;<NA>;<NA>;5710.0;SAS, société par actions simplifiée;10  à  19;False;<NA>;2008;H;52;52.2;52.29;52.29B;1996-11-01;;Dardilly;Rhône;Auvergne-Rhône-Alpes;;;;;;;;;;;;
False;;;True;True;False;attribue;{'StreetName': None, 'AdditionalStreetName': None, 'CityName': 'GENNEVILLIERS', 'PostalZone': '92230', 'Country': 'FRA'};378473532;True;EXECUTIVE RELOCATIONS;EXECUTIVE RELOCATIONS;2026-09-16;{'StreetName': 'PFC BREST BCRM de BREST - CC20', 'AdditionalStreetName': None, 'CityName': 'BREST CEDEX 9', 'PostalZone': '29240', 'Country': 'FRA'};130015399;True;;PFC BREST;;2027-01-01+01:00;services;"['Prix (sur 60 points);Valeur technique (sur 30 points) ;Gestion de l’environnement (sur 10 points).']";['environnemental'];[60.0, 30.0, 10.0];;True;115968000.0;False;{'StreetName': None, 'CityName': None, 'PostalZone': None, 'NUTS': 'FRH02', 'Country': 'FRA'};sans remise en concurrence;;26-89133;;57984000.0;57984000.0;LOT-0001;60000000;231936000.0;8;5;;prestation de plateforme numérique de mise en relation des administrés du MINARM et de la GN avec des sociétés de déménagement dans le cadre d’une mobilité professionnelle avec changement de résidence;ouverte;DAF_2025_001653;3.0;;;True;False;False;;;;;;<NA>;<NA>;<NA>;5710.0;SAS, société par actions simplifiée;50  à  99;False;<NA>;2008;M;70;70.2;70.22;70.22Z;1990-05-01;;Gennevilliers;Hauts-de-Seine;Île-de-France;;;;;;;;;;;;
False;;;True;True;False;attribue;{'StreetName': None, 'AdditionalStreetName': None, 'CityName': 'PARIS', 'PostalZone': '75017', 'Country': 'FRA'};524746021;True;I-DEMENAGER;NEXTORIES / I-DEMENAGER;2026-09-16;{'StreetName': 'PFC BREST BCRM de BREST - CC20', 'AdditionalStreetName': None, 'CityName': 'BREST CEDEX 9', 'PostalZone': '29240', 'Country': 'FRA'};130015399;True;;PFC BREST;;2027-01-01+01:00;services;"['Prix (sur 60 points);Valeur technique (sur 30 points) ;Gestion de l’environnement (sur 10 points).']";['environnemental'];[60.0, 30.0, 10.0];;True;115968000.0;False;{'StreetName': None, 'CityName': None, 'PostalZone': None, 'NUTS': 'FRH02', 'Country': 'FRA'};sans remise en concurrence;;26-89133;;57984000.0;57984000.0;LOT-0001;60000000;231936000.0;8;5;;prestation de plateforme numérique de mise en relation des administrés du MINARM et de la GN avec des sociétés de déménagement dans le cadre d’une mobilité professionnelle avec changement de résidence;ouverte;DAF_2025_001653;3.0;;;True;False;False;;;;;;<NA>;<NA>;<NA>;5710.0;SAS, société par actions simplifiée;20  à  49;False;<NA>;2008;H;52;52.2;52.29;52.29B;2010-09-01;;Paris;Paris;Île-de-France;;;;;;;;;;;;
False;;;True;True;False;attribue;{'StreetName': None, 'AdditionalStreetName': None, 'CityName': 'MONTELIMAR', 'PostalZone': '26206', 'Country': 'FRA'};793755414;True;GD DEMENAGEMENT;GD DEMENAGEMENT;2026-09-16;{'StreetName': 'PFC BREST BCRM de BREST - CC20', 'AdditionalStreetName': None, 'CityName': 'BREST CEDEX 9', 'PostalZone': '29240', 'Country': 'FRA'};130015399;True;;PFC BREST;;2027-01-01+01:00;services;"['Prix (sur 60 points);Valeur technique (sur 30 points) ;Gestion de l’environnement (sur 10 points).']";['environnemental'];[60.0, 30.0, 10.0];;True;115968000.0;False;{'StreetName': None, 'CityName': None, 'PostalZone': None, 'NUTS': 'FRH02', 'Country': 'FRA'};sans remise en concurrence;;26-89133;;57984000.0;57984000.0;LOT-0001;60000000;231936000.0;8;5;;prestation de plateforme numérique de mise en relation des administrés du MINARM et de la GN avec des sociétés de déménagement dans le cadre d’une mobilité professionnelle avec changement de résidence;ouverte;DAF_2025_001653;3.0;;;True;False;False;;;;;;<NA>;<NA>;<NA>;5710.0;SAS, société par actions simplifiée;10  à  19;False;<NA>;2008;H;52;52.2;52.29;52.29B;2013-05-09;;Montélimar;Drôme;Auvergne-Rhône-Alpes;;;;;;;;;;;;
False;;;True;True;False;attribue;{'StreetName': None, 'AdditionalStreetName': None, 'CityName': 'DARDILLY', 'PostalZone': '69570', 'Country': 'FRA'};409593431;True;MUTERLOGER;MUTER LOGER;2026-09-16;{'StreetName': 'PFC BREST BCRM de BREST - CC20', 'AdditionalStreetName': None, 'CityName': 'BREST CEDEX 9', 'PostalZone': '29240', 'Country': 'FRA'};130015399;True;;PFC BREST;;2027-01-01+01:00;services;"['Prix (sur 60 points);Valeur technique (sur 30 points) ;Gestion de l’environnement (sur 10 points).']";['environnemental'];[60.0, 30.0, 10.0];;True;115968000.0;False;{'StreetName': None, 'CityName': None, 'PostalZone': None, 'NUTS': 'FRH02', 'Country': 'FRA'};sans remise en concurrence;;26-89133;;57984000.0;57984000.0;LOT-0002;60000000;231936000.0;8;5;;prestation de plateforme numérique de mise en relation des administrés du MINARM et de la GN avec des sociétés de déménagement dans le cadre d’une mobilité professionnelle avec changement de résidence;ouverte;DAF_2025_001653;3.0;;;True;False;False;;;;;;<NA>;<NA>;<NA>;5710.0;SAS, société par actions simplifiée;10  à  19;False;<NA>;2008;H;52;52.2;52.29;52.29B;1996-11-01;;Dardilly;Rhône;Auvergne-Rhône-Alpes;;;;;;;;;;;;
False;;;True;True;False;attribue;{'StreetName': None, 'AdditionalStreetName': None, 'CityName': 'GENNEVILLIERS', 'PostalZone': '92230', 'Country': 'FRA'};378473532;True;EXECUTIVE RELOCATIONS;EXECUTIVE RELOCATIONS;2026-09-16;{'StreetName': 'PFC BREST BCRM de BREST - CC20', 'AdditionalStreetName': None, 'CityName': 'BREST CEDEX 9', 'PostalZone': '29240', 'Country': 'FRA'};130015399;True;;PFC BREST;;2027-01-01+01:00;services;"['Prix (sur 60 points);Valeur technique (sur 30 points) ;Gestion de l’environnement (sur 10 points).']";['environnemental'];[60.0, 30.0, 10.0];;True;115968000.0;False;{'StreetName': None, 'CityName': None, 'PostalZone': None, 'NUTS': 'FRH02', 'Country': 'FRA'};sans remise en concurrence;;26-89133;;57984000.0;57984000.0;LOT-0002;60000000;231936000.0;8;5;;prestation de plateforme numérique de mise en relation des administrés du MINARM et de la GN avec des sociétés de déménagement dans le cadre d’une mobilité professionnelle avec changement de résidence;ouverte;DAF_2025_001653;3.0;;;True;False;False;;;;;;<NA>;<NA>;<NA>;5710.0;SAS, société par actions simplifiée;50  à  99;False;<NA>;2008;M;70;70.2;70.22;70.22Z;1990-05-01;;Gennevilliers;Hauts-de-Seine;Île-de-France;;;;;;;;;;;;
False;;;True;True;False;attribue;{'StreetName': None, 'AdditionalStreetName': None, 'CityName': 'PARIS', 'PostalZone': '75017', 'Country': 'FRA'};524746021;True;I-DEMENAGER;NEXTORIES / I-DEMENAGER;2026-09-16;{'StreetName': 'PFC BREST BCRM de BREST - CC20', 'AdditionalStreetName': None, 'CityName': 'BREST CEDEX 9', 'PostalZone': '29240', 'Country': 'FRA'};130015399;True;;PFC BREST;;2027-01-01+01:00;services;"['Prix (sur 60 points);Valeur technique (sur 30 points) ;Gestion de l’environnement (sur 10 points).']";['environnemental'];[60.0, 30.0, 10.0];;True;115968000.0;False;{'StreetName': None, 'CityName': None, 'PostalZone': None, 'NUTS': 'FRH02', 'Country': 'FRA'};sans remise en concurrence;;26-89133;;57984000.0;57984000.0;LOT-0002;60000000;231936000.0;8;5;;prestation de plateforme numérique de mise en relation des administrés du MINARM et de la GN avec des sociétés de déménagement dans le cadre d’une mobilité professionnelle avec changement de résidence;ouverte;DAF_2025_001653;3.0;;;True;False;False;;;;;;<NA>;<NA>;<NA>;5710.0;SAS, société par actions simplifiée;20  à  49;False;<NA>;2008;H;52;52.2;52.29;52.29B;2010-09-01;;Paris;Paris;Île-de-France;;;;;;;;;;;;
False;;;True;True;False;attribue;{'StreetName': None, 'AdditionalStreetName': None, 'CityName': 'MONTELIMAR', 'PostalZone': '26206', 'Country': 'FRA'};793755414;True;GD DEMENAGEMENT;GD DEMENAGEMENT;2026-09-16;{'StreetName': 'PFC BREST BCRM de BREST - CC20', 'AdditionalStreetName': None, 'CityName': 'BREST CEDEX 9', 'PostalZone': '29240', 'Country': 'FRA'};130015399;True;;PFC BREST;;2027-01-01+01:00;services;"['Prix (sur 60 points);Valeur technique (sur 30 points) ;Gestion de l’environnement (sur 10 points).']";['environnemental'];[60.0, 30.0, 10.0];;True;115968000.0;False;{'StreetName': None, 'CityName': None, 'PostalZone': None, 'NUTS': 'FRH02', 'Country': 'FRA'};sans remise en concurrence;;26-89133;;57984000.0;57984000.0;LOT-0002;60000000;231936000.0;8;5;;prestation de plateforme numérique de mise en relation des administrés du MINARM et de la GN avec des sociétés de déménagement dans le cadre d’une mobilité professionnelle avec changement de résidence;ouverte;DAF_2025_001653;3.0;;;True;False;False;;;;;;<NA>;<NA>;<NA>;5710.0;SAS, société par actions simplifiée;10  à  19;False;<NA>;2008;H;52;52.2;52.29;52.29B;2013-05-09;;Montélimar;Drôme;Auvergne-Rhône-Alpes;;;;;;;;;;;;
False;;;True;True;False;attribue;{'StreetName': None, 'AdditionalStreetName': None, 'CityName': 'DARDILLY', 'PostalZone': '69570', 'Country': 'FRA'};409593431;True;MUTERLOGER;MUTER LOGER;2026-09-16;{'StreetName': 'PFC BREST BCRM de BREST - CC20', 'AdditionalStreetName': None, 'CityName': 'BREST CEDEX 9', 'PostalZone': '29240', 'Country': 'FRA'};130015399;True;;PFC BREST;;2027-01-01+01:00;services;"['Prix (sur 60 points);Valeur technique (sur 30 points) ;Gestion de l’environnement (sur 10 points).']";['environnemental'];[60.0, 30.0, 10.0];;True;115968000.0;False;{'StreetName': None, 'CityName': None, 'PostalZone': None, 'NUTS': 'FRH02', 'Country': 'FRA'};sans remise en concurrence;;26-89133;;57984000.0;57984000.0;LOT-0001;60000000;231936000.0;8;5;;prestation de plateforme numérique de mise en relation des administrés du MINARM et de la GN avec des sociétés de déménagement dans le cadre d’une mobilité professionnelle avec changement de résidence;ouverte;DAF_2025_001653;3.0;;;True;False;False;;;;;;<NA>;<NA>;<NA>;5710.0;SAS, société par actions simplifiée;10  à  19;False;<NA>;2008;H;52;52.2;52.29;52.29B;1996-11-01;;Dardilly;Rhône;Auvergne-Rhône-Alpes;;;;;;;;;;;;
False;;;True;True;False;attribue;{'StreetName': None, 'AdditionalStreetName': None, 'CityName': 'GENNEVILLIERS', 'PostalZone': '92230', 'Country': 'FRA'};378473532;True;EXECUTIVE RELOCATIONS;EXECUTIVE RELOCATIONS;2026-09-16;{'StreetName': 'PFC BREST BCRM de BREST - CC20', 'AdditionalStreetName': None, 'CityName': 'BREST CEDEX 9', 'PostalZone': '29240', 'Country': 'FRA'};130015399;True;;PFC BREST;;2027-01-01+01:00;services;"['Prix (sur 60 points);Valeur technique (sur 30 points) ;Gestion de l’environnement (sur 10 points).']";['environnemental'];[60.0, 30.0, 10.0];;True;115968000.0;False;{'StreetName': None, 'CityName': None, 'PostalZone': None, 'NUTS': 'FRH02', 'Country': 'FRA'};sans remise en concurrence;;26-89133;;57984000.0;57984000.0;LOT-0001;60000000;231936000.0;8;5;;prestation de plateforme numérique de mise en relation des administrés du MINARM et de la GN avec des sociétés de déménagement dans le cadre d’une mobilité professionnelle avec changement de résidence;ouverte;DAF_2025_001653;3.0;;;True;False;False;;;;;;<NA>;<NA>;<NA>;5710.0;SAS, société par actions simplifiée;50  à  99;False;<NA>;2008;M;70;70.2;70.22;70.22Z;1990-05-01;;Gennevilliers;Hauts-de-Seine;Île-de-France;;;;;;;;;;;;
False;;;True;True;False;attribue;{'StreetName': None, 'AdditionalStreetName': None, 'CityName': 'PARIS', 'PostalZone': '75017', 'Country': 'FRA'};524746021;True;I-DEMENAGER;NEXTORIES / I-DEMENAGER;2026-09-16;{'StreetName': 'PFC BREST BCRM de BREST - CC20', 'AdditionalStreetName': None, 'CityName': 'BREST CEDEX 9', 'PostalZone': '29240', 'Country': 'FRA'};130015399;True;;PFC BREST;;2027-01-01+01:00;services;"['Prix (sur 60 points);Valeur technique (sur 30 points) ;Gestion de l’environnement (sur 10 points).']";['environnemental'];[60.0, 30.0, 10.0];;True;115968000.0;False;{'StreetName': None, 'CityName': None, 'PostalZone': None, 'NUTS': 'FRH02', 'Country': 'FRA'};sans remise en concurrence;;26-89133;;57984000.0;57984000.0;LOT-0001;60000000;231936000.0;8;5;;prestation de plateforme numérique de mise en relation des administrés du MINARM et de la GN avec des sociétés de déménagement dans le cadre d’une mobilité professionnelle avec changement de résidence;ouverte;DAF_2025_001653;3.0;;;True;False;False;;;;;;<NA>;<NA>;<NA>;5710.0;SAS, société par actions simplifiée;20  à  49;False;<NA>;2008;H;52;52.2;52.29;52.29B;2010-09-01;;Paris;Paris;Île-de-France;;;;;;;;;;;;
False;;;True;True;False;attribue;{'StreetName': None, 'AdditionalStreetName': None, 'CityName': 'MONTELIMAR', 'PostalZone': '26206', 'Country': 'FRA'};793755414;True;GD DEMENAGEMENT;GD DEMENAGEMENT;2026-09-16;{'StreetName': 'PFC BREST BCRM de BREST - CC20', 'AdditionalStreetName': None, 'CityName': 'BREST CEDEX 9', 'PostalZone': '29240', 'Country': 'FRA'};130015399;True;;PFC BREST;;2027-01-01+01:00;services;"['Prix (sur 60 points);Valeur technique (sur 30 points) ;Gestion de l’environnement (sur 10 points).']";['environnemental'];[60.0, 30.0, 10.0];;True;115968000.0;False;{'StreetName': None, 'CityName': None, 'PostalZone': None, 'NUTS': 'FRH02', 'Country': 'FRA'};sans remise en concurrence;;26-89133;;57984000.0;57984000.0;LOT-0001;60000000;231936000.0;8;5;;prestation de plateforme numérique de mise en relation des administrés du MINARM et de la GN avec des sociétés de déménagement dans le cadre d’une mobilité professionnelle avec changement de résidence;ouverte;DAF_2025_001653;3.0;;;True;False;False;;;;;;<NA>;<NA>;<NA>;5710.0;SAS, société par actions simplifiée;10  à  19;False;<NA>;2008;H;52;52.2;52.29;52.29B;2013-05-09;;Montélimar;Drôme;Auvergne-Rhône-Alpes;;;;;;;;;;;;
False;;;True;True;False;attribue;{'StreetName': None, 'AdditionalStreetName': None, 'CityName': 'DARDILLY', 'PostalZone': '69570', 'Country': 'FRA'};409593431;True;MUTERLOGER;MUTER LOGER;2026-09-16;{'StreetName': 'PFC BREST BCRM de BREST - CC20', 'AdditionalStreetName': None, 'CityName': 'BREST CEDEX 9', 'PostalZone': '29240', 'Country': 'FRA'};130015399;True;;PFC BREST;;2027-01-01+01:00;services;"['Prix (sur 60 points);Valeur technique (sur 30 points) ;Gestion de l’environnement (sur 10 points).']";['environnemental'];[60.0, 30.0, 10.0];;True;115968000.0;False;{'StreetName': None, 'CityName': None, 'PostalZone': None, 'NUTS': 'FRH02', 'Country': 'FRA'};sans remise en concurrence;;26-89133;;57984000.0;57984000.0;LOT-0002;60000000;231936000.0;8;5;;prestation de plateforme numérique de mise en relation des administrés du MINARM et de la GN avec des sociétés de déménagement dans le cadre d’une mobilité professionnelle avec changement de résidence;ouverte;DAF_2025_001653;3.0;;;True;False;False;;;;;;<NA>;<NA>;<NA>;5710.0;SAS, société par actions simplifiée;10  à  19;False;<NA>;2008;H;52;52.2;52.29;52.29B;1996-11-01;;Dardilly;Rhône;Auvergne-Rhône-Alpes;;;;;;;;;;;;
False;;;True;True;False;attribue;{'StreetName': None, 'AdditionalStreetName': None, 'CityName': 'GENNEVILLIERS', 'PostalZone': '92230', 'Country': 'FRA'};378473532;True;EXECUTIVE RELOCATIONS;EXECUTIVE RELOCATIONS;2026-09-16;{'StreetName': 'PFC BREST BCRM de BREST - CC20', 'AdditionalStreetName': None, 'CityName': 'BREST CEDEX 9', 'PostalZone': '29240', 'Country': 'FRA'};130015399;True;;PFC BREST;;2027-01-01+01:00;services;"['Prix (sur 60 points);Valeur technique (sur 30 points) ;Gestion de l’environnement (sur 10 points).']";['environnemental'];[60.0, 30.0, 10.0];;True;115968000.0;False;{'StreetName': None, 'CityName': None, 'PostalZone': None, 'NUTS': 'FRH02', 'Country': 'FRA'};sans remise en concurrence;;26-89133;;57984000.0;57984000.0;LOT-0002;60000000;231936000.0;8;5;;prestation de plateforme numérique de mise en relation des administrés du MINARM et de la GN avec des sociétés de déménagement dans le cadre d’une mobilité professionnelle avec changement de résidence;ouverte;DAF_2025_001653;3.0;;;True;False;False;;;;;;<NA>;<NA>;<NA>;5710.0;SAS, société par actions simplifiée;50  à  99;False;<NA>;2008;M;70;70.2;70.22;70.22Z;1990-05-01;;Gennevilliers;Hauts-de-Seine;Île-de-France;;;;;;;;;;;;
False;;;True;True;False;attribue;{'StreetName': None, 'AdditionalStreetName': None, 'CityName': 'PARIS', 'PostalZone': '75017', 'Country': 'FRA'};524746021;True;I-DEMENAGER;NEXTORIES / I-DEMENAGER;2026-09-16;{'StreetName': 'PFC BREST BCRM de BREST - CC20', 'AdditionalStreetName': None, 'CityName': 'BREST CEDEX 9', 'PostalZone': '29240', 'Country': 'FRA'};130015399;True;;PFC BREST;;2027-01-01+01:00;services;"['Prix (sur 60 points);Valeur technique (sur 30 points) ;Gestion de l’environnement (sur 10 points).']";['environnemental'];[60.0, 30.0, 10.0];;True;115968000.0;False;{'StreetName': None, 'CityName': None, 'PostalZone': None, 'NUTS': 'FRH02', 'Country': 'FRA'};sans remise en concurrence;;26-89133;;57984000.0;57984000.0;LOT-0002;60000000;231936000.0;8;5;;prestation de plateforme numérique de mise en relation des administrés du MINARM et de la GN avec des sociétés de déménagement dans le cadre d’une mobilité professionnelle avec changement de résidence;ouverte;DAF_2025_001653;3.0;;;True;False;False;;;;;;<NA>;<NA>;<NA>;5710.0;SAS, société par actions simplifiée;20  à  49;False;<NA>;2008;H;52;52.2;52.29;52.29B;2010-09-01;;Paris;Paris;Île-de-France;;;;;;;;;;;;
False;;;True;True;False;attribue;{'StreetName': None, 'AdditionalStreetName': None, 'CityName': 'MONTELIMAR', 'PostalZone': '26206', 'Country': 'FRA'};793755414;True;GD DEMENAGEMENT;GD DEMENAGEMENT;2026-09-16;{'StreetName': 'PFC BREST BCRM de BREST - CC20', 'AdditionalStreetName': None, 'CityName': 'BREST CEDEX 9', 'PostalZone': '29240', 'Country': 'FRA'};130015399;True;;PFC BREST;;2027-01-01+01:00;services;"['Prix (sur 60 points);Valeur technique (sur 30 points) ;Gestion de l’environnement (sur 10 points).']";['environnemental'];[60.0, 30.0, 10.0];;True;115968000.0;False;{'StreetName': None, 'CityName': None, 'PostalZone': None, 'NUTS': 'FRH02', 'Country': 'FRA'};sans remise en concurrence;;26-89133;;57984000.0;57984000.0;LOT-0002;60000000;231936000.0;8;5;;prestation de plateforme numérique de mise en relation des administrés du MINARM et de la GN avec des sociétés de déménagement dans le cadre d’une mobilité professionnelle avec changement de résidence;ouverte;DAF_2025_001653;3.0;;;True;False;False;;;;;;<NA>;<NA>;<NA>;5710.0;SAS, société par actions simplifiée;10  à  19;False;<NA>;2008;H;52;52.2;52.29;52.29B;2013-05-09;;Montélimar;Drôme;Auvergne-Rhône-Alpes;;;;;;;;;;;;
False;;;True;False;False;attribue;{'StreetName': '108 avenue Henri Barbusse', 'AdditionalStreetName': None, 'CityName': 'Asnières-sur-Seine', 'PostalZone': '92600', 'Country': 'FRA'};394165575;True;THE GOOD EXPERIENCE;THE GOOD EXPERIENCE;2026-09-16;{'StreetName': None, 'AdditionalStreetName': None, 'CityName': 'ANNECY', 'PostalZone': '74000', 'Country': 'FRA'};187430012;True;CHAMBRE DE COMMERCE ET D'INDUSTRIE DE LA HAUTE-SAVOIE;CCI HAUTE-SAVOIE;;2026-07-28+02:00;services;['1-Prix des prestations', '2-Valeur technique', '3-Développement Durable'];['prix', 'technique', 'environnemental'];[40.0, 50.0, 10.0];360.0;True;;False;{'StreetName': None, 'CityName': None, 'PostalZone': None, 'NUTS': 'FRK28', 'Country': 'FRA'};sans remise en concurrence;;26-89049;;228580.7;;LOT-0001;79950000;;1;7;;Prestations de conception, réalisation et d'aménagement du stand accueil et des stands entreprises du collectif Auvergne Rhône-Alpes piloté par la CCI Haute-Savoie sur le Salon «Global Industrie 2027»;ouverte;2674H06AO;;;;False;False;False;228580.7;7381.0;Organisme consulaire ;6  à  9;<NA>;1983-03-01;94.11Z;2008;5710.0;SAS, société par actions simplifiée;20  à  49;False;<NA>;2008;N;82;82.3;82.3;82.30Z;1994-02-15;(48.912176, 2.274663);Asnières-sur-Seine;Hauts-de-Seine;Île-de-France;;Annecy;Haute-Savoie;Auvergne-Rhône-Alpes;;;;;;;;
False;['71250000'];;True;False;False;attribue;{'StreetName': '1 Esp Miriam Makeba', 'AdditionalStreetName': None, 'CityName': 'Villeurbanne', 'PostalZone': '69100', 'Country': 'FRA'};345081459;False;SCE;SCE;2026-09-16;"{'StreetName': ""2, place de l'Hôtel de Ville"", 'AdditionalStreetName': 'Bp 80114', 'CityName': 'Thonon-Les-Bains Cedex', 'PostalZone': '74207', 'Country': 'FRA'}";200067551;False;THONON AGGLOMERATION;THONON AGGLOMERATION;;2026-07-15+02:00;services;"[""Valeur technique de l'offre"", 'Prix']";['technique', 'prix'];[60.0, 40.0];2160.0;False;;False;;sans remise en concurrence;;26-89000;;1806035.0;;LOT-0000;71300000;1812000.0;1;4;;Mission de Maitrise d'oeuvre pour l'aménagement de voirie et le dévoiement des réseaux humides pour le Transport à Haut Niveau de Service sur la RD1005 entre Thonon-les-Bains & Veigy-Foncenex;negociee;PAN-2026-03(MOB);;;;False;False;False;1806035.0;7348.0;Communauté d'agglomération ;250  à  499;False;2017-01-01;84.11Z;2008;5710.0;SAS, société par actions simplifiée;500  à  999;False;False;2008;M;71;71.1;71.12;71.12B;1988-05-02;(45.760602, 4.91907);Villeurbanne;Rhône;Auvergne-Rhône-Alpes;(46.373151, 6.47745);Thonon-les-Bains;Haute-Savoie;Auvergne-Rhône-Alpes;;;;;;;;
False;['45112710'];;True;False;False;attribue;{'StreetName': '940 Chemin Des Minimes', 'AdditionalStreetName': None, 'CityName': 'Nimes', 'PostalZone': '30900', 'Country': 'FRA'};775898364;False;ACCOMPAGNEMENT DES PERSONNES EN SITUATION DE HANDICAP DU GARD;ESAT OSARIS;2026-09-16;{'StreetName': '16 rue de la Souleïado', 'AdditionalStreetName': None, 'CityName': 'Caissargues', 'PostalZone': '30132', 'Country': 'FRA'};213000607;False;COMMUNE DE CAISSARGUES;MAIRIE DE CAISSARGUES;;2026-07-03+02:00;services;"[""Valeur technique de l'offre"", 'Prise en compte de la notion de développement durable', ""Coût d'utilisation""]";['technique', 'environnemental', 'prix'];[35.0, 5.0, 60.0];360.0;True;660000.0;False;;;;26-88980;;766836.92;;LOT-0000;77314000;;1;2;;ENTRETIEN DES ESPACES VERTS DE LA COMMUNE DE CAISSARGUES;ouverte;2026.CAIS.02;3.0;;;True;True;True;766836.92;7210.0;Commune et commune nouvelle ;50  à  99;False;1982-01-01;84.11Z;2008;9220.0;Association déclarée ;250  à  499;True;<NA>;2008;Q;88;88.1;88.1;88.10B;1900-01-01;(43.783761, 4.340491);Nîmes;Gard;Occitanie;(43.794805, 4.378787);Caissargues;Gard;Occitanie;;;;;;;;
False;['44110000'];;True;False;False;attribue;"{'StreetName': '83 rue des Mines Innovantes', 'AdditionalStreetName': None, 'CityName': ""Bruay-sur-l'Escaut"", 'PostalZone': '59860', 'Country': 'FRA'}";831687009;True;CONSTRUCTIONS - 3D;CONSTRUCTIONS-3D;2026-09-16;{'StreetName': '23 avenue Albert Einstein', 'AdditionalStreetName': None, 'CityName': 'La Rochelle', 'PostalZone': '17031', 'Country': 'FRA'};191700327;True;LA ROCHELLE UNIVERSITE;Université de La Rochelle;;;fournitures;"[""Valeur technique de l'offre"", 'Prix', 'Délai de livraison', 'Service après-vente', ""Respect de l'environnement""]";['technique', 'prix', 'delai', 'qualite', 'environnemental'];[35.0, 35.0, 10.0, 10.0, 10.0];60.0;False;141000.0;False;{'StreetName': 'Avenue Henri Becquerel', 'CityName': 'La Rochelle', 'PostalZone': '17000', 'NUTS': 'FRI32', 'Country': 'FRA'};;;26-89138;;140455.0;141000.0;LOT-0001;42991200;;1;2;;Acquisition d'une imprimante 3D béton;ouverte;PPP25Q-58/6081/2026.00020.00.17.00;;;;False;False;False;140455.0;7383.0;Établissement public national à caractère scientifique culturel et professionnel ;1 000  à  1 999;False;1993-01-28;85.42Z;2008;5710.0;SAS, société par actions simplifiée;20  à  49;False;<NA>;2008;C;28;28.9;28.92;28.92Z;2017-08-25;(50.388905, 3.524917);Bruay-sur-l'Escaut;Nord;Hauts-de-France;(46.148176, -1.154897);La Rochelle;Charente-Maritime;Nouvelle-Aquitaine;;;;;;;;
False;;;True;False;False;attribue;{'StreetName': '6 Rue Karl Probst', 'AdditionalStreetName': None, 'CityName': 'CAEN', 'PostalZone': '14000', 'Country': 'FRA'};757501028;True;HELIAQ;HELIAQ;2026-09-16;{'StreetName': 'Rue saint laurent', 'AdditionalStreetName': None, 'CityName': 'CAEN', 'PostalZone': '14000', 'Country': 'FRA'};221401185;True;DEPARTEMENT DU CALVADOS;CONSEIL DEPARTEMENTAL DU CALVADOS (CD 14);;;services;;;;365.0;True;;False;{'StreetName': None, 'CityName': None, 'PostalZone': None, 'NUTS': 'FRD11', 'Country': 'FRA'};sans remise en concurrence;;26-88879;;;;LOT-0001;50323000;400000.0;1;1;;2026DSN176 Maintenance des stations de travail et périphériques pour le CD14;ouverte;2026DSN176;3.0;;;False;False;False;;7220.0;Département ;2 000  à  4 999;False;1926-08-01;84.11Z;2008;5710.0;SAS, société par actions simplifiée;250  à  499;False;<NA>;2008;G;46;46.5;46.51;46.51Z;1957-01-01;(49.201013, -0.389974);Caen;Calvados;Normandie;(49.181431, -0.366296);Caen;Calvados;Normandie;;;;;;;;
False;;;True;False;False;attribue;{'StreetName': None, 'AdditionalStreetName': None, 'CityName': 'pessac', 'PostalZone': '33600', 'Country': 'FRA'};308250570;True;ELECTRICITE INDUSTRIELLE J. P. FAUCHE;JP FAUCHE;2026-09-16;{'StreetName': '9 rue de Cursol', 'AdditionalStreetName': None, 'CityName': 'BORDEAUX', 'PostalZone': '33000', 'Country': 'FRA'};130001902;True;;SID SO;;;services;;;;1410.0;True;2333333.0;False;;sans remise en concurrence;;26-88842;;;;LOT-0001;50413200;6800000.0;1;2;;SECURITE INCENDIE;ouverte;DAF_2025_001166;;;;False;False;False;;;;;;<NA>;<NA>;<NA>;5710.0;SAS, société par actions simplifiée;1 000  à  1 999;False;<NA>;2008;F;43;43.2;43.21;43.21A;1977-01-01;;Pessac;Gironde;Nouvelle-Aquitaine;(44.834984, -0.576411);Bordeaux;Gironde;Nouvelle-Aquitaine;;;;;;;;
False;;;True;False;False;attribue;{'StreetName': '33 avenue du Couvent des Minimes', 'AdditionalStreetName': None, 'CityName': 'LA RICHE', 'PostalZone': '37520', 'Country': 'FRA'};315871640;True;IDEX ENERGIES;idex energies;2026-09-16;{'StreetName': 'CS 54030', 'AdditionalStreetName': None, 'CityName': 'Saumur Cedex', 'PostalZone': '49408', 'Country': 'FRA'};214903288;True;COMMUNE DE SAUMUR;Ville de Saumur (49);;;services;"[""Noté selon la formule de notation :\nNote du Prix = (Montant HT de l'offre la plus basse / Montant HT de l'offre examinée) x Nombre de points de la pondération.\nCette formule s'appliquera aux prix des prestations suivantes :\n- Valeur totale du P2 (sur 35 points)\n- Valeur totale du P3 (sur 15 points)\n- Valeur prix unitaire main d’œuvre (sur 7 points)\n- Valeur coefficient sur pièces (sur 3 points)"", ""L'équipe opérationnelle proposée (sur 10 points)\nL'organisation du candidat pour réduire les consommations et faire le suivi (sur 15 points)\nLes renouvellements des installations proposés par le candidat au titre du P3 (sur 15 points)""]";['prix', 'technique'];[60.0, 40.0];1800.0;False;;False;{'StreetName': None, 'CityName': 'Saumur', 'PostalZone': '49400', 'NUTS': 'FRG02', 'Country': 'FRA'};;;26-88961;;679681.0;;LOT-0001;50720000;;1;2;;Exploitation des installations de chauffage, de climatisation et de ventilation - P2 P3;ouverte;;;;;False;False;False;679681.0;7210.0;Commune et commune nouvelle ;500  à  999;False;1983-03-01;84.11Z;2008;5710.0;SAS, société par actions simplifiée;2 000  à  4 999;False;False;2008;C;33;33.1;33.11;33.11Z;1976-01-01;(47.382476, 0.652076);La Riche;Indre-et-Loire;Centre-Val de Loire;(47.262339, -0.103021);Saumur;Maine-et-Loire;Pays de la Loire;;;;;;;;
False;['30192000'];;True;True;False;attribue;{'StreetName': '41 Rue Du Capitaine Guynemer', 'AdditionalStreetName': None, 'CityName': 'Courbevoie', 'PostalZone': '92400', 'Country': 'FRA'};955510029;False;FIDUCIAL BUREAUTIQUE;FIDUCIAL BUREAUTIQUE;2026-09-16;{'StreetName': '106 allée des Blachères - Cs 82618', 'AdditionalStreetName': None, 'CityName': 'Chambery Cedex', 'PostalZone': '73026', 'Country': 'FRA'};200069110;False;GRAND CHAMBERY;GRAND CHAMBERY;;;fournitures;"['Valeur technique', ""Performances en matière de protection de l'environnement"", 'Prix des prestations']";['technique', 'environnemental', 'prix'];[40.0, 15.0, 45.0];;True;548000.0;False;;sans remise en concurrence;;26-89180;;520000.0;;LOT-0001;30192000;548000.0;2;2;;Approvisionnement en fournitures de bureau;ouverte;26AOO037;;;;False;True;False;;7348.0;Communauté d'agglomération ;500  à  999;False;2017-01-01;84.11Z;2008;5710.0;SAS, société par actions simplifiée;500  à  999;False;<NA>;2008;G;46;46.4;46.49;46.49Z;1955-01-01;(48.89576, 2.2435);Courbevoie;Hauts-de-Seine;Île-de-France;(45.598986, 5.89644);Chambéry;Savoie;Auvergne-Rhône-Alpes;;;;;;;;
False;['30193700'];;True;True;False;attribue;{'StreetName': '12 Espace Economique St Pierre', 'AdditionalStreetName': None, 'CityName': 'Peyruis', 'PostalZone': '04310', 'Country': 'FRA'};380437186;False;ATELIERS DE LA VALLEE DES DUYES;ATELIERS DE LA VALLEE DES DUYES;2026-09-16;{'StreetName': '106 allée des Blachères - Cs 82618', 'AdditionalStreetName': None, 'CityName': 'Chambery Cedex', 'PostalZone': '73026', 'Country': 'FRA'};200069110;False;GRAND CHAMBERY;GRAND CHAMBERY;;;fournitures;"['Valeur technique', ""Performances en matière de protection de l'environnement"", 'Prix des prestations']";['technique', 'environnemental', 'prix'];[40.0, 15.0, 45.0];;True;548000.0;False;;sans remise en concurrence;;26-89180;;28000.0;;LOT-0002;30192000;548000.0;2;2;;Approvisionnement en fournitures de bureau;ouverte;26AOO037;;;;False;True;False;;7348.0;Communauté d'agglomération ;500  à  999;False;2017-01-01;84.11Z;2008;5499.0;Société à responsabilité limitée (sans autre indication);10  à  19;<NA>;<NA>;2008;G;46;46.4;46.49;46.49Z;1991-01-02;(44.032848, 5.959206);Peyruis;Alpes-de-Haute-Provence;Provence-Alpes-Côte d'Azur;(45.598986, 5.89644);Chambéry;Savoie;Auvergne-Rhône-Alpes;;;;;;;;
False;;;True;True;False;attribue;{'StreetName': '18 avenue François Mitterrand bp 60045', 'AdditionalStreetName': None, 'CityName': 'METZ', 'PostalZone': '57000', 'Country': 'FRA'};572025526;True;VEOLIA EAU - COMPAGNIE GENERALE DES EAUX;VEOLIA EAU - COMPAGNIE GENERALE DES EAUX - VEOLIA EAU CIE GEN DES EAUX;2026-09-16;{'StreetName': 'place Max Rousseau', 'AdditionalStreetName': None, 'CityName': 'REIMS', 'PostalZone': '51100', 'Country': 'FRA'};200067213;True;COMMUNAUTE URBAINE DU GRAND REIMS;C3C Services Urbains;;2026-09-01+01:00;services;"[""Valeur technique de l'offre"", ""Valeur environnementale de l'offre"", ""Prix de l'offre""]";['technique', 'environnemental', 'prix'];[40.0, 10.0, 50.0];;False;;False;;hybride;;26-88922;;1000000.0;;LOT-0001;90480000;1300000.0;2;1;0.0;Entretien, suivi et dépannage des installations d’eaux usées et d’eaux pluviales - secteur Est et Sud;ouverte;2026-CU_8O-0008;;;;False;False;False;;7343.0;Communauté urbaine ;1 000  à  1 999;False;2017-01-01;84.11Z;2008;5308.0;Société en commandite par actions ;5 000  à  9 999;False;False;2008;E;36;36.0;36.0;36.00Z;1957-01-01;(49.107336, 6.180351);Metz;Moselle;Grand Est;(49.264348, 4.009625);Reims;Marne;Grand Est;;;;;;;;
False;;;True;True;False;attribue;{'StreetName': '18 avenue François Mitterrand bp 60045', 'AdditionalStreetName': None, 'CityName': 'METZ', 'PostalZone': '57000', 'Country': 'FRA'};572025526;True;VEOLIA EAU - COMPAGNIE GENERALE DES EAUX;VEOLIA EAU - COMPAGNIE GENERALE DES EAUX - VEOLIA EAU CIE GEN DES EAUX;2026-09-16;{'StreetName': 'place Max Rousseau', 'AdditionalStreetName': None, 'CityName': 'REIMS', 'PostalZone': '51100', 'Country': 'FRA'};200067213;True;COMMUNAUTE URBAINE DU GRAND REIMS;C3C Services Urbains;;2026-09-01+01:00;services;"[""Valeur technique de l'offre"", ""Valeur environnementale de l'offre"", ""Prix de l'offre""]";['technique', 'environnemental', 'prix'];[40.0, 10.0, 50.0];;False;;False;;hybride;;26-88922;;300000.0;;LOT-0002;90480000;1300000.0;2;2;0.0;Entretien, suivi et dépannage des installations d’eaux usées et d’eaux pluviales - secteur Est et Sud;ouverte;2026-CU_8O-0008;;;;False;False;False;;7343.0;Communauté urbaine ;1 000  à  1 999;False;2017-01-01;84.11Z;2008;5308.0;Société en commandite par actions ;5 000  à  9 999;False;False;2008;E;36;36.0;36.0;36.00Z;1957-01-01;(49.107336, 6.180351);Metz;Moselle;Grand Est;(49.264348, 4.009625);Reims;Marne;Grand Est;;;;;;;;
False;;;True;True;False;attribue;{'StreetName': 'IMPASSE PAUL LANGEVIN', 'AdditionalStreetName': None, 'CityName': 'FAMECK', 'PostalZone': '57290', 'Country': 'FRA'};400242160;True;C2M TECHNOLOGY;C2M TECHNOLOGY;2026-09-16;{'StreetName': 'place Max Rousseau', 'AdditionalStreetName': None, 'CityName': 'REIMS', 'PostalZone': '51100', 'Country': 'FRA'};200067213;True;COMMUNAUTE URBAINE DU GRAND REIMS;C3C Services Urbains;;;fournitures;"[""Valeur technique de l'offre"", ""Valeur environnementale de l'offre"", ""Prix de l'offre""]";['technique', 'environnemental', 'prix'];[10.0, 10.0, 80.0];1440.0;False;;False;;hybride;;26-89004;;150000.0;;LOT-0001;33696500;420000.0;5;3;0.0;Fourniture pour les laboratoires de la Direction de l'Eau et de l'Assainissement;ouverte;2026-CU_8O-9064;;;;False;False;False;;7343.0;Communauté urbaine ;1 000  à  1 999;False;2017-01-01;84.11Z;2008;5710.0;SAS, société par actions simplifiée;3  à  5;False;<NA>;2008;G;46;46.6;46.69;46.69B;1995-03-07;(49.311604, 6.124818);Fameck;Moselle;Grand Est;(49.264348, 4.009625);Reims;Marne;Grand Est;;;;;;;;
False;;;True;True;False;attribue;{'StreetName': '8 MAIL BARTHELEMY THIMONNIER LOGNES', 'AdditionalStreetName': None, 'CityName': 'MARNE LA VALLEE CEDEX 2', 'PostalZone': '77437', 'Country': 'FRA'};480094051;True;HACH LANGE FRANCE;HACH LANGE FRANCE;2026-09-16;{'StreetName': 'place Max Rousseau', 'AdditionalStreetName': None, 'CityName': 'REIMS', 'PostalZone': '51100', 'Country': 'FRA'};200067213;True;COMMUNAUTE URBAINE DU GRAND REIMS;C3C Services Urbains;;;fournitures;"[""Valeur technique de l'offre"", ""Valeur environnementale de l'offre"", ""Prix de l'offre""]";['technique', 'environnemental', 'prix'];[10.0, 10.0, 80.0];1440.0;False;;False;;hybride;;26-89004;;180000.0;;LOT-0002;33696500;420000.0;5;4;0.0;Fourniture pour les laboratoires de la Direction de l'Eau et de l'Assainissement;ouverte;2026-CU_8O-9064;;;;False;False;False;;7343.0;Communauté urbaine ;1 000  à  1 999;False;2017-01-01;84.11Z;2008;5710.0;SAS, société par actions simplifiée;100  à  199;False;<NA>;2008;G;46;46.6;46.69;46.69B;2004-12-27;(48.839152, 2.629684);Lognes;Seine-et-Marne;Île-de-France;(49.264348, 4.009625);Reims;Marne;Grand Est;;;;;;;;
False;;;True;True;False;attribue;{'StreetName': 'IMPASSE PAUL LANGEVIN', 'AdditionalStreetName': None, 'CityName': 'FAMECK', 'PostalZone': '57290', 'Country': 'FRA'};400242160;True;C2M TECHNOLOGY;C2M TECHNOLOGY;2026-09-16;{'StreetName': 'place Max Rousseau', 'AdditionalStreetName': None, 'CityName': 'REIMS', 'PostalZone': '51100', 'Country': 'FRA'};200067213;True;COMMUNAUTE URBAINE DU GRAND REIMS;C3C Services Urbains;;;fournitures;"[""Valeur technique de l'offre"", ""Valeur environnementale de l'offre"", ""Prix de l'offre""]";['technique', 'environnemental', 'prix'];[10.0, 10.0, 80.0];1440.0;False;;False;;hybride;;26-89004;;30000.0;;LOT-0003;33696500;420000.0;5;3;0.0;Fourniture pour les laboratoires de la Direction de l'Eau et de l'Assainissement;ouverte;2026-CU_8O-9064;;;;False;False;False;;7343.0;Communauté urbaine ;1 000  à  1 999;False;2017-01-01;84.11Z;2008;5710.0;SAS, société par actions simplifiée;3  à  5;False;<NA>;2008;G;46;46.6;46.69;46.69B;1995-03-07;(49.311604, 6.124818);Fameck;Moselle;Grand Est;(49.264348, 4.009625);Reims;Marne;Grand Est;;;;;;;;
False;;;True;True;False;attribue;{'StreetName': '2C RUE DE BRUXELLES', 'AdditionalStreetName': None, 'CityName': 'BERNOLSHEIM', 'PostalZone': '67170', 'Country': 'FRA'};325204725;True;DOMINIQUE DUTSCHER S.A;DOMINIQUE DUTSCHER S.A;2026-09-16;{'StreetName': 'place Max Rousseau', 'AdditionalStreetName': None, 'CityName': 'REIMS', 'PostalZone': '51100', 'Country': 'FRA'};200067213;True;COMMUNAUTE URBAINE DU GRAND REIMS;C3C Services Urbains;;;fournitures;"[""Valeur technique de l'offre"", ""Valeur environnementale de l'offre"", ""Prix de l'offre""]";['technique', 'environnemental', 'prix'];[10.0, 10.0, 80.0];1440.0;False;;False;;hybride;;26-89004;;30000.0;;LOT-0004;33696500;420000.0;5;2;0.0;Fourniture pour les laboratoires de la Direction de l'Eau et de l'Assainissement;ouverte;2026-CU_8O-9064;;;;False;False;False;;7343.0;Communauté urbaine ;1 000  à  1 999;False;2017-01-01;84.11Z;2008;5710.0;SAS, société par actions simplifiée;200  à  249;False;<NA>;2008;G;46;46.4;46.46;46.46Z;1982-08-01;(48.749695, 7.674833);Bernolsheim;Bas-Rhin;Grand Est;(49.264348, 4.009625);Reims;Marne;Grand Est;;;;;;;;
False;;;True;True;False;attribue;{'StreetName': 'IMPASSE PAUL LANGEVIN', 'AdditionalStreetName': None, 'CityName': 'FAMECK', 'PostalZone': '57290', 'Country': 'FRA'};400242160;True;C2M TECHNOLOGY;C2M TECHNOLOGY;2026-09-16;{'StreetName': 'place Max Rousseau', 'AdditionalStreetName': None, 'CityName': 'REIMS', 'PostalZone': '51100', 'Country': 'FRA'};200067213;True;COMMUNAUTE URBAINE DU GRAND REIMS;C3C Services Urbains;;;fournitures;"[""Valeur technique de l'offre"", ""Valeur environnementale de l'offre"", ""Prix de l'offre""]";['technique', 'environnemental', 'prix'];[10.0, 10.0, 80.0];1440.0;False;;False;;hybride;;26-89004;;30000.0;;LOT-0005;33696500;420000.0;5;2;0.0;Fourniture pour les laboratoires de la Direction de l'Eau et de l'Assainissement;ouverte;2026-CU_8O-9064;;;;False;False;False;;7343.0;Communauté urbaine ;1 000  à  1 999;False;2017-01-01;84.11Z;2008;5710.0;SAS, société par actions simplifiée;3  à  5;False;<NA>;2008;G;46;46.6;46.69;46.69B;1995-03-07;(49.311604, 6.124818);Fameck;Moselle;Grand Est;(49.264348, 4.009625);Reims;Marne;Grand Est;;;;;;;;
False;['44613700'];;True;False;False;attribue;{'StreetName': None, 'AdditionalStreetName': None, 'CityName': '74307', 'PostalZone': '74350', 'Country': 'FRA'};327020087;True;EXCOFFIER RECYCLAGE;EXCOFFIER RECYCLAGE;2026-09-16;"{'StreetName': ""77 Rue de l'Horloge"", 'AdditionalStreetName': None, 'CityName': 'Gex', 'PostalZone': '01170', 'Country': 'FRA'}";210101739;True;COMMUNE DE GEX;Ville de Gex;;;services;['60%', 'Valeur technique 40%'];['prix', 'technique'];[60.0, 40.0];;False;;False;{'StreetName': '94 rue des Artisans', 'CityName': 'Gex', 'PostalZone': '01170', 'NUTS': 'FRK21', 'Country': 'FRA'};sans remise en concurrence;;26-89221;;;;LOT-0001;90500000;0.0;1;2;;Gestion des déchets du Centre Technique Municipal;ouverte;2026-45;3.0;;;False;False;False;;7210.0;Commune et commune nouvelle ;250  à  499;False;1983-03-01;84.11Z;2008;5710.0;SAS, société par actions simplifiée;250  à  499;False;<NA>;2008;E;38;38.3;38.32;38.32Z;1970-01-01;;;;;(46.333972, 6.058255);Gex;Ain;Auvergne-Rhône-Alpes;;;;;;;;
False;;;True;False;False;attribue;{'StreetName': None, 'AdditionalStreetName': None, 'CityName': 'Grossostheim', 'PostalZone': '63762', 'Country': 'FRA'};;False;;MAAG Germany GmbH;2026-09-16;{'StreetName': '2, rue Pierre et Marie Curie - Bellignat', 'AdditionalStreetName': None, 'CityName': 'BELLIGNAT', 'PostalZone': '01100', 'Country': 'FRA'};353969348;True;CENTRE TECHNIQUE INDUSTRIEL DE LA PLASTURGIE ET DES COMPOSITES;INNOVATION PLASTURGIE COMPOSITES;;2026-09-15+02:00;fournitures;['Technicité', 'Prix'];['qualite', 'prix'];;;False;;False;{'StreetName': None, 'CityName': None, 'PostalZone': None, 'NUTS': 'FRK21', 'Country': 'FRA'};;;26-89139;;31248.0;31248.0;LOT-0001;42990000;;1;2;;système de filtration de matière plastique fondue pour extrudeuse bivis 18 mm;ouverte;;;;;False;False;False;31248.0;8470.0;Centre technique industriel ou comité professionnel du développement économique ;100  à  199;False;1990-03-01;72.19Z;2008;;;;;;<NA>;;;;;<NA>;<NA>;;Carbon-Blanc;Gironde;Nouvelle-Aquitaine;(46.250446, 5.634505);Bellignat;Ain;Auvergne-Rhône-Alpes;;;;;;;;
False;['30192000'];;True;True;False;attribue;{'StreetName': 'Zi De Rouvroy-Morcourt', 'AdditionalStreetName': None, 'CityName': 'Rouvroy', 'PostalZone': '02100', 'Country': 'FRA'};529096661;False;FOURNITURES DISTRIBUTION;FOURNITURES DISTRIBUTION MAJUSCULE;2026-09-16;"{'StreetName': ""Place de l'hôtel de Ville"", 'AdditionalStreetName': None, 'CityName': 'Saint-Quentin', 'PostalZone': '02107', 'Country': 'FRA'}";210206660;False;COMMUNE DE SAINT QUENTIN;Ville de Saint-Quentin;;;fournitures;['Valeur technique', 'Fonctionnalité de la plateforme de commande', 'Valeur environnementale', 'Prix'];['technique', 'technique', 'environnemental', 'prix'];[35.0, 10.0, 5.0, 50.0];;True;1360000.0;False;;sans remise en concurrence;;26-89064;;700000.0;;LOT-0001;30192000;1360000.0;4;2;1.0;Acquisition de fournitures de bureau, fournitures scolaires et pédagogiques;ouverte;26015FCP;3.0;;;True;True;True;;7210.0;Commune et commune nouvelle ;1 000  à  1 999;False;1975-02-05;84.11Z;2008;5710.0;SAS, société par actions simplifiée;10  à  19;False;<NA>;2008;G;46;46.4;46.49;46.49Z;2010-12-15;;;;;(49.846521, 3.287687);Saint-Quentin;Aisne;Hauts-de-France;;;;;;;;
False;['37820000'];;True;True;False;attribue;{'StreetName': '15 Allee De La Sarriette', 'AdditionalStreetName': None, 'CityName': 'Le Thor', 'PostalZone': '84250', 'Country': 'FRA'};444553465;False;LACOSTE;LACOSTE;2026-09-16;"{'StreetName': ""Place de l'hôtel de Ville"", 'AdditionalStreetName': None, 'CityName': 'Saint-Quentin', 'PostalZone': '02107', 'Country': 'FRA'}";210206660;False;COMMUNE DE SAINT QUENTIN;Ville de Saint-Quentin;;;fournitures;['Valeur technique', 'Fonctionnalité de la plateforme de commande', 'Valeur environnementale', 'Prix'];['technique', 'technique', 'environnemental', 'prix'];[35.0, 10.0, 5.0, 50.0];;True;1360000.0;False;;sans remise en concurrence;;26-89064;;520000.0;;LOT-0002;30192000;1360000.0;4;4;2.0;Acquisition de fournitures de bureau, fournitures scolaires et pédagogiques;ouverte;26015FCP;3.0;;;True;True;True;;7210.0;Commune et commune nouvelle ;1 000  à  1 999;False;1975-02-05;84.11Z;2008;5710.0;SAS, société par actions simplifiée;500  à  999;True;<NA>;2008;G;46;46.4;46.49;46.49Z;2003-01-01;(43.921302, 5.014275);Le Thor;Vaucluse;Provence-Alpes-Côte d'Azur;(49.846521, 3.287687);Saint-Quentin;Aisne;Hauts-de-France;;;;;;;;
False;['22112000'];;True;True;False;attribue;{'StreetName': '18 Bd Des Fontenelles', 'AdditionalStreetName': None, 'CityName': 'Brissac Loire Aubance', 'PostalZone': '49250', 'Country': 'FRA'};302135405;False;SAVOIRSPLUS;SAVOIRSPLUS;2026-09-16;"{'StreetName': ""Place de l'hôtel de Ville"", 'AdditionalStreetName': None, 'CityName': 'Saint-Quentin', 'PostalZone': '02107', 'Country': 'FRA'}";210206660;False;COMMUNE DE SAINT QUENTIN;Ville de Saint-Quentin;;;fournitures;['Valeur technique', 'Fonctionnalité de la plateforme de commande', 'Valeur environnementale', 'Prix'];['technique', 'technique', 'environnemental', 'prix'];[35.0, 10.0, 5.0, 50.0];;True;1360000.0;False;;sans remise en concurrence;;26-89064;;120000.0;;LOT-0003;30192000;1360000.0;4;6;4.0;Acquisition de fournitures de bureau, fournitures scolaires et pédagogiques;ouverte;26015FCP;3.0;;;True;True;True;;7210.0;Commune et commune nouvelle ;1 000  à  1 999;False;1975-02-05;84.11Z;2008;5560.0;Autre SA coopérative à conseil d'administration ;100  à  199;True;<NA>;2008;G;46;46.4;46.49;46.49Z;1955-01-01;(47.344208, -0.425764);Brissac Loire Aubance;Maine-et-Loire;Pays de la Loire;(49.846521, 3.287687);Saint-Quentin;Aisne;Hauts-de-France;;;;;;;;
False;['22111000'];;True;True;False;attribue;{'StreetName': '14 Place Saint-Gilles', 'AdditionalStreetName': None, 'CityName': 'Etampes', 'PostalZone': '91150', 'Country': 'FRA'};393365929;False;EDITIONS SAFRAT LIRE C'EST PARTIR;EDITIONS SAFRAT LIRE C'EST PARTIR;2026-09-16;"{'StreetName': ""Place de l'hôtel de Ville"", 'AdditionalStreetName': None, 'CityName': 'Saint-Quentin', 'PostalZone': '02107', 'Country': 'FRA'}";210206660;False;COMMUNE DE SAINT QUENTIN;Ville de Saint-Quentin;;;fournitures;['Valeur technique', 'Fonctionnalité de la plateforme de commande', 'Valeur environnementale', 'Prix'];['technique', 'technique', 'environnemental', 'prix'];[35.0, 10.0, 5.0, 50.0];;True;1360000.0;False;;sans remise en concurrence;;26-89064;;20000.0;;LOT-0004;30192000;1360000.0;4;3;3.0;Acquisition de fournitures de bureau, fournitures scolaires et pédagogiques;ouverte;26015FCP;3.0;;;True;True;True;;7210.0;Commune et commune nouvelle ;1 000  à  1 999;False;1975-02-05;84.11Z;2008;9220.0;Association déclarée ;20  à  49;True;<NA>;2008;J;58;58.1;58.11;58.11Z;1992-08-01;(48.432203, 2.154369);Étampes;Essonne;Île-de-France;(49.846521, 3.287687);Saint-Quentin;Aisne;Hauts-de-France;;;;;;;;
False;;;;False;False;attribue;{'StreetName': None, 'AdditionalStreetName': None, 'CityName': 'saint Denis', 'PostalZone': '97400', 'Country': 'FRA'};484274857;True;STM LOGISTIQUE ET ORGANISATION;STM LOGISTIQUE ET ORGANISATION;2026-09-16;{'StreetName': 'Caserne Lambert', 'AdditionalStreetName': 'BP50800', 'CityName': 'Saint Denis', 'PostalZone': '97476', 'Country': 'FRA'};130029093;True;;DICOM FAZSOI;;;services;['55%', '45%'];['prix', 'qualite'];[55.0, 45.0];2555.0;True;780000.0;False;{'StreetName': None, 'CityName': None, 'PostalZone': None, 'NUTS': 'FRY40', 'Country': 'FRA'};avec remise en concurrence;;26-89215;25-58155;780000.0;780000.0;LOT-0001;60100000;780000.0;1;1;;Prestations de transport routier de frets divers incluant des marchandises dangereuses, au profit des forces armées dans la zone sud de l'océan Indien (FAZSOI), du régiment du service militaire adapté;restreinte;2025-01;;;True;True;False;False;780000.0;;;;;<NA>;<NA>;<NA>;5499.0;Société à responsabilité limitée (sans autre indication);20  à  49;<NA>;<NA>;2008;H;49;49.4;49.41;49.41B;2005-09-01;;Saint-Denis;La Réunion;;;;;;;;;;;;;
False;['71241000'];;True;False;False;attribue;{'StreetName': '41 Rue Du Chemin Vert', 'AdditionalStreetName': None, 'CityName': 'Paris 11', 'PostalZone': '75011', 'Country': 'FRA'};440817203;False;AUXILIA;AUXILIA;2026-09-16;{'StreetName': 'Place de la Préfecture', 'AdditionalStreetName': None, 'CityName': 'Tours', 'PostalZone': '37927', 'Country': 'FRA'};223700014;False;DEPARTEMENT DE L'INDRE ET LOIRE;Conseil départemental d'Indre et Loire;;2026-09-15+02:00;services;['Valeur technique', 'Prix'];['technique', 'prix'];[60.0, 40.0];540.0;False;;False;;;;26-88904;;49275.0;;LOT-0000;71241000;;1;3;;Prestation d'assistance du Conseil Départemental d'Indre-et-Loire pour l'animation de réunions programmées dans le cadre d'un futur comité départemental de l'eau (CDE);negociee;F2026_0009;;;;False;False;False;49275.0;7220.0;Département ;2 000  à  4 999;False;1978-01-01;84.11Z;2008;9220.0;Association déclarée ;50  à  99;True;<NA>;2008;M;70;70.2;70.22;70.22Z;2001-11-01;(48.859115, 2.374673);Paris;Paris;Île-de-France;(50.292481, 2.766359);Arras;Pas-de-Calais;Hauts-de-France;;;;;;;;
False;['71335000'];;True;False;False;attribue;{'StreetName': '11 Rue Edouard Vaillant', 'AdditionalStreetName': None, 'CityName': 'Tours', 'PostalZone': '37000', 'Country': 'FRA'};301392569;False;SETEC HYDRATEC;SETEC HYDRATEC;2026-09-16;{'StreetName': 'Place de la Préfecture', 'AdditionalStreetName': None, 'CityName': 'Tours', 'PostalZone': '37927', 'Country': 'FRA'};223700014;False;DEPARTEMENT DE L'INDRE ET LOIRE;Conseil départemental d'Indre et Loire;;2026-09-07+02:00;services;['Valeur technique', 'Valeur financière'];['technique', 'prix'];[60.0, 40.0];720.0;False;;False;;;;26-88905;;205337.5;;LOT-0000;71335000;;1;1;;Etude d'élaboration d'un Schéma départemental d'alimentation en eau potable (SDAEP) d'Indre-et-Loire;negociee;F2026_0010;;;;False;False;False;205337.5;7220.0;Département ;2 000  à  4 999;False;1978-01-01;84.11Z;2008;5710.0;SAS, société par actions simplifiée;200  à  249;False;<NA>;2008;M;71;71.1;71.12;71.12B;1974-01-01;(47.389967, 0.694553);Tours;Indre-et-Loire;Centre-Val de Loire;(50.292481, 2.766359);Arras;Pas-de-Calais;Hauts-de-France;;;;;;;;
False;;;True;False;False;attribue;{'StreetName': None, 'AdditionalStreetName': None, 'CityName': 'PESSAC', 'PostalZone': '33600', 'Country': 'FRA'};308250570;True;ELECTRICITE INDUSTRIELLE J. P. FAUCHE;ELECTRICITE INDUSTRIELLE JP FAUCHE MAINTENANCE AQUITAINE OUEST;2026-09-16;{'StreetName': '9 RUE DE CURSOL', 'AdditionalStreetName': None, 'CityName': 'BORDEAUX', 'PostalZone': '33068', 'Country': 'FRA'};130001902;True;;SID-SO;;;services;;;;1440.0;True;2172622.68;False;{'StreetName': None, 'CityName': None, 'PostalZone': None, 'NUTS': None, 'Country': None};sans remise en concurrence;;26-88998;;7850000.0;;LOT-0001;50000000;7850000.0;1;5;;(85) Fontenay-le-Comte – La Roche-sur-Yon  ACBC pour la maintenance multi-techniques des installations et bâtiments relevant du ministère des Armées et des anciens combattants;ouverte;DAF_2025_001365;;;;False;False;False;7850000.0;;;;;<NA>;<NA>;<NA>;5710.0;SAS, société par actions simplifiée;1 000  à  1 999;False;<NA>;2008;F;43;43.2;43.21;43.21A;1977-01-01;;Pessac;Gironde;Nouvelle-Aquitaine;(44.834984, -0.576411);Bordeaux;Gironde;Nouvelle-Aquitaine;;;;;;;;
False;['18140000'];;False;False;False;attribue;{'StreetName': 'Rue Auguste Perret', 'AdditionalStreetName': None, 'CityName': 'Chemaudin Et Vaux', 'PostalZone': '25320', 'Country': 'FRA'};389712530;False;S.B.V.I.;S.B.V.I;2026-09-16;{'StreetName': '44 avenue Pierre Piffault', 'AdditionalStreetName': 'Cs 12719', 'CityName': 'Le Mans', 'PostalZone': '72027', 'Country': 'FRA'};325793826;False;SOCIETE D'ECONOMIE MIXTE DES TRANSPORTS EN COMMUN DE L'AGGLOMERATION MANCELLE;Société d'Économie mixte des Transports en commun de l'Agglomération Mancelle;;2027-01-01+01:00;fournitures;[];[];;720.0;False;370000.0;False;{'StreetName': '44, Avenue Pierre Piffault', 'CityName': 'Le Mans', 'PostalZone': '72000', 'NUTS': 'FRG04', 'Country': 'FRA'};;;26-88907;;221183.0;;LOT-0000;18110000;;1;4;4.0;Fourniture d'articles d'habillement et suivi des tenues;ouverte;2027HABILL;2.0;;;False;False;False;221183.0;5515.0;SA d'économie mixte à conseil d'administration ;500  à  999;False;1982-11-05;49.31Z;2008;5710.0;SAS, société par actions simplifiée;6  à  9;False;<NA>;2008;G;46;46.4;46.41;46.41Z;1993-01-01;(47.232089, 5.896675);Chemaudin et Vaux;Doubs;Bourgogne-Franche-Comté;(47.976735, 0.176059);Le Mans;Sarthe;Pays de la Loire;;;;;;;;
False;['60130000', '60120000', '85143000'];;True;True;False;attribue;{'StreetName': None, 'AdditionalStreetName': None, 'CityName': 'Agen', 'PostalZone': '47000', 'Country': 'FRA'};;False;;Groupement Ambulancier A47;2026-09-16;{'StreetName': 'Route de Villeneuve', 'AdditionalStreetName': None, 'CityName': 'Agen', 'PostalZone': '47923', 'Country': 'FRA'};200053098;False;CENTRE HOSPITALIER AGEN-NERAC;CH AGEN-NERAC;;2027-01-01+01:00;services;"['Organisation proposée pour assurer la prestation de transport (moyen humain, matériel et outils de communication)', ""Environnement, hygiène et Sécurité (politique développement durable, d'insertion et Rse du soumissionnaire, gestion des risques individuels et collectifs, politique de prévention et protocoles de désinfection)"", ""Organisation et suivi du marché (présentation du mode dégradé, suivi de facturation et d'exécution)"", 'Prix des prestations']";['social', 'environnemental & social', 'technique', 'prix'];[15.0, 15.0, 10.0, 60.0];;False;8000000.0;False;;;;26-88824;;800000.0;;LOT-0001;60130000;;14;1;;Transports non médicalisés par ambulance, VSL ou taxis conventionnés pour les établissements du GHT 47;ouverte;2026-013;;;;False;False;False;8000000.0;7364.0;Établissement d'hospitalisation ;2 000  à  4 999;False;2016-07-01;86.10Z;2008;;;;;;<NA>;;;;;<NA>;<NA>;;Agen;Lot-et-Garonne;Nouvelle-Aquitaine;(44.404207, 0.703082);Villeneuve-sur-Lot;Lot-et-Garonne;Nouvelle-Aquitaine;;;;;;;;
False;['60130000', '60120000', '85143000'];;True;True;False;attribue;{'StreetName': None, 'AdditionalStreetName': None, 'CityName': 'Agen', 'PostalZone': '47000', 'Country': 'FRA'};;False;;Groupement Ambulancier A47;2026-09-16;{'StreetName': 'Route de Villeneuve', 'AdditionalStreetName': None, 'CityName': 'Agen', 'PostalZone': '47923', 'Country': 'FRA'};200053098;False;CENTRE HOSPITALIER AGEN-NERAC;CH AGEN-NERAC;;2027-01-01+01:00;services;"['Organisation proposée pour assurer la prestation de transport (moyen humain, matériel et outils de communication)', ""Environnement, hygiène et Sécurité (politique développement durable, d'insertion et Rse du soumissionnaire, gestion des risques individuels et collectifs, politique de prévention et protocoles de désinfection)"", ""Organisation et suivi du marché (présentation du mode dégradé, suivi de facturation et d'exécution)"", 'Prix des prestations']";['social', 'environnemental & social', 'technique', 'prix'];[15.0, 15.0, 10.0, 60.0];;False;8000000.0;False;;;;26-88824;;960000.0;;LOT-0002;60130000;;14;1;;Transports non médicalisés par ambulance, VSL ou taxis conventionnés pour les établissements du GHT 47;ouverte;2026-013;;;;False;False;False;8000000.0;7364.0;Établissement d'hospitalisation ;2 000  à  4 999;False;2016-07-01;86.10Z;2008;;;;;;<NA>;;;;;<NA>;<NA>;;Agen;Lot-et-Garonne;Nouvelle-Aquitaine;(44.404207, 0.703082);Villeneuve-sur-Lot;Lot-et-Garonne;Nouvelle-Aquitaine;;;;;;;;
False;['60130000', '60120000', '85143000'];;True;True;False;attribue;{'StreetName': None, 'AdditionalStreetName': None, 'CityName': 'Agen', 'PostalZone': '47000', 'Country': 'FRA'};;False;;Groupement Ambulancier A47;2026-09-16;{'StreetName': 'Route de Villeneuve', 'AdditionalStreetName': None, 'CityName': 'Agen', 'PostalZone': '47923', 'Country': 'FRA'};200053098;False;CENTRE HOSPITALIER AGEN-NERAC;CH AGEN-NERAC;;2027-01-01+01:00;services;"['Organisation proposée pour assurer la prestation de transport (moyen humain, matériel et outils de communication)', ""Environnement, hygiène et Sécurité (politique développement durable, d'insertion et Rse du soumissionnaire, gestion des risques individuels et collectifs, politique de prévention et protocoles de désinfection)"", ""Organisation et suivi du marché (présentation du mode dégradé, suivi de facturation et d'exécution)"", 'Prix des prestations']";['social', 'environnemental & social', 'technique', 'prix'];[15.0, 15.0, 10.0, 60.0];;False;8000000.0;False;;;;26-88824;;1280000.0;;LOT-0003;60130000;;14;1;;Transports non médicalisés par ambulance, VSL ou taxis conventionnés pour les établissements du GHT 47;ouverte;2026-013;;;;False;False;False;8000000.0;7364.0;Établissement d'hospitalisation ;2 000  à  4 999;False;2016-07-01;86.10Z;2008;;;;;;<NA>;;;;;<NA>;<NA>;;Agen;Lot-et-Garonne;Nouvelle-Aquitaine;(44.404207, 0.703082);Villeneuve-sur-Lot;Lot-et-Garonne;Nouvelle-Aquitaine;;;;;;;;
False;['60130000', '60120000', '85143000'];;True;True;False;attribue;;;False;;;2026-09-16;{'StreetName': 'Route de Villeneuve', 'AdditionalStreetName': None, 'CityName': 'Agen', 'PostalZone': '47923', 'Country': 'FRA'};200053098;False;CENTRE HOSPITALIER AGEN-NERAC;CH AGEN-NERAC;;2027-01-01+01:00;services;"['Organisation proposée pour assurer la prestation de transport (moyen humain, matériel et outils de communication)', ""Environnement, hygiène et Sécurité (politique développement durable, d'insertion et Rse du soumissionnaire, gestion des risques individuels et collectifs, politique de prévention et protocoles de désinfection)"", ""Organisation et suivi du marché (présentation du mode dégradé, suivi de facturation et d'exécution)"", 'Prix des prestations']";['social', 'environnemental & social', 'technique', 'prix'];[15.0, 15.0, 10.0, 60.0];;False;8000000.0;False;;;;26-88824;;160000.0;;LOT-0004;60130000;;14;2;;Transports non médicalisés par ambulance, VSL ou taxis conventionnés pour les établissements du GHT 47;ouverte;2026-013;;;;False;False;False;8000000.0;7364.0;Établissement d'hospitalisation ;2 000  à  4 999;False;2016-07-01;86.10Z;2008;;;;;;<NA>;;;;;<NA>;<NA>;;;;;(44.404207, 0.703082);Villeneuve-sur-Lot;Lot-et-Garonne;Nouvelle-Aquitaine;;;;;;;;
False;['60130000', '60120000', '85143000'];;True;True;False;attribue;;;False;;;2026-09-16;{'StreetName': 'Route de Villeneuve', 'AdditionalStreetName': None, 'CityName': 'Agen', 'PostalZone': '47923', 'Country': 'FRA'};200053098;False;CENTRE HOSPITALIER AGEN-NERAC;CH AGEN-NERAC;;2027-01-01+01:00;services;"['Organisation proposée pour assurer la prestation de transport (moyen humain, matériel et outils de communication)', ""Environnement, hygiène et Sécurité (politique développement durable, d'insertion et Rse du soumissionnaire, gestion des risques individuels et collectifs, politique de prévention et protocoles de désinfection)"", ""Organisation et suivi du marché (présentation du mode dégradé, suivi de facturation et d'exécution)"", 'Prix des prestations']";['social', 'environnemental & social', 'technique', 'prix'];[15.0, 15.0, 10.0, 60.0];;False;8000000.0;False;;;;26-88824;;180000.0;;LOT-0005;60130000;;14;2;;Transports non médicalisés par ambulance, VSL ou taxis conventionnés pour les établissements du GHT 47;ouverte;2026-013;;;;False;False;False;8000000.0;7364.0;Établissement d'hospitalisation ;2 000  à  4 999;False;2016-07-01;86.10Z;2008;;;;;;<NA>;;;;;<NA>;<NA>;;;;;(44.404207, 0.703082);Villeneuve-sur-Lot;Lot-et-Garonne;Nouvelle-Aquitaine;;;;;;;;
False;['60130000', '60120000', '85143000'];;True;True;False;attribue;;;False;;;2026-09-16;{'StreetName': 'Route de Villeneuve', 'AdditionalStreetName': None, 'CityName': 'Agen', 'PostalZone': '47923', 'Country': 'FRA'};200053098;False;CENTRE HOSPITALIER AGEN-NERAC;CH AGEN-NERAC;;2027-01-01+01:00;services;"['Organisation proposée pour assurer la prestation de transport (moyen humain, matériel et outils de communication)', ""Environnement, hygiène et Sécurité (politique développement durable, d'insertion et Rse du soumissionnaire, gestion des risques individuels et collectifs, politique de prévention et protocoles de désinfection)"", ""Organisation et suivi du marché (présentation du mode dégradé, suivi de facturation et d'exécution)"", 'Prix des prestations']";['social', 'environnemental & social', 'technique', 'prix'];[15.0, 15.0, 10.0, 60.0];;False;8000000.0;False;;;;26-88824;;192000.0;;LOT-0006;60130000;;14;4;;Transports non médicalisés par ambulance, VSL ou taxis conventionnés pour les établissements du GHT 47;ouverte;2026-013;;;;False;False;False;8000000.0;7364.0;Établissement d'hospitalisation ;2 000  à  4 999;False;2016-07-01;86.10Z;2008;;;;;;<NA>;;;;;<NA>;<NA>;;;;;(44.404207, 0.703082);Villeneuve-sur-Lot;Lot-et-Garonne;Nouvelle-Aquitaine;;;;;;;;
False;['60130000', '60120000', '85143000'];;True;True;False;attribue;{'StreetName': None, 'AdditionalStreetName': None, 'CityName': 'Agen', 'PostalZone': '47000', 'Country': 'FRA'};;False;;Groupement Ambulancier A47;2026-09-16;{'StreetName': 'Route de Villeneuve', 'AdditionalStreetName': None, 'CityName': 'Agen', 'PostalZone': '47923', 'Country': 'FRA'};200053098;False;CENTRE HOSPITALIER AGEN-NERAC;CH AGEN-NERAC;;2027-01-01+01:00;services;"['Organisation proposée pour assurer la prestation de transport (moyen humain, matériel et outils de communication)', ""Environnement, hygiène et Sécurité (politique développement durable, d'insertion et Rse du soumissionnaire, gestion des risques individuels et collectifs, politique de prévention et protocoles de désinfection)"", ""Organisation et suivi du marché (présentation du mode dégradé, suivi de facturation et d'exécution)"", 'Prix des prestations']";['social', 'environnemental & social', 'technique', 'prix'];[15.0, 15.0, 10.0, 60.0];;False;8000000.0;False;;;;26-88824;;400000.0;;LOT-0007;60130000;;14;1;;Transports non médicalisés par ambulance, VSL ou taxis conventionnés pour les établissements du GHT 47;ouverte;2026-013;;;;False;False;False;8000000.0;7364.0;Établissement d'hospitalisation ;2 000  à  4 999;False;2016-07-01;86.10Z;2008;;;;;;<NA>;;;;;<NA>;<NA>;;Agen;Lot-et-Garonne;Nouvelle-Aquitaine;(44.404207, 0.703082);Villeneuve-sur-Lot;Lot-et-Garonne;Nouvelle-Aquitaine;;;;;;;;
False;['60130000', '60120000', '85143000'];;True;True;False;attribue;{'StreetName': None, 'AdditionalStreetName': None, 'CityName': 'Agen', 'PostalZone': '47000', 'Country': 'FRA'};;False;;Groupement Ambulancier A47;2026-09-16;{'StreetName': 'Route de Villeneuve', 'AdditionalStreetName': None, 'CityName': 'Agen', 'PostalZone': '47923', 'Country': 'FRA'};200053098;False;CENTRE HOSPITALIER AGEN-NERAC;CH AGEN-NERAC;;2027-01-01+01:00;services;"['Organisation proposée pour assurer la prestation de transport (moyen humain, matériel et outils de communication)', ""Environnement, hygiène et Sécurité (politique développement durable, d'insertion et Rse du soumissionnaire, gestion des risques individuels et collectifs, politique de prévention et protocoles de désinfection)"", ""Organisation et suivi du marché (présentation du mode dégradé, suivi de facturation et d'exécution)"", 'Prix des prestations']";['social', 'environnemental & social', 'technique', 'prix'];[15.0, 15.0, 10.0, 60.0];;False;8000000.0;False;;;;26-88824;;400000.0;;LOT-0008;60130000;;14;1;;Transports non médicalisés par ambulance, VSL ou taxis conventionnés pour les établissements du GHT 47;ouverte;2026-013;;;;False;False;False;8000000.0;7364.0;Établissement d'hospitalisation ;2 000  à  4 999;False;2016-07-01;86.10Z;2008;;;;;;<NA>;;;;;<NA>;<NA>;;Agen;Lot-et-Garonne;Nouvelle-Aquitaine;(44.404207, 0.703082);Villeneuve-sur-Lot;Lot-et-Garonne;Nouvelle-Aquitaine;;;;;;;;
False;['60130000', '60120000', '85143000'];;True;True;False;attribue;{'StreetName': None, 'AdditionalStreetName': None, 'CityName': 'Agen', 'PostalZone': '47000', 'Country': 'FRA'};;False;;Groupement Ambulancier A47;2026-09-16;{'StreetName': 'Route de Villeneuve', 'AdditionalStreetName': None, 'CityName': 'Agen', 'PostalZone': '47923', 'Country': 'FRA'};200053098;False;CENTRE HOSPITALIER AGEN-NERAC;CH AGEN-NERAC;;2027-01-01+01:00;services;"['Organisation proposée pour assurer la prestation de transport (moyen humain, matériel et outils de communication)', ""Environnement, hygiène et Sécurité (politique développement durable, d'insertion et Rse du soumissionnaire, gestion des risques individuels et collectifs, politique de prévention et protocoles de désinfection)"", ""Organisation et suivi du marché (présentation du mode dégradé, suivi de facturation et d'exécution)"", 'Prix des prestations']";['social', 'environnemental & social', 'technique', 'prix'];[15.0, 15.0, 10.0, 60.0];;False;8000000.0;False;;;;26-88824;;400000.0;;LOT-0009;60130000;;14;1;;Transports non médicalisés par ambulance, VSL ou taxis conventionnés pour les établissements du GHT 47;ouverte;2026-013;;;;False;False;False;8000000.0;7364.0;Établissement d'hospitalisation ;2 000  à  4 999;False;2016-07-01;86.10Z;2008;;;;;;<NA>;;;;;<NA>;<NA>;;Agen;Lot-et-Garonne;Nouvelle-Aquitaine;(44.404207, 0.703082);Villeneuve-sur-Lot;Lot-et-Garonne;Nouvelle-Aquitaine;;;;;;;;
False;['60130000', '60120000', '85143000'];;True;True;False;attribue;{'StreetName': None, 'AdditionalStreetName': None, 'CityName': 'Agen', 'PostalZone': '47000', 'Country': 'FRA'};;False;;Groupement Ambulancier A47;2026-09-16;{'StreetName': 'Route de Villeneuve', 'AdditionalStreetName': None, 'CityName': 'Agen', 'PostalZone': '47923', 'Country': 'FRA'};200053098;False;CENTRE HOSPITALIER AGEN-NERAC;CH AGEN-NERAC;;2027-01-01+01:00;services;"['Organisation proposée pour assurer la prestation de transport (moyen humain, matériel et outils de communication)', ""Environnement, hygiène et Sécurité (politique développement durable, d'insertion et Rse du soumissionnaire, gestion des risques individuels et collectifs, politique de prévention et protocoles de désinfection)"", ""Organisation et suivi du marché (présentation du mode dégradé, suivi de facturation et d'exécution)"", 'Prix des prestations']";['social', 'environnemental & social', 'technique', 'prix'];[15.0, 15.0, 10.0, 60.0];;False;8000000.0;False;;;;26-88824;;400000.0;;LOT-0010;60130000;;14;1;;Transports non médicalisés par ambulance, VSL ou taxis conventionnés pour les établissements du GHT 47;ouverte;2026-013;;;;False;False;False;8000000.0;7364.0;Établissement d'hospitalisation ;2 000  à  4 999;False;2016-07-01;86.10Z;2008;;;;;;<NA>;;;;;<NA>;<NA>;;Agen;Lot-et-Garonne;Nouvelle-Aquitaine;(44.404207, 0.703082);Villeneuve-sur-Lot;Lot-et-Garonne;Nouvelle-Aquitaine;;;;;;;;
False;['60130000', '60120000', '85143000'];;True;True;False;attribue;{'StreetName': None, 'AdditionalStreetName': None, 'CityName': 'Agen', 'PostalZone': '47000', 'Country': 'FRA'};;False;;Groupement Ambulancier A47;2026-09-16;{'StreetName': 'Route de Villeneuve', 'AdditionalStreetName': None, 'CityName': 'Agen', 'PostalZone': '47923', 'Country': 'FRA'};200053098;False;CENTRE HOSPITALIER AGEN-NERAC;CH AGEN-NERAC;;2027-01-01+01:00;services;"['Organisation proposée pour assurer la prestation de transport (moyen humain, matériel et outils de communication)', ""Environnement, hygiène et Sécurité (politique développement durable, d'insertion et Rse du soumissionnaire, gestion des risques individuels et collectifs, politique de prévention et protocoles de désinfection)"", ""Organisation et suivi du marché (présentation du mode dégradé, suivi de facturation et d'exécution)"", 'Prix des prestations']";['social', 'environnemental & social', 'technique', 'prix'];[15.0, 15.0, 10.0, 60.0];;False;8000000.0;False;;;;26-88824;;400000.0;;LOT-0011;60130000;;14;1;;Transports non médicalisés par ambulance, VSL ou taxis conventionnés pour les établissements du GHT 47;ouverte;2026-013;;;;False;False;False;8000000.0;7364.0;Établissement d'hospitalisation ;2 000  à  4 999;False;2016-07-01;86.10Z;2008;;;;;;<NA>;;;;;<NA>;<NA>;;Agen;Lot-et-Garonne;Nouvelle-Aquitaine;(44.404207, 0.703082);Villeneuve-sur-Lot;Lot-et-Garonne;Nouvelle-Aquitaine;;;;;;;;
False;['60130000', '60120000', '85143000'];;True;True;False;attribue;{'StreetName': None, 'AdditionalStreetName': None, 'CityName': 'Agen', 'PostalZone': '47000', 'Country': 'FRA'};;False;;Groupement Ambulancier A47;2026-09-16;{'StreetName': 'Route de Villeneuve', 'AdditionalStreetName': None, 'CityName': 'Agen', 'PostalZone': '47923', 'Country': 'FRA'};200053098;False;CENTRE HOSPITALIER AGEN-NERAC;CH AGEN-NERAC;;2027-01-01+01:00;services;"['Organisation proposée pour assurer la prestation de transport (moyen humain, matériel et outils de communication)', ""Environnement, hygiène et Sécurité (politique développement durable, d'insertion et Rse du soumissionnaire, gestion des risques individuels et collectifs, politique de prévention et protocoles de désinfection)"", ""Organisation et suivi du marché (présentation du mode dégradé, suivi de facturation et d'exécution)"", 'Prix des prestations']";['social', 'environnemental & social', 'technique', 'prix'];[15.0, 15.0, 10.0, 60.0];;False;8000000.0;False;;;;26-88824;;400000.0;;LOT-0012;60130000;;14;1;;Transports non médicalisés par ambulance, VSL ou taxis conventionnés pour les établissements du GHT 47;ouverte;2026-013;;;;False;False;False;8000000.0;7364.0;Établissement d'hospitalisation ;2 000  à  4 999;False;2016-07-01;86.10Z;2008;;;;;;<NA>;;;;;<NA>;<NA>;;Agen;Lot-et-Garonne;Nouvelle-Aquitaine;(44.404207, 0.703082);Villeneuve-sur-Lot;Lot-et-Garonne;Nouvelle-Aquitaine;;;;;;;;
False;['60130000', '60120000', '85143000'];;True;True;False;attribue;{'StreetName': None, 'AdditionalStreetName': None, 'CityName': 'Agen', 'PostalZone': '47000', 'Country': 'FRA'};;False;;Groupement Ambulancier A47;2026-09-16;{'StreetName': 'Route de Villeneuve', 'AdditionalStreetName': None, 'CityName': 'Agen', 'PostalZone': '47923', 'Country': 'FRA'};200053098;False;CENTRE HOSPITALIER AGEN-NERAC;CH AGEN-NERAC;;2027-01-01+01:00;services;"['Organisation proposée pour assurer la prestation de transport (moyen humain, matériel et outils de communication)', ""Environnement, hygiène et Sécurité (politique développement durable, d'insertion et Rse du soumissionnaire, gestion des risques individuels et collectifs, politique de prévention et protocoles de désinfection)"", ""Organisation et suivi du marché (présentation du mode dégradé, suivi de facturation et d'exécution)"", 'Prix des prestations']";['social', 'environnemental & social', 'technique', 'prix'];[15.0, 15.0, 10.0, 60.0];;False;8000000.0;False;;;;26-88824;;400000.0;;LOT-0013;60130000;;14;1;;Transports non médicalisés par ambulance, VSL ou taxis conventionnés pour les établissements du GHT 47;ouverte;2026-013;;;;False;False;False;8000000.0;7364.0;Établissement d'hospitalisation ;2 000  à  4 999;False;2016-07-01;86.10Z;2008;;;;;;<NA>;;;;;<NA>;<NA>;;Agen;Lot-et-Garonne;Nouvelle-Aquitaine;(44.404207, 0.703082);Villeneuve-sur-Lot;Lot-et-Garonne;Nouvelle-Aquitaine;;;;;;;;
False;['60130000', '60120000', '85143000'];;True;True;False;attribue;{'StreetName': None, 'AdditionalStreetName': None, 'CityName': 'Agen', 'PostalZone': '47000', 'Country': 'FRA'};;False;;Groupement Ambulancier A47;2026-09-16;{'StreetName': 'Route de Villeneuve', 'AdditionalStreetName': None, 'CityName': 'Agen', 'PostalZone': '47923', 'Country': 'FRA'};200053098;False;CENTRE HOSPITALIER AGEN-NERAC;CH AGEN-NERAC;;2027-01-01+01:00;services;"['Organisation proposée pour assurer la prestation de transport (moyen humain, matériel et outils de communication)', ""Environnement, hygiène et Sécurité (politique développement durable, d'insertion et Rse du soumissionnaire, gestion des risques individuels et collectifs, politique de prévention et protocoles de désinfection)"", ""Organisation et suivi du marché (présentation du mode dégradé, suivi de facturation et d'exécution)"", 'Prix des prestations']";['social', 'environnemental & social', 'technique', 'prix'];[15.0, 15.0, 10.0, 60.0];;False;8000000.0;False;;;;26-88824;;160000.0;;LOT-0014;60130000;;14;1;;Transports non médicalisés par ambulance, VSL ou taxis conventionnés pour les établissements du GHT 47;ouverte;2026-013;;;;False;False;False;8000000.0;7364.0;Établissement d'hospitalisation ;2 000  à  4 999;False;2016-07-01;86.10Z;2008;;;;;;<NA>;;;;;<NA>;<NA>;;Agen;Lot-et-Garonne;Nouvelle-Aquitaine;(44.404207, 0.703082);Villeneuve-sur-Lot;Lot-et-Garonne;Nouvelle-Aquitaine;;;;;;;;
False;['79311100'];;True;False;False;attribue;{'StreetName': '803 Bd Duhamel Du Monceau', 'AdditionalStreetName': None, 'CityName': 'Olivet', 'PostalZone': '45160', 'Country': 'FRA'};393206735;False;ANTEA FRANCE;ANTEA FRANCE;2026-09-16;{'StreetName': 'Hôtel de la Collectivité Territoriale de Guyane', 'AdditionalStreetName': 'Carrefour de Suzini, Cs 47025', 'CityName': 'Cayenne', 'PostalZone': '97307', 'Country': 'FRA'};200052678;False;COLLECTIVITE TERRITORIALE DE GUYANE;COLLECTIVITE TERRITORIALE DE GUYANE;;2026-03-30-03:00;services;"['1-Qualité de la méthodologie proposée', ""2-Expérience et expertise de l'équipe"", '3-Compréhension des enjeux territoriaux', '4-Délai de réalisation', '5-Prix']";['qualite', 'qualite', 'qualite', 'delai', 'prix'];[40.0, 25.0, 15.0, 10.0, 10.0];360.0;False;;False;;;;26-88902;;201582.0;;LOT-0000;79311100;;1;9;;Mission d'assistance à maîtrise d'ouvrage pour l'élaboration de la politique territoriale de l'exploitation durable des ressources minérales;ouverte;S-PF-1762617;;;;False;False;False;201582.0;7229.0;(Autre) Collectivité territoriale ;2 000  à  4 999;<NA>;2015-12-18;84.11Z;2008;5710.0;SAS, société par actions simplifiée;500  à  999;False;<NA>;2008;M;71;71.1;71.12;71.12B;1993-11-25;(47.847451, 1.924593);Olivet;Loiret;Centre-Val de Loire;(4.91875, -52.294689);Cayenne;Guyane;;;;;;;;;
False;;;False;False;False;attribue;{'StreetName': None, 'AdditionalStreetName': None, 'CityName': 'REMIRE MONTJOLY', 'PostalZone': '97354', 'Country': 'FRA'};803257179;True;ATTA;ATTA;2026-09-16;{'StreetName': 'QUARTIER DE LA MADELEINE', 'AdditionalStreetName': 'CS 56016', 'CityName': 'CAYENNE', 'PostalZone': '97306', 'Country': 'FRA'};130001902;True;;DID CAYENNE;;2026-06-24+02:00;services;['prix des prestations forfaitaires', 'note technique'];['prix', 'technique'];[50.0, 50.0];1440.0;False;;False;{'StreetName': None, 'CityName': None, 'PostalZone': None, 'NUTS': 'FRY30', 'Country': 'FRA'};sans remise en concurrence;;26-88987;;;;LOT-0001;71241000;1000000.0;1;3;;Guyane (973) – FAG – Tous sites – Accord-cadre mixte portant sur la réalisation d’études et d’AMO pour les installations électriques de courant haute et basse tension des FAG;ouverte;P26-004;;;;False;False;False;;;;;;<NA>;<NA>;<NA>;5710.0;SAS, société par actions simplifiée;10  à  19;False;<NA>;2008;M;71;71.1;71.12;71.12B;2014-06-23;;Remire-Montjoly;Guyane;;;;;;;;;;;;;
False;['90910000', '90911000', '90911300'];;True;True;False;attribue;{'StreetName': '34 Rue Lazare Carnot', 'AdditionalStreetName': None, 'CityName': 'Alencon', 'PostalZone': '61000', 'Country': 'FRA'};789726197;False;PROPRE & NETT.ORNE;Propre & Nett.orne;2026-09-16;{'StreetName': 'place Foch - Cs 50362', 'AdditionalStreetName': None, 'CityName': 'Alencon', 'PostalZone': '61014', 'Country': 'FRA'};246100663;False;COMMUNAUTE URBAINE D'ALENCON;Ville d'Alençon;;;services;"[""Valeur technique de l'offre"", 'Prix']";['technique', 'prix'];[50.0, 50.0];;True;360000.0;False;;sans remise en concurrence;;26-89120;;160000.0;;LOT-0001;90910000;360000.0;3;2;;Prestations de nettoyage de locaux et de vitres pour la Ville d'Alençon;ouverte;1_2026010;3.0;;;True;True;True;;7343.0;Communauté urbaine ;500  à  999;<NA>;1997-01-01;84.11Z;2008;5710.0;SAS, société par actions simplifiée;10  à  19;<NA>;<NA>;2008;N;81;81.2;81.21;81.21Z;2012-12-15;(48.447072, 0.091145);Alençon;Orne;Normandie;(48.430058, 0.082949);Alençon;Orne;Normandie;;;;;;;;
False;['90910000', '90911000', '90911300'];;True;True;False;attribue;{'StreetName': '34 Rue Lazare Carnot', 'AdditionalStreetName': None, 'CityName': 'Alencon', 'PostalZone': '61000', 'Country': 'FRA'};789726197;False;PROPRE & NETT.ORNE;Propre & Nett.orne;2026-09-16;{'StreetName': 'place Foch - Cs 50362', 'AdditionalStreetName': None, 'CityName': 'Alencon', 'PostalZone': '61014', 'Country': 'FRA'};246100663;False;COMMUNAUTE URBAINE D'ALENCON;Ville d'Alençon;;;services;"[""Valeur technique de l'offre"", 'Prix']";['technique', 'prix'];[50.0, 50.0];;True;360000.0;False;;sans remise en concurrence;;26-89120;;100000.0;;LOT-0002;90910000;360000.0;3;4;;Prestations de nettoyage de locaux et de vitres pour la Ville d'Alençon;ouverte;1_2026010;3.0;;;True;True;True;;7343.0;Communauté urbaine ;500  à  999;<NA>;1997-01-01;84.11Z;2008;5710.0;SAS, société par actions simplifiée;10  à  19;<NA>;<NA>;2008;N;81;81.2;81.21;81.21Z;2012-12-15;(48.447072, 0.091145);Alençon;Orne;Normandie;(48.430058, 0.082949);Alençon;Orne;Normandie;;;;;;;;
False;['90910000', '90911000', '90911300'];;True;True;False;attribue;{'StreetName': 'Rue Marie Harel', 'AdditionalStreetName': None, 'CityName': 'Cerise', 'PostalZone': '61000', 'Country': 'FRA'};381720804;False;DECA PROPRETE NORMANDIE-CENTRE-LOIRE I;DECA PROPRETE NORMANDIE-CENTRE-LOIRE I;2026-09-16;{'StreetName': 'place Foch - Cs 50362', 'AdditionalStreetName': None, 'CityName': 'Alencon', 'PostalZone': '61014', 'Country': 'FRA'};246100663;False;COMMUNAUTE URBAINE D'ALENCON;Ville d'Alençon;;;services;"[""Valeur technique de l'offre"", 'Prix']";['technique', 'prix'];[50.0, 50.0];;True;360000.0;False;;sans remise en concurrence;;26-89120;;100000.0;;LOT-0003;90910000;360000.0;3;4;;Prestations de nettoyage de locaux et de vitres pour la Ville d'Alençon;ouverte;1_2026010;3.0;;;True;True;True;;7343.0;Communauté urbaine ;500  à  999;<NA>;1997-01-01;84.11Z;2008;5710.0;SAS, société par actions simplifiée;500  à  999;False;<NA>;2008;N;81;81.2;81.21;81.21Z;1991-04-01;(48.451883, 0.123249);Cerisé;Orne;Normandie;(48.430058, 0.082949);Alençon;Orne;Normandie;;;;;;;;
False;;;True;False;False;attribue;{'StreetName': 'Route de Martel', 'AdditionalStreetName': None, 'CityName': 'SOUILLAC', 'PostalZone': '46200', 'Country': 'FRA'};316807015;True;SYSCO FRANCE SAS;Société SYSCO;2026-09-16;{'StreetName': '3 rue des Fossés du ChampBP 80', 'AdditionalStreetName': None, 'CityName': 'Annonay', 'PostalZone': '07101', 'Country': 'FRA'};200072015;True;CA ANNONAY RHONE AGGLO;CCAS d'Annonay;;2026-07-01+02:00;fournitures;[];[];;;True;60000.0;False;{'StreetName': '3 rue Fossés du Champ', 'CityName': 'Annonay', 'PostalZone': '07100', 'NUTS': 'FRK22', 'Country': 'FRA'};sans remise en concurrence;;26-89251;;;60000.0;LOT-0001;15000000;85000.0;1;1;;Fournitures de denrées alimentaires pour la cuisine centrale du Centre Communal d'Action Sociale de la ville d'Annonay - produits mixés prêt à consommer surgelés;ouverte;202612;;;;False;False;False;;7348.0;Communauté d'agglomération ;200  à  249;<NA>;2017-01-01;84.11Z;2008;5710.0;SAS, société par actions simplifiée;2 000  à  4 999;False;<NA>;2008;G;46;46.3;46.39;46.39A;1979-01-01;(44.903231, 1.481663);Souillac;Lot;Occitanie;(45.24034, 4.667712);Annonay;Ardèche;Auvergne-Rhône-Alpes;;;;;;;;
False;;;False;True;False;attribue;{'StreetName': '5986 ROUTE DE JOUY', 'AdditionalStreetName': None, 'CityName': 'MOULINS LES METZ', 'PostalZone': '57160', 'Country': 'FRA'};312411374;True;EST-IMPRIMERIE;INTER'PRINT;2026-09-16;{'StreetName': 'Hôtel du Département - CS 20001', 'AdditionalStreetName': None, 'CityName': 'CHARLEVILLE MEZIERES cedex', 'PostalZone': '08011', 'Country': 'FRA'};220800049;True;DEPARTEMENT DES ARDENNES;Conseil Départemental des Ardennes;;;services;['PRIX', 'VALEUR TECHNIQUE'];['prix', 'technique'];[60.0, 40.0];360.0;False;;False;;hybride;;26-88963;;160000.0;;LOT-0001;79824000;340000.0;2;2;0.0;Réalisation d’éditions pour le Conseil départemental des Ardennes - RELANCE Lot n°2 : Impression du magazine Ardennez-vous -  RELANCE Lot n°3 : Distribution des éditions du Conseil départemental de…;ouverte;2026-142-DC;;;;False;False;False;;7220.0;Département ;1 000  à  1 999;<NA>;1978-01-01;84.11Z;2008;5710.0;SAS, société par actions simplifiée;50  à  99;False;<NA>;2008;C;18;18.1;18.12;18.12Z;1978-01-01;(49.093875, 6.133777);Moulins-lès-Metz;Moselle;Grand Est;(49.760054, 4.719352);Charleville-Mézières;Ardennes;Grand Est;;;;;;;;
False;;;False;True;False;attribue;{'StreetName': '9 RUE DU COLONEL PIERRE AVIA', 'AdditionalStreetName': None, 'CityName': 'PARIS 15', 'PostalZone': '75015', 'Country': 'FRA'};356000000;True;LA POSTE;LA POSTE;2026-09-16;{'StreetName': 'Hôtel du Département - CS 20001', 'AdditionalStreetName': None, 'CityName': 'CHARLEVILLE MEZIERES cedex', 'PostalZone': '08011', 'Country': 'FRA'};220800049;True;DEPARTEMENT DES ARDENNES;Conseil Départemental des Ardennes;;;services;['PRIX', 'DELAI', 'VALEUR TECHNIQUE'];['prix', 'delai', 'technique'];[60.0, 20.0, 20.0];360.0;False;;False;;hybride;;26-88963;;180000.0;;LOT-0002;79824000;340000.0;2;1;0.0;Réalisation d’éditions pour le Conseil départemental des Ardennes - RELANCE Lot n°2 : Impression du magazine Ardennez-vous -  RELANCE Lot n°3 : Distribution des éditions du Conseil départemental de…;ouverte;2026-142-DC;;;;False;False;False;;7220.0;Département ;1 000  à  1 999;<NA>;1978-01-01;84.11Z;2008;5510.0;SA nationale à conseil d'administration ;10 000  et plus ;False;False;2008;H;53;53.1;53.1;53.10Z;1991-01-01;(48.830428, 2.275337);Paris;Paris;Île-de-France;(49.760054, 4.719352);Charleville-Mézières;Ardennes;Grand Est;;;;;;;;
False;;;False;False;False;attribue;{'StreetName': '19 RUE DES OTAGES', 'AdditionalStreetName': None, 'CityName': 'AMIENS', 'PostalZone': '80000', 'Country': 'FRA'};326465028;True;GUEUDET YOKOSO;GUEUDET YOKOSO GUEUDET 1880;2026-09-16;{'StreetName': 'Hôtel du Département - CS 20001', 'AdditionalStreetName': None, 'CityName': 'CHARLEVILLE MEZIERES cedex', 'PostalZone': '08011', 'Country': 'FRA'};220800049;True;DEPARTEMENT DES ARDENNES;Conseil Départemental des Ardennes;;;fournitures;['PRIX', 'VALEUR TECHNIQUE'];['prix', 'technique'];[80.0, 20.0];1440.0;False;;False;;hybride;;26-88964;;240000.0;;LOT-0001;34300000;240000.0;1;3;0.0;RELANCE Lot n°4 –  Fourniture et livraison de pièces détachées d’origine constructeur et d’équipementiers pour poids lourds du Conseil Départemental des Ardennes;ouverte;2026-123-DER;;;;False;False;False;240000.0;7220.0;Département ;1 000  à  1 999;<NA>;1978-01-01;84.11Z;2008;5710.0;SAS, société par actions simplifiée;100  à  199;False;<NA>;2008;G;45;45.1;45.11;45.11Z;1983-03-01;(49.890164, 2.302692);Amiens;Somme;Hauts-de-France;(49.760054, 4.719352);Charleville-Mézières;Ardennes;Grand Est;;;;;;;;
False;['45111220'];;True;False;False;attribue;{'StreetName': 'Les Menigaux', 'AdditionalStreetName': None, 'CityName': 'Chasseneuil', 'PostalZone': '36800', 'Country': 'FRA'};532652773;False;SARL FEIGNON;SARL FEIGNON;2026-09-16;{'StreetName': 'Place de la Victoire et des Alliés', 'AdditionalStreetName': 'Smgp', 'CityName': 'Chateauroux Cedex', 'PostalZone': '36020', 'Country': 'FRA'};381043686;False;CAISSE REGIONALE D'ASSURANCES MUTUELLES AGRICOLES CENTRE-ATLANTIQUE;Département de L'Indre;;2026-09-01+02:00;travaux;['La valeur technique', 'Le Prix'];['technique', 'prix'];[25.0, 75.0];360.0;False;0.0;True;{'StreetName': 'Indre', 'CityName': 'Chateauroux', 'PostalZone': '36020', 'NUTS': 'FRB03', 'Country': 'FRA'};;"Europe (Feder)
Action n°42 : développer les itinéraires, les services et la promotion du tourisme à vélo";26-89183;;164970.0;;LOT-0000;45111220;;1;4;;Travaux d'élagage et de débroussaillage sur la voie verte;ouverte;2026-AOM0054;;;;False;False;False;164970.0;8250.0;Assurance mutuelle agricole ;1 000  à  1 999;True;1991-01-01;65.12Z;2008;5499.0;Société à responsabilité limitée (sans autre indication);;False;<NA>;2008;A;2;2.4;2.4;02.40Z;2011-05-01;(46.651205, 1.455595);Chasseneuil;Indre;Centre-Val de Loire;(46.811895, 1.6871);Châteauroux;Indre;Centre-Val de Loire;;;;;;;;
False;['15896000'];;True;True;False;attribue;{'StreetName': 'Rpt Des Roses', 'AdditionalStreetName': None, 'CityName': 'Chevilly Larue', 'PostalZone': '94550', 'Country': 'FRA'};316807015;False;SYSCO FRANCE SAS;SYSCO FRANCE SAS;2026-09-16;{'StreetName': '23 rue de la Préfecture', 'AdditionalStreetName': 'Cs 20349', 'CityName': 'Vesoul', 'PostalZone': '70006', 'Country': 'FRA'};227000015;False;DEPARTEMENT DE HAUTE SAONE;Département de la Haute-Saône;;;fournitures;"[""Valeur technique de l'offre"", 'Prix']";['technique', 'prix'];[50.0, 50.0];;True;1169600.0;False;;sans remise en concurrence;;26-89181;;160000.0;;LOT-0001;15896000;2238000.0;6;2;;Acquisition et livraison de produits surgelés;ouverte;2026-022-DDACT;3.0;;;False;True;False;;7220.0;Département ;1 000  à  1 999;False;1978-01-01;84.11Z;2008;5710.0;SAS, société par actions simplifiée;2 000  à  4 999;False;<NA>;2008;G;46;46.3;46.39;46.39A;1979-01-01;(48.768636, 2.349358);Chevilly-Larue;Val-de-Marne;Île-de-France;(47.622651, 6.151617);Vesoul;Haute-Saône;Bourgogne-Franche-Comté;;;;;;;;
False;['15896000'];;True;True;False;attribue;{'StreetName': 'Rpt Des Roses', 'AdditionalStreetName': None, 'CityName': 'Chevilly Larue', 'PostalZone': '94550', 'Country': 'FRA'};316807015;False;SYSCO FRANCE SAS;SYSCO FRANCE SAS;2026-09-16;{'StreetName': '23 rue de la Préfecture', 'AdditionalStreetName': 'Cs 20349', 'CityName': 'Vesoul', 'PostalZone': '70006', 'Country': 'FRA'};227000015;False;DEPARTEMENT DE HAUTE SAONE;Département de la Haute-Saône;;;fournitures;"[""Valeur technique de l'offre"", 'Prix']";['technique', 'prix'];[50.0, 50.0];;True;1169600.0;False;;sans remise en concurrence;;26-89181;;320000.0;;LOT-0002;15896000;2238000.0;6;4;;Acquisition et livraison de produits surgelés;ouverte;2026-022-DDACT;3.0;;;False;True;False;;7220.0;Département ;1 000  à  1 999;False;1978-01-01;84.11Z;2008;5710.0;SAS, société par actions simplifiée;2 000  à  4 999;False;<NA>;2008;G;46;46.3;46.39;46.39A;1979-01-01;(48.768636, 2.349358);Chevilly-Larue;Val-de-Marne;Île-de-France;(47.622651, 6.151617);Vesoul;Haute-Saône;Bourgogne-Franche-Comté;;;;;;;;
False;['15896000'];;True;True;False;attribue;{'StreetName': 'Rpt Des Roses', 'AdditionalStreetName': None, 'CityName': 'Chevilly Larue', 'PostalZone': '94550', 'Country': 'FRA'};316807015;False;SYSCO FRANCE SAS;SYSCO FRANCE SAS;2026-09-16;{'StreetName': '23 rue de la Préfecture', 'AdditionalStreetName': 'Cs 20349', 'CityName': 'Vesoul', 'PostalZone': '70006', 'Country': 'FRA'};227000015;False;DEPARTEMENT DE HAUTE SAONE;Département de la Haute-Saône;;;fournitures;"[""Valeur technique de l'offre"", 'Prix']";['technique', 'prix'];[50.0, 50.0];;True;1169600.0;False;;sans remise en concurrence;;26-89181;;338000.0;;LOT-0003;15896000;2238000.0;6;3;;Acquisition et livraison de produits surgelés;ouverte;2026-022-DDACT;3.0;;;False;True;False;;7220.0;Département ;1 000  à  1 999;False;1978-01-01;84.11Z;2008;5710.0;SAS, société par actions simplifiée;2 000  à  4 999;False;<NA>;2008;G;46;46.3;46.39;46.39A;1979-01-01;(48.768636, 2.349358);Chevilly-Larue;Val-de-Marne;Île-de-France;(47.622651, 6.151617);Vesoul;Haute-Saône;Bourgogne-Franche-Comté;;;;;;;;
False;['15896000'];;True;True;False;attribue;{'StreetName': 'Rue Konrad Adenauer', 'AdditionalStreetName': None, 'CityName': 'Chevigny-Saint-Sauveur', 'PostalZone': '21800', 'Country': 'FRA'};552044992;False;POMONA;POMONA;2026-09-16;{'StreetName': '23 rue de la Préfecture', 'AdditionalStreetName': 'Cs 20349', 'CityName': 'Vesoul', 'PostalZone': '70006', 'Country': 'FRA'};227000015;False;DEPARTEMENT DE HAUTE SAONE;Département de la Haute-Saône;;;fournitures;"[""Valeur technique de l'offre"", 'Prix']";['technique', 'prix'];[50.0, 50.0];;True;1169600.0;False;;sans remise en concurrence;;26-89181;;600000.0;;LOT-0004;15896000;2238000.0;6;2;;Acquisition et livraison de produits surgelés;ouverte;2026-022-DDACT;3.0;;;False;True;False;;7220.0;Département ;1 000  à  1 999;False;1978-01-01;84.11Z;2008;5699.0;SA à directoire (s.a.i.);5 000  à  9 999;False;False;2008;G;46;46.3;46.39;46.39B;1955-01-01;(47.284013, 5.136919);Chevigny-Saint-Sauveur;Côte-d'Or;Bourgogne-Franche-Comté;(47.622651, 6.151617);Vesoul;Haute-Saône;Bourgogne-Franche-Comté;;;;;;;;
False;['15896000'];;True;True;False;attribue;{'StreetName': 'Rpt Des Roses', 'AdditionalStreetName': None, 'CityName': 'Chevilly Larue', 'PostalZone': '94550', 'Country': 'FRA'};316807015;False;SYSCO FRANCE SAS;SYSCO FRANCE SAS;2026-09-16;{'StreetName': '23 rue de la Préfecture', 'AdditionalStreetName': 'Cs 20349', 'CityName': 'Vesoul', 'PostalZone': '70006', 'Country': 'FRA'};227000015;False;DEPARTEMENT DE HAUTE SAONE;Département de la Haute-Saône;;;fournitures;"[""Valeur technique de l'offre"", 'Prix']";['technique', 'prix'];[50.0, 50.0];;True;1169600.0;False;;sans remise en concurrence;;26-89181;;420000.0;;LOT-0005;15896000;2238000.0;6;3;;Acquisition et livraison de produits surgelés;ouverte;2026-022-DDACT;3.0;;;False;True;False;;7220.0;Département ;1 000  à  1 999;False;1978-01-01;84.11Z;2008;5710.0;SAS, société par actions simplifiée;2 000  à  4 999;False;<NA>;2008;G;46;46.3;46.39;46.39A;1979-01-01;(48.768636, 2.349358);Chevilly-Larue;Val-de-Marne;Île-de-France;(47.622651, 6.151617);Vesoul;Haute-Saône;Bourgogne-Franche-Comté;;;;;;;;
False;['15896000'];;True;True;False;attribue;{'StreetName': '4 Cours Francois Villon', 'AdditionalStreetName': None, 'CityName': 'Vesoul', 'PostalZone': '70000', 'Country': 'FRA'};776056467;False;UNION DES GROUPEMENTS D'ACHATS PUBLICS;ASSOCIATION POUR LE DEVELOPPEMENT DE L'EMPLOI AGRICOLE ET RURAL DE HAUTE-SAONE;2026-09-16;{'StreetName': '23 rue de la Préfecture', 'AdditionalStreetName': 'Cs 20349', 'CityName': 'Vesoul', 'PostalZone': '70006', 'Country': 'FRA'};227000015;False;DEPARTEMENT DE HAUTE SAONE;Département de la Haute-Saône;;;fournitures;"[""Valeur technique de l'offre"", 'Prix']";['technique', 'prix'];[70.0, 30.0];;True;1169600.0;False;;sans remise en concurrence;;26-89181;;400000.0;;LOT-0006;15896000;2238000.0;6;2;;Acquisition et livraison de produits surgelés;ouverte;2026-022-DDACT;3.0;;;False;True;False;;7220.0;Département ;1 000  à  1 999;False;1978-01-01;84.11Z;2008;4110.0;Établissement public national à caractère industriel ou commercial doté d'un comptable public ;1 000  à  1 999;False;<NA>;2008;G;46;46.1;46.19;46.19A;1900-01-01;(47.63672, 6.166181);Vesoul;Haute-Saône;Bourgogne-Franche-Comté;(47.622651, 6.151617);Vesoul;Haute-Saône;Bourgogne-Franche-Comté;;;;;;;;
