procedure_acceleree;cpv_supp;publicite;omc;allotissement;modifie;decision;adresse_fournisseur;siren_fournisseur;siren_fournisseur_connu;nom_siren_fournisseur;nom_declare_fournisseur;date_avis_attribution;adresse_acheteur;siren_acheteur;siren_acheteur_connu;nom_siren_acheteur;nom_declare_acheteur;date_avis_marche;debut_contrat;type_contrat;intitule_critere;type_critere;poids_critere;duree;clause_environnementale;valeur_totale_estimee;financement_ue;lieu_execution;type_accord_cadre;nom_fonds_ue;id_boamp_attribution;id_boamp_contrat;prix_attribution_lot;valeur_estimee_lot;id_lot;cpv;valeur_max_totale_accord_cadre;nombre_lots;nombre_offres;nombre_offres_pme;objet;procedure;id_projet;renouvellement;marche_reserve;favorable_pme;clause_sociale;strategique_environnemental;strategique_social;valeur_totale;code_statut_juridique_acheteur;nom_statut_juridique_acheteur;effectif_acheteur;acheteur_ess;date_creation_acheteur;code_activite_principale_acheteur;version_activite_acheteur;code_statut_juridique_fournisseur;nom_statut_juridique_fournisseur;effectif_fournisseur;fournisseur_ess;fournisseur_mission;version_activite_fournisseur;niveau_activite1_fournisseur;niveau_activite2_fournisseur;niveau_activite3_fournisseur;niveau_activite4_fournisseur;niveau_activite5_fournisseur;date_creation_fournisseur;gps_fournisseur;nom_commune_fournisseur;departement_fournisseur;region_fournisseur;gps_acheteur;nom_commune_acheteur;departement_acheteur;region_acheteur;epci_fournisseur;nom_epci_fournisseur;nature_epci_fournisseur;epci_acheteur;nom_epci_acheteur;nature_epci_acheteur;code_commune_fournisseur;code_commune_acheteur
False;['60400000'];;True;True;False;attribue;{'StreetName': 'Aéroport de Paris Le Bourget', 'AdditionalStreetName': 'Terminal Jet Aviation - Rue de Prague', 'CityName': 'Bonneuil-en-France', 'PostalZone': '95500', 'Country': 'FRA'};514489186;True;ASTONJET;SAS ASTONJET;2026-10-02;{'StreetName': None, 'AdditionalStreetName': None, 'CityName': 'Le Kremlin-Bicêtre', 'PostalZone': '94270', 'Country': 'FRA'};267500452;True;ASSISTANCE PUBLIQUE HOPITAUX DE PARIS;Assistance Publique - Hôpitaux de Paris;;2026-12-01+01:00;services;"['Critère n°1 - Prix', 'Critère n°2 - Valeur technique de l’offre avec sous-critère a. Moyens matériels (pondération 30%), sous-critère b. Moyens humains (pondération 30%) et sous-critère c. Organisation des prestations (pondération 40%).', ""Critère n°3 - Caractère durable de l’offre avec sous-critère a. Démarche sociale dans le cadre de l'exécution des prestations (pondération 50%) et sous-critère b. Démarche environnementale dans le cadre de l'exécution des prestations (pondération 50%).""]";['prix', 'social', 'environnemental & social'];[45.0, 50.0, 5.0];;True;;False;{'StreetName': None, 'CityName': None, 'PostalZone': None, 'NUTS': None, 'Country': None};;;26-94660;;15993586.0;;LOT-0001;60000000;;3;1.0;;Transports aériens et routiers dans le cadre de l’activité de greffe et d’assistance CEC;ouverte;26-075;;;;True;False;False;44066703.0;7364.0;Établissement d'hospitalisation ;10 000  et plus ;False;1982-01-01;86.10Z;2008;5710.0;SAS, société par actions simplifiée;20  à  49;False;<NA>;2008;H;51;51.1;51.1;51.10Z;2009-09-01;;;;;;Le Kremlin-Bicêtre;Val-de-Marne;Île-de-France;;;;;;;;
False;['60100000'];;True;True;False;attribue;{'StreetName': '3 boulevard Romain Rolland', 'AdditionalStreetName': None, 'CityName': 'Paris', 'PostalZone': '75014', 'Country': 'FRA'};347381865;True;360  SERVICES;360 DEGRES SERVICES;2026-10-02;{'StreetName': None, 'AdditionalStreetName': None, 'CityName': 'Le Kremlin-Bicêtre', 'PostalZone': '94270', 'Country': 'FRA'};267500452;True;ASSISTANCE PUBLIQUE HOPITAUX DE PARIS;Assistance Publique - Hôpitaux de Paris;;2026-12-01+01:00;services;"['Critère n°1 - Prix', 'Critère n°2 - Valeur technique de l’offre avec sous-critère a. Moyens matériels (pondération 30%), sous-critère b. Moyens humains (pondération 30%) et sous-critère c. Organisation des prestations (pondération 40%).', ""Critère n°3 - Caractère durable de l’offre avec sous-critère a. Démarche sociale dans le cadre de l'exécution des prestations (pondération 50%) et sous-critère b. Démarche environnementale dans le cadre de l'exécution des prestations (pondération 50%).""]";['prix', 'social', 'environnemental & social'];[45.0, 45.0, 10.0];;True;;False;{'StreetName': None, 'CityName': None, 'PostalZone': None, 'NUTS': None, 'Country': 'FRA'};;;26-94660;;1578355.0;;LOT-0002;60000000;;3;1.0;;Transports aériens et routiers dans le cadre de l’activité de greffe et d’assistance CEC;ouverte;26-075;;;;True;False;False;44066703.0;7364.0;Établissement d'hospitalisation ;10 000  et plus ;False;1982-01-01;86.10Z;2008;5710.0;SAS, société par actions simplifiée;50  à  99;False;<NA>;2008;H;49;49.4;49.41;49.41B;1988-07-11;(48.819374, 2.343148);Paris;Paris;Île-de-France;;Le Kremlin-Bicêtre;Val-de-Marne;Île-de-France;;;;;;;;
False;['60100000'];;True;True;False;attribue;{'StreetName': '3 boulevard Romain Rolland', 'AdditionalStreetName': None, 'CityName': 'Paris', 'PostalZone': '75014', 'Country': 'FRA'};347381865;True;360  SERVICES;360 DEGRES SERVICES;2026-10-02;{'StreetName': None, 'AdditionalStreetName': None, 'CityName': 'Le Kremlin-Bicêtre', 'PostalZone': '94270', 'Country': 'FRA'};267500452;True;ASSISTANCE PUBLIQUE HOPITAUX DE PARIS;Assistance Publique - Hôpitaux de Paris;;2026-12-01+01:00;services;"['Critère n°1 - Prix', 'Critère n°2 - Valeur technique de l’offre avec sous-critère a. Moyens matériels (pondération 30%), sous-critère b. Moyens humains (pondération 30%) et sous-critère c. Organisation des prestations (pondération 40%).', ""Critère n°3 - Caractère durable de l’offre avec sous-critère a. Démarche sociale dans le cadre de l'exécution des prestations (pondération 50%) et sous-critère b. Démarche environnementale dans le cadre de l'exécution des prestations (pondération 50%).""]";['prix', 'social', 'environnemental & social'];[45.0, 45.0, 10.0];;True;;False;{'StreetName': None, 'CityName': None, 'PostalZone': None, 'NUTS': None, 'Country': 'FRA'};;;26-94660;;631346.0;;LOT-0003;60000000;;3;1.0;;Transports aériens et routiers dans le cadre de l’activité de greffe et d’assistance CEC;ouverte;26-075;;;;True;False;False;44066703.0;7364.0;Établissement d'hospitalisation ;10 000  et plus ;False;1982-01-01;86.10Z;2008;5710.0;SAS, société par actions simplifiée;50  à  99;False;<NA>;2008;H;49;49.4;49.41;49.41B;1988-07-11;(48.819374, 2.343148);Paris;Paris;Île-de-France;;Le Kremlin-Bicêtre;Val-de-Marne;Île-de-France;;;;;;;;
False;;;True;False;False;attribue;;;False;;;2026-10-02;"{'StreetName': ""Esplanade Valery Giscard d'Estaing"", 'AdditionalStreetName': None, 'CityName': 'Paris', 'PostalZone': '75007', 'Country': 'FRA'}";180092447;True;ETABLISSEMENT PUBLIC DU MUSEE D'ORSAY ET DU MUSEE DE L'ORANGERIE - VALERY GISCARD D'ESTAING;Ets public Musées Orsay et Orangerie;;;fournitures;"['Valeur technique 30%', 'Cohérence avec le projet muséographique 30%', ""Prise en compte des performances en matière de protection de l'environnement 10%"", 'Prix des prestations 30%']";['technique', 'qualite', 'environnemental', 'prix'];[30.0, 30.0, 10.0, 30.0];180.0;True;;False;{'StreetName': None, 'CityName': None, 'PostalZone': None, 'NUTS': 'FR101', 'Country': 'FRA'};;;26-94669;;255189.0;;LOT-0001;39515100;;1;1.0;;Projet de Raccrochage des salles 52, 53, 54 du Musée d'Orsay dédiées aux Arts Décoratifs - Lot 3 : Marché de fourniture et pose de rideaux et stores;ouverte;2026-535;;;;False;False;False;255189.0;7389.0;Établissement public national à caractère administratif ;500  à  999;False;2004-01-01;91.03Z;2008;;;;;;<NA>;;;;;<NA>;<NA>;;;;;(48.860056, 2.327268);Paris;Paris;Île-de-France;;;;;;;;
False;['44112000'];41.0;True;True;False;attribue;{'StreetName': None, 'AdditionalStreetName': None, 'CityName': 'NICE', 'PostalZone': '06205', 'Country': 'FRA'};484550017;True;TRIVERIO CONSTRUCTION;TRIVIERO CONSTRUCTION;2026-10-02;{'StreetName': 'Les genêts 449, route des Crêtes BP 43', 'AdditionalStreetName': None, 'CityName': 'Sophia antipolis cedex', 'PostalZone': '06901', 'Country': 'FRA'};240600585;True;COMMUNAUTE D AGGLOMERATION DE SOPHIA ANTIPOLIS;Agglomération Sophia Antipolis;2025-03-25;;travaux;"[""La définition et l'appréciation du critère est disponible dans le DCE."", ""La définition et l'appréciation du critère est disponible dans le DCE.""]";['prix', 'qualite'];[60.0, 40.0];360.0;True;;False;{'StreetName': None, 'CityName': 'BIOT', 'PostalZone': '06410', 'NUTS': 'FRL03', 'Country': 'FRA'};;;26-94499;25-32898;2851117.6;;LOT-0001;45262500;;13;4.0;;Construction d'un centre technique du Cycle de l'Eau à Biot - Phase 2;ouverte;Construction d'un centre technique du Cycle de l'Eau à Biot - Phase 2;;False;False;False;False;False;5431556.8;7348.0;Communauté d'agglomération ;500  à  999;False;2002-01-01;84.11Z;2008;5710.0;SAS, société par actions simplifiée;200  à  249;False;<NA>;2008;F;41;41.2;41.2;41.20B;2005-09-07;;Nice;Alpes-Maritimes;Provence-Alpes-Côte d'Azur;;;;;;;;;;;;
False;['34312500'];41.0;True;True;False;attribue;{'StreetName': None, 'AdditionalStreetName': None, 'CityName': 'NICE', 'PostalZone': '06200', 'Country': 'FRA'};917890451;True;AMAR ISOLATION;AMAR ISOLATION;2026-10-02;{'StreetName': 'Les genêts 449, route des Crêtes BP 43', 'AdditionalStreetName': None, 'CityName': 'Sophia antipolis cedex', 'PostalZone': '06901', 'Country': 'FRA'};240600585;True;COMMUNAUTE D AGGLOMERATION DE SOPHIA ANTIPOLIS;Agglomération Sophia Antipolis;2025-03-25;;travaux;"[""La définition et l'appréciation du critère est disponible dans le DCE."", ""La définition et l'appréciation du critère est disponible dans le DCE.""]";['prix', 'qualite'];[60.0, 40.0];360.0;True;;False;{'StreetName': None, 'CityName': 'BIOT', 'PostalZone': '06410', 'NUTS': 'FRL03', 'Country': 'FRA'};;;26-94499;25-32898;140000.0;;LOT-0002;45261420;;13;3.0;;Construction d'un centre technique du Cycle de l'Eau à Biot - Phase 2;ouverte;Construction d'un centre technique du Cycle de l'Eau à Biot - Phase 2;;False;False;False;False;False;5431556.8;7348.0;Communauté d'agglomération ;500  à  999;False;2002-01-01;84.11Z;2008;5710.0;SAS, société par actions simplifiée;;False;<NA>;2008;F;43;43.9;43.99;43.99A;2022-07-19;;Nice;Alpes-Maritimes;Provence-Alpes-Côte d'Azur;;;;;;;;;;;;
False;;41.0;True;True;False;attribue;{'StreetName': None, 'AdditionalStreetName': None, 'CityName': 'LA SEYNE SUR MER', 'PostalZone': '83500', 'Country': 'FRA'};851507616;True;BRM PERE ET FILS;SARL BRM PERE ET FILS;2026-10-02;{'StreetName': 'Les genêts 449, route des Crêtes BP 43', 'AdditionalStreetName': None, 'CityName': 'Sophia antipolis cedex', 'PostalZone': '06901', 'Country': 'FRA'};240600585;True;COMMUNAUTE D AGGLOMERATION DE SOPHIA ANTIPOLIS;Agglomération Sophia Antipolis;2025-03-25;;travaux;"[""La définition et l'appréciation du critère est disponible dans le DCE."", ""La définition et l'appréciation du critère est disponible dans le DCE.""]";['prix', 'qualite'];[60.0, 40.0];360.0;True;;False;{'StreetName': None, 'CityName': 'BIOT', 'PostalZone': '06410', 'NUTS': 'FRL03', 'Country': 'FRA'};;;26-94499;25-32898;74376.0;;LOT-0004;45421152;;13;7.0;;Construction d'un centre technique du Cycle de l'Eau à Biot - Phase 2;ouverte;Construction d'un centre technique du Cycle de l'Eau à Biot - Phase 2;;False;False;False;False;False;5431556.8;7348.0;Communauté d'agglomération ;500  à  999;False;2002-01-01;84.11Z;2008;5499.0;Société à responsabilité limitée (sans autre indication);1  ou  2;False;<NA>;2008;F;41;41.2;41.2;41.20B;2019-05-15;;La Seyne-sur-Mer;Var;Provence-Alpes-Côte d'Azur;;;;;;;;;;;;
False;;41.0;True;True;False;attribue;{'StreetName': None, 'AdditionalStreetName': None, 'CityName': 'LA VALETTE DU VAR', 'PostalZone': '83160', 'Country': 'FRA'};790590053;True;CARRO BTP;SARL CARRO BTP;2026-10-02;{'StreetName': 'Les genêts 449, route des Crêtes BP 43', 'AdditionalStreetName': None, 'CityName': 'Sophia antipolis cedex', 'PostalZone': '06901', 'Country': 'FRA'};240600585;True;COMMUNAUTE D AGGLOMERATION DE SOPHIA ANTIPOLIS;Agglomération Sophia Antipolis;2025-03-25;;travaux;"[""La définition et l'appréciation du critère est disponible dans le DCE."", ""La définition et l'appréciation du critère est disponible dans le DCE.""]";['prix', 'qualite'];[60.0, 40.0];360.0;True;;False;{'StreetName': None, 'CityName': 'BIOT', 'PostalZone': '06410', 'NUTS': 'FRL03', 'Country': 'FRA'};;;26-94499;25-32898;101595.6;;LOT-0005;45432100;;13;4.0;;Construction d'un centre technique du Cycle de l'Eau à Biot - Phase 2;ouverte;Construction d'un centre technique du Cycle de l'Eau à Biot - Phase 2;;False;False;False;False;False;5431556.8;7348.0;Communauté d'agglomération ;500  à  999;False;2002-01-01;84.11Z;2008;5499.0;Société à responsabilité limitée (sans autre indication);6  à  9;False;<NA>;2008;F;43;43.9;43.99;43.99C;2013-01-17;;La Valette-du-Var;Var;Provence-Alpes-Côte d'Azur;;;;;;;;;;;;
False;;41.0;True;True;False;attribue;{'StreetName': None, 'AdditionalStreetName': None, 'CityName': 'SAINT LAURENT DU VAR', 'PostalZone': '06700', 'Country': 'FRA'};492844337;True;CLIBAT AMENAGEMENT;SARL CLIBAT AMENAGEMENT;2026-10-02;{'StreetName': 'Les genêts 449, route des Crêtes BP 43', 'AdditionalStreetName': None, 'CityName': 'Sophia antipolis cedex', 'PostalZone': '06901', 'Country': 'FRA'};240600585;True;COMMUNAUTE D AGGLOMERATION DE SOPHIA ANTIPOLIS;Agglomération Sophia Antipolis;2025-03-25;;travaux;"[""La définition et l'appréciation du critère est disponible dans le DCE."", ""La définition et l'appréciation du critère est disponible dans le DCE.""]";['prix', 'qualite'];[60.0, 40.0];360.0;True;;False;{'StreetName': None, 'CityName': 'BIOT', 'PostalZone': '06410', 'NUTS': 'FRL03', 'Country': 'FRA'};;;26-94499;25-32898;56052.7;;LOT-0006;45421000;;13;2.0;;Construction d'un centre technique du Cycle de l'Eau à Biot - Phase 2;ouverte;Construction d'un centre technique du Cycle de l'Eau à Biot - Phase 2;;False;False;False;False;False;5431556.8;7348.0;Communauté d'agglomération ;500  à  999;False;2002-01-01;84.11Z;2008;5499.0;Société à responsabilité limitée (sans autre indication);20  à  49;False;<NA>;2008;F;43;43.3;43.32;43.32B;2006-11-01;;Saint-Laurent-du-Var;Alpes-Maritimes;Provence-Alpes-Côte d'Azur;;;;;;;;;;;;
False;['44316500', '45421148'];41.0;True;True;False;attribue;{'StreetName': None, 'AdditionalStreetName': None, 'CityName': 'PUGET SUR ARGENS', 'PostalZone': '83480', 'Country': 'FRA'};315549170;True;SOCIETE REGIS PERE ET FILS;SAS REGIS PERE ET FILS;2026-10-02;{'StreetName': 'Les genêts 449, route des Crêtes BP 43', 'AdditionalStreetName': None, 'CityName': 'Sophia antipolis cedex', 'PostalZone': '06901', 'Country': 'FRA'};240600585;True;COMMUNAUTE D AGGLOMERATION DE SOPHIA ANTIPOLIS;Agglomération Sophia Antipolis;2025-03-25;;travaux;"[""La définition et l'appréciation du critère est disponible dans le DCE."", ""La définition et l'appréciation du critère est disponible dans le DCE.""]";['prix', 'qualite'];[60.0, 40.0];360.0;True;;False;{'StreetName': None, 'CityName': 'BIOT', 'PostalZone': '06410', 'NUTS': 'FRL03', 'Country': 'FRA'};;;26-94499;25-32898;217494.75;;LOT-0007;45421100;;13;1.0;;Construction d'un centre technique du Cycle de l'Eau à Biot - Phase 2;ouverte;Construction d'un centre technique du Cycle de l'Eau à Biot - Phase 2;;False;False;False;False;False;5431556.8;7348.0;Communauté d'agglomération ;500  à  999;False;2002-01-01;84.11Z;2008;5710.0;SAS, société par actions simplifiée;20  à  49;False;<NA>;2008;F;43;43.3;43.32;43.32B;1979-01-01;;Puget-sur-Argens;Var;Provence-Alpes-Côte d'Azur;;;;;;;;;;;;
False;;41.0;True;True;False;attribue;{'StreetName': None, 'AdditionalStreetName': None, 'CityName': 'NICE', 'PostalZone': '06200', 'Country': 'FRA'};317527885;True;REVETEMENTS ET PEINTURE DU MIDI RPM BALLY;SARL RPM BALLY;2026-10-02;{'StreetName': 'Les genêts 449, route des Crêtes BP 43', 'AdditionalStreetName': None, 'CityName': 'Sophia antipolis cedex', 'PostalZone': '06901', 'Country': 'FRA'};240600585;True;COMMUNAUTE D AGGLOMERATION DE SOPHIA ANTIPOLIS;Agglomération Sophia Antipolis;2025-03-25;;travaux;"[""La définition et l'appréciation du critère est disponible dans le DCE."", ""La définition et l'appréciation du critère est disponible dans le DCE.""]";['prix', 'qualite'];[60.0, 40.0];360.0;True;;False;{'StreetName': None, 'CityName': 'BIOT', 'PostalZone': '06410', 'NUTS': 'FRL03', 'Country': 'FRA'};;;26-94499;25-32898;54027.5;;LOT-0008;45442100;;13;3.0;;Construction d'un centre technique du Cycle de l'Eau à Biot - Phase 2;ouverte;Construction d'un centre technique du Cycle de l'Eau à Biot - Phase 2;;False;False;False;False;False;5431556.8;7348.0;Communauté d'agglomération ;500  à  999;False;2002-01-01;84.11Z;2008;5499.0;Société à responsabilité limitée (sans autre indication);6  à  9;False;<NA>;2008;F;43;43.3;43.34;43.34Z;1979-01-01;;Nice;Alpes-Maritimes;Provence-Alpes-Côte d'Azur;;;;;;;;;;;;
False;;41.0;True;True;False;attribue;{'StreetName': None, 'AdditionalStreetName': None, 'CityName': 'VALBONNE', 'PostalZone': '06560', 'Country': 'FRA'};542107800;True;OTIS;OTIS;2026-10-02;{'StreetName': 'Les genêts 449, route des Crêtes BP 43', 'AdditionalStreetName': None, 'CityName': 'Sophia antipolis cedex', 'PostalZone': '06901', 'Country': 'FRA'};240600585;True;COMMUNAUTE D AGGLOMERATION DE SOPHIA ANTIPOLIS;Agglomération Sophia Antipolis;2025-03-25;;travaux;"[""La définition et l'appréciation du critère est disponible dans le DCE."", ""La définition et l'appréciation du critère est disponible dans le DCE.""]";['prix', 'qualite'];[60.0, 40.0];360.0;True;;False;{'StreetName': None, 'CityName': 'BIOT', 'PostalZone': '06410', 'NUTS': 'FRL03', 'Country': 'FRA'};;;26-94499;25-32898;19000.0;;LOT-0009;45313000;;13;4.0;;Construction d'un centre technique du Cycle de l'Eau à Biot - Phase 2;ouverte;Construction d'un centre technique du Cycle de l'Eau à Biot - Phase 2;;False;False;False;False;False;5431556.8;7348.0;Communauté d'agglomération ;500  à  999;False;2002-01-01;84.11Z;2008;5306.0;Société en commandite simple ;2 000  à  4 999;True;<NA>;2008;F;43;43.2;43.29;43.29B;1954-01-01;;Valbonne;Alpes-Maritimes;Provence-Alpes-Côte d'Azur;;;;;;;;;;;;
False;['09310000'];41.0;True;True;False;attribue;{'StreetName': None, 'AdditionalStreetName': None, 'CityName': 'ANTIBES', 'PostalZone': '06600', 'Country': 'FRA'};351683479;True;EIFFAGE ENERGIE SYSTEMES-COTE D'AZUR;EIFFAGE ENERGIE SYSTEMES  COTE D'AZUR;2026-10-02;{'StreetName': 'Les genêts 449, route des Crêtes BP 43', 'AdditionalStreetName': None, 'CityName': 'Sophia antipolis cedex', 'PostalZone': '06901', 'Country': 'FRA'};240600585;True;COMMUNAUTE D AGGLOMERATION DE SOPHIA ANTIPOLIS;Agglomération Sophia Antipolis;2025-03-25;;travaux;"[""La définition et l'appréciation du critère est disponible dans le DCE."", ""La définition et l'appréciation du critère est disponible dans le DCE.""]";['prix', 'qualite'];[60.0, 40.0];360.0;True;;False;{'StreetName': None, 'CityName': 'BIOT', 'PostalZone': '06410', 'NUTS': 'FRL03', 'Country': 'FRA'};;;26-94499;25-32898;529236.75;;LOT-0010;45310000;;13;6.0;;Construction d'un centre technique du Cycle de l'Eau à Biot - Phase 2;ouverte;Construction d'un centre technique du Cycle de l'Eau à Biot - Phase 2;;False;False;False;False;False;5431556.8;7348.0;Communauté d'agglomération ;500  à  999;False;2002-01-01;84.11Z;2008;5710.0;SAS, société par actions simplifiée;20  à  49;False;<NA>;2008;F;43;43.2;43.21;43.21A;1989-07-01;;Antibes;Alpes-Maritimes;Provence-Alpes-Côte d'Azur;;;;;;;;;;;;
False;;41.0;True;True;False;attribue;{'StreetName': None, 'AdditionalStreetName': None, 'CityName': 'GRASSE', 'PostalZone': '06130', 'Country': 'FRA'};439400920;True;STME;SAS STME;2026-10-02;{'StreetName': 'Les genêts 449, route des Crêtes BP 43', 'AdditionalStreetName': None, 'CityName': 'Sophia antipolis cedex', 'PostalZone': '06901', 'Country': 'FRA'};240600585;True;COMMUNAUTE D AGGLOMERATION DE SOPHIA ANTIPOLIS;Agglomération Sophia Antipolis;2025-03-25;;travaux;"[""La définition et l'appréciation du critère est disponible dans le DCE."", ""La définition et l'appréciation du critère est disponible dans le DCE.""]";['prix', 'qualite'];[60.0, 40.0];360.0;True;;False;{'StreetName': None, 'CityName': 'BIOT', 'PostalZone': '06410', 'NUTS': 'FRL03', 'Country': 'FRA'};;;26-94499;25-32898;659864.22;;LOT-0011;45330000;;13;7.0;;Construction d'un centre technique du Cycle de l'Eau à Biot - Phase 2;ouverte;Construction d'un centre technique du Cycle de l'Eau à Biot - Phase 2;;False;False;False;False;False;5431556.8;7348.0;Communauté d'agglomération ;500  à  999;False;2002-01-01;84.11Z;2008;5499.0;Société à responsabilité limitée (sans autre indication);20  à  49;False;<NA>;2008;F;43;43.2;43.22;43.22B;2001-10-01;;Grasse;Alpes-Maritimes;Provence-Alpes-Côte d'Azur;;;;;;;;;;;;
False;['90611000', '32400000'];41.0;True;True;False;attribue;{'StreetName': None, 'AdditionalStreetName': None, 'CityName': 'DRAP', 'PostalZone': '06340', 'Country': 'FRA'};388077570;True;NARDELLI TP;SARL NARDELLI TP;2026-10-02;{'StreetName': 'Les genêts 449, route des Crêtes BP 43', 'AdditionalStreetName': None, 'CityName': 'Sophia antipolis cedex', 'PostalZone': '06901', 'Country': 'FRA'};240600585;True;COMMUNAUTE D AGGLOMERATION DE SOPHIA ANTIPOLIS;Agglomération Sophia Antipolis;2025-03-25;;travaux;"[""La définition et l'appréciation du critère est disponible dans le DCE."", ""La définition et l'appréciation du critère est disponible dans le DCE.""]";['prix', 'qualite'];[60.0, 40.0];360.0;True;;False;{'StreetName': None, 'CityName': 'BIOT', 'PostalZone': '06410', 'NUTS': 'FRL03', 'Country': 'FRA'};;;26-94499;25-32898;498900.0;;LOT-0012;45233000;;13;5.0;;Construction d'un centre technique du Cycle de l'Eau à Biot - Phase 2;ouverte;Construction d'un centre technique du Cycle de l'Eau à Biot - Phase 2;;False;False;False;False;False;5431556.8;7348.0;Communauté d'agglomération ;500  à  999;False;2002-01-01;84.11Z;2008;5499.0;Société à responsabilité limitée (sans autre indication);50  à  99;False;<NA>;2008;F;42;42.1;42.11;42.11Z;1992-05-18;;Drap;Alpes-Maritimes;Provence-Alpes-Côte d'Azur;;;;;;;;;;;;
False;;41.0;True;True;False;attribue;{'StreetName': None, 'AdditionalStreetName': None, 'CityName': 'VILLENEUVE LOUBET', 'PostalZone': '06270', 'Country': 'FRA'};340632140;False;BOTANICA JARDINS SERVICES;SAS BOTANICA JARDINS SERVICES;2026-10-02;{'StreetName': 'Les genêts 449, route des Crêtes BP 43', 'AdditionalStreetName': None, 'CityName': 'Sophia antipolis cedex', 'PostalZone': '06901', 'Country': 'FRA'};240600585;True;COMMUNAUTE D AGGLOMERATION DE SOPHIA ANTIPOLIS;Agglomération Sophia Antipolis;2025-03-25;;travaux;"[""La définition et l'appréciation du critère est disponible dans le DCE."", ""La définition et l'appréciation du critère est disponible dans le DCE.""]";['prix', 'qualite'];[60.0, 40.0];360.0;True;;False;{'StreetName': None, 'CityName': 'BIOT', 'PostalZone': '06410', 'NUTS': 'FRL03', 'Country': 'FRA'};;;26-94499;25-32898;122984.18;;LOT-0013;45112710;;13;6.0;;Construction d'un centre technique du Cycle de l'Eau à Biot - Phase 2;ouverte;Construction d'un centre technique du Cycle de l'Eau à Biot - Phase 2;;False;False;False;False;False;5431556.8;7348.0;Communauté d'agglomération ;500  à  999;False;2002-01-01;84.11Z;2008;5710.0;SAS, société par actions simplifiée;100  à  199;False;<NA>;2008;N;81;81.3;81.3;81.30Z;1987-03-18;;Villeneuve-Loubet;Alpes-Maritimes;Provence-Alpes-Côte d'Azur;;;;;;;;;;;;
False;;41.0;True;True;False;attribue;{'StreetName': None, 'AdditionalStreetName': None, 'CityName': 'PUGET SUR ARGENS', 'PostalZone': '83480', 'Country': 'FRA'};315549170;True;SOCIETE REGIS PERE ET FILS;SAS REGIS PERE ET FILS;2026-10-02;{'StreetName': 'Les genêts 449, route des Crêtes BP 43', 'AdditionalStreetName': None, 'CityName': 'Sophia antipolis cedex', 'PostalZone': '06901', 'Country': 'FRA'};240600585;True;COMMUNAUTE D AGGLOMERATION DE SOPHIA ANTIPOLIS;Agglomération Sophia Antipolis;2025-03-25;;travaux;"[""La définition et l'appréciation du critère est disponible dans le DCE."", ""La définition et l'appréciation du critère est disponible dans le DCE.""]";['prix', 'qualite'];[60.0, 40.0];360.0;True;;False;{'StreetName': None, 'CityName': 'BIOT', 'PostalZone': '06410', 'NUTS': 'FRL03', 'Country': 'FRA'};;;26-94499;25-32898;106907.5;;LOT-0003;45420000;;13;1.0;;Construction d'un centre technique du Cycle de l'Eau à Biot - Phase 2;ouverte;Construction d'un centre technique du Cycle de l'Eau à Biot - Phase 2;;False;False;False;False;False;5431556.8;7348.0;Communauté d'agglomération ;500  à  999;False;2002-01-01;84.11Z;2008;5710.0;SAS, société par actions simplifiée;20  à  49;False;<NA>;2008;F;43;43.3;43.32;43.32B;1979-01-01;;Puget-sur-Argens;Var;Provence-Alpes-Côte d'Azur;;;;;;;;;;;;
False;;;False;True;False;attribue;{'StreetName': None, 'AdditionalStreetName': None, 'CityName': 'MASSY', 'PostalZone': '91000', 'Country': 'FRA'};323420349;True;SCOPING - SOCIETE DE COORDINATION D'ORDONNANCEMENT DE PILOTAGE ET D'INGENIERIE;SCOPING;2026-10-02;{'StreetName': '6 RUE LOUIS ARMAND', 'AdditionalStreetName': None, 'CityName': 'BLOIS', 'PostalZone': '41000', 'Country': 'FRA'};311510440;True;UNION IMMOBILIERE ORGANISM S S;UIOSS Loir-et-Cher;;2026-09-01+02:00;services;['prix des prestations', 'qualité méthodologique, moyens humains et cohérence'];['prix', 'social'];[40.0, 60.0];;False;3160000.0;False;{'StreetName': None, 'CityName': None, 'PostalZone': None, 'NUTS': 'FRB05', 'Country': 'FRA'};;;26-94716;;259500.0;;LOT-0001;71000000;;2;8.0;;MARCHE DE MISSION DE MAITRISE D'OEUVRE ET D'OPC CONCERNANT LA RENOVATION ENERGETIQUE DE L'UIOSS DE LOIR-ET-CHER;ouverte;2026MOE01;;;;True;False;False;359163.0;8110.0;Régime général de la Sécurité Sociale;3  à  5;<NA>;1982-12-08;84.30A;2008;5505.0;SA à participation ouvrière à conseil d'administration ;100  à  199;False;<NA>;2008;M;71;71.1;71.12;71.12B;1982-01-01;;Sainte-Rose;Guadeloupe;;(47.598729, 1.303409);Blois;Loir-et-Cher;Centre-Val de Loire;;;;;;;;
False;;;False;True;False;attribue;{'StreetName': None, 'AdditionalStreetName': None, 'CityName': 'JOUE-LES-TOURS', 'PostalZone': '37300', 'Country': 'FRA'};834714826;True;CDC CONSEIL;CDC CONSEIL;2026-10-02;{'StreetName': '6 RUE LOUIS ARMAND', 'AdditionalStreetName': None, 'CityName': 'BLOIS', 'PostalZone': '41000', 'Country': 'FRA'};311510440;True;UNION IMMOBILIERE ORGANISM S S;UIOSS Loir-et-Cher;;2026-09-01+02:00;services;['Prix des prestations', 'Qualité méthodologique, moyens humains et cohérence'];['prix', 'social'];[40.0, 60.0];;False;3160000.0;False;{'StreetName': None, 'CityName': 'Blois', 'PostalZone': None, 'NUTS': 'FRB05', 'Country': 'FRA'};;;26-94716;;99663.0;;LOT-0002;71520000;;2;5.0;;MARCHE DE MISSION DE MAITRISE D'OEUVRE ET D'OPC CONCERNANT LA RENOVATION ENERGETIQUE DE L'UIOSS DE LOIR-ET-CHER;ouverte;2026MOE01;;;;True;False;False;359163.0;8110.0;Régime général de la Sécurité Sociale;3  à  5;<NA>;1982-12-08;84.30A;2008;5499.0;Société à responsabilité limitée (sans autre indication);50  à  99;False;<NA>;2008;M;71;71.1;71.12;71.12B;2018-01-12;;Joué-lès-Tours;Indre-et-Loire;Centre-Val de Loire;(47.598729, 1.303409);Blois;Loir-et-Cher;Centre-Val de Loire;;;;;;;;
False;['72250000'];;True;False;False;attribue;{'StreetName': None, 'AdditionalStreetName': None, 'CityName': 'Lacroix Saint-Ouen', 'PostalZone': '60610', 'Country': 'FRA'};397502931;True;DELTACAD;DELTACAD;2026-10-02;{'StreetName': '12 rue Villiot', 'AdditionalStreetName': None, 'CityName': 'Paris', 'PostalZone': '75012', 'Country': 'FRA'};200075224;True;EPT DE BASSIN SEINE GRANDS LACS;EPTB Seine Grands Lacs;;;services;[];[];;365.0;False;0.0;True;{'StreetName': None, 'CityName': None, 'PostalZone': None, 'NUTS': 'FR101', 'Country': 'FRA'};sans remise en concurrence;;26-94614;;105301.5;0.0;LOT-0001;72212600;400000.0;1;1.0;;MAINTENANCE ET EVOLUTIONS DE L'OUTIL DE GESTION DES DONNEES D'EXPLOITATION (OGDE) DE L'EPTB SEINE GRANDS LACS;ouverte;26207;3.0;;;False;False;False;105301.5;7355.0;Syndicat mixte ouvert;100  à  199;False;2017-03-30;84.11Z;2008;5560.0;Autre SA coopérative à conseil d'administration ;10  à  19;False;<NA>;2008;J;62;62.0;62.02;62.02B;1994-06-27;;Lacroix-Saint-Ouen;Oise;Hauts-de-France;(48.841278, 2.375042);Paris;Paris;Île-de-France;;;;;;;;
False;;;True;True;False;attribue;{'StreetName': None, 'AdditionalStreetName': None, 'CityName': 'Montrouge', 'PostalZone': '92120', 'Country': 'FRA'};795246396;True;GLOBAL-EXAM;GlobalExam;2026-10-02;{'StreetName': '33, boulevard du Port', 'AdditionalStreetName': None, 'CityName': 'Cergy-Pontoise Cedex', 'PostalZone': '95011', 'Country': 'FRA'};130025976;True;CY CERGY PARIS UNIVERSITE;CY Cergy Paris Université;;2026-09-01+01:00;fournitures;['Critère n°1 : Prix du bordereau des prix unitaires (BPU) appréciés au\nregard du détail quantitatif estimatif (DQE)', 'Critère n°2 : Valeur technique appréciée au regard du cadre de réponse technique (CRT)\nSous-critère n°2.1 : Qualité du parcours pédagogique : diversité des\nressources, parcours thématiques, nombre d’heures proposées par\nparcours, nombre d’activités proposées pour les compétences orales et écrites, langues d’interface, outils de suivi de l’activité sur la plateforme et d’évaluation de la progression (12 points)\nSous-critère n°2.2 : Qualité du suivi pédagogique : pertinence et qualité des outils de suivi et d’évaluation proposés. Qualité des tests de positionnement - Module de notation (8 points)\nSous-critère n°2.3 : Qualité des fonctionnalités coté administrateur : moyens permettant de facilement importer des listes d’utilisateurs, suivre la consommation de licences, interroger une licence particulière en fonction du nom de la personne à laquelle a été attribuée la licence, créer des classes (8 points)\nSous-critère n°2.4 : Qualité de l’accompagnement et de la formation des administrateurs et enseignants (équipe expérimentée et interlocuteur dédié) (8 points)\nSous-critère n°2.5 : Qualité du SAV et réactivité du support technique (4 points)', 'Critère n°3 : Qualité des mesures environnementales proposées dans le cadre du présent marché'];['prix', 'qualite', 'environnemental'];[50.0, 40.0, 10.0];1460.0;True;;False;{'StreetName': None, 'CityName': None, 'PostalZone': None, 'NUTS': 'FR108', 'Country': 'FRA'};sans remise en concurrence;;26-94502;;120000.0;;LOT-0001;48931000;300000.0;4;6.0;;Fourniture d’accès aux plateformes d’apprentissage des langues étrangères pour CY Cergy Paris Université;ouverte;2026CYCPU0F17;3.0;;;False;False;False;300000.0;7383.0;Établissement public national à caractère scientifique culturel et professionnel ;2 000  à  4 999;False;2019-11-01;85.42Z;2008;5710.0;SAS, société par actions simplifiée;50  à  99;False;<NA>;2008;N;78;78.3;78.3;78.30Z;2013-10-01;;Montrouge;Hauts-de-Seine;Île-de-France;;;;;;;;;;;;
False;;;True;True;False;attribue;{'StreetName': None, 'AdditionalStreetName': None, 'CityName': 'Montrouge', 'PostalZone': '92120', 'Country': 'FRA'};795246396;True;GLOBAL-EXAM;GlobalExam;2026-10-02;{'StreetName': '33, boulevard du Port', 'AdditionalStreetName': None, 'CityName': 'Cergy-Pontoise Cedex', 'PostalZone': '95011', 'Country': 'FRA'};130025976;True;CY CERGY PARIS UNIVERSITE;CY Cergy Paris Université;;2026-09-01+01:00;fournitures;['Critère n°1 : Prix du bordereau des prix unitaires (BPU) appréciés au\nregard du détail quantitatif estimatif (DQE)', 'Critère n°2 : Valeur technique appréciée au regard du cadre de réponse technique (CRT)\nSous-critère n°2.1 : Qualité du parcours pédagogique : diversité des\nressources, parcours thématiques, nombre d’heures proposées par\nparcours, nombre d’activités proposées pour les compétences orales et écrites, langues d’interface, outils de suivi de l’activité sur la plateforme et d’évaluation de la progression (12 points)\nSous-critère n°2.2 : Qualité du suivi pédagogique : pertinence et qualité des outils de suivi et d’évaluation proposés. Qualité des tests de positionnement - Module de notation (8 points)\nSous-critère n°2.3 : Qualité des fonctionnalités coté administrateur : moyens permettant de facilement importer des listes d’utilisateurs, suivre la consommation de licences, interroger une licence particulière en fonction du nom de la personne à laquelle a été attribuée la licence, créer des classes (8 points)\nSous-critère n°2.4 : Qualité de l’accompagnement et de la formation des administrateurs et enseignants (équipe expérimentée et interlocuteur dédié) (8 points)\nSous-critère n°2.5 : Qualité du SAV et réactivité du support technique (4 points)', 'Critère n°3 : Qualité des mesures environnementales proposées dans le cadre du présent marché'];['prix', 'qualite', 'environnemental'];[50.0, 40.0, 10.0];1460.0;True;;False;{'StreetName': None, 'CityName': None, 'PostalZone': None, 'NUTS': 'FR108', 'Country': 'FRA'};sans remise en concurrence;;26-94502;;90000.0;;LOT-0002;48931000;300000.0;4;8.0;;Fourniture d’accès aux plateformes d’apprentissage des langues étrangères pour CY Cergy Paris Université;ouverte;2026CYCPU0F17;3.0;;;False;False;False;300000.0;7383.0;Établissement public national à caractère scientifique culturel et professionnel ;2 000  à  4 999;False;2019-11-01;85.42Z;2008;5710.0;SAS, société par actions simplifiée;50  à  99;False;<NA>;2008;N;78;78.3;78.3;78.30Z;2013-10-01;;Montrouge;Hauts-de-Seine;Île-de-France;;;;;;;;;;;;
False;;;True;True;False;attribue;{'StreetName': None, 'AdditionalStreetName': None, 'CityName': 'Paris', 'PostalZone': '75015', 'Country': 'FRA'};510689649;True;WEFIT GROUP;WEFIT GROUP;2026-10-02;{'StreetName': '33, boulevard du Port', 'AdditionalStreetName': None, 'CityName': 'Cergy-Pontoise Cedex', 'PostalZone': '95011', 'Country': 'FRA'};130025976;True;CY CERGY PARIS UNIVERSITE;CY Cergy Paris Université;;2026-09-01+01:00;fournitures;['Critère n°1 : Prix du bordereau des prix unitaires (BPU) appréciés au\nregard du détail quantitatif estimatif (DQE)', 'Critère n°2 : Valeur technique appréciée au regard du cadre de réponse technique (CRT)\nSous-critère n°2.1 : Qualité du parcours pédagogique : diversité des\nlangues et des ressources, parcours thématiques, nombre d’heures proposées par parcours, nombre d’activités proposées pour les compétences orales et écrites, langues d’interface, outils de suivi de l’activité sur la plateforme et d’évaluation de la progression (12 points)\nSous-critère n°2.2 : Qualité du suivi pédagogique : pertinence et qualité des outils de suivi et d’évaluation proposés. Qualité des tests de positionnement - Module de notation (8 points)\nSous-critère n°2.3 : Qualité des fonctionnalités coté administrateur : moyens permettant de facilement importer des listes d’utilisateurs, suivre la consommation de licences, interroger une licence particulière en fonction du nom de la personne à laquelle a été attribuée la licence, créer des classes (8 points)\nSous-critère n°2.4 : Qualité de l’accompagnement et de la formation des administrateurs et enseignants (équipe expérimentée et interlocuteur dédié) (8 points)\nSous-critère n°2.5 : Qualité du SAV et réactivité du support technique (4 points)', 'Critère n°3 : Qualité des mesures environnementales proposées dans le cadre du présent marché'];['prix', 'qualite', 'environnemental'];[50.0, 40.0, 10.0];1460.0;True;;False;{'StreetName': None, 'CityName': None, 'PostalZone': None, 'NUTS': 'FR108', 'Country': 'FRA'};sans remise en concurrence;;26-94502;;60000.0;;LOT-0003;48931000;300000.0;4;4.0;;Fourniture d’accès aux plateformes d’apprentissage des langues étrangères pour CY Cergy Paris Université;ouverte;2026CYCPU0F17;3.0;;;False;False;False;300000.0;7383.0;Établissement public national à caractère scientifique culturel et professionnel ;2 000  à  4 999;False;2019-11-01;85.42Z;2008;5710.0;SAS, société par actions simplifiée;10  à  19;False;<NA>;2008;M;70;70.2;70.22;70.22Z;2009-02-20;;Paris;Paris;Île-de-France;;;;;;;;;;;;
False;;;True;True;False;attribue;{'StreetName': None, 'AdditionalStreetName': None, 'CityName': 'Paris', 'PostalZone': '75015', 'Country': 'FRA'};510689649;True;WEFIT GROUP;WEFIT GROUP;2026-10-02;{'StreetName': '33, boulevard du Port', 'AdditionalStreetName': None, 'CityName': 'Cergy-Pontoise Cedex', 'PostalZone': '95011', 'Country': 'FRA'};130025976;True;CY CERGY PARIS UNIVERSITE;CY Cergy Paris Université;;2026-09-01+01:00;fournitures;['Critère n°1 : Prix du bordereau des prix unitaires (BPU) appréciés au\nregard du détail quantitatif estimatif (DQE)', 'Critère n°2 : Valeur technique appréciée au regard du cadre de réponse technique (CRT)\nSous-critère n°2.1 : Qualité du parcours pédagogique : diversité des\nlangues et des ressources, parcours thématiques, nombre d’heures proposées par parcours, nombre d’activités proposées pour les compétences orales et écrites, langues d’interface, outils de suivi de l’activité sur la plateforme et d’évaluation de la progression (12 points)\nSous-critère n°2.2 : Qualité du suivi pédagogique : pertinence et qualité des outils de suivi et d’évaluation proposés. Qualité des tests de positionnement - Module de notation (8 points)\nSous-critère n°2.3 : Qualité des fonctionnalités coté administrateur : moyens permettant de facilement importer des listes d’utilisateurs, suivre la consommation de licences, interroger une licence particulière en fonction du nom de la personne à laquelle a été attribuée la licence, créer des classes (8 points)\nSous-critère n°2.4 : Qualité de l’accompagnement et de la formation des administrateurs et enseignants (équipe expérimentée et interlocuteur dédié) (8 points)\nSous-critère n°2.5 : Qualité du SAV et réactivité du support technique (4 points)', 'Critère n°3 : Qualité des mesures environnementales proposées dans le cadre du présent marché'];['prix', 'qualite', 'environnemental'];[50.0, 40.0, 10.0];1460.0;True;;False;{'StreetName': None, 'CityName': None, 'PostalZone': None, 'NUTS': 'FR108', 'Country': 'FRA'};sans remise en concurrence;;26-94502;;30000.0;;LOT-0004;48931000;300000.0;4;3.0;;Fourniture d’accès aux plateformes d’apprentissage des langues étrangères pour CY Cergy Paris Université;ouverte;2026CYCPU0F17;3.0;;;False;False;False;300000.0;7383.0;Établissement public national à caractère scientifique culturel et professionnel ;2 000  à  4 999;False;2019-11-01;85.42Z;2008;5710.0;SAS, société par actions simplifiée;10  à  19;False;<NA>;2008;M;70;70.2;70.22;70.22Z;2009-02-20;;Paris;Paris;Île-de-France;;;;;;;;;;;;
False;;;True;True;False;attribue;;;False;;;2026-10-02;{'StreetName': None, 'AdditionalStreetName': None, 'CityName': 'paris', 'PostalZone': '75775', 'Country': 'FRA'};110000031;True;CONSEIL ECONOMIQUE SOCIAL ET ENVIRONNEMENTAL;CESE.;;;services;['Qualité des prestations', 'prix', 'Développement durable'];['qualite', 'prix', 'environnemental'];[65.0, 30.0, 5.0];1080.0;True;;False;{'StreetName': None, 'CityName': 'paris', 'PostalZone': None, 'NUTS': 'FR101', 'Country': 'FRA'};avec remise en concurrence;;26-94544;;;;LOT-0001;79419000;1500000.0;2;2.0;;Recrutement et tirage au sort des citoyennes et citoyens;ouverte;26MAR06;;;;True;False;False;;7111.0;Autorité constitutionnelle ;250  à  499;<NA>;1959-01-08;84.11Z;2008;;;;;;<NA>;;;;;<NA>;<NA>;;;;;;Paris;Paris;Île-de-France;;;;;;;;
False;;;True;True;False;attribue;;;False;;;2026-10-02;{'StreetName': None, 'AdditionalStreetName': None, 'CityName': 'paris', 'PostalZone': '75775', 'Country': 'FRA'};110000031;True;CONSEIL ECONOMIQUE SOCIAL ET ENVIRONNEMENTAL;CESE.;;;services;['Qualité des prestations', 'prix', 'Développement durable'];['qualite', 'prix', 'environnemental'];[65.0, 30.0, 5.0];1080.0;True;;False;"{'StreetName': ""9 place d'iéna"", 'CityName': 'paris', 'PostalZone': '75775 paris cedex 16', 'NUTS': 'FR101', 'Country': 'FRA'}";avec remise en concurrence;;26-94544;;;;LOT-0002;79419000;1500000.0;2;3.0;;Recrutement et tirage au sort des citoyennes et citoyens;ouverte;26MAR06;;;;True;False;False;;7111.0;Autorité constitutionnelle ;250  à  499;<NA>;1959-01-08;84.11Z;2008;;;;;;<NA>;;;;;<NA>;<NA>;;;;;;Paris;Paris;Île-de-France;;;;;;;;
False;['72267100', '48000000'];;True;False;False;attribue;{'StreetName': '16 PLACE RENÉ GOBLET APPT 04', 'AdditionalStreetName': None, 'CityName': 'AMIENS', 'PostalZone': '80000', 'Country': 'FRA'};803666999;True;EWILL;EWILL;2026-10-02;{'StreetName': '9 avenue George V', 'AdditionalStreetName': None, 'CityName': 'PARIS', 'PostalZone': '75008', 'Country': 'FRA'};180070047;True;CHAMBRES D'AGRICULTURE FRANCE;CHAMBRES D'AGRICULTURE FRANCE;;;services;"['Prix des prestations sur la base du DQE', ""1-1 - Profils des membres de l'équipe pressentie avec leurs CV : type d'intervenants, qualifications, compétences, références significatives dans les domaines concernés par le marché dont l'IA, les API REST et la conteneurisation / 10.0%\r\n1-2 - Références significatives sur des projets comparables d'usines à sites Typo3 : nbr de sites, nbr de contributeurs, version de typo3 / 10.0%\r\n1-3 - Méthodologie proposée pour l'exécution des prestations de maintenance corrective, y compris le processus de livraison sur les différents environnements / 20.0%\r\n1.4 - Méthodologie proposée pour l'exécution des prestations de maintenance évolutive dont les aspects UX/UI / 20.0%\r\n1-5- Démarche qualité, analyse et pilotage des risques (notamment PAS et PAQ) / 10.0%""]";['prix', 'environnemental'];[30.0, 70.0];1440.0;False;400000.0;False;{'StreetName': None, 'CityName': None, 'PostalZone': None, 'NUTS': 'FR101', 'Country': 'FRA'};sans remise en concurrence;;26-94735;;400000.0;400000.0;LOT-0001;72000000;400000.0;1;3.0;;TIERCE MAINTENANCE APPLICATIVE DE L'APPLICATION OPUS, SOLUTION INDUSTRALISEE DE PRODUCTION DES SITES WEB DES CHAMBRES D'AGRICULTURE;ouverte;2026-08;1.0;;;False;False;False;400000.0;7381.0;Organisme consulaire ;500  à  999;False;1982-01-01;94.11Z;2008;5499.0;Société à responsabilité limitée (sans autre indication);6  à  9;False;<NA>;2008;M;71;71.1;71.12;71.12B;2014-07-16;(49.89116, 2.302144);Amiens;Somme;Hauts-de-France;(48.86597, 2.301087);Paris;Paris;Île-de-France;;;;;;;;
False;;;True;True;False;attribue;{'StreetName': None, 'AdditionalStreetName': None, 'CityName': 'Montpellier', 'PostalZone': '34080', 'Country': 'FRA'};505318543;True;CRYOPEP;Cryopep;2026-10-02;{'StreetName': '7 rue du Fer à Moulin', 'AdditionalStreetName': None, 'CityName': 'Paris', 'PostalZone': '75005', 'Country': 'FRA'};267500452;True;ASSISTANCE PUBLIQUE HOPITAUX DE PARIS;ASSISTANCE PUBLIQUE HOPITAUX DE PARIS;;;fournitures;"[""Critère : Qualité de la prestation, (60%) ; 4 Sous critères de choix sont définis avec les pondérations suivantes : 1) Qualité technique, 35% ; 2) Adaptation à l'usage hospitalier, 10% ; 3) Prestations du candidat, 10% ; 4) Actions menées en termes de développement Durable, 5%"", 'Critère :  Prix (40%)']";['environnemental', 'prix'];[40.0, 60.0];1440.0;False;;False;{'StreetName': None, 'CityName': None, 'PostalZone': None, 'NUTS': 'FR101', 'Country': 'FRA'};sans remise en concurrence;;26-94624;;1665465.0;;LOT-0001;33696500;38995033.0;5;3.0;;Dispositifs Médicaux de Diagnostic In Vitro : réactifs, trousses, plasmas de calibration et de contrôle d’hémostase, et des prestations associées;ouverte;AGEPS AO 26-06L;;;;False;False;False;;7364.0;Établissement d'hospitalisation ;10 000  et plus ;False;1982-01-01;86.10Z;2008;5499.0;Société à responsabilité limitée (sans autre indication);3  à  5;False;<NA>;2008;G;46;46.4;46.46;46.46Z;2008-08-01;;Montpellier;Hérault;Occitanie;(48.839307, 2.355307);Paris;Paris;Île-de-France;;;;;;;;
False;;;True;True;False;attribue;{'StreetName': None, 'AdditionalStreetName': None, 'CityName': 'Asnières sur seine', 'PostalZone': '92665', 'Country': 'FRA'};305151409;True;DIAGNOSTICA STAGO;DIAGNOSTICA STAGO;2026-10-02;{'StreetName': '7 rue du Fer à Moulin', 'AdditionalStreetName': None, 'CityName': 'Paris', 'PostalZone': '75005', 'Country': 'FRA'};267500452;True;ASSISTANCE PUBLIQUE HOPITAUX DE PARIS;ASSISTANCE PUBLIQUE HOPITAUX DE PARIS;;;fournitures;"[""Qualité de la prestation, (60%) ; 4 Sous critères de choix sont définis avec les pondérations suivantes : 1) Qualité technique, 35% ; 2) Adaptation à l'usage hospitalier, 10% ; 3) Prestations du candidat, 10% ; 4) Actions menées en termes de développement Durable, 5%"", 'Critère :  Prix (40%)']";['environnemental', 'prix'];[40.0, 60.0];1440.0;False;;False;{'StreetName': None, 'CityName': None, 'PostalZone': None, 'NUTS': 'FR101', 'Country': 'FRA'};sans remise en concurrence;;26-94624;;19773422.0;;LOT-0002;33696500;38995033.0;5;3.0;;Dispositifs Médicaux de Diagnostic In Vitro : réactifs, trousses, plasmas de calibration et de contrôle d’hémostase, et des prestations associées;ouverte;AGEPS AO 26-06L;;;;False;False;False;;7364.0;Établissement d'hospitalisation ;10 000  et plus ;False;1982-01-01;86.10Z;2008;5710.0;SAS, société par actions simplifiée;1 000  à  1 999;False;<NA>;2008;C;21;21.2;21.2;21.20Z;1900-01-01;;Asnières-sur-Seine;Hauts-de-Seine;Île-de-France;(48.839307, 2.355307);Paris;Paris;Île-de-France;;;;;;;;
False;;;True;True;False;attribue;{'StreetName': None, 'AdditionalStreetName': None, 'CityName': 'Courbevoie', 'PostalZone': '92412', 'Country': 'FRA'};810794800;True;SIEMENS HEALTHCARE SAS;SIEMENS HEALTHCARE;2026-10-02;{'StreetName': '7 rue du Fer à Moulin', 'AdditionalStreetName': None, 'CityName': 'Paris', 'PostalZone': '75005', 'Country': 'FRA'};267500452;True;ASSISTANCE PUBLIQUE HOPITAUX DE PARIS;ASSISTANCE PUBLIQUE HOPITAUX DE PARIS;;;fournitures;"[""Critère : Qualité de la prestation, (60%) ; 4 Sous critères de choix sont définis avec les pondérations suivantes : 1) Qualité technique, 35% ; 2) Adaptation à l'usage hospitalier, 10% ; 3) Prestations du candidat, 10% ; 4) Actions menées en termes de développement Durable, 5%"", 'Critère :  Prix (40%)']";['environnemental', 'prix'];[40.0, 60.0];1440.0;False;;False;{'StreetName': None, 'CityName': None, 'PostalZone': None, 'NUTS': 'FR101', 'Country': 'FRA'};sans remise en concurrence;;26-94624;;5435095.0;;LOT-0003;33696500;38995033.0;5;3.0;;Dispositifs Médicaux de Diagnostic In Vitro : réactifs, trousses, plasmas de calibration et de contrôle d’hémostase, et des prestations associées;ouverte;AGEPS AO 26-06L;;;;False;False;False;;7364.0;Établissement d'hospitalisation ;10 000  et plus ;False;1982-01-01;86.10Z;2008;5710.0;SAS, société par actions simplifiée;500  à  999;False;<NA>;2008;G;46;46.4;46.46;46.46Z;2015-03-30;;Courbevoie;Hauts-de-Seine;Île-de-France;(48.839307, 2.355307);Paris;Paris;Île-de-France;;;;;;;;
False;;;True;True;False;attribue;{'StreetName': None, 'AdditionalStreetName': None, 'CityName': 'Villepinte', 'PostalZone': '95944', 'Country': 'FRA'};429963002;True;SYSMEX FRANCE;SYSMEX FRANCE;2026-10-02;{'StreetName': '7 rue du Fer à Moulin', 'AdditionalStreetName': None, 'CityName': 'Paris', 'PostalZone': '75005', 'Country': 'FRA'};267500452;True;ASSISTANCE PUBLIQUE HOPITAUX DE PARIS;ASSISTANCE PUBLIQUE HOPITAUX DE PARIS;;;fournitures;"[""Critère : Qualité de la prestation, (60%) ; 4 Sous critères de choix sont définis avec les pondérations suivantes : 1) Qualité technique, 35% ; 2) Adaptation à l'usage hospitalier, 10% ; 3) Prestations du candidat, 10% ; 4) Actions menées en termes de développement Durable, 5%"", 'Critère :  Prix (40%)']";['environnemental', 'prix'];[40.0, 60.0];1440.0;False;;False;{'StreetName': None, 'CityName': None, 'PostalZone': None, 'NUTS': 'FR101', 'Country': 'FRA'};sans remise en concurrence;;26-94624;;7012420.0;;LOT-0004;33696500;38995033.0;5;3.0;;Dispositifs Médicaux de Diagnostic In Vitro : réactifs, trousses, plasmas de calibration et de contrôle d’hémostase, et des prestations associées;ouverte;AGEPS AO 26-06L;;;;False;False;False;;7364.0;Établissement d'hospitalisation ;10 000  et plus ;False;1982-01-01;86.10Z;2008;5710.0;SAS, société par actions simplifiée;200  à  249;False;<NA>;2008;G;46;46.4;46.46;46.46Z;2000-02-28;;Villepinte;Seine-Saint-Denis;Île-de-France;(48.839307, 2.355307);Paris;Paris;Île-de-France;;;;;;;;
False;;;True;True;False;attribue;{'StreetName': None, 'AdditionalStreetName': None, 'CityName': 'Le pré saint Gervais', 'PostalZone': '93310', 'Country': 'FRA'};562010264;True;WERFEN;WERFEN;2026-10-02;{'StreetName': '7 rue du Fer à Moulin', 'AdditionalStreetName': None, 'CityName': 'Paris', 'PostalZone': '75005', 'Country': 'FRA'};267500452;True;ASSISTANCE PUBLIQUE HOPITAUX DE PARIS;ASSISTANCE PUBLIQUE HOPITAUX DE PARIS;;;fournitures;"[""Critère : Qualité de la prestation, (60%) ; 4 Sous critères de choix sont définis avec les pondérations suivantes : 1) Qualité technique, 35% ; 2) Adaptation à l'usage hospitalier, 10% ; 3) Prestations du candidat, 10% ; 4) Actions menées en termes de développement Durable, 5%"", 'Critère :  Prix (40%)']";['environnemental', 'prix'];[40.0, 60.0];1440.0;False;;False;{'StreetName': None, 'CityName': None, 'PostalZone': None, 'NUTS': 'FR101', 'Country': 'FRA'};sans remise en concurrence;;26-94624;;5108631.0;;LOT-0005;33696500;38995033.0;5;3.0;;Dispositifs Médicaux de Diagnostic In Vitro : réactifs, trousses, plasmas de calibration et de contrôle d’hémostase, et des prestations associées;ouverte;AGEPS AO 26-06L;;;;False;False;False;;7364.0;Établissement d'hospitalisation ;10 000  et plus ;False;1982-01-01;86.10Z;2008;5710.0;SAS, société par actions simplifiée;50  à  99;False;<NA>;2008;G;46;46.4;46.46;46.46Z;1956-01-01;;Le Pré-Saint-Gervais;Seine-Saint-Denis;Île-de-France;(48.839307, 2.355307);Paris;Paris;Île-de-France;;;;;;;;
False;;;True;False;False;attribue;{'StreetName': None, 'AdditionalStreetName': None, 'CityName': 'PARIS', 'PostalZone': '75017', 'Country': 'FRA'};702044066;True;PHELIPPEAU TAPISSIER;PHELIPPEAU TAPISSIER;2026-10-02;"{'StreetName': ""Esplanade Valery Giscard d'Estaing"", 'AdditionalStreetName': None, 'CityName': 'Paris', 'PostalZone': '75007', 'Country': 'FRA'}";180092447;True;ETABLISSEMENT PUBLIC DU MUSEE D'ORSAY ET DU MUSEE DE L'ORANGERIE - VALERY GISCARD D'ESTAING;Ets public Musées Orsay et Orangerie;;;fournitures;"['Valeur technique 30%', 'Cohérence avec le projet muséographique 30%', ""Prise en compte des performances en matière de protection de l'environnement 10%"", 'Prix des prestations 30%']";['technique', 'qualite', 'environnemental', 'prix'];[30.0, 30.0, 10.0, 30.0];180.0;True;;False;{'StreetName': None, 'CityName': None, 'PostalZone': None, 'NUTS': 'FR101', 'Country': 'FRA'};;;26-94665;;50782.0;;LOT-0001;39111000;;1;1.0;;Projet de Raccrochage des salles 52, 53, 54 du Musée d'Orsay dédiées aux Arts Décoratifs - Lot 2 : Marché de fourniture et pose d'assises;ouverte;2026-534;;;;False;False;False;50782.0;7389.0;Établissement public national à caractère administratif ;500  à  999;False;2004-01-01;91.03Z;2008;5710.0;SAS, société par actions simplifiée;20  à  49;False;<NA>;2008;C;31;31.0;31.09;31.09B;1970-01-01;;Paris;Paris;Île-de-France;(48.860056, 2.327268);Paris;Paris;Île-de-France;;;;;;;;
False;['90919200'];;False;False;False;attribue;{'StreetName': None, 'AdditionalStreetName': None, 'CityName': 'MONTREUIL', 'PostalZone': '93100', 'Country': 'FRA'};552119703;True;AUX NETTOYEURS ENCAUSTIQUEURS REUNIS;AUX NETTOYEURS ENCAUSTIQUEURS REUNIS;2026-10-02;{'StreetName': None, 'AdditionalStreetName': None, 'CityName': 'Toulon', 'PostalZone': '83090', 'Country': 'FRA'};180090045;True;CAISSE NATIONALE MILITAIRE DE SECURITE SOCIALE;CNMSS;;2026-10-01+02:00;services;['60 points', 'Technique 30 points', 'Environnemental  10 points'];['prix', 'technique', 'environnemental'];[60.0, 30.0, 10.0];1440.0;True;200000.0;False;{'StreetName': None, 'CityName': 'Paris', 'PostalZone': '75016', 'NUTS': 'FR101', 'Country': 'FRA'};;;26-94834;;182640.0;;LOT-0001;90910000;;1;5.0;;Nettoyage des locaux et du linge de l’Antenne de la Caisse Nationale Militaire de Sécurité Sociale à Paris;ouverte;26011;;;;False;False;False;182640.0;7389.0;Établissement public national à caractère administratif ;500  à  999;False;1983-03-01;84.30A;2008;5558.0;SA coopérative de production  (SCOP) à conseil d'administration;250  à  499;True;<NA>;2008;N;81;81.2;81.22;81.22Z;1955-01-01;;Montauban-de-Bretagne;Ille-et-Vilaine;Bretagne;;Toulon;Var;Provence-Alpes-Côte d'Azur;;;;;;;;
False;['44511000'];;True;True;False;attribue;{'StreetName': '5 Rue du Centre', 'AdditionalStreetName': 'Zi de la Pilaterie', 'CityName': 'Wasquehal', 'PostalZone': '59290', 'Country': 'FRA'};342938107;True;TRENOIS DECAMPS;Trenois Decamps;2026-10-02;{'StreetName': 'Place François Mitterrand', 'AdditionalStreetName': None, 'CityName': 'Grande-Synthe', 'PostalZone': '59760', 'Country': 'FRA'};215902719;True;COMMUNE DE GRANDE SYNTHE;Ville de Grande-Synthe;;;fournitures;"['Prix des prestations (simulation)', 'Valeur technique jugée sur le nombre de marques proposées (10 %) et sur la base des fiches techniques et des échantillons (10 %)', ""Durée de garantie du matériel jugée sur la durée de garantie hors garantie constructeur (5 %) et sur le délai d'intervention en SAV des matériels commandés (5 %)""]";['prix', 'technique', 'delai'];[70.0, 20.0, 10.0];1440.0;False;;False;;sans remise en concurrence;;26-94848;;80000.0;;LOT-0001;31600000;200000.0;3;5.0;;FOURNITURE DE PETIT MATERIEL ET OUTILLAGE;ouverte;26S0018;;;;False;False;False;200000.0;7210.0;Commune et commune nouvelle ;1 000  à  1 999;False;1978-01-01;84.11Z;2008;5710.0;SAS, société par actions simplifiée;500  à  999;False;<NA>;2008;G;46;46.7;46.74;46.74A;1987-08-01;(50.652606, 3.121964);Wasquehal;Nord;Hauts-de-France;(51.013303, 2.303105);Grande-Synthe;Nord;Hauts-de-France;;;;;;;;
False;;;True;True;False;attribue;{'StreetName': '35 Boulevard Abbé Lemire', 'AdditionalStreetName': None, 'CityName': 'HAZEBROUCK', 'PostalZone': '59190', 'Country': 'FRA'};304774029;True;ETABLISSEMENTS GEORGES GALBY;AGRO SERVICE;2026-10-02;{'StreetName': 'Place François Mitterrand', 'AdditionalStreetName': None, 'CityName': 'Grande-Synthe', 'PostalZone': '59760', 'Country': 'FRA'};215902719;True;COMMUNE DE GRANDE SYNTHE;Ville de Grande-Synthe;;;fournitures;"['Prix des prestations (simulation)', 'Valeur technique jugée sur le nombre de marques proposées (10 %) et sur la base des fiches techniques et des échantillons (10 %)', ""Durée de garantie du matériel jugée sur la durée de garantie hors garantie constructeur (5 %) et sur le délai d'intervention en SAV des matériels commandés (5 %)""]";['prix', 'technique', 'delai'];[70.0, 20.0, 10.0];1440.0;False;;False;;sans remise en concurrence;;26-94848;;80000.0;;LOT-0002;44511000;200000.0;3;4.0;;FOURNITURE DE PETIT MATERIEL ET OUTILLAGE;ouverte;26S0018;;;;False;False;False;200000.0;7210.0;Commune et commune nouvelle ;1 000  à  1 999;False;1978-01-01;84.11Z;2008;5710.0;SAS, société par actions simplifiée;20  à  49;<NA>;False;2008;G;46;46.9;46.9;46.90Z;1975-01-01;(50.725278, 2.535427);Hazebrouck;Nord;Hauts-de-France;(51.013303, 2.303105);Grande-Synthe;Nord;Hauts-de-France;;;;;;;;
False;;;True;True;False;attribue;"{'StreetName': 'AV MEILLEUR OUVRIER FRANCE', 'AdditionalStreetName': ""ZI DE L'HIPPODROME"", 'CityName': 'MERIGNAC', 'PostalZone': '33700', 'Country': 'FRA'}";439816414;True;NUANCES;SAS UNIKALO DISTRIBUTION LILLE;2026-10-02;{'StreetName': 'Place François Mitterrand', 'AdditionalStreetName': None, 'CityName': 'Grande-Synthe', 'PostalZone': '59760', 'Country': 'FRA'};215902719;True;COMMUNE DE GRANDE SYNTHE;Ville de Grande-Synthe;;;fournitures;"['Prix des prestations (simulation)', 'Valeur technique jugée sur le nombre de marques proposées (10 %) et sur la base des fiches techniques et des échantillons (10 %)', ""Durée de garantie du matériel jugée sur la durée de garantie hors garantie constructeur (5 %) et sur le délai d'intervention en SAV des matériels commandés (5 %)""]";['prix', 'technique', 'delai'];[70.0, 20.0, 10.0];1440.0;False;;False;;sans remise en concurrence;;26-94848;;40000.0;;LOT-0003;44812400;200000.0;3;6.0;;FOURNITURE DE PETIT MATERIEL ET OUTILLAGE;ouverte;26S0018;;;;False;False;False;200000.0;7210.0;Commune et commune nouvelle ;1 000  à  1 999;False;1978-01-01;84.11Z;2008;5710.0;SAS, société par actions simplifiée;1  ou  2;False;<NA>;2008;K;66;66.3;66.3;66.30Z;2001-09-25;(44.837364, -0.672362);Mérignac;Gironde;Nouvelle-Aquitaine;(51.013303, 2.303105);Grande-Synthe;Nord;Hauts-de-France;;;;;;;;
False;;;False;False;False;attribue;{'StreetName': '16 PLACE DU MARECHAL FOCH', 'AdditionalStreetName': None, 'CityName': 'GUINES', 'PostalZone': '62340', 'Country': 'FRA'};411991623;True;ETS SPENCER SARL;SPENCER SARL;2026-10-02;{'StreetName': 'Place du Soldat Inconnu  CS30329', 'AdditionalStreetName': None, 'CityName': 'Calais cédex', 'PostalZone': '62107', 'Country': 'FRA'};216201939;True;COMMUNE DE CALAIS;Mairie de Calais;;;fournitures;"[""La note du critère prix sera calculée sur la base de la formule suivante :\nMontant de l'offre moins-disante / Montant de l'offre analysée x Pondération""]";['prix'];[100];365.0;False;;False;{'StreetName': None, 'CityName': 'Calais', 'PostalZone': None, 'NUTS': 'FRE12', 'Country': 'FRA'};avec remise en concurrence;;26-94823;;;0.0;LOT-0001;31000000;120000.0;1;2.0;;FOURNITURE ET LIVRAISON DE MATERIEL DE DIFFUSION SON ET D'ECLAIRAGE SCENIQUE POUR LES SPECTACLES ET MANIFESTATIONS DE LA VILLE DE CALAIS;ouverte;C_DGAA_2026-55;;;;False;False;False;;7210.0;Commune et commune nouvelle ;1 000  à  1 999;False;1978-01-01;84.11Z;2008;5499.0;Société à responsabilité limitée (sans autre indication);6  à  9;False;<NA>;2008;R;90;90.0;90.02;90.02Z;1997-04-03;(50.868899, 1.870606);Guînes;Pas-de-Calais;Hauts-de-France;(50.952569, 1.854268);Calais;Pas-de-Calais;Hauts-de-France;;;;;;;;
False;;;False;True;False;attribue;{'StreetName': '114, avenue Ibrahim Ali – CS 70469', 'AdditionalStreetName': None, 'CityName': 'Marseille', 'PostalZone': '13015', 'Country': 'FRA'};400537759;True;NUANCES COMPTOIR AIXOIS;NUANCES COMPTOIR AIXOIS (UNIKALO);2026-10-02;{'StreetName': 'Rond-point des messageries maritimes , BP 161', 'AdditionalStreetName': None, 'CityName': 'La ciotat', 'PostalZone': '13708', 'Country': 'FRA'};211300280;True;COMMUNE DE LA CIOTAT;COMMUNE DE LA CIOTAT;;;fournitures;['Prix du DQE', 'Moyens humains et techniques', 'Qualités techniques des produits appréciées sur la base des fiches techniques descriptions ou photographies des fournitures, et des échantillons', 'Délai de livraison', 'Développement durable'];['prix', 'social', 'qualite', 'delai', 'environnemental'];[50.0, 20.0, 15.0, 10.0, 5.0];365.0;True;;False;{'StreetName': None, 'CityName': 'La Ciotat', 'PostalZone': None, 'NUTS': 'FRL04', 'Country': 'FRA'};sans remise en concurrence;;26-94475;;0.0;0.0;LOT-0001;44810000;980000.0;21;5.0;;FOURNITURES DE MATÉRIELS ET DE MATÉRIAUX POUR LENTRETIEN DU PATRIMOINE DE LA VILLE DE LA CIOTAT (13600);ouverte;029/26;3.0;;;True;False;False;;7210.0;Commune et commune nouvelle ;1 000  à  1 999;False;1982-06-04;84.11Z;2008;5710.0;SAS, société par actions simplifiée;20  à  49;False;<NA>;2008;G;46;46.7;46.73;46.73B;1995-03-31;(43.340805, 5.365492);Marseille;Bouches-du-Rhône;Provence-Alpes-Côte d'Azur;(43.173698, 5.605906);La Ciotat;Bouches-du-Rhône;Provence-Alpes-Côte d'Azur;;;;;;;;
False;;;False;True;False;attribue;{'StreetName': '162, Bd de Plombières', 'AdditionalStreetName': None, 'CityName': 'Marseille', 'PostalZone': '13014', 'Country': 'FRA'};424112258;True;CAP PEINTURE;- CAP PEINTURE;2026-10-02;{'StreetName': 'Rond-point des messageries maritimes , BP 161', 'AdditionalStreetName': None, 'CityName': 'La ciotat', 'PostalZone': '13708', 'Country': 'FRA'};211300280;True;COMMUNE DE LA CIOTAT;COMMUNE DE LA CIOTAT;;;fournitures;['Prix du DQE', 'Moyens humains et techniques', 'Qualités techniques des produits appréciées sur la base des fiches techniques descriptions ou photographies des fournitures, et des échantillons', 'Délai de livraison', 'Développement durable'];['prix', 'social', 'qualite', 'delai', 'environnemental'];[50.0, 20.0, 15.0, 10.0, 5.0];365.0;True;;False;{'StreetName': None, 'CityName': 'La Ciotat', 'PostalZone': None, 'NUTS': 'FRL04', 'Country': 'FRA'};sans remise en concurrence;;26-94475;;0.0;0.0;LOT-0001;44810000;980000.0;21;5.0;;FOURNITURES DE MATÉRIELS ET DE MATÉRIAUX POUR LENTRETIEN DU PATRIMOINE DE LA VILLE DE LA CIOTAT (13600);ouverte;029/26;3.0;;;True;False;False;;7210.0;Commune et commune nouvelle ;1 000  à  1 999;False;1982-06-04;84.11Z;2008;5710.0;SAS, société par actions simplifiée;10  à  19;False;<NA>;2008;G;46;46.7;46.73;46.73B;1999-09-01;(43.318552, 5.379808);Marseille;Bouches-du-Rhône;Provence-Alpes-Côte d'Azur;(43.173698, 5.605906);La Ciotat;Bouches-du-Rhône;Provence-Alpes-Côte d'Azur;;;;;;;;
False;;;False;True;False;attribue;{'StreetName': '13, Bd du Fort de Vaux', 'AdditionalStreetName': None, 'CityName': 'Paris', 'PostalZone': '75017', 'Country': 'FRA'};309304616;True;REXEL FRANCE;REXEL France;2026-10-02;{'StreetName': 'Rond-point des messageries maritimes , BP 161', 'AdditionalStreetName': None, 'CityName': 'La ciotat', 'PostalZone': '13708', 'Country': 'FRA'};211300280;True;COMMUNE DE LA CIOTAT;COMMUNE DE LA CIOTAT;;;fournitures;['Prix du DQE', 'Moyens humains et techniques', 'Qualités techniques des produits appréciées sur la base des fiches techniques, descriptions ou photographies des fournitures, et des échantillons', 'Délai de livraison', 'Développement durable'];['prix', 'social', 'qualite', 'delai', 'environnemental'];[50.0, 20.0, 15.0, 10.0, 5.0];365.0;True;;False;{'StreetName': None, 'CityName': 'La Ciotat', 'PostalZone': None, 'NUTS': 'FRL04', 'Country': 'FRA'};sans remise en concurrence;;26-94475;;;;LOT-0002;31681410;980000.0;21;2.0;;FOURNITURES DE MATÉRIELS ET DE MATÉRIAUX POUR LENTRETIEN DU PATRIMOINE DE LA VILLE DE LA CIOTAT (13600);ouverte;029/26;3.0;;;True;False;False;;7210.0;Commune et commune nouvelle ;1 000  à  1 999;False;1982-06-04;84.11Z;2008;5710.0;SAS, société par actions simplifiée;5 000  à  9 999;False;False;2008;G;46;46.6;46.69;46.69A;1975-01-01;(48.892728, 2.30335);Paris;Paris;Île-de-France;(43.173698, 5.605906);La Ciotat;Bouches-du-Rhône;Provence-Alpes-Côte d'Azur;;;;;;;;
False;;;False;True;False;attribue;{'StreetName': '5, chemin du Torey', 'AdditionalStreetName': None, 'CityName': 'Francheville', 'PostalZone': '69340', 'Country': 'FRA'};319883344;True;COMPTOIR ELECTRIQUE FRANCAIS;YESSS ELECTRIQUE;2026-10-02;{'StreetName': 'Rond-point des messageries maritimes , BP 161', 'AdditionalStreetName': None, 'CityName': 'La ciotat', 'PostalZone': '13708', 'Country': 'FRA'};211300280;True;COMMUNE DE LA CIOTAT;COMMUNE DE LA CIOTAT;;;fournitures;['Prix du DQE', 'Moyens humains et techniques', 'Qualités techniques des produits appréciées sur la base des fiches techniques, descriptions ou photographies des fournitures, et des échantillons', 'Délai de livraison', 'Développement durable'];['prix', 'social', 'qualite', 'delai', 'environnemental'];[50.0, 20.0, 15.0, 10.0, 5.0];365.0;True;;False;{'StreetName': None, 'CityName': 'La Ciotat', 'PostalZone': None, 'NUTS': 'FRL04', 'Country': 'FRA'};sans remise en concurrence;;26-94475;;;;LOT-0002;31681410;980000.0;21;2.0;;FOURNITURES DE MATÉRIELS ET DE MATÉRIAUX POUR LENTRETIEN DU PATRIMOINE DE LA VILLE DE LA CIOTAT (13600);ouverte;029/26;3.0;;;True;False;False;;7210.0;Commune et commune nouvelle ;1 000  à  1 999;False;1982-06-04;84.11Z;2008;5710.0;SAS, société par actions simplifiée;2 000  à  4 999;False;<NA>;2008;G;46;46.6;46.69;46.69A;1980-09-01;(45.749467, 4.755982);Francheville;Rhône;Auvergne-Rhône-Alpes;(43.173698, 5.605906);La Ciotat;Bouches-du-Rhône;Provence-Alpes-Côte d'Azur;;;;;;;;
False;;;False;True;False;attribue;{'StreetName': '13, Bd du Fort de Vaux', 'AdditionalStreetName': None, 'CityName': 'Paris', 'PostalZone': '75017', 'Country': 'FRA'};309304616;True;REXEL FRANCE;REXEL France;2026-10-02;{'StreetName': 'Rond-point des messageries maritimes , BP 161', 'AdditionalStreetName': None, 'CityName': 'La ciotat', 'PostalZone': '13708', 'Country': 'FRA'};211300280;True;COMMUNE DE LA CIOTAT;COMMUNE DE LA CIOTAT;;;fournitures;['Prix du DQE', 'Moyens humains et techniques', 'Qualités techniques des produits appréciées sur la base des fiches techniques, descriptions ou photographies des fournitures, et des échantillons', 'Délai de livraison', 'Développement durable'];['prix', 'social', 'qualite', 'delai', 'environnemental'];[50.0, 20.0, 15.0, 10.0, 5.0];365.0;True;;False;{'StreetName': None, 'CityName': 'La Ciotat', 'PostalZone': None, 'NUTS': 'FRL04', 'Country': 'FRA'};sans remise en concurrence;;26-94475;;;;LOT-0002;31681410;980000.0;21;2.0;;FOURNITURES DE MATÉRIELS ET DE MATÉRIAUX POUR LENTRETIEN DU PATRIMOINE DE LA VILLE DE LA CIOTAT (13600);ouverte;029/26;3.0;;;True;False;False;;7210.0;Commune et commune nouvelle ;1 000  à  1 999;False;1982-06-04;84.11Z;2008;5710.0;SAS, société par actions simplifiée;5 000  à  9 999;False;False;2008;G;46;46.6;46.69;46.69A;1975-01-01;(48.892728, 2.30335);Paris;Paris;Île-de-France;(43.173698, 5.605906);La Ciotat;Bouches-du-Rhône;Provence-Alpes-Côte d'Azur;;;;;;;;
False;;;False;True;False;attribue;{'StreetName': '5, chemin du Torey', 'AdditionalStreetName': None, 'CityName': 'Francheville', 'PostalZone': '69340', 'Country': 'FRA'};319883344;True;COMPTOIR ELECTRIQUE FRANCAIS;YESSS ELECTRIQUE;2026-10-02;{'StreetName': 'Rond-point des messageries maritimes , BP 161', 'AdditionalStreetName': None, 'CityName': 'La ciotat', 'PostalZone': '13708', 'Country': 'FRA'};211300280;True;COMMUNE DE LA CIOTAT;COMMUNE DE LA CIOTAT;;;fournitures;['Prix du DQE', 'Moyens humains et techniques', 'Qualités techniques des produits appréciées sur la base des fiches techniques, descriptions ou photographies des fournitures, et des échantillons', 'Délai de livraison', 'Développement durable'];['prix', 'social', 'qualite', 'delai', 'environnemental'];[50.0, 20.0, 15.0, 10.0, 5.0];365.0;True;;False;{'StreetName': None, 'CityName': 'La Ciotat', 'PostalZone': None, 'NUTS': 'FRL04', 'Country': 'FRA'};sans remise en concurrence;;26-94475;;;;LOT-0002;31681410;980000.0;21;2.0;;FOURNITURES DE MATÉRIELS ET DE MATÉRIAUX POUR LENTRETIEN DU PATRIMOINE DE LA VILLE DE LA CIOTAT (13600);ouverte;029/26;3.0;;;True;False;False;;7210.0;Commune et commune nouvelle ;1 000  à  1 999;False;1982-06-04;84.11Z;2008;5710.0;SAS, société par actions simplifiée;2 000  à  4 999;False;<NA>;2008;G;46;46.6;46.69;46.69A;1980-09-01;(45.749467, 4.755982);Francheville;Rhône;Auvergne-Rhône-Alpes;(43.173698, 5.605906);La Ciotat;Bouches-du-Rhône;Provence-Alpes-Côte d'Azur;;;;;;;;
False;;;False;True;False;attribue;{'StreetName': '2080, av des Landiers', 'AdditionalStreetName': None, 'CityName': 'Chambéry', 'PostalZone': '73024', 'Country': 'FRA'};508102159;True;DISTRIBUTION MATERIAUX BOIS PANNEAUX - D.M.B.P.;DMBP SAS (Enseigne Dispano);2026-10-02;{'StreetName': 'Rond-point des messageries maritimes , BP 161', 'AdditionalStreetName': None, 'CityName': 'La ciotat', 'PostalZone': '13708', 'Country': 'FRA'};211300280;True;COMMUNE DE LA CIOTAT;COMMUNE DE LA CIOTAT;;;fournitures;['Prix du DQE', 'Moyens humains et matériels', 'Qualités techniques des produits appréciées sur la base des fiches techniques, descriptions ou photographies des fournitures, et des échantillons', 'Délai de livraison', 'Développement durable'];['prix', 'social', 'qualite', 'delai', 'environnemental'];[50.0, 20.0, 15.0, 10.0, 5.0];365.0;True;;False;{'StreetName': None, 'CityName': 'La Ciotat', 'PostalZone': None, 'NUTS': 'FRL04', 'Country': 'FRA'};sans remise en concurrence;;26-94475;;;;LOT-0003;03410000;980000.0;21;2.0;;FOURNITURES DE MATÉRIELS ET DE MATÉRIAUX POUR LENTRETIEN DU PATRIMOINE DE LA VILLE DE LA CIOTAT (13600);ouverte;029/26;3.0;;;True;False;False;;7210.0;Commune et commune nouvelle ;1 000  à  1 999;False;1982-06-04;84.11Z;2008;5710.0;SAS, société par actions simplifiée;1 000  à  1 999;False;<NA>;2008;G;46;46.7;46.73;46.73A;2008-09-15;(45.599992, 5.893493);Chambéry;Savoie;Auvergne-Rhône-Alpes;(43.173698, 5.605906);La Ciotat;Bouches-du-Rhône;Provence-Alpes-Côte d'Azur;;;;;;;;
False;;;False;True;False;attribue;{'StreetName': 'Route nationale 96', 'AdditionalStreetName': None, 'CityName': 'Meyrargues', 'PostalZone': '1350', 'Country': 'FRA'};323778860;True;CIFFREO & BONA;- CIFFREO BONA;2026-10-02;{'StreetName': 'Rond-point des messageries maritimes , BP 161', 'AdditionalStreetName': None, 'CityName': 'La ciotat', 'PostalZone': '13708', 'Country': 'FRA'};211300280;True;COMMUNE DE LA CIOTAT;COMMUNE DE LA CIOTAT;;;fournitures;['Prix du DQE', 'Moyens humains et matériels', 'Qualités techniques des produits appréciées sur la base des fiches techniques, descriptions ou photographies des fournitures, et des échantillons', 'Délai de livraison', 'Développement durable'];['prix', 'social', 'qualite', 'delai', 'environnemental'];[50.0, 20.0, 15.0, 10.0, 5.0];365.0;True;;False;{'StreetName': None, 'CityName': 'La Ciotat', 'PostalZone': None, 'NUTS': 'FRL04', 'Country': 'FRA'};sans remise en concurrence;;26-94475;;;;LOT-0003;03410000;980000.0;21;2.0;;FOURNITURES DE MATÉRIELS ET DE MATÉRIAUX POUR LENTRETIEN DU PATRIMOINE DE LA VILLE DE LA CIOTAT (13600);ouverte;029/26;3.0;;;True;False;False;;7210.0;Commune et commune nouvelle ;1 000  à  1 999;False;1982-06-04;84.11Z;2008;5710.0;SAS, société par actions simplifiée;100  à  199;False;<NA>;2008;G;46;46.7;46.73;46.73A;1982-01-04;(43.638928, 5.523834);Meyrargues;Bouches-du-Rhône;Provence-Alpes-Côte d'Azur;(43.173698, 5.605906);La Ciotat;Bouches-du-Rhône;Provence-Alpes-Côte d'Azur;;;;;;;;
False;;;False;True;False;attribue;{'StreetName': '2080, av des Landiers', 'AdditionalStreetName': None, 'CityName': 'Chambéry', 'PostalZone': '73024', 'Country': 'FRA'};508102159;True;DISTRIBUTION MATERIAUX BOIS PANNEAUX - D.M.B.P.;DMBP SAS (Enseigne Dispano);2026-10-02;{'StreetName': 'Rond-point des messageries maritimes , BP 161', 'AdditionalStreetName': None, 'CityName': 'La ciotat', 'PostalZone': '13708', 'Country': 'FRA'};211300280;True;COMMUNE DE LA CIOTAT;COMMUNE DE LA CIOTAT;;;fournitures;['Prix du DQE', 'Moyens humains et matériels', 'Qualités techniques des produits appréciées sur la base des fiches techniques, descriptions ou photographies des fournitures, et des échantillons', 'Délai de livraison', 'Développement durable'];['prix', 'social', 'qualite', 'delai', 'environnemental'];[50.0, 20.0, 15.0, 10.0, 5.0];365.0;True;;False;{'StreetName': None, 'CityName': 'La Ciotat', 'PostalZone': None, 'NUTS': 'FRL04', 'Country': 'FRA'};sans remise en concurrence;;26-94475;;;;LOT-0003;03410000;980000.0;21;2.0;;FOURNITURES DE MATÉRIELS ET DE MATÉRIAUX POUR LENTRETIEN DU PATRIMOINE DE LA VILLE DE LA CIOTAT (13600);ouverte;029/26;3.0;;;True;False;False;;7210.0;Commune et commune nouvelle ;1 000  à  1 999;False;1982-06-04;84.11Z;2008;5710.0;SAS, société par actions simplifiée;1 000  à  1 999;False;<NA>;2008;G;46;46.7;46.73;46.73A;2008-09-15;(45.599992, 5.893493);Chambéry;Savoie;Auvergne-Rhône-Alpes;(43.173698, 5.605906);La Ciotat;Bouches-du-Rhône;Provence-Alpes-Côte d'Azur;;;;;;;;
False;;;False;True;False;attribue;{'StreetName': 'Route nationale 96', 'AdditionalStreetName': None, 'CityName': 'Meyrargues', 'PostalZone': '1350', 'Country': 'FRA'};323778860;True;CIFFREO & BONA;- CIFFREO BONA;2026-10-02;{'StreetName': 'Rond-point des messageries maritimes , BP 161', 'AdditionalStreetName': None, 'CityName': 'La ciotat', 'PostalZone': '13708', 'Country': 'FRA'};211300280;True;COMMUNE DE LA CIOTAT;COMMUNE DE LA CIOTAT;;;fournitures;['Prix du DQE', 'Moyens humains et matériels', 'Qualités techniques des produits appréciées sur la base des fiches techniques, descriptions ou photographies des fournitures, et des échantillons', 'Délai de livraison', 'Développement durable'];['prix', 'social', 'qualite', 'delai', 'environnemental'];[50.0, 20.0, 15.0, 10.0, 5.0];365.0;True;;False;{'StreetName': None, 'CityName': 'La Ciotat', 'PostalZone': None, 'NUTS': 'FRL04', 'Country': 'FRA'};sans remise en concurrence;;26-94475;;;;LOT-0003;03410000;980000.0;21;2.0;;FOURNITURES DE MATÉRIELS ET DE MATÉRIAUX POUR LENTRETIEN DU PATRIMOINE DE LA VILLE DE LA CIOTAT (13600);ouverte;029/26;3.0;;;True;False;False;;7210.0;Commune et commune nouvelle ;1 000  à  1 999;False;1982-06-04;84.11Z;2008;5710.0;SAS, société par actions simplifiée;100  à  199;False;<NA>;2008;G;46;46.7;46.73;46.73A;1982-01-04;(43.638928, 5.523834);Meyrargues;Bouches-du-Rhône;Provence-Alpes-Côte d'Azur;(43.173698, 5.605906);La Ciotat;Bouches-du-Rhône;Provence-Alpes-Côte d'Azur;;;;;;;;
False;;;False;True;False;attribue;{'StreetName': 'ZAC du Monne – 21 rue du châtelet', 'AdditionalStreetName': None, 'CityName': 'Allones', 'PostalZone': '72700', 'Country': 'FRA'};329681340;True;FOUSSIER;FOUSSIER;2026-10-02;{'StreetName': 'Rond-point des messageries maritimes , BP 161', 'AdditionalStreetName': None, 'CityName': 'La ciotat', 'PostalZone': '13708', 'Country': 'FRA'};211300280;True;COMMUNE DE LA CIOTAT;COMMUNE DE LA CIOTAT;;;fournitures;['Prix du DQE', 'Moyens humains et matériels', 'Qualités techniques des produits appréciées sur la base des fiches techniques, descriptions ou photographies des fournitures, et des échantillons', 'Délai de livraison', 'Développement durable'];['prix', 'social', 'qualite', 'delai', 'environnemental'];[50.0, 20.0, 15.0, 10.0, 5.0];365.0;True;;False;{'StreetName': None, 'CityName': 'La Ciotat', 'PostalZone': None, 'NUTS': 'FRL04', 'Country': 'FRA'};sans remise en concurrence;;26-94475;;;;LOT-0004;44316000;980000.0;21;5.0;;FOURNITURES DE MATÉRIELS ET DE MATÉRIAUX POUR LENTRETIEN DU PATRIMOINE DE LA VILLE DE LA CIOTAT (13600);ouverte;029/26;3.0;;;True;False;False;;7210.0;Commune et commune nouvelle ;1 000  à  1 999;False;1982-06-04;84.11Z;2008;5710.0;SAS, société par actions simplifiée;1 000  à  1 999;False;False;2008;G;46;46.7;46.74;46.74A;1984-06-01;(47.944334, 0.144253);Allonnes;Sarthe;Pays de la Loire;(43.173698, 5.605906);La Ciotat;Bouches-du-Rhône;Provence-Alpes-Côte d'Azur;;;;;;;;
False;;;False;True;False;attribue;{'StreetName': '5 Rue du Centre, Parc de la Pilaterie', 'AdditionalStreetName': None, 'CityName': 'Wasquehal', 'PostalZone': '59290', 'Country': 'FRA'};342938107;True;TRENOIS DECAMPS;- TRENOIS DECAMPS;2026-10-02;{'StreetName': 'Rond-point des messageries maritimes , BP 161', 'AdditionalStreetName': None, 'CityName': 'La ciotat', 'PostalZone': '13708', 'Country': 'FRA'};211300280;True;COMMUNE DE LA CIOTAT;COMMUNE DE LA CIOTAT;;;fournitures;['Prix du DQE', 'Moyens humains et matériels', 'Qualités techniques des produits appréciées sur la base des fiches techniques, descriptions ou photographies des fournitures, et des échantillons', 'Délai de livraison', 'Développement durable'];['prix', 'social', 'qualite', 'delai', 'environnemental'];[50.0, 20.0, 15.0, 10.0, 5.0];365.0;True;;False;{'StreetName': None, 'CityName': 'La Ciotat', 'PostalZone': None, 'NUTS': 'FRL04', 'Country': 'FRA'};sans remise en concurrence;;26-94475;;;;LOT-0004;44316000;980000.0;21;5.0;;FOURNITURES DE MATÉRIELS ET DE MATÉRIAUX POUR LENTRETIEN DU PATRIMOINE DE LA VILLE DE LA CIOTAT (13600);ouverte;029/26;3.0;;;True;False;False;;7210.0;Commune et commune nouvelle ;1 000  à  1 999;False;1982-06-04;84.11Z;2008;5710.0;SAS, société par actions simplifiée;500  à  999;False;<NA>;2008;G;46;46.7;46.74;46.74A;1987-08-01;(50.652606, 3.121964);Wasquehal;Nord;Hauts-de-France;(43.173698, 5.605906);La Ciotat;Bouches-du-Rhône;Provence-Alpes-Côte d'Azur;;;;;;;;
False;;;False;True;False;attribue;{'StreetName': 'ZAC du Monne – 21 rue du châtelet', 'AdditionalStreetName': None, 'CityName': 'Allones', 'PostalZone': '72700', 'Country': 'FRA'};329681340;True;FOUSSIER;FOUSSIER;2026-10-02;{'StreetName': 'Rond-point des messageries maritimes , BP 161', 'AdditionalStreetName': None, 'CityName': 'La ciotat', 'PostalZone': '13708', 'Country': 'FRA'};211300280;True;COMMUNE DE LA CIOTAT;COMMUNE DE LA CIOTAT;;;fournitures;['Prix du DQE', 'Moyens humains et matériels', 'Qualités techniques des produits appréciées sur la base des fiches techniques, descriptions ou photographies des fournitures, et des échantillons', 'Délai de livraison', 'Développement durable'];['prix', 'social', 'qualite', 'delai', 'environnemental'];[50.0, 20.0, 15.0, 10.0, 5.0];365.0;True;;False;{'StreetName': None, 'CityName': 'La Ciotat', 'PostalZone': None, 'NUTS': 'FRL04', 'Country': 'FRA'};sans remise en concurrence;;26-94475;;;;LOT-0004;44316000;980000.0;21;5.0;;FOURNITURES DE MATÉRIELS ET DE MATÉRIAUX POUR LENTRETIEN DU PATRIMOINE DE LA VILLE DE LA CIOTAT (13600);ouverte;029/26;3.0;;;True;False;False;;7210.0;Commune et commune nouvelle ;1 000  à  1 999;False;1982-06-04;84.11Z;2008;5710.0;SAS, société par actions simplifiée;1 000  à  1 999;False;False;2008;G;46;46.7;46.74;46.74A;1984-06-01;(47.944334, 0.144253);Allonnes;Sarthe;Pays de la Loire;(43.173698, 5.605906);La Ciotat;Bouches-du-Rhône;Provence-Alpes-Côte d'Azur;;;;;;;;
False;;;False;True;False;attribue;{'StreetName': '5 Rue du Centre, Parc de la Pilaterie', 'AdditionalStreetName': None, 'CityName': 'Wasquehal', 'PostalZone': '59290', 'Country': 'FRA'};342938107;True;TRENOIS DECAMPS;- TRENOIS DECAMPS;2026-10-02;{'StreetName': 'Rond-point des messageries maritimes , BP 161', 'AdditionalStreetName': None, 'CityName': 'La ciotat', 'PostalZone': '13708', 'Country': 'FRA'};211300280;True;COMMUNE DE LA CIOTAT;COMMUNE DE LA CIOTAT;;;fournitures;['Prix du DQE', 'Moyens humains et matériels', 'Qualités techniques des produits appréciées sur la base des fiches techniques, descriptions ou photographies des fournitures, et des échantillons', 'Délai de livraison', 'Développement durable'];['prix', 'social', 'qualite', 'delai', 'environnemental'];[50.0, 20.0, 15.0, 10.0, 5.0];365.0;True;;False;{'StreetName': None, 'CityName': 'La Ciotat', 'PostalZone': None, 'NUTS': 'FRL04', 'Country': 'FRA'};sans remise en concurrence;;26-94475;;;;LOT-0004;44316000;980000.0;21;5.0;;FOURNITURES DE MATÉRIELS ET DE MATÉRIAUX POUR LENTRETIEN DU PATRIMOINE DE LA VILLE DE LA CIOTAT (13600);ouverte;029/26;3.0;;;True;False;False;;7210.0;Commune et commune nouvelle ;1 000  à  1 999;False;1982-06-04;84.11Z;2008;5710.0;SAS, société par actions simplifiée;500  à  999;False;<NA>;2008;G;46;46.7;46.74;46.74A;1987-08-01;(50.652606, 3.121964);Wasquehal;Nord;Hauts-de-France;(43.173698, 5.605906);La Ciotat;Bouches-du-Rhône;Provence-Alpes-Côte d'Azur;;;;;;;;
False;;;False;True;False;attribue;{'StreetName': '5 Rue du Centre, Parc de la Pilaterie', 'AdditionalStreetName': None, 'CityName': 'Wasquehal', 'PostalZone': '59290', 'Country': 'FRA'};342938107;True;TRENOIS DECAMPS;- TRENOIS DECAMPS;2026-10-02;{'StreetName': 'Rond-point des messageries maritimes , BP 161', 'AdditionalStreetName': None, 'CityName': 'La ciotat', 'PostalZone': '13708', 'Country': 'FRA'};211300280;True;COMMUNE DE LA CIOTAT;COMMUNE DE LA CIOTAT;;;fournitures;['Prix du DQE', 'Moyens humains et matériels', 'Qualités techniques des produits appréciées sur la base des fiches techniques, descriptions ou photographies des fournitures, et des échantillons', 'Délai de livraison', 'Développement durable'];['prix', 'social', 'qualite', 'delai', 'environnemental'];[50.0, 20.0, 15.0, 10.0, 5.0];365.0;True;;False;{'StreetName': None, 'CityName': 'La Ciotat', 'PostalZone': None, 'NUTS': 'FRL04', 'Country': 'FRA'};sans remise en concurrence;;26-94475;;;;LOT-0005;44316000;980000.0;21;5.0;;FOURNITURES DE MATÉRIELS ET DE MATÉRIAUX POUR LENTRETIEN DU PATRIMOINE DE LA VILLE DE LA CIOTAT (13600);ouverte;029/26;3.0;;;True;False;False;;7210.0;Commune et commune nouvelle ;1 000  à  1 999;False;1982-06-04;84.11Z;2008;5710.0;SAS, société par actions simplifiée;500  à  999;False;<NA>;2008;G;46;46.7;46.74;46.74A;1987-08-01;(50.652606, 3.121964);Wasquehal;Nord;Hauts-de-France;(43.173698, 5.605906);La Ciotat;Bouches-du-Rhône;Provence-Alpes-Côte d'Azur;;;;;;;;
False;;;False;True;False;attribue;{'StreetName': '61/63, rue des Desnouettes', 'AdditionalStreetName': None, 'CityName': 'Paris', 'PostalZone': '75015', 'Country': 'FRA'};403092968;True;AU FORUM DU BATIMENT;AU FORUM DU BATIMENT;2026-10-02;{'StreetName': 'Rond-point des messageries maritimes , BP 161', 'AdditionalStreetName': None, 'CityName': 'La ciotat', 'PostalZone': '13708', 'Country': 'FRA'};211300280;True;COMMUNE DE LA CIOTAT;COMMUNE DE LA CIOTAT;;;fournitures;['Prix du DQE', 'Moyens humains et matériels', 'Qualités techniques des produits appréciées sur la base des fiches techniques, descriptions ou photographies des fournitures, et des échantillons', 'Délai de livraison', 'Développement durable'];['prix', 'social', 'qualite', 'delai', 'environnemental'];[50.0, 20.0, 15.0, 10.0, 5.0];365.0;True;;False;{'StreetName': None, 'CityName': 'La Ciotat', 'PostalZone': None, 'NUTS': 'FRL04', 'Country': 'FRA'};sans remise en concurrence;;26-94475;;;;LOT-0005;44316000;980000.0;21;5.0;;FOURNITURES DE MATÉRIELS ET DE MATÉRIAUX POUR LENTRETIEN DU PATRIMOINE DE LA VILLE DE LA CIOTAT (13600);ouverte;029/26;3.0;;;True;False;False;;7210.0;Commune et commune nouvelle ;1 000  à  1 999;False;1982-06-04;84.11Z;2008;5710.0;SAS, société par actions simplifiée;500  à  999;False;<NA>;2008;G;46;46.7;46.74;46.74A;1995-12-01;(48.835544, 2.286426);Paris;Paris;Île-de-France;(43.173698, 5.605906);La Ciotat;Bouches-du-Rhône;Provence-Alpes-Côte d'Azur;;;;;;;;
False;;;False;True;False;attribue;{'StreetName': '5 Rue du Centre, Parc de la Pilaterie', 'AdditionalStreetName': None, 'CityName': 'Wasquehal', 'PostalZone': '59290', 'Country': 'FRA'};342938107;True;TRENOIS DECAMPS;- TRENOIS DECAMPS;2026-10-02;{'StreetName': 'Rond-point des messageries maritimes , BP 161', 'AdditionalStreetName': None, 'CityName': 'La ciotat', 'PostalZone': '13708', 'Country': 'FRA'};211300280;True;COMMUNE DE LA CIOTAT;COMMUNE DE LA CIOTAT;;;fournitures;['Prix du DQE', 'Moyens humains et matériels', 'Qualités techniques des produits appréciées sur la base des fiches techniques, descriptions ou photographies des fournitures, et des échantillons', 'Délai de livraison', 'Développement durable'];['prix', 'social', 'qualite', 'delai', 'environnemental'];[50.0, 20.0, 15.0, 10.0, 5.0];365.0;True;;False;{'StreetName': None, 'CityName': 'La Ciotat', 'PostalZone': None, 'NUTS': 'FRL04', 'Country': 'FRA'};sans remise en concurrence;;26-94475;;;;LOT-0005;44316000;980000.0;21;5.0;;FOURNITURES DE MATÉRIELS ET DE MATÉRIAUX POUR LENTRETIEN DU PATRIMOINE DE LA VILLE DE LA CIOTAT (13600);ouverte;029/26;3.0;;;True;False;False;;7210.0;Commune et commune nouvelle ;1 000  à  1 999;False;1982-06-04;84.11Z;2008;5710.0;SAS, société par actions simplifiée;500  à  999;False;<NA>;2008;G;46;46.7;46.74;46.74A;1987-08-01;(50.652606, 3.121964);Wasquehal;Nord;Hauts-de-France;(43.173698, 5.605906);La Ciotat;Bouches-du-Rhône;Provence-Alpes-Côte d'Azur;;;;;;;;
False;;;False;True;False;attribue;{'StreetName': '61/63, rue des Desnouettes', 'AdditionalStreetName': None, 'CityName': 'Paris', 'PostalZone': '75015', 'Country': 'FRA'};403092968;True;AU FORUM DU BATIMENT;AU FORUM DU BATIMENT;2026-10-02;{'StreetName': 'Rond-point des messageries maritimes , BP 161', 'AdditionalStreetName': None, 'CityName': 'La ciotat', 'PostalZone': '13708', 'Country': 'FRA'};211300280;True;COMMUNE DE LA CIOTAT;COMMUNE DE LA CIOTAT;;;fournitures;['Prix du DQE', 'Moyens humains et matériels', 'Qualités techniques des produits appréciées sur la base des fiches techniques, descriptions ou photographies des fournitures, et des échantillons', 'Délai de livraison', 'Développement durable'];['prix', 'social', 'qualite', 'delai', 'environnemental'];[50.0, 20.0, 15.0, 10.0, 5.0];365.0;True;;False;{'StreetName': None, 'CityName': 'La Ciotat', 'PostalZone': None, 'NUTS': 'FRL04', 'Country': 'FRA'};sans remise en concurrence;;26-94475;;;;LOT-0005;44316000;980000.0;21;5.0;;FOURNITURES DE MATÉRIELS ET DE MATÉRIAUX POUR LENTRETIEN DU PATRIMOINE DE LA VILLE DE LA CIOTAT (13600);ouverte;029/26;3.0;;;True;False;False;;7210.0;Commune et commune nouvelle ;1 000  à  1 999;False;1982-06-04;84.11Z;2008;5710.0;SAS, société par actions simplifiée;500  à  999;False;<NA>;2008;G;46;46.7;46.74;46.74A;1995-12-01;(48.835544, 2.286426);Paris;Paris;Île-de-France;(43.173698, 5.605906);La Ciotat;Bouches-du-Rhône;Provence-Alpes-Côte d'Azur;;;;;;;;
False;;;False;True;False;attribue;{'StreetName': '5 Rue du Centre, Parc de la Pilaterie', 'AdditionalStreetName': None, 'CityName': 'Wasquehal', 'PostalZone': '59290', 'Country': 'FRA'};342938107;True;TRENOIS DECAMPS;- TRENOIS DECAMPS;2026-10-02;{'StreetName': 'Rond-point des messageries maritimes , BP 161', 'AdditionalStreetName': None, 'CityName': 'La ciotat', 'PostalZone': '13708', 'Country': 'FRA'};211300280;True;COMMUNE DE LA CIOTAT;COMMUNE DE LA CIOTAT;;;fournitures;['Prix du DQE', 'Moyens humains et matériels', 'Qualités techniques des produits appréciées sur la base des fiches techniques, descriptions ou photographies des fournitures, et des échantillons', 'Délai de livraison', 'Développement durable'];['prix', 'social', 'qualite', 'delai', 'environnemental'];[50.0, 20.0, 15.0, 10.0, 5.0];365.0;True;;False;{'StreetName': None, 'CityName': 'La Ciotat', 'PostalZone': None, 'NUTS': 'FRL04', 'Country': 'FRA'};sans remise en concurrence;;26-94475;;;;LOT-0006;44316000;980000.0;21;4.0;;FOURNITURES DE MATÉRIELS ET DE MATÉRIAUX POUR LENTRETIEN DU PATRIMOINE DE LA VILLE DE LA CIOTAT (13600);ouverte;029/26;3.0;;;True;False;False;;7210.0;Commune et commune nouvelle ;1 000  à  1 999;False;1982-06-04;84.11Z;2008;5710.0;SAS, société par actions simplifiée;500  à  999;False;<NA>;2008;G;46;46.7;46.74;46.74A;1987-08-01;(50.652606, 3.121964);Wasquehal;Nord;Hauts-de-France;(43.173698, 5.605906);La Ciotat;Bouches-du-Rhône;Provence-Alpes-Côte d'Azur;;;;;;;;
False;;;False;True;False;attribue;{'StreetName': '61/63, rue des Desnouettes', 'AdditionalStreetName': None, 'CityName': 'Paris', 'PostalZone': '75015', 'Country': 'FRA'};403092968;True;AU FORUM DU BATIMENT;AU FORUM DU BATIMENT;2026-10-02;{'StreetName': 'Rond-point des messageries maritimes , BP 161', 'AdditionalStreetName': None, 'CityName': 'La ciotat', 'PostalZone': '13708', 'Country': 'FRA'};211300280;True;COMMUNE DE LA CIOTAT;COMMUNE DE LA CIOTAT;;;fournitures;['Prix du DQE', 'Moyens humains et matériels', 'Qualités techniques des produits appréciées sur la base des fiches techniques, descriptions ou photographies des fournitures, et des échantillons', 'Délai de livraison', 'Développement durable'];['prix', 'social', 'qualite', 'delai', 'environnemental'];[50.0, 20.0, 15.0, 10.0, 5.0];365.0;True;;False;{'StreetName': None, 'CityName': 'La Ciotat', 'PostalZone': None, 'NUTS': 'FRL04', 'Country': 'FRA'};sans remise en concurrence;;26-94475;;;;LOT-0006;44316000;980000.0;21;4.0;;FOURNITURES DE MATÉRIELS ET DE MATÉRIAUX POUR LENTRETIEN DU PATRIMOINE DE LA VILLE DE LA CIOTAT (13600);ouverte;029/26;3.0;;;True;False;False;;7210.0;Commune et commune nouvelle ;1 000  à  1 999;False;1982-06-04;84.11Z;2008;5710.0;SAS, société par actions simplifiée;500  à  999;False;<NA>;2008;G;46;46.7;46.74;46.74A;1995-12-01;(48.835544, 2.286426);Paris;Paris;Île-de-France;(43.173698, 5.605906);La Ciotat;Bouches-du-Rhône;Provence-Alpes-Côte d'Azur;;;;;;;;
False;;;False;True;False;attribue;{'StreetName': '5 Rue du Centre, Parc de la Pilaterie', 'AdditionalStreetName': None, 'CityName': 'Wasquehal', 'PostalZone': '59290', 'Country': 'FRA'};342938107;True;TRENOIS DECAMPS;- TRENOIS DECAMPS;2026-10-02;{'StreetName': 'Rond-point des messageries maritimes , BP 161', 'AdditionalStreetName': None, 'CityName': 'La ciotat', 'PostalZone': '13708', 'Country': 'FRA'};211300280;True;COMMUNE DE LA CIOTAT;COMMUNE DE LA CIOTAT;;;fournitures;['Prix du DQE', 'Moyens humains et matériels', 'Qualités techniques des produits appréciées sur la base des fiches techniques, descriptions ou photographies des fournitures, et des échantillons', 'Délai de livraison', 'Développement durable'];['prix', 'social', 'qualite', 'delai', 'environnemental'];[50.0, 20.0, 15.0, 10.0, 5.0];365.0;True;;False;{'StreetName': None, 'CityName': 'La Ciotat', 'PostalZone': None, 'NUTS': 'FRL04', 'Country': 'FRA'};sans remise en concurrence;;26-94475;;;;LOT-0006;44316000;980000.0;21;4.0;;FOURNITURES DE MATÉRIELS ET DE MATÉRIAUX POUR LENTRETIEN DU PATRIMOINE DE LA VILLE DE LA CIOTAT (13600);ouverte;029/26;3.0;;;True;False;False;;7210.0;Commune et commune nouvelle ;1 000  à  1 999;False;1982-06-04;84.11Z;2008;5710.0;SAS, société par actions simplifiée;500  à  999;False;<NA>;2008;G;46;46.7;46.74;46.74A;1987-08-01;(50.652606, 3.121964);Wasquehal;Nord;Hauts-de-France;(43.173698, 5.605906);La Ciotat;Bouches-du-Rhône;Provence-Alpes-Côte d'Azur;;;;;;;;
False;;;False;True;False;attribue;{'StreetName': '61/63, rue des Desnouettes', 'AdditionalStreetName': None, 'CityName': 'Paris', 'PostalZone': '75015', 'Country': 'FRA'};403092968;True;AU FORUM DU BATIMENT;AU FORUM DU BATIMENT;2026-10-02;{'StreetName': 'Rond-point des messageries maritimes , BP 161', 'AdditionalStreetName': None, 'CityName': 'La ciotat', 'PostalZone': '13708', 'Country': 'FRA'};211300280;True;COMMUNE DE LA CIOTAT;COMMUNE DE LA CIOTAT;;;fournitures;['Prix du DQE', 'Moyens humains et matériels', 'Qualités techniques des produits appréciées sur la base des fiches techniques, descriptions ou photographies des fournitures, et des échantillons', 'Délai de livraison', 'Développement durable'];['prix', 'social', 'qualite', 'delai', 'environnemental'];[50.0, 20.0, 15.0, 10.0, 5.0];365.0;True;;False;{'StreetName': None, 'CityName': 'La Ciotat', 'PostalZone': None, 'NUTS': 'FRL04', 'Country': 'FRA'};sans remise en concurrence;;26-94475;;;;LOT-0006;44316000;980000.0;21;4.0;;FOURNITURES DE MATÉRIELS ET DE MATÉRIAUX POUR LENTRETIEN DU PATRIMOINE DE LA VILLE DE LA CIOTAT (13600);ouverte;029/26;3.0;;;True;False;False;;7210.0;Commune et commune nouvelle ;1 000  à  1 999;False;1982-06-04;84.11Z;2008;5710.0;SAS, société par actions simplifiée;500  à  999;False;<NA>;2008;G;46;46.7;46.74;46.74A;1995-12-01;(48.835544, 2.286426);Paris;Paris;Île-de-France;(43.173698, 5.605906);La Ciotat;Bouches-du-Rhône;Provence-Alpes-Côte d'Azur;;;;;;;;
False;;;False;True;False;attribue;{'StreetName': '61/63, rue des Desnouettes', 'AdditionalStreetName': None, 'CityName': 'Paris', 'PostalZone': '75015', 'Country': 'FRA'};403092968;True;AU FORUM DU BATIMENT;AU FORUM DU BATIMENT;2026-10-02;{'StreetName': 'Rond-point des messageries maritimes , BP 161', 'AdditionalStreetName': None, 'CityName': 'La ciotat', 'PostalZone': '13708', 'Country': 'FRA'};211300280;True;COMMUNE DE LA CIOTAT;COMMUNE DE LA CIOTAT;;;fournitures;['Prix du DQE', 'Moyens humains et matériels', 'Qualités techniques des produits appréciées sur la base des fiches techniques, descriptions ou photographies des fournitures, et des échantillons', 'Délai de livraison', 'Développement durable'];['prix', 'social', 'qualite', 'delai', 'environnemental'];[50.0, 20.0, 15.0, 10.0, 5.0];365.0;True;;False;{'StreetName': None, 'CityName': 'La Ciotat', 'PostalZone': None, 'NUTS': 'FRL04', 'Country': 'FRA'};sans remise en concurrence;;26-94475;;;;LOT-0007;44115210;980000.0;21;4.0;;FOURNITURES DE MATÉRIELS ET DE MATÉRIAUX POUR LENTRETIEN DU PATRIMOINE DE LA VILLE DE LA CIOTAT (13600);ouverte;029/26;3.0;;;True;False;False;;7210.0;Commune et commune nouvelle ;1 000  à  1 999;False;1982-06-04;84.11Z;2008;5710.0;SAS, société par actions simplifiée;500  à  999;False;<NA>;2008;G;46;46.7;46.74;46.74A;1995-12-01;(48.835544, 2.286426);Paris;Paris;Île-de-France;(43.173698, 5.605906);La Ciotat;Bouches-du-Rhône;Provence-Alpes-Côte d'Azur;;;;;;;;
False;;;False;True;False;attribue;{'StreetName': '29, rue Thomas Edison – CS 90426', 'AdditionalStreetName': None, 'CityName': 'Canejean', 'PostalZone': '33612', 'Country': 'FRA'};775586852;False;SIDER;SIDER;2026-10-02;{'StreetName': 'Rond-point des messageries maritimes , BP 161', 'AdditionalStreetName': None, 'CityName': 'La ciotat', 'PostalZone': '13708', 'Country': 'FRA'};211300280;True;COMMUNE DE LA CIOTAT;COMMUNE DE LA CIOTAT;;;fournitures;['Prix du DQE', 'Moyens humains et matériels', 'Qualités techniques des produits appréciées sur la base des fiches techniques, descriptions ou photographies des fournitures, et des échantillons', 'Délai de livraison', 'Développement durable'];['prix', 'social', 'qualite', 'delai', 'environnemental'];[50.0, 20.0, 15.0, 10.0, 5.0];365.0;True;;False;{'StreetName': None, 'CityName': 'La Ciotat', 'PostalZone': None, 'NUTS': 'FRL04', 'Country': 'FRA'};sans remise en concurrence;;26-94475;;;;LOT-0007;44115210;980000.0;21;4.0;;FOURNITURES DE MATÉRIELS ET DE MATÉRIAUX POUR LENTRETIEN DU PATRIMOINE DE LA VILLE DE LA CIOTAT (13600);ouverte;029/26;3.0;;;True;False;False;;7210.0;Commune et commune nouvelle ;1 000  à  1 999;False;1982-06-04;84.11Z;2008;5710.0;SAS, société par actions simplifiée;500  à  999;False;<NA>;2008;G;46;46.7;46.74;46.74B;1973-01-01;(44.775031, -0.656267);Canéjan;Gironde;Nouvelle-Aquitaine;(43.173698, 5.605906);La Ciotat;Bouches-du-Rhône;Provence-Alpes-Côte d'Azur;;;;;;;;
False;;;False;True;False;attribue;{'StreetName': '61/63, rue des Desnouettes', 'AdditionalStreetName': None, 'CityName': 'Paris', 'PostalZone': '75015', 'Country': 'FRA'};403092968;True;AU FORUM DU BATIMENT;AU FORUM DU BATIMENT;2026-10-02;{'StreetName': 'Rond-point des messageries maritimes , BP 161', 'AdditionalStreetName': None, 'CityName': 'La ciotat', 'PostalZone': '13708', 'Country': 'FRA'};211300280;True;COMMUNE DE LA CIOTAT;COMMUNE DE LA CIOTAT;;;fournitures;['Prix du DQE', 'Moyens humains et matériels', 'Qualités techniques des produits appréciées sur la base des fiches techniques, descriptions ou photographies des fournitures, et des échantillons', 'Délai de livraison', 'Développement durable'];['prix', 'social', 'qualite', 'delai', 'environnemental'];[50.0, 20.0, 15.0, 10.0, 5.0];365.0;True;;False;{'StreetName': None, 'CityName': 'La Ciotat', 'PostalZone': None, 'NUTS': 'FRL04', 'Country': 'FRA'};sans remise en concurrence;;26-94475;;;;LOT-0007;44115210;980000.0;21;4.0;;FOURNITURES DE MATÉRIELS ET DE MATÉRIAUX POUR LENTRETIEN DU PATRIMOINE DE LA VILLE DE LA CIOTAT (13600);ouverte;029/26;3.0;;;True;False;False;;7210.0;Commune et commune nouvelle ;1 000  à  1 999;False;1982-06-04;84.11Z;2008;5710.0;SAS, société par actions simplifiée;500  à  999;False;<NA>;2008;G;46;46.7;46.74;46.74A;1995-12-01;(48.835544, 2.286426);Paris;Paris;Île-de-France;(43.173698, 5.605906);La Ciotat;Bouches-du-Rhône;Provence-Alpes-Côte d'Azur;;;;;;;;
False;;;False;True;False;attribue;{'StreetName': '29, rue Thomas Edison – CS 90426', 'AdditionalStreetName': None, 'CityName': 'Canejean', 'PostalZone': '33612', 'Country': 'FRA'};775586852;False;SIDER;SIDER;2026-10-02;{'StreetName': 'Rond-point des messageries maritimes , BP 161', 'AdditionalStreetName': None, 'CityName': 'La ciotat', 'PostalZone': '13708', 'Country': 'FRA'};211300280;True;COMMUNE DE LA CIOTAT;COMMUNE DE LA CIOTAT;;;fournitures;['Prix du DQE', 'Moyens humains et matériels', 'Qualités techniques des produits appréciées sur la base des fiches techniques, descriptions ou photographies des fournitures, et des échantillons', 'Délai de livraison', 'Développement durable'];['prix', 'social', 'qualite', 'delai', 'environnemental'];[50.0, 20.0, 15.0, 10.0, 5.0];365.0;True;;False;{'StreetName': None, 'CityName': 'La Ciotat', 'PostalZone': None, 'NUTS': 'FRL04', 'Country': 'FRA'};sans remise en concurrence;;26-94475;;;;LOT-0007;44115210;980000.0;21;4.0;;FOURNITURES DE MATÉRIELS ET DE MATÉRIAUX POUR LENTRETIEN DU PATRIMOINE DE LA VILLE DE LA CIOTAT (13600);ouverte;029/26;3.0;;;True;False;False;;7210.0;Commune et commune nouvelle ;1 000  à  1 999;False;1982-06-04;84.11Z;2008;5710.0;SAS, société par actions simplifiée;500  à  999;False;<NA>;2008;G;46;46.7;46.74;46.74B;1973-01-01;(44.775031, -0.656267);Canéjan;Gironde;Nouvelle-Aquitaine;(43.173698, 5.605906);La Ciotat;Bouches-du-Rhône;Provence-Alpes-Côte d'Azur;;;;;;;;
False;;;False;True;False;attribue;{'StreetName': 'Le Grand Bleu – Bât B 1er étage – 29 Bd Gay Lussac', 'AdditionalStreetName': None, 'CityName': 'Marseille', 'PostalZone': '13014', 'Country': 'FRA'};059802753;True;;COMASUD;2026-10-02;{'StreetName': 'Rond-point des messageries maritimes , BP 161', 'AdditionalStreetName': None, 'CityName': 'La ciotat', 'PostalZone': '13708', 'Country': 'FRA'};211300280;True;COMMUNE DE LA CIOTAT;COMMUNE DE LA CIOTAT;;;fournitures;['Pris du DQE', 'Moyens humains et matériels', 'Qualités techniques des produits appréciées sur la base des fiches techniques, descriptions ou photographies des fournitures, et des échantillons', 'Délai de livraison', 'Développement durable'];['prix', 'social', 'qualite', 'delai', 'environnemental'];;365.0;True;;False;{'StreetName': None, 'CityName': 'La Ciotat', 'PostalZone': None, 'NUTS': 'FRL04', 'Country': 'FRA'};sans remise en concurrence;;26-94475;;;;LOT-0008;44110000;980000.0;21;1.0;;FOURNITURES DE MATÉRIELS ET DE MATÉRIAUX POUR LENTRETIEN DU PATRIMOINE DE LA VILLE DE LA CIOTAT (13600);ouverte;029/26;3.0;;;True;False;False;;7210.0;Commune et commune nouvelle ;1 000  à  1 999;False;1982-06-04;84.11Z;2008;;;;;;<NA>;;;;;<NA>;<NA>;(43.334622, 5.374612);Marseille;Bouches-du-Rhône;Provence-Alpes-Côte d'Azur;(43.173698, 5.605906);La Ciotat;Bouches-du-Rhône;Provence-Alpes-Côte d'Azur;;;;;;;;
False;;;False;True;False;non attribue;;;False;;;2026-10-02;{'StreetName': 'Rond-point des messageries maritimes , BP 161', 'AdditionalStreetName': None, 'CityName': 'La ciotat', 'PostalZone': '13708', 'Country': 'FRA'};211300280;True;COMMUNE DE LA CIOTAT;COMMUNE DE LA CIOTAT;;;fournitures;['Prix du DQE', 'Moyens humains et matériels', 'Qualités techniques des produits appréciées sur la base des fiches techniques, descriptions ou photographies des fournitures, et des échantillons', 'Délai de livraison', 'Développement durable'];['prix', 'social', 'qualite', 'delai', 'environnemental'];[50.0, 20.0, 15.0, 10.0, 5.0];365.0;True;;False;{'StreetName': None, 'CityName': 'La Ciotat', 'PostalZone': None, 'NUTS': 'FRL04', 'Country': 'FRA'};sans remise en concurrence;;26-94475;;;;LOT-0009;39830000;980000.0;21;0.0;;FOURNITURES DE MATÉRIELS ET DE MATÉRIAUX POUR LENTRETIEN DU PATRIMOINE DE LA VILLE DE LA CIOTAT (13600);ouverte;029/26;3.0;;;True;False;False;;7210.0;Commune et commune nouvelle ;1 000  à  1 999;False;1982-06-04;84.11Z;2008;;;;;;<NA>;;;;;<NA>;<NA>;;;;;(43.173698, 5.605906);La Ciotat;Bouches-du-Rhône;Provence-Alpes-Côte d'Azur;;;;;;;;
False;;;False;True;False;non attribue;;;False;;;2026-10-02;{'StreetName': 'Rond-point des messageries maritimes , BP 161', 'AdditionalStreetName': None, 'CityName': 'La ciotat', 'PostalZone': '13708', 'Country': 'FRA'};211300280;True;COMMUNE DE LA CIOTAT;COMMUNE DE LA CIOTAT;;;fournitures;['Prix du DQE', 'Moyens humains et matériels', 'Qualités techniques des produits appréciées sur la base des fiches techniques, descriptions ou photographies des fournitures, et des échantillons', 'Délai de livraison', 'Développement durable'];['prix', 'social', 'qualite', 'delai', 'environnemental'];[50.0, 20.0, 15.0, 10.0, 5.0];365.0;True;;False;{'StreetName': None, 'CityName': 'La Ciotat', 'PostalZone': None, 'NUTS': 'FRL04', 'Country': 'FRA'};sans remise en concurrence;;26-94475;;;;LOT-0010;16160000;980000.0;21;;;FOURNITURES DE MATÉRIELS ET DE MATÉRIAUX POUR LENTRETIEN DU PATRIMOINE DE LA VILLE DE LA CIOTAT (13600);ouverte;029/26;3.0;;;True;False;False;;7210.0;Commune et commune nouvelle ;1 000  à  1 999;False;1982-06-04;84.11Z;2008;;;;;;<NA>;;;;;<NA>;<NA>;;;;;(43.173698, 5.605906);La Ciotat;Bouches-du-Rhône;Provence-Alpes-Côte d'Azur;;;;;;;;
False;;;False;True;False;attribue;{'StreetName': '61/63, rue des Desnouettes', 'AdditionalStreetName': None, 'CityName': 'Paris', 'PostalZone': '75015', 'Country': 'FRA'};403092968;True;AU FORUM DU BATIMENT;AU FORUM DU BATIMENT;2026-10-02;{'StreetName': 'Rond-point des messageries maritimes , BP 161', 'AdditionalStreetName': None, 'CityName': 'La ciotat', 'PostalZone': '13708', 'Country': 'FRA'};211300280;True;COMMUNE DE LA CIOTAT;COMMUNE DE LA CIOTAT;;;fournitures;['Prix du DQE', 'Moyens humains et matériels', 'Qualités techniques des produits appréciées sur la base des fiches techniques, descriptions ou photographies des fournitures, et des échantillons', 'Délai de livraison', 'Développement durable'];['prix', 'social', 'qualite', 'delai', 'environnemental'];;365.0;True;;False;{'StreetName': None, 'CityName': 'La Ciotat', 'PostalZone': None, 'NUTS': 'FRL04', 'Country': 'FRA'};sans remise en concurrence;;26-94475;;;;LOT-0011;16160000;980000.0;21;2.0;;FOURNITURES DE MATÉRIELS ET DE MATÉRIAUX POUR LENTRETIEN DU PATRIMOINE DE LA VILLE DE LA CIOTAT (13600);ouverte;029/26;3.0;;;True;False;False;;7210.0;Commune et commune nouvelle ;1 000  à  1 999;False;1982-06-04;84.11Z;2008;5710.0;SAS, société par actions simplifiée;500  à  999;False;<NA>;2008;G;46;46.7;46.74;46.74A;1995-12-01;(48.835544, 2.286426);Paris;Paris;Île-de-France;(43.173698, 5.605906);La Ciotat;Bouches-du-Rhône;Provence-Alpes-Côte d'Azur;;;;;;;;
False;;;False;True;False;attribue;{'StreetName': '1, chemin d’Eguilles, RN 7 – Quartier Celony', 'AdditionalStreetName': None, 'CityName': 'Aix en Provence', 'PostalZone': '13090', 'Country': 'FRA'};488090705;True;TERRACULTURE PROVENCE;-	TERRACULTURE PROVENCE;2026-10-02;{'StreetName': 'Rond-point des messageries maritimes , BP 161', 'AdditionalStreetName': None, 'CityName': 'La ciotat', 'PostalZone': '13708', 'Country': 'FRA'};211300280;True;COMMUNE DE LA CIOTAT;COMMUNE DE LA CIOTAT;;;fournitures;['Prix du DQE', 'Moyens humains et matériels', 'Qualités techniques des produits appréciées sur la base des fiches techniques, descriptions ou photographies des fournitures, et des échantillons', 'Délai de livraison', 'Développement durable'];['prix', 'social', 'qualite', 'delai', 'environnemental'];;365.0;True;;False;{'StreetName': None, 'CityName': 'La Ciotat', 'PostalZone': None, 'NUTS': 'FRL04', 'Country': 'FRA'};sans remise en concurrence;;26-94475;;;;LOT-0011;16160000;980000.0;21;2.0;;FOURNITURES DE MATÉRIELS ET DE MATÉRIAUX POUR LENTRETIEN DU PATRIMOINE DE LA VILLE DE LA CIOTAT (13600);ouverte;029/26;3.0;;;True;False;False;;7210.0;Commune et commune nouvelle ;1 000  à  1 999;False;1982-06-04;84.11Z;2008;5710.0;SAS, société par actions simplifiée;6  à  9;False;<NA>;2008;G;46;46.6;46.61;46.61Z;2006-01-16;(43.530462, 5.443905);Aix-en-Provence;Bouches-du-Rhône;Provence-Alpes-Côte d'Azur;(43.173698, 5.605906);La Ciotat;Bouches-du-Rhône;Provence-Alpes-Côte d'Azur;;;;;;;;
False;;;False;True;False;attribue;{'StreetName': '61/63, rue des Desnouettes', 'AdditionalStreetName': None, 'CityName': 'Paris', 'PostalZone': '75015', 'Country': 'FRA'};403092968;True;AU FORUM DU BATIMENT;AU FORUM DU BATIMENT;2026-10-02;{'StreetName': 'Rond-point des messageries maritimes , BP 161', 'AdditionalStreetName': None, 'CityName': 'La ciotat', 'PostalZone': '13708', 'Country': 'FRA'};211300280;True;COMMUNE DE LA CIOTAT;COMMUNE DE LA CIOTAT;;;fournitures;['Prix du DQE', 'Moyens humains et matériels', 'Qualités techniques des produits appréciées sur la base des fiches techniques, descriptions ou photographies des fournitures, et des échantillons', 'Délai de livraison', 'Développement durable'];['prix', 'social', 'qualite', 'delai', 'environnemental'];;365.0;True;;False;{'StreetName': None, 'CityName': 'La Ciotat', 'PostalZone': None, 'NUTS': 'FRL04', 'Country': 'FRA'};sans remise en concurrence;;26-94475;;;;LOT-0011;16160000;980000.0;21;2.0;;FOURNITURES DE MATÉRIELS ET DE MATÉRIAUX POUR LENTRETIEN DU PATRIMOINE DE LA VILLE DE LA CIOTAT (13600);ouverte;029/26;3.0;;;True;False;False;;7210.0;Commune et commune nouvelle ;1 000  à  1 999;False;1982-06-04;84.11Z;2008;5710.0;SAS, société par actions simplifiée;500  à  999;False;<NA>;2008;G;46;46.7;46.74;46.74A;1995-12-01;(48.835544, 2.286426);Paris;Paris;Île-de-France;(43.173698, 5.605906);La Ciotat;Bouches-du-Rhône;Provence-Alpes-Côte d'Azur;;;;;;;;
False;;;False;True;False;attribue;{'StreetName': '1, chemin d’Eguilles, RN 7 – Quartier Celony', 'AdditionalStreetName': None, 'CityName': 'Aix en Provence', 'PostalZone': '13090', 'Country': 'FRA'};488090705;True;TERRACULTURE PROVENCE;-	TERRACULTURE PROVENCE;2026-10-02;{'StreetName': 'Rond-point des messageries maritimes , BP 161', 'AdditionalStreetName': None, 'CityName': 'La ciotat', 'PostalZone': '13708', 'Country': 'FRA'};211300280;True;COMMUNE DE LA CIOTAT;COMMUNE DE LA CIOTAT;;;fournitures;['Prix du DQE', 'Moyens humains et matériels', 'Qualités techniques des produits appréciées sur la base des fiches techniques, descriptions ou photographies des fournitures, et des échantillons', 'Délai de livraison', 'Développement durable'];['prix', 'social', 'qualite', 'delai', 'environnemental'];;365.0;True;;False;{'StreetName': None, 'CityName': 'La Ciotat', 'PostalZone': None, 'NUTS': 'FRL04', 'Country': 'FRA'};sans remise en concurrence;;26-94475;;;;LOT-0011;16160000;980000.0;21;2.0;;FOURNITURES DE MATÉRIELS ET DE MATÉRIAUX POUR LENTRETIEN DU PATRIMOINE DE LA VILLE DE LA CIOTAT (13600);ouverte;029/26;3.0;;;True;False;False;;7210.0;Commune et commune nouvelle ;1 000  à  1 999;False;1982-06-04;84.11Z;2008;5710.0;SAS, société par actions simplifiée;6  à  9;False;<NA>;2008;G;46;46.6;46.61;46.61Z;2006-01-16;(43.530462, 5.443905);Aix-en-Provence;Bouches-du-Rhône;Provence-Alpes-Côte d'Azur;(43.173698, 5.605906);La Ciotat;Bouches-du-Rhône;Provence-Alpes-Côte d'Azur;;;;;;;;
False;;;False;True;False;attribue;{'StreetName': 'ZAC du Monne – 21 rue du châtelet', 'AdditionalStreetName': None, 'CityName': 'Allones', 'PostalZone': '72700', 'Country': 'FRA'};329681340;True;FOUSSIER;FOUSSIER;2026-10-02;{'StreetName': 'Rond-point des messageries maritimes , BP 161', 'AdditionalStreetName': None, 'CityName': 'La ciotat', 'PostalZone': '13708', 'Country': 'FRA'};211300280;True;COMMUNE DE LA CIOTAT;COMMUNE DE LA CIOTAT;;;fournitures;['Prix du DQE', 'Moyens humains et matériels', 'Qualités techniques des produits appréciées sur la base des fiches techniques, descriptions ou photographies des fournitures, et des échantillons', 'Délai de livraison', 'Développement durable'];['prix', 'social', 'qualite', 'delai', 'environnemental'];[50.0, 20.0, 15.0, 10.0, 5.0];365.0;True;;False;{'StreetName': None, 'CityName': 'La Ciotat', 'PostalZone': None, 'NUTS': 'FRL04', 'Country': 'FRA'};sans remise en concurrence;;26-94475;;;;LOT-0012;16160000;980000.0;21;3.0;;FOURNITURES DE MATÉRIELS ET DE MATÉRIAUX POUR LENTRETIEN DU PATRIMOINE DE LA VILLE DE LA CIOTAT (13600);ouverte;029/26;3.0;;;True;False;False;;7210.0;Commune et commune nouvelle ;1 000  à  1 999;False;1982-06-04;84.11Z;2008;5710.0;SAS, société par actions simplifiée;1 000  à  1 999;False;False;2008;G;46;46.7;46.74;46.74A;1984-06-01;(47.944334, 0.144253);Allonnes;Sarthe;Pays de la Loire;(43.173698, 5.605906);La Ciotat;Bouches-du-Rhône;Provence-Alpes-Côte d'Azur;;;;;;;;
False;;;False;True;False;attribue;{'StreetName': '61/63, rue des Desnouettes', 'AdditionalStreetName': None, 'CityName': 'Paris', 'PostalZone': '75015', 'Country': 'FRA'};403092968;True;AU FORUM DU BATIMENT;AU FORUM DU BATIMENT;2026-10-02;{'StreetName': 'Rond-point des messageries maritimes , BP 161', 'AdditionalStreetName': None, 'CityName': 'La ciotat', 'PostalZone': '13708', 'Country': 'FRA'};211300280;True;COMMUNE DE LA CIOTAT;COMMUNE DE LA CIOTAT;;;fournitures;['Prix du DQE', 'Moyens humains et matériels', 'Qualités techniques des produits appréciées sur la base des fiches techniques, descriptions ou photographies des fournitures, et des échantillons', 'Délai de livraison', 'Développement durable'];['prix', 'social', 'qualite', 'delai', 'environnemental'];[50.0, 20.0, 15.0, 10.0, 5.0];365.0;True;;False;{'StreetName': None, 'CityName': 'La Ciotat', 'PostalZone': None, 'NUTS': 'FRL04', 'Country': 'FRA'};sans remise en concurrence;;26-94475;;;;LOT-0012;16160000;980000.0;21;3.0;;FOURNITURES DE MATÉRIELS ET DE MATÉRIAUX POUR LENTRETIEN DU PATRIMOINE DE LA VILLE DE LA CIOTAT (13600);ouverte;029/26;3.0;;;True;False;False;;7210.0;Commune et commune nouvelle ;1 000  à  1 999;False;1982-06-04;84.11Z;2008;5710.0;SAS, société par actions simplifiée;500  à  999;False;<NA>;2008;G;46;46.7;46.74;46.74A;1995-12-01;(48.835544, 2.286426);Paris;Paris;Île-de-France;(43.173698, 5.605906);La Ciotat;Bouches-du-Rhône;Provence-Alpes-Côte d'Azur;;;;;;;;
False;;;False;True;False;attribue;{'StreetName': 'ZAC du Monne – 21 rue du châtelet', 'AdditionalStreetName': None, 'CityName': 'Allones', 'PostalZone': '72700', 'Country': 'FRA'};329681340;True;FOUSSIER;FOUSSIER;2026-10-02;{'StreetName': 'Rond-point des messageries maritimes , BP 161', 'AdditionalStreetName': None, 'CityName': 'La ciotat', 'PostalZone': '13708', 'Country': 'FRA'};211300280;True;COMMUNE DE LA CIOTAT;COMMUNE DE LA CIOTAT;;;fournitures;['Prix du DQE', 'Moyens humains et matériels', 'Qualités techniques des produits appréciées sur la base des fiches techniques, descriptions ou photographies des fournitures, et des échantillons', 'Délai de livraison', 'Développement durable'];['prix', 'social', 'qualite', 'delai', 'environnemental'];[50.0, 20.0, 15.0, 10.0, 5.0];365.0;True;;False;{'StreetName': None, 'CityName': 'La Ciotat', 'PostalZone': None, 'NUTS': 'FRL04', 'Country': 'FRA'};sans remise en concurrence;;26-94475;;;;LOT-0012;16160000;980000.0;21;3.0;;FOURNITURES DE MATÉRIELS ET DE MATÉRIAUX POUR LENTRETIEN DU PATRIMOINE DE LA VILLE DE LA CIOTAT (13600);ouverte;029/26;3.0;;;True;False;False;;7210.0;Commune et commune nouvelle ;1 000  à  1 999;False;1982-06-04;84.11Z;2008;5710.0;SAS, société par actions simplifiée;1 000  à  1 999;False;False;2008;G;46;46.7;46.74;46.74A;1984-06-01;(47.944334, 0.144253);Allonnes;Sarthe;Pays de la Loire;(43.173698, 5.605906);La Ciotat;Bouches-du-Rhône;Provence-Alpes-Côte d'Azur;;;;;;;;
False;;;False;True;False;attribue;{'StreetName': '61/63, rue des Desnouettes', 'AdditionalStreetName': None, 'CityName': 'Paris', 'PostalZone': '75015', 'Country': 'FRA'};403092968;True;AU FORUM DU BATIMENT;AU FORUM DU BATIMENT;2026-10-02;{'StreetName': 'Rond-point des messageries maritimes , BP 161', 'AdditionalStreetName': None, 'CityName': 'La ciotat', 'PostalZone': '13708', 'Country': 'FRA'};211300280;True;COMMUNE DE LA CIOTAT;COMMUNE DE LA CIOTAT;;;fournitures;['Prix du DQE', 'Moyens humains et matériels', 'Qualités techniques des produits appréciées sur la base des fiches techniques, descriptions ou photographies des fournitures, et des échantillons', 'Délai de livraison', 'Développement durable'];['prix', 'social', 'qualite', 'delai', 'environnemental'];[50.0, 20.0, 15.0, 10.0, 5.0];365.0;True;;False;{'StreetName': None, 'CityName': 'La Ciotat', 'PostalZone': None, 'NUTS': 'FRL04', 'Country': 'FRA'};sans remise en concurrence;;26-94475;;;;LOT-0012;16160000;980000.0;21;3.0;;FOURNITURES DE MATÉRIELS ET DE MATÉRIAUX POUR LENTRETIEN DU PATRIMOINE DE LA VILLE DE LA CIOTAT (13600);ouverte;029/26;3.0;;;True;False;False;;7210.0;Commune et commune nouvelle ;1 000  à  1 999;False;1982-06-04;84.11Z;2008;5710.0;SAS, société par actions simplifiée;500  à  999;False;<NA>;2008;G;46;46.7;46.74;46.74A;1995-12-01;(48.835544, 2.286426);Paris;Paris;Île-de-France;(43.173698, 5.605906);La Ciotat;Bouches-du-Rhône;Provence-Alpes-Côte d'Azur;;;;;;;;
False;;;False;True;False;attribue;{'StreetName': '114, avenue Ibrahim Ali – CS 70469', 'AdditionalStreetName': None, 'CityName': 'Marseille', 'PostalZone': '13015', 'Country': 'FRA'};400537759;True;NUANCES COMPTOIR AIXOIS;NUANCES COMPTOIR AIXOIS (UNIKALO);2026-10-02;{'StreetName': 'Rond-point des messageries maritimes , BP 161', 'AdditionalStreetName': None, 'CityName': 'La ciotat', 'PostalZone': '13708', 'Country': 'FRA'};211300280;True;COMMUNE DE LA CIOTAT;COMMUNE DE LA CIOTAT;;;fournitures;['Prix du DQE', 'Moyens humains et techniques', 'Qualités techniques des produits appréciées sur la base des fiches techniques descriptions ou photographies des fournitures, et des échantillons', 'Délai de livraison', 'Développement durable'];['prix', 'social', 'qualite', 'delai', 'environnemental'];[50.0, 20.0, 15.0, 10.0, 5.0];365.0;True;;False;{'StreetName': None, 'CityName': 'La Ciotat', 'PostalZone': None, 'NUTS': 'FRL04', 'Country': 'FRA'};sans remise en concurrence;;26-94475;;0.0;0.0;LOT-0001;44810000;980000.0;21;5.0;;FOURNITURES DE MATÉRIELS ET DE MATÉRIAUX POUR LENTRETIEN DU PATRIMOINE DE LA VILLE DE LA CIOTAT (13600);ouverte;029/26;3.0;;;True;False;False;;7210.0;Commune et commune nouvelle ;1 000  à  1 999;False;1982-06-04;84.11Z;2008;5710.0;SAS, société par actions simplifiée;20  à  49;False;<NA>;2008;G;46;46.7;46.73;46.73B;1995-03-31;(43.340805, 5.365492);Marseille;Bouches-du-Rhône;Provence-Alpes-Côte d'Azur;(43.173698, 5.605906);La Ciotat;Bouches-du-Rhône;Provence-Alpes-Côte d'Azur;;;;;;;;
False;;;False;True;False;attribue;{'StreetName': '162, Bd de Plombières', 'AdditionalStreetName': None, 'CityName': 'Marseille', 'PostalZone': '13014', 'Country': 'FRA'};424112258;True;CAP PEINTURE;- CAP PEINTURE;2026-10-02;{'StreetName': 'Rond-point des messageries maritimes , BP 161', 'AdditionalStreetName': None, 'CityName': 'La ciotat', 'PostalZone': '13708', 'Country': 'FRA'};211300280;True;COMMUNE DE LA CIOTAT;COMMUNE DE LA CIOTAT;;;fournitures;['Prix du DQE', 'Moyens humains et techniques', 'Qualités techniques des produits appréciées sur la base des fiches techniques descriptions ou photographies des fournitures, et des échantillons', 'Délai de livraison', 'Développement durable'];['prix', 'social', 'qualite', 'delai', 'environnemental'];[50.0, 20.0, 15.0, 10.0, 5.0];365.0;True;;False;{'StreetName': None, 'CityName': 'La Ciotat', 'PostalZone': None, 'NUTS': 'FRL04', 'Country': 'FRA'};sans remise en concurrence;;26-94475;;0.0;0.0;LOT-0001;44810000;980000.0;21;5.0;;FOURNITURES DE MATÉRIELS ET DE MATÉRIAUX POUR LENTRETIEN DU PATRIMOINE DE LA VILLE DE LA CIOTAT (13600);ouverte;029/26;3.0;;;True;False;False;;7210.0;Commune et commune nouvelle ;1 000  à  1 999;False;1982-06-04;84.11Z;2008;5710.0;SAS, société par actions simplifiée;10  à  19;False;<NA>;2008;G;46;46.7;46.73;46.73B;1999-09-01;(43.318552, 5.379808);Marseille;Bouches-du-Rhône;Provence-Alpes-Côte d'Azur;(43.173698, 5.605906);La Ciotat;Bouches-du-Rhône;Provence-Alpes-Côte d'Azur;;;;;;;;
False;;;True;True;False;attribue;{'StreetName': None, 'AdditionalStreetName': None, 'CityName': 'AIX EN PROVENCE', 'PostalZone': '13290', 'Country': 'FRA'};391131240;True;SAS PYRAME MAINTENANCE EQUIPEMENT P.M.E.;PYRAME MAINTENANCE EQUIPEMENT;2026-10-02;{'StreetName': '80, Boulevard du Métro', 'AdditionalStreetName': None, 'CityName': 'Marseille', 'PostalZone': '13013', 'Country': 'FRA'};059804062;True;REGIE DES TRANSPORTS METROPOLITAINS;RTM - Régie des Transports Métropolitains;2025-07-17;;fournitures;[];[];;1460.0;False;;False;{'StreetName': 'RTM\n80 boulevard du métro', 'CityName': 'Marseille', 'PostalZone': '13013', 'NUTS': 'FRL04', 'Country': 'FRA'};sans remise en concurrence;;26-94498;25-80431;1390928.39;;LOT-0001;34121000;;3;2.0;;FOURNITURE DE PIECES DETACHEES NECESSAIRES A LA MAINTENANCE D'AUTOBUS ET AUTOCARS DE MARQUE VDL DE LA REGIE DES TRANSPORTS METROPOLITAINS;negociee;2025055;0.0;;False;False;True;False;2481925.07;4110.0;Établissement public national à caractère industriel ou commercial doté d'un comptable public ;2 000  à  4 999;False;1959-01-01;49.31Z;2008;5710.0;SAS, société par actions simplifiée;20  à  49;False;<NA>;2008;G;45;45.2;45.2;45.20B;1993-05-02;;Aix-en-Provence;Bouches-du-Rhône;Provence-Alpes-Côte d'Azur;(43.335914, 5.428517);Marseille;Bouches-du-Rhône;Provence-Alpes-Côte d'Azur;;;;;;;;
False;;;True;True;False;attribue;{'StreetName': None, 'AdditionalStreetName': None, 'CityName': 'AIX EN PROVENCE', 'PostalZone': '13290', 'Country': 'FRA'};391131240;True;SAS PYRAME MAINTENANCE EQUIPEMENT P.M.E.;PYRAME MAINTENANCE EQUIPEMENT;2026-10-02;{'StreetName': '80, Boulevard du Métro', 'AdditionalStreetName': None, 'CityName': 'Marseille', 'PostalZone': '13013', 'Country': 'FRA'};059804062;True;REGIE DES TRANSPORTS METROPOLITAINS;RTM - Régie des Transports Métropolitains;2025-07-17;;fournitures;[];[];;1460.0;False;;False;{'StreetName': 'RTM', 'CityName': 'Marseille', 'PostalZone': '13013', 'NUTS': 'FRL04', 'Country': 'FRA'};sans remise en concurrence;;26-94498;25-80431;591648.1;;LOT-0002;34121000;;3;3.0;;FOURNITURE DE PIECES DETACHEES NECESSAIRES A LA MAINTENANCE D'AUTOBUS ET AUTOCARS DE MARQUE VDL DE LA REGIE DES TRANSPORTS METROPOLITAINS;negociee;2025055;0.0;;False;False;True;False;2481925.07;4110.0;Établissement public national à caractère industriel ou commercial doté d'un comptable public ;2 000  à  4 999;False;1959-01-01;49.31Z;2008;5710.0;SAS, société par actions simplifiée;20  à  49;False;<NA>;2008;G;45;45.2;45.2;45.20B;1993-05-02;;Aix-en-Provence;Bouches-du-Rhône;Provence-Alpes-Côte d'Azur;(43.335914, 5.428517);Marseille;Bouches-du-Rhône;Provence-Alpes-Côte d'Azur;;;;;;;;
False;;;True;True;False;attribue;{'StreetName': None, 'AdditionalStreetName': None, 'CityName': 'ROUILLON', 'PostalZone': '72700', 'Country': 'FRA'};515156917;True;CAR ET BUS MAINTENANCE;CAR ET BUS MAINTENANCE;2026-10-02;{'StreetName': '80, Boulevard du Métro', 'AdditionalStreetName': None, 'CityName': 'Marseille', 'PostalZone': '13013', 'Country': 'FRA'};059804062;True;REGIE DES TRANSPORTS METROPOLITAINS;RTM - Régie des Transports Métropolitains;2025-07-17;;fournitures;[];[];;1460.0;False;;False;{'StreetName': 'RTM', 'CityName': 'Marseille', 'PostalZone': '13013', 'NUTS': 'FRL04', 'Country': 'FRA'};sans remise en concurrence;;26-94498;25-80431;591648.1;;LOT-0002;34121000;;3;3.0;;FOURNITURE DE PIECES DETACHEES NECESSAIRES A LA MAINTENANCE D'AUTOBUS ET AUTOCARS DE MARQUE VDL DE LA REGIE DES TRANSPORTS METROPOLITAINS;negociee;2025055;0.0;;False;False;True;False;2481925.07;4110.0;Établissement public national à caractère industriel ou commercial doté d'un comptable public ;2 000  à  4 999;False;1959-01-01;49.31Z;2008;5710.0;SAS, société par actions simplifiée;50  à  99;False;<NA>;2008;G;45;45.3;45.31;45.31Z;2009-09-14;;Vald'Yerre;Eure-et-Loir;Centre-Val de Loire;(43.335914, 5.428517);Marseille;Bouches-du-Rhône;Provence-Alpes-Côte d'Azur;;;;;;;;
False;;;True;True;False;attribue;{'StreetName': None, 'AdditionalStreetName': None, 'CityName': 'AIX EN PROVENCE', 'PostalZone': '13290', 'Country': 'FRA'};391131240;True;SAS PYRAME MAINTENANCE EQUIPEMENT P.M.E.;PYRAME MAINTENANCE EQUIPEMENT;2026-10-02;{'StreetName': '80, Boulevard du Métro', 'AdditionalStreetName': None, 'CityName': 'Marseille', 'PostalZone': '13013', 'Country': 'FRA'};059804062;True;REGIE DES TRANSPORTS METROPOLITAINS;RTM - Régie des Transports Métropolitains;2025-07-17;;fournitures;[];[];;1460.0;False;;False;{'StreetName': 'RTM', 'CityName': 'Marseille', 'PostalZone': '13013', 'NUTS': 'FRL04', 'Country': 'FRA'};sans remise en concurrence;;26-94498;25-80431;591648.1;;LOT-0002;34121000;;3;3.0;;FOURNITURE DE PIECES DETACHEES NECESSAIRES A LA MAINTENANCE D'AUTOBUS ET AUTOCARS DE MARQUE VDL DE LA REGIE DES TRANSPORTS METROPOLITAINS;negociee;2025055;0.0;;False;False;True;False;2481925.07;4110.0;Établissement public national à caractère industriel ou commercial doté d'un comptable public ;2 000  à  4 999;False;1959-01-01;49.31Z;2008;5710.0;SAS, société par actions simplifiée;20  à  49;False;<NA>;2008;G;45;45.2;45.2;45.20B;1993-05-02;;Aix-en-Provence;Bouches-du-Rhône;Provence-Alpes-Côte d'Azur;(43.335914, 5.428517);Marseille;Bouches-du-Rhône;Provence-Alpes-Côte d'Azur;;;;;;;;
False;;;True;True;False;attribue;{'StreetName': None, 'AdditionalStreetName': None, 'CityName': 'ROUILLON', 'PostalZone': '72700', 'Country': 'FRA'};515156917;True;CAR ET BUS MAINTENANCE;CAR ET BUS MAINTENANCE;2026-10-02;{'StreetName': '80, Boulevard du Métro', 'AdditionalStreetName': None, 'CityName': 'Marseille', 'PostalZone': '13013', 'Country': 'FRA'};059804062;True;REGIE DES TRANSPORTS METROPOLITAINS;RTM - Régie des Transports Métropolitains;2025-07-17;;fournitures;[];[];;1460.0;False;;False;{'StreetName': 'RTM', 'CityName': 'Marseille', 'PostalZone': '13013', 'NUTS': 'FRL04', 'Country': 'FRA'};sans remise en concurrence;;26-94498;25-80431;591648.1;;LOT-0002;34121000;;3;3.0;;FOURNITURE DE PIECES DETACHEES NECESSAIRES A LA MAINTENANCE D'AUTOBUS ET AUTOCARS DE MARQUE VDL DE LA REGIE DES TRANSPORTS METROPOLITAINS;negociee;2025055;0.0;;False;False;True;False;2481925.07;4110.0;Établissement public national à caractère industriel ou commercial doté d'un comptable public ;2 000  à  4 999;False;1959-01-01;49.31Z;2008;5710.0;SAS, société par actions simplifiée;50  à  99;False;<NA>;2008;G;45;45.3;45.31;45.31Z;2009-09-14;;Vald'Yerre;Eure-et-Loir;Centre-Val de Loire;(43.335914, 5.428517);Marseille;Bouches-du-Rhône;Provence-Alpes-Côte d'Azur;;;;;;;;
False;['33973000', '34000000'];;True;True;False;attribue;{'StreetName': '39 rue du Souvenir Français', 'AdditionalStreetName': None, 'CityName': 'CUERS', 'PostalZone': '83390', 'Country': 'FRA'};302077169;False;FUNECAP SUD EST;FUNECAP SUD EST;2026-10-02;{'StreetName': '350 avenue Guilibert de la Lauzière', 'AdditionalStreetName': None, 'CityName': 'Aix-en-Provence', 'PostalZone': '13591', 'Country': 'FRA'};110002011;True;SERVICES DE L'ETAT POUR LA FACTURATION ELECTRONIQUE;Cour d'Appel d'Aix en Provence;;2027-01-01+01:00;services;"[""Valeur financière de l'offre"", 'Valeur technique', 'Valeur environnementale']";['prix', 'technique', 'environnemental'];[50.0, 40.0, 10.0];1440.0;True;;False;{'StreetName': None, 'CityName': None, 'PostalZone': None, 'NUTS': 'FRL04', 'Country': 'FRA'};sans remise en concurrence;;26-94720;;1680000.0;;LOT-0001;98370000;4960000.0;4;2.0;;Transport de corps à visage découvert dans le cadre d'examens médicaux requis par les autorités judiciaires du ressort de la cour d'appel d'Aix-en-Provence;ouverte;;;;;True;False;False;;7120.0;Service central d'un ministère ;50  à  99;False;1981-06-23;84.11Z;2008;5710.0;SAS, société par actions simplifiée;500  à  999;False;False;2008;S;96;96.0;96.03;96.03Z;1980-01-01;(43.240012, 6.068122);Cuers;Var;Provence-Alpes-Côte d'Azur;(43.485335, 5.362018);Aix-en-Provence;Bouches-du-Rhône;Provence-Alpes-Côte d'Azur;;;;;;;;
False;['33973000', '34000000'];;True;True;False;attribue;{'StreetName': '39 rue du Souvenir Français', 'AdditionalStreetName': None, 'CityName': 'CUERS', 'PostalZone': '83390', 'Country': 'FRA'};302077169;False;FUNECAP SUD EST;FUNECAP SUD EST;2026-10-02;{'StreetName': '350 avenue Guilibert de la Lauzière', 'AdditionalStreetName': None, 'CityName': 'Aix-en-Provence', 'PostalZone': '13591', 'Country': 'FRA'};110002011;True;SERVICES DE L'ETAT POUR LA FACTURATION ELECTRONIQUE;Cour d'Appel d'Aix en Provence;;2027-01-01+01:00;services;['Valeur financière', 'Valeur technique', 'Valeur encironnementale'];['prix', 'technique', 'qualite'];[50.0, 40.0, 10.0];1440.0;True;;False;{'StreetName': None, 'CityName': None, 'PostalZone': None, 'NUTS': 'FRL03', 'Country': 'FRA'};sans remise en concurrence;;26-94720;;1200000.0;;LOT-0002;98370000;4960000.0;4;1.0;;Transport de corps à visage découvert dans le cadre d'examens médicaux requis par les autorités judiciaires du ressort de la cour d'appel d'Aix-en-Provence;ouverte;;;;;True;False;False;;7120.0;Service central d'un ministère ;50  à  99;False;1981-06-23;84.11Z;2008;5710.0;SAS, société par actions simplifiée;500  à  999;False;False;2008;S;96;96.0;96.03;96.03Z;1980-01-01;(43.240012, 6.068122);Cuers;Var;Provence-Alpes-Côte d'Azur;(43.485335, 5.362018);Aix-en-Provence;Bouches-du-Rhône;Provence-Alpes-Côte d'Azur;;;;;;;;
False;['33973000', '34000000'];;True;True;False;attribue;{'StreetName': '6 rue du Général Audran', 'AdditionalStreetName': None, 'CityName': 'COURBEVOIE', 'PostalZone': '92400', 'Country': 'FRA'};828160069;True;OGF SERVICES FUNERAIRES;OGF services funéraires;2026-10-02;{'StreetName': '350 avenue Guilibert de la Lauzière', 'AdditionalStreetName': None, 'CityName': 'Aix-en-Provence', 'PostalZone': '13591', 'Country': 'FRA'};110002011;True;SERVICES DE L'ETAT POUR LA FACTURATION ELECTRONIQUE;Cour d'Appel d'Aix en Provence;;2027-01-01+01:00;services;['Valeur financière', 'Valeur technique', 'Valeur environnementale'];['prix', 'technique', 'environnemental'];[50.0, 40.0, 10.0];1440.0;True;;False;{'StreetName': None, 'CityName': None, 'PostalZone': None, 'NUTS': 'FRL05', 'Country': 'FRA'};sans remise en concurrence;;26-94720;;2080000.0;;LOT-0003;98370000;4960000.0;4;2.0;;Transport de corps à visage découvert dans le cadre d'examens médicaux requis par les autorités judiciaires du ressort de la cour d'appel d'Aix-en-Provence;ouverte;;;;;True;False;False;;7120.0;Service central d'un ministère ;50  à  99;False;1981-06-23;84.11Z;2008;5710.0;SAS, société par actions simplifiée;3  à  5;False;<NA>;2008;S;96;96.0;96.03;96.03Z;2017-02-28;(48.889786, 2.254745);Courbevoie;Hauts-de-Seine;Île-de-France;(43.485335, 5.362018);Aix-en-Provence;Bouches-du-Rhône;Provence-Alpes-Côte d'Azur;;;;;;;;
False;['33973000', '34000000'];;True;True;False;non attribue;;;False;;;2026-10-02;{'StreetName': '350 avenue Guilibert de la Lauzière', 'AdditionalStreetName': None, 'CityName': 'Aix-en-Provence', 'PostalZone': '13591', 'Country': 'FRA'};110002011;True;SERVICES DE L'ETAT POUR LA FACTURATION ELECTRONIQUE;Cour d'Appel d'Aix en Provence;;2027-01-01+01:00;services;['Valeur financière', 'Valeur technique', 'Valeur environnementale'];['prix', 'technique', 'environnemental'];[50.0, 40.0, 10.0];1440.0;True;;False;{'StreetName': None, 'CityName': None, 'PostalZone': None, 'NUTS': 'FRL01', 'Country': 'FRA'};sans remise en concurrence;;26-94720;;;;LOT-0004;98370000;4960000.0;4;0.0;;Transport de corps à visage découvert dans le cadre d'examens médicaux requis par les autorités judiciaires du ressort de la cour d'appel d'Aix-en-Provence;ouverte;;;;;True;False;False;;7120.0;Service central d'un ministère ;50  à  99;False;1981-06-23;84.11Z;2008;;;;;;<NA>;;;;;<NA>;<NA>;;;;;(43.485335, 5.362018);Aix-en-Provence;Bouches-du-Rhône;Provence-Alpes-Côte d'Azur;;;;;;;;
False;;;;True;False;attribue;{'StreetName': '26 rue Jean Jaurès', 'AdditionalStreetName': None, 'CityName': 'SAINT GERMAIN EN LAYE', 'PostalZone': '78108', 'Country': 'FRA'};785074915;True;LES COMPAGNONS JOURS HEUREUX;LES COMPAGNONS DES JOURS HEUREUX;2026-10-02;"{'StreetName': ""1, place de l'Hôtel de Ville"", 'AdditionalStreetName': None, 'CityName': 'Asnières sur seine', 'PostalZone': '92600', 'Country': 'FRA'}";219200045;True;COMMUNE D ASNIERES SUR SEINE;Mairie d'Asnières sur Seine;;;services;;;;;True;0.0;False;{'StreetName': None, 'CityName': 'Asnières -sur-Seine', 'PostalZone': '92600', 'NUTS': 'FR105', 'Country': 'FRA'};;;26-94707;;150000.0;0.0;LOT-0001;55243000;;3;4.0;;Organisation de séjours pour les Asniérois âgés de 6 à 17 ans;ouverte;PA26-Séjours-Enfance-Jeunesse;;;;False;False;False;240000.0;7210.0;Commune et commune nouvelle ;2 000  à  4 999;False;1968-02-09;84.11Z;2008;9220.0;Association déclarée ;50  à  99;True;<NA>;2008;I;55;55.2;55.2;55.20Z;1900-01-01;(48.895245, 2.082033);Saint-Germain-en-Laye;Yvelines;Île-de-France;(48.910692, 2.288989);Asnières-sur-Seine;Hauts-de-Seine;Île-de-France;;;;;;;;
False;;;;True;False;attribue;{'StreetName': '26 rue Jean Jaurès', 'AdditionalStreetName': None, 'CityName': 'SAINT GERMAIN EN LAYE', 'PostalZone': '78108', 'Country': 'FRA'};785074915;True;LES COMPAGNONS JOURS HEUREUX;LES COMPAGNONS DES JOURS HEUREUX;2026-10-02;"{'StreetName': ""1, place de l'Hôtel de Ville"", 'AdditionalStreetName': None, 'CityName': 'Asnières sur seine', 'PostalZone': '92600', 'Country': 'FRA'}";219200045;True;COMMUNE D ASNIERES SUR SEINE;Mairie d'Asnières sur Seine;;;services;;;;;True;0.0;False;{'StreetName': None, 'CityName': 'Asnières-sur-Seine', 'PostalZone': '92600', 'NUTS': 'FR105', 'Country': 'FRA'};;;26-94707;;90000.0;;LOT-0002;55243000;;3;3.0;;Organisation de séjours pour les Asniérois âgés de 6 à 17 ans;ouverte;PA26-Séjours-Enfance-Jeunesse;;;;False;False;False;240000.0;7210.0;Commune et commune nouvelle ;2 000  à  4 999;False;1968-02-09;84.11Z;2008;9220.0;Association déclarée ;50  à  99;True;<NA>;2008;I;55;55.2;55.2;55.20Z;1900-01-01;(48.895245, 2.082033);Saint-Germain-en-Laye;Yvelines;Île-de-France;(48.910692, 2.288989);Asnières-sur-Seine;Hauts-de-Seine;Île-de-France;;;;;;;;
False;;;;True;False;non attribue;;;False;;;2026-10-02;"{'StreetName': ""1, place de l'Hôtel de Ville"", 'AdditionalStreetName': None, 'CityName': 'Asnières sur seine', 'PostalZone': '92600', 'Country': 'FRA'}";219200045;True;COMMUNE D ASNIERES SUR SEINE;Mairie d'Asnières sur Seine;;;services;;;;;True;0.0;False;{'StreetName': None, 'CityName': 'Asnières-sur-Seine', 'PostalZone': '92600', 'NUTS': 'FR105', 'Country': 'FRA'};sans remise en concurrence;;26-94707;;;;LOT-0003;55243000;;3;0.0;;Organisation de séjours pour les Asniérois âgés de 6 à 17 ans;ouverte;PA26-Séjours-Enfance-Jeunesse;;;;False;False;False;240000.0;7210.0;Commune et commune nouvelle ;2 000  à  4 999;False;1968-02-09;84.11Z;2008;;;;;;<NA>;;;;;<NA>;<NA>;;;;;(48.910692, 2.288989);Asnières-sur-Seine;Hauts-de-Seine;Île-de-France;;;;;;;;
False;['50313100'];;True;False;False;attribue;;;False;;;2026-10-02;{'StreetName': '26 avenue André MORIZET', 'AdditionalStreetName': None, 'CityName': 'Boulogne-Billancourt', 'PostalZone': '92100', 'Country': 'FRA'};219200128;True;COMMUNE DE BOULOGNE-BILLANCOURT;Mairie de Boulogne Billancourt;;;services;[];[];;1460.0;True;200000.0;False;{'StreetName': 'Ville de BOULOGNE BILLANCOURT', 'CityName': 'BOULOGNE-BILLANCOURT', 'PostalZone': '92100', 'NUTS': 'FR105', 'Country': 'FRA'};sans remise en concurrence;;26-94822;;;200000.0;LOT-0001;50313200;400000.0;1;1.0;;MAINTENANCE DU PARC DE PHOTOCOPIEURS EXISTANTS DE MARQUE XEROX DE LA VILLE ET DU CCAS DE BOULOGNE-BILLANCOURT;ouverte;2600018;;;;False;False;False;;7210.0;Commune et commune nouvelle ;2 000  à  4 999;False;1983-03-01;84.11Z;2008;;;;;;<NA>;;;;;<NA>;<NA>;;;;;(48.8357, 2.240435);Boulogne-Billancourt;Hauts-de-Seine;Île-de-France;;;;;;;;
False;;;True;False;False;attribue;{'StreetName': '84 rue Villeneuve', 'AdditionalStreetName': None, 'CityName': 'Clichy la Garenne', 'PostalZone': '92110', 'Country': 'FRA'};332484021;True;ECRITEL;ECRITEL;2026-10-02;{'StreetName': '26 avenue André MORIZET', 'AdditionalStreetName': None, 'CityName': 'Boulogne-Billancourt', 'PostalZone': '92100', 'Country': 'FRA'};219200128;True;COMMUNE DE BOULOGNE-BILLANCOURT;Mairie de Boulogne-Billancourt;;;services;[];[];;1460.0;True;250000.0;False;{'StreetName': 'Ville de Boulogne-Billancourt', 'CityName': 'Boulogne-Billancourt', 'PostalZone': '92100', 'NUTS': 'FR105', 'Country': 'FRA'};sans remise en concurrence;;26-94826;;;250000.0;LOT-0001;72415000;320000.0;1;3.0;;HEBERGEMENT DES SITES INTERNET DE LA VILLE ET SERVICES ASSOCIES;ouverte;2600011;;;;False;False;False;;7210.0;Commune et commune nouvelle ;2 000  à  4 999;False;1983-03-01;84.11Z;2008;5710.0;SAS, société par actions simplifiée;100  à  199;False;<NA>;2008;J;62;62.0;62.03;62.03Z;1985-04-29;(48.907707, 2.317488);Clichy;Hauts-de-Seine;Île-de-France;(48.8357, 2.240435);Boulogne-Billancourt;Hauts-de-Seine;Île-de-France;;;;;;;;
False;['18444200', '35113400'];;True;False;False;attribue;{'StreetName': '391 Rte De Strasbourg', 'AdditionalStreetName': None, 'CityName': 'Miribel', 'PostalZone': '01700', 'Country': 'FRA'};522038470;False;G & L DURIEZ;LID;2026-10-02;{'StreetName': '20 rue du Lac', 'AdditionalStreetName': 'Cs 33569', 'CityName': 'Lyon', 'PostalZone': '69505', 'Country': 'FRA'};200046977;False;METROPOLE DE LYON;Métropole de Lyon;;2026-10-01+02:00;fournitures;"[""Valeur technique de l'offre"", ""Performance en matière de protection de l'environnement"", 'Prix']";['technique', 'environnemental', 'prix'];[35.0, 15.0, 50.0];;True;600000.0;False;;;;26-94757;;750000.0;;LOT-0000;18143000;;1;9.0;;Fourniture d'EPI (équipements de protection individuelle) de la tête et d'EPI divers du corps pour les besoins des services de la Métropole de Lyon et des adhérents de la Centrale d'achat territoriale;ouverte;26DRHMG009;;;;False;True;False;750000.0;7229.0;(Autre) Collectivité territoriale ;10 000  et plus ;False;2015-01-01;84.11Z;2008;5710.0;SAS, société par actions simplifiée;3  à  5;False;<NA>;2008;L;68;68.3;68.32;68.32A;2010-05-01;(45.868265, 4.912958);Miribel;Ain;Auvergne-Rhône-Alpes;(45.758093, 4.8544);Lyon;Rhône;Auvergne-Rhône-Alpes;;;;;;;;
False;;;False;False;False;attribue;{'StreetName': '199-201, rue Colbert, Centre Vauban', 'AdditionalStreetName': None, 'CityName': 'LILLE', 'PostalZone': '59000', 'Country': 'FRA'};448113514;True;FEREST ING.;FEREST ING.;2026-10-02;{'StreetName': '45 rue Villon', 'AdditionalStreetName': None, 'CityName': 'Lyon cedex 08', 'PostalZone': '69373', 'Country': 'FRA'};266900273;True;HOSPICES CIVILS DE LYON;Hospices Civils de Lyon;;;services;"[""Montant forfaitaire de l'offre""]";['prix'];[100];98.0;False;;False;{'StreetName': None, 'CityName': 'BRON', 'PostalZone': None, 'NUTS': 'FRK26', 'Country': 'FRA'};;;26-94842;;124765.0;;LOT-0001;71300000;;1;4.0;;GROUPEMENT HOSPITALIER EST BATIMENT B10 – CENTRALE DE SECOURS REMPLACEMENT DE 2 GROUPES ELECTROGÈNES MAITRISE D’ŒUVRE OPERATION N° 31-0351;ouverte;;;;;False;False;False;124765.0;7364.0;Établissement d'hospitalisation ;10 000  et plus ;False;1974-03-01;86.10Z;2008;5710.0;SAS, société par actions simplifiée;20  à  49;False;<NA>;2008;M;71;71.1;71.12;71.12B;2003-04-01;(50.634702, 3.040719);Lille;Nord;Hauts-de-France;(45.743187, 4.865373);Lyon;Rhône;Auvergne-Rhône-Alpes;;;;;;;;
False;;;False;True;False;attribue;{'StreetName': None, 'AdditionalStreetName': None, 'CityName': 'LYON', 'PostalZone': '69304', 'Country': 'FRA'};392631248;True;LINDE FRANCE;LINDE;2026-10-02;{'StreetName': 'BP 80 436', 'AdditionalStreetName': None, 'CityName': 'Villefranche sur saone', 'PostalZone': '69655', 'Country': 'FRA'};266900257;True;CTRE HOSPITALIER VILLEFRANCHE S SAONE;HOPITAL NORD OUEST - VILLEFRANCHE SUR SAONE;;;fournitures;"['VALEUR TECHNIQUE', 'COUT DE LA PRESTATION', ""QUALITE ET SECURITE DE L'ENVIRONNEMENT"", 'DEVELOPPEMENT DURABLE ET RESPONSABILITE SOCIALE']";['technique', 'prix', 'environnemental', 'environnemental & social'];[35.0, 30.0, 25.0, 10.0];1440.0;True;0.0;False;;;;26-94651;;88128.0;0.0;LOT-0001;24111500;;2;1.0;;FOURNITURE DE VIDE MEDICAL ET CENTRALE D'AIR MEDICAL POUR LES HOPITAUX NORD OUEST TARARE - GRANDRIS;ouverte;2026AO018;;;;True;False;False;88128.0;7364.0;Établissement d'hospitalisation ;2 000  à  4 999;False;1982-01-01;86.10Z;2008;5599.0;SA à conseil d'administration (s.a.i.);500  à  999;False;<NA>;2008;C;20;20.1;20.11;20.11Z;1993-09-01;;Lyon;Rhône;Auvergne-Rhône-Alpes;(45.98476, 4.733113);Villefranche-sur-Saône;Rhône;Auvergne-Rhône-Alpes;;;;;;;;
False;;;False;True;False;non attribue;;;False;;;2026-10-02;{'StreetName': 'BP 80 436', 'AdditionalStreetName': None, 'CityName': 'Villefranche sur saone', 'PostalZone': '69655', 'Country': 'FRA'};266900257;True;CTRE HOSPITALIER VILLEFRANCHE S SAONE;HOPITAL NORD OUEST - VILLEFRANCHE SUR SAONE;;;fournitures;"['VALEUR TECHNIQUE', 'COUT DE LA PRESTATION', 'DEVELOPPEMENT DURABLE ET RESPONSABILITE SOCIALE', ""QUALITE ET SECURITE DE L'ENVIRONNEMENT""]";['technique', 'prix', 'environnemental & social', 'environnemental'];[35.0, 30.0, 10.0, 25.0];1440.0;True;0.0;False;{'StreetName': None, 'CityName': 'TARARE', 'PostalZone': '69170', 'NUTS': 'FRK26', 'Country': 'FRA'};;;26-94651;;;;LOT-0002;24111500;;2;1.0;;FOURNITURE DE VIDE MEDICAL ET CENTRALE D'AIR MEDICAL POUR LES HOPITAUX NORD OUEST TARARE - GRANDRIS;ouverte;2026AO018;;;;True;False;False;88128.0;7364.0;Établissement d'hospitalisation ;2 000  à  4 999;False;1982-01-01;86.10Z;2008;;;;;;<NA>;;;;;<NA>;<NA>;;;;;(45.98476, 4.733113);Villefranche-sur-Saône;Rhône;Auvergne-Rhône-Alpes;;;;;;;;
False;;;False;True;False;attribue;{'StreetName': None, 'AdditionalStreetName': None, 'CityName': 'Wissembourg', 'PostalZone': '67166', 'Country': 'FRA'};311020911;True;BRUKER FRANCE;BRUKER France;2026-10-02;{'StreetName': 'BP 80 436', 'AdditionalStreetName': None, 'CityName': 'Villefranche sur saone', 'PostalZone': '69655', 'Country': 'FRA'};266900257;True;CTRE HOSPITALIER VILLEFRANCHE S SAONE;HOPITAL NORD OUEST - VILLEFRANCHE SUR SAONE;;;fournitures;"['prix', 'valeur technique', 'Service après-vente et commercial', ""Performance environnementale de l'offre""]";['prix', 'technique', 'qualite', 'environnemental'];[30.0, 50.0, 10.0, 10.0];1440.0;True;0.0;False;{'StreetName': None, 'CityName': 'villefranche sur saone', 'PostalZone': '69400', 'NUTS': 'FRK26', 'Country': 'FRA'};sans remise en concurrence;;26-94631;;5033.24;0.0;LOT-0001;33696500;;5;1.0;;FOURNITURE DE REACTIFS BACTERIO-HEMATOLOGIE - BIOCHIMIE ET HEMOSTASE - RELANCE LOTS 16 ET 18 ET AJOUT LOTS 24-25-26;ouverte;2026AO050;;;;True;False;False;28807.24;7364.0;Établissement d'hospitalisation ;2 000  à  4 999;False;1982-01-01;86.10Z;2008;5710.0;SAS, société par actions simplifiée;250  à  499;False;<NA>;2008;C;26;26.5;26.51;26.51B;1977-01-01;;Wissembourg;Bas-Rhin;Grand Est;(45.98476, 4.733113);Villefranche-sur-Saône;Rhône;Auvergne-Rhône-Alpes;;;;;;;;
False;;;False;True;False;attribue;{'StreetName': None, 'AdditionalStreetName': None, 'CityName': 'NEMOURS', 'PostalZone': '77140', 'Country': 'FRA'};857200885;True;LABELIANS;LABELIANS;2026-10-02;{'StreetName': 'BP 80 436', 'AdditionalStreetName': None, 'CityName': 'Villefranche sur saone', 'PostalZone': '69655', 'Country': 'FRA'};266900257;True;CTRE HOSPITALIER VILLEFRANCHE S SAONE;HOPITAL NORD OUEST - VILLEFRANCHE SUR SAONE;;;fournitures;"['prix', 'valeur technique', 'Service après-vente et commercial', ""Performance environnementale de l'offre""]";['prix', 'technique', 'qualite', 'environnemental'];[30.0, 50.0, 10.0, 10.0];1440.0;True;0.0;False;{'StreetName': None, 'CityName': 'villefranche sur saone', 'PostalZone': '69400', 'NUTS': 'FRK26', 'Country': 'FRA'};sans remise en concurrence;;26-94631;;2252.92;;LOT-0002;33696500;;5;4.0;;FOURNITURE DE REACTIFS BACTERIO-HEMATOLOGIE - BIOCHIMIE ET HEMOSTASE - RELANCE LOTS 16 ET 18 ET AJOUT LOTS 24-25-26;ouverte;2026AO050;;;;True;False;False;28807.24;7364.0;Établissement d'hospitalisation ;2 000  à  4 999;False;1982-01-01;86.10Z;2008;5710.0;SAS, société par actions simplifiée;100  à  199;False;<NA>;2008;G;46;46.4;46.46;46.46Z;1957-01-01;;Nemours;Seine-et-Marne;Île-de-France;(45.98476, 4.733113);Villefranche-sur-Saône;Rhône;Auvergne-Rhône-Alpes;;;;;;;;
False;;;False;True;False;attribue;{'StreetName': None, 'AdditionalStreetName': None, 'CityName': 'Marnes-la-Coquette', 'PostalZone': '92430', 'Country': 'FRA'};449990712;True;BIO-RAD FRANCE;Bio-Rad France S.A.S;2026-10-02;{'StreetName': 'BP 80 436', 'AdditionalStreetName': None, 'CityName': 'Villefranche sur saone', 'PostalZone': '69655', 'Country': 'FRA'};266900257;True;CTRE HOSPITALIER VILLEFRANCHE S SAONE;HOPITAL NORD OUEST - VILLEFRANCHE SUR SAONE;;;fournitures;"['prix', 'valeur technique', 'Service après-vente et commercial', ""Performance environnementale de l'offre""]";['prix', 'technique', 'qualite', 'environnemental'];[30.0, 50.0, 10.0, 10.0];1440.0;True;0.0;False;{'StreetName': None, 'CityName': 'villefranche sur saone', 'PostalZone': '69400', 'NUTS': 'FRK26', 'Country': 'FRA'};sans remise en concurrence;;26-94631;;5536.0;;LOT-0003;33696500;;5;1.0;;FOURNITURE DE REACTIFS BACTERIO-HEMATOLOGIE - BIOCHIMIE ET HEMOSTASE - RELANCE LOTS 16 ET 18 ET AJOUT LOTS 24-25-26;ouverte;2026AO050;;;;True;False;False;28807.24;7364.0;Établissement d'hospitalisation ;2 000  à  4 999;False;1982-01-01;86.10Z;2008;5710.0;SAS, société par actions simplifiée;100  à  199;False;<NA>;2008;G;46;46.4;46.46;46.46Z;2003-09-10;;Marnes-la-Coquette;Hauts-de-Seine;Île-de-France;(45.98476, 4.733113);Villefranche-sur-Saône;Rhône;Auvergne-Rhône-Alpes;;;;;;;;
False;;;False;True;False;attribue;{'StreetName': None, 'AdditionalStreetName': None, 'CityName': 'Boulogne-Billancourt', 'PostalZone': '92100', 'Country': 'FRA'};384641155;True;LABORATOIRES NEPHROTEK;Laboratoires NEPHROTEK;2026-10-02;{'StreetName': 'BP 80 436', 'AdditionalStreetName': None, 'CityName': 'Villefranche sur saone', 'PostalZone': '69655', 'Country': 'FRA'};266900257;True;CTRE HOSPITALIER VILLEFRANCHE S SAONE;HOPITAL NORD OUEST - VILLEFRANCHE SUR SAONE;;;fournitures;"['prix', 'valeur technique', 'Service après-vente et commercial', ""Performance environnementale de l'offre""]";['prix', 'technique', 'qualite', 'environnemental'];[30.0, 50.0, 10.0, 10.0];1440.0;True;0.0;False;{'StreetName': None, 'CityName': 'villefranche sur saone', 'PostalZone': '69400', 'NUTS': 'FRK26', 'Country': 'FRA'};sans remise en concurrence;;26-94631;;18238.0;;LOT-0004;33696500;;5;2.0;;FOURNITURE DE REACTIFS BACTERIO-HEMATOLOGIE - BIOCHIMIE ET HEMOSTASE - RELANCE LOTS 16 ET 18 ET AJOUT LOTS 24-25-26;ouverte;2026AO050;;;;True;False;False;28807.24;7364.0;Établissement d'hospitalisation ;2 000  à  4 999;False;1982-01-01;86.10Z;2008;5710.0;SAS, société par actions simplifiée;10  à  19;<NA>;<NA>;2008;G;47;47.7;47.74;47.74Z;1992-01-02;;Boulogne-Billancourt;Hauts-de-Seine;Île-de-France;(45.98476, 4.733113);Villefranche-sur-Saône;Rhône;Auvergne-Rhône-Alpes;;;;;;;;
False;;;False;True;False;non attribue;;;False;;;2026-10-02;{'StreetName': 'BP 80 436', 'AdditionalStreetName': None, 'CityName': 'Villefranche sur saone', 'PostalZone': '69655', 'Country': 'FRA'};266900257;True;CTRE HOSPITALIER VILLEFRANCHE S SAONE;HOPITAL NORD OUEST - VILLEFRANCHE SUR SAONE;;;fournitures;"['prix', 'valeur technique', 'Service après-vente et commercial', ""Performance environnementale de l'offre""]";['prix', 'technique', 'qualite', 'environnemental'];[30.0, 50.0, 10.0, 10.0];1440.0;True;0.0;False;{'StreetName': None, 'CityName': 'villefranche sur saone', 'PostalZone': '69400', 'NUTS': 'FRK26', 'Country': 'FRA'};sans remise en concurrence;;26-94631;;;;LOT-0005;33696500;;5;3.0;;FOURNITURE DE REACTIFS BACTERIO-HEMATOLOGIE - BIOCHIMIE ET HEMOSTASE - RELANCE LOTS 16 ET 18 ET AJOUT LOTS 24-25-26;ouverte;2026AO050;;;;True;False;False;28807.24;7364.0;Établissement d'hospitalisation ;2 000  à  4 999;False;1982-01-01;86.10Z;2008;;;;;;<NA>;;;;;<NA>;<NA>;;;;;(45.98476, 4.733113);Villefranche-sur-Saône;Rhône;Auvergne-Rhône-Alpes;;;;;;;;
False;['63510000', '98341000', '63515000', '79613000'];;True;True;False;attribue;{'StreetName': '88 bd voltaire', 'AdditionalStreetName': None, 'CityName': 'paris', 'PostalZone': '75011', 'Country': 'FRA'};632032504;False;JANCARTHIER;JANCARTHIER;2026-10-02;{'StreetName': '1 Place de la comédie', 'AdditionalStreetName': None, 'CityName': 'Lyon', 'PostalZone': '69001', 'Country': 'FRA'};339391021;False;OPERA DE LYON;Opéra de Lyon;;;services;"[""Valeur technique de l'offre"", 'Rse', 'Prix']";['technique', 'qualite', 'prix'];[65.0, 5.0, 30.0];;True;1189000.0;False;;sans remise en concurrence;;26-94473;;1113000.0;;LOT-0001;63510000;1189000.0;2;3.0;3.0;Déplacements et hébergements professionnels pour l'Opéra national de Lyon;ouverte;2026_02-VOY-OP;3.0;;;False;True;False;;9220.0;Association déclarée ;250  à  499;True;1986-09-08;90.01Z;2008;5710.0;SAS, société par actions simplifiée;50  à  99;False;<NA>;2008;N;79;79.1;79.11;79.11Z;1963-01-01;(48.860464, 2.375292);Paris;Paris;Île-de-France;(45.767808, 4.835757);Lyon;Rhône;Auvergne-Rhône-Alpes;;;;;;;;
False;['79613000', '98341000', '63515000', '79613000'];;True;True;False;attribue;"{'StreetName': ""19 rue de l'avenir"", 'AdditionalStreetName': None, 'CityName': 'genas', 'PostalZone': '69740', 'Country': 'FRA'}";821180841;False;TVSE;TVSE;2026-10-02;{'StreetName': '1 Place de la comédie', 'AdditionalStreetName': None, 'CityName': 'Lyon', 'PostalZone': '69001', 'Country': 'FRA'};339391021;False;OPERA DE LYON;Opéra de Lyon;;;services;"[""Valeur technique de l'offre"", 'Rse', 'Prix']";['technique', 'qualite', 'prix'];[65.0, 5.0, 30.0];;True;1189000.0;False;;sans remise en concurrence;;26-94473;;76000.0;;LOT-0002;63510000;1189000.0;2;3.0;3.0;Déplacements et hébergements professionnels pour l'Opéra national de Lyon;ouverte;2026_02-VOY-OP;3.0;;;False;True;False;;9220.0;Association déclarée ;250  à  499;True;1986-09-08;90.01Z;2008;5710.0;SAS, société par actions simplifiée;1  ou  2;False;<NA>;2008;H;49;49.3;49.39;49.39A;2016-06-22;(45.719551, 4.980115);Genas;Rhône;Auvergne-Rhône-Alpes;(45.767808, 4.835757);Lyon;Rhône;Auvergne-Rhône-Alpes;;;;;;;;
False;['71621000'];;True;False;False;attribue;{'StreetName': '40 Av Des Terroirs De France', 'AdditionalStreetName': None, 'CityName': 'Paris 12', 'PostalZone': '75012', 'Country': 'FRA'};349428755;False;WSP FRANCE;WSP FRANCE;2026-10-02;{'StreetName': 'Hôtel du Département', 'AdditionalStreetName': '3 esplanade Jean Moulin', 'CityName': 'Bobigny', 'PostalZone': '93000', 'Country': 'FRA'};229300082;False;DEPARTEMENT DE LA SEINE SAINT DENIS;Département de la Seine-Saint-Denis;;2026-10-01+02:00;services;['Critère 2 : Valeur technique', 'Critère 3 : Valeur environnementale', 'Critère 1 : Prix'];['technique', 'environnemental', 'prix'];[50.0, 10.0, 40.0];1440.0;True;1500000.0;False;;sans remise en concurrence;;26-94409;;1500000.0;;LOT-0000;71621000;1500000.0;1;4.0;;Assistance technique pour l'analyse des impacts des chantiers sur les mobilités et optimisation des flux de déplacement;ouverte;2026930018;;;;False;True;False;1500000.0;7220.0;Département ;5 000  à  9 999;False;1982-01-01;84.11Z;2008;5710.0;SAS, société par actions simplifiée;250  à  499;False;<NA>;2008;M;71;71.1;71.12;71.12B;1989-01-05;(48.831912, 2.388676);Paris;Paris;Île-de-France;(48.905808, 2.451704);Bobigny;Seine-Saint-Denis;Île-de-France;;;;;;;;
False;['71900000'];;True;False;False;attribue;{'StreetName': '9 Av De Laponie', 'AdditionalStreetName': None, 'CityName': 'Les Ulis', 'PostalZone': '91940', 'Country': 'FRA'};505030841;False;EUROFINS HYDROLOGIE IDF;EUROFINS HYDROLOGIE IDF;2026-10-02;{'StreetName': 'Hôtel du Département', 'AdditionalStreetName': '3 esplanade Jean Moulin', 'CityName': 'Bobigny', 'PostalZone': '93000', 'Country': 'FRA'};229300082;False;DEPARTEMENT DE LA SEINE SAINT DENIS;Département de la Seine-Saint-Denis;;2026-08-31+02:00;services;['Critère 1 : Valeur technique', 'Critère 3 : Valeur environnementale', 'Critère 2 : Prix'];['technique', 'environnemental', 'prix'];[40.0, 20.0, 40.0];1440.0;True;800000.0;False;;sans remise en concurrence;;26-94471;;800000.0;;LOT-0000;71620000;800000.0;1;2.0;;Prestations d'analyses d'eau et de solides en lien avec l'assainissement;ouverte;2026930069;;;;False;True;False;800000.0;7220.0;Département ;5 000  à  9 999;False;1982-01-01;84.11Z;2008;5710.0;SAS, société par actions simplifiée;50  à  99;False;<NA>;2008;M;71;71.2;71.2;71.20B;2008-06-16;(48.688703, 2.202115);Les Ulis;Essonne;Île-de-France;(48.905808, 2.451704);Bobigny;Seine-Saint-Denis;Île-de-France;;;;;;;;
False;['45330000', '44115200', '50721000'];;True;False;False;attribue;{'StreetName': None, 'AdditionalStreetName': None, 'CityName': '33167', 'PostalZone': '33270', 'Country': 'FRA'};315871640;True;IDEX ENERGIES;IDEX ENERGIES;2026-10-02;{'StreetName': '42 place Abel Surchamps - BP 200', 'AdditionalStreetName': None, 'CityName': 'Libourne cedex', 'PostalZone': '33505', 'Country': 'FRA'};213302433;True;COMMUNE DE LIBOURNE;Ville de Libourne;;;services;"[""Valeur technique de l'offre liée à l'exploitation"", 'Engagement du candidat sur la réduction des consommations énergétiques et la décarbonation', 'Pertinence du programme prévisionnel des prestations de gros entretien renouvellement (GER)', ""Démarches visant à l'insertion professionnelle des personnes éloignées de l'emploi"", 'Responsabilité Sociétale des Entreprises (RSE)', 'Prix des prestations : coût global P1+P2+P3 sur la durée du marché']";['technique', 'environnemental', 'qualite', 'social', 'social', 'delai'];[35.0, 13.0, 12.0, 3.0, 2.0, 35.0];3600.0;False;;False;{'StreetName': None, 'CityName': None, 'PostalZone': None, 'NUTS': 'FRI12', 'Country': 'FRA'};;;26-94711;;4666341.33;;LOT-0001;50720000;;1;4.0;;Exploitation et maintenance des installations de chauffage, ventilation, traitement d’air, climatisation, eau chaude sanitaire et traitement d’eau.;ouverte;2026GL03;;;;False;False;False;4666341.33;7210.0;Commune et commune nouvelle ;500  à  999;False;1980-01-01;84.11Z;2008;5710.0;SAS, société par actions simplifiée;2 000  à  4 999;False;False;2008;C;33;33.1;33.11;33.11Z;1976-01-01;;;;;(44.914563, -0.24512);Libourne;Gironde;Nouvelle-Aquitaine;;;;;;;;
False;;;True;True;False;attribue;{'StreetName': '117 avenue de la vallée du Breuchin', 'AdditionalStreetName': None, 'CityName': 'FROIDECONCHE', 'PostalZone': '70300', 'Country': 'FRA'};849661509;True;SAONOISE DE MOBILIERS;SAONOISE DE MOBILIERS;2026-10-02;{'StreetName': '36 avenue Ardouin', 'AdditionalStreetName': None, 'CityName': 'LE PLESSIS-TREVISE', 'PostalZone': '94420', 'Country': 'FRA'};219400595;True;COMMUNE DE LE PLESSIS-TREVISE;Ville du Plessis-Trévise;;2026-10-01+02:00;fournitures;"[""Montant total HT du DQE : L'analyse de ce sous-critère est effectuée sur la base des éléments contractuels fournis au BPU et valorisés dans le détail quantitatif estimatif (DQE). Note = Note maximale x (Prix le plus bas / Prix analysé) : 45 points // Remise catalogue consentie : La remise catalogue consentie sera appréciée sur la base du pourcentage de remise indiqué par le candidat dans son offre. La note attribuée sera calculée selon la formule suivante : Note = Note maximale x (Remise analysée / Meilleure remise)."", 'Organisation logistique mise en oeuvre (à compter de la réception de la commande jusqu\'à son acheminement final) sur 15 points // Modalités de gestion des commandes (description précise du processus de passation, de traitement et de suivi des commandes, présentation des outils de gestion des commandes) sur 15 points // Service après-vente et garanties (organisation du SAV, délais et modalités des garanties proposées, gestion des réclamations et des retours) sur 5 points // Diversité du catalogue proposé sur 5 points // Délais d\'exécution (article "" Délais "" de l\'acte d\'engagement) sur 5 points // Engagements concrets de l\'entreprise en matière de développement durable appliqués à l\'exécution du marché (transport, emballages, mobilier recyclé...) sur 5 points.']";['prix', 'environnemental'];;1440.0;False;;False;{'StreetName': None, 'CityName': 'LE PLESSIS-TREVISE', 'PostalZone': '94420', 'NUTS': 'FR107', 'Country': 'FRA'};sans remise en concurrence;;26-94833;;;;LOT-0001;39160000;960000.0;3;1.0;;Fourniture, livraison et installation de mobilier et équipements de bureau pour les services de la Ville;ouverte;26-05;;;;False;False;False;;7210.0;Commune et commune nouvelle ;250  à  499;False;1980-01-01;84.11Z;2008;5710.0;SAS, société par actions simplifiée;50  à  99;False;<NA>;2008;C;31;31.0;31.01;31.01Z;2019-03-21;(47.827728, 6.416393);Froideconche;Haute-Saône;Bourgogne-Franche-Comté;(48.809286, 2.573442);Le Plessis-Trévise;Val-de-Marne;Île-de-France;;;;;;;;
False;;;True;True;False;attribue;{'StreetName': '117 avenue de la vallée du Breuchin', 'AdditionalStreetName': None, 'CityName': 'FROIDECONCHE', 'PostalZone': '70300', 'Country': 'FRA'};849661509;True;SAONOISE DE MOBILIERS;SAONOISE DE MOBILIERS;2026-10-02;{'StreetName': '36 avenue Ardouin', 'AdditionalStreetName': None, 'CityName': 'LE PLESSIS-TREVISE', 'PostalZone': '94420', 'Country': 'FRA'};219400595;True;COMMUNE DE LE PLESSIS-TREVISE;Ville du Plessis-Trévise;;2026-10-01+02:00;fournitures;"[""Montant total HT du DQE : L'analyse de ce sous-critère est effectuée sur la base des éléments contractuels fournis au BPU et valorisés dans le détail quantitatif estimatif (DQE). Note = Note maximale x (Prix le plus bas / Prix analysé) : 45 points // Remise catalogue consentie : La remise catalogue consentie sera appréciée sur la base du pourcentage de remise indiqué par le candidat dans son offre. La note attribuée sera calculée selon la formule suivante : Note = Note maximale x (Remise analysée / Meilleure remise)."", 'Organisation logistique mise en oeuvre (à compter de la réception de la commande jusqu\'à son acheminement final) sur 15 points // Modalités de gestion des commandes (description précise du processus de passation, de traitement et de suivi des commandes, présentation des outils de gestion des commandes) sur 15 points // Service après-vente et garanties (organisation du SAV, délais et modalités des garanties proposées, gestion des réclamations et des retours) sur 5 points // Diversité du catalogue proposé sur 5 points // Délais d\'exécution (article "" Délais "" de l\'acte d\'engagement) sur 5 points // Engagements concrets de l\'entreprise en matière de développement durable appliqués à l\'exécution du marché (transport, emballages, mobilier recyclé...) sur 5 points.']";['prix', 'environnemental'];;1440.0;False;;False;{'StreetName': None, 'CityName': 'LE PLESSIS-TREVISE', 'PostalZone': '94420', 'NUTS': 'FR107', 'Country': 'FRA'};sans remise en concurrence;;26-94833;;;;LOT-0002;39150000;960000.0;3;2.0;;Fourniture, livraison et installation de mobilier et équipements de bureau pour les services de la Ville;ouverte;26-05;;;;False;False;False;;7210.0;Commune et commune nouvelle ;250  à  499;False;1980-01-01;84.11Z;2008;5710.0;SAS, société par actions simplifiée;50  à  99;False;<NA>;2008;C;31;31.0;31.01;31.01Z;2019-03-21;(47.827728, 6.416393);Froideconche;Haute-Saône;Bourgogne-Franche-Comté;(48.809286, 2.573442);Le Plessis-Trévise;Val-de-Marne;Île-de-France;;;;;;;;
False;;;True;True;False;attribue;{'StreetName': '54 route de Choisy', 'AdditionalStreetName': None, 'CityName': 'COMPIEGNE', 'PostalZone': '60200', 'Country': 'FRA'};379457542;True;GOUJON BUREAU;GOUJON BUREAU;2026-10-02;{'StreetName': '36 avenue Ardouin', 'AdditionalStreetName': None, 'CityName': 'LE PLESSIS-TREVISE', 'PostalZone': '94420', 'Country': 'FRA'};219400595;True;COMMUNE DE LE PLESSIS-TREVISE;Ville du Plessis-Trévise;;2026-10-01+02:00;fournitures;"[""Montant total HT du DQE : L'analyse de ce sous-critère est effectuée sur la base des éléments contractuels fournis au BPU et valorisés dans le détail quantitatif estimatif (DQE). Note = Note maximale x (Prix le plus bas / Prix analysé) : 45 points // Remise catalogue consentie : La remise catalogue consentie sera appréciée sur la base du pourcentage de remise indiqué par le candidat dans son offre. La note attribuée sera calculée selon la formule suivante : Note = Note maximale x (Remise analysée / Meilleure remise)."", 'Organisation logistique mise en oeuvre (à compter de la réception de la commande jusqu\'à son acheminement final) sur 15 points // Modalités de gestion des commandes (description précise du processus de passation, de traitement et de suivi des commandes, présentation des outils de gestion des commandes) sur 15 points // Service après-vente et garanties (organisation du SAV, délais et modalités des garanties proposées, gestion des réclamations et des retours) sur 5 points // Diversité du catalogue proposé sur 5 points // Délais d\'exécution (article "" Délais "" de l\'acte d\'engagement) sur 5 points // Engagements concrets de l\'entreprise en matière de développement durable appliqués à l\'exécution du marché (transport, emballages, mobilier recyclé...) sur 5 points.']";['prix', 'environnemental'];;1440.0;False;;False;{'StreetName': None, 'CityName': 'LE PLESSIS-TREVISE', 'PostalZone': '94420', 'NUTS': 'FR107', 'Country': 'FRA'};sans remise en concurrence;;26-94833;;;;LOT-0003;39130000;960000.0;3;1.0;;Fourniture, livraison et installation de mobilier et équipements de bureau pour les services de la Ville;ouverte;26-05;;;;False;False;False;;7210.0;Commune et commune nouvelle ;250  à  499;False;1980-01-01;84.11Z;2008;5710.0;SAS, société par actions simplifiée;20  à  49;<NA>;<NA>;2008;G;46;46.6;46.65;46.65Z;1990-07-01;(49.42905, 2.855285);Compiègne;Oise;Hauts-de-France;(48.809286, 2.573442);Le Plessis-Trévise;Val-de-Marne;Île-de-France;;;;;;;;
False;['45233140'];;True;False;False;attribue;;;False;;;2026-10-02;{'StreetName': '14 rue Louis Talamoni', 'AdditionalStreetName': None, 'CityName': 'Champigny-sur-Marne', 'PostalZone': '94507', 'Country': 'FRA'};219400173;False;COMMUNE DE CHAMPIGNY SUR MARNE;Mairie de Champigny-sur-Marne;;2026-07-10+02:00;travaux;['Valeur technique', 'Critère environnemental', 'Prix'];['technique', 'environnemental', 'prix'];[50.0, 20.0, 30.0];1440.0;True;60000000.0;False;;avec remise en concurrence;;26-94404;;;;LOT-0000;45233142;60000000.0;1;6.0;;Accord-cadre travaux neufs de voirie et d'espaces publics;ouverte;26F009;3.0;;;False;True;False;;7210.0;Commune et commune nouvelle ;2 000  à  4 999;False;1980-01-01;84.11Z;2008;;;;;;<NA>;;;;;<NA>;<NA>;;;;;(48.813453, 2.510912);Champigny-sur-Marne;Val-de-Marne;Île-de-France;;;;;;;;
False;['72268000', '66133000'];;True;False;False;attribue;{'StreetName': '97 Rue des Moines', 'AdditionalStreetName': None, 'CityName': 'PARIS', 'PostalZone': '75017', 'Country': 'FRA'};832825137;True;PETITSCOMMERCES;PETITSCOMMERCES;2026-10-02;{'StreetName': '4, esplanade Louis Bayeurte', 'AdditionalStreetName': None, 'CityName': 'FONTENAY-SOUS-BOIS CEDEX', 'PostalZone': '94125', 'Country': 'FRA'};219400330;True;COMMUNE DE FONTENAY SOUS BOIS;COMMUNE DE FONTENAY-SOUS-BOIS;;2026-08-25+02:00;services;"['Prix', 'Valeur technique', ""Respect de l'environnement/Développement Durable""]";['prix', 'technique', 'environnemental'];[30.0, 60.0, 10.0];;False;;False;{'StreetName': '4, esplanade Louis Bayeurte', 'CityName': 'FONTENAY-SOUS-BOIS CEDEX', 'PostalZone': '94125', 'NUTS': 'FR101', 'Country': 'FRA'};sans remise en concurrence;;26-94422;;360000.0;;LOT-0001;66172000;360000.0;1;1.0;;Dispositif de cartes cadeaux à destination des agents,;ouverte;PPP1Y5-111/6228/26045;3.0;;;False;False;False;360000.0;7210.0;Commune et commune nouvelle ;1 000  à  1 999;False;1980-01-01;84.11Z;2008;5710.0;SAS, société par actions simplifiée;3  à  5;<NA>;<NA>;2008;J;62;62.0;62.01;62.01Z;2017-10-06;(48.892574, 2.322577);Paris;Paris;Île-de-France;(48.848989, 2.474761);Fontenay-sous-Bois;Val-de-Marne;Île-de-France;;;;;;;;
False;;;True;True;False;attribue;{'StreetName': None, 'AdditionalStreetName': None, 'CityName': 'ISQUES', 'PostalZone': '62360', 'Country': 'FRA'};323590786;True;CENTRE DE FORMATION TRANSPORT;CENTRE DE FORMATION TRANSPORT;2026-10-02;{'StreetName': 'Place Gambetta', 'AdditionalStreetName': None, 'CityName': 'Montreuil', 'PostalZone': '62170', 'Country': 'FRA'};200069029;True;CA DES DEUX BAIES EN MONTREUILLOIS;"CA2BM - Communauté d&#039;Agglomération des deux Baies en Montreuillois";;;services;['PRIX DES PRESTATIONS', 'VALEUR TECHNIQUE'];['prix', 'technique'];[60.0, 40.0];1440.0;False;;False;{'StreetName': None, 'CityName': None, 'PostalZone': None, 'NUTS': 'FRE12', 'Country': 'FRA'};sans remise en concurrence;;26-94778;;80000.0;;LOT-0001;80330000;238000.0;9;5.0;;PRESTATIONS DE FORMATIONS SECURITE ET SECOURS;ouverte;CA2BM-2025-38;3.0;;;False;False;False;;7348.0;Communauté d'agglomération ;250  à  499;False;2017-01-01;84.11Z;2008;5710.0;SAS, société par actions simplifiée;50  à  99;False;<NA>;2008;P;85;85.5;85.53;85.53Z;1982-01-01;;Isques;Pas-de-Calais;Hauts-de-France;(50.464147, 1.763022);Montreuil-sur-Mer;Pas-de-Calais;Hauts-de-France;;;;;;;;
False;;;True;True;False;attribue;{'StreetName': None, 'AdditionalStreetName': None, 'CityName': 'ISQUES', 'PostalZone': '62360', 'Country': 'FRA'};323590786;True;CENTRE DE FORMATION TRANSPORT;CENTRE DE FORMATION TRANSPORT;2026-10-02;{'StreetName': 'Place Gambetta', 'AdditionalStreetName': None, 'CityName': 'Montreuil', 'PostalZone': '62170', 'Country': 'FRA'};200069029;True;CA DES DEUX BAIES EN MONTREUILLOIS;"CA2BM - Communauté d&#039;Agglomération des deux Baies en Montreuillois";;;services;['PRIX DES PRESTATIONS', 'VALEUR TECHNIQUE'];['prix', 'technique'];[60.0, 40.0];1440.0;False;;False;{'StreetName': None, 'CityName': None, 'PostalZone': None, 'NUTS': 'FRE12', 'Country': 'FRA'};sans remise en concurrence;;26-94778;;6000.0;;LOT-0002;80510000;238000.0;9;11.0;;PRESTATIONS DE FORMATIONS SECURITE ET SECOURS;ouverte;CA2BM-2025-38;3.0;;;False;False;False;;7348.0;Communauté d'agglomération ;250  à  499;False;2017-01-01;84.11Z;2008;5710.0;SAS, société par actions simplifiée;50  à  99;False;<NA>;2008;P;85;85.5;85.53;85.53Z;1982-01-01;;Isques;Pas-de-Calais;Hauts-de-France;(50.464147, 1.763022);Montreuil-sur-Mer;Pas-de-Calais;Hauts-de-France;;;;;;;;
False;;;True;True;False;attribue;{'StreetName': None, 'AdditionalStreetName': None, 'CityName': 'MARCONELLE', 'PostalZone': '62140', 'Country': 'FRA'};880346234;True;SASU SEBASTIEN GAMBIER;SASU SEBASTIEN GAMBIER;2026-10-02;{'StreetName': 'Place Gambetta', 'AdditionalStreetName': None, 'CityName': 'Montreuil', 'PostalZone': '62170', 'Country': 'FRA'};200069029;True;CA DES DEUX BAIES EN MONTREUILLOIS;"CA2BM - Communauté d&#039;Agglomération des deux Baies en Montreuillois";;;services;['PRIX DES PRESTATIONS', 'VALEUR TECHNIQUE'];['prix', 'technique'];[60.0, 40.0];1440.0;False;;False;{'StreetName': None, 'CityName': None, 'PostalZone': None, 'NUTS': 'FRE12', 'Country': 'FRA'};sans remise en concurrence;;26-94778;;16000.0;;LOT-0003;80510000;238000.0;9;12.0;;PRESTATIONS DE FORMATIONS SECURITE ET SECOURS;ouverte;CA2BM-2025-38;3.0;;;False;False;False;;7348.0;Communauté d'agglomération ;250  à  499;False;2017-01-01;84.11Z;2008;5710.0;SAS, société par actions simplifiée;1  ou  2;False;<NA>;2008;P;85;85.5;85.59;85.59B;2020-01-01;;Marconnelle;Pas-de-Calais;Hauts-de-France;(50.464147, 1.763022);Montreuil-sur-Mer;Pas-de-Calais;Hauts-de-France;;;;;;;;
False;;;True;True;False;attribue;{'StreetName': None, 'AdditionalStreetName': None, 'CityName': 'COURRIERES', 'PostalZone': '62710', 'Country': 'FRA'};799752050;True;FM FORMATION;FM FORMATION;2026-10-02;{'StreetName': 'Place Gambetta', 'AdditionalStreetName': None, 'CityName': 'Montreuil', 'PostalZone': '62170', 'Country': 'FRA'};200069029;True;CA DES DEUX BAIES EN MONTREUILLOIS;"CA2BM - Communauté d&#039;Agglomération des deux Baies en Montreuillois";;;services;['PRIX DES PRESTATIONS', 'VALEUR TECHNIQUE'];['prix', 'technique'];[60.0, 40.0];1440.0;False;;False;{'StreetName': None, 'CityName': None, 'PostalZone': None, 'NUTS': 'FRE12', 'Country': 'FRA'};sans remise en concurrence;;26-94778;;4000.0;;LOT-0004;80510000;238000.0;9;6.0;;PRESTATIONS DE FORMATIONS SECURITE ET SECOURS;ouverte;CA2BM-2025-38;3.0;;;False;False;False;;7348.0;Communauté d'agglomération ;250  à  499;False;2017-01-01;84.11Z;2008;5710.0;SAS, société par actions simplifiée;3  à  5;False;<NA>;2008;P;85;85.5;85.59;85.59A;2014-01-20;;Courrières;Pas-de-Calais;Hauts-de-France;(50.464147, 1.763022);Montreuil-sur-Mer;Pas-de-Calais;Hauts-de-France;;;;;;;;
False;;;True;True;False;attribue;{'StreetName': None, 'AdditionalStreetName': None, 'CityName': 'ISQUES', 'PostalZone': '62360', 'Country': 'FRA'};323590786;True;CENTRE DE FORMATION TRANSPORT;CENTRE DE FORMATION TRANSPORT;2026-10-02;{'StreetName': 'Place Gambetta', 'AdditionalStreetName': None, 'CityName': 'Montreuil', 'PostalZone': '62170', 'Country': 'FRA'};200069029;True;CA DES DEUX BAIES EN MONTREUILLOIS;"CA2BM - Communauté d&#039;Agglomération des deux Baies en Montreuillois";;;services;['PRIX DES PRESTATIONS', 'VALEUR TECHNIQUE'];['prix', 'technique'];[60.0, 40.0];1440.0;False;;False;{'StreetName': None, 'CityName': None, 'PostalZone': None, 'NUTS': 'FRE12', 'Country': 'FRA'};sans remise en concurrence;;26-94778;;120000.0;;LOT-0005;80411200;238000.0;9;3.0;;PRESTATIONS DE FORMATIONS SECURITE ET SECOURS;ouverte;CA2BM-2025-38;3.0;;;False;False;False;;7348.0;Communauté d'agglomération ;250  à  499;False;2017-01-01;84.11Z;2008;5710.0;SAS, société par actions simplifiée;50  à  99;False;<NA>;2008;P;85;85.5;85.53;85.53Z;1982-01-01;;Isques;Pas-de-Calais;Hauts-de-France;(50.464147, 1.763022);Montreuil-sur-Mer;Pas-de-Calais;Hauts-de-France;;;;;;;;
False;;;True;True;False;non attribue;;;False;;;2026-10-02;{'StreetName': 'Place Gambetta', 'AdditionalStreetName': None, 'CityName': 'Montreuil', 'PostalZone': '62170', 'Country': 'FRA'};200069029;True;CA DES DEUX BAIES EN MONTREUILLOIS;"CA2BM - Communauté d&#039;Agglomération des deux Baies en Montreuillois";;;services;['PRIX DES PRESTATIONS', 'VALEUR TECHNIQUE'];['prix', 'technique'];[60.0, 40.0];1440.0;False;;False;{'StreetName': None, 'CityName': None, 'PostalZone': None, 'NUTS': 'FRE12', 'Country': 'FRA'};sans remise en concurrence;;26-94778;;;;LOT-0006;80560000;238000.0;9;23.0;;PRESTATIONS DE FORMATIONS SECURITE ET SECOURS;ouverte;CA2BM-2025-38;3.0;;;False;False;False;;7348.0;Communauté d'agglomération ;250  à  499;False;2017-01-01;84.11Z;2008;;;;;;<NA>;;;;;<NA>;<NA>;;;;;(50.464147, 1.763022);Montreuil-sur-Mer;Pas-de-Calais;Hauts-de-France;;;;;;;;
False;;;True;True;False;non attribue;;;False;;;2026-10-02;{'StreetName': 'Place Gambetta', 'AdditionalStreetName': None, 'CityName': 'Montreuil', 'PostalZone': '62170', 'Country': 'FRA'};200069029;True;CA DES DEUX BAIES EN MONTREUILLOIS;"CA2BM - Communauté d&#039;Agglomération des deux Baies en Montreuillois";;;services;['PRIX DES PRESTATIONS', 'VALEUR TECHNIQUE'];['prix', 'technique'];[60.0, 40.0];1440.0;False;;False;{'StreetName': None, 'CityName': None, 'PostalZone': None, 'NUTS': 'FRE12', 'Country': 'FRA'};sans remise en concurrence;;26-94778;;;;LOT-0007;80610000;238000.0;9;21.0;;PRESTATIONS DE FORMATIONS SECURITE ET SECOURS;ouverte;CA2BM-2025-38;3.0;;;False;False;False;;7348.0;Communauté d'agglomération ;250  à  499;False;2017-01-01;84.11Z;2008;;;;;;<NA>;;;;;<NA>;<NA>;;;;;(50.464147, 1.763022);Montreuil-sur-Mer;Pas-de-Calais;Hauts-de-France;;;;;;;;
False;;;True;True;False;non attribue;;;False;;;2026-10-02;{'StreetName': 'Place Gambetta', 'AdditionalStreetName': None, 'CityName': 'Montreuil', 'PostalZone': '62170', 'Country': 'FRA'};200069029;True;CA DES DEUX BAIES EN MONTREUILLOIS;"CA2BM - Communauté d&#039;Agglomération des deux Baies en Montreuillois";;;services;['PRIX DES PRESTATIONS', 'VALEUR TECHNIQUE'];['prix', 'technique'];[60.0, 40.0];1440.0;False;;False;{'StreetName': None, 'CityName': None, 'PostalZone': None, 'NUTS': 'FRE12', 'Country': 'FRA'};sans remise en concurrence;;26-94778;;;;LOT-0008;80560000;238000.0;9;1.0;;PRESTATIONS DE FORMATIONS SECURITE ET SECOURS;ouverte;CA2BM-2025-38;3.0;;;False;False;False;;7348.0;Communauté d'agglomération ;250  à  499;False;2017-01-01;84.11Z;2008;;;;;;<NA>;;;;;<NA>;<NA>;;;;;(50.464147, 1.763022);Montreuil-sur-Mer;Pas-de-Calais;Hauts-de-France;;;;;;;;
False;;;True;True;False;attribue;{'StreetName': None, 'AdditionalStreetName': None, 'CityName': 'LILLE', 'PostalZone': '59800', 'Country': 'FRA'};837863190;True;INSTITUT NATIONAL DE FORMATION A LA SECURITE - LILLE;INSTITUT NATIONAL DE FORMATION A LA SECURITE - LILLE;2026-10-02;{'StreetName': 'Place Gambetta', 'AdditionalStreetName': None, 'CityName': 'Montreuil', 'PostalZone': '62170', 'Country': 'FRA'};200069029;True;CA DES DEUX BAIES EN MONTREUILLOIS;"CA2BM - Communauté d&#039;Agglomération des deux Baies en Montreuillois";;;services;['PRIX DES PRESTATIONS', 'VALEUR TECHNIQUE'];['prix', 'technique'];[60.0, 40.0];1440.0;False;;False;{'StreetName': None, 'CityName': None, 'PostalZone': None, 'NUTS': 'FRE12', 'Country': 'FRA'};sans remise en concurrence;;26-94778;;12000.0;;LOT-0009;80330000;238000.0;9;3.0;;PRESTATIONS DE FORMATIONS SECURITE ET SECOURS;ouverte;CA2BM-2025-38;3.0;;;False;False;False;;7348.0;Communauté d'agglomération ;250  à  499;False;2017-01-01;84.11Z;2008;5710.0;SAS, société par actions simplifiée;6  à  9;False;<NA>;2008;P;85;85.5;85.59;85.59A;2018-02-27;;Lille;Nord;Hauts-de-France;(50.464147, 1.763022);Montreuil-sur-Mer;Pas-de-Calais;Hauts-de-France;;;;;;;;
False;['77340000'];;True;True;False;attribue;{'StreetName': '156 RUE NATIONALE - PETIT CAMON', 'AdditionalStreetName': None, 'CityName': 'CAMON', 'PostalZone': '80450', 'Country': 'FRA'};903389955;True;ASSOCIATION DE GESTION D'ETABLISSEMENTS ET DE SERVICES MEDICO-SOCIAUX DE LA SOMME;AGESM Les Alençons;2026-10-02;{'StreetName': '1 Rond-Point du Professeur Christian Cabrol', 'AdditionalStreetName': None, 'CityName': 'Amiens cedex 1', 'PostalZone': '80054', 'Country': 'FRA'};268000148;True;CENTRE HOSPITALIER UNIVERSITAIRE;CHU Amiens-Picardie (Etablissement support du GHT SLS);;;services;;;;1440.0;True;;False;{'StreetName': None, 'CityName': None, 'PostalZone': None, 'NUTS': 'FRE23', 'Country': 'FRA'};sans remise en concurrence;;26-94652;;;;LOT-0001;77310000;3250000.0;3;2.0;;Entretien des espaces verts pour le Groupement Hospitalier Somme Littoral Sud – Relance Lots n°1 et 2;ouverte;25TE0213;;;;False;False;False;;7364.0;Établissement d'hospitalisation ;5 000  à  9 999;False;1953-09-02;86.10Z;2008;9220.0;Association déclarée ;1  ou  2;True;<NA>;2008;M;70;70.1;70.1;70.10Z;2021-09-01;(49.917959, 2.358434);Camon;Somme;Hauts-de-France;;;;;;;;;;;;
False;['77340000'];;True;True;False;attribue;{'StreetName': 'RUE DU TROUP AU LOUP', 'AdditionalStreetName': None, 'CityName': 'BERCK SUR MER', 'PostalZone': '62600', 'Country': 'FRA'};509909537;True;GROUPEMENT DE COOPERATION MEDICO SOCIAL ARRAS MONTREUIL SUR MER;GAM – ESAT Les Ateliers du foïer;2026-10-02;{'StreetName': '1 Rond-Point du Professeur Christian Cabrol', 'AdditionalStreetName': None, 'CityName': 'Amiens cedex 1', 'PostalZone': '80054', 'Country': 'FRA'};268000148;True;CENTRE HOSPITALIER UNIVERSITAIRE;CHU Amiens-Picardie (Etablissement support du GHT SLS);;;services;;;;1440.0;True;;False;{'StreetName': None, 'CityName': None, 'PostalZone': None, 'NUTS': 'FRE12', 'Country': 'FRA'};sans remise en concurrence;;26-94652;;;;LOT-0002;77310000;3250000.0;3;1.0;;Entretien des espaces verts pour le Groupement Hospitalier Somme Littoral Sud – Relance Lots n°1 et 2;ouverte;25TE0213;;;;False;False;False;;7364.0;Établissement d'hospitalisation ;5 000  à  9 999;False;1953-09-02;86.10Z;2008;9220.0;Association déclarée ;1 000  à  1 999;True;<NA>;2008;Q;87;87.2;87.2;87.20A;2009-01-01;(50.405608, 1.586824);Berck;Pas-de-Calais;Hauts-de-France;;;;;;;;;;;;
False;['77340000'];;True;True;False;attribue;{'StreetName': '5-7 RUE PIERRE ROLLIN', 'AdditionalStreetName': None, 'CityName': 'AMIENS', 'PostalZone': '80090', 'Country': 'FRA'};200013217;True;ETS PUBLIC SOCIAL MEDICO-SOCIAL INTERCOMMUNAL AMIENS GEZAINCOURT;EPSOMS;2026-10-02;{'StreetName': '1 Rond-Point du Professeur Christian Cabrol', 'AdditionalStreetName': None, 'CityName': 'Amiens cedex 1', 'PostalZone': '80054', 'Country': 'FRA'};268000148;True;CENTRE HOSPITALIER UNIVERSITAIRE;CHU Amiens-Picardie (Etablissement support du GHT SLS);;;services;;;;1440.0;True;;False;{'StreetName': None, 'CityName': None, 'PostalZone': None, 'NUTS': 'FRE23', 'Country': 'FRA'};sans remise en concurrence;;26-94652;;;;LOT-0003;77310000;3250000.0;3;2.0;;Entretien des espaces verts pour le Groupement Hospitalier Somme Littoral Sud – Relance Lots n°1 et 2;ouverte;25TE0213;;;;False;False;False;;7364.0;Établissement d'hospitalisation ;5 000  à  9 999;False;1953-09-02;86.10Z;2008;7366.0;Établissement public local social et médico-social ;500  à  999;False;<NA>;2008;Q;88;88.9;88.99;88.99B;2008-01-01;(49.876601, 2.313702);Amiens;Somme;Hauts-de-France;;;;;;;;;;;;
False;['60130000'];;True;False;False;attribue;{'StreetName': '1 Rue Des Ecluses', 'AdditionalStreetName': None, 'CityName': 'Holque', 'PostalZone': '59143', 'Country': 'FRA'};077250314;False;AUTOCARS SCHOONAERT;AUTOCARS SCHOONAERT;2026-10-02;{'StreetName': '2 Rue Albert Camus', 'AdditionalStreetName': 'Cs 20079', 'CityName': 'Longuenesse', 'PostalZone': '62968', 'Country': 'FRA'};200069037;False;CA DU PAYS DE SAINT-OMER;COMMUNAUTE D'AGGLOMERATION DU PAYS DE SAINT-OMER;;2026-09-01+02:00;services;['Valeur technique', 'Prix des prestations'];['technique', 'prix'];[40.0, 60.0];;False;58900.0;False;;sans remise en concurrence;;26-94819;;250000.0;;LOT-0000;60130000;250000.0;1;1.0;;Services de transports occasionnels - lot 2;ouverte;2026-18;3.0;;;False;False;False;250000.0;7348.0;Communauté d'agglomération ;500  à  999;False;2017-01-01;84.11Z;2008;5710.0;SAS, société par actions simplifiée;100  à  199;False;<NA>;2008;H;49;49.3;49.39;49.39A;1972-01-01;(50.84164, 2.207883);Holque;Nord;Hauts-de-France;(50.738635, 2.275445);Longuenesse;Pas-de-Calais;Hauts-de-France;;;;;;;;
False;['98310000'];;True;True;False;attribue;{'StreetName': '18 Rue Hoche', 'AdditionalStreetName': None, 'CityName': 'Puteaux', 'PostalZone': '92800', 'Country': 'FRA'};693001091;False;ELIS SERVICES;ELIS SERVICES;2026-10-02;{'StreetName': '9 Square du Général Leclerc', 'AdditionalStreetName': None, 'CityName': 'Bolbec', 'PostalZone': '76210', 'Country': 'FRA'};['552081317', '217601145'];False;;Groupement de commandes Commune et CCAS de Bolbec;;;services;"[""Valeur technique de l'offre"", ""Performances en matière de protection de l'environnement"", 'Prix']";['technique', 'environnemental', 'prix'];[30.0, 10.0, 60.0];;True;396000.0;False;;sans remise en concurrence;;26-94760;;80000.0;;LOT-0001;98310000;396000.0;2;2.0;;ENTRETIEN DES VETEMENTS DE TRAVAIL ET EPI POUR LA COMMUNE ET LE CCAS DE BOLBEC;ouverte;26026;3.0;;;False;True;False;;;;;;<NA>;<NA>;<NA>;5710.0;SAS, société par actions simplifiée;500  à  999;False;<NA>;2008;N;82;82.9;82.99;82.99Z;1900-01-01;(48.890682, 2.233421);Puteaux;Hauts-de-Seine;Île-de-France;(49.573863, 0.474307);Bolbec;Seine-Maritime;Normandie;;;;;;;;
False;['98310000'];;True;True;False;attribue;{'StreetName': '18 Rue Hoche', 'AdditionalStreetName': None, 'CityName': 'Puteaux', 'PostalZone': '92800', 'Country': 'FRA'};693001091;False;ELIS SERVICES;ELIS SERVICES;2026-10-02;{'StreetName': '9 Square du Général Leclerc', 'AdditionalStreetName': None, 'CityName': 'Bolbec', 'PostalZone': '76210', 'Country': 'FRA'};['552081317', '217601145'];False;;Groupement de commandes Commune et CCAS de Bolbec;;;services;"[""Valeur technique de l'offre"", ""Performances en matière de protection de l'environnement"", 'Prix']";['technique', 'environnemental', 'prix'];[30.0, 10.0, 60.0];;True;396000.0;False;;sans remise en concurrence;;26-94760;;316000.0;;LOT-0002;98310000;396000.0;2;2.0;;ENTRETIEN DES VETEMENTS DE TRAVAIL ET EPI POUR LA COMMUNE ET LE CCAS DE BOLBEC;ouverte;26026;3.0;;;False;True;False;;;;;;<NA>;<NA>;<NA>;5710.0;SAS, société par actions simplifiée;500  à  999;False;<NA>;2008;N;82;82.9;82.99;82.99Z;1900-01-01;(48.890682, 2.233421);Puteaux;Hauts-de-Seine;Île-de-France;(49.573863, 0.474307);Bolbec;Seine-Maritime;Normandie;;;;;;;;
False;['72212321'];;False;False;False;attribue;{'StreetName': '41-45 Boulevard Romain Rolland', 'AdditionalStreetName': None, 'CityName': 'Paris', 'PostalZone': '75014', 'Country': 'FRA'};400212882;False;MAN AND MACHINE;MAN&MACHINE;2026-10-02;{'StreetName': 'Hotel De La Communaute', 'AdditionalStreetName': '19 Rue Georges Braque', 'CityName': 'Le Havre', 'PostalZone': '76085', 'Country': 'FRA'};200084952;False;LE HAVRE SEINE METROPOLE;LE HAVRE SEINE METROPOLE;;2026-09-16+02:00;services;['Valeur technique', 'Prix'];['technique', 'prix'];;360.0;False;360000.0;False;;;;26-94411;;360000.0;;LOT-0000;72267000;;1;1.0;;Souscription de licences pour logiciels de CAO/DAO et maintenance associée;negociee;2026FS-MUTCV-1882290;3.0;;;False;False;False;360000.0;7343.0;Communauté urbaine ;1 000  à  1 999;False;2019-01-01;84.11Z;2008;5499.0;Société à responsabilité limitée (sans autre indication);20  à  49;<NA>;<NA>;2008;J;62;62.0;62.02;62.02A;1995-02-16;(48.821377, 2.333008);Paris;Paris;Île-de-France;(49.495033, 0.104816);Le Havre;Seine-Maritime;Normandie;;;;;;;;
False;['45233293'];;True;False;False;attribue;{'StreetName': '27 Bd Industriel', 'AdditionalStreetName': None, 'CityName': 'Sotteville-Les-Rouen', 'PostalZone': '76300', 'Country': 'FRA'};542057336;False;ASTEN;ASTEN;2026-10-02;{'StreetName': '2 Place Henri Barbusse', 'AdditionalStreetName': None, 'CityName': 'Petit-Quevilly', 'PostalZone': '76140', 'Country': 'FRA'};217604982;False;COMMUNE DU PETIT QUEVILLY;Mairie de Petit-Quevilly;;2026-08-01+02:00;travaux;"['2-Valeur technique - Note sur 10 pondérée à 40%', ""3-Performances en matière de protection de l'environnement - Note sur 10 pondérée à 10%"", '1-Prix des prestations - Note sur 10 pondérée à 50%']";['technique', 'environnemental', 'prix'];[40.0, 10.0, 50.0];360.0;True;;False;;sans remise en concurrence;;26-94761;;;;LOT-0000;45233200;250000.0;1;5.0;;TRAVAUX NEUFS, D'ENTRETIEN ET DE MAINTENANCE DE LA VOIRIE ET DES ESPACES PUBLICS COMMUNAUX;ouverte;26MPQ12;3.0;;;False;True;False;;7210.0;Commune et commune nouvelle ;500  à  999;False;1978-01-01;84.11Z;2008;5710.0;SAS, société par actions simplifiée;250  à  499;False;<NA>;2008;F;43;43.9;43.99;43.99A;1954-01-01;(49.417926, 1.108581);Sotteville-lès-Rouen;Seine-Maritime;Normandie;(49.430248, 1.053095);Le Petit-Quevilly;Seine-Maritime;Normandie;;;;;;;;
False;['45331000'];;True;False;False;attribue;{'StreetName': '13 AVENUE BREZIN', 'AdditionalStreetName': None, 'CityName': 'GARCHES', 'PostalZone': '92380', 'Country': 'FRA'};552090896;True;SOC ANTONA ET COFI;SOC ANTONA ET COFI;2026-10-02;{'StreetName': '185 avenue de Fontainebleau', 'AdditionalStreetName': None, 'CityName': 'Saint-Fargeau-Ponthierry', 'PostalZone': '77310', 'Country': 'FRA'};217704071;True;COMMUNE SAINT FARGEAU PONTHIERRY;Ville de Saint-Fargeau-Ponthierry;;2026-09-21+02:00;services;['Coût des prestations € TTC pour les postes P2, P3', 'Coût des prestations € TTC pour le poste P1 en tranche optionnelle', 'Prestations maintenance - P2', 'Prestations Gros Entretien et Renouvellement (GER) - P3', 'PERFORMANCES ÉNERGÉTIQUES ET ENVIRONNEMENTALES'];['prix', 'prix', 'qualite', 'qualite', 'environnemental'];[35.0, 5.0, 25.0, 20.0, 15.0];;False;;False;{'StreetName': '185 avenue de Fontainebleau', 'CityName': 'Saint-Fargeau-Ponthierry', 'PostalZone': '77310', 'NUTS': 'FR102', 'Country': 'FRA'};sans remise en concurrence;;26-94725;;5236528.47;;LOT-0001;50721000;8200000.0;1;4.0;;Marché d'exploitation des installations CVC de la Ville de Saint-Fargeau-Ponthierry;ouverte;PPP19W-115/6080/2026-CHAUFFAGE;;;;False;False;False;5236528.47;7210.0;Commune et commune nouvelle ;250  à  499;False;1978-01-01;84.11Z;2008;5710.0;SAS, société par actions simplifiée;20  à  49;False;<NA>;2008;F;43;43.2;43.22;43.22B;1900-01-01;(48.841384, 2.177454);Garches;Hauts-de-Seine;Île-de-France;(48.535815, 2.52781);Saint-Fargeau-Ponthierry;Seine-et-Marne;Île-de-France;;;;;;;;
False;['44613800', '42967000', '48810000'];;True;True;False;attribue;{'StreetName': 'Rte De Noyon', 'AdditionalStreetName': None, 'CityName': 'Coucy-Le-Chateau-Auffrique', 'PostalZone': '02380', 'Country': 'FRA'};832725402;False;UTPM ENVIRONNEMENT;UTPM ENVIRONNEMENT;2026-10-02;{'StreetName': '110 rue Marco Polo', 'AdditionalStreetName': None, 'CityName': 'Labege', 'PostalZone': '31670', 'Country': 'FRA'};243100633;False;COMMUNAUTE D'AGGLOMERATION DU SICOVAL;Sicoval - Communauté d'Agglomération;;;fournitures;"[""Valeur technique de l'offre"", ""les Performances en matière de protection de l'environnement"", 'Prix']";['technique', 'environnemental', 'prix'];[20.0, 20.0, 60.0];;True;;False;;sans remise en concurrence;;26-94810;;173000.0;;LOT-0001;44613800;1353000.0;7;6.0;;Acquisition, livraison et maintenance de matériel pour la pré-collecte des déchets ménagers et assimilés 2026-2030;ouverte;F-PF-41597;;;;True;True;True;;7348.0;Communauté d'agglomération ;1 000  à  1 999;False;1996-11-13;84.11Z;2008;5499.0;Société à responsabilité limitée (sans autre indication);1  ou  2;<NA>;<NA>;2008;G;46;46.1;46.19;46.19B;2017-10-13;(49.521616, 3.325263);Coucy-le-Château-Auffrique;Aisne;Hauts-de-France;(43.544117, 1.505566);Labège;Haute-Garonne;Occitanie;;;;;;;;
False;['44613800', '42967000', '48810000'];;True;True;False;attribue;{'StreetName': '1 Rue Du Debarcadere', 'AdditionalStreetName': None, 'CityName': 'Colombes', 'PostalZone': '92700', 'Country': 'FRA'};778151944;False;SULO FRANCE;SULO FRANCE;2026-10-02;{'StreetName': '110 rue Marco Polo', 'AdditionalStreetName': None, 'CityName': 'Labege', 'PostalZone': '31670', 'Country': 'FRA'};243100633;False;COMMUNAUTE D'AGGLOMERATION DU SICOVAL;Sicoval - Communauté d'Agglomération;;;fournitures;"[""Valeur technique de l'offre"", ""les Performances en matière de protection de l'environnement"", 'Prix']";['technique', 'environnemental', 'prix'];[20.0, 20.0, 60.0];;True;;False;;sans remise en concurrence;;26-94810;;70000.0;;LOT-0002;44613800;1353000.0;7;3.0;;Acquisition, livraison et maintenance de matériel pour la pré-collecte des déchets ménagers et assimilés 2026-2030;ouverte;F-PF-41597;;;;True;True;True;;7348.0;Communauté d'agglomération ;1 000  à  1 999;False;1996-11-13;84.11Z;2008;5710.0;SAS, société par actions simplifiée;500  à  999;False;False;2008;C;22;22.2;22.22;22.22Z;1960-01-01;(48.908702, 2.235645);Colombes;Hauts-de-Seine;Île-de-France;(43.544117, 1.505566);Labège;Haute-Garonne;Occitanie;;;;;;;;
False;['42967000', '42967000', '48810000'];;True;True;False;attribue;{'StreetName': '29 Av De Bayonne', 'AdditionalStreetName': None, 'CityName': 'Anglet', 'PostalZone': '64600', 'Country': 'FRA'};521681320;False;INCITAT ENVIRONNEMENT;INCITAT_ENVIRONNEMENT;2026-10-02;{'StreetName': '110 rue Marco Polo', 'AdditionalStreetName': None, 'CityName': 'Labege', 'PostalZone': '31670', 'Country': 'FRA'};243100633;False;COMMUNAUTE D'AGGLOMERATION DU SICOVAL;Sicoval - Communauté d'Agglomération;;;fournitures;"[""Valeur technique de l'offre"", ""les Performances en matière de protection de l'environnement"", 'Prix']";['technique', 'environnemental', 'prix'];[20.0, 20.0, 60.0];;True;;False;;sans remise en concurrence;;26-94810;;69000.0;;LOT-0003;44613800;1353000.0;7;1.0;;Acquisition, livraison et maintenance de matériel pour la pré-collecte des déchets ménagers et assimilés 2026-2030;ouverte;F-PF-41597;;;;True;True;True;;7348.0;Communauté d'agglomération ;1 000  à  1 999;False;1996-11-13;84.11Z;2008;5710.0;SAS, société par actions simplifiée;6  à  9;False;<NA>;2008;M;71;71.1;71.12;71.12B;2010-04-10;(43.481672, -1.510205);Anglet;Pyrénées-Atlantiques;Nouvelle-Aquitaine;(43.544117, 1.505566);Labège;Haute-Garonne;Occitanie;;;;;;;;
False;['42967000', '42967000', '48810000'];;True;True;False;attribue;{'StreetName': '29 Av De Bayonne', 'AdditionalStreetName': None, 'CityName': 'Anglet', 'PostalZone': '64600', 'Country': 'FRA'};521681320;False;INCITAT ENVIRONNEMENT;INCITAT_ENVIRONNEMENT;2026-10-02;{'StreetName': '110 rue Marco Polo', 'AdditionalStreetName': None, 'CityName': 'Labege', 'PostalZone': '31670', 'Country': 'FRA'};243100633;False;COMMUNAUTE D'AGGLOMERATION DU SICOVAL;Sicoval - Communauté d'Agglomération;;;fournitures;"[""Valeur technique de l'offre"", ""les Performances en matière de protection de l'environnement"", 'Prix']";['technique', 'environnemental', 'prix'];[20.0, 20.0, 60.0];;True;;False;;sans remise en concurrence;;26-94810;;325000.0;;LOT-0004;44613800;1353000.0;7;2.0;;Acquisition, livraison et maintenance de matériel pour la pré-collecte des déchets ménagers et assimilés 2026-2030;ouverte;F-PF-41597;;;;True;True;True;;7348.0;Communauté d'agglomération ;1 000  à  1 999;False;1996-11-13;84.11Z;2008;5710.0;SAS, société par actions simplifiée;6  à  9;False;<NA>;2008;M;71;71.1;71.12;71.12B;2010-04-10;(43.481672, -1.510205);Anglet;Pyrénées-Atlantiques;Nouvelle-Aquitaine;(43.544117, 1.505566);Labège;Haute-Garonne;Occitanie;;;;;;;;
False;['44613800', '42967000', '48810000'];;True;True;False;attribue;{'StreetName': '1 Rue Du Debarcadere', 'AdditionalStreetName': None, 'CityName': 'Colombes', 'PostalZone': '92700', 'Country': 'FRA'};778151944;False;SULO FRANCE;SULO FRANCE;2026-10-02;{'StreetName': '110 rue Marco Polo', 'AdditionalStreetName': None, 'CityName': 'Labege', 'PostalZone': '31670', 'Country': 'FRA'};243100633;False;COMMUNAUTE D'AGGLOMERATION DU SICOVAL;Sicoval - Communauté d'Agglomération;;;fournitures;"[""Valeur technique de l'offre"", ""les Performances en matière de protection de l'environnement"", 'Prix']";['technique', 'environnemental', 'prix'];[20.0, 20.0, 60.0];;True;;False;;sans remise en concurrence;;26-94810;;491000.0;;LOT-0005;44613800;1353000.0;7;3.0;;Acquisition, livraison et maintenance de matériel pour la pré-collecte des déchets ménagers et assimilés 2026-2030;ouverte;F-PF-41597;;;;True;True;True;;7348.0;Communauté d'agglomération ;1 000  à  1 999;False;1996-11-13;84.11Z;2008;5710.0;SAS, société par actions simplifiée;500  à  999;False;False;2008;C;22;22.2;22.22;22.22Z;1960-01-01;(48.908702, 2.235645);Colombes;Hauts-de-Seine;Île-de-France;(43.544117, 1.505566);Labège;Haute-Garonne;Occitanie;;;;;;;;
False;['44613800', '42967000', '48810000'];;True;True;False;attribue;{'StreetName': '1 Rue Du Debarcadere', 'AdditionalStreetName': None, 'CityName': 'Colombes', 'PostalZone': '92700', 'Country': 'FRA'};778151944;False;SULO FRANCE;SULO FRANCE;2026-10-02;{'StreetName': '110 rue Marco Polo', 'AdditionalStreetName': None, 'CityName': 'Labege', 'PostalZone': '31670', 'Country': 'FRA'};243100633;False;COMMUNAUTE D'AGGLOMERATION DU SICOVAL;Sicoval - Communauté d'Agglomération;;;fournitures;"[""Valeur technique de l'offre"", ""les Performances en matière de protection de l'environnement"", 'Prix']";['technique', 'environnemental', 'prix'];[20.0, 20.0, 60.0];;True;;False;;sans remise en concurrence;;26-94810;;21000.0;;LOT-0006;44613800;1353000.0;7;3.0;;Acquisition, livraison et maintenance de matériel pour la pré-collecte des déchets ménagers et assimilés 2026-2030;ouverte;F-PF-41597;;;;True;True;True;;7348.0;Communauté d'agglomération ;1 000  à  1 999;False;1996-11-13;84.11Z;2008;5710.0;SAS, société par actions simplifiée;500  à  999;False;False;2008;C;22;22.2;22.22;22.22Z;1960-01-01;(48.908702, 2.235645);Colombes;Hauts-de-Seine;Île-de-France;(43.544117, 1.505566);Labège;Haute-Garonne;Occitanie;;;;;;;;
False;['44613800', '42967000', '48810000'];;True;True;False;attribue;{'StreetName': '2 All Ephyra', 'AdditionalStreetName': None, 'CityName': 'Saint-Malo', 'PostalZone': '35400', 'Country': 'FRA'};511060766;False;V 3 C ENVIRONNEMENT;V3C environnement;2026-10-02;{'StreetName': '110 rue Marco Polo', 'AdditionalStreetName': None, 'CityName': 'Labege', 'PostalZone': '31670', 'Country': 'FRA'};243100633;False;COMMUNAUTE D'AGGLOMERATION DU SICOVAL;Sicoval - Communauté d'Agglomération;;;fournitures;"[""Valeur technique de l'offre"", ""les Performances en matière de protection de l'environnement"", 'Prix']";['technique', 'environnemental', 'prix'];[20.0, 20.0, 60.0];;True;;False;;sans remise en concurrence;;26-94810;;204000.0;;LOT-0007;44613800;1353000.0;7;7.0;;Acquisition, livraison et maintenance de matériel pour la pré-collecte des déchets ménagers et assimilés 2026-2030;ouverte;F-PF-41597;;;;True;True;True;;7348.0;Communauté d'agglomération ;1 000  à  1 999;False;1996-11-13;84.11Z;2008;5710.0;SAS, société par actions simplifiée;1  ou  2;False;<NA>;2008;C;28;28.9;28.99;28.99B;2009-03-06;(48.613265, -1.972999);Saint-Malo;Ille-et-Vilaine;Bretagne;(43.544117, 1.505566);Labège;Haute-Garonne;Occitanie;;;;;;;;
True;['71300000'];;True;False;False;attribue;{'StreetName': '65 Rue Du Fbg Saint Denis', 'AdditionalStreetName': None, 'CityName': 'Paris 10', 'PostalZone': '75010', 'Country': 'FRA'};832597496;False;CARRIERE DIDIER GAZEAU;CARRIERE DIDIER GAZEAU;2026-10-02;{'StreetName': '2 avenue du Parc', 'AdditionalStreetName': None, 'CityName': 'Cergy-Pontoise', 'PostalZone': '95000', 'Country': 'FRA'};229501275;False;DEPARTEMENT DU VAL D OISE;Conseil départemental du Val-d'Oise;;2026-09-30+02:00;services;"['Mode opératoire', ""Délais optimisés de réalisation de l'opération (études + travaux)"", 'Prix']";['technique', 'delai', 'prix'];[50.0, 10.0, 40.0];990.0;False;;False;;;;26-94528;;517560.0;;LOT-0000;71300000;;1;1.0;;Marché n°2026PN11007200 - MAITRISE D'OEUVRE POUR LES TRAVAUX DE CONFORTEMENT STRUCTUREL ET DE REMISE EN ETAT DES BATIMENTS A ET G DU COLLEGE ALBERT CAMUS A ARGENTEUIL;negociee;2026PN110072;;;;False;False;False;517560.0;7220.0;Département ;2 000  à  4 999;False;1980-01-01;84.11Z;2008;5710.0;SAS, société par actions simplifiée;6  à  9;False;<NA>;2008;M;71;71.1;71.11;71.11Z;2017-10-12;(48.872419, 2.354029);Paris;Paris;Île-de-France;;;;;;;;;;;;
False;['35821000', '39151000', '39561110'];;True;False;False;attribue;{'StreetName': '30 RUE CHATEAU D EAU', 'AdditionalStreetName': None, 'CityName': 'MONTESSON', 'PostalZone': '78360', 'Country': 'FRA'};383446721;True;EQUIP CITE;EQUIPCITE;2026-10-02;{'StreetName': 'Hôtel de Ville\nCours Masséna - CS 82205', 'AdditionalStreetName': None, 'CityName': 'Antibes Juan-les-Pins Cedex', 'PostalZone': '06606', 'Country': 'FRA'};210600045;True;COMMUNE D'ANTIBES;Ville d'Antibes (06);;;fournitures;['Se référer au règlement de la consultation', 'Se référer au règlement de la consultation', 'Se référer au règlement de la consultation'];['qualite', 'prix', 'qualite'];[50.0, 40.0, 10.0];1080.0;True;122100.0;False;;sans remise en concurrence;;26-94436;;300000.0;122100.0;LOT-0001;35821100;300000.0;1;3.0;;Acquisition de matériel événementiel et de pavoisement;ouverte;26F068;2.0;;;False;False;False;300000.0;7210.0;Commune et commune nouvelle ;2 000  à  4 999;False;1901-01-01;84.11Z;2008;5710.0;SAS, société par actions simplifiée;10  à  19;False;<NA>;2008;G;46;46.6;46.69;46.69C;1991-10-25;(48.908878, 2.158879);Montesson;Yvelines;Île-de-France;(43.5807, 7.12746);Antibes;Alpes-Maritimes;Provence-Alpes-Côte d'Azur;;;;;;;;
False;['79311000', '79311300', '79342310'];;True;False;False;non attribue;;;False;;;2026-10-02;"{'StreetName': ""4, avenue d'Aigues"", 'AdditionalStreetName': None, 'CityName': 'Frontignan', 'PostalZone': '34110', 'Country': 'FRA'}";200066355;False;CA SETE AGGLOPOLE MEDITERRANEE;Sète agglopôle Méditerranée;;2026-12-01+01:00;services;"['Valeur technique', ""Performances en matière de protection de l'environnement"", 'Prix des prestations']";['technique', 'environnemental', 'prix'];[65.0, 5.0, 30.0];1440.0;True;;False;;sans remise en concurrence;;26-94766;;;;LOT-0000;79416200;;1;6.0;;Mission de conseil et de mise en oeuvre du dialogue citoyen au sein de Sète agglopôle méditerranée;ouverte;26AT038_RV;;;;False;True;False;;7348.0;Communauté d'agglomération ;500  à  999;False;2017-01-01;84.11Z;2008;;;;;;<NA>;;;;;<NA>;<NA>;;;;;(43.437309, 3.70919);Frontignan;Hérault;Occitanie;;;;;;;;
False;['39713430'];;True;True;False;attribue;;;False;;;2026-10-02;{'StreetName': 'Place Jean-Baptiste Daviais', 'AdditionalStreetName': None, 'CityName': 'Rezé', 'PostalZone': '44403', 'Country': 'FRA'};214401432;False;COMMUNE DE REZE;MAIRIE DE REZE;;;fournitures;"[""Valeur technique de l'offre"", 'Mise en oeuvre du Sav et maintenance', ""Prise en compte de la notion de développement durable Performances en matière de protection de l'environnement"", 'Prix']";['technique', 'qualite', 'environnemental', 'prix'];[60.0, 10.0, 5.0, 25.0];;False;300000.0;False;;avec remise en concurrence;;26-94407;;80000.0;;LOT-0001;39713410;300000.0;3;3.0;3.0;Fournitures et maintenance du matériels d'entretien des locaux 2026-30;ouverte;2026FCS0003;3.0;;;False;False;False;;7210.0;Commune et commune nouvelle ;1 000  à  1 999;False;1947-12-01;84.11Z;2008;;;;;;<NA>;;;;;<NA>;<NA>;;;;;(47.191326, -1.569557);Rezé;Loire-Atlantique;Pays de la Loire;;;;;;;;
False;['39713410'];;True;True;False;attribue;;;False;;;2026-10-02;{'StreetName': 'Place Jean-Baptiste Daviais', 'AdditionalStreetName': None, 'CityName': 'Rezé', 'PostalZone': '44403', 'Country': 'FRA'};214401432;False;COMMUNE DE REZE;MAIRIE DE REZE;;;fournitures;"[""Valeur technique de l'offre"", 'Mise en oeuvre du Sav et maintenance', ""Prise en compte de la notion de développement durable Performances en matière de protection de l'environnement"", 'Prix']";['technique', 'qualite', 'environnemental', 'prix'];[60.0, 10.0, 5.0, 25.0];;False;300000.0;False;;avec remise en concurrence;;26-94407;;200000.0;;LOT-0002;39713410;300000.0;3;6.0;6.0;Fournitures et maintenance du matériels d'entretien des locaux 2026-30;ouverte;2026FCS0003;3.0;;;False;False;False;;7210.0;Commune et commune nouvelle ;1 000  à  1 999;False;1947-12-01;84.11Z;2008;;;;;;<NA>;;;;;<NA>;<NA>;;;;;(47.191326, -1.569557);Rezé;Loire-Atlantique;Pays de la Loire;;;;;;;;
False;['42924740'];;True;True;False;attribue;;;False;;;2026-10-02;{'StreetName': 'Place Jean-Baptiste Daviais', 'AdditionalStreetName': None, 'CityName': 'Rezé', 'PostalZone': '44403', 'Country': 'FRA'};214401432;False;COMMUNE DE REZE;MAIRIE DE REZE;;;fournitures;"[""Valeur technique de l'offre"", 'Mise en oeuvre du Sav et maintenance', ""Prise en compte de la notion de développement durable Performances en matière de protection de l'environnement"", 'Prix']";['technique', 'qualite', 'environnemental', 'prix'];[60.0, 10.0, 5.0, 25.0];;False;300000.0;False;;avec remise en concurrence;;26-94407;;20000.0;;LOT-0003;39713410;300000.0;3;6.0;6.0;Fournitures et maintenance du matériels d'entretien des locaux 2026-30;ouverte;2026FCS0003;3.0;;;False;False;False;;7210.0;Commune et commune nouvelle ;1 000  à  1 999;False;1947-12-01;84.11Z;2008;;;;;;<NA>;;;;;<NA>;<NA>;;;;;(47.191326, -1.569557);Rezé;Loire-Atlantique;Pays de la Loire;;;;;;;;
False;;;True;True;False;attribue;{'StreetName': None, 'AdditionalStreetName': None, 'CityName': 'ROUEN', 'PostalZone': '76178', 'Country': 'FRA'};329879050;True;SA OXYPHARM;OXYPHARM SA;2026-10-02;"{'StreetName': ""5 ALLEE DE L'ILE GLORIETTE"", 'AdditionalStreetName': None, 'CityName': 'NANTES', 'PostalZone': '44093', 'Country': 'FRA'}";264400136;True;CHU NANTES;44 CHU;;2026-09-01+02:00;fournitures;['\uf0d8\tCRITERE PRIX – 55% •\tQualité et étendue de la gamme proposée – 25% •\tQualité de la prestation de service (appréciée sur la base du Questionnaire Prestation de service) – 20%'];['qualite'];[55.0, 25.0, 20.0];;False;;False;{'StreetName': None, 'CityName': None, 'PostalZone': None, 'NUTS': 'FRG01', 'Country': 'FRA'};sans remise en concurrence;;26-94844;;;;LOT-0001;33192000;2000000.0;2;4.0;;avis d'attribution;ouverte;AOO-26020;;;;False;False;False;;7364.0;Établissement d'hospitalisation ;10 000  et plus ;<NA>;1978-01-01;86.10Z;2008;5599.0;SA à conseil d'administration (s.a.i.);500  à  999;False;<NA>;2008;N;77;77.2;77.29;77.29Z;1984-03-20;;Rouen;Seine-Maritime;Normandie;(47.211138, -1.557241);Nantes;Loire-Atlantique;Pays de la Loire;;;;;;;;
False;;;True;True;False;attribue;{'StreetName': None, 'AdditionalStreetName': None, 'CityName': 'ROUEN', 'PostalZone': '76178', 'Country': 'FRA'};329879050;True;SA OXYPHARM;OXYPHARM SA;2026-10-02;"{'StreetName': ""5 ALLEE DE L'ILE GLORIETTE"", 'AdditionalStreetName': None, 'CityName': 'NANTES', 'PostalZone': '44093', 'Country': 'FRA'}";264400136;True;CHU NANTES;44 CHU;;2026-09-01+02:00;fournitures;['\uf0d8\tCRITERE PRIX – 55% •\tQualité et étendue de la gamme proposée – 25% •\tQualité de la prestation de service (appréciée sur la base du Questionnaire Prestation de service) – 20%'];['qualite'];[55.0, 25.0, 20.0];;False;;False;{'StreetName': None, 'CityName': None, 'PostalZone': None, 'NUTS': 'FRG01', 'Country': 'FRA'};sans remise en concurrence;;26-94844;;;;LOT-0002;33192000;2000000.0;2;4.0;;avis d'attribution;ouverte;AOO-26020;;;;False;False;False;;7364.0;Établissement d'hospitalisation ;10 000  et plus ;<NA>;1978-01-01;86.10Z;2008;5599.0;SA à conseil d'administration (s.a.i.);500  à  999;False;<NA>;2008;N;77;77.2;77.29;77.29Z;1984-03-20;;Rouen;Seine-Maritime;Normandie;(47.211138, -1.557241);Nantes;Loire-Atlantique;Pays de la Loire;;;;;;;;
False;['45233120'];;True;False;False;attribue;{'StreetName': '2 Rte De Metz', 'AdditionalStreetName': None, 'CityName': 'Florange', 'PostalZone': '57190', 'Country': 'FRA'};325857357;False;EUROVIA ALSACE LORRAINE;EUROVIA ALSACE LORRAINE;2026-10-02;{'StreetName': '2, avenue du Général de Gaulle', 'AdditionalStreetName': None, 'CityName': 'Cattenom', 'PostalZone': '57570', 'Country': 'FRA'};245700695;False;COMMUNAUTE COMMUNES CATTENOM ET ENVIRONS;C de Cattenom et Environs;;2026-09-01+02:00;travaux;"[""Valeur technique de l'offre"", 'Prix']";['technique', 'prix'];;90.0;False;;False;;;;26-94821;;510812.27;;LOT-0000;45233120;;1;2.0;;2026 - Voies de liaison - HIMELING - MONDORFF;ouverte;2633;;;;False;False;False;510812.27;7346.0;Communauté de communes ;200  à  249;False;1986-01-16;84.11Z;2008;5710.0;SAS, société par actions simplifiée;500  à  999;False;<NA>;2008;F;42;42.1;42.11;42.11Z;1982-07-01;(49.318751, 6.15561);Florange;Moselle;Grand Est;(49.405982, 6.24086);Cattenom;Moselle;Grand Est;;;;;;;;
False;['72250000'];;True;False;False;attribue;{'StreetName': '5 Rue Jacqueline Auriol', 'AdditionalStreetName': None, 'CityName': 'Guyancourt', 'PostalZone': '78280', 'Country': 'FRA'};489288969;False;ANTEMETA;ANTEMETA;2026-10-02;{'StreetName': '1 place du Parlement', 'AdditionalStreetName': 'Cs 30353', 'CityName': 'Metz', 'PostalZone': '57011', 'Country': 'FRA'};200039865;False;EURO-METROPOLE DE METZ;Euro-Métropole de Metz;;2026-07-10+02:00;services;['Valeur technique', 'Valeur environnementale', 'Prix'];['technique', 'environnemental', 'prix'];[40.0, 10.0, 50.0];1440.0;True;500000.0;False;;sans remise en concurrence;;26-94600;;700000.0;;LOT-0000;72250000;700000.0;1;1.0;1.0;ACHATS, MAINTENANCES ET EVOLUTION DU SYSTEME DE SAUVEGARDE;ouverte;26910A;;;;False;True;False;700000.0;7344.0;Métropole;1 000  à  1 999;False;2014-01-01;84.11Z;2008;5710.0;SAS, société par actions simplifiée;200  à  249;False;<NA>;2008;G;46;46.5;46.51;46.51Z;2006-03-22;(48.76172, 2.062984);Guyancourt;Yvelines;Île-de-France;(49.107222, 6.176868);Metz;Moselle;Grand Est;;;;;;;;
False;['45233120'];;True;False;False;attribue;{'StreetName': '6 Rue Malambas', 'AdditionalStreetName': None, 'CityName': 'Hauconcourt', 'PostalZone': '57280', 'Country': 'FRA'};538973264;False;STRADEST T.P.;STRADEST T.P;2026-10-02;{'StreetName': '2, avenue du Général de Gaulle', 'AdditionalStreetName': None, 'CityName': 'Cattenom', 'PostalZone': '57570', 'Country': 'FRA'};245700695;False;COMMUNAUTE COMMUNES CATTENOM ET ENVIRONS;C de Cattenom et Environs;;2026-10-01+02:00;travaux;"[""Le prix est le seul critère d'attribution.""]";['prix'];[100];180.0;False;;False;;;;26-94765;;898342.05;;LOT-0000;45233120;;1;3.0;;VICC - Voie Verte  - Cattenom - CNPE (Centre nucléaire de production d'électricité);ouverte;2635;;;;True;False;True;898342.05;7346.0;Communauté de communes ;200  à  249;False;1986-01-16;84.11Z;2008;5710.0;SAS, société par actions simplifiée;20  à  49;False;<NA>;2008;F;42;42.1;42.11;42.11Z;2011-12-05;(49.207544, 6.185555);Hauconcourt;Moselle;Grand Est;(49.405982, 6.24086);Cattenom;Moselle;Grand Est;;;;;;;;
False;;;;False;False;non attribue;;;False;;;2026-10-02;"{'StreetName': ""DDFiP de l'Oise"", 'AdditionalStreetName': '29 rue du Dr Gérard', 'CityName': 'Beauvais', 'PostalZone': '60000', 'Country': 'FRA'}";130011653;True;DIRECTION DEPARTEMENTALE FINANCES PUBLIQUES OISE;060-DDFIP;;2026-11-16+01:00;services;[];[];;1080.0;False;3100000.0;False;{'StreetName': None, 'CityName': None, 'PostalZone': None, 'NUTS': None, 'Country': 'FRA'};;;26-94484;;;3100000.0;LOT-0001;75242110;;1;2.0;;Marché de phase comminatoire amiable pour la DDFiP de l'Oise;autre;PCADDFIPOISE;2.0;;;False;False;False;;7172.0;Service déconcentré de l'État à compétence (inter) départementale ;500  à  999;False;2010-04-26;84.11Z;2008;;;;;;<NA>;;;;;<NA>;<NA>;;;;;(49.430172, 2.078852);Beauvais;Oise;Hauts-de-France;;;;;;;;
False;['90919300'];;True;True;False;attribue;{'StreetName': '12 Rue Pierre Et Marie Curie', 'AdditionalStreetName': None, 'CityName': 'Ingre', 'PostalZone': '45140', 'Country': 'FRA'};534897293;False;TEAMEX;TEAMEX;2026-10-02;{'StreetName': '215 Route de Saint Mesmin', 'AdditionalStreetName': None, 'CityName': 'Saint-Pryvé Saint-Mesmin', 'PostalZone': '45750', 'Country': 'FRA'};214502981;False;COMMUNE DE SAINT PRYVE SAINT MESMIN;Ville de Saint-Pryvé Saint-Mesmin;;;services;"[""Valeur technique de l'offre"", 'Prix']";['technique', 'prix'];[60.0, 40.0];;True;;False;;;;26-94645;;67199.96;;LOT-0001;90911000;;4;6.0;6.0;ENTRETIEN DES LOCAUX MUNICIPAUX ET DE VITRERIES;ouverte;2026-ENTRETIEN LOCAUX;3.0;;;False;True;False;136137.27;7210.0;Commune et commune nouvelle ;100  à  199;False;1978-01-01;84.11Z;2008;5710.0;SAS, société par actions simplifiée;1 000  à  1 999;False;<NA>;2008;N;81;81.2;81.21;81.21Z;2011-09-21;(47.900865, 1.852128);Ingré;Loiret;Centre-Val de Loire;(47.881949, 1.869663);Saint-Pryvé-Saint-Mesmin;Loiret;Centre-Val de Loire;;;;;;;;
False;['90911200'];;True;True;False;attribue;{'StreetName': '12 Rue Pierre Et Marie Curie', 'AdditionalStreetName': None, 'CityName': 'Ingre', 'PostalZone': '45140', 'Country': 'FRA'};534897293;False;TEAMEX;TEAMEX;2026-10-02;{'StreetName': '215 Route de Saint Mesmin', 'AdditionalStreetName': None, 'CityName': 'Saint-Pryvé Saint-Mesmin', 'PostalZone': '45750', 'Country': 'FRA'};214502981;False;COMMUNE DE SAINT PRYVE SAINT MESMIN;Ville de Saint-Pryvé Saint-Mesmin;;;services;"[""Valeur technique de l'offre"", 'Prix']";['technique', 'prix'];[60.0, 40.0];;True;;False;;;;26-94645;;21249.31;;LOT-0002;90911000;;4;6.0;6.0;ENTRETIEN DES LOCAUX MUNICIPAUX ET DE VITRERIES;ouverte;2026-ENTRETIEN LOCAUX;3.0;;;False;True;False;136137.27;7210.0;Commune et commune nouvelle ;100  à  199;False;1978-01-01;84.11Z;2008;5710.0;SAS, société par actions simplifiée;1 000  à  1 999;False;<NA>;2008;N;81;81.2;81.21;81.21Z;2011-09-21;(47.900865, 1.852128);Ingré;Loiret;Centre-Val de Loire;(47.881949, 1.869663);Saint-Pryvé-Saint-Mesmin;Loiret;Centre-Val de Loire;;;;;;;;
False;['90911200'];;True;True;False;attribue;{'StreetName': '23 Rue Antigna', 'AdditionalStreetName': None, 'CityName': 'Orleans', 'PostalZone': '45000', 'Country': 'FRA'};952078483;False;VIDALIS;VIDALIS;2026-10-02;{'StreetName': '215 Route de Saint Mesmin', 'AdditionalStreetName': None, 'CityName': 'Saint-Pryvé Saint-Mesmin', 'PostalZone': '45750', 'Country': 'FRA'};214502981;False;COMMUNE DE SAINT PRYVE SAINT MESMIN;Ville de Saint-Pryvé Saint-Mesmin;;;services;"[""Valeur technique de l'offre"", 'Prix']";['technique', 'prix'];[60.0, 40.0];;True;;False;;;;26-94645;;45300.0;;LOT-0003;90911000;;4;6.0;6.0;ENTRETIEN DES LOCAUX MUNICIPAUX ET DE VITRERIES;ouverte;2026-ENTRETIEN LOCAUX;3.0;;;False;True;False;136137.27;7210.0;Commune et commune nouvelle ;100  à  199;False;1978-01-01;84.11Z;2008;5499.0;Société à responsabilité limitée (sans autre indication);;False;<NA>;2008;N;81;81.2;81.21;81.21Z;2023-05-01;(47.910262, 1.901051);Orléans;Loiret;Centre-Val de Loire;(47.881949, 1.869663);Saint-Pryvé-Saint-Mesmin;Loiret;Centre-Val de Loire;;;;;;;;
False;['90911300'];;True;True;False;attribue;{'StreetName': '23 Rue Antigna', 'AdditionalStreetName': None, 'CityName': 'Orleans', 'PostalZone': '45000', 'Country': 'FRA'};952078483;False;VIDALIS;VIDALIS;2026-10-02;{'StreetName': '215 Route de Saint Mesmin', 'AdditionalStreetName': None, 'CityName': 'Saint-Pryvé Saint-Mesmin', 'PostalZone': '45750', 'Country': 'FRA'};214502981;False;COMMUNE DE SAINT PRYVE SAINT MESMIN;Ville de Saint-Pryvé Saint-Mesmin;;;services;"[""Valeur technique de l'offre"", 'Prix']";['technique', 'prix'];[60.0, 40.0];;True;;False;;;;26-94645;;2388.0;;LOT-0004;90911000;;4;5.0;5.0;ENTRETIEN DES LOCAUX MUNICIPAUX ET DE VITRERIES;ouverte;2026-ENTRETIEN LOCAUX;3.0;;;False;True;False;136137.27;7210.0;Commune et commune nouvelle ;100  à  199;False;1978-01-01;84.11Z;2008;5499.0;Société à responsabilité limitée (sans autre indication);;False;<NA>;2008;N;81;81.2;81.21;81.21Z;2023-05-01;(47.910262, 1.901051);Orléans;Loiret;Centre-Val de Loire;(47.881949, 1.869663);Saint-Pryvé-Saint-Mesmin;Loiret;Centre-Val de Loire;;;;;;;;
False;['45112500'];33.0;True;True;False;attribue;{'StreetName': '2 rue de Kervézennec', 'AdditionalStreetName': None, 'CityName': 'BREST CEDEX 2', 'PostalZone': '29228', 'Country': 'FRA'};636720120;True;ENTREPRISE MARC SA;ENTREPRISE MARC SA;2026-10-02;{'StreetName': 'PLACE DE LA REPUBLIQUE', 'AdditionalStreetName': None, 'CityName': 'PLOUZANE', 'PostalZone': '29280', 'Country': 'FRA'};212902126;True;COMMUNE DE PLOUZANE;VILLE DE PLOUZANE;2025-04-25;2026-10-14+02:00;travaux;['Prix', 'Note technique'];['prix', 'technique'];[40.0, 60.0];;False;6264611.23;False;{'StreetName': 'PLACE DE LA REPUBLIQUE', 'CityName': 'PLOUZANE', 'PostalZone': '29280', 'NUTS': 'FRH02', 'Country': 'FRA'};;;26-94782;25-46696;474000.0;438917.0;LOT-0001;45212000;;20;4.0;;CONSTRUCTION D'UNE SALLE DE SPECTACLE A PLOUZANE;ouverte;PPP1LT-61/6041/2026PT03;;;False;False;False;False;6185672.99;7210.0;Commune et commune nouvelle ;200  à  249;False;1980-03-07;84.11Z;2008;5599.0;SA à conseil d'administration (s.a.i.);500  à  999;False;<NA>;2008;F;42;42.1;42.13;42.13A;1957-01-01;(48.41826, -4.46611);Brest;Finistère;Bretagne;(48.38017, -4.60098);Plouzané;Finistère;Bretagne;;;;;;;;
False;;33.0;True;True;False;attribue;{'StreetName': '523 rue Gustave Eiffel', 'AdditionalStreetName': None, 'CityName': 'PLABENNEC', 'PostalZone': '29860', 'Country': 'FRA'};433072477;True;ENTREPRISE BRITTON;ENTREPRISE BRITTON;2026-10-02;{'StreetName': 'PLACE DE LA REPUBLIQUE', 'AdditionalStreetName': None, 'CityName': 'PLOUZANE', 'PostalZone': '29280', 'Country': 'FRA'};212902126;True;COMMUNE DE PLOUZANE;VILLE DE PLOUZANE;2025-04-25;2026-10-14+02:00;travaux;['Prix', 'Note technique'];['prix', 'technique'];[40.0, 60.0];;False;6264611.23;False;{'StreetName': 'PLACE DE LA REPUBLIQUE', 'CityName': 'PLOUZANE', 'PostalZone': '29280', 'NUTS': 'FRH02', 'Country': 'FRA'};;;26-94782;25-46696;1065000.0;1014000.0;LOT-0002;45212000;;20;3.0;;CONSTRUCTION D'UNE SALLE DE SPECTACLE A PLOUZANE;ouverte;PPP1LT-61/6041/2026PT03;;;False;False;False;False;6185672.99;7210.0;Commune et commune nouvelle ;200  à  249;False;1980-03-07;84.11Z;2008;5710.0;SAS, société par actions simplifiée;20  à  49;False;<NA>;2008;F;43;43.9;43.99;43.99C;2000-09-20;(48.462619, -4.450544);Plabennec;Finistère;Bretagne;(48.38017, -4.60098);Plouzané;Finistère;Bretagne;;;;;;;;
False;['45261100'];33.0;True;True;False;attribue;{'StreetName': '523 rue Gustave Eiffel', 'AdditionalStreetName': None, 'CityName': 'PLABENNEC', 'PostalZone': '29860', 'Country': 'FRA'};433072477;True;ENTREPRISE BRITTON;ENTREPRISE BRITTON;2026-10-02;{'StreetName': 'PLACE DE LA REPUBLIQUE', 'AdditionalStreetName': None, 'CityName': 'PLOUZANE', 'PostalZone': '29280', 'Country': 'FRA'};212902126;True;COMMUNE DE PLOUZANE;VILLE DE PLOUZANE;2025-04-25;2026-10-14+02:00;travaux;['Prix', 'Note technique'];['prix', 'technique'];[40.0, 60.0];;False;6264611.23;False;{'StreetName': 'PLACE DE LA REPUBLIQUE', 'CityName': 'PLOUZANE', 'PostalZone': '29280', 'NUTS': 'FRH02', 'Country': 'FRA'};;;26-94782;25-46696;776866.37;673504.44;LOT-0003;45212000;;20;3.0;;CONSTRUCTION D'UNE SALLE DE SPECTACLE A PLOUZANE;ouverte;PPP1LT-61/6041/2026PT03;;;False;False;False;False;6185672.99;7210.0;Commune et commune nouvelle ;200  à  249;False;1980-03-07;84.11Z;2008;5710.0;SAS, société par actions simplifiée;20  à  49;False;<NA>;2008;F;43;43.9;43.99;43.99C;2000-09-20;(48.462619, -4.450544);Plabennec;Finistère;Bretagne;(48.38017, -4.60098);Plouzané;Finistère;Bretagne;;;;;;;;
False;;33.0;True;True;False;attribue;{'StreetName': '7 route de Prat Ar Venec', 'AdditionalStreetName': None, 'CityName': 'KERNILIS', 'PostalZone': '29260', 'Country': 'FRA'};306268244;True;LE MESTRE FRERES;LE MESTRE FRERES;2026-10-02;{'StreetName': 'PLACE DE LA REPUBLIQUE', 'AdditionalStreetName': None, 'CityName': 'PLOUZANE', 'PostalZone': '29280', 'Country': 'FRA'};212902126;True;COMMUNE DE PLOUZANE;VILLE DE PLOUZANE;2025-04-25;2026-10-14+02:00;travaux;['Prix', 'Note technique'];['prix', 'technique'];[40.0, 60.0];;False;6264611.23;False;{'StreetName': 'PLACE DE LA REPUBLIQUE', 'CityName': 'PLOUZANE', 'PostalZone': '29280', 'NUTS': 'FRH02', 'Country': 'FRA'};;;26-94782;25-46696;258429.16;360000.0;LOT-0004;45212000;;20;3.0;;CONSTRUCTION D'UNE SALLE DE SPECTACLE A PLOUZANE;ouverte;PPP1LT-61/6041/2026PT03;;;False;False;False;False;6185672.99;7210.0;Commune et commune nouvelle ;200  à  249;False;1980-03-07;84.11Z;2008;5710.0;SAS, société par actions simplifiée;20  à  49;False;<NA>;2008;F;43;43.9;43.91;43.91B;1976-01-01;(48.570846, -4.40909);Kernilis;Finistère;Bretagne;(48.38017, -4.60098);Plouzané;Finistère;Bretagne;;;;;;;;
False;;33.0;True;True;False;attribue;{'StreetName': '7 route de Prat Ar Venec', 'AdditionalStreetName': None, 'CityName': 'KERNILIS', 'PostalZone': '29260', 'Country': 'FRA'};306268244;True;LE MESTRE FRERES;LE MESTRE FRERES;2026-10-02;{'StreetName': 'PLACE DE LA REPUBLIQUE', 'AdditionalStreetName': None, 'CityName': 'PLOUZANE', 'PostalZone': '29280', 'Country': 'FRA'};212902126;True;COMMUNE DE PLOUZANE;VILLE DE PLOUZANE;2025-04-25;2026-10-14+02:00;travaux;['Prix', 'Note technique'];['prix', 'technique'];[40.0, 60.0];;False;6264611.23;False;{'StreetName': 'PLACE DE LA REPUBLIQUE', 'CityName': 'PLOUZANE', 'PostalZone': '29280', 'NUTS': 'FRH02', 'Country': 'FRA'};;;26-94782;25-46696;316414.08;395000.0;LOT-0005;45212000;;20;4.0;;CONSTRUCTION D'UNE SALLE DE SPECTACLE A PLOUZANE;ouverte;PPP1LT-61/6041/2026PT03;;;False;False;False;False;6185672.99;7210.0;Commune et commune nouvelle ;200  à  249;False;1980-03-07;84.11Z;2008;5710.0;SAS, société par actions simplifiée;20  à  49;False;<NA>;2008;F;43;43.9;43.91;43.91B;1976-01-01;(48.570846, -4.40909);Kernilis;Finistère;Bretagne;(48.38017, -4.60098);Plouzané;Finistère;Bretagne;;;;;;;;
False;['45421130'];33.0;True;True;False;attribue;{'StreetName': '180 RUE DE MESCADIOU', 'AdditionalStreetName': None, 'CityName': 'GOUESNOU', 'PostalZone': '29850', 'Country': 'FRA'};797968161;True;KALUEN;KALUEN;2026-10-02;{'StreetName': 'PLACE DE LA REPUBLIQUE', 'AdditionalStreetName': None, 'CityName': 'PLOUZANE', 'PostalZone': '29280', 'Country': 'FRA'};212902126;True;COMMUNE DE PLOUZANE;VILLE DE PLOUZANE;2025-04-25;2026-10-14+02:00;travaux;['Prix', 'Note technique'];['prix', 'technique'];[40.0, 60.0];;False;6264611.23;False;{'StreetName': 'PLACE DE LA REPUBLIQUE', 'CityName': 'PLOUZANE', 'PostalZone': '29280', 'NUTS': 'FRH02', 'Country': 'FRA'};;;26-94782;25-46696;153600.0;143000.0;LOT-0006;45212000;;20;5.0;;CONSTRUCTION D'UNE SALLE DE SPECTACLE A PLOUZANE;ouverte;PPP1LT-61/6041/2026PT03;;;False;False;False;False;6185672.99;7210.0;Commune et commune nouvelle ;200  à  249;False;1980-03-07;84.11Z;2008;5710.0;SAS, société par actions simplifiée;20  à  49;False;<NA>;2008;F;43;43.3;43.32;43.32B;2013-10-09;(48.44414, -4.45913);Gouesnou;Finistère;Bretagne;(48.38017, -4.60098);Plouzané;Finistère;Bretagne;;;;;;;;
False;;33.0;True;True;False;attribue;{'StreetName': '3, rue Rosemonde Gérard', 'AdditionalStreetName': None, 'CityName': 'GOUESNOU', 'PostalZone': '29850', 'Country': 'FRA'};984251587;True;GOURMELON;ENTREPRISE L'HER / SARL GOURMELON;2026-10-02;{'StreetName': 'PLACE DE LA REPUBLIQUE', 'AdditionalStreetName': None, 'CityName': 'PLOUZANE', 'PostalZone': '29280', 'Country': 'FRA'};212902126;True;COMMUNE DE PLOUZANE;VILLE DE PLOUZANE;2025-04-25;2026-10-14+02:00;travaux;['Prix', 'Note technique'];['prix', 'technique'];[40.0, 60.0];;False;6264611.23;False;{'StreetName': 'PLACE DE LA REPUBLIQUE', 'CityName': 'PLOUZANE', 'PostalZone': '29280', 'NUTS': 'FRH02', 'Country': 'FRA'};;;26-94782;25-46696;205029.24;255000.0;LOT-0008;45212000;;20;3.0;;CONSTRUCTION D'UNE SALLE DE SPECTACLE A PLOUZANE;ouverte;PPP1LT-61/6041/2026PT03;;;False;False;False;False;6185672.99;7210.0;Commune et commune nouvelle ;200  à  249;False;1980-03-07;84.11Z;2008;5499.0;Société à responsabilité limitée (sans autre indication);;False;<NA>;2008;F;43;43.3;43.31;43.31Z;2024-02-02;(48.42893, -4.45916);Gouesnou;Finistère;Bretagne;(48.38017, -4.60098);Plouzané;Finistère;Bretagne;;;;;;;;
False;;33.0;True;True;False;attribue;{'StreetName': '3 rue de Kervallan', 'AdditionalStreetName': None, 'CityName': 'BREST', 'PostalZone': '29200', 'Country': 'FRA'};325517571;True;LE GALL PLAFONDS;SAS LE GALL PLAFONDS;2026-10-02;{'StreetName': 'PLACE DE LA REPUBLIQUE', 'AdditionalStreetName': None, 'CityName': 'PLOUZANE', 'PostalZone': '29280', 'Country': 'FRA'};212902126;True;COMMUNE DE PLOUZANE;VILLE DE PLOUZANE;2025-04-25;2026-10-14+02:00;travaux;['Prix', 'Note technique'];['prix', 'technique'];[40.0, 60.0];;False;6264611.23;False;{'StreetName': 'PLACE DE LA REPUBLIQUE', 'CityName': 'PLOUZANE', 'PostalZone': '29280', 'NUTS': 'FRH02', 'Country': 'FRA'};;;26-94782;25-46696;103369.22;91000.0;LOT-0009;45212000;;20;2.0;;CONSTRUCTION D'UNE SALLE DE SPECTACLE A PLOUZANE;ouverte;PPP1LT-61/6041/2026PT03;;;False;False;False;False;6185672.99;7210.0;Commune et commune nouvelle ;200  à  249;False;1980-03-07;84.11Z;2008;5710.0;SAS, société par actions simplifiée;20  à  49;False;<NA>;2008;F;43;43.2;43.29;43.29A;1982-09-30;(48.37499, -4.56045);Brest;Finistère;Bretagne;(48.38017, -4.60098);Plouzané;Finistère;Bretagne;;;;;;;;
False;['45422100', '45432113'];33.0;True;True;False;attribue;{'StreetName': '18 boulevard Gabriel Lippmann', 'AdditionalStreetName': None, 'CityName': 'GOUESNOU', 'PostalZone': '29850', 'Country': 'FRA'};410441091;True;ATELIERS DLB;ATELIER DLB;2026-10-02;{'StreetName': 'PLACE DE LA REPUBLIQUE', 'AdditionalStreetName': None, 'CityName': 'PLOUZANE', 'PostalZone': '29280', 'Country': 'FRA'};212902126;True;COMMUNE DE PLOUZANE;VILLE DE PLOUZANE;2025-04-25;2026-10-14+02:00;travaux;['Prix', 'Note technique'];['prix', 'technique'];[40.0, 60.0];;False;6264611.23;False;{'StreetName': 'PLACE DE LA REPUBLIQUE', 'CityName': 'PLOUZANE', 'PostalZone': '29280', 'NUTS': 'FRH02', 'Country': 'FRA'};;;26-94782;25-46696;437244.17;398000.0;LOT-0010;45212000;;20;1.0;;CONSTRUCTION D'UNE SALLE DE SPECTACLE A PLOUZANE;ouverte;PPP1LT-61/6041/2026PT03;;;False;False;False;False;6185672.99;7210.0;Commune et commune nouvelle ;200  à  249;False;1980-03-07;84.11Z;2008;5710.0;SAS, société par actions simplifiée;20  à  49;False;<NA>;2008;F;43;43.3;43.32;43.32A;1997-01-01;(48.42929, -4.45214);Gouesnou;Finistère;Bretagne;(48.38017, -4.60098);Plouzané;Finistère;Bretagne;;;;;;;;
False;;33.0;True;True;False;attribue;{'StreetName': '159 rue Gustave Eiffel', 'AdditionalStreetName': None, 'CityName': 'PLABENNEC', 'PostalZone': '29860', 'Country': 'FRA'};403458458;True;SARL GORDET;SARL GORDET;2026-10-02;{'StreetName': 'PLACE DE LA REPUBLIQUE', 'AdditionalStreetName': None, 'CityName': 'PLOUZANE', 'PostalZone': '29280', 'Country': 'FRA'};212902126;True;COMMUNE DE PLOUZANE;VILLE DE PLOUZANE;2025-04-25;2026-10-14+02:00;travaux;['Prix', 'Note technique'];['prix', 'technique'];[40.0, 60.0];;False;6264611.23;False;{'StreetName': 'PLACE DE LA REPUBLIQUE', 'CityName': 'PLOUZANE', 'PostalZone': '29280', 'NUTS': 'FRH02', 'Country': 'FRA'};;;26-94782;25-46696;151326.37;159000.0;LOT-0011;45212000;;20;2.0;;CONSTRUCTION D'UNE SALLE DE SPECTACLE A PLOUZANE;ouverte;PPP1LT-61/6041/2026PT03;;;False;False;False;False;6185672.99;7210.0;Commune et commune nouvelle ;200  à  249;False;1980-03-07;84.11Z;2008;5499.0;Société à responsabilité limitée (sans autre indication);20  à  49;False;<NA>;2008;F;43;43.3;43.33;43.33Z;1996-01-01;(48.459925, -4.454663);Plabennec;Finistère;Bretagne;(48.38017, -4.60098);Plouzané;Finistère;Bretagne;;;;;;;;
False;;33.0;True;True;False;attribue;{'StreetName': '23 RUE SAINT-GUILLAUME', 'AdditionalStreetName': None, 'CityName': 'SAINT-BRIEUC', 'PostalZone': '22000', 'Country': 'FRA'};993662055;True;BATI BRETAGNE;BATI BRETAGNE;2026-10-02;{'StreetName': 'PLACE DE LA REPUBLIQUE', 'AdditionalStreetName': None, 'CityName': 'PLOUZANE', 'PostalZone': '29280', 'Country': 'FRA'};212902126;True;COMMUNE DE PLOUZANE;VILLE DE PLOUZANE;2025-04-25;2026-10-14+02:00;travaux;['Prix', 'Note technique'];['prix', 'technique'];[40.0, 60.0];;False;6264611.23;False;{'StreetName': 'PLACE DE LA REPUBLIQUE', 'CityName': 'PLOUZANE', 'PostalZone': '29280', 'NUTS': 'FRH02', 'Country': 'FRA'};;;26-94782;25-46696;107394.05;125000.0;LOT-0012;45212000;;20;3.0;;CONSTRUCTION D'UNE SALLE DE SPECTACLE A PLOUZANE;ouverte;PPP1LT-61/6041/2026PT03;;;False;False;False;False;6185672.99;7210.0;Commune et commune nouvelle ;200  à  249;False;1980-03-07;84.11Z;2008;5710.0;SAS, société par actions simplifiée;;False;False;2008;F;43;43.3;43.34;43.34Z;2025-11-01;(48.513389, -2.759607);Saint-Brieuc;Côtes-d'Armor;Bretagne;(48.38017, -4.60098);Plouzané;Finistère;Bretagne;;;;;;;;
False;;33.0;True;True;False;attribue;{'StreetName': 'RUE JEAN MARIE DAVID', 'AdditionalStreetName': None, 'CityName': 'PACE CEDEX', 'PostalZone': '35742', 'Country': 'FRA'};381934884;True;ABH;ABH;2026-10-02;{'StreetName': 'PLACE DE LA REPUBLIQUE', 'AdditionalStreetName': None, 'CityName': 'PLOUZANE', 'PostalZone': '29280', 'Country': 'FRA'};212902126;True;COMMUNE DE PLOUZANE;VILLE DE PLOUZANE;2025-04-25;2026-10-14+02:00;travaux;['Prix', 'Note technique'];['prix', 'technique'];[40.0, 60.0];;False;6264611.23;False;{'StreetName': 'PLACE DE LA REPUBLIQUE', 'CityName': 'PLOUZANE', 'PostalZone': '29280', 'NUTS': 'FRH02', 'Country': 'FRA'};;;26-94782;25-46696;59410.0;60800.0;LOT-0013;45212000;;20;1.0;;CONSTRUCTION D'UNE SALLE DE SPECTACLE A PLOUZANE;ouverte;PPP1LT-61/6041/2026PT03;;;False;False;False;False;6185672.99;7210.0;Commune et commune nouvelle ;200  à  249;False;1980-03-07;84.11Z;2008;5710.0;SAS, société par actions simplifiée;100  à  199;False;<NA>;2008;F;43;43.2;43.29;43.29B;1991-03-30;(48.147021, -1.7609);Pacé;Ille-et-Vilaine;Bretagne;(48.38017, -4.60098);Plouzané;Finistère;Bretagne;;;;;;;;
False;['45330000', '45331000'];33.0;True;True;False;attribue;{'StreetName': 'Zone de Lavallot', 'AdditionalStreetName': None, 'CityName': 'GUIPAVAS', 'PostalZone': '29490', 'Country': 'FRA'};395107485;True;CENTRAL SANIT OUEST;CENTRAL SANIT OUEST;2026-10-02;{'StreetName': 'PLACE DE LA REPUBLIQUE', 'AdditionalStreetName': None, 'CityName': 'PLOUZANE', 'PostalZone': '29280', 'Country': 'FRA'};212902126;True;COMMUNE DE PLOUZANE;VILLE DE PLOUZANE;2025-04-25;2026-10-14+02:00;travaux;['Prix', 'Note technique'];['prix', 'technique'];[40.0, 60.0];;False;6264611.23;False;{'StreetName': 'PLACE DE LA REPUBLIQUE', 'CityName': 'PLOUZANE', 'PostalZone': '29280', 'NUTS': 'FRH02', 'Country': 'FRA'};;;26-94782;25-46696;678288.0;601407.84;LOT-0014;45212000;;20;3.0;;CONSTRUCTION D'UNE SALLE DE SPECTACLE A PLOUZANE;ouverte;PPP1LT-61/6041/2026PT03;;;False;False;False;False;6185672.99;7210.0;Commune et commune nouvelle ;200  à  249;False;1980-03-07;84.11Z;2008;5710.0;SAS, société par actions simplifiée;50  à  99;False;<NA>;2008;F;43;43.2;43.22;43.22B;1994-05-04;(48.421393, -4.422951);Guipavas;Finistère;Bretagne;(48.38017, -4.60098);Plouzané;Finistère;Bretagne;;;;;;;;
False;;33.0;True;True;False;attribue;{'StreetName': '21 rue Nicephore Niepce', 'AdditionalStreetName': None, 'CityName': 'BREST', 'PostalZone': '29200', 'Country': 'FRA'};318164613;True;ELECTRICITE GERVAIS GERARD;SAS GERARD GERVAIS;2026-10-02;{'StreetName': 'PLACE DE LA REPUBLIQUE', 'AdditionalStreetName': None, 'CityName': 'PLOUZANE', 'PostalZone': '29280', 'Country': 'FRA'};212902126;True;COMMUNE DE PLOUZANE;VILLE DE PLOUZANE;2025-04-25;2026-10-14+02:00;travaux;['Prix', 'Note technique'];['prix', 'technique'];[40.0, 60.0];;False;6264611.23;False;{'StreetName': 'PLACE DE LA REPUBLIQUE', 'CityName': 'PLOUZANE', 'PostalZone': '29280', 'NUTS': 'FRH02', 'Country': 'FRA'};;;26-94782;25-46696;451863.9;450000.0;LOT-0015;45212000;;20;3.0;;CONSTRUCTION D'UNE SALLE DE SPECTACLE A PLOUZANE;ouverte;PPP1LT-61/6041/2026PT03;;;False;False;False;False;6185672.99;7210.0;Commune et commune nouvelle ;200  à  249;False;1980-03-07;84.11Z;2008;5710.0;SAS, société par actions simplifiée;50  à  99;False;<NA>;2008;F;43;43.2;43.21;43.21A;1980-01-01;(48.42607, -4.48892);Brest;Finistère;Bretagne;(48.38017, -4.60098);Plouzané;Finistère;Bretagne;;;;;;;;
False;;33.0;True;True;False;attribue;{'StreetName': '10 Place du Champ de Foire', 'AdditionalStreetName': None, 'CityName': 'CARHAIX CEDEX', 'PostalZone': '29834', 'Country': 'FRA'};404818494;True;QUENEA ENERGIES RENOUVELABLES;QUENEA ENERGIES RENOUVELABLES;2026-10-02;{'StreetName': 'PLACE DE LA REPUBLIQUE', 'AdditionalStreetName': None, 'CityName': 'PLOUZANE', 'PostalZone': '29280', 'Country': 'FRA'};212902126;True;COMMUNE DE PLOUZANE;VILLE DE PLOUZANE;2025-04-25;2026-10-14+02:00;travaux;['Prix', 'Note technique'];['prix', 'technique'];[40.0, 60.0];;False;6264611.23;False;{'StreetName': 'PLACE DE LA REPUBLIQUE', 'CityName': 'PLOUZANE', 'PostalZone': '29280', 'NUTS': 'FRH02', 'Country': 'FRA'};;;26-94782;25-46696;34100.0;19000.0;LOT-0016;45212000;;20;1.0;;CONSTRUCTION D'UNE SALLE DE SPECTACLE A PLOUZANE;ouverte;PPP1LT-61/6041/2026PT03;;;False;False;False;False;6185672.99;7210.0;Commune et commune nouvelle ;200  à  249;False;1980-03-07;84.11Z;2008;5710.0;SAS, société par actions simplifiée;20  à  49;False;<NA>;2008;M;71;71.1;71.12;71.12B;1996-05-01;(48.277943, -3.570112);Carhaix-Plouguer;Finistère;Bretagne;(48.38017, -4.60098);Plouzané;Finistère;Bretagne;;;;;;;;
False;;33.0;True;True;False;attribue;{'StreetName': '8 Arend de Keyserestraat', 'AdditionalStreetName': None, 'CityName': 'OUDENAARDE', 'PostalZone': '9700', 'Country': 'BEL'};822246393;True;COS NV;COS nv;2026-10-02;{'StreetName': 'PLACE DE LA REPUBLIQUE', 'AdditionalStreetName': None, 'CityName': 'PLOUZANE', 'PostalZone': '29280', 'Country': 'FRA'};212902126;True;COMMUNE DE PLOUZANE;VILLE DE PLOUZANE;2025-04-25;2026-10-14+02:00;travaux;['Prix', 'Note technique'];['prix', 'technique'];[40.0, 60.0];;False;6264611.23;False;{'StreetName': 'PLACE DE LA REPUBLIQUE', 'CityName': 'PLOUZANE', 'PostalZone': '29280', 'NUTS': 'FRH02', 'Country': 'FRA'};;;26-94782;25-46696;288394.0;271677.44;LOT-0017;45212000;;20;5.0;;CONSTRUCTION D'UNE SALLE DE SPECTACLE A PLOUZANE;ouverte;PPP1LT-61/6041/2026PT03;;;False;False;False;False;6185672.99;7210.0;Commune et commune nouvelle ;200  à  249;False;1980-03-07;84.11Z;2008;3220.0;Société étrangère non immatriculée au RCS ;;False;<NA>;2008;G;46;46.6;46.69;46.69B;2016-08-29;;;;;(48.38017, -4.60098);Plouzané;Finistère;Bretagne;;;;;;;;
False;;33.0;True;True;False;attribue;{'StreetName': 'ZA le Penquer', 'AdditionalStreetName': None, 'CityName': 'GUIMAEC', 'PostalZone': '29620', 'Country': 'FRA'};383532942;True;3D MAUSSION;SARL 3D MAUSSION 2.44;2026-10-02;{'StreetName': 'PLACE DE LA REPUBLIQUE', 'AdditionalStreetName': None, 'CityName': 'PLOUZANE', 'PostalZone': '29280', 'Country': 'FRA'};212902126;True;COMMUNE DE PLOUZANE;VILLE DE PLOUZANE;2025-04-25;2026-10-14+02:00;travaux;['Prix', 'Note technique'];['prix', 'technique'];[40.0, 60.0];;False;6264611.23;False;{'StreetName': 'PLACE DE LA REPUBLIQUE', 'CityName': 'PLOUZANE', 'PostalZone': '29280', 'NUTS': 'FRH02', 'Country': 'FRA'};;;26-94782;25-46696;186560.0;235197.29;LOT-0018;45212000;;20;2.0;;CONSTRUCTION D'UNE SALLE DE SPECTACLE A PLOUZANE;ouverte;PPP1LT-61/6041/2026PT03;;;False;False;False;False;6185672.99;7210.0;Commune et commune nouvelle ;200  à  249;False;1980-03-07;84.11Z;2008;5499.0;Société à responsabilité limitée (sans autre indication);6  à  9;False;<NA>;2008;C;33;33.2;33.2;33.20B;1991-11-04;(48.679323, -3.735216);Guimaëc;Finistère;Bretagne;(48.38017, -4.60098);Plouzané;Finistère;Bretagne;;;;;;;;
False;;33.0;True;True;False;attribue;{'StreetName': '12 avenue de la Gare', 'AdditionalStreetName': None, 'CityName': 'NANCOIS SUR ORNAIN', 'PostalZone': '55500', 'Country': 'FRA'};439386178;True;SOCIETE NOUVELLE LEBLANC SCENIQUE;SOCIETE NOUVELLE LEBLANC SCENIQUE;2026-10-02;{'StreetName': 'PLACE DE LA REPUBLIQUE', 'AdditionalStreetName': None, 'CityName': 'PLOUZANE', 'PostalZone': '29280', 'Country': 'FRA'};212902126;True;COMMUNE DE PLOUZANE;VILLE DE PLOUZANE;2025-04-25;2026-10-14+02:00;travaux;['Prix', 'Note technique'];['prix', 'technique'];[40.0, 60.0];;False;6264611.23;False;{'StreetName': 'PLACE DE LA REPUBLIQUE', 'CityName': 'PLOUZANE', 'PostalZone': '29280', 'NUTS': 'FRH02', 'Country': 'FRA'};;;26-94782;25-46696;54822.0;44305.19;LOT-0019;45212000;;20;2.0;;CONSTRUCTION D'UNE SALLE DE SPECTACLE A PLOUZANE;ouverte;PPP1LT-61/6041/2026PT03;;;False;False;False;False;6185672.99;7210.0;Commune et commune nouvelle ;200  à  249;False;1980-03-07;84.11Z;2008;5710.0;SAS, société par actions simplifiée;10  à  19;False;<NA>;2008;F;43;43.3;43.32;43.32B;2001-10-01;(48.715252, 5.294018);Nançois-sur-Ornain;Meuse;Grand Est;(48.38017, -4.60098);Plouzané;Finistère;Bretagne;;;;;;;;
False;['32342410'];33.0;True;True;False;attribue;{'StreetName': '8 rue Eugène Bourdon', 'AdditionalStreetName': None, 'CityName': 'GUIPAVAS', 'PostalZone': '29490', 'Country': 'FRA'};380738435;True;SOCIETE AUDIOLITE SONORISATION;AUDIOLITE;2026-10-02;{'StreetName': 'PLACE DE LA REPUBLIQUE', 'AdditionalStreetName': None, 'CityName': 'PLOUZANE', 'PostalZone': '29280', 'Country': 'FRA'};212902126;True;COMMUNE DE PLOUZANE;VILLE DE PLOUZANE;2025-04-25;2026-10-14+02:00;travaux;['Prix', 'Note technique'];['prix', 'technique'];[40.0, 60.0];;False;6264611.23;False;{'StreetName': 'PLACE DE LA REPUBLIQUE', 'CityName': 'PLOUZANE', 'PostalZone': '29280', 'NUTS': 'FRH02', 'Country': 'FRA'};;;26-94782;25-46696;383562.43;384802.03;LOT-0020;45212000;;20;2.0;;CONSTRUCTION D'UNE SALLE DE SPECTACLE A PLOUZANE;ouverte;PPP1LT-61/6041/2026PT03;;;False;False;False;False;6185672.99;7210.0;Commune et commune nouvelle ;200  à  249;False;1980-03-07;84.11Z;2008;5710.0;SAS, société par actions simplifiée;10  à  19;False;<NA>;2008;R;90;90.0;90.02;90.02Z;1991-02-01;(48.42433, -4.45602);Guipavas;Finistère;Bretagne;(48.38017, -4.60098);Plouzané;Finistère;Bretagne;;;;;;;;
False;;33.0;True;True;False;non attribue;;;False;;;2026-10-02;{'StreetName': 'PLACE DE LA REPUBLIQUE', 'AdditionalStreetName': None, 'CityName': 'PLOUZANE', 'PostalZone': '29280', 'Country': 'FRA'};212902126;True;COMMUNE DE PLOUZANE;VILLE DE PLOUZANE;2025-04-25;;travaux;['Prix', 'Note technique'];['prix', 'technique'];[40.0, 60.0];518.0;False;6264611.23;False;{'StreetName': 'PLACE DE LA REPUBLIQUE', 'CityName': 'PLOUZANE', 'PostalZone': '29280', 'NUTS': 'FRH02', 'Country': 'FRA'};;;26-94782;25-46696;;145000.0;LOT-0007;45212000;;20;5.0;;CONSTRUCTION D'UNE SALLE DE SPECTACLE A PLOUZANE;ouverte;PPP1LT-61/6041/2026PT03;;;False;False;False;False;6185672.99;7210.0;Commune et commune nouvelle ;200  à  249;False;1980-03-07;84.11Z;2008;;;;;;<NA>;;;;;<NA>;<NA>;;;;;(48.38017, -4.60098);Plouzané;Finistère;Bretagne;;;;;;;;
False;;;False;True;False;attribue;{'StreetName': 'Zone actiparc Anjou Atlantique', 'AdditionalStreetName': '4 rue des Hunarderies', 'CityName': 'Champtocé sur Loire', 'PostalZone': '49123', 'Country': 'FRA'};395083751;True;ALCOR EQUIPEMENTS;ALCOR EQUIPEMENTS;2026-10-02;{'StreetName': 'BCRM Brest', 'AdditionalStreetName': 'CC 600', 'CityName': 'Brest Cedex 9', 'PostalZone': '29240', 'Country': 'FRA'};150000966;True;ECOLE NAVALE;Ecole navale;;;services;;;;360.0;True;700000.0;False;{'StreetName': None, 'CityName': None, 'PostalZone': None, 'NUTS': None, 'Country': None};avec remise en concurrence;;26-94531;;600000.0;600000.0;LOT-0001;79952000;600000.0;3;1.0;;Location de structures pour prestation événementielle au profit de l’École navale.;ouverte;2026-04;3.0;;;True;False;False;;7383.0;Établissement public national à caractère scientifique culturel et professionnel ;;<NA>;2002-01-01;85.42Z;2008;5710.0;SAS, société par actions simplifiée;10  à  19;False;<NA>;2008;F;43;43.9;43.99;43.99B;1994-05-16;(47.431896, -0.821694);Champtocé-sur-Loire;Maine-et-Loire;Pays de la Loire;;;;;;;;;;;;
False;;;False;True;False;non attribue;;;False;;;2026-10-02;{'StreetName': 'BCRM Brest', 'AdditionalStreetName': 'CC 600', 'CityName': 'Brest Cedex 9', 'PostalZone': '29240', 'Country': 'FRA'};150000966;True;ECOLE NAVALE;Ecole navale;;;services;;;;360.0;True;700000.0;False;{'StreetName': None, 'CityName': None, 'PostalZone': None, 'NUTS': None, 'Country': None};avec remise en concurrence;;26-94531;;;40000.0;LOT-0002;79952000;600000.0;3;0.0;;Location de structures pour prestation événementielle au profit de l’École navale.;ouverte;2026-04;3.0;;;True;False;False;;7383.0;Établissement public national à caractère scientifique culturel et professionnel ;;<NA>;2002-01-01;85.42Z;2008;;;;;;<NA>;;;;;<NA>;<NA>;;;;;;;;;;;;;;;;
False;;;False;True;False;non attribue;;;False;;;2026-10-02;{'StreetName': 'BCRM Brest', 'AdditionalStreetName': 'CC 600', 'CityName': 'Brest Cedex 9', 'PostalZone': '29240', 'Country': 'FRA'};150000966;True;ECOLE NAVALE;Ecole navale;;;services;;;;360.0;True;700000.0;False;{'StreetName': None, 'CityName': None, 'PostalZone': None, 'NUTS': None, 'Country': None};avec remise en concurrence;;26-94531;;;60000.0;LOT-0003;79952000;600000.0;3;0.0;;Location de structures pour prestation événementielle au profit de l’École navale.;ouverte;2026-04;3.0;;;True;False;False;;7383.0;Établissement public national à caractère scientifique culturel et professionnel ;;<NA>;2002-01-01;85.42Z;2008;;;;;;<NA>;;;;;<NA>;<NA>;;;;;;;;;;;;;;;;
False;;;True;False;False;non attribue;;;False;;;2026-10-02;{'StreetName': '13 rue du Chatellier', 'AdditionalStreetName': None, 'CityName': '29228', 'PostalZone': 'Brest', 'Country': 'FRA'};130003981;True;SERVICE HYDROGRAPHIQUE ET OCEANOGRAPHIQUE DE LA MARINE;EPA Shom;;;services;;;;;False;;False;{'StreetName': None, 'CityName': None, 'PostalZone': None, 'NUTS': 'FRH02', 'Country': 'FRA'};;;26-94850;;;;LOT-0001;72310000;;1;1.0;;Traitement de données Lidar topographiques et bathymétriques en Nouvelle-Calédonie;ouverte;Shom_26MA05;;;;False;False;False;;7389.0;Établissement public national à caractère administratif ;250  à  499;<NA>;2007-05-11;84.11Z;2008;;;;;;<NA>;;;;;<NA>;<NA>;;;;;(48.40948, -4.50731);Brest;Finistère;Bretagne;;;;;;;;
False;['77310000'];;True;True;False;attribue;{'StreetName': '31 Che Des Vignes', 'AdditionalStreetName': None, 'CityName': 'La Balme-De-Sillingy', 'PostalZone': '74330', 'Country': 'FRA'};399007350;False;POINT VERT SERVICES;POINT VERT SERVICES;2026-10-02;{'StreetName': '46, avenue des Iles', 'AdditionalStreetName': None, 'CityName': 'Annecy', 'PostalZone': '74007', 'Country': 'FRA'};200066793;False;GRAND ANNECY;GRAND ANNECY;;;services;['Valeur technique', 'Prix'];['technique', 'prix'];[40.0, 60.0];;False;;False;;sans remise en concurrence;;26-94402;25-18393;162000.0;220000000.0;LOT-0001;77310000;483000.0;3;2.0;2.0;Prestation de broyage à domicile pour valoriser les végétaux sur le territoire du Grand Annecy;ouverte;20250075;;False;False;False;False;False;;7348.0;Communauté d'agglomération ;1 000  à  1 999;False;2017-01-01;84.11Z;2008;5499.0;Société à responsabilité limitée (sans autre indication);10  à  19;False;<NA>;2008;N;81;81.3;81.3;81.30Z;1994-11-04;(45.975416, 6.028623);La Balme-de-Sillingy;Haute-Savoie;Auvergne-Rhône-Alpes;;;;;;;;;;;;
False;['77310000'];;True;True;False;attribue;{'StreetName': '31 Che Des Vignes', 'AdditionalStreetName': None, 'CityName': 'La Balme-De-Sillingy', 'PostalZone': '74330', 'Country': 'FRA'};399007350;False;POINT VERT SERVICES;POINT VERT SERVICES;2026-10-02;{'StreetName': '46, avenue des Iles', 'AdditionalStreetName': None, 'CityName': 'Annecy', 'PostalZone': '74007', 'Country': 'FRA'};200066793;False;GRAND ANNECY;GRAND ANNECY;;;services;['Valeur technique', 'Prix'];['technique', 'prix'];[40.0, 60.0];;False;;False;;sans remise en concurrence;;26-94402;25-18393;216000.0;3700000.0;LOT-0002;77310000;483000.0;3;1.0;1.0;Prestation de broyage à domicile pour valoriser les végétaux sur le territoire du Grand Annecy;ouverte;20250075;;False;False;False;False;False;;7348.0;Communauté d'agglomération ;1 000  à  1 999;False;2017-01-01;84.11Z;2008;5499.0;Société à responsabilité limitée (sans autre indication);10  à  19;False;<NA>;2008;N;81;81.3;81.3;81.30Z;1994-11-04;(45.975416, 6.028623);La Balme-de-Sillingy;Haute-Savoie;Auvergne-Rhône-Alpes;;;;;;;;;;;;
False;['77310000'];;True;True;False;attribue;{'StreetName': '31 Che Des Vignes', 'AdditionalStreetName': None, 'CityName': 'La Balme-De-Sillingy', 'PostalZone': '74330', 'Country': 'FRA'};399007350;False;POINT VERT SERVICES;POINT VERT SERVICES;2026-10-02;{'StreetName': '46, avenue des Iles', 'AdditionalStreetName': None, 'CityName': 'Annecy', 'PostalZone': '74007', 'Country': 'FRA'};200066793;False;GRAND ANNECY;GRAND ANNECY;;;services;['Valeur technique', 'Prix'];['technique', 'prix'];[40.0, 60.0];;False;;False;;sans remise en concurrence;;26-94402;25-18393;105000.0;;LOT-0003;77310000;483000.0;3;2.0;2.0;Prestation de broyage à domicile pour valoriser les végétaux sur le territoire du Grand Annecy;ouverte;20250075;;False;False;False;False;False;;7348.0;Communauté d'agglomération ;1 000  à  1 999;False;2017-01-01;84.11Z;2008;5499.0;Société à responsabilité limitée (sans autre indication);10  à  19;False;<NA>;2008;N;81;81.3;81.3;81.30Z;1994-11-04;(45.975416, 6.028623);La Balme-de-Sillingy;Haute-Savoie;Auvergne-Rhône-Alpes;;;;;;;;;;;;
False;['48900000', '48330000', '48430000', '48780000'];;True;True;False;attribue;{'StreetName': '14 Rue Du Lac', 'AdditionalStreetName': None, 'CityName': 'Crolles', 'PostalZone': '38920', 'Country': 'FRA'};890665193;False;UNICO FRANCE;UNICO France;2026-10-02;{'StreetName': '46, avenue des Iles', 'AdditionalStreetName': None, 'CityName': 'Annecy', 'PostalZone': '74007', 'Country': 'FRA'};200066793;False;GRAND ANNECY;GRAND ANNECY;;;fournitures;['Valeur technique (voir le Rc pour les sous-critères de chacun des deux lots)', 'Prix'];['technique', 'prix'];[60.0, 40.0];;False;;False;;sans remise en concurrence;;26-94403;;400000.0;;LOT-0001;48444100;800000.0;2;6.0;5.0;Acquisition, mise en oeuvre et maintenance de logiciels de suivi de collecte, de gestion des contenants et de facturation des professionnels;ouverte;20250076;;;;False;False;False;;7348.0;Communauté d'agglomération ;1 000  à  1 999;False;2017-01-01;84.11Z;2008;5710.0;SAS, société par actions simplifiée;10  à  19;False;<NA>;2008;M;71;71.1;71.12;71.12B;2020-10-12;(45.289124, 5.889672);Crolles;Isère;Auvergne-Rhône-Alpes;;;;;;;;;;;;
False;['48444100', '48330000', '48430000', '48780000'];;True;True;False;attribue;{'StreetName': '91 Av De La Republique', 'AdditionalStreetName': None, 'CityName': 'Paris 11', 'PostalZone': '75011', 'Country': 'FRA'};804489342;False;TEAM TOY 75;T.I.M. HD;2026-10-02;{'StreetName': '46, avenue des Iles', 'AdditionalStreetName': None, 'CityName': 'Annecy', 'PostalZone': '74007', 'Country': 'FRA'};200066793;False;GRAND ANNECY;GRAND ANNECY;;;fournitures;['Valeur technique (voir le Rc pour les sous-critères de chacun des deux lots)', 'Prix'];['technique', 'prix'];[60.0, 40.0];;False;;False;;sans remise en concurrence;;26-94403;;400000.0;;LOT-0002;48444100;800000.0;2;7.0;7.0;Acquisition, mise en oeuvre et maintenance de logiciels de suivi de collecte, de gestion des contenants et de facturation des professionnels;ouverte;20250076;;;;False;False;False;;7348.0;Communauté d'agglomération ;1 000  à  1 999;False;2017-01-01;84.11Z;2008;5710.0;SAS, société par actions simplifiée;50  à  99;False;<NA>;2008;G;45;45.1;45.11;45.11Z;2014-09-05;(48.863967, 2.382187);Paris;Paris;Île-de-France;;;;;;;;;;;;
False;['45111100'];;True;True;False;attribue;;;False;;;2026-10-02;{'StreetName': '2 Avenue Grüner', 'AdditionalStreetName': 'Cs 80257', 'CityName': 'Saint Etienne', 'PostalZone': '42006', 'Country': 'FRA'};244200770;False;SAINT-ETIENNE METROPOLE;Saint-Etienne Métropole;;;travaux;"['Valeur technique', ""Performances en matière de protection de l'environnement"", 'Prix des prestations']";['technique', 'environnemental', 'prix'];[30.0, 30.0, 40.0];;True;;False;;sans remise en concurrence;;26-94679;;8800000.0;;LOT-0001;45262522;26500000.0;2;4.0;;TRAVAUX DE DESAMIANTAGE, DEMOLITION, DECONSTRUCTION, MACONNERIE, REPRISE DE FACADES, TRAVAUX DIVERS ET DE DEPOLLUTION DE MATIERES LIQUIDES ET SOLIDES;ouverte;202631116;;;;False;True;False;;7344.0;Métropole;1 000  à  1 999;False;1995-12-21;84.11Z;2008;;;;;;<NA>;;;;;<NA>;<NA>;;;;;(45.439969, 4.397726);Saint-Étienne;Loire;Auvergne-Rhône-Alpes;;;;;;;;
False;['45111100'];;True;True;False;attribue;;;False;;;2026-10-02;{'StreetName': '2 Avenue Grüner', 'AdditionalStreetName': 'Cs 80257', 'CityName': 'Saint Etienne', 'PostalZone': '42006', 'Country': 'FRA'};244200770;False;SAINT-ETIENNE METROPOLE;Saint-Etienne Métropole;;;travaux;"['Valeur technique', ""Performances en matière de protection de l'environnement"", 'Prix des prestations']";['technique', 'environnemental', 'prix'];[30.0, 30.0, 40.0];;True;;False;;sans remise en concurrence;;26-94679;;17700000.0;;LOT-0002;45262522;26500000.0;2;3.0;;TRAVAUX DE DESAMIANTAGE, DEMOLITION, DECONSTRUCTION, MACONNERIE, REPRISE DE FACADES, TRAVAUX DIVERS ET DE DEPOLLUTION DE MATIERES LIQUIDES ET SOLIDES;ouverte;202631116;;;;False;True;False;;7344.0;Métropole;1 000  à  1 999;False;1995-12-21;84.11Z;2008;;;;;;<NA>;;;;;<NA>;<NA>;;;;;(45.439969, 4.397726);Saint-Étienne;Loire;Auvergne-Rhône-Alpes;;;;;;;;
False;;;True;True;False;attribue;{'StreetName': '93 avenue de Fontainebleau', 'AdditionalStreetName': None, 'CityName': 'LE KREMLIN-BICETRE', 'PostalZone': '94270', 'Country': 'FRA'};832336077;True;PROSERVE DASRI;PROSERVE DASRI;2026-10-02;{'StreetName': None, 'AdditionalStreetName': None, 'CityName': 'SAINT ETIENNE', 'PostalZone': '42055', 'Country': 'FRA'};264200304;True;CENTRE HOSPITALIER UNIVERSITAIRE;CHU DE SAINT ETIENNE;;2026-10-01Z;services;['-VALEUR TECHNIQUE note sur 50, déclinée de la manière suivante :\nOrganisation générale de la prestation : 15\nMoyens humains : 10\nMoyen matériel : 10\nConformité et traçabilité : 15\n-Engagement environnemental et RSE en lien avec l’objet du marché: note sur 10\n-VALEUR FINANCIERE note sur 40'];['environnemental & social'];;1440.0;False;;False;{'StreetName': None, 'CityName': 'SAINT ETIENNE', 'PostalZone': '42055', 'NUTS': 'FRK25', 'Country': 'FRA'};sans remise en concurrence;;26-94836;;436224.0;;LOT-0001;90524400;6000000.0;2;1.0;;Ght_HOT_2026-125_AOO_Collecte Et Élimination Des Déchets Dasri [2026-2030];ouverte;HOT_2026-125;;;;False;False;False;;7364.0;Établissement d'hospitalisation ;5 000  à  9 999;<NA>;1981-01-01;86.10Z;2008;5710.0;SAS, société par actions simplifiée;250  à  499;False;<NA>;2008;E;38;38.1;38.12;38.12Z;2017-11-01;(48.809695, 2.362647);Le Kremlin-Bicêtre;Val-de-Marne;Île-de-France;;Saint-Étienne;Loire;Auvergne-Rhône-Alpes;;;;;;;;
False;;;True;True;False;non attribue;;;False;;;2026-10-02;{'StreetName': None, 'AdditionalStreetName': None, 'CityName': 'SAINT ETIENNE', 'PostalZone': '42055', 'Country': 'FRA'};264200304;True;CENTRE HOSPITALIER UNIVERSITAIRE;CHU DE SAINT ETIENNE;;2026-10-01Z;services;['-VALEUR TECHNIQUE note sur 50, déclinée de la manière suivante :\nOrganisation générale de la prestation : 15\nMoyens humains : 10\nMoyen matériel : 10\nConformité et traçabilité : 15\n-Engagement environnemental et RSE en lien avec l’objet du marché: note sur 10\n-VALEUR FINANCIERE note sur 40'];['environnemental & social'];;1440.0;False;;False;{'StreetName': None, 'CityName': 'SAINT ETIENNE', 'PostalZone': '42055', 'NUTS': 'FRK25', 'Country': 'FRA'};sans remise en concurrence;;26-94836;;;;LOT-0002;90524400;6000000.0;2;1.0;;Ght_HOT_2026-125_AOO_Collecte Et Élimination Des Déchets Dasri [2026-2030];ouverte;HOT_2026-125;;;;False;False;False;;7364.0;Établissement d'hospitalisation ;5 000  à  9 999;<NA>;1981-01-01;86.10Z;2008;;;;;;<NA>;;;;;<NA>;<NA>;;;;;;Saint-Étienne;Loire;Auvergne-Rhône-Alpes;;;;;;;;
False;;;True;True;False;attribue;;;False;;;2026-10-02;{'StreetName': None, 'AdditionalStreetName': None, 'CityName': 'AMIENS', 'PostalZone': '80000', 'Country': 'FRA'};228000014;True;DEPARTEMENT DE LA SOMME;Conseil Départemental de la Somme;;;travaux;['Prix 50%', 'Valeur technique 40%', 'Valeur environnementale 10%'];['prix', 'technique', 'environnemental'];[50.0, 40.0, 10.0];;True;;False;{'StreetName': None, 'CityName': None, 'PostalZone': None, 'NUTS': None, 'Country': 'FRA'};hybride;;26-94648;;;;LOT-0001;45261410;3600000.0;16;4.0;;Travaux d’entretien courant, d’urgence et de mise en conformité hors réhabilitation et restructuration pour les services du Département de la Somme et du SDIS de la Somme.;ouverte;;;;;True;False;False;;7220.0;Département ;2 000  à  4 999;False;1978-01-01;84.11Z;2008;;;;;;<NA>;;;;;<NA>;<NA>;;;;;;Amiens;Somme;Hauts-de-France;;;;;;;;
False;;;True;True;False;attribue;;;False;;;2026-10-02;{'StreetName': None, 'AdditionalStreetName': None, 'CityName': 'AMIENS', 'PostalZone': '80000', 'Country': 'FRA'};228000014;True;DEPARTEMENT DE LA SOMME;Conseil Départemental de la Somme;;;travaux;['Prix 50%', 'Valeur technique 40%', 'Valeur environnementale 10%'];['prix', 'technique', 'environnemental'];[50.0, 40.0, 10.0];;True;;False;{'StreetName': None, 'CityName': None, 'PostalZone': None, 'NUTS': None, 'Country': 'FRA'};hybride;;26-94648;;;;LOT-0002;45421000;3600000.0;16;4.0;;Travaux d’entretien courant, d’urgence et de mise en conformité hors réhabilitation et restructuration pour les services du Département de la Somme et du SDIS de la Somme.;ouverte;;;;;True;False;False;;7220.0;Département ;2 000  à  4 999;False;1978-01-01;84.11Z;2008;;;;;;<NA>;;;;;<NA>;<NA>;;;;;;Amiens;Somme;Hauts-de-France;;;;;;;;
False;;;True;True;False;attribue;;;False;;;2026-10-02;{'StreetName': None, 'AdditionalStreetName': None, 'CityName': 'AMIENS', 'PostalZone': '80000', 'Country': 'FRA'};228000014;True;DEPARTEMENT DE LA SOMME;Conseil Départemental de la Somme;;;travaux;['Prix 50%', 'Valeur technique 40%', 'Valeur environnementale 10%'];['prix', 'technique', 'environnemental'];[50.0, 40.0, 10.0];;True;;False;{'StreetName': None, 'CityName': None, 'PostalZone': None, 'NUTS': None, 'Country': 'FRA'};hybride;;26-94648;;;;LOT-0003;45421000;3600000.0;16;4.0;;Travaux d’entretien courant, d’urgence et de mise en conformité hors réhabilitation et restructuration pour les services du Département de la Somme et du SDIS de la Somme.;ouverte;;;;;True;False;False;;7220.0;Département ;2 000  à  4 999;False;1978-01-01;84.11Z;2008;;;;;;<NA>;;;;;<NA>;<NA>;;;;;;Amiens;Somme;Hauts-de-France;;;;;;;;
False;;;True;True;False;attribue;;;False;;;2026-10-02;{'StreetName': None, 'AdditionalStreetName': None, 'CityName': 'AMIENS', 'PostalZone': '80000', 'Country': 'FRA'};228000014;True;DEPARTEMENT DE LA SOMME;Conseil Départemental de la Somme;;;travaux;['Prix 50%', 'Valeur technique 40%', 'Valeur environnementale 10%'];['prix', 'technique', 'environnemental'];[50.0, 40.0, 10.0];;True;;False;{'StreetName': None, 'CityName': None, 'PostalZone': None, 'NUTS': None, 'Country': 'FRA'};hybride;;26-94648;;;;LOT-0004;45421000;3600000.0;16;4.0;;Travaux d’entretien courant, d’urgence et de mise en conformité hors réhabilitation et restructuration pour les services du Département de la Somme et du SDIS de la Somme.;ouverte;;;;;True;False;False;;7220.0;Département ;2 000  à  4 999;False;1978-01-01;84.11Z;2008;;;;;;<NA>;;;;;<NA>;<NA>;;;;;;Amiens;Somme;Hauts-de-France;;;;;;;;
False;;;True;True;False;attribue;;;False;;;2026-10-02;{'StreetName': None, 'AdditionalStreetName': None, 'CityName': 'AMIENS', 'PostalZone': '80000', 'Country': 'FRA'};228000014;True;DEPARTEMENT DE LA SOMME;Conseil Départemental de la Somme;;;travaux;['Prix 50%', 'Valeur technique 40%', 'Valeur environnementale 10%'];['prix', 'technique', 'environnemental'];[50.0, 40.0, 10.0];;True;;False;{'StreetName': None, 'CityName': None, 'PostalZone': None, 'NUTS': None, 'Country': 'FRA'};hybride;;26-94648;;;;LOT-0005;45311200;3600000.0;16;3.0;;Travaux d’entretien courant, d’urgence et de mise en conformité hors réhabilitation et restructuration pour les services du Département de la Somme et du SDIS de la Somme.;ouverte;;;;;True;False;False;;7220.0;Département ;2 000  à  4 999;False;1978-01-01;84.11Z;2008;;;;;;<NA>;;;;;<NA>;<NA>;;;;;;Amiens;Somme;Hauts-de-France;;;;;;;;
False;;;True;True;False;attribue;;;False;;;2026-10-02;{'StreetName': None, 'AdditionalStreetName': None, 'CityName': 'AMIENS', 'PostalZone': '80000', 'Country': 'FRA'};228000014;True;DEPARTEMENT DE LA SOMME;Conseil Départemental de la Somme;;;travaux;['Prix 50%', 'Valeur technique 40%', 'Valeur environnementale 10%'];['prix', 'technique', 'environnemental'];[50.0, 40.0, 10.0];;True;;False;{'StreetName': None, 'CityName': None, 'PostalZone': None, 'NUTS': None, 'Country': 'FRA'};hybride;;26-94648;;;;LOT-0006;45311200;3600000.0;16;3.0;;Travaux d’entretien courant, d’urgence et de mise en conformité hors réhabilitation et restructuration pour les services du Département de la Somme et du SDIS de la Somme.;ouverte;;;;;True;False;False;;7220.0;Département ;2 000  à  4 999;False;1978-01-01;84.11Z;2008;;;;;;<NA>;;;;;<NA>;<NA>;;;;;;Amiens;Somme;Hauts-de-France;;;;;;;;
False;;;True;True;False;attribue;;;False;;;2026-10-02;{'StreetName': None, 'AdditionalStreetName': None, 'CityName': 'AMIENS', 'PostalZone': '80000', 'Country': 'FRA'};228000014;True;DEPARTEMENT DE LA SOMME;Conseil Départemental de la Somme;;;travaux;['Prix 50%', 'Valeur technique 40%', 'Valeur environnementale 10%'];['prix', 'technique', 'environnemental'];[50.0, 40.0, 10.0];;True;;False;{'StreetName': None, 'CityName': None, 'PostalZone': None, 'NUTS': None, 'Country': 'FRA'};hybride;;26-94648;;;;LOT-0007;45311200;3600000.0;16;3.0;;Travaux d’entretien courant, d’urgence et de mise en conformité hors réhabilitation et restructuration pour les services du Département de la Somme et du SDIS de la Somme.;ouverte;;;;;True;False;False;;7220.0;Département ;2 000  à  4 999;False;1978-01-01;84.11Z;2008;;;;;;<NA>;;;;;<NA>;<NA>;;;;;;Amiens;Somme;Hauts-de-France;;;;;;;;
False;;;True;True;False;attribue;;;False;;;2026-10-02;{'StreetName': None, 'AdditionalStreetName': None, 'CityName': 'AMIENS', 'PostalZone': '80000', 'Country': 'FRA'};228000014;True;DEPARTEMENT DE LA SOMME;Conseil Départemental de la Somme;;;travaux;['Prix 50%', 'Valeur technique 40%', 'Valeur environnementale 10%'];['prix', 'technique', 'environnemental'];[50.0, 40.0, 10.0];;True;;False;{'StreetName': None, 'CityName': None, 'PostalZone': None, 'NUTS': None, 'Country': 'FRA'};hybride;;26-94648;;;;LOT-0008;45260000;3600000.0;16;4.0;;Travaux d’entretien courant, d’urgence et de mise en conformité hors réhabilitation et restructuration pour les services du Département de la Somme et du SDIS de la Somme.;ouverte;;;;;True;False;False;;7220.0;Département ;2 000  à  4 999;False;1978-01-01;84.11Z;2008;;;;;;<NA>;;;;;<NA>;<NA>;;;;;;Amiens;Somme;Hauts-de-France;;;;;;;;
False;;;True;True;False;attribue;;;False;;;2026-10-02;{'StreetName': None, 'AdditionalStreetName': None, 'CityName': 'AMIENS', 'PostalZone': '80000', 'Country': 'FRA'};228000014;True;DEPARTEMENT DE LA SOMME;Conseil Départemental de la Somme;;;travaux;['Prix 50%', 'Valeur technique 40%', 'Valeur environnementale 10%'];['prix', 'technique', 'environnemental'];[50.0, 40.0, 10.0];;True;;False;{'StreetName': None, 'CityName': None, 'PostalZone': None, 'NUTS': None, 'Country': 'FRA'};hybride;;26-94648;;;;LOT-0009;45260000;3600000.0;16;3.0;;Travaux d’entretien courant, d’urgence et de mise en conformité hors réhabilitation et restructuration pour les services du Département de la Somme et du SDIS de la Somme.;ouverte;;;;;True;False;False;;7220.0;Département ;2 000  à  4 999;False;1978-01-01;84.11Z;2008;;;;;;<NA>;;;;;<NA>;<NA>;;;;;;Amiens;Somme;Hauts-de-France;;;;;;;;
False;;;True;True;False;attribue;;;False;;;2026-10-02;{'StreetName': None, 'AdditionalStreetName': None, 'CityName': 'AMIENS', 'PostalZone': '80000', 'Country': 'FRA'};228000014;True;DEPARTEMENT DE LA SOMME;Conseil Départemental de la Somme;;;travaux;['Prix 50%', 'Valeur technique 40%', 'Valeur environnementale 10%'];['prix', 'technique', 'environnemental'];[50.0, 40.0, 10.0];;True;;False;{'StreetName': None, 'CityName': None, 'PostalZone': None, 'NUTS': None, 'Country': 'FRA'};hybride;;26-94648;;;;LOT-0010;45260000;3600000.0;16;4.0;;Travaux d’entretien courant, d’urgence et de mise en conformité hors réhabilitation et restructuration pour les services du Département de la Somme et du SDIS de la Somme.;ouverte;;;;;True;False;False;;7220.0;Département ;2 000  à  4 999;False;1978-01-01;84.11Z;2008;;;;;;<NA>;;;;;<NA>;<NA>;;;;;;Amiens;Somme;Hauts-de-France;;;;;;;;
False;;;True;True;False;attribue;;;False;;;2026-10-02;{'StreetName': None, 'AdditionalStreetName': None, 'CityName': 'AMIENS', 'PostalZone': '80000', 'Country': 'FRA'};228000014;True;DEPARTEMENT DE LA SOMME;Conseil Départemental de la Somme;;;travaux;['Prix 50%', 'Valeur technique 40%', 'Valeur environnementale 10%'];['prix', 'technique', 'environnemental'];[50.0, 40.0, 10.0];;True;;False;{'StreetName': None, 'CityName': None, 'PostalZone': None, 'NUTS': None, 'Country': 'FRA'};hybride;;26-94648;;;;LOT-0011;45442100;3600000.0;16;3.0;;Travaux d’entretien courant, d’urgence et de mise en conformité hors réhabilitation et restructuration pour les services du Département de la Somme et du SDIS de la Somme.;ouverte;;;;;True;False;False;;7220.0;Département ;2 000  à  4 999;False;1978-01-01;84.11Z;2008;;;;;;<NA>;;;;;<NA>;<NA>;;;;;;Amiens;Somme;Hauts-de-France;;;;;;;;
False;;;True;True;False;attribue;;;False;;;2026-10-02;{'StreetName': None, 'AdditionalStreetName': None, 'CityName': 'AMIENS', 'PostalZone': '80000', 'Country': 'FRA'};228000014;True;DEPARTEMENT DE LA SOMME;Conseil Départemental de la Somme;;;travaux;['Prix 50%', 'Valeur technique 40%', 'Valeur environnementale 10%'];['prix', 'technique', 'environnemental'];[50.0, 40.0, 10.0];;True;;False;{'StreetName': None, 'CityName': None, 'PostalZone': None, 'NUTS': None, 'Country': 'FRA'};hybride;;26-94648;;;;LOT-0012;45442100;3600000.0;16;3.0;;Travaux d’entretien courant, d’urgence et de mise en conformité hors réhabilitation et restructuration pour les services du Département de la Somme et du SDIS de la Somme.;ouverte;;;;;True;False;False;;7220.0;Département ;2 000  à  4 999;False;1978-01-01;84.11Z;2008;;;;;;<NA>;;;;;<NA>;<NA>;;;;;;Amiens;Somme;Hauts-de-France;;;;;;;;
False;;;True;True;False;attribue;;;False;;;2026-10-02;{'StreetName': None, 'AdditionalStreetName': None, 'CityName': 'AMIENS', 'PostalZone': '80000', 'Country': 'FRA'};228000014;True;DEPARTEMENT DE LA SOMME;Conseil Départemental de la Somme;;;travaux;['Prix 50%', 'Valeur technique 40%', 'Valeur environnementale 10%'];['prix', 'technique', 'environnemental'];[50.0, 40.0, 10.0];;True;;False;{'StreetName': None, 'CityName': None, 'PostalZone': None, 'NUTS': None, 'Country': 'FRA'};hybride;;26-94648;;;;LOT-0013;45442100;3600000.0;16;3.0;;Travaux d’entretien courant, d’urgence et de mise en conformité hors réhabilitation et restructuration pour les services du Département de la Somme et du SDIS de la Somme.;ouverte;;;;;True;False;False;;7220.0;Département ;2 000  à  4 999;False;1978-01-01;84.11Z;2008;;;;;;<NA>;;;;;<NA>;<NA>;;;;;;Amiens;Somme;Hauts-de-France;;;;;;;;
False;;;True;True;False;attribue;;;False;;;2026-10-02;{'StreetName': None, 'AdditionalStreetName': None, 'CityName': 'AMIENS', 'PostalZone': '80000', 'Country': 'FRA'};228000014;True;DEPARTEMENT DE LA SOMME;Conseil Départemental de la Somme;;;travaux;['Prix 50%', 'Valeur technique 40%', 'Valeur environnementale 10%'];['prix', 'technique', 'environnemental'];[50.0, 40.0, 10.0];;True;;False;{'StreetName': None, 'CityName': None, 'PostalZone': None, 'NUTS': None, 'Country': 'FRA'};hybride;;26-94648;;;;LOT-0014;45432130;3600000.0;16;3.0;;Travaux d’entretien courant, d’urgence et de mise en conformité hors réhabilitation et restructuration pour les services du Département de la Somme et du SDIS de la Somme.;ouverte;;;;;True;False;False;;7220.0;Département ;2 000  à  4 999;False;1978-01-01;84.11Z;2008;;;;;;<NA>;;;;;<NA>;<NA>;;;;;;Amiens;Somme;Hauts-de-France;;;;;;;;
False;;;True;True;False;attribue;;;False;;;2026-10-02;{'StreetName': None, 'AdditionalStreetName': None, 'CityName': 'AMIENS', 'PostalZone': '80000', 'Country': 'FRA'};228000014;True;DEPARTEMENT DE LA SOMME;Conseil Départemental de la Somme;;;travaux;['Prix 50%', 'Valeur technique 40%', 'Valeur environnementale 10%'];['prix', 'technique', 'environnemental'];[50.0, 40.0, 10.0];;True;;False;{'StreetName': None, 'CityName': None, 'PostalZone': None, 'NUTS': None, 'Country': 'FRA'};hybride;;26-94648;;;;LOT-0015;45432130;3600000.0;16;3.0;;Travaux d’entretien courant, d’urgence et de mise en conformité hors réhabilitation et restructuration pour les services du Département de la Somme et du SDIS de la Somme.;ouverte;;;;;True;False;False;;7220.0;Département ;2 000  à  4 999;False;1978-01-01;84.11Z;2008;;;;;;<NA>;;;;;<NA>;<NA>;;;;;;Amiens;Somme;Hauts-de-France;;;;;;;;
False;;;True;True;False;attribue;;;False;;;2026-10-02;{'StreetName': None, 'AdditionalStreetName': None, 'CityName': 'AMIENS', 'PostalZone': '80000', 'Country': 'FRA'};228000014;True;DEPARTEMENT DE LA SOMME;Conseil Départemental de la Somme;;;travaux;['Prix 50%', 'Valeur technique 40%', 'Valeur environnementale 10%'];['prix', 'technique', 'environnemental'];[50.0, 40.0, 10.0];;True;;False;{'StreetName': None, 'CityName': None, 'PostalZone': None, 'NUTS': None, 'Country': 'FRA'};hybride;;26-94648;;;;LOT-0016;45432130;3600000.0;16;3.0;;Travaux d’entretien courant, d’urgence et de mise en conformité hors réhabilitation et restructuration pour les services du Département de la Somme et du SDIS de la Somme.;ouverte;;;;;True;False;False;;7220.0;Département ;2 000  à  4 999;False;1978-01-01;84.11Z;2008;;;;;;<NA>;;;;;<NA>;<NA>;;;;;;Amiens;Somme;Hauts-de-France;;;;;;;;
False;;;False;True;False;attribue;{'StreetName': None, 'AdditionalStreetName': None, 'CityName': 'MONT ST AIGNAN', 'PostalZone': '76130', 'Country': 'FRA'};613650696;True;TOUFLET BOULANGER;TOUFLET BOULANGER SA;2026-10-02;{'StreetName': 'AVENUE DE LA COTE DE NACRE', 'AdditionalStreetName': 'Immeuble Skyline - 22 Mail Pablo Picasso', 'CityName': 'CAEN CEDEX 9', 'PostalZone': '14033', 'Country': 'FRA'};261400931;True;CENTRE HOSPITALIER UNIVERSITAIRE DE CAEN NORMANDIE;CHRU CAEN;;;fournitures;['goût texture tenue dans le temps et composition nutritionnelle'];['delai'];;360.0;True;;False;{'StreetName': None, 'CityName': None, 'PostalZone': None, 'NUTS': 'FRD11', 'Country': 'FRA'};sans remise en concurrence;;26-94629;;1070700.0;;LOT-0001;15811100;;5;1.0;;Fourniture de pains et viennoiseries fraiches pour les besoins du GHT Normandie Centre;ouverte;GHT2026030;3.0;;;False;False;False;1249650.0;7364.0;Établissement d'hospitalisation ;5 000  à  9 999;False;1983-03-01;86.10Z;2008;5699.0;SA à directoire (s.a.i.);250  à  499;False;<NA>;2008;C;10;10.7;10.71;10.71A;1961-01-01;;Mont-Saint-Aignan;Seine-Maritime;Normandie;(49.199977, -0.360767);Caen;Calvados;Normandie;;;;;;;;
False;;;True;True;False;attribue;{'StreetName': None, 'AdditionalStreetName': None, 'CityName': 'MONT ST AIGNAN', 'PostalZone': '76130', 'Country': 'FRA'};613650696;True;TOUFLET BOULANGER;TOUFLET BOULANGER SA;2026-10-02;{'StreetName': 'AVENUE DE LA COTE DE NACRE', 'AdditionalStreetName': 'Immeuble Skyline - 22 Mail Pablo Picasso', 'CityName': 'CAEN CEDEX 9', 'PostalZone': '14033', 'Country': 'FRA'};261400931;True;CENTRE HOSPITALIER UNIVERSITAIRE DE CAEN NORMANDIE;CHRU CAEN;;;fournitures;['gout texture aspect et tenue dans le temps'];['delai'];;360.0;True;;False;{'StreetName': None, 'CityName': 'falaise', 'PostalZone': '14700', 'NUTS': 'FRD11', 'Country': 'FRA'};sans remise en concurrence;;26-94629;;15600.0;;LOT-0002;15811100;;5;1.0;;Fourniture de pains et viennoiseries fraiches pour les besoins du GHT Normandie Centre;ouverte;GHT2026030;3.0;;;False;False;False;1249650.0;7364.0;Établissement d'hospitalisation ;5 000  à  9 999;False;1983-03-01;86.10Z;2008;5699.0;SA à directoire (s.a.i.);250  à  499;False;<NA>;2008;C;10;10.7;10.71;10.71A;1961-01-01;;Mont-Saint-Aignan;Seine-Maritime;Normandie;(49.199977, -0.360767);Caen;Calvados;Normandie;;;;;;;;
False;;;True;True;False;attribue;{'StreetName': None, 'AdditionalStreetName': None, 'CityName': 'MONT ST AIGNAN', 'PostalZone': '76130', 'Country': 'FRA'};613650696;True;TOUFLET BOULANGER;TOUFLET BOULANGER SA;2026-10-02;{'StreetName': 'AVENUE DE LA COTE DE NACRE', 'AdditionalStreetName': 'Immeuble Skyline - 22 Mail Pablo Picasso', 'CityName': 'CAEN CEDEX 9', 'PostalZone': '14033', 'Country': 'FRA'};261400931;True;CENTRE HOSPITALIER UNIVERSITAIRE DE CAEN NORMANDIE;CHRU CAEN;;;fournitures;['gout texture aspect tenue dans le temps'];['delai'];;360.0;True;;False;{'StreetName': None, 'CityName': 'HONFLEUR', 'PostalZone': '14600', 'NUTS': 'FRD11', 'Country': 'FRA'};sans remise en concurrence;;26-94629;;99600.0;;LOT-0003;15811100;;5;2.0;;Fourniture de pains et viennoiseries fraiches pour les besoins du GHT Normandie Centre;ouverte;GHT2026030;3.0;;;False;False;False;1249650.0;7364.0;Établissement d'hospitalisation ;5 000  à  9 999;False;1983-03-01;86.10Z;2008;5699.0;SA à directoire (s.a.i.);250  à  499;False;<NA>;2008;C;10;10.7;10.71;10.71A;1961-01-01;;Mont-Saint-Aignan;Seine-Maritime;Normandie;(49.199977, -0.360767);Caen;Calvados;Normandie;;;;;;;;
False;;;True;True;False;attribue;{'StreetName': None, 'AdditionalStreetName': None, 'CityName': 'ARGENTAN', 'PostalZone': '61200', 'Country': 'FRA'};347220089;True;SA ARGENTAN DISTRIBUTION;E LECLERC SA ARGENTAN DISTRIBUTION;2026-10-02;{'StreetName': 'AVENUE DE LA COTE DE NACRE', 'AdditionalStreetName': 'Immeuble Skyline - 22 Mail Pablo Picasso', 'CityName': 'CAEN CEDEX 9', 'PostalZone': '14033', 'Country': 'FRA'};261400931;True;CENTRE HOSPITALIER UNIVERSITAIRE DE CAEN NORMANDIE;CHRU CAEN;;;fournitures;['qualité', 'qualité'];['qualite', 'qualite'];;360.0;True;;False;{'StreetName': None, 'CityName': 'Argentan', 'PostalZone': '61200', 'NUTS': 'FRD13', 'Country': 'FRA'};sans remise en concurrence;;26-94629;;63750.0;;LOT-0004;15811100;;5;2.0;;Fourniture de pains et viennoiseries fraiches pour les besoins du GHT Normandie Centre;ouverte;GHT2026030;3.0;;;False;False;False;1249650.0;7364.0;Établissement d'hospitalisation ;5 000  à  9 999;False;1983-03-01;86.10Z;2008;5710.0;SAS, société par actions simplifiée;200  à  249;False;<NA>;2008;G;47;47.1;47.11;47.11F;1972-01-01;;Argentan;Orne;Normandie;(49.199977, -0.360767);Caen;Calvados;Normandie;;;;;;;;
False;;;True;True;False;non attribue;;;False;;;2026-10-02;{'StreetName': 'AVENUE DE LA COTE DE NACRE', 'AdditionalStreetName': 'Immeuble Skyline - 22 Mail Pablo Picasso', 'CityName': 'CAEN CEDEX 9', 'PostalZone': '14033', 'Country': 'FRA'};261400931;True;CENTRE HOSPITALIER UNIVERSITAIRE DE CAEN NORMANDIE;CHRU CAEN;;;fournitures;['qualité'];['qualite'];;360.0;True;;False;{'StreetName': None, 'CityName': 'caen', 'PostalZone': '14000', 'NUTS': 'FRD11', 'Country': 'FRA'};sans remise en concurrence;;26-94629;;;;LOT-0005;15811100;;5;2.0;;Fourniture de pains et viennoiseries fraiches pour les besoins du GHT Normandie Centre;ouverte;GHT2026030;;;;False;False;False;1249650.0;7364.0;Établissement d'hospitalisation ;5 000  à  9 999;False;1983-03-01;86.10Z;2008;;;;;;<NA>;;;;;<NA>;<NA>;;;;;(49.199977, -0.360767);Caen;Calvados;Normandie;;;;;;;;
False;['15511000', '15550000', '15551000'];;True;True;False;attribue;{'StreetName': 'ZI du porzo-7 rue Antonin Carême-Kervignac', 'AdditionalStreetName': None, 'CityName': 'HENNEBONT', 'PostalZone': '56704', 'Country': 'FRA'};865500516;True;SO BREIZH;SOBREIZH;2026-10-02;"{'StreetName': ""Mairie, place de l'Hôtel de Ville"", 'AdditionalStreetName': None, 'CityName': 'SAINT-AVE', 'PostalZone': '56890', 'Country': 'FRA'}";215602061;True;COMMUNE DE SAINT AVE;Commune de Saint-Avé;;;fournitures;"[""Prix : 50% pour l'ensemble des lots"", ""Lots 1 à 3 :\nValeur technique : 25%\nQualité des produits : 25%\n\nLots 4 à 6 :\nValeur technique : 20%\nQualité des produits : 20%\nPerformances en matière de protection de l'environnement : 5%\nPerformances en matière de développement des approvisionnements directs de produits de l'agriculture : 5%\n\nLots 7 à 12 :\nValeur technique : 20%\nQualité des produits : 25%\nPerformances en matière de protection de l'environnement : 5%""]";['prix', 'environnemental'];;1460.0;True;;False;{'StreetName': None, 'CityName': 'Saint-Avé', 'PostalZone': '56890', 'NUTS': 'FRH04', 'Country': 'FRA'};sans remise en concurrence;;26-94781;;;;LOT-0001;15500000;2884000.0;12;4.0;;Achat de denrées alimentaires par la Commune et le Centre communal d'action sociale (CCAS) de Saint-Avé.;ouverte;Achat de denrées alimentaires;;;;False;False;False;;7210.0;Commune et commune nouvelle ;200  à  249;False;1983-03-01;84.11Z;2008;5710.0;SAS, société par actions simplifiée;100  à  199;False;False;2008;G;46;46.3;46.39;46.39B;1965-01-01;(47.788551, -3.229647);Kervignac;Morbihan;Bretagne;;;;;;;;;;;;
False;['15511000', '15540000', '15530000'];;True;True;False;attribue;{'StreetName': 'ZI du porzo-7 rue Antonin Carême-Kervignac', 'AdditionalStreetName': None, 'CityName': 'HENNEBONT', 'PostalZone': '56704', 'Country': 'FRA'};865500516;True;SO BREIZH;SOBREIZH;2026-10-02;"{'StreetName': ""Mairie, place de l'Hôtel de Ville"", 'AdditionalStreetName': None, 'CityName': 'SAINT-AVE', 'PostalZone': '56890', 'Country': 'FRA'}";215602061;True;COMMUNE DE SAINT AVE;Commune de Saint-Avé;;;fournitures;"[""Prix : 50% pour l'ensemble des lots"", ""Lots 1 à 3 :\nValeur technique : 25%\nQualité des produits : 25%\n\nLots 4 à 6 :\nValeur technique : 20%\nQualité des produits : 20%\nPerformances en matière de protection de l'environnement : 5%\nPerformances en matière de développement des approvisionnements directs de produits de l'agriculture : 5%\n\nLots 7 à 12 :\nValeur technique : 20%\nQualité des produits : 25%\nPerformances en matière de protection de l'environnement : 5%""]";['prix', 'environnemental'];;1460.0;True;;False;{'StreetName': None, 'CityName': 'Saint-Avé', 'PostalZone': '56890', 'NUTS': 'FRH04', 'Country': 'FRA'};sans remise en concurrence;;26-94781;;;;LOT-0002;03142500;2884000.0;12;3.0;;Achat de denrées alimentaires par la Commune et le Centre communal d'action sociale (CCAS) de Saint-Avé.;ouverte;Achat de denrées alimentaires;;;;False;False;False;;7210.0;Commune et commune nouvelle ;200  à  249;False;1983-03-01;84.11Z;2008;5710.0;SAS, société par actions simplifiée;100  à  199;False;False;2008;G;46;46.3;46.39;46.39B;1965-01-01;(47.788551, -3.229647);Kervignac;Morbihan;Bretagne;;;;;;;;;;;;
False;['15511000', '15540000', '15530000', '15550000', '15551000'];;True;True;False;attribue;{'StreetName': '4, rue Jacqueline Auriol', 'AdditionalStreetName': None, 'CityName': 'SAINT JACQUES DE LA LANDE', 'PostalZone': '35136', 'Country': 'FRA'};552044992;True;POMONA;POMONA PASSION FROID;2026-10-02;"{'StreetName': ""Mairie, place de l'Hôtel de Ville"", 'AdditionalStreetName': None, 'CityName': 'SAINT-AVE', 'PostalZone': '56890', 'Country': 'FRA'}";215602061;True;COMMUNE DE SAINT AVE;Commune de Saint-Avé;;;fournitures;"[""Prix : 50% pour l'ensemble des lots"", ""Lots 1 à 3 :\nValeur technique : 25%\nQualité des produits : 25%\n\nLots 4 à 6 :\nValeur technique : 20%\nQualité des produits : 20%\nPerformances en matière de protection de l'environnement : 5%\nPerformances en matière de développement des approvisionnements directs de produits de l'agriculture : 5%\n\nLots 7 à 12 :\nValeur technique : 20%\nQualité des produits : 25%\nPerformances en matière de protection de l'environnement : 5%""]";['prix', 'environnemental'];;1460.0;True;;False;{'StreetName': None, 'CityName': 'Saint-Avé', 'PostalZone': '56890', 'NUTS': 'FRH04', 'Country': 'FRA'};sans remise en concurrence;;26-94781;;;;LOT-0003;15500000;2884000.0;12;4.0;;Achat de denrées alimentaires par la Commune et le Centre communal d'action sociale (CCAS) de Saint-Avé.;ouverte;Achat de denrées alimentaires;;;;False;False;False;;7210.0;Commune et commune nouvelle ;200  à  249;False;1983-03-01;84.11Z;2008;5699.0;SA à directoire (s.a.i.);5 000  à  9 999;False;False;2008;G;46;46.3;46.39;46.39B;1955-01-01;(48.075687, -1.723784);Saint-Jacques-de-la-Lande;Ille-et-Vilaine;Bretagne;;;;;;;;;;;;
False;['15111000', '15111200', '15115000'];;True;True;False;attribue;{'StreetName': 'ZI du porzo-7 rue Antonin Carême-Kervignac', 'AdditionalStreetName': None, 'CityName': 'HENNEBONT', 'PostalZone': '56704', 'Country': 'FRA'};865500516;True;SO BREIZH;SOBREIZH;2026-10-02;"{'StreetName': ""Mairie, place de l'Hôtel de Ville"", 'AdditionalStreetName': None, 'CityName': 'SAINT-AVE', 'PostalZone': '56890', 'Country': 'FRA'}";215602061;True;COMMUNE DE SAINT AVE;Commune de Saint-Avé;;;fournitures;"[""Prix : 50% pour l'ensemble des lots"", ""Lots 1 à 3 :\nValeur technique : 25%\nQualité des produits : 25%\n\nLots 4 à 6 :\nValeur technique : 20%\nQualité des produits : 20%\nPerformances en matière de protection de l'environnement : 5%\nPerformances en matière de développement des approvisionnements directs de produits de l'agriculture : 5%\n\nLots 7 à 12 :\nValeur technique : 20%\nQualité des produits : 25%\nPerformances en matière de protection de l'environnement : 5%""]";['prix', 'environnemental'];;1460.0;True;;False;{'StreetName': None, 'CityName': 'Saint-Avé', 'PostalZone': '56890', 'NUTS': 'FRH04', 'Country': 'FRA'};sans remise en concurrence;;26-94781;;;;LOT-0004;15111100;2884000.0;12;2.0;;Achat de denrées alimentaires par la Commune et le Centre communal d'action sociale (CCAS) de Saint-Avé.;ouverte;Achat de denrées alimentaires;;;;False;False;False;;7210.0;Commune et commune nouvelle ;200  à  249;False;1983-03-01;84.11Z;2008;5710.0;SAS, société par actions simplifiée;100  à  199;False;False;2008;G;46;46.3;46.39;46.39B;1965-01-01;(47.788551, -3.229647);Kervignac;Morbihan;Bretagne;;;;;;;;;;;;
False;['15112100'];;True;True;False;attribue;{'StreetName': 'Zone Artisanale', 'AdditionalStreetName': None, 'CityName': 'LA VICOMTE SUR RANCE', 'PostalZone': '22690', 'Country': 'FRA'};310470828;True;VOLFRANCE;VOLFRANCE;2026-10-02;"{'StreetName': ""Mairie, place de l'Hôtel de Ville"", 'AdditionalStreetName': None, 'CityName': 'SAINT-AVE', 'PostalZone': '56890', 'Country': 'FRA'}";215602061;True;COMMUNE DE SAINT AVE;Commune de Saint-Avé;;;fournitures;"[""Prix : 50% pour l'ensemble des lots"", ""Lots 1 à 3 :\nValeur technique : 25%\nQualité des produits : 25%\n\nLots 4 à 6 :\nValeur technique : 20%\nQualité des produits : 20%\nPerformances en matière de protection de l'environnement : 5%\nPerformances en matière de développement des approvisionnements directs de produits de l'agriculture : 5%\n\nLots 7 à 12 :\nValeur technique : 20%\nQualité des produits : 25%\nPerformances en matière de protection de l'environnement : 5%""]";['prix', 'environnemental'];;1460.0;True;;False;{'StreetName': None, 'CityName': 'Saint-Avé', 'PostalZone': '56890', 'NUTS': 'FRH04', 'Country': 'FRA'};sans remise en concurrence;;26-94781;;;;LOT-0005;15112000;2884000.0;12;5.0;;Achat de denrées alimentaires par la Commune et le Centre communal d'action sociale (CCAS) de Saint-Avé.;ouverte;Achat de denrées alimentaires;;;;False;False;False;;7210.0;Commune et commune nouvelle ;200  à  249;False;1983-03-01;84.11Z;2008;5710.0;SAS, société par actions simplifiée;20  à  49;False;<NA>;2008;G;46;46.3;46.32;46.32C;1977-01-01;(48.491016, -1.977077);La Vicomté-sur-Rance;Côtes-d'Armor;Bretagne;;;;;;;;;;;;
False;['15131120'];;True;True;False;attribue;{'StreetName': '6, rue du grand Rhinolophe', 'AdditionalStreetName': None, 'CityName': 'MINIAC MORVAN', 'PostalZone': '35540', 'Country': 'FRA'};829192319;True;CHEVILLE 35;CHEVILLE 35 MAISON HARDY;2026-10-02;"{'StreetName': ""Mairie, place de l'Hôtel de Ville"", 'AdditionalStreetName': None, 'CityName': 'SAINT-AVE', 'PostalZone': '56890', 'Country': 'FRA'}";215602061;True;COMMUNE DE SAINT AVE;Commune de Saint-Avé;;;fournitures;"[""Prix : 50% pour l'ensemble des lots"", ""Lots 1 à 3 :\nValeur technique : 25%\nQualité des produits : 25%\n\nLots 4 à 6 :\nValeur technique : 20%\nQualité des produits : 20%\nPerformances en matière de protection de l'environnement : 5%\nPerformances en matière de développement des approvisionnements directs de produits de l'agriculture : 5%\n\nLots 7 à 12 :\nValeur technique : 20%\nQualité des produits : 25%\nPerformances en matière de protection de l'environnement : 5%""]";['prix', 'environnemental'];;1460.0;True;;False;{'StreetName': None, 'CityName': 'Saint-Avé', 'PostalZone': '56890', 'NUTS': 'FRH04', 'Country': 'FRA'};sans remise en concurrence;;26-94781;;;;LOT-0006;15113000;2884000.0;12;3.0;;Achat de denrées alimentaires par la Commune et le Centre communal d'action sociale (CCAS) de Saint-Avé.;ouverte;Achat de denrées alimentaires;;;;False;False;False;;7210.0;Commune et commune nouvelle ;200  à  249;False;1983-03-01;84.11Z;2008;5710.0;SAS, société par actions simplifiée;10  à  19;False;<NA>;2008;C;10;10.1;10.11;10.11Z;2017-04-20;(48.542157, -1.910683);Miniac-Morvan;Ille-et-Vilaine;Bretagne;;;;;;;;;;;;
False;['15894300', '15893100'];;True;True;False;attribue;{'StreetName': '4, rue Jacqueline Auriol', 'AdditionalStreetName': None, 'CityName': 'SAINT JACQUES DE LA LANDE', 'PostalZone': '35136', 'Country': 'FRA'};552044992;True;POMONA;POMONA PASSION FROID;2026-10-02;"{'StreetName': ""Mairie, place de l'Hôtel de Ville"", 'AdditionalStreetName': None, 'CityName': 'SAINT-AVE', 'PostalZone': '56890', 'Country': 'FRA'}";215602061;True;COMMUNE DE SAINT AVE;Commune de Saint-Avé;;;fournitures;"[""Prix : 50% pour l'ensemble des lots"", ""Lots 1 à 3 :\nValeur technique : 25%\nQualité des produits : 25%\n\nLots 4 à 6 :\nValeur technique : 20%\nQualité des produits : 20%\nPerformances en matière de protection de l'environnement : 5%\nPerformances en matière de développement des approvisionnements directs de produits de l'agriculture : 5%\n\nLots 7 à 12 :\nValeur technique : 20%\nQualité des produits : 25%\nPerformances en matière de protection de l'environnement : 5%""]";['prix', 'environnemental'];;1460.0;True;;False;{'StreetName': None, 'CityName': 'Saint-Avé', 'PostalZone': '56890', 'NUTS': 'FRH04', 'Country': 'FRA'};sans remise en concurrence;;26-94781;;;;LOT-0007;15894000;2884000.0;12;5.0;;Achat de denrées alimentaires par la Commune et le Centre communal d'action sociale (CCAS) de Saint-Avé.;ouverte;Achat de denrées alimentaires;;;;False;False;False;;7210.0;Commune et commune nouvelle ;200  à  249;False;1983-03-01;84.11Z;2008;5699.0;SA à directoire (s.a.i.);5 000  à  9 999;False;False;2008;G;46;46.3;46.39;46.39B;1955-01-01;(48.075687, -1.723784);Saint-Jacques-de-la-Lande;Ille-et-Vilaine;Bretagne;;;;;;;;;;;;
False;;;True;True;False;attribue;{'StreetName': 'ZI du porzo-7 rue Antonin Carême-Kervignac', 'AdditionalStreetName': None, 'CityName': 'HENNEBONT', 'PostalZone': '56704', 'Country': 'FRA'};865500516;True;SO BREIZH;SOBREIZH;2026-10-02;"{'StreetName': ""Mairie, place de l'Hôtel de Ville"", 'AdditionalStreetName': None, 'CityName': 'SAINT-AVE', 'PostalZone': '56890', 'Country': 'FRA'}";215602061;True;COMMUNE DE SAINT AVE;Commune de Saint-Avé;;;fournitures;"[""Prix : 50% pour l'ensemble des lots"", ""Lots 1 à 3 :\nValeur technique : 25%\nQualité des produits : 25%\n\nLots 4 à 6 :\nValeur technique : 20%\nQualité des produits : 20%\nPerformances en matière de protection de l'environnement : 5%\nPerformances en matière de développement des approvisionnements directs de produits de l'agriculture : 5%\n\nLots 7 à 12 :\nValeur technique : 20%\nQualité des produits : 25%\nPerformances en matière de protection de l'environnement : 5%""]";['prix', 'environnemental'];;1460.0;True;;False;{'StreetName': None, 'CityName': 'Saint-Avé', 'PostalZone': '56890', 'NUTS': 'FRH04', 'Country': 'FRA'};sans remise en concurrence;;26-94781;;;;LOT-0008;15896000;2884000.0;12;4.0;;Achat de denrées alimentaires par la Commune et le Centre communal d'action sociale (CCAS) de Saint-Avé.;ouverte;Achat de denrées alimentaires;;;;False;False;False;;7210.0;Commune et commune nouvelle ;200  à  249;False;1983-03-01;84.11Z;2008;5710.0;SAS, société par actions simplifiée;100  à  199;False;False;2008;G;46;46.3;46.39;46.39B;1965-01-01;(47.788551, -3.229647);Kervignac;Morbihan;Bretagne;;;;;;;;;;;;
False;['03221000'];;True;True;False;attribue;{'StreetName': '46, rue Alain Gerbault', 'AdditionalStreetName': None, 'CityName': 'VANNES', 'PostalZone': '56000', 'Country': 'FRA'};314911207;True;ETABLISSEMENTS LE ROUX;LE ROUX PRIMEUR;2026-10-02;"{'StreetName': ""Mairie, place de l'Hôtel de Ville"", 'AdditionalStreetName': None, 'CityName': 'SAINT-AVE', 'PostalZone': '56890', 'Country': 'FRA'}";215602061;True;COMMUNE DE SAINT AVE;Commune de Saint-Avé;;;fournitures;"[""Prix : 50% pour l'ensemble des lots"", ""Lots 1 à 3 :\nValeur technique : 25%\nQualité des produits : 25%\n\nLots 4 à 6 :\nValeur technique : 20%\nQualité des produits : 20%\nPerformances en matière de protection de l'environnement : 5%\nPerformances en matière de développement des approvisionnements directs de produits de l'agriculture : 5%\n\nLots 7 à 12 :\nValeur technique : 20%\nQualité des produits : 25%\nPerformances en matière de protection de l'environnement : 5%""]";['prix', 'environnemental'];;1460.0;True;;False;{'StreetName': None, 'CityName': 'Saint-Avé', 'PostalZone': '56890', 'NUTS': 'FRH04', 'Country': 'FRA'};sans remise en concurrence;;26-94781;;;;LOT-0009;15300000;2884000.0;12;4.0;;Achat de denrées alimentaires par la Commune et le Centre communal d'action sociale (CCAS) de Saint-Avé.;ouverte;Achat de denrées alimentaires;;;;False;False;False;;7210.0;Commune et commune nouvelle ;200  à  249;False;1983-03-01;84.11Z;2008;5710.0;SAS, société par actions simplifiée;10  à  19;False;<NA>;2008;G;46;46.3;46.31;46.31Z;1979-01-01;(47.664675, -2.730348);Vannes;Morbihan;Bretagne;;;;;;;;;;;;
False;['03221000'];;True;True;False;attribue;{'StreetName': 'Rue Lavoisier, ZI du Prat', 'AdditionalStreetName': None, 'CityName': 'VANNES', 'PostalZone': '56000', 'Country': 'FRA'};340716331;False;A S L G DISTRIBUTION;ARMOR FRUITS;2026-10-02;"{'StreetName': ""Mairie, place de l'Hôtel de Ville"", 'AdditionalStreetName': None, 'CityName': 'SAINT-AVE', 'PostalZone': '56890', 'Country': 'FRA'}";215602061;True;COMMUNE DE SAINT AVE;Commune de Saint-Avé;;;fournitures;"[""Prix : 50% pour l'ensemble des lots"", ""Lots 1 à 3 :\nValeur technique : 25%\nQualité des produits : 25%\n\nLots 4 à 6 :\nValeur technique : 20%\nQualité des produits : 20%\nPerformances en matière de protection de l'environnement : 5%\nPerformances en matière de développement des approvisionnements directs de produits de l'agriculture : 5%\n\nLots 7 à 12 :\nValeur technique : 20%\nQualité des produits : 25%\nPerformances en matière de protection de l'environnement : 5%""]";['prix', 'environnemental'];;1460.0;True;;False;{'StreetName': None, 'CityName': 'Saint-Avé', 'PostalZone': '56890', 'NUTS': 'FRH04', 'Country': 'FRA'};sans remise en concurrence;;26-94781;;;;LOT-0010;15300000;2884000.0;12;2.0;;Achat de denrées alimentaires par la Commune et le Centre communal d'action sociale (CCAS) de Saint-Avé.;ouverte;Achat de denrées alimentaires;;;;False;False;False;;7210.0;Commune et commune nouvelle ;200  à  249;False;1983-03-01;84.11Z;2008;5710.0;SAS, société par actions simplifiée;100  à  199;False;<NA>;2008;G;46;46.3;46.33;46.33Z;1987-04-01;(47.662357, -2.72137);Vannes;Morbihan;Bretagne;;;;;;;;;;;;
False;['15890000', '15893000'];;True;True;False;attribue;{'StreetName': '4, rue Jacqueline Auriol', 'AdditionalStreetName': None, 'CityName': 'SAINT JACQUES DE LA LANDE', 'PostalZone': '35136', 'Country': 'FRA'};476980321;True;POMONA EPISAVEURS;POMONA EPISAVEURS;2026-10-02;"{'StreetName': ""Mairie, place de l'Hôtel de Ville"", 'AdditionalStreetName': None, 'CityName': 'SAINT-AVE', 'PostalZone': '56890', 'Country': 'FRA'}";215602061;True;COMMUNE DE SAINT AVE;Commune de Saint-Avé;;;fournitures;"[""Prix : 50% pour l'ensemble des lots"", ""Lots 1 à 3 :\nValeur technique : 25%\nQualité des produits : 25%\n\nLots 4 à 6 :\nValeur technique : 20%\nQualité des produits : 20%\nPerformances en matière de protection de l'environnement : 5%\nPerformances en matière de développement des approvisionnements directs de produits de l'agriculture : 5%\n\nLots 7 à 12 :\nValeur technique : 20%\nQualité des produits : 25%\nPerformances en matière de protection de l'environnement : 5%""]";['prix', 'environnemental'];;1460.0;True;;False;{'StreetName': None, 'CityName': 'Saint-Avé', 'PostalZone': '56890', 'NUTS': 'FRH04', 'Country': 'FRA'};sans remise en concurrence;;26-94781;;;;LOT-0011;15800000;2884000.0;12;3.0;;Achat de denrées alimentaires par la Commune et le Centre communal d'action sociale (CCAS) de Saint-Avé.;ouverte;Achat de denrées alimentaires;;;;False;False;False;;7210.0;Commune et commune nouvelle ;200  à  249;False;1983-03-01;84.11Z;2008;5710.0;SAS, société par actions simplifiée;1 000  à  1 999;False;<NA>;2008;G;46;46.3;46.39;46.39B;1900-01-01;(48.075687, -1.723784);Saint-Jacques-de-la-Lande;Ille-et-Vilaine;Bretagne;;;;;;;;;;;;
False;['15890000', '15893000'];;True;True;False;attribue;{'StreetName': '4, rue Jacqueline Auriol', 'AdditionalStreetName': None, 'CityName': 'SAINT JACQUES DE LA LANDE', 'PostalZone': '35136', 'Country': 'FRA'};476980321;True;POMONA EPISAVEURS;POMONA EPISAVEURS;2026-10-02;"{'StreetName': ""Mairie, place de l'Hôtel de Ville"", 'AdditionalStreetName': None, 'CityName': 'SAINT-AVE', 'PostalZone': '56890', 'Country': 'FRA'}";215602061;True;COMMUNE DE SAINT AVE;Commune de Saint-Avé;;;fournitures;"[""Prix : 50% pour l'ensemble des lots"", ""Lots 1 à 3 :\nValeur technique : 25%\nQualité des produits : 25%\n\nLots 4 à 6 :\nValeur technique : 20%\nQualité des produits : 20%\nPerformances en matière de protection de l'environnement : 5%\nPerformances en matière de développement des approvisionnements directs de produits de l'agriculture : 5%\n\nLots 7 à 12 :\nValeur technique : 20%\nQualité des produits : 25%\nPerformances en matière de protection de l'environnement : 5%""]";['prix', 'environnemental'];;1460.0;True;;False;{'StreetName': None, 'CityName': 'Saint-Avé', 'PostalZone': '56890', 'NUTS': 'FRH04', 'Country': 'FRA'};sans remise en concurrence;;26-94781;;;;LOT-0012;15800000;2884000.0;12;3.0;;Achat de denrées alimentaires par la Commune et le Centre communal d'action sociale (CCAS) de Saint-Avé.;ouverte;Achat de denrées alimentaires;;;;False;False;False;;7210.0;Commune et commune nouvelle ;200  à  249;False;1983-03-01;84.11Z;2008;5710.0;SAS, société par actions simplifiée;1 000  à  1 999;False;<NA>;2008;G;46;46.3;46.39;46.39B;1900-01-01;(48.075687, -1.723784);Saint-Jacques-de-la-Lande;Ille-et-Vilaine;Bretagne;;;;;;;;;;;;
False;;;True;False;False;attribue;{'StreetName': None, 'AdditionalStreetName': None, 'CityName': 'BOURG-EN-BRESSE', 'PostalZone': '01000', 'Country': 'FRA'};433755923;True;DELERS ASSOCIES;DELERS ASSOCIES;2026-10-02;{'StreetName': '200 avenue du Capitaine Dhonne', 'AdditionalStreetName': None, 'CityName': 'BOURG-EN-BRESSE', 'PostalZone': '01000', 'Country': 'FRA'};280112004;True;SCE DEPARTEMENTAL INCENDIE ET SECOURS;"Service Départemental d&#039;Incendie et de Secours";;2026-04-22+02:00;services;"['Qualité du traitement architectural', 'Adéquation et qualité de réponse au programme', ""Qualité de l'approche environnementale"", ""Compatibilité avec l'enveloppe financière et calendrier""]";['qualite', 'qualite', 'environnemental', 'qualite'];[45.0, 25.0, 15.0, 15.0];;False;;False;{'StreetName': None, 'CityName': None, 'PostalZone': None, 'NUTS': 'FRK21', 'Country': 'FRA'};sans remise en concurrence;;26-94649;;264000.0;;LOT-0001;71000000;264000.0;1;3.0;;Concours de maîtrise d’oeuvre en vue de la construction du centre d'incendie et de secours SUD GESSIEN à FARGES - Phase Esquisse;restreinte;2025MOE022;;;;False;False;False;264000.0;7372.0;Service départemental d'incendie et de secours (SDIS);250  à  499;<NA>;1982-01-01;84.25Z;2008;5485.0;Société d'exercice libéral à responsabilité limitée ;6  à  9;<NA>;<NA>;2008;M;71;71.1;71.11;71.11Z;2000-10-01;;Bourg-en-Bresse;Ain;Auvergne-Rhône-Alpes;(46.218009, 5.243155);Bourg-en-Bresse;Ain;Auvergne-Rhône-Alpes;;;;;;;;
False;;;True;False;False;attribue;{'StreetName': '10 rue de la Taillanderie', 'AdditionalStreetName': None, 'CityName': 'TAGOLSHEIM', 'PostalZone': '68720', 'Country': 'FRA'};820977502;True;DOSDA SCHRECK ARCHITECTES;DOSDA SCHRECK Architectes;2026-10-02;{'StreetName': '7 rue de Bâle', 'AdditionalStreetName': None, 'CityName': 'Dannemarie', 'PostalZone': '68210', 'Country': 'FRA'};200066033;True;CC SUD ALSACE LARGUE;Communauté de Communes Sud Alsace Largue (68);;;services;['•\tDe la proposition d’honoraires sur 80 points.\n•\tDu taux de tolérance études sur 10 points.\n•\tDu taux de tolérance travaux sur 10 points.', '•\tNote méthodologique sur 70 points \n•\tProposition de planning sur 30 points'];['prix', 'delai'];;;False;;True;;;;26-94483;;239950.0;;LOT-0001;71000000;;1;5.0;;Maitrise d’œuvre relative au projet de Restructuration et d'Extension des bâtiments de la Maison de la Nature du Sundgau à Altenach;negociee;CCSAL_BAT_MNS_2026_01;;;;False;False;False;239950.0;7346.0;Communauté de communes ;100  à  199;<NA>;2017-01-01;84.11Z;2008;5499.0;Société à responsabilité limitée (sans autre indication);;<NA>;<NA>;2008;M;71;71.1;71.11;71.11Z;2016-06-13;(47.657191, 7.266543);Tagolsheim;Haut-Rhin;Grand Est;(47.629653, 7.119068);Dannemarie;Haut-Rhin;Grand Est;;;;;;;;
False;;;True;False;False;attribue;;;False;;;2026-10-02;{'StreetName': '74 avenue Roland Garros', 'AdditionalStreetName': None, 'CityName': 'Sainte-Marie', 'PostalZone': '97438', 'Country': 'FRA'};528194434;True;AEROPORT DE LA REUNION ROLAND GARROS;Aéroport de La Réunion Roland Garros (974);;;services;;;;990.0;True;;False;{'StreetName': '74 avenue Roland Garros', 'CityName': 'sainte marie', 'PostalZone': '97438', 'NUTS': 'FRY40', 'Country': 'FRA'};;;26-94553;;730268.0;550000.0;LOT-0001;71000000;;1;4.0;;Maîtrise d'œuvre pour les travaux de réhabilitation du Hall Public et de l'enregistrement de l'Aérogare départ de l'Aéroport La Réunion Roland Garros;negociee;;;;;False;False;False;730268.0;5699.0;SA à directoire (s.a.i.);250  à  499;False;2010-11-02;52.23Z;2008;;;;;;<NA>;;;;;<NA>;<NA>;;;;;(-20.891517, 55.511217);Sainte-Marie;La Réunion;;;;;;;;;
False;;;True;True;False;attribue;{'StreetName': None, 'AdditionalStreetName': None, 'CityName': 'ERSTEIN', 'PostalZone': '67158', 'Country': 'FRA'};668502966;True;WURTH FRANCE;Inconnu 668502966;2026-10-02;{'StreetName': '4 square Castan - CS 51857', 'AdditionalStreetName': None, 'CityName': 'Besancon', 'PostalZone': '25031', 'Country': 'FRA'};200053726;True;REGION BOURGOGNE-FRANCHE-COMTE;Région Bourgogne Franche-Comté;;;fournitures;['Prix', 'Qualité', 'Engagement environnemental, social et sociétal'];['prix', 'qualite', 'environnemental & social'];[30.0, 50.0, 20.0];360.0;False;;False;;sans remise en concurrence;;26-94620;;20000.0;;LOT-0001;18100000;1915000.0;16;7.0;;Fourniture d'équipements de protection individuelle et de vêtements de travail pour les services de la Région Bourgogne Franche Comté;ouverte;2026-10F02-001;3.0;;;False;False;False;;7230.0;Région ;5 000  à  9 999;False;2016-01-01;84.11Z;2008;5710.0;SAS, société par actions simplifiée;2 000  à  4 999;False;False;2008;G;46;46.7;46.74;46.74A;1966-01-01;;Erstein;Bas-Rhin;Grand Est;(47.234547, 6.030397);Besançon;Doubs;Bourgogne-Franche-Comté;;;;;;;;
False;['18100000', '18830000'];;True;True;False;attribue;{'StreetName': None, 'AdditionalStreetName': None, 'CityName': '25056', 'PostalZone': '25000', 'Country': 'FRA'};316016971;True;PROTECTION INDIVIDUELLE COMTOISE;PROTECTION INDIVIDUELLE COMTOISE;2026-10-02;{'StreetName': '4 square Castan - CS 51857', 'AdditionalStreetName': None, 'CityName': 'Besancon', 'PostalZone': '25031', 'Country': 'FRA'};200053726;True;REGION BOURGOGNE-FRANCHE-COMTE;Région Bourgogne Franche-Comté;;;fournitures;['Prix', 'Qualité', 'Engagement environnemental, social et sociétal'];['prix', 'qualite', 'environnemental & social'];[30.0, 50.0, 20.0];360.0;False;;False;;sans remise en concurrence;;26-94620;;135000.0;;LOT-0002;18143000;1915000.0;16;3.0;;Fourniture d'équipements de protection individuelle et de vêtements de travail pour les services de la Région Bourgogne Franche Comté;ouverte;2026-10F02-001;3.0;;;False;False;False;;7230.0;Région ;5 000  à  9 999;False;2016-01-01;84.11Z;2008;5710.0;SAS, société par actions simplifiée;3  à  5;False;<NA>;2008;G;46;46.6;46.69;46.69B;1979-01-01;;;;;(47.234547, 6.030397);Besançon;Doubs;Bourgogne-Franche-Comté;;;;;;;;
False;['18100000', '18830000'];;True;True;False;attribue;{'StreetName': None, 'AdditionalStreetName': None, 'CityName': '25056', 'PostalZone': '25000', 'Country': 'FRA'};316016971;True;PROTECTION INDIVIDUELLE COMTOISE;PROTECTION INDIVIDUELLE COMTOISE;2026-10-02;{'StreetName': '4 square Castan - CS 51857', 'AdditionalStreetName': None, 'CityName': 'Besancon', 'PostalZone': '25031', 'Country': 'FRA'};200053726;True;REGION BOURGOGNE-FRANCHE-COMTE;Région Bourgogne Franche-Comté;;;fournitures;['Prix', 'Qualité', 'Engagement environnemental, social et sociétal'];['prix', 'qualite', 'environnemental & social'];[30.0, 50.0, 20.0];360.0;False;;False;;sans remise en concurrence;;26-94620;;135000.0;;LOT-0003;18143000;1915000.0;16;5.0;;Fourniture d'équipements de protection individuelle et de vêtements de travail pour les services de la Région Bourgogne Franche Comté;ouverte;2026-10F02-001;3.0;;;False;False;False;;7230.0;Région ;5 000  à  9 999;False;2016-01-01;84.11Z;2008;5710.0;SAS, société par actions simplifiée;3  à  5;False;<NA>;2008;G;46;46.6;46.69;46.69B;1979-01-01;;;;;(47.234547, 6.030397);Besançon;Doubs;Bourgogne-Franche-Comté;;;;;;;;
False;['18100000', '18830000'];;True;True;False;attribue;{'StreetName': None, 'AdditionalStreetName': None, 'CityName': '53062', 'PostalZone': '53200', 'Country': 'FRA'};390145563;True;PROTECT'HOMS;PROTECT'HOMS;2026-10-02;{'StreetName': '4 square Castan - CS 51857', 'AdditionalStreetName': None, 'CityName': 'Besancon', 'PostalZone': '25031', 'Country': 'FRA'};200053726;True;REGION BOURGOGNE-FRANCHE-COMTE;Région Bourgogne Franche-Comté;;;fournitures;['Prix', 'Qualité', 'Engagement environnemental, social et sociétal'];['prix', 'qualite', 'environnemental & social'];[30.0, 50.0, 20.0];360.0;False;;False;;sans remise en concurrence;;26-94620;;45000.0;;LOT-0004;18143000;1915000.0;16;6.0;;Fourniture d'équipements de protection individuelle et de vêtements de travail pour les services de la Région Bourgogne Franche Comté;ouverte;2026-10F02-001;3.0;;;False;False;False;;7230.0;Région ;5 000  à  9 999;False;2016-01-01;84.11Z;2008;5710.0;SAS, société par actions simplifiée;100  à  199;False;<NA>;2008;G;46;46.6;46.69;46.69B;1993-03-01;;;;;(47.234547, 6.030397);Besançon;Doubs;Bourgogne-Franche-Comté;;;;;;;;
False;;;True;True;False;attribue;{'StreetName': None, 'AdditionalStreetName': None, 'CityName': '25056', 'PostalZone': '25000', 'Country': 'FRA'};316016971;True;PROTECTION INDIVIDUELLE COMTOISE;PROTECTION INDIVIDUELLE COMTOISE;2026-10-02;{'StreetName': '4 square Castan - CS 51857', 'AdditionalStreetName': None, 'CityName': 'Besancon', 'PostalZone': '25031', 'Country': 'FRA'};200053726;True;REGION BOURGOGNE-FRANCHE-COMTE;Région Bourgogne Franche-Comté;;;fournitures;['Prix', 'Qualité', 'Engagement environnemental, social et sociétal'];['prix', 'qualite', 'environnemental & social'];[30.0, 50.0, 20.0];360.0;False;;False;;sans remise en concurrence;;26-94620;;60000.0;;LOT-0005;18143000;1915000.0;16;7.0;;Fourniture d'équipements de protection individuelle et de vêtements de travail pour les services de la Région Bourgogne Franche Comté;ouverte;2026-10F02-001;3.0;;;False;False;False;;7230.0;Région ;5 000  à  9 999;False;2016-01-01;84.11Z;2008;5710.0;SAS, société par actions simplifiée;3  à  5;False;<NA>;2008;G;46;46.6;46.69;46.69B;1979-01-01;;;;;(47.234547, 6.030397);Besançon;Doubs;Bourgogne-Franche-Comté;;;;;;;;
False;['18100000', '18830000'];;True;True;False;attribue;{'StreetName': None, 'AdditionalStreetName': None, 'CityName': '25056', 'PostalZone': '25000', 'Country': 'FRA'};316016971;True;PROTECTION INDIVIDUELLE COMTOISE;PROTECTION INDIVIDUELLE COMTOISE;2026-10-02;{'StreetName': '4 square Castan - CS 51857', 'AdditionalStreetName': None, 'CityName': 'Besancon', 'PostalZone': '25031', 'Country': 'FRA'};200053726;True;REGION BOURGOGNE-FRANCHE-COMTE;Région Bourgogne Franche-Comté;;;fournitures;['Prix', 'Qualité', 'Engagement environnemental, social et sociétal'];['prix', 'qualite', 'environnemental & social'];[30.0, 50.0, 20.0];360.0;False;;False;;sans remise en concurrence;;26-94620;;350000.0;;LOT-0006;18143000;1915000.0;16;3.0;;Fourniture d'équipements de protection individuelle et de vêtements de travail pour les services de la Région Bourgogne Franche Comté;ouverte;2026-10F02-001;3.0;;;False;False;False;;7230.0;Région ;5 000  à  9 999;False;2016-01-01;84.11Z;2008;5710.0;SAS, société par actions simplifiée;3  à  5;False;<NA>;2008;G;46;46.6;46.69;46.69B;1979-01-01;;;;;(47.234547, 6.030397);Besançon;Doubs;Bourgogne-Franche-Comté;;;;;;;;
False;['18100000', '18830000'];;True;True;False;attribue;{'StreetName': None, 'AdditionalStreetName': None, 'CityName': '25056', 'PostalZone': '25000', 'Country': 'FRA'};316016971;True;PROTECTION INDIVIDUELLE COMTOISE;PROTECTION INDIVIDUELLE COMTOISE;2026-10-02;{'StreetName': '4 square Castan - CS 51857', 'AdditionalStreetName': None, 'CityName': 'Besancon', 'PostalZone': '25031', 'Country': 'FRA'};200053726;True;REGION BOURGOGNE-FRANCHE-COMTE;Région Bourgogne Franche-Comté;;;fournitures;['Prix', 'Qualité', 'Engagement environnemental, social et sociétal'];['prix', 'qualite', 'environnemental & social'];[30.0, 50.0, 20.0];360.0;False;;False;;sans remise en concurrence;;26-94620;;300000.0;;LOT-0007;18143000;1915000.0;16;5.0;;Fourniture d'équipements de protection individuelle et de vêtements de travail pour les services de la Région Bourgogne Franche Comté;ouverte;2026-10F02-001;3.0;;;False;False;False;;7230.0;Région ;5 000  à  9 999;False;2016-01-01;84.11Z;2008;5710.0;SAS, société par actions simplifiée;3  à  5;False;<NA>;2008;G;46;46.6;46.69;46.69B;1979-01-01;;;;;(47.234547, 6.030397);Besançon;Doubs;Bourgogne-Franche-Comté;;;;;;;;
False;['18100000', '18830000'];;True;True;False;attribue;{'StreetName': None, 'AdditionalStreetName': None, 'CityName': '53062', 'PostalZone': '53200', 'Country': 'FRA'};390145563;True;PROTECT'HOMS;PROTECT'HOMS;2026-10-02;{'StreetName': '4 square Castan - CS 51857', 'AdditionalStreetName': None, 'CityName': 'Besancon', 'PostalZone': '25031', 'Country': 'FRA'};200053726;True;REGION BOURGOGNE-FRANCHE-COMTE;Région Bourgogne Franche-Comté;;;fournitures;['Prix', 'Qualité', 'Engagement environnemental, social et sociétal'];['prix', 'qualite', 'environnemental & social'];[30.0, 50.0, 20.0];360.0;False;;False;;sans remise en concurrence;;26-94620;;110000.0;;LOT-0008;18143000;1915000.0;16;6.0;;Fourniture d'équipements de protection individuelle et de vêtements de travail pour les services de la Région Bourgogne Franche Comté;ouverte;2026-10F02-001;3.0;;;False;False;False;;7230.0;Région ;5 000  à  9 999;False;2016-01-01;84.11Z;2008;5710.0;SAS, société par actions simplifiée;100  à  199;False;<NA>;2008;G;46;46.6;46.69;46.69B;1993-03-01;;;;;(47.234547, 6.030397);Besançon;Doubs;Bourgogne-Franche-Comté;;;;;;;;
False;;;True;True;False;attribue;{'StreetName': None, 'AdditionalStreetName': None, 'CityName': 'ERSTEIN', 'PostalZone': '67158', 'Country': 'FRA'};668502966;True;WURTH FRANCE;Inconnu 668502966;2026-10-02;{'StreetName': '4 square Castan - CS 51857', 'AdditionalStreetName': None, 'CityName': 'Besancon', 'PostalZone': '25031', 'Country': 'FRA'};200053726;True;REGION BOURGOGNE-FRANCHE-COMTE;Région Bourgogne Franche-Comté;;;fournitures;['Prix', 'Qualité', 'Engagement environnemental, social et sociétal'];['prix', 'qualite', 'environnemental & social'];[30.0, 50.0, 20.0];360.0;False;;False;;sans remise en concurrence;;26-94620;;40000.0;;LOT-0009;18143000;1915000.0;16;7.0;;Fourniture d'équipements de protection individuelle et de vêtements de travail pour les services de la Région Bourgogne Franche Comté;ouverte;2026-10F02-001;3.0;;;False;False;False;;7230.0;Région ;5 000  à  9 999;False;2016-01-01;84.11Z;2008;5710.0;SAS, société par actions simplifiée;2 000  à  4 999;False;False;2008;G;46;46.7;46.74;46.74A;1966-01-01;;Erstein;Bas-Rhin;Grand Est;(47.234547, 6.030397);Besançon;Doubs;Bourgogne-Franche-Comté;;;;;;;;
False;['18100000', '18830000'];;True;True;False;attribue;{'StreetName': None, 'AdditionalStreetName': None, 'CityName': '25056', 'PostalZone': '25000', 'Country': 'FRA'};316016971;True;PROTECTION INDIVIDUELLE COMTOISE;PROTECTION INDIVIDUELLE COMTOISE;2026-10-02;{'StreetName': '4 square Castan - CS 51857', 'AdditionalStreetName': None, 'CityName': 'Besancon', 'PostalZone': '25031', 'Country': 'FRA'};200053726;True;REGION BOURGOGNE-FRANCHE-COMTE;Région Bourgogne Franche-Comté;;;fournitures;['Prix', 'Qualité', 'Engagement environnemental, social et sociétal'];['prix', 'qualite', 'environnemental & social'];[30.0, 50.0, 20.0];360.0;False;;False;;sans remise en concurrence;;26-94620;;255000.0;;LOT-0010;18143000;1915000.0;16;3.0;;Fourniture d'équipements de protection individuelle et de vêtements de travail pour les services de la Région Bourgogne Franche Comté;ouverte;2026-10F02-001;3.0;;;False;False;False;;7230.0;Région ;5 000  à  9 999;False;2016-01-01;84.11Z;2008;5710.0;SAS, société par actions simplifiée;3  à  5;False;<NA>;2008;G;46;46.6;46.69;46.69B;1979-01-01;;;;;(47.234547, 6.030397);Besançon;Doubs;Bourgogne-Franche-Comté;;;;;;;;
False;['18100000', '18830000'];;True;True;False;attribue;{'StreetName': None, 'AdditionalStreetName': None, 'CityName': '25056', 'PostalZone': '25000', 'Country': 'FRA'};316016971;True;PROTECTION INDIVIDUELLE COMTOISE;PROTECTION INDIVIDUELLE COMTOISE;2026-10-02;{'StreetName': '4 square Castan - CS 51857', 'AdditionalStreetName': None, 'CityName': 'Besancon', 'PostalZone': '25031', 'Country': 'FRA'};200053726;True;REGION BOURGOGNE-FRANCHE-COMTE;Région Bourgogne Franche-Comté;;;fournitures;['Prix', 'Qualité', 'Engagement environnemental, social et sociétal'];['prix', 'qualite', 'environnemental & social'];[30.0, 50.0, 20.0];360.0;False;;False;;sans remise en concurrence;;26-94620;;245000.0;;LOT-0011;18143000;1915000.0;16;5.0;;Fourniture d'équipements de protection individuelle et de vêtements de travail pour les services de la Région Bourgogne Franche Comté;ouverte;2026-10F02-001;3.0;;;False;False;False;;7230.0;Région ;5 000  à  9 999;False;2016-01-01;84.11Z;2008;5710.0;SAS, société par actions simplifiée;3  à  5;False;<NA>;2008;G;46;46.6;46.69;46.69B;1979-01-01;;;;;(47.234547, 6.030397);Besançon;Doubs;Bourgogne-Franche-Comté;;;;;;;;
False;['18100000', '18830000'];;True;True;False;attribue;{'StreetName': None, 'AdditionalStreetName': None, 'CityName': '53062', 'PostalZone': '53200', 'Country': 'FRA'};390145563;True;PROTECT'HOMS;PROTECT'HOMS;2026-10-02;{'StreetName': '4 square Castan - CS 51857', 'AdditionalStreetName': None, 'CityName': 'Besancon', 'PostalZone': '25031', 'Country': 'FRA'};200053726;True;REGION BOURGOGNE-FRANCHE-COMTE;Région Bourgogne Franche-Comté;;;fournitures;['Prix', 'Qualité', 'Engagement environnemental, social et sociétal'];['prix', 'qualite', 'environnemental & social'];[30.0, 50.0, 20.0];360.0;False;;False;;sans remise en concurrence;;26-94620;;80000.0;;LOT-0012;18143000;1915000.0;16;6.0;;Fourniture d'équipements de protection individuelle et de vêtements de travail pour les services de la Région Bourgogne Franche Comté;ouverte;2026-10F02-001;3.0;;;False;False;False;;7230.0;Région ;5 000  à  9 999;False;2016-01-01;84.11Z;2008;5710.0;SAS, société par actions simplifiée;100  à  199;False;<NA>;2008;G;46;46.6;46.69;46.69B;1993-03-01;;;;;(47.234547, 6.030397);Besançon;Doubs;Bourgogne-Franche-Comté;;;;;;;;
False;;;True;True;False;attribue;{'StreetName': None, 'AdditionalStreetName': None, 'CityName': 'ERSTEIN', 'PostalZone': '67158', 'Country': 'FRA'};668502966;True;WURTH FRANCE;Inconnu 668502966;2026-10-02;{'StreetName': '4 square Castan - CS 51857', 'AdditionalStreetName': None, 'CityName': 'Besancon', 'PostalZone': '25031', 'Country': 'FRA'};200053726;True;REGION BOURGOGNE-FRANCHE-COMTE;Région Bourgogne Franche-Comté;;;fournitures;['Prix', 'Qualité', 'Engagement environnemental, social et sociétal'];['prix', 'qualite', 'environnemental & social'];[30.0, 50.0, 20.0];360.0;False;;False;;sans remise en concurrence;;26-94620;;20000.0;;LOT-0013;18143000;1915000.0;16;7.0;;Fourniture d'équipements de protection individuelle et de vêtements de travail pour les services de la Région Bourgogne Franche Comté;ouverte;2026-10F02-001;3.0;;;False;False;False;;7230.0;Région ;5 000  à  9 999;False;2016-01-01;84.11Z;2008;5710.0;SAS, société par actions simplifiée;2 000  à  4 999;False;False;2008;G;46;46.7;46.74;46.74A;1966-01-01;;Erstein;Bas-Rhin;Grand Est;(47.234547, 6.030397);Besançon;Doubs;Bourgogne-Franche-Comté;;;;;;;;
False;['18100000', '18830000'];;True;True;False;attribue;{'StreetName': None, 'AdditionalStreetName': None, 'CityName': '25056', 'PostalZone': '25000', 'Country': 'FRA'};316016971;True;PROTECTION INDIVIDUELLE COMTOISE;PROTECTION INDIVIDUELLE COMTOISE;2026-10-02;{'StreetName': '4 square Castan - CS 51857', 'AdditionalStreetName': None, 'CityName': 'Besancon', 'PostalZone': '25031', 'Country': 'FRA'};200053726;True;REGION BOURGOGNE-FRANCHE-COMTE;Région Bourgogne Franche-Comté;;;fournitures;['Prix', 'Qualité', 'Engagement environnemental, social et sociétal'];['prix', 'qualite', 'environnemental & social'];[30.0, 50.0, 20.0];360.0;False;;False;;sans remise en concurrence;;26-94620;;100000.0;;LOT-0014;18143000;1915000.0;16;3.0;;Fourniture d'équipements de protection individuelle et de vêtements de travail pour les services de la Région Bourgogne Franche Comté;ouverte;2026-10F02-001;3.0;;;False;False;False;;7230.0;Région ;5 000  à  9 999;False;2016-01-01;84.11Z;2008;5710.0;SAS, société par actions simplifiée;3  à  5;False;<NA>;2008;G;46;46.6;46.69;46.69B;1979-01-01;;;;;(47.234547, 6.030397);Besançon;Doubs;Bourgogne-Franche-Comté;;;;;;;;
False;['18100000', '18830000'];;True;True;False;attribue;{'StreetName': None, 'AdditionalStreetName': None, 'CityName': '25056', 'PostalZone': '25000', 'Country': 'FRA'};316016971;True;PROTECTION INDIVIDUELLE COMTOISE;PROTECTION INDIVIDUELLE COMTOISE;2026-10-02;{'StreetName': '4 square Castan - CS 51857', 'AdditionalStreetName': None, 'CityName': 'Besancon', 'PostalZone': '25031', 'Country': 'FRA'};200053726;True;REGION BOURGOGNE-FRANCHE-COMTE;Région Bourgogne Franche-Comté;;;fournitures;['Prix', 'Qualité', 'Engagement environnemental, social et sociétal'];['prix', 'qualite', 'environnemental & social'];[30.0, 50.0, 20.0];360.0;False;;False;;sans remise en concurrence;;26-94620;;100000.0;;LOT-0015;18143000;1915000.0;16;5.0;;Fourniture d'équipements de protection individuelle et de vêtements de travail pour les services de la Région Bourgogne Franche Comté;ouverte;2026-10F02-001;3.0;;;False;False;False;;7230.0;Région ;5 000  à  9 999;False;2016-01-01;84.11Z;2008;5710.0;SAS, société par actions simplifiée;3  à  5;False;<NA>;2008;G;46;46.6;46.69;46.69B;1979-01-01;;;;;(47.234547, 6.030397);Besançon;Doubs;Bourgogne-Franche-Comté;;;;;;;;
False;['18100000', '18830000'];;True;True;False;attribue;{'StreetName': None, 'AdditionalStreetName': None, 'CityName': '25056', 'PostalZone': '25000', 'Country': 'FRA'};562821330;True;ETABLISSEMENTS BURDIN BOSSERT;ETABLISSEMENTS BURDIN BOSSERT;2026-10-02;{'StreetName': '4 square Castan - CS 51857', 'AdditionalStreetName': None, 'CityName': 'Besancon', 'PostalZone': '25031', 'Country': 'FRA'};200053726;True;REGION BOURGOGNE-FRANCHE-COMTE;Région Bourgogne Franche-Comté;;;fournitures;['Prix', 'Qualité', 'Engagement environnemental, social et sociétal'];['prix', 'qualite', 'environnemental & social'];[30.0, 50.0, 20.0];360.0;False;;False;;sans remise en concurrence;;26-94620;;40000.0;;LOT-0016;18143000;1915000.0;16;6.0;;Fourniture d'équipements de protection individuelle et de vêtements de travail pour les services de la Région Bourgogne Franche Comté;ouverte;2026-10F02-001;3.0;;;False;False;False;;7230.0;Région ;5 000  à  9 999;False;2016-01-01;84.11Z;2008;5710.0;SAS, société par actions simplifiée;200  à  249;False;False;2008;G;46;46.7;46.74;46.74A;1956-01-01;;;;;(47.234547, 6.030397);Besançon;Doubs;Bourgogne-Franche-Comté;;;;;;;;
False;;;False;False;False;attribue;{'StreetName': None, 'AdditionalStreetName': None, 'CityName': 'MUNICH', 'PostalZone': '81379', 'Country': 'DEU'};;False;;NANOTEMPER;2026-10-02;{'StreetName': None, 'AdditionalStreetName': None, 'CityName': 'DIJON cedex', 'PostalZone': '21065', 'Country': 'FRA'};180070039;False;INSTITUT NATIONAL DE RECHERCHE POUR L'AGRICULTURE L'ALIMENTATION ET L'ENVIRONNEMENT;INRAE;;2026-09-28+01:00;fournitures;['Exclusivité'];['qualite'];;180.0;True;;False;{'StreetName': None, 'CityName': None, 'PostalZone': None, 'NUTS': 'FRC11', 'Country': 'FRA'};;;26-94415;;293780.48;;LOT-0001;38434500;;1;1.0;;Acquisition de systèmes d’analyses capillaires pour la caractérisation multiparamétrique de la stabilité thermique et des interactions des protéines en solution;negociee;2026_INRAE_ANALYSE_CAPILLAIRES;;;;False;False;False;293780.48;7389.0;Établissement public national à caractère administratif ;10 000  et plus ;False;1982-01-01;72.19Z;2008;;;;;;<NA>;;;;;<NA>;<NA>;41.5257541;2.0997217;;;;Dijon;Côte-d'Or;Bourgogne-Franche-Comté;;;;;;;;
False;;;True;False;False;attribue;{'StreetName': '14 Rue Alain Colas', 'AdditionalStreetName': None, 'CityName': 'Perigny', 'PostalZone': '17274', 'Country': 'FRA'};423072743;True;NEUFOCA;Neufoca;2026-10-02;{'StreetName': '1238 RUE DU VIEUX CANDOL', 'AdditionalStreetName': None, 'CityName': 'SAINT-LO CEDEX', 'PostalZone': '50009', 'Country': 'FRA'};285000014;True;SCE DEPARTEMENTAL INCENDIE ET SECOURS;SDIS DE LA MANCHE;;;fournitures;['Prix', 'Valeur technique'];['prix', 'technique'];[50.0, 50.0];360.0;False;;False;{'StreetName': '1238 RUE DU VIEUX CANDOL', 'CityName': 'SAINT-LO CEDEX', 'PostalZone': '50009', 'NUTS': 'FRD11', 'Country': 'FRA'};sans remise en concurrence;;26-94536;;52670.0;;LOT-0001;34100000;107000.0;1;2.0;;FOURNITURE DE VEHICULE LEGER TOUT TERRAIN POUR LE SDIS DE LA MANCHE;ouverte;PPP1WQ-80/6063/2026GTL06;;;;False;False;False;52670.0;7372.0;Service départemental d'incendie et de secours (SDIS);250  à  499;<NA>;1982-01-01;84.25Z;2008;5710.0;SAS, société par actions simplifiée;6  à  9;False;<NA>;2008;C;29;29.2;29.2;29.20Z;1999-05-11;(46.160779, -1.116099);Périgny;Charente-Maritime;Nouvelle-Aquitaine;(49.099303, -1.109435);Saint-Lô;Manche;Normandie;;;;;;;;
False;;;True;True;False;attribue;{'StreetName': '29 Route de CAEN', 'AdditionalStreetName': None, 'CityName': 'Vire Normandie', 'PostalZone': '14500', 'Country': 'FRA'};341566065;True;SACOA;SACOA;2026-10-02;{'StreetName': '1238 RUE DU VIEUX CANDOL', 'AdditionalStreetName': None, 'CityName': 'SAINT-LO CEDEX', 'PostalZone': '50009', 'Country': 'FRA'};285000014;True;SCE DEPARTEMENTAL INCENDIE ET SECOURS;SDIS DE LA MANCHE;;;fournitures;['Prix', 'Valeur technique'];['prix', 'technique'];[40.0, 60.0];360.0;False;;False;{'StreetName': '1238 RUE DU VIEUX CANDOL', 'CityName': 'SAINT-LO CEDEX', 'PostalZone': '50009', 'NUTS': 'FRD11', 'Country': 'FRA'};sans remise en concurrence;;26-94539;;81819.2;;LOT-0001;34114100;304600.0;3;3.0;;FOURNITURE DE VEHICULES POUR LE SDIS DE LA MANCHE;ouverte;PPP1WQ-77/6067/2026GTL03-01;;;;False;False;False;;7372.0;Service départemental d'incendie et de secours (SDIS);250  à  499;<NA>;1982-01-01;84.25Z;2008;5710.0;SAS, société par actions simplifiée;20  à  49;False;<NA>;2008;G;45;45.1;45.11;45.11Z;1987-06-25;(48.857865, -0.876851);Vire Normandie;Calvados;Normandie;(49.099303, -1.109435);Saint-Lô;Manche;Normandie;;;;;;;;
False;;;True;True;False;attribue;{'StreetName': '29 Route de CAEN', 'AdditionalStreetName': None, 'CityName': 'Vire Normandie', 'PostalZone': '14500', 'Country': 'FRA'};341566065;True;SACOA;SACOA;2026-10-02;{'StreetName': '1238 RUE DU VIEUX CANDOL', 'AdditionalStreetName': None, 'CityName': 'SAINT-LO CEDEX', 'PostalZone': '50009', 'Country': 'FRA'};285000014;True;SCE DEPARTEMENTAL INCENDIE ET SECOURS;SDIS DE LA MANCHE;;;fournitures;['Prix', 'Valeur technique'];['prix', 'technique'];[50.0, 50.0];360.0;False;;False;{'StreetName': '1238 RUE DU VIEUX CANDOL', 'CityName': 'SAINT-LO CEDEX', 'PostalZone': '50009', 'NUTS': 'FRD11', 'Country': 'FRA'};sans remise en concurrence;;26-94539;;68416.0;;LOT-0002;34100000;304600.0;3;3.0;;FOURNITURE DE VEHICULES POUR LE SDIS DE LA MANCHE;ouverte;PPP1WQ-77/6067/2026GTL03-01;;;;False;False;False;;7372.0;Service départemental d'incendie et de secours (SDIS);250  à  499;<NA>;1982-01-01;84.25Z;2008;5710.0;SAS, société par actions simplifiée;20  à  49;False;<NA>;2008;G;45;45.1;45.11;45.11Z;1987-06-25;(48.857865, -0.876851);Vire Normandie;Calvados;Normandie;(49.099303, -1.109435);Saint-Lô;Manche;Normandie;;;;;;;;
False;;;True;True;False;attribue;{'StreetName': '29 Route de CAEN', 'AdditionalStreetName': None, 'CityName': 'Vire Normandie', 'PostalZone': '14500', 'Country': 'FRA'};341566065;True;SACOA;SACOA;2026-10-02;{'StreetName': '1238 RUE DU VIEUX CANDOL', 'AdditionalStreetName': None, 'CityName': 'SAINT-LO CEDEX', 'PostalZone': '50009', 'Country': 'FRA'};285000014;True;SCE DEPARTEMENTAL INCENDIE ET SECOURS;SDIS DE LA MANCHE;;;fournitures;['Prix', 'Valeur technique'];['prix', 'technique'];[50.0, 50.0];360.0;False;;False;{'StreetName': '1238 RUE DU VIEUX CANDOL', 'CityName': 'SAINT-LO CEDEX', 'PostalZone': '50009', 'NUTS': 'FRD11', 'Country': 'FRA'};sans remise en concurrence;;26-94539;;130110.0;;LOT-0003;34114100;304600.0;3;3.0;;FOURNITURE DE VEHICULES POUR LE SDIS DE LA MANCHE;ouverte;PPP1WQ-77/6067/2026GTL03-01;;;;False;False;False;;7372.0;Service départemental d'incendie et de secours (SDIS);250  à  499;<NA>;1982-01-01;84.25Z;2008;5710.0;SAS, société par actions simplifiée;20  à  49;False;<NA>;2008;G;45;45.1;45.11;45.11Z;1987-06-25;(48.857865, -0.876851);Vire Normandie;Calvados;Normandie;(49.099303, -1.109435);Saint-Lô;Manche;Normandie;;;;;;;;
False;['45262660'];;True;True;False;attribue;{'StreetName': '457 Rte De Saint Augustin', 'AdditionalStreetName': None, 'CityName': 'Saint-Germain-Des-Pres', 'PostalZone': '49170', 'Country': 'FRA'};413395104;False;BERENGIER DEPOLLUTION;BERENGIER DEPOLLUTION;2026-10-02;{'StreetName': '1 Square Jacques Chirac', 'AdditionalStreetName': None, 'CityName': 'Limoges Cedex 1', 'PostalZone': '87031', 'Country': 'FRA'};218708501;False;COMMUNE DE LIMOGES;VILLE DE LIMOGES;;;travaux;"[""Valeur technique de l'offre"", 'Prix']";['technique', 'prix'];[60.0, 40.0];;False;;False;;;;26-94405;;179970.0;;LOT-0001;45214200;;18;11.0;;NPNRU Gérard Philipe - Restructuration du groupe scolaire;ouverte;V6F090;;;;True;False;True;6336779.96;7210.0;Commune et commune nouvelle ;2 000  à  4 999;False;1969-07-01;84.11Z;2008;5710.0;SAS, société par actions simplifiée;50  à  99;False;<NA>;2008;E;39;39.0;39.0;39.00Z;1997-09-01;(47.415294, -0.82842);Saint-Germain-des-Prés;Maine-et-Loire;Pays de la Loire;(45.826609, 1.260348);Limoges;Haute-Vienne;Nouvelle-Aquitaine;;;;;;;;
False;['45231112'];;True;True;False;attribue;{'StreetName': 'Za Occitania', 'AdditionalStreetName': None, 'CityName': 'Bessines-Sur-Gartempe', 'PostalZone': '87250', 'Country': 'FRA'};324145184;False;SARL GAVANIER;SARL GAVANIER;2026-10-02;{'StreetName': '1 Square Jacques Chirac', 'AdditionalStreetName': None, 'CityName': 'Limoges Cedex 1', 'PostalZone': '87031', 'Country': 'FRA'};218708501;False;COMMUNE DE LIMOGES;VILLE DE LIMOGES;;;travaux;"[""Valeur technique de l'offre"", 'Prix']";['technique', 'prix'];[60.0, 40.0];;False;;False;;;;26-94405;;162663.0;;LOT-0002;45214200;;18;1.0;;NPNRU Gérard Philipe - Restructuration du groupe scolaire;ouverte;V6F090;;;;True;False;True;6336779.96;7210.0;Commune et commune nouvelle ;2 000  à  4 999;False;1969-07-01;84.11Z;2008;5499.0;Société à responsabilité limitée (sans autre indication);20  à  49;False;<NA>;2008;F;43;43.1;43.12;43.12A;1972-01-01;(46.113051, 1.359872);Bessines-sur-Gartempe;Haute-Vienne;Nouvelle-Aquitaine;(45.826609, 1.260348);Limoges;Haute-Vienne;Nouvelle-Aquitaine;;;;;;;;
False;['45111000'];;True;True;False;attribue;{'StreetName': '11 Chabanne', 'AdditionalStreetName': None, 'CityName': 'Saint-Victor-En-Marche', 'PostalZone': '23000', 'Country': 'FRA'};818249799;False;MOMMERS HABITAT CONSTRUCTION;Mommers Habitat Construction;2026-10-02;{'StreetName': '1 Square Jacques Chirac', 'AdditionalStreetName': None, 'CityName': 'Limoges Cedex 1', 'PostalZone': '87031', 'Country': 'FRA'};218708501;False;COMMUNE DE LIMOGES;VILLE DE LIMOGES;;;travaux;"[""Valeur technique de l'offre"", 'Prix']";['technique', 'prix'];[60.0, 40.0];;False;;False;;;;26-94405;;900002.5;;LOT-0003;45214200;;18;3.0;;NPNRU Gérard Philipe - Restructuration du groupe scolaire;ouverte;V6F090;;;;True;False;True;6336779.96;7210.0;Commune et commune nouvelle ;2 000  à  4 999;False;1969-07-01;84.11Z;2008;5710.0;SAS, société par actions simplifiée;10  à  19;False;<NA>;2008;F;43;43.9;43.99;43.99C;2016-02-15;(46.105795, 1.790274);Saint-Victor-en-Marche;Creuse;Nouvelle-Aquitaine;(45.826609, 1.260348);Limoges;Haute-Vienne;Nouvelle-Aquitaine;;;;;;;;
False;['45443000'];;True;True;False;attribue;{'StreetName': '12 Rue De La Flottiere', 'AdditionalStreetName': None, 'CityName': 'Joue-Les-Tours', 'PostalZone': '37300', 'Country': 'FRA'};452755671;False;EURO PEINTURE 37;euro peinture 37;2026-10-02;{'StreetName': '1 Square Jacques Chirac', 'AdditionalStreetName': None, 'CityName': 'Limoges Cedex 1', 'PostalZone': '87031', 'Country': 'FRA'};218708501;False;COMMUNE DE LIMOGES;VILLE DE LIMOGES;;;travaux;"[""Valeur technique de l'offre"", 'Prix']";['technique', 'prix'];[60.0, 40.0];;False;;False;;;;26-94405;;279824.5;;LOT-0004;45214200;;18;6.0;;NPNRU Gérard Philipe - Restructuration du groupe scolaire;ouverte;V6F090;;;;True;False;True;6336779.96;7210.0;Commune et commune nouvelle ;2 000  à  4 999;False;1969-07-01;84.11Z;2008;5710.0;SAS, société par actions simplifiée;100  à  199;False;<NA>;2008;F;43;43.2;43.29;43.29A;2004-03-16;(47.32096, 0.658258);Joué-lès-Tours;Indre-et-Loire;Centre-Val de Loire;(45.826609, 1.260348);Limoges;Haute-Vienne;Nouvelle-Aquitaine;;;;;;;;
False;['45261420'];;True;True;False;attribue;{'StreetName': '243 Av Des Casseaux', 'AdditionalStreetName': None, 'CityName': 'Limoges', 'PostalZone': '87000', 'Country': 'FRA'};682040837;False;SMAC;SMAC;2026-10-02;{'StreetName': '1 Square Jacques Chirac', 'AdditionalStreetName': None, 'CityName': 'Limoges Cedex 1', 'PostalZone': '87031', 'Country': 'FRA'};218708501;False;COMMUNE DE LIMOGES;VILLE DE LIMOGES;;;travaux;"[""Valeur technique de l'offre"", 'Prix']";['technique', 'prix'];[60.0, 40.0];;False;;False;;;;26-94405;;932115.69;;LOT-0005;45214200;;18;1.0;;NPNRU Gérard Philipe - Restructuration du groupe scolaire;ouverte;V6F090;;;;True;False;True;6336779.96;7210.0;Commune et commune nouvelle ;2 000  à  4 999;False;1969-07-01;84.11Z;2008;5710.0;SAS, société par actions simplifiée;2 000  à  4 999;False;<NA>;2008;F;43;43.9;43.99;43.99A;1968-01-01;(45.845074, 1.290221);Limoges;Haute-Vienne;Nouvelle-Aquitaine;(45.826609, 1.260348);Limoges;Haute-Vienne;Nouvelle-Aquitaine;;;;;;;;
False;['45421140'];;True;True;False;non attribue;;;False;;;2026-10-02;{'StreetName': '1 Square Jacques Chirac', 'AdditionalStreetName': None, 'CityName': 'Limoges Cedex 1', 'PostalZone': '87031', 'Country': 'FRA'};218708501;False;COMMUNE DE LIMOGES;VILLE DE LIMOGES;;;travaux;"[""Valeur technique de l'offre"", 'Prix']";['technique', 'prix'];[60.0, 40.0];;False;;False;;;;26-94405;;;;LOT-0006;45214200;;18;1.0;;NPNRU Gérard Philipe - Restructuration du groupe scolaire;ouverte;V6F090;;;;True;False;True;6336779.96;7210.0;Commune et commune nouvelle ;2 000  à  4 999;False;1969-07-01;84.11Z;2008;;;;;;<NA>;;;;;<NA>;<NA>;;;;;(45.826609, 1.260348);Limoges;Haute-Vienne;Nouvelle-Aquitaine;;;;;;;;
False;['45421130'];;True;True;False;attribue;{'StreetName': '384 Rue De Toulouse', 'AdditionalStreetName': None, 'CityName': 'Limoges', 'PostalZone': '87000', 'Country': 'FRA'};389818907;False;BRUNET;SOC INNOV-ALU;2026-10-02;{'StreetName': '1 Square Jacques Chirac', 'AdditionalStreetName': None, 'CityName': 'Limoges Cedex 1', 'PostalZone': '87031', 'Country': 'FRA'};218708501;False;COMMUNE DE LIMOGES;VILLE DE LIMOGES;;;travaux;"[""Valeur technique de l'offre"", 'Prix']";['technique', 'prix'];[60.0, 40.0];;False;;False;;;;26-94405;;648000.0;;LOT-0007;45214200;;18;4.0;;NPNRU Gérard Philipe - Restructuration du groupe scolaire;ouverte;V6F090;;;;True;False;True;6336779.96;7210.0;Commune et commune nouvelle ;2 000  à  4 999;False;1969-07-01;84.11Z;2008;5710.0;SAS, société par actions simplifiée;500  à  999;False;<NA>;2008;F;43;43.2;43.21;43.21A;1993-01-02;(45.804444, 1.290997);Limoges;Haute-Vienne;Nouvelle-Aquitaine;(45.826609, 1.260348);Limoges;Haute-Vienne;Nouvelle-Aquitaine;;;;;;;;
False;['45421150'];;True;True;False;attribue;{'StreetName': '8 Rue Jean Moulin', 'AdditionalStreetName': None, 'CityName': 'Fontaine-Le-Comte', 'PostalZone': '86240', 'Country': 'FRA'};411498561;False;GUILLON-BERGER;GUILLON-BERGER;2026-10-02;{'StreetName': '1 Square Jacques Chirac', 'AdditionalStreetName': None, 'CityName': 'Limoges Cedex 1', 'PostalZone': '87031', 'Country': 'FRA'};218708501;False;COMMUNE DE LIMOGES;VILLE DE LIMOGES;;;travaux;"[""Valeur technique de l'offre"", 'Prix']";['technique', 'prix'];[60.0, 40.0];;False;;False;;;;26-94405;;626020.03;;LOT-0008;45214200;;18;3.0;;NPNRU Gérard Philipe - Restructuration du groupe scolaire;ouverte;V6F090;;;;True;False;True;6336779.96;7210.0;Commune et commune nouvelle ;2 000  à  4 999;False;1969-07-01;84.11Z;2008;5710.0;SAS, société par actions simplifiée;10  à  19;False;<NA>;2008;F;43;43.3;43.32;43.32A;1997-04-01;;;;;(45.826609, 1.260348);Limoges;Haute-Vienne;Nouvelle-Aquitaine;;;;;;;;
False;['45410000'];;True;True;False;non attribue;;;False;;;2026-10-02;{'StreetName': '1 Square Jacques Chirac', 'AdditionalStreetName': None, 'CityName': 'Limoges Cedex 1', 'PostalZone': '87031', 'Country': 'FRA'};218708501;False;COMMUNE DE LIMOGES;VILLE DE LIMOGES;;;travaux;"[""Valeur technique de l'offre"", 'Prix']";['technique', 'prix'];[60.0, 40.0];;False;;False;;;;26-94405;;;;LOT-0009;45214200;;18;2.0;;NPNRU Gérard Philipe - Restructuration du groupe scolaire;ouverte;V6F090;;;;True;False;True;6336779.96;7210.0;Commune et commune nouvelle ;2 000  à  4 999;False;1969-07-01;84.11Z;2008;;;;;;<NA>;;;;;<NA>;<NA>;;;;;(45.826609, 1.260348);Limoges;Haute-Vienne;Nouvelle-Aquitaine;;;;;;;;
False;['45432111'];;True;True;False;attribue;{'StreetName': '46 Av Gabriel Peri', 'AdditionalStreetName': None, 'CityName': 'Limoges', 'PostalZone': '87000', 'Country': 'FRA'};322603853;False;SOLS BOUTIC;Sols Boutic;2026-10-02;{'StreetName': '1 Square Jacques Chirac', 'AdditionalStreetName': None, 'CityName': 'Limoges Cedex 1', 'PostalZone': '87031', 'Country': 'FRA'};218708501;False;COMMUNE DE LIMOGES;VILLE DE LIMOGES;;;travaux;"[""Valeur technique de l'offre"", 'Prix']";['technique', 'prix'];[60.0, 40.0];;False;;False;;;;26-94405;;223262.75;;LOT-0010;45214200;;18;2.0;;NPNRU Gérard Philipe - Restructuration du groupe scolaire;ouverte;V6F090;;;;True;False;True;6336779.96;7210.0;Commune et commune nouvelle ;2 000  à  4 999;False;1969-07-01;84.11Z;2008;5499.0;Société à responsabilité limitée (sans autre indication);10  à  19;<NA>;<NA>;2008;F;43;43.3;43.33;43.33Z;1981-09-07;(45.828748, 1.262535);Limoges;Haute-Vienne;Nouvelle-Aquitaine;(45.826609, 1.260348);Limoges;Haute-Vienne;Nouvelle-Aquitaine;;;;;;;;
False;['45432100'];;True;True;False;non attribue;;;False;;;2026-10-02;{'StreetName': '1 Square Jacques Chirac', 'AdditionalStreetName': None, 'CityName': 'Limoges Cedex 1', 'PostalZone': '87031', 'Country': 'FRA'};218708501;False;COMMUNE DE LIMOGES;VILLE DE LIMOGES;;;travaux;"[""Valeur technique de l'offre"", 'Prix']";['technique', 'prix'];[60.0, 40.0];;False;;False;;;;26-94405;;;;LOT-0011;45214200;;18;0.0;;NPNRU Gérard Philipe - Restructuration du groupe scolaire;ouverte;V6F090;;;;True;False;True;6336779.96;7210.0;Commune et commune nouvelle ;2 000  à  4 999;False;1969-07-01;84.11Z;2008;;;;;;<NA>;;;;;<NA>;<NA>;;;;;(45.826609, 1.260348);Limoges;Haute-Vienne;Nouvelle-Aquitaine;;;;;;;;
False;['45432130'];;True;True;False;non attribue;;;False;;;2026-10-02;{'StreetName': '1 Square Jacques Chirac', 'AdditionalStreetName': None, 'CityName': 'Limoges Cedex 1', 'PostalZone': '87031', 'Country': 'FRA'};218708501;False;COMMUNE DE LIMOGES;VILLE DE LIMOGES;;;travaux;"[""Valeur technique de l'offre"", 'Prix']";['technique', 'prix'];[60.0, 40.0];;False;;False;;;;26-94405;;;;LOT-0012;45214200;;18;6.0;;NPNRU Gérard Philipe - Restructuration du groupe scolaire;ouverte;V6F090;;;;True;False;True;6336779.96;7210.0;Commune et commune nouvelle ;2 000  à  4 999;False;1969-07-01;84.11Z;2008;;;;;;<NA>;;;;;<NA>;<NA>;;;;;(45.826609, 1.260348);Limoges;Haute-Vienne;Nouvelle-Aquitaine;;;;;;;;
False;['45313000'];;True;True;False;attribue;{'StreetName': '6 Rue De La Goelette', 'AdditionalStreetName': None, 'CityName': 'Saint-Benoit', 'PostalZone': '86280', 'Country': 'FRA'};485205769;False;NOUVELLE SOCIETE D ASCENSEURS - NSA;NOUVELLE SOCIETE D ASCENSEURS - NSA;2026-10-02;{'StreetName': '1 Square Jacques Chirac', 'AdditionalStreetName': None, 'CityName': 'Limoges Cedex 1', 'PostalZone': '87031', 'Country': 'FRA'};218708501;False;COMMUNE DE LIMOGES;VILLE DE LIMOGES;;;travaux;"[""Valeur technique de l'offre"", 'Prix']";['technique', 'prix'];[60.0, 40.0];;False;;False;;;;26-94405;;52500.0;;LOT-0013;45214200;;18;2.0;;NPNRU Gérard Philipe - Restructuration du groupe scolaire;ouverte;V6F090;;;;True;False;True;6336779.96;7210.0;Commune et commune nouvelle ;2 000  à  4 999;False;1969-07-01;84.11Z;2008;5306.0;Société en commandite simple ;250  à  499;False;<NA>;2008;F;43;43.2;43.29;43.29B;2005-11-25;(46.563895, 0.359455);Saint-Benoît;Vienne;Nouvelle-Aquitaine;(45.826609, 1.260348);Limoges;Haute-Vienne;Nouvelle-Aquitaine;;;;;;;;
False;['45111000'];;True;True;False;attribue;{'StreetName': '99 Rue Henri Giffard', 'AdditionalStreetName': None, 'CityName': 'Limoges', 'PostalZone': '87000', 'Country': 'FRA'};757500632;False;AVENIR ELECTRIQUE DE LIMOGES;AVENIR ELECTRIQUE DE LIMOGES;2026-10-02;{'StreetName': '1 Square Jacques Chirac', 'AdditionalStreetName': None, 'CityName': 'Limoges Cedex 1', 'PostalZone': '87031', 'Country': 'FRA'};218708501;False;COMMUNE DE LIMOGES;VILLE DE LIMOGES;;;travaux;"[""Valeur technique de l'offre"", 'Prix']";['technique', 'prix'];[60.0, 40.0];;False;;False;;;;26-94405;;586595.65;;LOT-0014;45214200;;18;4.0;;NPNRU Gérard Philipe - Restructuration du groupe scolaire;ouverte;V6F090;;;;True;False;True;6336779.96;7210.0;Commune et commune nouvelle ;2 000  à  4 999;False;1969-07-01;84.11Z;2008;5558.0;SA coopérative de production  (SCOP) à conseil d'administration;100  à  199;True;<NA>;2008;F;43;43.2;43.21;43.21A;1957-01-01;(45.88256, 1.265759);Limoges;Haute-Vienne;Nouvelle-Aquitaine;(45.826609, 1.260348);Limoges;Haute-Vienne;Nouvelle-Aquitaine;;;;;;;;
False;['45261215'];;True;True;False;attribue;{'StreetName': '99 Rue Henri Giffard', 'AdditionalStreetName': None, 'CityName': 'Limoges', 'PostalZone': '87280', 'Country': 'FRA'};757500632;False;AVENIR ELECTRIQUE DE LIMOGES;AEL ENR;2026-10-02;{'StreetName': '1 Square Jacques Chirac', 'AdditionalStreetName': None, 'CityName': 'Limoges Cedex 1', 'PostalZone': '87031', 'Country': 'FRA'};218708501;False;COMMUNE DE LIMOGES;VILLE DE LIMOGES;;;travaux;"[""Valeur technique de l'offre"", 'Prix']";['technique', 'prix'];[60.0, 40.0];;False;;False;;;;26-94405;;104980.81;;LOT-0015;45214200;;18;7.0;;NPNRU Gérard Philipe - Restructuration du groupe scolaire;ouverte;V6F090;;;;True;False;True;6336779.96;7210.0;Commune et commune nouvelle ;2 000  à  4 999;False;1969-07-01;84.11Z;2008;5558.0;SA coopérative de production  (SCOP) à conseil d'administration;100  à  199;True;<NA>;2008;F;43;43.2;43.21;43.21A;1957-01-01;(45.88256, 1.265759);Limoges;Haute-Vienne;Nouvelle-Aquitaine;(45.826609, 1.260348);Limoges;Haute-Vienne;Nouvelle-Aquitaine;;;;;;;;
False;['45331000'];;True;True;False;attribue;{'StreetName': 'La Bazine', 'AdditionalStreetName': None, 'CityName': 'Bellac', 'PostalZone': '87300', 'Country': 'FRA'};772501094;False;SECB;SECB;2026-10-02;{'StreetName': '1 Square Jacques Chirac', 'AdditionalStreetName': None, 'CityName': 'Limoges Cedex 1', 'PostalZone': '87031', 'Country': 'FRA'};218708501;False;COMMUNE DE LIMOGES;VILLE DE LIMOGES;;;travaux;"[""Valeur technique de l'offre"", 'Prix']";['technique', 'prix'];[60.0, 40.0];;False;;False;;;;26-94405;;1509298.34;;LOT-0016;45214200;;18;2.0;;NPNRU Gérard Philipe - Restructuration du groupe scolaire;ouverte;V6F090;;;;True;False;True;6336779.96;7210.0;Commune et commune nouvelle ;2 000  à  4 999;False;1969-07-01;84.11Z;2008;5710.0;SAS, société par actions simplifiée;10  à  19;False;<NA>;2008;F;43;43.2;43.22;43.22B;1972-01-01;(46.121002, 1.049788);Bellac;Haute-Vienne;Nouvelle-Aquitaine;(45.826609, 1.260348);Limoges;Haute-Vienne;Nouvelle-Aquitaine;;;;;;;;
False;['39221000'];;True;True;False;attribue;{'StreetName': '10 Rue Bernard Lathiere', 'AdditionalStreetName': None, 'CityName': 'Limoges', 'PostalZone': '87000', 'Country': 'FRA'};417755972;False;TOUT POUR LE FROID SOCIETE NOUVELLE;TOUT POUR LE FROID SN;2026-10-02;{'StreetName': '1 Square Jacques Chirac', 'AdditionalStreetName': None, 'CityName': 'Limoges Cedex 1', 'PostalZone': '87031', 'Country': 'FRA'};218708501;False;COMMUNE DE LIMOGES;VILLE DE LIMOGES;;;travaux;"[""Valeur technique de l'offre"", 'Prix']";['technique', 'prix'];[60.0, 40.0];;False;;False;;;;26-94405;;131546.69;;LOT-0017;45214200;;18;2.0;;NPNRU Gérard Philipe - Restructuration du groupe scolaire;ouverte;V6F090;;;;True;False;True;6336779.96;7210.0;Commune et commune nouvelle ;2 000  à  4 999;False;1969-07-01;84.11Z;2008;5710.0;SAS, société par actions simplifiée;20  à  49;False;<NA>;2008;C;33;33.1;33.12;33.12Z;1998-01-01;(45.81066, 1.272096);Limoges;Haute-Vienne;Nouvelle-Aquitaine;(45.826609, 1.260348);Limoges;Haute-Vienne;Nouvelle-Aquitaine;;;;;;;;
False;['45112710'];;True;True;False;non attribue;;;False;;;2026-10-02;{'StreetName': '1 Square Jacques Chirac', 'AdditionalStreetName': None, 'CityName': 'Limoges Cedex 1', 'PostalZone': '87031', 'Country': 'FRA'};218708501;False;COMMUNE DE LIMOGES;VILLE DE LIMOGES;;;travaux;"[""Valeur technique de l'offre"", 'Prix']";['technique', 'prix'];[60.0, 40.0];;False;;False;;;;26-94405;;;;LOT-0018;45214200;;18;2.0;;NPNRU Gérard Philipe - Restructuration du groupe scolaire;ouverte;V6F090;;;;True;False;True;6336779.96;7210.0;Commune et commune nouvelle ;2 000  à  4 999;False;1969-07-01;84.11Z;2008;;;;;;<NA>;;;;;<NA>;<NA>;;;;;(45.826609, 1.260348);Limoges;Haute-Vienne;Nouvelle-Aquitaine;;;;;;;;
False;;;True;True;False;attribue;{'StreetName': None, 'AdditionalStreetName': None, 'CityName': 'Les Trois Ilets', 'PostalZone': '97229', 'Country': 'FRA'};801641168;True;EDL CB REUNION;EDL CB Antilles-Guyane;2026-10-02;{'StreetName': 'Desaix', 'AdditionalStreetName': None, 'CityName': 'Fort de France', 'PostalZone': '97200', 'Country': 'FRA'};130015431;True;;DIRECTION DU COMMISSARIAT DES FORCES ARMEES AUX ANTILLES;;;services;;;;1440.0;True;;False;{'StreetName': None, 'CityName': 'Fort de France', 'PostalZone': '97200', 'NUTS': 'FRY20', 'Country': 'FRA'};avec remise en concurrence;;26-94412;;480000.0;480000.0;LOT-0001;75123000;600000.0;3;1.0;;Etats des lieux et contrôle du mobilier des logements des FAA Antilles et du RSMA Martinique;ouverte;CCP26-005;3.0;;;True;False;False;600000.0;;;;;<NA>;<NA>;<NA>;5499.0;Société à responsabilité limitée (sans autre indication);3  à  5;<NA>;<NA>;2008;N;82;82.9;82.99;82.99Z;2014-04-01;;Les Trois-Îlets;Martinique;;(14.61821, -61.064978);Fort-de-France;Martinique;;;;;;;;;
False;;;True;True;False;attribue;{'StreetName': None, 'AdditionalStreetName': None, 'CityName': 'Les Trois Ilets', 'PostalZone': '97229', 'Country': 'FRA'};801641168;True;EDL CB REUNION;EDL CB Antilles-Guyane;2026-10-02;{'StreetName': 'Desaix', 'AdditionalStreetName': None, 'CityName': 'Fort de France', 'PostalZone': '97200', 'Country': 'FRA'};130015431;True;;DIRECTION DU COMMISSARIAT DES FORCES ARMEES AUX ANTILLES;;;services;;;;1440.0;True;;False;{'StreetName': None, 'CityName': 'Lamentin', 'PostalZone': '97232', 'NUTS': 'FRY20', 'Country': 'FRA'};avec remise en concurrence;;26-94412;;120000.0;120000.0;LOT-0002;75123000;600000.0;3;1.0;;Etats des lieux et contrôle du mobilier des logements des FAA Antilles et du RSMA Martinique;ouverte;CCP26-005;3.0;;;True;False;False;600000.0;;;;;<NA>;<NA>;<NA>;5499.0;Société à responsabilité limitée (sans autre indication);3  à  5;<NA>;<NA>;2008;N;82;82.9;82.99;82.99Z;2014-04-01;;Les Trois-Îlets;Martinique;;(14.61821, -61.064978);Fort-de-France;Martinique;;;;;;;;;
False;;;True;True;False;attribue;{'StreetName': None, 'AdditionalStreetName': None, 'CityName': 'Les Trois Ilets', 'PostalZone': '97229', 'Country': 'FRA'};801641168;True;EDL CB REUNION;EDL CB Antilles-Guyane;2026-10-02;{'StreetName': 'Desaix', 'AdditionalStreetName': None, 'CityName': 'Fort de France', 'PostalZone': '97200', 'Country': 'FRA'};130015431;True;;DIRECTION DU COMMISSARIAT DES FORCES ARMEES AUX ANTILLES;;;services;;;;1440.0;True;;False;{'StreetName': None, 'CityName': 'Lamentin', 'PostalZone': '97232', 'NUTS': 'FRY20', 'Country': 'FRA'};avec remise en concurrence;;26-94412;;120000.0;120000.0;LOT-0002;75123000;600000.0;3;1.0;;Etats des lieux et contrôle du mobilier des logements des FAA Antilles et du RSMA Martinique;ouverte;CCP26-005;3.0;;;True;False;False;600000.0;;;;;<NA>;<NA>;<NA>;5499.0;Société à responsabilité limitée (sans autre indication);3  à  5;<NA>;<NA>;2008;N;82;82.9;82.99;82.99Z;2014-04-01;;Les Trois-Îlets;Martinique;;(14.61821, -61.064978);Fort-de-France;Martinique;;;;;;;;;
False;['71300000'];;True;False;False;attribue;{'StreetName': '1 Av Edouard Belin', 'AdditionalStreetName': None, 'CityName': 'Rueil-Malmaison', 'PostalZone': '92500', 'Country': 'FRA'};329727390;False;INSTRUMENT ET TRAITEMENT ESSAIS SUR SITE;INSTRUMENT ET TRAITEMENT ESSAIS SUR SITE;2026-10-02;{'StreetName': 'Hôtel du département', 'AdditionalStreetName': '1 Place Marcel Plaisant, Cs n°30222', 'CityName': 'Bourges', 'PostalZone': '18023', 'Country': 'FRA'};221800014;False;DEPARTEMENT DU CHER;Conseil Départemental du Cher;;2026-10-05+02:00;services;"[""Valeur technique de l'offre"", ""Délai d'exécution"", 'Prix']";['technique', 'delai', 'prix'];[30.0, 30.0, 40.0];2160.0;False;;False;;;;26-94601;;47203.0;;LOT-0000;71300000;;1;4.0;;"RD32 - Commune de Vierzon - Pont franchissant les voies SNCF appelé ""Pont de Foëcy"" - Etude de réhabilitation de l'ouvrage d'art";ouverte;2026-ETU-SAR-0072;;;;False;False;False;47203.0;7220.0;Département ;1 000  à  1 999;False;1978-01-01;84.11Z;2008;5710.0;SAS, société par actions simplifiée;250  à  499;False;<NA>;2008;M;71;71.2;71.2;71.20B;1984-04-16;(48.887577, 2.169176);Rueil-Malmaison;Hauts-de-Seine;Île-de-France;(47.081292, 2.395662);Bourges;Cher;Centre-Val de Loire;;;;;;;;
False;;38.0;True;True;False;attribue;{'StreetName': 'Zone Industrielle Route Nationale', 'AdditionalStreetName': None, 'CityName': 'LA CRECHE', 'PostalZone': '79260', 'Country': 'FRA'};303273759;True;BERNIS TRUCKS;BERNIS TRUCKS;2026-10-02;{'StreetName': '3 route de verdeil', 'AdditionalStreetName': None, 'CityName': 'Sainte-eanne', 'PostalZone': '79800', 'Country': 'FRA'};257902353;True;SYND MIXTE HT VAL SEVRE ET SUD GATINE;Syndicat Mixte à la Carte 79;2024-03-15;;fournitures;"['Ce critère prend en compte la conformité et le respect des caractéristiques des fournitures décrites au C.C.T.P. au sens strict', ""Ce critère tient compte du coût d'utilisation, et des moyens de maintenance du candidat"", ""Les offres seront classées de l'offre la plus basse à l'offre la plus chère, en procédant au total des prix unitaires pour chaque type"", 'Ce critère prend en compte la proposition de délai du plus court au plus long']";['qualite', 'prix', 'prix', 'delai'];;168.0;False;;False;{'StreetName': '3 route de verdeil', 'CityName': 'Sainte-eanne', 'PostalZone': '79 800', 'NUTS': 'FRI33', 'Country': 'FRA'};;;26-94429;24-30818;110000.0;;LOT-0001;34139000;;4;1.0;;FOURNITURE DE VÉHICULES POIDS LOURDS POUR LA COLLECTE DES DÉCHETS MÉNAGERS;ouverte;20261006;;False;True;False;False;False;443999.0;7354.0;Syndicat mixte fermé ;50  à  99;<NA>;1997-09-25;84.11Z;2008;5710.0;SAS, société par actions simplifiée;250  à  499;False;<NA>;2008;G;45;45.2;45.2;45.20B;1975-01-01;(46.389846, -0.260292);La Crèche;Deux-Sèvres;Nouvelle-Aquitaine;(46.387938, -0.145554);Sainte-Eanne;Deux-Sèvres;Nouvelle-Aquitaine;;;;;;;;
False;;38.0;True;True;False;attribue;{'StreetName': '625 Rue du Languedoc', 'AdditionalStreetName': None, 'CityName': 'GUILHERAND-GRANGES', 'PostalZone': '07500', 'Country': 'FRA'};775573009;True;FAUN ENVIRONNEMENT;FAUN ENVIRONNEMENT;2026-10-02;{'StreetName': '3 route de verdeil', 'AdditionalStreetName': None, 'CityName': 'Sainte-eanne', 'PostalZone': '79800', 'Country': 'FRA'};257902353;True;SYND MIXTE HT VAL SEVRE ET SUD GATINE;Syndicat Mixte à la Carte 79;2024-03-15;;fournitures;"['Ce critère prend en compte la conformité et le respect des caractéristiques des fournitures décrites au C.C.T.P. au sens strict', ""Ce critère tient compte du coût d'utilisation, et des moyens de maintenance du candidat"", ""Les offres seront classées de l'offre la plus basse à l'offre la plus chère, en procédant au total des prix unitaires pour chaque type"", 'Ce critère prend en compte la proposition de délai du plus court au plus long']";['qualite', 'prix', 'prix', 'delai'];;98.0;False;;False;{'StreetName': '3 route de verdeil', 'CityName': 'Sainte-eanne', 'PostalZone': '79 800', 'NUTS': 'FRI33', 'Country': 'FRA'};;;26-94429;24-30818;123636.0;;LOT-0002;34144511;;4;3.0;;FOURNITURE DE VÉHICULES POIDS LOURDS POUR LA COLLECTE DES DÉCHETS MÉNAGERS;ouverte;20261006;;False;True;False;False;False;443999.0;7354.0;Syndicat mixte fermé ;50  à  99;<NA>;1997-09-25;84.11Z;2008;5710.0;SAS, société par actions simplifiée;250  à  499;False;<NA>;2008;C;29;29.2;29.2;29.20Z;1969-01-01;(44.927633, 4.862025);Guilherand-Granges;Ardèche;Auvergne-Rhône-Alpes;(46.387938, -0.145554);Sainte-Eanne;Deux-Sèvres;Nouvelle-Aquitaine;;;;;;;;
False;;38.0;True;True;False;attribue;{'StreetName': 'Zone Industrielle Route Nationale', 'AdditionalStreetName': None, 'CityName': 'LA CRECHE', 'PostalZone': '79260', 'Country': 'FRA'};303273759;True;BERNIS TRUCKS;BERNIS TRUCKS;2026-10-02;{'StreetName': '3 route de verdeil', 'AdditionalStreetName': None, 'CityName': 'Sainte-eanne', 'PostalZone': '79800', 'Country': 'FRA'};257902353;True;SYND MIXTE HT VAL SEVRE ET SUD GATINE;Syndicat Mixte à la Carte 79;2024-03-15;;fournitures;"['Ce critère prend en compte la conformité et le respect des caractéristiques des fournitures décrites au C.C.T.P. au sens strict', ""Ce critère tient compte du coût d'utilisation, et des moyens de maintenance du candidat"", ""Les offres seront classées de l'offre la plus basse à l'offre la plus chère, en procédant au total des prix unitaires pour chaque type"", 'Ce critère prend en compte la proposition de délai du plus court au plus long']";['qualite', 'prix', 'prix', 'delai'];;168.0;False;;False;{'StreetName': '3 route de verdeil', 'CityName': 'Sainte-eanne', 'PostalZone': '79 800', 'NUTS': 'FRI33', 'Country': 'FRA'};;;26-94429;24-30818;90000.0;;LOT-0003;34139300;;4;1.0;;FOURNITURE DE VÉHICULES POIDS LOURDS POUR LA COLLECTE DES DÉCHETS MÉNAGERS;ouverte;20261006;;False;True;False;False;False;443999.0;7354.0;Syndicat mixte fermé ;50  à  99;<NA>;1997-09-25;84.11Z;2008;5710.0;SAS, société par actions simplifiée;250  à  499;False;<NA>;2008;G;45;45.2;45.2;45.20B;1975-01-01;(46.389846, -0.260292);La Crèche;Deux-Sèvres;Nouvelle-Aquitaine;(46.387938, -0.145554);Sainte-Eanne;Deux-Sèvres;Nouvelle-Aquitaine;;;;;;;;
False;;38.0;True;True;False;attribue;{'StreetName': '625 Rue du Languedoc', 'AdditionalStreetName': None, 'CityName': 'GUILHERAND-GRANGES', 'PostalZone': '07500', 'Country': 'FRA'};775573009;True;FAUN ENVIRONNEMENT;FAUN ENVIRONNEMENT;2026-10-02;{'StreetName': '3 route de verdeil', 'AdditionalStreetName': None, 'CityName': 'Sainte-eanne', 'PostalZone': '79800', 'Country': 'FRA'};257902353;True;SYND MIXTE HT VAL SEVRE ET SUD GATINE;Syndicat Mixte à la Carte 79;2024-03-15;;fournitures;"['Ce critère prend en compte la conformité et le respect des caractéristiques des fournitures décrites au C.C.T.P. au sens strict', ""Ce critère tient compte du coût d'utilisation, et des moyens de maintenance du candidat"", ""Les offres seront classées de l'offre la plus basse à l'offre la plus chère, en procédant au total des prix unitaires pour chaque type"", 'Ce critère prend en compte la proposition de délai du plus court au plus long']";['qualite', 'prix', 'prix', 'delai'];;98.0;False;;False;{'StreetName': '3 route de verdeil', 'CityName': 'Sainte-eanne', 'PostalZone': '79 800', 'NUTS': 'FRI33', 'Country': 'FRA'};;;26-94429;24-30818;120363.0;;LOT-0004;34144511;;4;3.0;;FOURNITURE DE VÉHICULES POIDS LOURDS POUR LA COLLECTE DES DÉCHETS MÉNAGERS;ouverte;20261006;;False;True;False;False;False;443999.0;7354.0;Syndicat mixte fermé ;50  à  99;<NA>;1997-09-25;84.11Z;2008;5710.0;SAS, société par actions simplifiée;250  à  499;False;<NA>;2008;C;29;29.2;29.2;29.20Z;1969-01-01;(44.927633, 4.862025);Guilherand-Granges;Ardèche;Auvergne-Rhône-Alpes;(46.387938, -0.145554);Sainte-Eanne;Deux-Sèvres;Nouvelle-Aquitaine;;;;;;;;
False;['44613800', '90511000', '90511200'];;True;False;False;attribue;{'StreetName': '51 rue du Montoir', 'AdditionalStreetName': None, 'CityName': 'Coucy-Le-Chateau-Auffrique', 'PostalZone': '02380', 'Country': 'FRA'};832725402;False;UTPM ENVIRONNEMENT;UTPM ENVIRONNEMENT;2026-10-02;{'StreetName': 'Port de Toga Cs 60097', 'AdditionalStreetName': None, 'CityName': 'Bastia Cedex', 'PostalZone': '20291', 'Country': 'FRA'};242000354;False;COMMUNAUTE D AGGLOMERATION DE BASTIA;Communauté d'Agglomération de Bastia;;2026-08-03+02:00;fournitures;"[""Valeur technique de l'offre"", 'Prix']";['technique', 'prix'];[50.0, 50.0];360.0;True;;False;{'StreetName': 'Territoire Communautaire', 'CityName': 'Bastia', 'PostalZone': '20200', 'NUTS': 'FRM02', 'Country': 'FRA'};sans remise en concurrence;;26-94817;;150200.0;;LOT-0000;31224500;440000.0;1;4.0;;Fourniture de bornes aériennes d'apport volontaire destinées à la collecte des déchets ménagers et assimilés sur le territoire de la Communauté d'Agglomération de Bastia;ouverte;2026-006COL;3.0;;;False;True;False;150200.0;7348.0;Communauté d'agglomération ;250  à  499;False;1972-12-12;84.11Z;2008;5499.0;Société à responsabilité limitée (sans autre indication);1  ou  2;<NA>;<NA>;2008;G;46;46.1;46.19;46.19B;2017-10-13;(49.524556, 3.306442);Coucy-le-Château-Auffrique;Aisne;Hauts-de-France;(42.708866, 9.449717);Bastia;Haute-Corse;Corse;;;;;;;;
False;['45421146'];;False;True;False;attribue;{'StreetName': 'La Mothe', 'AdditionalStreetName': None, 'CityName': 'Yzeure', 'PostalZone': '03400', 'Country': 'FRA'};383440039;False;ARTEMIS;LES PLAFONDS DE MARC;2026-10-02;{'StreetName': 'Esplanade François Mitterrand', 'AdditionalStreetName': None, 'CityName': 'Gueret', 'PostalZone': '23006', 'Country': 'FRA'};212309603;False;COMMUNE DE GUERET;COMMUNE DE GUERET;;;travaux;"[""Valeur technique de l'offre appréciée à l'aide du mémoire technique"", 'Prix']";['technique', 'prix'];[50.0, 50.0];;True;;False;;;;26-94698;;93314.4;;LOT-0001;45454100;;2;7.0;5.0;Réfection du faux plafond et de l'éclairage du gymnase municipal de Fayolle;ouverte;202637;;;;False;True;False;108208.0;7210.0;Commune et commune nouvelle ;250  à  499;False;1983-01-01;84.11Z;2008;5710.0;SAS, société par actions simplifiée;10  à  19;False;<NA>;2008;F;43;43.3;43.31;43.31Z;1991-10-01;(46.546987, 3.344579);Yzeure;Allier;Auvergne-Rhône-Alpes;(46.16936, 1.871555);Guéret;Creuse;Nouvelle-Aquitaine;;;;;;;;
False;['31524100'];;False;True;False;attribue;{'StreetName': 'Rte De Vernet', 'AdditionalStreetName': None, 'CityName': 'Gueret', 'PostalZone': '23000', 'Country': 'FRA'};385145537;False;NOGELEC;NOGELEC;2026-10-02;{'StreetName': 'Esplanade François Mitterrand', 'AdditionalStreetName': None, 'CityName': 'Gueret', 'PostalZone': '23006', 'Country': 'FRA'};212309603;False;COMMUNE DE GUERET;COMMUNE DE GUERET;;;travaux;"[""Valeur technique de l'offre appréciée à l'aide du mémoire technique"", 'Prix']";['technique', 'prix'];[50.0, 50.0];;True;;False;;;;26-94698;;14894.0;;LOT-0002;45454100;;2;6.0;4.0;Réfection du faux plafond et de l'éclairage du gymnase municipal de Fayolle;ouverte;202637;;;;False;True;False;108208.0;7210.0;Commune et commune nouvelle ;250  à  499;False;1983-01-01;84.11Z;2008;5710.0;SAS, société par actions simplifiée;6  à  9;False;<NA>;2008;F;43;43.2;43.21;43.21A;1992-04-09;(46.191428, 1.881616);Guéret;Creuse;Nouvelle-Aquitaine;(46.16936, 1.871555);Guéret;Creuse;Nouvelle-Aquitaine;;;;;;;;
False;['45112100', '45232332'];;True;True;False;attribue;;;False;;;2026-10-02;{'StreetName': '47 Avenue Sambre et Meuse', 'AdditionalStreetName': None, 'CityName': 'Auch', 'PostalZone': '32021', 'Country': 'FRA'};253201842;False;SYNDICAT MIXTE DE PRODUCTION D'EAU POTABLE ET DE TRAITEMENT DES DECHETS DU GERS-TRIGONE-;Syndicat Mixte Gers Numérique;;;travaux;"['Qualité des prestations', ""Délai d'intervention"", 'Prix des prestations']";['qualite', 'delai', 'prix'];[30.0, 20.0, 50.0];;False;;False;;avec remise en concurrence;;26-94472;;;;LOT-0001;45112100;300000.0;2;6.0;;Accord cadre travaux de génie civil en domaine privé de raccordement à la fibre optique;ouverte;2026-GC PRIVE;1.0;;;False;False;False;;7355.0;Syndicat mixte ouvert;100  à  199;False;2000-06-19;38.21Z;2008;;;;;;<NA>;;;;;<NA>;<NA>;;;;;(43.646004, 0.597566);Auch;Gers;Occitanie;;;;;;;;
False;['45232332', '45232332'];;True;True;False;attribue;;;False;;;2026-10-02;{'StreetName': '47 Avenue Sambre et Meuse', 'AdditionalStreetName': None, 'CityName': 'Auch', 'PostalZone': '32021', 'Country': 'FRA'};253201842;False;SYNDICAT MIXTE DE PRODUCTION D'EAU POTABLE ET DE TRAITEMENT DES DECHETS DU GERS-TRIGONE-;Syndicat Mixte Gers Numérique;;;travaux;"['Qualité des prestations', ""Délai d'intervention"", 'Prix des prestations']";['qualite', 'delai', 'prix'];[30.0, 20.0, 50.0];;False;;False;;avec remise en concurrence;;26-94472;;;;LOT-0002;45112100;300000.0;2;5.0;;Accord cadre travaux de génie civil en domaine privé de raccordement à la fibre optique;ouverte;2026-GC PRIVE;1.0;;;False;False;False;;7355.0;Syndicat mixte ouvert;100  à  199;False;2000-06-19;38.21Z;2008;;;;;;<NA>;;;;;<NA>;<NA>;;;;;(43.646004, 0.597566);Auch;Gers;Occitanie;;;;;;;;
