procedure_acceleree;cpv_supp;publicite;omc;allotissement;modifie;decision;adresse_fournisseur;siren_fournisseur;siren_fournisseur_connu;nom_siren_fournisseur;nom_declare_fournisseur;date_avis_attribution;adresse_acheteur;siren_acheteur;siren_acheteur_connu;nom_siren_acheteur;nom_declare_acheteur;date_avis_marche;debut_contrat;type_contrat;intitule_critere;type_critere;poids_critere;duree;clause_environnementale;valeur_totale_estimee;financement_ue;lieu_execution;type_accord_cadre;nom_fonds_ue;id_boamp_attribution;id_boamp_contrat;prix_attribution_lot;valeur_estimee_lot;id_lot;cpv;valeur_max_totale_accord_cadre;nombre_lots;nombre_offres;nombre_offres_pme;objet;procedure;id_projet;renouvellement;marche_reserve;favorable_pme;clause_sociale;strategique_environnemental;strategique_social;valeur_totale;code_statut_juridique_acheteur;nom_statut_juridique_acheteur;effectif_acheteur;acheteur_ess;date_creation_acheteur;code_activite_principale_acheteur;version_activite_acheteur;code_statut_juridique_fournisseur;nom_statut_juridique_fournisseur;effectif_fournisseur;fournisseur_ess;fournisseur_mission;version_activite_fournisseur;niveau_activite1_fournisseur;niveau_activite2_fournisseur;niveau_activite3_fournisseur;niveau_activite4_fournisseur;niveau_activite5_fournisseur;date_creation_fournisseur;gps_fournisseur;nom_commune_fournisseur;departement_fournisseur;region_fournisseur;gps_acheteur;nom_commune_acheteur;departement_acheteur;region_acheteur;epci_fournisseur;nom_epci_fournisseur;nature_epci_fournisseur;epci_acheteur;nom_epci_acheteur;nature_epci_acheteur;code_commune_fournisseur;code_commune_acheteur
False;['79714000', '79714000', '79710000'];;;True;False;attribue;{'StreetName': '5 rue de la corderie', 'AdditionalStreetName': None, 'CityName': 'RUNGIS', 'PostalZone': '94150', 'Country': 'FRA'};753452564;True;NEWGARD;NEWGARD;2026-09-27;{'StreetName': '50 rue du docteur Finlay', 'AdditionalStreetName': None, 'CityName': 'PARIS', 'PostalZone': '75015', 'Country': 'FRA'};380992255;True;CAISSE ALLOCATIONS FAMILIALES DE PARIS;CAISSE D'ALLOCATIONS FAMILIALES DE PARIS;;;services;['Qualité de la méthodologie d’exécution des prestations', 'description, expériences et compétences de l’équipe dédiée et dispositifs mis en œuvre pour le maintien de niveau des compétences', 'niveaux quantitatif et qualificatif des moyens matériels mis en œuvre', 'qualité de la méthodologie mise en œuvre pour garantir le délai d’intervention', 'délais de remplacement d’un agent sur site et d’intervention en cas d’un salarié demeuré dans les locaux du site fermé', 'Mise en œuvre d’une action d’insertion pour la réalisation des prestations de la Caf pendant les congés du personnel du prestataire', 'Prix des prestations'];['qualite', 'qualite', 'qualite', 'delai', 'delai', 'social', 'prix'];[20.0, 15.0, 10.0, 5.0, 5.0, 5.0, 40.0];1440.0;False;3600000.0;False;{'StreetName': None, 'CityName': 'PARIS', 'PostalZone': None, 'NUTS': 'FR101', 'Country': 'FRA'};sans remise en concurrence;;26-92767;;2400000.0;2400000.0;LOT-0001;79713000;3600000.0;2;13.0;;Prestations de sûreté et de sécurité incendie pour les locaux de la Caf de Paris;ouverte;MA_02-2026;;;;False;False;False;3600000.0;8110.0;Régime général de la Sécurité Sociale;500  à  999;<NA>;1991-01-01;84.30C;2008;5710.0;SAS, société par actions simplifiée;50  à  99;False;<NA>;2008;N;80;80.1;80.1;80.10Z;2012-06-18;(48.748943, 2.34371);Rungis;Val-de-Marne;Île-de-France;(48.851107, 2.2913);Paris;Paris;Île-de-France;;;;;;;;
False;['79710000'];;;True;False;attribue;{'StreetName': '5 rue de la corderie', 'AdditionalStreetName': None, 'CityName': 'RUNGIS', 'PostalZone': '94150', 'Country': 'FRA'};753452564;True;NEWGARD;NEWGARD;2026-09-27;{'StreetName': '50 rue du docteur Finlay', 'AdditionalStreetName': None, 'CityName': 'PARIS', 'PostalZone': '75015', 'Country': 'FRA'};380992255;True;CAISSE ALLOCATIONS FAMILIALES DE PARIS;CAISSE D'ALLOCATIONS FAMILIALES DE PARIS;;;services;['qualité de la méthodologie d’éxecution des prestations', 'description, expériences et compétences de l’équipe dédiée et dispositifs mis en œuvre pour le maintien de niveau des compétences', 'niveaux quantitatif et qualificatif des moyens matériels mis en œuvre', 'qualité de la méthodologie mise en œuvre pour garantir le délai d’intervention', 'délais de remplacement d’un agent sur site et d’intervention en cas d’un salarié demeuré dans les locaux du site fermé', 'Mise en œuvre d’une action d’insertion pour la réalisation des prestations de la Caf pendant les congés du personnel du prestataire', 'Prix des prestations'];['qualite', 'qualite', 'qualite', 'delai', 'delai', 'social', 'prix'];[20.0, 15.0, 10.0, 5.0, 5.0, 5.0, 40.0];1440.0;False;3600000.0;False;{'StreetName': None, 'CityName': 'Paris', 'PostalZone': '75015', 'NUTS': 'FR101', 'Country': 'FRA'};sans remise en concurrence;;26-92767;;1200000.0;1200000.0;LOT-0002;79713000;3600000.0;2;19.0;;Prestations de sûreté et de sécurité incendie pour les locaux de la Caf de Paris;ouverte;MA_02-2026;;;;False;False;False;3600000.0;8110.0;Régime général de la Sécurité Sociale;500  à  999;<NA>;1991-01-01;84.30C;2008;5710.0;SAS, société par actions simplifiée;50  à  99;False;<NA>;2008;N;80;80.1;80.1;80.10Z;2012-06-18;(48.748943, 2.34371);Rungis;Val-de-Marne;Île-de-France;(48.851107, 2.2913);Paris;Paris;Île-de-France;;;;;;;;
False;;30.0;;False;False;attribue;{'StreetName': '3 allée de Grenelle', 'AdditionalStreetName': None, 'CityName': 'ISSY LES MOULINEAUX', 'PostalZone': '92442', 'Country': 'FRA'};542104377;True;TRANSDEV;TRANSDEV SA;2026-09-27;{'StreetName': '39-41 rue de Chateaudun', 'AdditionalStreetName': None, 'CityName': 'PARIS', 'PostalZone': '75009', 'Country': 'FRA'};287500078;True;ILE-DE-FRANCE MOBILITES;ILE DE FRANCE MOBILITÉS;2024-03-12;;services;"[""Performance de l'exploitation et qualité du projet d'offre"", 'Qualité de service et expérience voyageur', 'Qualité de la gestion des actifs', ""Valeur économique et financière de l'offre"", 'Qualité du volet social, sociétal et organisationnel', 'Qualité du plan de transition et de continuité de service proposé']";['qualite', 'qualite', 'qualite', 'prix', 'social', 'qualite'];;2880.0;True;270000000.0;False;{'StreetName': None, 'CityName': 'Seine-et-Marne', 'PostalZone': None, 'NUTS': 'FR102', 'Country': 'FRA'};;;26-92706;24-29162;254878684.0;270000000.0;LOT-0001;60112000;;1;1.0;;Délégation de service public pour l'exploitation des lignes de bus desservant l'agglomération Melun Val de Seine - DSP18;restreinte;DSP-OPTILE2-2024-04;;False;True;True;False;False;254878684.0;7379.0;(Autre) Établissement public administratif local ;500  à  999;False;2005-07-01;84.13Z;2008;5599.0;SA à conseil d'administration (s.a.i.);500  à  999;False;False;2008;M;70;70.1;70.1;70.10Z;1954-01-01;(48.828049, 2.264176);Issy-les-Moulineaux;Hauts-de-Seine;Île-de-France;(48.876068, 2.335537);Paris;Paris;Île-de-France;;;;;;;;
False;;;True;False;False;attribue;{'StreetName': '85 RUE EMILE BOLLAERT', 'AdditionalStreetName': None, 'CityName': 'PARIS', 'PostalZone': '75019', 'Country': 'FRA'};801989922;True;ATELIERS HOUDA BENDIB (HB);ATELIERS HOUDA BENDIB;2026-09-27;{'StreetName': '3, Avenue de la Division Leclerc', 'AdditionalStreetName': None, 'CityName': 'FRESNES', 'PostalZone': '94267', 'Country': 'FRA'};179401203;True;DIRECTION INTERREGIONALE DES SERVICES PENITENTIAIRES PARIS - ILE-DE-FRANCE;DISP PARIS;;;services;['Le prix a été évalué sur 50 points, tel que prévu dans le Règlement de la Consultation.'];['prix'];[100];;True;261000.0;False;{'StreetName': None, 'CityName': 'FLEURY MEROGIS', 'PostalZone': '91700', 'NUTS': 'FR104', 'Country': 'FRA'};;;26-93117;;261000.0;;LOT-0001;71000000;;1;8.0;;Le présent marché consiste en une mission de maîtrise d’œuvre relative à la rénovation énergétique des logements de fonction dans le domaine pénitentiaire de Fleury-Mérogis.;ouverte;;;;;False;False;False;261000.0;7171.0;Service déconcentré de l'État à compétence (inter) régionale ;5 000  à  9 999;False;1983-03-01;84.23Z;2008;5710.0;SAS, société par actions simplifiée;1  ou  2;False;<NA>;2008;M;71;71.1;71.11;71.11Z;2014-04-08;(48.89959, 2.37184);Paris;Paris;Île-de-France;(48.760442, 2.320626);Fresnes;Val-de-Marne;Île-de-France;;;;;;;;
False;;;;False;False;attribue;{'StreetName': '51 Boulevard Voltaire', 'AdditionalStreetName': None, 'CityName': 'ASNIERES-SUR-SEINE', 'PostalZone': '92600', 'Country': 'FRA'};828146654;True;CASSINI CONSEIL;CASSINI CONSEIL;2026-09-27;{'StreetName': '60 Bd du Général Martial Valin CS 21623', 'AdditionalStreetName': None, 'CityName': 'Paris cedex 15', 'PostalZone': '75509', 'Country': 'FRA'};130016512;True;;MINARM/SGA/SDPAMG;;;services;['70% Cf. Règlement de la consultation pour la décomposition des critères et sous-critères', '30% Cf. Règlement de la consultation pour la décomposition des critères et sous-critères'];['qualite', 'prix'];[70.0, 30.0];360.0;True;40000.0;False;{'StreetName': None, 'CityName': 'Paris', 'PostalZone': '75509', 'NUTS': 'FR101', 'Country': 'FRA'};;;26-93096;;38800.0;40000.0;LOT-0001;75220000;;1;1.0;;2025_000315 _SGA_SDPAMG_BPI;ouverte;2025_0000315_SGA_SDPAMG_BPI;;;;False;False;False;38800.0;;;;;<NA>;<NA>;<NA>;5499.0;Société à responsabilité limitée (sans autre indication);6  à  9;False;<NA>;2008;M;71;71.1;71.12;71.12B;2017-03-03;(48.91409, 2.294729);Asnières-sur-Seine;Hauts-de-Seine;Île-de-France;(48.836551, 2.27543);Paris;Paris;Île-de-France;;;;;;;;
False;;;True;False;False;attribue;{'StreetName': '2 rue Chernoviz', 'AdditionalStreetName': None, 'CityName': 'PARIS', 'PostalZone': '75016', 'Country': 'FRA'};929049187;True;SONOMIND;SONOMIND;2026-09-27;{'StreetName': '8 Rue de la Croix Jarry', 'AdditionalStreetName': None, 'CityName': 'Paris', 'PostalZone': '75013', 'Country': 'FRA'};180036048;True;INSTITUT NATIONAL DE LA SANTE ET DE LA RECHERCHE MEDICALE;INSERM DR PARIS-IDF CENTRE-EST;;;fournitures;['COUT DE L’OFFRE - 30 %'];['prix'];[100];1080.0;True;;False;{'StreetName': None, 'CityName': None, 'PostalZone': None, 'NUTS': 'FR101', 'Country': 'FRA'};;;26-92894;;186000.0;;LOT-0001;33124100;;1;1.0;;Acquisition de deux systèmes de neurostimulation ultrasonore;ouverte;INSERM_PEST_2026-07;;;;False;False;False;186000.0;7389.0;Établissement public national à caractère administratif ;5 000  à  9 999;False;1968-01-01;72.19Z;2008;5710.0;SAS, société par actions simplifiée;;False;False;2008;C;26;26.6;26.6;26.60Z;2024-04-22;(48.857035, 2.282317);Paris;Paris;Île-de-France;(48.827297, 2.3818);Paris;Paris;Île-de-France;;;;;;;;
False;;;True;True;False;attribue;{'StreetName': None, 'AdditionalStreetName': None, 'CityName': 'DARDILLY', 'PostalZone': '69570', 'Country': 'FRA'};343183521;True;NIPRO MEDICAL FRANCE;NIPRO MEDICAL FRANCE;2026-09-27;{'StreetName': '80 rue Brochier', 'AdditionalStreetName': None, 'CityName': 'Marseille', 'PostalZone': '13005', 'Country': 'FRA'};261300081;True;CENTRE HOSPITALIER REGIONAL DE MARSEILLE;CENTRE HOSPITALIER REG DE MARSEILLE;;;fournitures;['Critère économique'];['prix'];[100];;True;;False;{'StreetName': None, 'CityName': None, 'PostalZone': None, 'NUTS': 'FRL04', 'Country': 'FRA'};sans remise en concurrence;;26-92949;;;;LOT-0001;33181000;163131522.0;45;1.0;;Fournitures de consommables d’hémodialyse chronique – Dialyse péritonéale – Epuration Extra-rénale (partie 1);ouverte;DIA25 - M_3008;;;;False;False;False;;7364.0;Établissement d'hospitalisation ;10 000  et plus ;False;1901-01-01;86.10Z;2008;5599.0;SA à conseil d'administration (s.a.i.);20  à  49;False;<NA>;2008;G;46;46.4;46.46;46.46Z;1987-12-04;;Dardilly;Rhône;Auvergne-Rhône-Alpes;(43.291346, 5.393925);Marseille;Bouches-du-Rhône;Provence-Alpes-Côte d'Azur;;;;;;;;
False;;;True;True;False;attribue;{'StreetName': None, 'AdditionalStreetName': None, 'CityName': 'RAMONVILLE-SAINT-AGNE', 'PostalZone': '31520', 'Country': 'FRA'};348214602;True;HEMOTECH;HEMOTECH;2026-09-27;{'StreetName': '80 rue Brochier', 'AdditionalStreetName': None, 'CityName': 'Marseille', 'PostalZone': '13005', 'Country': 'FRA'};261300081;True;CENTRE HOSPITALIER REGIONAL DE MARSEILLE;CENTRE HOSPITALIER REG DE MARSEILLE;;;fournitures;['Critère économique'];['prix'];[100];;True;;False;{'StreetName': None, 'CityName': None, 'PostalZone': None, 'NUTS': 'FRL04', 'Country': 'FRA'};sans remise en concurrence;;26-92949;;;;LOT-0002;33181000;163131522.0;45;1.0;;Fournitures de consommables d’hémodialyse chronique – Dialyse péritonéale – Epuration Extra-rénale (partie 1);ouverte;DIA25 - M_3008;;;;False;False;False;;7364.0;Établissement d'hospitalisation ;10 000  et plus ;False;1901-01-01;86.10Z;2008;5710.0;SAS, société par actions simplifiée;20  à  49;False;<NA>;2008;G;46;46.4;46.46;46.46Z;1988-10-17;;Ramonville-Saint-Agne;Haute-Garonne;Occitanie;(43.291346, 5.393925);Marseille;Bouches-du-Rhône;Provence-Alpes-Côte d'Azur;;;;;;;;
False;;;True;True;False;attribue;{'StreetName': None, 'AdditionalStreetName': None, 'CityName': 'DARDILLY', 'PostalZone': '69570', 'Country': 'FRA'};343183521;True;NIPRO MEDICAL FRANCE;NIPRO MEDICAL FRANCE;2026-09-27;{'StreetName': '80 rue Brochier', 'AdditionalStreetName': None, 'CityName': 'Marseille', 'PostalZone': '13005', 'Country': 'FRA'};261300081;True;CENTRE HOSPITALIER REGIONAL DE MARSEILLE;CENTRE HOSPITALIER REG DE MARSEILLE;;;fournitures;['Critère économique'];['prix'];[100];;True;;False;{'StreetName': None, 'CityName': None, 'PostalZone': None, 'NUTS': 'FRL04', 'Country': 'FRA'};sans remise en concurrence;;26-92949;;;;LOT-0003;33181000;163131522.0;45;1.0;;Fournitures de consommables d’hémodialyse chronique – Dialyse péritonéale – Epuration Extra-rénale (partie 1);ouverte;DIA25 - M_3008;;;;False;False;False;;7364.0;Établissement d'hospitalisation ;10 000  et plus ;False;1901-01-01;86.10Z;2008;5599.0;SA à conseil d'administration (s.a.i.);20  à  49;False;<NA>;2008;G;46;46.4;46.46;46.46Z;1987-12-04;;Dardilly;Rhône;Auvergne-Rhône-Alpes;(43.291346, 5.393925);Marseille;Bouches-du-Rhône;Provence-Alpes-Côte d'Azur;;;;;;;;
False;;;True;True;False;attribue;{'StreetName': None, 'AdditionalStreetName': None, 'CityName': 'Fresnes', 'PostalZone': '94260', 'Country': 'FRA'};652025289;True;FRESENIUS MEDICAL CARE FRANCE;FRESENIUS MEDICAL CARE FRANCE;2026-09-27;{'StreetName': '80 rue Brochier', 'AdditionalStreetName': None, 'CityName': 'Marseille', 'PostalZone': '13005', 'Country': 'FRA'};261300081;True;CENTRE HOSPITALIER REGIONAL DE MARSEILLE;CENTRE HOSPITALIER REG DE MARSEILLE;;;fournitures;['Critère économique'];['prix'];[100];;True;;False;{'StreetName': None, 'CityName': None, 'PostalZone': None, 'NUTS': 'FRL04', 'Country': 'FRA'};sans remise en concurrence;;26-92949;;;;LOT-0004;33181000;163131522.0;45;1.0;;Fournitures de consommables d’hémodialyse chronique – Dialyse péritonéale – Epuration Extra-rénale (partie 1);ouverte;DIA25 - M_3008;;;;False;False;False;;7364.0;Établissement d'hospitalisation ;10 000  et plus ;False;1901-01-01;86.10Z;2008;5710.0;SAS, société par actions simplifiée;200  à  249;False;<NA>;2008;G;46;46.4;46.46;46.46Z;1900-01-01;;Fresnes;Val-de-Marne;Île-de-France;(43.291346, 5.393925);Marseille;Bouches-du-Rhône;Provence-Alpes-Côte d'Azur;;;;;;;;
False;;;True;True;False;attribue;{'StreetName': None, 'AdditionalStreetName': None, 'CityName': 'RAMONVILLE-SAINT-AGNE', 'PostalZone': '31520', 'Country': 'FRA'};348214602;True;HEMOTECH;HEMOTECH;2026-09-27;{'StreetName': '80 rue Brochier', 'AdditionalStreetName': None, 'CityName': 'Marseille', 'PostalZone': '13005', 'Country': 'FRA'};261300081;True;CENTRE HOSPITALIER REGIONAL DE MARSEILLE;CENTRE HOSPITALIER REG DE MARSEILLE;;;fournitures;['Critère économique'];['prix'];[100];;True;;False;{'StreetName': None, 'CityName': None, 'PostalZone': None, 'NUTS': 'FRL04', 'Country': 'FRA'};sans remise en concurrence;;26-92949;;;;LOT-0005;33181000;163131522.0;45;1.0;;Fournitures de consommables d’hémodialyse chronique – Dialyse péritonéale – Epuration Extra-rénale (partie 1);ouverte;DIA25 - M_3008;;;;False;False;False;;7364.0;Établissement d'hospitalisation ;10 000  et plus ;False;1901-01-01;86.10Z;2008;5710.0;SAS, société par actions simplifiée;20  à  49;False;<NA>;2008;G;46;46.4;46.46;46.46Z;1988-10-17;;Ramonville-Saint-Agne;Haute-Garonne;Occitanie;(43.291346, 5.393925);Marseille;Bouches-du-Rhône;Provence-Alpes-Côte d'Azur;;;;;;;;
False;;;True;True;False;attribue;{'StreetName': None, 'AdditionalStreetName': None, 'CityName': 'LA WANTZENAU', 'PostalZone': '67610', 'Country': 'FRA'};339306920;True;MEDITOR;MEDITOR;2026-09-27;{'StreetName': '80 rue Brochier', 'AdditionalStreetName': None, 'CityName': 'Marseille', 'PostalZone': '13005', 'Country': 'FRA'};261300081;True;CENTRE HOSPITALIER REGIONAL DE MARSEILLE;CENTRE HOSPITALIER REG DE MARSEILLE;;;fournitures;['Critère économique'];['prix'];[100];;True;;False;{'StreetName': None, 'CityName': None, 'PostalZone': None, 'NUTS': 'FRL04', 'Country': 'FRA'};sans remise en concurrence;;26-92949;;;;LOT-0006;33181000;163131522.0;45;1.0;;Fournitures de consommables d’hémodialyse chronique – Dialyse péritonéale – Epuration Extra-rénale (partie 1);ouverte;DIA25 - M_3008;;;;False;False;False;;7364.0;Établissement d'hospitalisation ;10 000  et plus ;False;1901-01-01;86.10Z;2008;5710.0;SAS, société par actions simplifiée;20  à  49;False;<NA>;2008;G;46;46.4;46.46;46.46Z;1986-11-13;;La Wantzenau;Bas-Rhin;Grand Est;(43.291346, 5.393925);Marseille;Bouches-du-Rhône;Provence-Alpes-Côte d'Azur;;;;;;;;
False;;;True;True;False;attribue;{'StreetName': None, 'AdditionalStreetName': None, 'CityName': 'DARDILLY', 'PostalZone': '69570', 'Country': 'FRA'};343183521;True;NIPRO MEDICAL FRANCE;NIPRO MEDICAL FRANCE;2026-09-27;{'StreetName': '80 rue Brochier', 'AdditionalStreetName': None, 'CityName': 'Marseille', 'PostalZone': '13005', 'Country': 'FRA'};261300081;True;CENTRE HOSPITALIER REGIONAL DE MARSEILLE;CENTRE HOSPITALIER REG DE MARSEILLE;;;fournitures;['Critère économique'];['prix'];[100];;True;;False;{'StreetName': None, 'CityName': None, 'PostalZone': None, 'NUTS': 'FRL04', 'Country': 'FRA'};sans remise en concurrence;;26-92949;;;;LOT-0007;33181000;163131522.0;45;1.0;;Fournitures de consommables d’hémodialyse chronique – Dialyse péritonéale – Epuration Extra-rénale (partie 1);ouverte;DIA25 - M_3008;;;;False;False;False;;7364.0;Établissement d'hospitalisation ;10 000  et plus ;False;1901-01-01;86.10Z;2008;5599.0;SA à conseil d'administration (s.a.i.);20  à  49;False;<NA>;2008;G;46;46.4;46.46;46.46Z;1987-12-04;;Dardilly;Rhône;Auvergne-Rhône-Alpes;(43.291346, 5.393925);Marseille;Bouches-du-Rhône;Provence-Alpes-Côte d'Azur;;;;;;;;
False;;;True;True;False;attribue;{'StreetName': None, 'AdditionalStreetName': None, 'CityName': 'DARDILLY', 'PostalZone': '69570', 'Country': 'FRA'};343183521;True;NIPRO MEDICAL FRANCE;NIPRO MEDICAL FRANCE;2026-09-27;{'StreetName': '80 rue Brochier', 'AdditionalStreetName': None, 'CityName': 'Marseille', 'PostalZone': '13005', 'Country': 'FRA'};261300081;True;CENTRE HOSPITALIER REGIONAL DE MARSEILLE;CENTRE HOSPITALIER REG DE MARSEILLE;;;fournitures;['Critère économique'];['prix'];[100];;True;;False;{'StreetName': None, 'CityName': None, 'PostalZone': None, 'NUTS': 'FRL04', 'Country': 'FRA'};sans remise en concurrence;;26-92949;;;;LOT-0008;33181000;163131522.0;45;1.0;;Fournitures de consommables d’hémodialyse chronique – Dialyse péritonéale – Epuration Extra-rénale (partie 1);ouverte;DIA25 - M_3008;;;;False;False;False;;7364.0;Établissement d'hospitalisation ;10 000  et plus ;False;1901-01-01;86.10Z;2008;5599.0;SA à conseil d'administration (s.a.i.);20  à  49;False;<NA>;2008;G;46;46.4;46.46;46.46Z;1987-12-04;;Dardilly;Rhône;Auvergne-Rhône-Alpes;(43.291346, 5.393925);Marseille;Bouches-du-Rhône;Provence-Alpes-Côte d'Azur;;;;;;;;
False;;;True;True;False;attribue;{'StreetName': None, 'AdditionalStreetName': None, 'CityName': 'DARDILLY', 'PostalZone': '69570', 'Country': 'FRA'};343183521;True;NIPRO MEDICAL FRANCE;NIPRO MEDICAL FRANCE;2026-09-27;{'StreetName': '80 rue Brochier', 'AdditionalStreetName': None, 'CityName': 'Marseille', 'PostalZone': '13005', 'Country': 'FRA'};261300081;True;CENTRE HOSPITALIER REGIONAL DE MARSEILLE;CENTRE HOSPITALIER REG DE MARSEILLE;;;fournitures;['Critère économique'];['prix'];[100];;True;;False;{'StreetName': None, 'CityName': None, 'PostalZone': None, 'NUTS': 'FRL04', 'Country': 'FRA'};sans remise en concurrence;;26-92949;;;;LOT-0009;33181000;163131522.0;45;1.0;;Fournitures de consommables d’hémodialyse chronique – Dialyse péritonéale – Epuration Extra-rénale (partie 1);ouverte;DIA25 - M_3008;;;;False;False;False;;7364.0;Établissement d'hospitalisation ;10 000  et plus ;False;1901-01-01;86.10Z;2008;5599.0;SA à conseil d'administration (s.a.i.);20  à  49;False;<NA>;2008;G;46;46.4;46.46;46.46Z;1987-12-04;;Dardilly;Rhône;Auvergne-Rhône-Alpes;(43.291346, 5.393925);Marseille;Bouches-du-Rhône;Provence-Alpes-Côte d'Azur;;;;;;;;
False;;;True;True;False;attribue;{'StreetName': None, 'AdditionalStreetName': None, 'CityName': 'RAMONVILLE-SAINT-AGNE', 'PostalZone': '31520', 'Country': 'FRA'};348214602;True;HEMOTECH;HEMOTECH;2026-09-27;{'StreetName': '80 rue Brochier', 'AdditionalStreetName': None, 'CityName': 'Marseille', 'PostalZone': '13005', 'Country': 'FRA'};261300081;True;CENTRE HOSPITALIER REGIONAL DE MARSEILLE;CENTRE HOSPITALIER REG DE MARSEILLE;;;fournitures;['Critère économique'];['prix'];[100];;True;;False;{'StreetName': None, 'CityName': None, 'PostalZone': None, 'NUTS': 'FRL04', 'Country': 'FRA'};sans remise en concurrence;;26-92949;;;;LOT-0011;33181000;163131522.0;45;1.0;;Fournitures de consommables d’hémodialyse chronique – Dialyse péritonéale – Epuration Extra-rénale (partie 1);ouverte;DIA25 - M_3008;;;;False;False;False;;7364.0;Établissement d'hospitalisation ;10 000  et plus ;False;1901-01-01;86.10Z;2008;5710.0;SAS, société par actions simplifiée;20  à  49;False;<NA>;2008;G;46;46.4;46.46;46.46Z;1988-10-17;;Ramonville-Saint-Agne;Haute-Garonne;Occitanie;(43.291346, 5.393925);Marseille;Bouches-du-Rhône;Provence-Alpes-Côte d'Azur;;;;;;;;
False;;;True;True;False;attribue;{'StreetName': None, 'AdditionalStreetName': None, 'CityName': 'Saint Cloud', 'PostalZone': '92210', 'Country': 'FRA'};562050856;True;B.BRAUN MEDICAL;B.BRAUN MEDICAL;2026-09-27;{'StreetName': '80 rue Brochier', 'AdditionalStreetName': None, 'CityName': 'Marseille', 'PostalZone': '13005', 'Country': 'FRA'};261300081;True;CENTRE HOSPITALIER REGIONAL DE MARSEILLE;CENTRE HOSPITALIER REG DE MARSEILLE;;;fournitures;['Critère économique'];['prix'];[100];;True;;False;{'StreetName': None, 'CityName': None, 'PostalZone': None, 'NUTS': 'FRL04', 'Country': 'FRA'};sans remise en concurrence;;26-92949;;;;LOT-0012;33181000;163131522.0;45;1.0;;Fournitures de consommables d’hémodialyse chronique – Dialyse péritonéale – Epuration Extra-rénale (partie 1);ouverte;DIA25 - M_3008;;;;False;False;False;;7364.0;Établissement d'hospitalisation ;10 000  et plus ;False;1901-01-01;86.10Z;2008;5710.0;SAS, société par actions simplifiée;1 000  à  1 999;False;<NA>;2008;C;32;32.5;32.5;32.50A;1981-01-27;;Rodez;Aveyron;Occitanie;(43.291346, 5.393925);Marseille;Bouches-du-Rhône;Provence-Alpes-Côte d'Azur;;;;;;;;
False;;;True;True;False;attribue;{'StreetName': None, 'AdditionalStreetName': None, 'CityName': 'LA WANTZENAU', 'PostalZone': '67610', 'Country': 'FRA'};339306920;True;MEDITOR;MEDITOR;2026-09-27;{'StreetName': '80 rue Brochier', 'AdditionalStreetName': None, 'CityName': 'Marseille', 'PostalZone': '13005', 'Country': 'FRA'};261300081;True;CENTRE HOSPITALIER REGIONAL DE MARSEILLE;CENTRE HOSPITALIER REG DE MARSEILLE;;;fournitures;['Critère économique'];['prix'];[100];;True;;False;{'StreetName': None, 'CityName': None, 'PostalZone': None, 'NUTS': 'FRL04', 'Country': 'FRA'};sans remise en concurrence;;26-92949;;;;LOT-0014;33181000;163131522.0;45;1.0;;Fournitures de consommables d’hémodialyse chronique – Dialyse péritonéale – Epuration Extra-rénale (partie 1);ouverte;DIA25 - M_3008;;;;False;False;False;;7364.0;Établissement d'hospitalisation ;10 000  et plus ;False;1901-01-01;86.10Z;2008;5710.0;SAS, société par actions simplifiée;20  à  49;False;<NA>;2008;G;46;46.4;46.46;46.46Z;1986-11-13;;La Wantzenau;Bas-Rhin;Grand Est;(43.291346, 5.393925);Marseille;Bouches-du-Rhône;Provence-Alpes-Côte d'Azur;;;;;;;;
False;;;True;True;False;attribue;{'StreetName': None, 'AdditionalStreetName': None, 'CityName': 'ORVAULT', 'PostalZone': '44700', 'Country': 'FRA'};414350496;True;THERADIAL;THERADIAL;2026-09-27;{'StreetName': '80 rue Brochier', 'AdditionalStreetName': None, 'CityName': 'Marseille', 'PostalZone': '13005', 'Country': 'FRA'};261300081;True;CENTRE HOSPITALIER REGIONAL DE MARSEILLE;CENTRE HOSPITALIER REG DE MARSEILLE;;;fournitures;['Critère économique'];['prix'];[100];;True;;False;{'StreetName': None, 'CityName': None, 'PostalZone': None, 'NUTS': 'FRL04', 'Country': 'FRA'};sans remise en concurrence;;26-92949;;;;LOT-0015;33181000;163131522.0;45;1.0;;Fournitures de consommables d’hémodialyse chronique – Dialyse péritonéale – Epuration Extra-rénale (partie 1);ouverte;DIA25 - M_3008;;;;False;False;False;;7364.0;Établissement d'hospitalisation ;10 000  et plus ;False;1901-01-01;86.10Z;2008;5710.0;SAS, société par actions simplifiée;20  à  49;False;<NA>;2008;G;46;46.4;46.46;46.46Z;1997-11-01;;Guémené-Penfao;Loire-Atlantique;Pays de la Loire;(43.291346, 5.393925);Marseille;Bouches-du-Rhône;Provence-Alpes-Côte d'Azur;;;;;;;;
False;;;True;True;False;attribue;{'StreetName': None, 'AdditionalStreetName': None, 'CityName': 'RAMONVILLE-SAINT-AGNE', 'PostalZone': '31520', 'Country': 'FRA'};348214602;True;HEMOTECH;HEMOTECH;2026-09-27;{'StreetName': '80 rue Brochier', 'AdditionalStreetName': None, 'CityName': 'Marseille', 'PostalZone': '13005', 'Country': 'FRA'};261300081;True;CENTRE HOSPITALIER REGIONAL DE MARSEILLE;CENTRE HOSPITALIER REG DE MARSEILLE;;;fournitures;['Critère économique'];['prix'];[100];;True;;False;{'StreetName': None, 'CityName': None, 'PostalZone': None, 'NUTS': 'FRL04', 'Country': 'FRA'};sans remise en concurrence;;26-92949;;;;LOT-0016;33181000;163131522.0;45;1.0;;Fournitures de consommables d’hémodialyse chronique – Dialyse péritonéale – Epuration Extra-rénale (partie 1);ouverte;DIA25 - M_3008;;;;False;False;False;;7364.0;Établissement d'hospitalisation ;10 000  et plus ;False;1901-01-01;86.10Z;2008;5710.0;SAS, société par actions simplifiée;20  à  49;False;<NA>;2008;G;46;46.4;46.46;46.46Z;1988-10-17;;Ramonville-Saint-Agne;Haute-Garonne;Occitanie;(43.291346, 5.393925);Marseille;Bouches-du-Rhône;Provence-Alpes-Côte d'Azur;;;;;;;;
False;;;True;True;False;attribue;{'StreetName': None, 'AdditionalStreetName': None, 'CityName': 'LA WANTZENAU', 'PostalZone': '67610', 'Country': 'FRA'};339306920;True;MEDITOR;MEDITOR;2026-09-27;{'StreetName': '80 rue Brochier', 'AdditionalStreetName': None, 'CityName': 'Marseille', 'PostalZone': '13005', 'Country': 'FRA'};261300081;True;CENTRE HOSPITALIER REGIONAL DE MARSEILLE;CENTRE HOSPITALIER REG DE MARSEILLE;;;fournitures;['Critère économique'];['prix'];[100];;True;;False;{'StreetName': None, 'CityName': None, 'PostalZone': None, 'NUTS': 'FRL04', 'Country': 'FRA'};sans remise en concurrence;;26-92949;;;;LOT-0018;33181000;163131522.0;45;1.0;;Fournitures de consommables d’hémodialyse chronique – Dialyse péritonéale – Epuration Extra-rénale (partie 1);ouverte;DIA25 - M_3008;;;;False;False;False;;7364.0;Établissement d'hospitalisation ;10 000  et plus ;False;1901-01-01;86.10Z;2008;5710.0;SAS, société par actions simplifiée;20  à  49;False;<NA>;2008;G;46;46.4;46.46;46.46Z;1986-11-13;;La Wantzenau;Bas-Rhin;Grand Est;(43.291346, 5.393925);Marseille;Bouches-du-Rhône;Provence-Alpes-Côte d'Azur;;;;;;;;
False;;;True;True;False;attribue;{'StreetName': None, 'AdditionalStreetName': None, 'CityName': 'Saint Cloud', 'PostalZone': '92210', 'Country': 'FRA'};562050856;True;B.BRAUN MEDICAL;B.BRAUN MEDICAL;2026-09-27;{'StreetName': '80 rue Brochier', 'AdditionalStreetName': None, 'CityName': 'Marseille', 'PostalZone': '13005', 'Country': 'FRA'};261300081;True;CENTRE HOSPITALIER REGIONAL DE MARSEILLE;CENTRE HOSPITALIER REG DE MARSEILLE;;;fournitures;['Critère économique'];['prix'];[100];;True;;False;{'StreetName': None, 'CityName': None, 'PostalZone': None, 'NUTS': 'FRL04', 'Country': 'FRA'};sans remise en concurrence;;26-92949;;;;LOT-0019;33692800;163131522.0;45;1.0;;Fournitures de consommables d’hémodialyse chronique – Dialyse péritonéale – Epuration Extra-rénale (partie 1);ouverte;DIA25 - M_3008;;;;False;False;False;;7364.0;Établissement d'hospitalisation ;10 000  et plus ;False;1901-01-01;86.10Z;2008;5710.0;SAS, société par actions simplifiée;1 000  à  1 999;False;<NA>;2008;C;32;32.5;32.5;32.50A;1981-01-27;;Rodez;Aveyron;Occitanie;(43.291346, 5.393925);Marseille;Bouches-du-Rhône;Provence-Alpes-Côte d'Azur;;;;;;;;
False;;;True;True;False;attribue;{'StreetName': None, 'AdditionalStreetName': None, 'CityName': 'PARIS', 'PostalZone': '75014', 'Country': 'FRA'};722008232;True;MEDTRONIC FRANCE;MEDTRONIC FRANCE;2026-09-27;{'StreetName': '80 rue Brochier', 'AdditionalStreetName': None, 'CityName': 'Marseille', 'PostalZone': '13005', 'Country': 'FRA'};261300081;True;CENTRE HOSPITALIER REGIONAL DE MARSEILLE;CENTRE HOSPITALIER REG DE MARSEILLE;;;fournitures;['Critère économique'];['prix'];[100];;True;;False;{'StreetName': None, 'CityName': None, 'PostalZone': None, 'NUTS': 'FRL04', 'Country': 'FRA'};sans remise en concurrence;;26-92949;;;;LOT-0020;33692800;163131522.0;45;1.0;;Fournitures de consommables d’hémodialyse chronique – Dialyse péritonéale – Epuration Extra-rénale (partie 1);ouverte;DIA25 - M_3008;;;;False;False;False;;7364.0;Établissement d'hospitalisation ;10 000  et plus ;False;1901-01-01;86.10Z;2008;5710.0;SAS, société par actions simplifiée;500  à  999;False;<NA>;2008;G;46;46.4;46.46;46.46Z;2004-09-20;;Paris;Paris;Île-de-France;(43.291346, 5.393925);Marseille;Bouches-du-Rhône;Provence-Alpes-Côte d'Azur;;;;;;;;
False;;;True;True;False;attribue;{'StreetName': None, 'AdditionalStreetName': None, 'CityName': 'DARDILLY', 'PostalZone': '69570', 'Country': 'FRA'};343183521;True;NIPRO MEDICAL FRANCE;NIPRO MEDICAL FRANCE;2026-09-27;{'StreetName': '80 rue Brochier', 'AdditionalStreetName': None, 'CityName': 'Marseille', 'PostalZone': '13005', 'Country': 'FRA'};261300081;True;CENTRE HOSPITALIER REGIONAL DE MARSEILLE;CENTRE HOSPITALIER REG DE MARSEILLE;;;fournitures;['Critère économique'];['prix'];[100];;True;;False;{'StreetName': None, 'CityName': None, 'PostalZone': None, 'NUTS': 'FRL04', 'Country': 'FRA'};sans remise en concurrence;;26-92949;;;;LOT-0021;33692800;163131522.0;45;1.0;;Fournitures de consommables d’hémodialyse chronique – Dialyse péritonéale – Epuration Extra-rénale (partie 1);ouverte;DIA25 - M_3008;;;;False;False;False;;7364.0;Établissement d'hospitalisation ;10 000  et plus ;False;1901-01-01;86.10Z;2008;5599.0;SA à conseil d'administration (s.a.i.);20  à  49;False;<NA>;2008;G;46;46.4;46.46;46.46Z;1987-12-04;;Dardilly;Rhône;Auvergne-Rhône-Alpes;(43.291346, 5.393925);Marseille;Bouches-du-Rhône;Provence-Alpes-Côte d'Azur;;;;;;;;
False;;;True;True;False;attribue;{'StreetName': None, 'AdditionalStreetName': None, 'CityName': 'PARIS', 'PostalZone': '75014', 'Country': 'FRA'};722008232;True;MEDTRONIC FRANCE;MEDTRONIC FRANCE;2026-09-27;{'StreetName': '80 rue Brochier', 'AdditionalStreetName': None, 'CityName': 'Marseille', 'PostalZone': '13005', 'Country': 'FRA'};261300081;True;CENTRE HOSPITALIER REGIONAL DE MARSEILLE;CENTRE HOSPITALIER REG DE MARSEILLE;;;fournitures;['Critère économique'];['prix'];[100];;True;;False;{'StreetName': None, 'CityName': None, 'PostalZone': None, 'NUTS': 'FRL04', 'Country': 'FRA'};sans remise en concurrence;;26-92949;;;;LOT-0022;33692800;163131522.0;45;1.0;;Fournitures de consommables d’hémodialyse chronique – Dialyse péritonéale – Epuration Extra-rénale (partie 1);ouverte;DIA25 - M_3008;;;;False;False;False;;7364.0;Établissement d'hospitalisation ;10 000  et plus ;False;1901-01-01;86.10Z;2008;5710.0;SAS, société par actions simplifiée;500  à  999;False;<NA>;2008;G;46;46.4;46.46;46.46Z;2004-09-20;;Paris;Paris;Île-de-France;(43.291346, 5.393925);Marseille;Bouches-du-Rhône;Provence-Alpes-Côte d'Azur;;;;;;;;
False;;;True;True;False;attribue;{'StreetName': None, 'AdditionalStreetName': None, 'CityName': 'PARIS', 'PostalZone': '75014', 'Country': 'FRA'};722008232;True;MEDTRONIC FRANCE;MEDTRONIC FRANCE;2026-09-27;{'StreetName': '80 rue Brochier', 'AdditionalStreetName': None, 'CityName': 'Marseille', 'PostalZone': '13005', 'Country': 'FRA'};261300081;True;CENTRE HOSPITALIER REGIONAL DE MARSEILLE;CENTRE HOSPITALIER REG DE MARSEILLE;;;fournitures;['Critère économique'];['prix'];[100];;True;;False;{'StreetName': None, 'CityName': None, 'PostalZone': None, 'NUTS': 'FRL04', 'Country': 'FRA'};sans remise en concurrence;;26-92949;;;;LOT-0023;33692800;163131522.0;45;1.0;;Fournitures de consommables d’hémodialyse chronique – Dialyse péritonéale – Epuration Extra-rénale (partie 1);ouverte;DIA25 - M_3008;;;;False;False;False;;7364.0;Établissement d'hospitalisation ;10 000  et plus ;False;1901-01-01;86.10Z;2008;5710.0;SAS, société par actions simplifiée;500  à  999;False;<NA>;2008;G;46;46.4;46.46;46.46Z;2004-09-20;;Paris;Paris;Île-de-France;(43.291346, 5.393925);Marseille;Bouches-du-Rhône;Provence-Alpes-Côte d'Azur;;;;;;;;
False;;;True;True;False;attribue;{'StreetName': None, 'AdditionalStreetName': None, 'CityName': 'PARIS', 'PostalZone': '75014', 'Country': 'FRA'};722008232;True;MEDTRONIC FRANCE;MEDTRONIC FRANCE;2026-09-27;{'StreetName': '80 rue Brochier', 'AdditionalStreetName': None, 'CityName': 'Marseille', 'PostalZone': '13005', 'Country': 'FRA'};261300081;True;CENTRE HOSPITALIER REGIONAL DE MARSEILLE;CENTRE HOSPITALIER REG DE MARSEILLE;;;fournitures;['Critère économique'];['prix'];[100];;True;;False;{'StreetName': None, 'CityName': None, 'PostalZone': None, 'NUTS': 'FRL04', 'Country': 'FRA'};sans remise en concurrence;;26-92949;;;;LOT-0025;33692800;163131522.0;45;1.0;;Fournitures de consommables d’hémodialyse chronique – Dialyse péritonéale – Epuration Extra-rénale (partie 1);ouverte;DIA25 - M_3008;;;;False;False;False;;7364.0;Établissement d'hospitalisation ;10 000  et plus ;False;1901-01-01;86.10Z;2008;5710.0;SAS, société par actions simplifiée;500  à  999;False;<NA>;2008;G;46;46.4;46.46;46.46Z;2004-09-20;;Paris;Paris;Île-de-France;(43.291346, 5.393925);Marseille;Bouches-du-Rhône;Provence-Alpes-Côte d'Azur;;;;;;;;
False;;;True;True;False;attribue;{'StreetName': None, 'AdditionalStreetName': None, 'CityName': 'Fresnes', 'PostalZone': '94260', 'Country': 'FRA'};652025289;True;FRESENIUS MEDICAL CARE FRANCE;FRESENIUS MEDICAL CARE FRANCE;2026-09-27;{'StreetName': '80 rue Brochier', 'AdditionalStreetName': None, 'CityName': 'Marseille', 'PostalZone': '13005', 'Country': 'FRA'};261300081;True;CENTRE HOSPITALIER REGIONAL DE MARSEILLE;CENTRE HOSPITALIER REG DE MARSEILLE;;;fournitures;['Critère économique'];['prix'];[100];;True;;False;{'StreetName': None, 'CityName': None, 'PostalZone': None, 'NUTS': 'FRL04', 'Country': 'FRA'};sans remise en concurrence;;26-92949;;;;LOT-0027;33692800;163131522.0;45;1.0;;Fournitures de consommables d’hémodialyse chronique – Dialyse péritonéale – Epuration Extra-rénale (partie 1);ouverte;DIA25 - M_3008;;;;False;False;False;;7364.0;Établissement d'hospitalisation ;10 000  et plus ;False;1901-01-01;86.10Z;2008;5710.0;SAS, société par actions simplifiée;200  à  249;False;<NA>;2008;G;46;46.4;46.46;46.46Z;1900-01-01;;Fresnes;Val-de-Marne;Île-de-France;(43.291346, 5.393925);Marseille;Bouches-du-Rhône;Provence-Alpes-Côte d'Azur;;;;;;;;
False;;;True;True;False;attribue;{'StreetName': None, 'AdditionalStreetName': None, 'CityName': 'DARDILLY', 'PostalZone': '69570', 'Country': 'FRA'};343183521;True;NIPRO MEDICAL FRANCE;NIPRO MEDICAL FRANCE;2026-09-27;{'StreetName': '80 rue Brochier', 'AdditionalStreetName': None, 'CityName': 'Marseille', 'PostalZone': '13005', 'Country': 'FRA'};261300081;True;CENTRE HOSPITALIER REGIONAL DE MARSEILLE;CENTRE HOSPITALIER REG DE MARSEILLE;;;fournitures;['Critère économique'];['prix'];[100];;True;;False;{'StreetName': None, 'CityName': None, 'PostalZone': None, 'NUTS': 'FRL04', 'Country': 'FRA'};sans remise en concurrence;;26-92949;;;;LOT-0029;33692800;163131522.0;45;1.0;;Fournitures de consommables d’hémodialyse chronique – Dialyse péritonéale – Epuration Extra-rénale (partie 1);ouverte;DIA25 - M_3008;;;;False;False;False;;7364.0;Établissement d'hospitalisation ;10 000  et plus ;False;1901-01-01;86.10Z;2008;5599.0;SA à conseil d'administration (s.a.i.);20  à  49;False;<NA>;2008;G;46;46.4;46.46;46.46Z;1987-12-04;;Dardilly;Rhône;Auvergne-Rhône-Alpes;(43.291346, 5.393925);Marseille;Bouches-du-Rhône;Provence-Alpes-Côte d'Azur;;;;;;;;
False;;;True;True;False;attribue;{'StreetName': None, 'AdditionalStreetName': None, 'CityName': 'Guyancourt', 'PostalZone': '78280', 'Country': 'FRA'};978179588;True;VANTIVE S.A.S.;VANTIVE SAS;2026-09-27;{'StreetName': '80 rue Brochier', 'AdditionalStreetName': None, 'CityName': 'Marseille', 'PostalZone': '13005', 'Country': 'FRA'};261300081;True;CENTRE HOSPITALIER REGIONAL DE MARSEILLE;CENTRE HOSPITALIER REG DE MARSEILLE;;;fournitures;['Critère économique'];['prix'];[100];;True;;False;{'StreetName': None, 'CityName': None, 'PostalZone': None, 'NUTS': 'FRL04', 'Country': 'FRA'};sans remise en concurrence;;26-92949;;;;LOT-0030;33692800;163131522.0;45;1.0;;Fournitures de consommables d’hémodialyse chronique – Dialyse péritonéale – Epuration Extra-rénale (partie 1);ouverte;DIA25 - M_3008;;;;False;False;False;;7364.0;Établissement d'hospitalisation ;10 000  et plus ;False;1901-01-01;86.10Z;2008;5710.0;SAS, société par actions simplifiée;;False;<NA>;2008;C;21;21.2;21.2;21.20Z;2023-07-27;;Guyancourt;Yvelines;Île-de-France;(43.291346, 5.393925);Marseille;Bouches-du-Rhône;Provence-Alpes-Côte d'Azur;;;;;;;;
False;;;True;True;False;attribue;{'StreetName': None, 'AdditionalStreetName': None, 'CityName': 'RAMONVILLE-SAINT-AGNE', 'PostalZone': '31520', 'Country': 'FRA'};348214602;True;HEMOTECH;HEMOTECH;2026-09-27;{'StreetName': '80 rue Brochier', 'AdditionalStreetName': None, 'CityName': 'Marseille', 'PostalZone': '13005', 'Country': 'FRA'};261300081;True;CENTRE HOSPITALIER REGIONAL DE MARSEILLE;CENTRE HOSPITALIER REG DE MARSEILLE;;;fournitures;['Critère économique'];['prix'];[100];;True;;False;{'StreetName': None, 'CityName': None, 'PostalZone': None, 'NUTS': 'FRL04', 'Country': 'FRA'};sans remise en concurrence;;26-92949;;;;LOT-0031;33181500;163131522.0;45;1.0;;Fournitures de consommables d’hémodialyse chronique – Dialyse péritonéale – Epuration Extra-rénale (partie 1);ouverte;DIA25 - M_3008;;;;False;False;False;;7364.0;Établissement d'hospitalisation ;10 000  et plus ;False;1901-01-01;86.10Z;2008;5710.0;SAS, société par actions simplifiée;20  à  49;False;<NA>;2008;G;46;46.4;46.46;46.46Z;1988-10-17;;Ramonville-Saint-Agne;Haute-Garonne;Occitanie;(43.291346, 5.393925);Marseille;Bouches-du-Rhône;Provence-Alpes-Côte d'Azur;;;;;;;;
False;;;True;True;False;attribue;{'StreetName': None, 'AdditionalStreetName': None, 'CityName': 'Guyancourt', 'PostalZone': '78280', 'Country': 'FRA'};978179588;True;VANTIVE S.A.S.;VANTIVE SAS;2026-09-27;{'StreetName': '80 rue Brochier', 'AdditionalStreetName': None, 'CityName': 'Marseille', 'PostalZone': '13005', 'Country': 'FRA'};261300081;True;CENTRE HOSPITALIER REGIONAL DE MARSEILLE;CENTRE HOSPITALIER REG DE MARSEILLE;;;fournitures;['Critère économique'];['prix'];[100];;True;;False;{'StreetName': None, 'CityName': None, 'PostalZone': None, 'NUTS': 'FRL04', 'Country': 'FRA'};sans remise en concurrence;;26-92949;;;;LOT-0033;33181500;163131522.0;45;1.0;;Fournitures de consommables d’hémodialyse chronique – Dialyse péritonéale – Epuration Extra-rénale (partie 1);ouverte;DIA25 - M_3008;;;;False;False;False;;7364.0;Établissement d'hospitalisation ;10 000  et plus ;False;1901-01-01;86.10Z;2008;5710.0;SAS, société par actions simplifiée;;False;<NA>;2008;C;21;21.2;21.2;21.20Z;2023-07-27;;Guyancourt;Yvelines;Île-de-France;(43.291346, 5.393925);Marseille;Bouches-du-Rhône;Provence-Alpes-Côte d'Azur;;;;;;;;
False;;;True;True;False;attribue;{'StreetName': None, 'AdditionalStreetName': None, 'CityName': 'Fresnes', 'PostalZone': '94260', 'Country': 'FRA'};652025289;True;FRESENIUS MEDICAL CARE FRANCE;FRESENIUS MEDICAL CARE FRANCE;2026-09-27;{'StreetName': '80 rue Brochier', 'AdditionalStreetName': None, 'CityName': 'Marseille', 'PostalZone': '13005', 'Country': 'FRA'};261300081;True;CENTRE HOSPITALIER REGIONAL DE MARSEILLE;CENTRE HOSPITALIER REG DE MARSEILLE;;;fournitures;['Critère économique'];['prix'];[100];;True;;False;{'StreetName': None, 'CityName': None, 'PostalZone': None, 'NUTS': 'FRL04', 'Country': 'FRA'};sans remise en concurrence;;26-92949;;;;LOT-0034;33181500;163131522.0;45;1.0;;Fournitures de consommables d’hémodialyse chronique – Dialyse péritonéale – Epuration Extra-rénale (partie 1);ouverte;DIA25 - M_3008;;;;False;False;False;;7364.0;Établissement d'hospitalisation ;10 000  et plus ;False;1901-01-01;86.10Z;2008;5710.0;SAS, société par actions simplifiée;200  à  249;False;<NA>;2008;G;46;46.4;46.46;46.46Z;1900-01-01;;Fresnes;Val-de-Marne;Île-de-France;(43.291346, 5.393925);Marseille;Bouches-du-Rhône;Provence-Alpes-Côte d'Azur;;;;;;;;
False;;;True;True;False;attribue;{'StreetName': '55 rue Stéphenson', 'AdditionalStreetName': None, 'CityName': 'Paris', 'PostalZone': '75018', 'Country': 'FRA'};582018909;True;BERNAS MEDICAL;BERNAS MEDICAL;2026-09-27;{'StreetName': '80 rue Brochier', 'AdditionalStreetName': None, 'CityName': 'Marseille', 'PostalZone': '13005', 'Country': 'FRA'};261300081;True;CENTRE HOSPITALIER REGIONAL DE MARSEILLE;CENTRE HOSPITALIER REG DE MARSEILLE;;;fournitures;['Critère économique'];['prix'];[100];;True;;False;{'StreetName': None, 'CityName': None, 'PostalZone': None, 'NUTS': 'FRL04', 'Country': 'FRA'};sans remise en concurrence;;26-92949;;;;LOT-0039;33141324;163131522.0;45;1.0;;Fournitures de consommables d’hémodialyse chronique – Dialyse péritonéale – Epuration Extra-rénale (partie 1);ouverte;DIA25 - M_3008;;;;False;False;False;;7364.0;Établissement d'hospitalisation ;10 000  et plus ;False;1901-01-01;86.10Z;2008;5710.0;SAS, société par actions simplifiée;10  à  19;False;<NA>;2008;G;46;46.4;46.46;46.46Z;1958-01-01;(48.889356, 2.355826);Paris;Paris;Île-de-France;(43.291346, 5.393925);Marseille;Bouches-du-Rhône;Provence-Alpes-Côte d'Azur;;;;;;;;
False;;;True;True;False;attribue;{'StreetName': '55 rue Stéphenson', 'AdditionalStreetName': None, 'CityName': 'Paris', 'PostalZone': '75018', 'Country': 'FRA'};582018909;True;BERNAS MEDICAL;BERNAS MEDICAL;2026-09-27;{'StreetName': '80 rue Brochier', 'AdditionalStreetName': None, 'CityName': 'Marseille', 'PostalZone': '13005', 'Country': 'FRA'};261300081;True;CENTRE HOSPITALIER REGIONAL DE MARSEILLE;CENTRE HOSPITALIER REG DE MARSEILLE;;;fournitures;['Critère économique'];['prix'];[100];;True;;False;{'StreetName': None, 'CityName': None, 'PostalZone': None, 'NUTS': 'FRL04', 'Country': 'FRA'};sans remise en concurrence;;26-92949;;;;LOT-0040;33141324;163131522.0;45;1.0;;Fournitures de consommables d’hémodialyse chronique – Dialyse péritonéale – Epuration Extra-rénale (partie 1);ouverte;DIA25 - M_3008;;;;False;False;False;;7364.0;Établissement d'hospitalisation ;10 000  et plus ;False;1901-01-01;86.10Z;2008;5710.0;SAS, société par actions simplifiée;10  à  19;False;<NA>;2008;G;46;46.4;46.46;46.46Z;1958-01-01;(48.889356, 2.355826);Paris;Paris;Île-de-France;(43.291346, 5.393925);Marseille;Bouches-du-Rhône;Provence-Alpes-Côte d'Azur;;;;;;;;
False;;;True;True;False;attribue;{'StreetName': '55 rue Stéphenson', 'AdditionalStreetName': None, 'CityName': 'Paris', 'PostalZone': '75018', 'Country': 'FRA'};582018909;True;BERNAS MEDICAL;BERNAS MEDICAL;2026-09-27;{'StreetName': '80 rue Brochier', 'AdditionalStreetName': None, 'CityName': 'Marseille', 'PostalZone': '13005', 'Country': 'FRA'};261300081;True;CENTRE HOSPITALIER REGIONAL DE MARSEILLE;CENTRE HOSPITALIER REG DE MARSEILLE;;;fournitures;['Critère économique'];['prix'];[100];;True;;False;{'StreetName': None, 'CityName': None, 'PostalZone': None, 'NUTS': 'FRL04', 'Country': 'FRA'};sans remise en concurrence;;26-92949;;;;LOT-0042;33141200;163131522.0;45;1.0;;Fournitures de consommables d’hémodialyse chronique – Dialyse péritonéale – Epuration Extra-rénale (partie 1);ouverte;DIA25 - M_3008;;;;False;False;False;;7364.0;Établissement d'hospitalisation ;10 000  et plus ;False;1901-01-01;86.10Z;2008;5710.0;SAS, société par actions simplifiée;10  à  19;False;<NA>;2008;G;46;46.4;46.46;46.46Z;1958-01-01;(48.889356, 2.355826);Paris;Paris;Île-de-France;(43.291346, 5.393925);Marseille;Bouches-du-Rhône;Provence-Alpes-Côte d'Azur;;;;;;;;
False;;;True;True;False;attribue;{'StreetName': '55 rue Stéphenson', 'AdditionalStreetName': None, 'CityName': 'Paris', 'PostalZone': '75018', 'Country': 'FRA'};582018909;True;BERNAS MEDICAL;BERNAS MEDICAL;2026-09-27;{'StreetName': '80 rue Brochier', 'AdditionalStreetName': None, 'CityName': 'Marseille', 'PostalZone': '13005', 'Country': 'FRA'};261300081;True;CENTRE HOSPITALIER REGIONAL DE MARSEILLE;CENTRE HOSPITALIER REG DE MARSEILLE;;;fournitures;['Critère économique'];['prix'];[100];;True;;False;{'StreetName': None, 'CityName': None, 'PostalZone': None, 'NUTS': 'FRL04', 'Country': 'FRA'};sans remise en concurrence;;26-92949;;;;LOT-0043;33141200;163131522.0;45;1.0;;Fournitures de consommables d’hémodialyse chronique – Dialyse péritonéale – Epuration Extra-rénale (partie 1);ouverte;DIA25 - M_3008;;;;False;False;False;;7364.0;Établissement d'hospitalisation ;10 000  et plus ;False;1901-01-01;86.10Z;2008;5710.0;SAS, société par actions simplifiée;10  à  19;False;<NA>;2008;G;46;46.4;46.46;46.46Z;1958-01-01;(48.889356, 2.355826);Paris;Paris;Île-de-France;(43.291346, 5.393925);Marseille;Bouches-du-Rhône;Provence-Alpes-Côte d'Azur;;;;;;;;
False;;;True;True;False;attribue;{'StreetName': '55 rue Stéphenson', 'AdditionalStreetName': None, 'CityName': 'Paris', 'PostalZone': '75018', 'Country': 'FRA'};582018909;True;BERNAS MEDICAL;BERNAS MEDICAL;2026-09-27;{'StreetName': '80 rue Brochier', 'AdditionalStreetName': None, 'CityName': 'Marseille', 'PostalZone': '13005', 'Country': 'FRA'};261300081;True;CENTRE HOSPITALIER REGIONAL DE MARSEILLE;CENTRE HOSPITALIER REG DE MARSEILLE;;;fournitures;['Critère économique'];['prix'];[100];;True;;False;{'StreetName': None, 'CityName': None, 'PostalZone': None, 'NUTS': 'FRL04', 'Country': 'FRA'};sans remise en concurrence;;26-92949;;;;LOT-0044;33141200;163131522.0;45;1.0;;Fournitures de consommables d’hémodialyse chronique – Dialyse péritonéale – Epuration Extra-rénale (partie 1);ouverte;DIA25 - M_3008;;;;False;False;False;;7364.0;Établissement d'hospitalisation ;10 000  et plus ;False;1901-01-01;86.10Z;2008;5710.0;SAS, société par actions simplifiée;10  à  19;False;<NA>;2008;G;46;46.4;46.46;46.46Z;1958-01-01;(48.889356, 2.355826);Paris;Paris;Île-de-France;(43.291346, 5.393925);Marseille;Bouches-du-Rhône;Provence-Alpes-Côte d'Azur;;;;;;;;
False;;;True;True;False;attribue;{'StreetName': None, 'AdditionalStreetName': None, 'CityName': 'DARDILLY', 'PostalZone': '69570', 'Country': 'FRA'};343183521;True;NIPRO MEDICAL FRANCE;NIPRO MEDICAL FRANCE;2026-09-27;{'StreetName': '80 rue Brochier', 'AdditionalStreetName': None, 'CityName': 'Marseille', 'PostalZone': '13005', 'Country': 'FRA'};261300081;True;CENTRE HOSPITALIER REGIONAL DE MARSEILLE;CENTRE HOSPITALIER REG DE MARSEILLE;;;fournitures;['Critère économique'];['prix'];[100];;True;;False;{'StreetName': None, 'CityName': None, 'PostalZone': None, 'NUTS': 'FRL04', 'Country': 'FRA'};sans remise en concurrence;;26-92949;;;;LOT-0046;33141200;163131522.0;45;1.0;;Fournitures de consommables d’hémodialyse chronique – Dialyse péritonéale – Epuration Extra-rénale (partie 1);ouverte;DIA25 - M_3008;;;;False;False;False;;7364.0;Établissement d'hospitalisation ;10 000  et plus ;False;1901-01-01;86.10Z;2008;5599.0;SA à conseil d'administration (s.a.i.);20  à  49;False;<NA>;2008;G;46;46.4;46.46;46.46Z;1987-12-04;;Dardilly;Rhône;Auvergne-Rhône-Alpes;(43.291346, 5.393925);Marseille;Bouches-du-Rhône;Provence-Alpes-Côte d'Azur;;;;;;;;
False;;;True;True;False;attribue;{'StreetName': None, 'AdditionalStreetName': None, 'CityName': 'DARDILLY', 'PostalZone': '69570', 'Country': 'FRA'};343183521;True;NIPRO MEDICAL FRANCE;NIPRO MEDICAL FRANCE;2026-09-27;{'StreetName': '80 rue Brochier', 'AdditionalStreetName': None, 'CityName': 'Marseille', 'PostalZone': '13005', 'Country': 'FRA'};261300081;True;CENTRE HOSPITALIER REGIONAL DE MARSEILLE;CENTRE HOSPITALIER REG DE MARSEILLE;;;fournitures;['Critère économique'];['prix'];[100];;True;;False;{'StreetName': None, 'CityName': None, 'PostalZone': None, 'NUTS': 'FRL04', 'Country': 'FRA'};sans remise en concurrence;;26-92949;;;;LOT-0047;33181500;163131522.0;45;1.0;;Fournitures de consommables d’hémodialyse chronique – Dialyse péritonéale – Epuration Extra-rénale (partie 1);ouverte;DIA25 - M_3008;;;;False;False;False;;7364.0;Établissement d'hospitalisation ;10 000  et plus ;False;1901-01-01;86.10Z;2008;5599.0;SA à conseil d'administration (s.a.i.);20  à  49;False;<NA>;2008;G;46;46.4;46.46;46.46Z;1987-12-04;;Dardilly;Rhône;Auvergne-Rhône-Alpes;(43.291346, 5.393925);Marseille;Bouches-du-Rhône;Provence-Alpes-Côte d'Azur;;;;;;;;
False;;;True;True;False;attribue;{'StreetName': None, 'AdditionalStreetName': None, 'CityName': 'Saint Cloud', 'PostalZone': '92210', 'Country': 'FRA'};562050856;True;B.BRAUN MEDICAL;B.BRAUN MEDICAL;2026-09-27;{'StreetName': '80 rue Brochier', 'AdditionalStreetName': None, 'CityName': 'Marseille', 'PostalZone': '13005', 'Country': 'FRA'};261300081;True;CENTRE HOSPITALIER REGIONAL DE MARSEILLE;CENTRE HOSPITALIER REG DE MARSEILLE;;;fournitures;['Critère économique'];['prix'];[100];;True;;False;{'StreetName': None, 'CityName': None, 'PostalZone': None, 'NUTS': 'FRL04', 'Country': 'FRA'};sans remise en concurrence;;26-92949;;;;LOT-0048;33181500;163131522.0;45;1.0;;Fournitures de consommables d’hémodialyse chronique – Dialyse péritonéale – Epuration Extra-rénale (partie 1);ouverte;DIA25 - M_3008;;;;False;False;False;;7364.0;Établissement d'hospitalisation ;10 000  et plus ;False;1901-01-01;86.10Z;2008;5710.0;SAS, société par actions simplifiée;1 000  à  1 999;False;<NA>;2008;C;32;32.5;32.5;32.50A;1981-01-27;;Rodez;Aveyron;Occitanie;(43.291346, 5.393925);Marseille;Bouches-du-Rhône;Provence-Alpes-Côte d'Azur;;;;;;;;
False;;;True;True;False;attribue;{'StreetName': None, 'AdditionalStreetName': None, 'CityName': 'Guyancourt', 'PostalZone': '78280', 'Country': 'FRA'};978179588;True;VANTIVE S.A.S.;VANTIVE SAS;2026-09-27;{'StreetName': '80 rue Brochier', 'AdditionalStreetName': None, 'CityName': 'Marseille', 'PostalZone': '13005', 'Country': 'FRA'};261300081;True;CENTRE HOSPITALIER REGIONAL DE MARSEILLE;CENTRE HOSPITALIER REG DE MARSEILLE;;;fournitures;['Critère économique'];['prix'];[100];;True;;False;{'StreetName': None, 'CityName': None, 'PostalZone': None, 'NUTS': 'FRL04', 'Country': 'FRA'};sans remise en concurrence;;26-92949;;;;LOT-0049;33181500;163131522.0;45;1.0;;Fournitures de consommables d’hémodialyse chronique – Dialyse péritonéale – Epuration Extra-rénale (partie 1);ouverte;DIA25 - M_3008;;;;False;False;False;;7364.0;Établissement d'hospitalisation ;10 000  et plus ;False;1901-01-01;86.10Z;2008;5710.0;SAS, société par actions simplifiée;;False;<NA>;2008;C;21;21.2;21.2;21.20Z;2023-07-27;;Guyancourt;Yvelines;Île-de-France;(43.291346, 5.393925);Marseille;Bouches-du-Rhône;Provence-Alpes-Côte d'Azur;;;;;;;;
False;;;True;True;False;attribue;{'StreetName': None, 'AdditionalStreetName': None, 'CityName': 'RAMONVILLE-SAINT-AGNE', 'PostalZone': '31520', 'Country': 'FRA'};348214602;True;HEMOTECH;HEMOTECH;2026-09-27;{'StreetName': '80 rue Brochier', 'AdditionalStreetName': None, 'CityName': 'Marseille', 'PostalZone': '13005', 'Country': 'FRA'};261300081;True;CENTRE HOSPITALIER REGIONAL DE MARSEILLE;CENTRE HOSPITALIER REG DE MARSEILLE;;;fournitures;['Critère économique'];['prix'];[100];;True;;False;{'StreetName': None, 'CityName': None, 'PostalZone': None, 'NUTS': 'FRL04', 'Country': 'FRA'};sans remise en concurrence;;26-92949;;;;LOT-0050;33181500;163131522.0;45;1.0;;Fournitures de consommables d’hémodialyse chronique – Dialyse péritonéale – Epuration Extra-rénale (partie 1);ouverte;DIA25 - M_3008;;;;False;False;False;;7364.0;Établissement d'hospitalisation ;10 000  et plus ;False;1901-01-01;86.10Z;2008;5710.0;SAS, société par actions simplifiée;20  à  49;False;<NA>;2008;G;46;46.4;46.46;46.46Z;1988-10-17;;Ramonville-Saint-Agne;Haute-Garonne;Occitanie;(43.291346, 5.393925);Marseille;Bouches-du-Rhône;Provence-Alpes-Côte d'Azur;;;;;;;;
False;;;True;True;False;attribue;{'StreetName': None, 'AdditionalStreetName': None, 'CityName': 'Fresnes', 'PostalZone': '94260', 'Country': 'FRA'};652025289;True;FRESENIUS MEDICAL CARE FRANCE;FRESENIUS MEDICAL CARE FRANCE;2026-09-27;{'StreetName': '80 rue Brochier', 'AdditionalStreetName': None, 'CityName': 'Marseille', 'PostalZone': '13005', 'Country': 'FRA'};261300081;True;CENTRE HOSPITALIER REGIONAL DE MARSEILLE;CENTRE HOSPITALIER REG DE MARSEILLE;;;fournitures;['Critère économique'];['prix'];[100];;True;;False;{'StreetName': None, 'CityName': None, 'PostalZone': None, 'NUTS': 'FRL04', 'Country': 'FRA'};sans remise en concurrence;;26-92949;;;;LOT-0051;33181500;163131522.0;45;1.0;;Fournitures de consommables d’hémodialyse chronique – Dialyse péritonéale – Epuration Extra-rénale (partie 1);ouverte;DIA25 - M_3008;;;;False;False;False;;7364.0;Établissement d'hospitalisation ;10 000  et plus ;False;1901-01-01;86.10Z;2008;5710.0;SAS, société par actions simplifiée;200  à  249;False;<NA>;2008;G;46;46.4;46.46;46.46Z;1900-01-01;;Fresnes;Val-de-Marne;Île-de-France;(43.291346, 5.393925);Marseille;Bouches-du-Rhône;Provence-Alpes-Côte d'Azur;;;;;;;;
False;;;True;True;False;attribue;{'StreetName': None, 'AdditionalStreetName': None, 'CityName': 'DARDILLY', 'PostalZone': '69570', 'Country': 'FRA'};343183521;True;NIPRO MEDICAL FRANCE;NIPRO MEDICAL FRANCE;2026-09-27;{'StreetName': '80 rue Brochier', 'AdditionalStreetName': None, 'CityName': 'Marseille', 'PostalZone': '13005', 'Country': 'FRA'};261300081;True;CENTRE HOSPITALIER REGIONAL DE MARSEILLE;CENTRE HOSPITALIER REG DE MARSEILLE;;;fournitures;['Critère économique'];['prix'];[100];;True;;False;{'StreetName': None, 'CityName': None, 'PostalZone': None, 'NUTS': 'FRL04', 'Country': 'FRA'};sans remise en concurrence;;26-92949;;;;LOT-0052;33181500;163131522.0;45;1.0;;Fournitures de consommables d’hémodialyse chronique – Dialyse péritonéale – Epuration Extra-rénale (partie 1);ouverte;DIA25 - M_3008;;;;False;False;False;;7364.0;Établissement d'hospitalisation ;10 000  et plus ;False;1901-01-01;86.10Z;2008;5599.0;SA à conseil d'administration (s.a.i.);20  à  49;False;<NA>;2008;G;46;46.4;46.46;46.46Z;1987-12-04;;Dardilly;Rhône;Auvergne-Rhône-Alpes;(43.291346, 5.393925);Marseille;Bouches-du-Rhône;Provence-Alpes-Côte d'Azur;;;;;;;;
False;;;True;True;False;attribue;{'StreetName': None, 'AdditionalStreetName': None, 'CityName': 'RAMONVILLE-SAINT-AGNE', 'PostalZone': '31520', 'Country': 'FRA'};348214602;True;HEMOTECH;HEMOTECH;2026-09-27;{'StreetName': '80 rue Brochier', 'AdditionalStreetName': None, 'CityName': 'Marseille', 'PostalZone': '13005', 'Country': 'FRA'};261300081;True;CENTRE HOSPITALIER REGIONAL DE MARSEILLE;CENTRE HOSPITALIER REG DE MARSEILLE;;;fournitures;['Critère économique'];['prix'];[100];;True;;False;{'StreetName': None, 'CityName': None, 'PostalZone': None, 'NUTS': 'FRL04', 'Country': 'FRA'};sans remise en concurrence;;26-92949;;;;LOT-0053;33181500;163131522.0;45;1.0;;Fournitures de consommables d’hémodialyse chronique – Dialyse péritonéale – Epuration Extra-rénale (partie 1);ouverte;DIA25 - M_3008;;;;False;False;False;;7364.0;Établissement d'hospitalisation ;10 000  et plus ;False;1901-01-01;86.10Z;2008;5710.0;SAS, société par actions simplifiée;20  à  49;False;<NA>;2008;G;46;46.4;46.46;46.46Z;1988-10-17;;Ramonville-Saint-Agne;Haute-Garonne;Occitanie;(43.291346, 5.393925);Marseille;Bouches-du-Rhône;Provence-Alpes-Côte d'Azur;;;;;;;;
False;;;True;True;False;attribue;{'StreetName': None, 'AdditionalStreetName': None, 'CityName': 'Guyancourt', 'PostalZone': '78280', 'Country': 'FRA'};978179588;True;VANTIVE S.A.S.;VANTIVE SAS;2026-09-27;{'StreetName': '80 rue Brochier', 'AdditionalStreetName': None, 'CityName': 'Marseille', 'PostalZone': '13005', 'Country': 'FRA'};261300081;True;CENTRE HOSPITALIER REGIONAL DE MARSEILLE;CENTRE HOSPITALIER REG DE MARSEILLE;;;fournitures;['Critère économique'];['prix'];[100];;True;;False;{'StreetName': None, 'CityName': None, 'PostalZone': None, 'NUTS': 'FRL04', 'Country': 'FRA'};sans remise en concurrence;;26-92949;;;;LOT-0055;33181500;163131522.0;45;1.0;;Fournitures de consommables d’hémodialyse chronique – Dialyse péritonéale – Epuration Extra-rénale (partie 1);ouverte;DIA25 - M_3008;;;;False;False;False;;7364.0;Établissement d'hospitalisation ;10 000  et plus ;False;1901-01-01;86.10Z;2008;5710.0;SAS, société par actions simplifiée;;False;<NA>;2008;C;21;21.2;21.2;21.20Z;2023-07-27;;Guyancourt;Yvelines;Île-de-France;(43.291346, 5.393925);Marseille;Bouches-du-Rhône;Provence-Alpes-Côte d'Azur;;;;;;;;
False;;;True;True;False;attribue;{'StreetName': None, 'AdditionalStreetName': None, 'CityName': 'Guyancourt', 'PostalZone': '78280', 'Country': 'FRA'};978179588;True;VANTIVE S.A.S.;VANTIVE SAS;2026-09-27;{'StreetName': '80 rue Brochier', 'AdditionalStreetName': None, 'CityName': 'Marseille', 'PostalZone': '13005', 'Country': 'FRA'};261300081;True;CENTRE HOSPITALIER REGIONAL DE MARSEILLE;CENTRE HOSPITALIER REG DE MARSEILLE;;;fournitures;['Critère économique'];['prix'];[100];;True;;False;{'StreetName': None, 'CityName': None, 'PostalZone': None, 'NUTS': 'FRL04', 'Country': 'FRA'};sans remise en concurrence;;26-92949;;;;LOT-0056;33181500;163131522.0;45;1.0;;Fournitures de consommables d’hémodialyse chronique – Dialyse péritonéale – Epuration Extra-rénale (partie 1);ouverte;DIA25 - M_3008;;;;False;False;False;;7364.0;Établissement d'hospitalisation ;10 000  et plus ;False;1901-01-01;86.10Z;2008;5710.0;SAS, société par actions simplifiée;;False;<NA>;2008;C;21;21.2;21.2;21.20Z;2023-07-27;;Guyancourt;Yvelines;Île-de-France;(43.291346, 5.393925);Marseille;Bouches-du-Rhône;Provence-Alpes-Côte d'Azur;;;;;;;;
False;;;True;True;False;attribue;{'StreetName': None, 'AdditionalStreetName': None, 'CityName': 'Guyancourt', 'PostalZone': '78280', 'Country': 'FRA'};978179588;True;VANTIVE S.A.S.;VANTIVE SAS;2026-09-27;{'StreetName': '80 rue Brochier', 'AdditionalStreetName': None, 'CityName': 'Marseille', 'PostalZone': '13005', 'Country': 'FRA'};261300081;True;CENTRE HOSPITALIER REGIONAL DE MARSEILLE;CENTRE HOSPITALIER REG DE MARSEILLE;;;fournitures;['Critère économique'];['prix'];[100];;True;;False;{'StreetName': None, 'CityName': None, 'PostalZone': None, 'NUTS': 'FRL04', 'Country': 'FRA'};sans remise en concurrence;;26-92949;;;;LOT-0057;33181500;163131522.0;45;1.0;;Fournitures de consommables d’hémodialyse chronique – Dialyse péritonéale – Epuration Extra-rénale (partie 1);ouverte;DIA25 - M_3008;;;;False;False;False;;7364.0;Établissement d'hospitalisation ;10 000  et plus ;False;1901-01-01;86.10Z;2008;5710.0;SAS, société par actions simplifiée;;False;<NA>;2008;C;21;21.2;21.2;21.20Z;2023-07-27;;Guyancourt;Yvelines;Île-de-France;(43.291346, 5.393925);Marseille;Bouches-du-Rhône;Provence-Alpes-Côte d'Azur;;;;;;;;
False;;;True;True;False;attribue;{'StreetName': None, 'AdditionalStreetName': None, 'CityName': 'Fresnes', 'PostalZone': '94260', 'Country': 'FRA'};652025289;True;FRESENIUS MEDICAL CARE FRANCE;FRESENIUS MEDICAL CARE FRANCE;2026-09-27;{'StreetName': '80 rue Brochier', 'AdditionalStreetName': None, 'CityName': 'Marseille', 'PostalZone': '13005', 'Country': 'FRA'};261300081;True;CENTRE HOSPITALIER REGIONAL DE MARSEILLE;CENTRE HOSPITALIER REG DE MARSEILLE;;;fournitures;['Critère économique'];['prix'];[100];;True;;False;{'StreetName': None, 'CityName': None, 'PostalZone': None, 'NUTS': 'FRL04', 'Country': 'FRA'};sans remise en concurrence;;26-92949;;;;LOT-0058;33181500;163131522.0;45;1.0;;Fournitures de consommables d’hémodialyse chronique – Dialyse péritonéale – Epuration Extra-rénale (partie 1);ouverte;DIA25 - M_3008;;;;False;False;False;;7364.0;Établissement d'hospitalisation ;10 000  et plus ;False;1901-01-01;86.10Z;2008;5710.0;SAS, société par actions simplifiée;200  à  249;False;<NA>;2008;G;46;46.4;46.46;46.46Z;1900-01-01;;Fresnes;Val-de-Marne;Île-de-France;(43.291346, 5.393925);Marseille;Bouches-du-Rhône;Provence-Alpes-Côte d'Azur;;;;;;;;
False;;;True;True;False;attribue;{'StreetName': None, 'AdditionalStreetName': None, 'CityName': 'Fresnes', 'PostalZone': '94260', 'Country': 'FRA'};652025289;True;FRESENIUS MEDICAL CARE FRANCE;FRESENIUS MEDICAL CARE FRANCE;2026-09-27;{'StreetName': '80 rue Brochier', 'AdditionalStreetName': None, 'CityName': 'Marseille', 'PostalZone': '13005', 'Country': 'FRA'};261300081;True;CENTRE HOSPITALIER REGIONAL DE MARSEILLE;CENTRE HOSPITALIER REG DE MARSEILLE;;;fournitures;['Critère économique'];['prix'];[100];;True;;False;{'StreetName': None, 'CityName': None, 'PostalZone': None, 'NUTS': 'FRL04', 'Country': 'FRA'};sans remise en concurrence;;26-92949;;;;LOT-0059;33181500;163131522.0;45;1.0;;Fournitures de consommables d’hémodialyse chronique – Dialyse péritonéale – Epuration Extra-rénale (partie 1);ouverte;DIA25 - M_3008;;;;False;False;False;;7364.0;Établissement d'hospitalisation ;10 000  et plus ;False;1901-01-01;86.10Z;2008;5710.0;SAS, société par actions simplifiée;200  à  249;False;<NA>;2008;G;46;46.4;46.46;46.46Z;1900-01-01;;Fresnes;Val-de-Marne;Île-de-France;(43.291346, 5.393925);Marseille;Bouches-du-Rhône;Provence-Alpes-Côte d'Azur;;;;;;;;
False;;;True;False;False;attribue;;;False;;;2026-09-27;{'StreetName': 'Mairie de Case Pilote', 'AdditionalStreetName': None, 'CityName': 'Case Pilote', 'PostalZone': '97222', 'Country': 'FRA'};219722055;True;COMMUNE DE CASE-PILOTE;Mairie de Case-pilote;;;services;['PRIX 50 % évalué sur la base du BPU plafond', 'Qualité 50 %\nValeur technique à 45 évalué sur les informations fournies au mémoire\nDélai 5 temps de réactivité à demande de RDV'];['prix', 'delai'];[50.0, 50.0];1440.0;False;2000000.0;True;{'StreetName': 'Commune de Case Pilote', 'CityName': 'Case Pilote', 'PostalZone': '97222', 'NUTS': 'FRY20', 'Country': 'FRA'};avec remise en concurrence;;26-93050;;2000000.0;2000000.0;LOT-0001;71300000;;1;9.0;;Accord cadre multiattributaire de maitrise d'oeuvre en infrastructure et VRD;ouverte;;;;;False;False;False;2000000.0;7210.0;Commune et commune nouvelle ;100  à  199;<NA>;1937-06-12;84.11Z;2008;;;;;;<NA>;;;;;<NA>;<NA>;;;;;(14.657741, -61.129188);Case-Pilote;Martinique;;;;;;;;;
False;;;True;True;False;attribue;{'StreetName': None, 'AdditionalStreetName': None, 'CityName': 'BAILLY-ROMAINVILLIERS', 'PostalZone': '77700', 'Country': 'FRA'};791928781;True;R ET F SOLUTIONS;R&F SOLUTIONS;2026-09-27;{'StreetName': '8 Avenue du Président Kennedy', 'AdditionalStreetName': None, 'CityName': 'Saint-Germain-en-Laye', 'PostalZone': '78100', 'Country': 'FRA'};130015340;True;;Plate-forme commissariat Paris;;;services;"['Critère ""prix"" (50 points) Critère ""valeur technique"" (40 points) Critère ""valeur environnementale"" (10 points) Le détail des critère susmentionnés est disponible dans les documents du marché.']";['environnemental'];[50.0, 40.0, 10.0];1440.0;True;2473681.92;False;;sans remise en concurrence;;26-92966;;704016.0;1509866.52;LOT-0001;51543400;775000.0;2;1.0;;Location, maintenance de matériel de lavage et séchage et fourniture de lessive au profit de Sentinelle et des bâtiments des engagés volontaires soutenus par le GSC Ile de France;ouverte;DAF_2024_001996;3.0;;;False;False;False;;;;;;<NA>;<NA>;<NA>;5499.0;Société à responsabilité limitée (sans autre indication);6  à  9;False;<NA>;2008;G;46;46.4;46.43;46.43Z;2013-03-20;;Bailly-Romainvilliers;Seine-et-Marne;Île-de-France;(48.913786, 2.080561);Saint-Germain-en-Laye;Yvelines;Île-de-France;;;;;;;;
False;;;True;True;False;en cours;;;False;;;2026-09-27;{'StreetName': '8 Avenue du Président Kennedy', 'AdditionalStreetName': None, 'CityName': 'Saint-Germain-en-Laye', 'PostalZone': '78100', 'Country': 'FRA'};130015340;True;;Plate-forme commissariat Paris;;;services;"['Critère ""prix"" (50 points) Critère ""valeur technique"" (40 points) Critère ""valeur environnementale"" (10 points) Le détail des critère susmentionnés est disponible dans les documents du marché.']";['environnemental'];[50.0, 40.0, 10.0];1440.0;True;2473681.92;False;;sans remise en concurrence;;26-92966;;;963815.42;LOT-0002;51543400;775000.0;2;;;Location, maintenance de matériel de lavage et séchage et fourniture de lessive au profit de Sentinelle et des bâtiments des engagés volontaires soutenus par le GSC Ile de France;ouverte;DAF_2024_001996;3.0;;;False;False;False;;;;;;<NA>;<NA>;<NA>;;;;;;<NA>;;;;;<NA>;<NA>;;;;;(48.913786, 2.080561);Saint-Germain-en-Laye;Yvelines;Île-de-France;;;;;;;;
False;;;False;False;False;attribue;{'StreetName': None, 'AdditionalStreetName': None, 'CityName': 'Paris', 'PostalZone': '75014', 'Country': 'FRA'};180092264;True;INSTITUT NATIONAL DE RECHERCHES ARCHEOLOGIQUES PREVENTIVES;INRAP;2026-09-27;{'StreetName': '8 avenue André-Marie Ampère', 'AdditionalStreetName': None, 'CityName': 'Champs-sur-marne', 'PostalZone': '77420', 'Country': 'FRA'};342123361;True;E.P.A. FRANCE;EPAFRANCE;;;services;['Prix', 'Valeur technique'];['prix', 'technique'];[60.0, 40.0];1050.0;True;0.0;False;{'StreetName': None, 'CityName': 'Seine-et-Marne', 'PostalZone': None, 'NUTS': 'FR102', 'Country': 'FRA'};;;26-92973;;2484552.57;0.0;LOT-0001;71351914;;1;2.0;;Réalisation des fouilles archéologiques préalables à l'aménagement de la ZAC des Trois Ormes à Coupvray.;ouverte;F2026-004- DO4/VV-SA/CM;;;;True;False;False;2484552.57;4110.0;Établissement public national à caractère industriel ou commercial doté d'un comptable public ;;False;1987-07-02;42.99Z;2008;7389.0;Établissement public national à caractère administratif ;2 000  à  4 999;False;<NA>;2008;M;72;72.2;72.2;72.20Z;2002-01-16;;Paris;Paris;Île-de-France;(48.844355, 2.582901);Champs-sur-Marne;Seine-et-Marne;Île-de-France;;;;;;;;
False;;;True;False;False;attribue;{'StreetName': '58 avenue Kleber', 'AdditionalStreetName': None, 'CityName': 'Paris', 'PostalZone': '75116', 'Country': 'FRA'};399528751;True;S.E.C.;SEC SILVERA;2026-09-27;{'StreetName': None, 'AdditionalStreetName': None, 'CityName': 'Paris', 'PostalZone': '75004', 'Country': 'FRA'};180046021;True;CENTRE NATIONAL D'ART ET DE CULTURE GEORGES POMPIDOU;CENTRE POMPIDOU;;;fournitures;['Valeur technique', 'Valeur financière de l’offre', 'Performances en matière de responsabilité sociétale des entreprises (RSE) en lien avec l’objet de l’accord-cadre'];['technique', 'prix', 'social'];[40.0, 50.0, 10.0];780.0;True;;False;{'StreetName': None, 'CityName': 'Paris', 'PostalZone': None, 'NUTS': 'FR101', 'Country': 'FRA'};sans remise en concurrence;;26-93061;;;;LOT-0001;39100000;400000.0;1;3.0;;Fourniture, livraison, montage et installation de mobilier pour les espaces de bureaux et d'administration du Centre Pompidou francilien;ouverte;26-CP13-049-AC;;;;False;False;False;;7389.0;Établissement public national à caractère administratif ;1 000  à  1 999;<NA>;1971-12-31;91.03Z;2008;5710.0;SAS, société par actions simplifiée;100  à  199;False;<NA>;2008;G;46;46.6;46.65;46.65Z;1994-12-02;(48.868595, 2.290991);Paris;Paris;Île-de-France;;Paris;Paris;Île-de-France;;;;;;;;
False;['44321000'];;True;True;False;attribue;{'StreetName': '115 Rue Saint-Dominique', 'AdditionalStreetName': None, 'CityName': 'Paris', 'PostalZone': '75007', 'Country': 'FRA'};130023385;False;SORBONNE UNIVERSITE;EMS SYSTEMES DE MONITORAGE ENVIRONNEMENTAL;2026-09-27;"{'StreetName': ""1 Place de l'Yser"", 'AdditionalStreetName': None, 'CityName': 'Dunkerque', 'PostalZone': '59375', 'Country': 'FRA'}";195944038;False;UNIVERSITE DU LITTORAL COTE D'OPALE;Université du Littoral Côte d'Opale;;;fournitures;['Valeur technique jugée au regard de la qualité des matériels proposés en fonction des spécifications techniques du cahier des charges', 'Prix des prestations'];['qualite', 'prix'];[30.0, 70.0];;True;;False;;;;26-92939;;64097.0;;LOT-0001;39300000;;4;1.0;;Acquisition de divers équipements pour des lignes de mouillage sous-marines;ouverte;2026AOOLOG021F;;;;False;True;False;153170.0;7383.0;Établissement public national à caractère scientifique culturel et professionnel ;1 000  à  1 999;False;1991-11-07;85.42Z;2008;7383.0;Établissement public national à caractère scientifique culturel et professionnel ;5 000  à  9 999;False;<NA>;2008;P;85;85.4;85.42;85.42Z;2018-01-01;(48.8591, 2.30484);Paris;Paris;Île-de-France;;;;;;;;;;;;
False;['44321000'];;True;True;False;attribue;{'StreetName': '8 Rue Du Colonel Berthaud', 'AdditionalStreetName': None, 'CityName': 'Brest', 'PostalZone': '29200', 'Country': 'FRA'};347565384;False;BERRA MARINE SERVICE;BERRA MARINE SERVICE;2026-09-27;"{'StreetName': ""1 Place de l'Yser"", 'AdditionalStreetName': None, 'CityName': 'Dunkerque', 'PostalZone': '59375', 'Country': 'FRA'}";195944038;False;UNIVERSITE DU LITTORAL COTE D'OPALE;Université du Littoral Côte d'Opale;;;fournitures;['Valeur technique jugée au regard de la qualité des matériels proposés en fonction des spécifications techniques du cahier des charges', 'Prix des prestations'];['qualite', 'prix'];[30.0, 70.0];;True;;False;;;;26-92939;;9928.0;;LOT-0002;39300000;;4;1.0;;Acquisition de divers équipements pour des lignes de mouillage sous-marines;ouverte;2026AOOLOG021F;;;;False;True;False;153170.0;7383.0;Établissement public national à caractère scientifique culturel et professionnel ;1 000  à  1 999;False;1991-11-07;85.42Z;2008;5710.0;SAS, société par actions simplifiée;10  à  19;False;<NA>;2008;C;28;28.2;28.22;28.22Z;1988-07-01;(48.39257, -4.45009);Brest;Finistère;Bretagne;;;;;;;;;;;;
False;['34930000'];;True;True;False;non attribue;;;False;;;2026-09-27;"{'StreetName': ""1 Place de l'Yser"", 'AdditionalStreetName': None, 'CityName': 'Dunkerque', 'PostalZone': '59375', 'Country': 'FRA'}";195944038;False;UNIVERSITE DU LITTORAL COTE D'OPALE;Université du Littoral Côte d'Opale;;;fournitures;['Valeur technique jugée au regard de la qualité des matériels proposés en fonction des spécifications techniques du cahier des charges', 'Prix des prestations'];['qualite', 'prix'];[30.0, 70.0];;True;;False;;;;26-92939;;;;LOT-0003;39300000;;4;2.0;;Acquisition de divers équipements pour des lignes de mouillage sous-marines;ouverte;2026AOOLOG021F;;;;False;True;False;153170.0;7383.0;Établissement public national à caractère scientifique culturel et professionnel ;1 000  à  1 999;False;1991-11-07;85.42Z;2008;;;;;;<NA>;;;;;<NA>;<NA>;;;;;;;;;;;;;;;;
False;['34913000'];;True;True;False;attribue;{'StreetName': '216 Chemin Du Braousche', 'AdditionalStreetName': None, 'CityName': 'La Turbie', 'PostalZone': '06320', 'Country': 'FRA'};820803039;False;PARELLA TECHNICAL;TECHNICAP;2026-09-27;"{'StreetName': ""1 Place de l'Yser"", 'AdditionalStreetName': None, 'CityName': 'Dunkerque', 'PostalZone': '59375', 'Country': 'FRA'}";195944038;False;UNIVERSITE DU LITTORAL COTE D'OPALE;Université du Littoral Côte d'Opale;;;fournitures;['Valeur technique jugée au regard de la qualité des matériels proposés en fonction des spécifications techniques du cahier des charges', 'Prix des prestations'];['qualite', 'prix'];[30.0, 70.0];;True;;False;;;;26-92939;;79145.0;;LOT-0004;39300000;;4;1.0;;Acquisition de divers équipements pour des lignes de mouillage sous-marines;ouverte;2026AOOLOG021F;;;;False;True;False;153170.0;7383.0;Établissement public national à caractère scientifique culturel et professionnel ;1 000  à  1 999;False;1991-11-07;85.42Z;2008;5710.0;SAS, société par actions simplifiée;;False;<NA>;2008;M;71;71.1;71.12;71.12B;2016-06-01;(43.750207, 7.386519);La Turbie;Alpes-Maritimes;Provence-Alpes-Côte d'Azur;;;;;;;;;;;;
False;;;True;False;False;attribue;{'StreetName': '15 rue Albert Ricquier', 'AdditionalStreetName': None, 'CityName': 'BEUVRY LA FORET', 'PostalZone': '59310', 'Country': 'FRA'};435158118;True;CROC' VITE;SAS CROC VITE;2026-09-27;{'StreetName': 'Parc Eurasanté 20 Avenue Pierre Mauroy CS 40121', 'AdditionalStreetName': None, 'CityName': 'LOOS CEDEX', 'PostalZone': '59373', 'Country': 'FRA'};428822852;True;ETABLISSEMENT FRANCAIS DU SANG;ETABLISSEMENT FRANCAIS DU SANG HAUTS-DE-FRANCE - NORMANDIE;;2026-09-01+02:00;fournitures;['Prix'];['prix'];[100];360.0;True;;False;{'StreetName': None, 'CityName': None, 'PostalZone': None, 'NUTS': None, 'Country': 'FRA'};sans remise en concurrence;;26-92892;;33120.0;;LOT-0001;15811100;81200.0;1;1.0;;FOURNITURE DE PRODUITS DE BOULANGERIE A DATE LIMITE DE CONSOMMATION LONGUE DESTINES  A LA PAUSE A + DES DONNEURS DE SANG RELANCE LOT 01 : REGION HAUTS-DE-FRANCE;negociee;2026EFS_HFNO397;1.0;;;False;False;False;33120.0;7389.0;Établissement public national à caractère administratif ;5 000  à  9 999;False;1999-12-29;86.90C;2008;5710.0;SAS, société par actions simplifiée;1  ou  2;False;<NA>;2008;G;46;46.3;46.38;46.38B;2001-04-01;(50.463464, 3.269428);Beuvry-la-Forêt;Nord;Hauts-de-France;(50.598958, 3.036616);Loos;Nord;Hauts-de-France;;;;;;;;
False;;;True;False;False;attribue;{'StreetName': '8 IMPASSE DU BOURRELIER', 'AdditionalStreetName': None, 'CityName': 'SAINT-HERBLAIN', 'PostalZone': '44800', 'Country': 'FRA'};409065984;True;KELIAS;KELIAS;2026-09-27;{'StreetName': 'Mairie', 'AdditionalStreetName': None, 'CityName': 'CHARLEVILLE-MéZIèRES', 'PostalZone': '08000', 'Country': 'FRA'};210800967;True;COMMUNE DE CHARLEVILLE-MEZIERES;Service Achats Responsables;;;fournitures;['Prix', 'Valeur technique', 'Démarche environnementale'];['prix', 'technique', 'environnemental'];[50.0, 40.0, 10.0];1440.0;True;;False;;sans remise en concurrence;;26-92660;;400000.0;400000.0;LOT-0001;34992200;400000.0;1;5.0;0.0;Fourniture de matériels et panneaux de signalisation routière pour les besoins des services de la Ville de Charleville-Mézières;ouverte;26F04;;;;False;True;False;400000.0;7210.0;Commune et commune nouvelle ;1 000  à  1 999;False;1978-01-01;84.11Z;2008;5710.0;SAS, société par actions simplifiée;250  à  499;False;<NA>;2008;C;25;25.9;25.99;25.99B;1996-09-26;(47.221381, -1.642747);Saint-Herblain;Loire-Atlantique;Pays de la Loire;(49.767639, 4.71728);Charleville-Mézières;Ardennes;Grand Est;;;;;;;;
False;;;True;False;False;attribue;{'StreetName': '8, rue Delesalle', 'AdditionalStreetName': None, 'CityName': 'LA MADELEINE', 'PostalZone': '59110', 'Country': 'FRA'};532293818;True;NTEC - NORD TRAITEMENT D'EAU CONCEPT;NTEC - Nord Traitement d'Eau Concept;2026-09-27;{'StreetName': 'Place François Mitterrand', 'AdditionalStreetName': None, 'CityName': 'Grande-Synthe', 'PostalZone': '59760', 'Country': 'FRA'};215902719;True;COMMUNE DE GRANDE SYNTHE;Ville de Grande-Synthe;;;services;"['Prix des prestations décomposé comme suit :\n- Poste 1 Maintenance préventive (30 %)\tMontant de la DPGF\n- Poste 2 Maintenance corrective (30 %)\tMontant de la simulation', ""Valeur technique jugée sur la base du mémoire technique et décomposée comme suit :\n- Méthode d'exécution des prestations (30 %) : Organisation interne du candidat pour la réalisation du contrat de maintenance préventive et corrective (20 %) + Organisation interne du candidat pour une intervention d'astreinte (10 %)\n- Moyens humains mis en place sur le chantier (10 %) : Effectifs prévus pour la réalisation de la maintenance préventive""]";['prix', 'social'];[60.0, 40.0];1440.0;False;;False;;sans remise en concurrence;;26-92946;;269045.0;;LOT-0001;50000000;40000.0;1;1.0;;PISCINE LEO LAGRANGE - MAINTENANCE DES INSTALLATIONS DE TRAITEMENT DES EAUX DES BASSINS;ouverte;26S0026BIS;;;;False;False;False;269045.0;7210.0;Commune et commune nouvelle ;1 000  à  1 999;False;1978-01-01;84.11Z;2008;5499.0;Société à responsabilité limitée (sans autre indication);10  à  19;False;<NA>;2008;G;46;46.7;46.73;46.73B;2011-05-02;(50.652351, 3.057954);La Madeleine;Nord;Hauts-de-France;(51.013303, 2.303105);Grande-Synthe;Nord;Hauts-de-France;;;;;;;;
False;;;True;True;False;attribue;;;False;;;2026-09-27;{'StreetName': '80, Boulevard du Métro', 'AdditionalStreetName': None, 'CityName': 'Marseille', 'PostalZone': '13013', 'Country': 'FRA'};059804062;True;REGIE DES TRANSPORTS METROPOLITAINS;RTM - Régie des Transports Métropolitains;;;fournitures;['Les prix (80 %), analysés compte tenu du montant résultant, ligne par ligne, du Devis Descriptif Estimatif Détaillé (DDED) du lot concerné, annexe 1 de l’Invitation à Soumissionner (IS), dont les prix unitaires sont issus du Bordereau des Prix Unitaires (BPU) du lot concerné, annexe 1 de l’Acte d’Engagement (AE).', 'La Valeur technique (20 %), appréciée en fonction des éléments remis par les candidats à l’appui de leur offre. La valeur technique est composée de deux sous-critères, représentant 100% de la valeur technique :\n\n- Sous-critère 1 (50%) : Optimisation du minimum de commande pour chaque pièce,\n\n- Sous-critère 2 (50%) : Optimisation du délai de livraison de chaque pièce.'];['prix', 'delai'];[80.0, 20.0];1825.0;False;0.0;False;{'StreetName': None, 'CityName': 'MARSEILLE', 'PostalZone': '13235', 'NUTS': 'FRL04', 'Country': 'FRA'};sans remise en concurrence;;26-92712;;528644.0;0.0;LOT-0001;34320000;;2;4.0;;Fourniture de pièces détachées pour la maintenance du matériel roulant ferré de la RTM;negociee;MC/2025122;0.0;;;False;False;False;2703061.6;4110.0;Établissement public national à caractère industriel ou commercial doté d'un comptable public ;2 000  à  4 999;False;1959-01-01;49.31Z;2008;;;;;;<NA>;;;;;<NA>;<NA>;;;;;(43.335914, 5.428517);Marseille;Bouches-du-Rhône;Provence-Alpes-Côte d'Azur;;;;;;;;
False;;;True;True;False;attribue;{'StreetName': None, 'AdditionalStreetName': None, 'CityName': 'FAMECK', 'PostalZone': '57290', 'Country': 'FRA'};408860369;True;GUMMI METALL TECHNIK FRANCE;GUMMI METALL TECHNIK;2026-09-27;{'StreetName': '80, Boulevard du Métro', 'AdditionalStreetName': None, 'CityName': 'Marseille', 'PostalZone': '13013', 'Country': 'FRA'};059804062;True;REGIE DES TRANSPORTS METROPOLITAINS;RTM - Régie des Transports Métropolitains;;;fournitures;['Les prix (80 %), analysés compte tenu du montant résultant du Devis Descriptif Estimatif Détaillé (DDED) du lot concerné, annexe 1 de l’Invitation à Soumissionner (IS), dont les prix unitaires sont issus du Bordereau des Prix Unitaires (BPU) du lot concerné, annexe 1 de l’Acte d’Engagement (AE).', 'La Valeur technique (20 %), appréciée en fonction des éléments remis par les candidats à l’appui de leur offre. La valeur technique est composée de deux sous-critères, représentant 100% de la valeur technique :\n\n- Sous-critère 1 (50%) : Optimisation des minimums de commande.\n\n- Sous-critère 2 (50%) : Optimisation des délais de livraison.'];['prix', 'delai'];[80.0, 20.0];1825.0;False;0.0;False;{'StreetName': None, 'CityName': 'MARSEILLE', 'PostalZone': '13235', 'NUTS': 'FRL04', 'Country': 'FRA'};sans remise en concurrence;;26-92712;;486510.0;;LOT-0002;34320000;;2;3.0;;Fourniture de pièces détachées pour la maintenance du matériel roulant ferré de la RTM;negociee;MC/2025122;0.0;;;False;False;False;2703061.6;4110.0;Établissement public national à caractère industriel ou commercial doté d'un comptable public ;2 000  à  4 999;False;1959-01-01;49.31Z;2008;5499.0;Société à responsabilité limitée (sans autre indication);6  à  9;False;<NA>;2008;G;46;46.6;46.69;46.69B;1996-09-01;;Fameck;Moselle;Grand Est;(43.335914, 5.428517);Marseille;Bouches-du-Rhône;Provence-Alpes-Côte d'Azur;;;;;;;;
False;['51214000', '38720000'];;True;False;False;attribue;{'StreetName': '34, Rue Charles Piketty', 'AdditionalStreetName': None, 'CityName': 'VIRY-CHATILLON', 'PostalZone': '91170', 'Country': 'FRA'};311764187;True;CITEPARK;SAS CITEPARK;2026-09-27;{'StreetName': '12 Avenue Joseph Clotis', 'AdditionalStreetName': None, 'CityName': 'Hyeres cedex', 'PostalZone': '83410', 'Country': 'FRA'};218300697;True;COMMUNE D HYERES;Commune d'Hyères;;2026-10-30+02:00;services;"['Valeur technique jugée d’après la grille de notation', ""Prix des prestations jugé d'après le montant TTC indiqué à l'AE le cas échéant corrigé"", ""Performances environnementales jugées d'après la grille de notation""]";['technique', 'prix', 'environnemental'];[30.0, 60.0, 10.0];1440.0;True;;False;"{'StreetName': None, 'CityName': ""Commune d'Hyères"", 'PostalZone': None, 'NUTS': 'FRL05', 'Country': 'FRA'}";sans remise en concurrence;;26-92857;;300000.0;;LOT-0001;50230000;300000.0;1;2.0;;POLICE MUNICIPALE - Acquisition, maintenance préventive et curative du parc d'horodateurs - Accord-cadre à bons de commande - Mise en appel d'offres ouvert;ouverte;AOO1825;;;;False;False;False;300000.0;7210.0;Commune et commune nouvelle ;1 000  à  1 999;False;1983-03-01;84.11Z;2008;5710.0;SAS, société par actions simplifiée;20  à  49;False;<NA>;2008;H;52;52.2;52.21;52.21Z;1985-10-01;(48.674293, 2.388482);Viry-Châtillon;Essonne;Île-de-France;(43.119921, 6.129986);Hyères;Var;Provence-Alpes-Côte d'Azur;;;;;;;;
False;;;True;False;False;attribue;{'StreetName': '386 boulevard Henri Barnier', 'AdditionalStreetName': None, 'CityName': 'Marseille', 'PostalZone': '13016', 'Country': 'FRA'};389675018;True;ORTEC ENVIRONNEMENT;ORTEC ENVIRONNEMENT;2026-09-27;{'StreetName': '58 boulevard Charles Livon', 'AdditionalStreetName': None, 'CityName': 'Marseille', 'PostalZone': '13007', 'Country': 'FRA'};200054807;True;METROPOLE D'AIX-MARSEILLE-PROVENCE;Métropole Aix-Marseille-Provence;;;services;"['Le critère prix sera calculé en prenant en compte le montant global des prix en TTC\nLe critère prix sera apprécié au regard : du détail quantitatif estimatif et du bordereau des prix unitaires.', ""Valeur technique :  Sous-critère A : Pertinence et organisation des moyens humains et du parc des véhicules de collecte mis en oeuvre pour l'exécution des prestations :  100 %"", 'Valeur environnementale : Sous-critère A : Pertinence des conditions de collecte et de suivi du traitement des déchets 100 %']";['prix', 'social', 'environnemental'];[70.0, 20.0, 10.0];1460.0;True;230380.0;False;{'StreetName': 'Métropole Aix Marseille Provence', 'CityName': 'Marseille', 'PostalZone': '13007', 'NUTS': 'FRL04', 'Country': 'FRA'};sans remise en concurrence;;26-93056;;;230380.0;LOT-0001;90511100;300000.0;1;2.0;;Collecte et traitement des déchets issus de l'exploitation des bateaux de plaisance des ports de la Métropole Aix-Marseille-Provence;ouverte;71250186;;;;False;False;False;;7344.0;Métropole;5 000  à  9 999;False;2016-01-01;84.11Z;2008;5710.0;SAS, société par actions simplifiée;1 000  à  1 999;False;False;2008;E;38;38.1;38.11;38.11Z;1993-01-01;(43.359662, 5.342978);Marseille;Bouches-du-Rhône;Provence-Alpes-Côte d'Azur;(43.292154, 5.359134);Marseille;Bouches-du-Rhône;Provence-Alpes-Côte d'Azur;;;;;;;;
False;['55520000'];;True;False;False;attribue;{'StreetName': '18bis Ave Albin Gilles', 'AdditionalStreetName': None, 'CityName': 'St Remy De Provence', 'PostalZone': '13210', 'Country': 'FRA'};917464646;False;LES FRANGINS LESIEUR;LES FRANGINS TRAITEURS;2026-09-27;{'StreetName': 'Hotel de Région', 'AdditionalStreetName': '27 Place Jules Guesde', 'CityName': 'Marseille', 'PostalZone': '13481', 'Country': 'FRA'};231300021;False;REGION PROVENCE-ALPES-COTE D'AZUR;Région Provence-Alpes-Côte d'Azur;;2026-04-01+02:00;services;"[""Valeur technique de l'offre"", 'Environnementale', 'Prix']";['technique', 'environnemental', 'prix'];[35.0, 5.0, 60.0];360.0;False;;True;;;L'accord-cadre est susceptible de bénéficier d'un cofinancement européen;26-92870;;200000.0;;LOT-0000;55520000;;1;1.0;;Prestations de traiteur réalisées dans les départements des Alpes de Haute Provence et des Hautes Alpes de la région Provence-Alpes-Côte d'Azur;ouverte;2026-0186;3.0;;;False;False;False;200000.0;7230.0;Région ;5 000  à  9 999;False;1982-01-01;84.11Z;2008;5499.0;Société à responsabilité limitée (sans autre indication);10  à  19;False;<NA>;2008;G;47;47.2;47.22;47.22Z;2022-07-13;(43.794477, 4.822426);Saint-Rémy-de-Provence;Bouches-du-Rhône;Provence-Alpes-Côte d'Azur;(50.573518, 3.053529);Templemars;Nord;Hauts-de-France;;;;;;;;
False;;;False;False;False;attribue;{'StreetName': None, 'AdditionalStreetName': None, 'CityName': 'PARIS', 'PostalZone': '75009', 'Country': 'FRA'};403931132;True;ASS FRANCAISE DE MEDECINE DE PREVENTION;Association Française de médecine de prévention AFMP;2026-09-27;{'StreetName': '1 avenue léon Journault', 'AdditionalStreetName': None, 'CityName': 'SEVRES', 'PostalZone': '92318', 'Country': 'FRA'};180043069;True;FRANCE EDUCATION INTERNATIONAL;FRANCE EDUCATION INTERNATIONAL;;;services;['•\tPrix des prestations (40%) : prix de la vacation horaire', '•\tValeur technique (60%)\tEquipe dédiée \no\tMoyens mis en œuvre pour le déroulement de la surveillance médicale des agents\no\tMoyens mis en œuvre pour le déroulement des prestations liées au « tiers temps'];['prix', 'delai'];[40.0, 60.0];1460.0;False;;False;{'StreetName': None, 'CityName': 'Sèvres', 'PostalZone': None, 'NUTS': 'FR105', 'Country': 'FRA'};sans remise en concurrence;;26-92762;;;480000.0;LOT-0001;85147000;480000.0;1;3.0;;Prestation de médecine de prévention au profit des personnels de France Education International (FEI);ouverte;MAR26-08;3.0;;;False;False;False;;7389.0;Établissement public national à caractère administratif ;250  à  499;False;1987-05-12;85.42Z;2008;9220.0;Association déclarée ;50  à  99;True;<NA>;2008;Q;86;86.2;86.22;86.22C;1996-01-01;;Paris;Paris;Île-de-France;(48.824328, 2.216403);Sèvres;Hauts-de-Seine;Île-de-France;;;;;;;;
False;;;True;True;False;attribue;{'StreetName': None, 'AdditionalStreetName': None, 'CityName': 'Saint-Jean-de-Maurienne', 'PostalZone': '73300', 'Country': 'FRA'};304994775;True;TRANS-ALPES;TRANS-ALPES;2026-09-27;{'StreetName': '101 cours Charlemagne - CS20033', 'AdditionalStreetName': None, 'CityName': 'Lyon cedex 2', 'PostalZone': '69269', 'Country': 'FRA'};200053767;True;REGION AUVERGNE-RHONE-ALPES;Région Auvergne Rhône-Alpes;;;services;['Critère 1 : Le niveau de motorisation du parc de véhicules', 'Critère 2 : Autres formations des conducteurs', 'Critère 3 : La formation des conducteurs à l’écoconduite', 'Critère 4 : Vérification du dernier passager : procédures, moyens, … mis en place', 'Prix'];['qualite', 'qualite', 'qualite', 'qualite', 'prix'];[9.0, 12.0, 7.0, 12.0, 60.0];1440.0;True;;False;{'StreetName': None, 'CityName': None, 'PostalZone': None, 'NUTS': 'FRK27', 'Country': 'FRA'};sans remise en concurrence;;26-93036;;;;LOT-0069;60130000;2521600.0;10;1.0;;AT73 - Transports scolaires 3/3 - 47 lots - 2026;ouverte;DAF_2025_000494;;;;False;False;False;;7230.0;Région ;5 000  à  9 999;False;2016-01-01;84.11Z;2008;5710.0;SAS, société par actions simplifiée;100  à  199;False;<NA>;2008;H;49;49.3;49.39;49.39B;1976-01-01;;Saint-Jean-de-Maurienne;Savoie;Auvergne-Rhône-Alpes;(45.740702, 4.819374);Lyon;Rhône;Auvergne-Rhône-Alpes;;;;;;;;
False;;;True;True;False;attribue;{'StreetName': None, 'AdditionalStreetName': None, 'CityName': 'Saint-Jean-de-Maurienne', 'PostalZone': '73300', 'Country': 'FRA'};304994775;True;TRANS-ALPES;TRANS-ALPES;2026-09-27;{'StreetName': '101 cours Charlemagne - CS20033', 'AdditionalStreetName': None, 'CityName': 'Lyon cedex 2', 'PostalZone': '69269', 'Country': 'FRA'};200053767;True;REGION AUVERGNE-RHONE-ALPES;Région Auvergne Rhône-Alpes;;;services;['Critère 1 : Le niveau de motorisation du parc de véhicules', 'Critère 2 : Autres formations des conducteurs', 'Critère 3 : La formation des conducteurs à l’écoconduite', 'Critère 4 : Vérification du dernier passager : procédures, moyens, … mis en place', 'Prix'];['qualite', 'qualite', 'qualite', 'qualite', 'prix'];[9.0, 12.0, 7.0, 12.0, 60.0];1440.0;True;;False;{'StreetName': None, 'CityName': None, 'PostalZone': None, 'NUTS': 'FRK27', 'Country': 'FRA'};sans remise en concurrence;;26-93036;;;;LOT-0070;60130000;2521600.0;10;1.0;;AT73 - Transports scolaires 3/3 - 47 lots - 2026;ouverte;DAF_2025_000494;;;;False;False;False;;7230.0;Région ;5 000  à  9 999;False;2016-01-01;84.11Z;2008;5710.0;SAS, société par actions simplifiée;100  à  199;False;<NA>;2008;H;49;49.3;49.39;49.39B;1976-01-01;;Saint-Jean-de-Maurienne;Savoie;Auvergne-Rhône-Alpes;(45.740702, 4.819374);Lyon;Rhône;Auvergne-Rhône-Alpes;;;;;;;;
False;;;True;True;False;attribue;{'StreetName': None, 'AdditionalStreetName': None, 'CityName': 'Saint-Jean-de-Maurienne', 'PostalZone': '73300', 'Country': 'FRA'};304994775;True;TRANS-ALPES;TRANS-ALPES;2026-09-27;{'StreetName': '101 cours Charlemagne - CS20033', 'AdditionalStreetName': None, 'CityName': 'Lyon cedex 2', 'PostalZone': '69269', 'Country': 'FRA'};200053767;True;REGION AUVERGNE-RHONE-ALPES;Région Auvergne Rhône-Alpes;;;services;['Critère 1 : Le niveau de motorisation du parc de véhicules', 'Critère 2 : Autres formations des conducteurs', 'Critère 3 : La formation des conducteurs à l’écoconduite', 'Critère 4 : Vérification du dernier passager : procédures, moyens, … mis en place', 'Prix'];['qualite', 'qualite', 'qualite', 'qualite', 'prix'];[9.0, 12.0, 7.0, 12.0, 60.0];1440.0;True;;False;{'StreetName': None, 'CityName': None, 'PostalZone': None, 'NUTS': 'FRK27', 'Country': 'FRA'};sans remise en concurrence;;26-93036;;;;LOT-0071;60130000;2521600.0;10;2.0;;AT73 - Transports scolaires 3/3 - 47 lots - 2026;ouverte;DAF_2025_000494;;;;False;False;False;;7230.0;Région ;5 000  à  9 999;False;2016-01-01;84.11Z;2008;5710.0;SAS, société par actions simplifiée;100  à  199;False;<NA>;2008;H;49;49.3;49.39;49.39B;1976-01-01;;Saint-Jean-de-Maurienne;Savoie;Auvergne-Rhône-Alpes;(45.740702, 4.819374);Lyon;Rhône;Auvergne-Rhône-Alpes;;;;;;;;
False;;;True;True;False;attribue;{'StreetName': None, 'AdditionalStreetName': None, 'CityName': 'Saint-Jean-de-Maurienne', 'PostalZone': '73300', 'Country': 'FRA'};304994775;True;TRANS-ALPES;TRANS-ALPES;2026-09-27;{'StreetName': '101 cours Charlemagne - CS20033', 'AdditionalStreetName': None, 'CityName': 'Lyon cedex 2', 'PostalZone': '69269', 'Country': 'FRA'};200053767;True;REGION AUVERGNE-RHONE-ALPES;Région Auvergne Rhône-Alpes;;;services;['Critère 1 : Le niveau de motorisation du parc de véhicules', 'Critère 2 : Autres formations des conducteurs', 'Critère 3 : La formation des conducteurs à l’écoconduite', 'Critère 4 : Vérification du dernier passager : procédures, moyens, … mis en place', 'Prix'];['qualite', 'qualite', 'qualite', 'qualite', 'prix'];[9.0, 12.0, 7.0, 12.0, 60.0];1440.0;True;;False;{'StreetName': None, 'CityName': None, 'PostalZone': None, 'NUTS': 'FRK27', 'Country': 'FRA'};sans remise en concurrence;;26-93036;;;;LOT-0072;60130000;2521600.0;10;1.0;;AT73 - Transports scolaires 3/3 - 47 lots - 2026;ouverte;DAF_2025_000494;;;;False;False;False;;7230.0;Région ;5 000  à  9 999;False;2016-01-01;84.11Z;2008;5710.0;SAS, société par actions simplifiée;100  à  199;False;<NA>;2008;H;49;49.3;49.39;49.39B;1976-01-01;;Saint-Jean-de-Maurienne;Savoie;Auvergne-Rhône-Alpes;(45.740702, 4.819374);Lyon;Rhône;Auvergne-Rhône-Alpes;;;;;;;;
False;;;True;True;False;attribue;{'StreetName': None, 'AdditionalStreetName': None, 'CityName': 'Saint-Jean-de-Maurienne', 'PostalZone': '73300', 'Country': 'FRA'};304994775;True;TRANS-ALPES;TRANS-ALPES;2026-09-27;{'StreetName': '101 cours Charlemagne - CS20033', 'AdditionalStreetName': None, 'CityName': 'Lyon cedex 2', 'PostalZone': '69269', 'Country': 'FRA'};200053767;True;REGION AUVERGNE-RHONE-ALPES;Région Auvergne Rhône-Alpes;;;services;['Critère 1 : Le niveau de motorisation du parc de véhicules', 'Critère 2 : Autres formations des conducteurs', 'Critère 3 : La formation des conducteurs à l’écoconduite', 'Critère 4 : Vérification du dernier passager : procédures, moyens, … mis en place', 'Prix'];['qualite', 'qualite', 'qualite', 'qualite', 'prix'];[9.0, 12.0, 7.0, 12.0, 60.0];1440.0;True;;False;{'StreetName': None, 'CityName': None, 'PostalZone': None, 'NUTS': 'FRK27', 'Country': 'FRA'};sans remise en concurrence;;26-93036;;;;LOT-0074;60130000;2521600.0;10;1.0;;AT73 - Transports scolaires 3/3 - 47 lots - 2026;ouverte;DAF_2025_000494;;;;False;False;False;;7230.0;Région ;5 000  à  9 999;False;2016-01-01;84.11Z;2008;5710.0;SAS, société par actions simplifiée;100  à  199;False;<NA>;2008;H;49;49.3;49.39;49.39B;1976-01-01;;Saint-Jean-de-Maurienne;Savoie;Auvergne-Rhône-Alpes;(45.740702, 4.819374);Lyon;Rhône;Auvergne-Rhône-Alpes;;;;;;;;
False;;;True;True;False;attribue;{'StreetName': None, 'AdditionalStreetName': None, 'CityName': 'Saint-Jean-de-Maurienne', 'PostalZone': '73300', 'Country': 'FRA'};304994775;True;TRANS-ALPES;TRANS-ALPES;2026-09-27;{'StreetName': '101 cours Charlemagne - CS20033', 'AdditionalStreetName': None, 'CityName': 'Lyon cedex 2', 'PostalZone': '69269', 'Country': 'FRA'};200053767;True;REGION AUVERGNE-RHONE-ALPES;Région Auvergne Rhône-Alpes;;;services;['Critère 1 : Le niveau de motorisation du parc de véhicules', 'Critère 2 : Autres formations des conducteurs', 'Critère 3 : La formation des conducteurs à l’écoconduite', 'Critère 4 : Vérification du dernier passager : procédures, moyens, … mis en place', 'Prix'];['qualite', 'qualite', 'qualite', 'qualite', 'prix'];[9.0, 12.0, 7.0, 12.0, 60.0];1440.0;True;;False;{'StreetName': None, 'CityName': None, 'PostalZone': None, 'NUTS': 'FRK27', 'Country': 'FRA'};sans remise en concurrence;;26-93036;;;;LOT-0073;60130000;2521600.0;10;1.0;;AT73 - Transports scolaires 3/3 - 47 lots - 2026;ouverte;DAF_2025_000494;;;;False;False;False;;7230.0;Région ;5 000  à  9 999;False;2016-01-01;84.11Z;2008;5710.0;SAS, société par actions simplifiée;100  à  199;False;<NA>;2008;H;49;49.3;49.39;49.39B;1976-01-01;;Saint-Jean-de-Maurienne;Savoie;Auvergne-Rhône-Alpes;(45.740702, 4.819374);Lyon;Rhône;Auvergne-Rhône-Alpes;;;;;;;;
False;;;True;True;False;attribue;{'StreetName': None, 'AdditionalStreetName': None, 'CityName': 'Saint-Jean-de-Maurienne', 'PostalZone': '73300', 'Country': 'FRA'};304994775;True;TRANS-ALPES;TRANS-ALPES;2026-09-27;{'StreetName': '101 cours Charlemagne - CS20033', 'AdditionalStreetName': None, 'CityName': 'Lyon cedex 2', 'PostalZone': '69269', 'Country': 'FRA'};200053767;True;REGION AUVERGNE-RHONE-ALPES;Région Auvergne Rhône-Alpes;;;services;['Critère 1 : Le niveau de motorisation du parc de véhicules', 'Critère 2 : Autres formations des conducteurs', 'Critère 3 : La formation des conducteurs à l’écoconduite', 'Critère 4 : Vérification du dernier passager : procédures, moyens, … mis en place', 'Prix'];['qualite', 'qualite', 'qualite', 'qualite', 'prix'];[9.0, 12.0, 7.0, 12.0, 60.0];1440.0;True;;False;{'StreetName': None, 'CityName': None, 'PostalZone': None, 'NUTS': 'FRK27', 'Country': 'FRA'};sans remise en concurrence;;26-93036;;;;LOT-0075;60130000;2521600.0;10;1.0;;AT73 - Transports scolaires 3/3 - 47 lots - 2026;ouverte;DAF_2025_000494;;;;False;False;False;;7230.0;Région ;5 000  à  9 999;False;2016-01-01;84.11Z;2008;5710.0;SAS, société par actions simplifiée;100  à  199;False;<NA>;2008;H;49;49.3;49.39;49.39B;1976-01-01;;Saint-Jean-de-Maurienne;Savoie;Auvergne-Rhône-Alpes;(45.740702, 4.819374);Lyon;Rhône;Auvergne-Rhône-Alpes;;;;;;;;
False;;;True;True;False;attribue;{'StreetName': None, 'AdditionalStreetName': None, 'CityName': 'Saint-Jean-de-Maurienne', 'PostalZone': '73300', 'Country': 'FRA'};304994775;True;TRANS-ALPES;TRANS-ALPES;2026-09-27;{'StreetName': '101 cours Charlemagne - CS20033', 'AdditionalStreetName': None, 'CityName': 'Lyon cedex 2', 'PostalZone': '69269', 'Country': 'FRA'};200053767;True;REGION AUVERGNE-RHONE-ALPES;Région Auvergne Rhône-Alpes;;;services;['Critère 1 : Le niveau de motorisation du parc de véhicules', 'Critère 2 : Autres formations des conducteurs', 'Critère 3 : La formation des conducteurs à l’écoconduite', 'Critère 4 : Vérification du dernier passager : procédures, moyens, … mis en place', 'Prix'];['qualite', 'qualite', 'qualite', 'qualite', 'prix'];[9.0, 12.0, 7.0, 12.0, 60.0];1440.0;True;;False;{'StreetName': None, 'CityName': None, 'PostalZone': None, 'NUTS': 'FRK27', 'Country': 'FRA'};sans remise en concurrence;;26-93036;;;;LOT-0079;60130000;2521600.0;10;1.0;;AT73 - Transports scolaires 3/3 - 47 lots - 2026;ouverte;DAF_2025_000494;;;;False;False;False;;7230.0;Région ;5 000  à  9 999;False;2016-01-01;84.11Z;2008;5710.0;SAS, société par actions simplifiée;100  à  199;False;<NA>;2008;H;49;49.3;49.39;49.39B;1976-01-01;;Saint-Jean-de-Maurienne;Savoie;Auvergne-Rhône-Alpes;(45.740702, 4.819374);Lyon;Rhône;Auvergne-Rhône-Alpes;;;;;;;;
False;;;True;True;False;attribue;{'StreetName': None, 'AdditionalStreetName': None, 'CityName': 'Saint-Jean-de-Maurienne', 'PostalZone': '73300', 'Country': 'FRA'};304994775;True;TRANS-ALPES;TRANS-ALPES;2026-09-27;{'StreetName': '101 cours Charlemagne - CS20033', 'AdditionalStreetName': None, 'CityName': 'Lyon cedex 2', 'PostalZone': '69269', 'Country': 'FRA'};200053767;True;REGION AUVERGNE-RHONE-ALPES;Région Auvergne Rhône-Alpes;;;services;['Critère 1 : Le niveau de motorisation du parc de véhicules', 'Critère 2 : Autres formations des conducteurs', 'Critère 3 : La formation des conducteurs à l’écoconduite', 'Critère 4 : Vérification du dernier passager : procédures, moyens, … mis en place', 'Prix'];['qualite', 'qualite', 'qualite', 'qualite', 'prix'];[9.0, 12.0, 7.0, 12.0, 60.0];1440.0;True;;False;{'StreetName': None, 'CityName': None, 'PostalZone': None, 'NUTS': 'FRK27', 'Country': 'FRA'};sans remise en concurrence;;26-93036;;;;LOT-0080;60130000;2521600.0;10;1.0;;AT73 - Transports scolaires 3/3 - 47 lots - 2026;ouverte;DAF_2025_000494;;;;False;False;False;;7230.0;Région ;5 000  à  9 999;False;2016-01-01;84.11Z;2008;5710.0;SAS, société par actions simplifiée;100  à  199;False;<NA>;2008;H;49;49.3;49.39;49.39B;1976-01-01;;Saint-Jean-de-Maurienne;Savoie;Auvergne-Rhône-Alpes;(45.740702, 4.819374);Lyon;Rhône;Auvergne-Rhône-Alpes;;;;;;;;
False;;;True;True;False;attribue;{'StreetName': None, 'AdditionalStreetName': None, 'CityName': 'Saint-Jean-de-Maurienne', 'PostalZone': '73300', 'Country': 'FRA'};304994775;True;TRANS-ALPES;TRANS-ALPES;2026-09-27;{'StreetName': '101 cours Charlemagne - CS20033', 'AdditionalStreetName': None, 'CityName': 'Lyon cedex 2', 'PostalZone': '69269', 'Country': 'FRA'};200053767;True;REGION AUVERGNE-RHONE-ALPES;Région Auvergne Rhône-Alpes;;;services;['Critère 1 : Le niveau de motorisation du parc de véhicules', 'Critère 2 : Autres formations des conducteurs', 'Critère 3 : La formation des conducteurs à l’écoconduite', 'Critère 4 : Vérification du dernier passager : procédures, moyens, … mis en place', 'Prix'];['qualite', 'qualite', 'qualite', 'qualite', 'prix'];[9.0, 12.0, 7.0, 12.0, 60.0];1440.0;True;;False;{'StreetName': None, 'CityName': None, 'PostalZone': None, 'NUTS': 'FRK27', 'Country': 'FRA'};sans remise en concurrence;;26-93036;;;;LOT-0081;60130000;2521600.0;10;1.0;;AT73 - Transports scolaires 3/3 - 47 lots - 2026;ouverte;DAF_2025_000494;;;;False;False;False;;7230.0;Région ;5 000  à  9 999;False;2016-01-01;84.11Z;2008;5710.0;SAS, société par actions simplifiée;100  à  199;False;<NA>;2008;H;49;49.3;49.39;49.39B;1976-01-01;;Saint-Jean-de-Maurienne;Savoie;Auvergne-Rhône-Alpes;(45.740702, 4.819374);Lyon;Rhône;Auvergne-Rhône-Alpes;;;;;;;;
False;['30163100'];;True;True;False;attribue;{'StreetName': '562 AVENUE DU PARC DE L’ILE', 'AdditionalStreetName': None, 'CityName': 'NANTERRE CEDEX', 'PostalZone': '92029', 'Country': 'FRA'};531680445;True;TOTALENERGIES MARKETING FRANCE;TOTALENERGIES MARKETING France;2026-09-27;{'StreetName': '83 BOULEVARD MARIUS VIVIER-MERLE', 'AdditionalStreetName': None, 'CityName': 'LYON', 'PostalZone': '69003', 'Country': 'FRA'};130002223;True;GROUPEMENT COOPERATION SANITAIRE - UNION DES HOPITAUX POUR LES ACHATS;UNIHA-GCS;;2027-01-01+01:00;fournitures;['Coût global : 40%'];['prix'];[100];1460.0;True;;False;{'StreetName': 'Le marché est exécuté au bénéfice de l’ensemble des membres bénéficiaires identifiés ci-avant (article 1.3), lesquels sont situés sur le territoire métropolitain et dans les Départements ou Régions d’Outre-Mer et Collectivités d’Outre-Mer (DROM-COM).\nLe lieu de livraison sera précisé sur chaque bon de commande. (article 4.6 du RC)', 'CityName': 'Lyon', 'PostalZone': '69003', 'NUTS': 'FRK26', 'Country': 'FRA'};sans remise en concurrence;;26-93025;;;;LOT-0001;30163000;93556031.0;2;5.0;;Fourniture de cartes accréditives pour l’approvisionnement de carburant et d’électricité par un fournisseur d’énergie pétrolière, de badges télépéages et prestations associées;ouverte;M_3200;;;;False;False;False;;7470.0;Groupement de coopération sanitaire à gestion publique ;100  à  199;<NA>;2005-12-15;84.13Z;2008;5710.0;SAS, société par actions simplifiée;1 000  à  1 999;False;False;2008;G;46;46.7;46.71;46.71Z;2011-03-25;(48.892339, 2.179071);Nanterre;Hauts-de-Seine;Île-de-France;(45.755148, 4.859335);Lyon;Rhône;Auvergne-Rhône-Alpes;;;;;;;;
False;['63712210'];;True;True;False;attribue;;;False;;;2026-09-27;{'StreetName': '83 BOULEVARD MARIUS VIVIER-MERLE', 'AdditionalStreetName': None, 'CityName': 'LYON', 'PostalZone': '69003', 'Country': 'FRA'};130002223;True;GROUPEMENT COOPERATION SANITAIRE - UNION DES HOPITAUX POUR LES ACHATS;UNIHA-GCS;;2027-01-01+01:00;fournitures;['Coût global : 40%'];['prix'];[100];1460.0;True;;False;{'StreetName': 'Le marché est exécuté au bénéfice de l’ensemble des membres bénéficiaires identifiés ci-avant (article 1.3), lesquels sont situés sur le territoire métropolitain et dans les Départements ou Régions d’Outre-Mer et Collectivités d’Outre-Mer (DROM-COM).\nLe lieu de livraison sera précisé sur chaque bon de commande. \n(CF article 4.6 du RC)', 'CityName': 'Lyon', 'PostalZone': '69003', 'NUTS': 'FRK26', 'Country': 'FRA'};sans remise en concurrence;;26-93025;;;;LOT-0002;30163000;93556031.0;2;5.0;;Fourniture de cartes accréditives pour l’approvisionnement de carburant et d’électricité par un fournisseur d’énergie pétrolière, de badges télépéages et prestations associées;ouverte;M_3200;;;;False;False;False;;7470.0;Groupement de coopération sanitaire à gestion publique ;100  à  199;<NA>;2005-12-15;84.13Z;2008;;;;;;<NA>;;;;;<NA>;<NA>;;;;;(45.755148, 4.859335);Lyon;Rhône;Auvergne-Rhône-Alpes;;;;;;;;
False;;;True;False;False;attribue;{'StreetName': 'Le Grand Chemin ', 'AdditionalStreetName': None, 'CityName': 'BREZINS', 'PostalZone': '38590', 'Country': 'FRA'};408720282;True;FRESENIUS VIAL;FRESENIUS VIAL;2026-09-27;{'StreetName': '20 avenue du Stade de France', 'AdditionalStreetName': None, 'CityName': 'Saint-Denis', 'PostalZone': '93210', 'Country': 'FRA'};428822852;True;ETABLISSEMENT FRANCAIS DU SANG;Etablissement Français du Sang;;;fournitures;['Prix'];['prix'];[100];1440.0;False;;False;{'StreetName': '20 Avenue du Stade de France', 'CityName': 'Saint-Denis', 'PostalZone': '93210', 'NUTS': 'FR106', 'Country': 'FRA'};sans remise en concurrence;;26-92749;;;766135.36;LOT-0001;33194210;1532270.0;1;1.0;;Maintenance du parc d’agitateurs plaquettaires et des enceintes thermostatées de l’EFS et du CTSA et services associés;negociee;EFS_SC3022;;;;False;False;False;;7389.0;Établissement public national à caractère administratif ;5 000  à  9 999;False;1999-12-29;86.90C;2008;5710.0;SAS, société par actions simplifiée;250  à  499;False;<NA>;2008;C;32;32.5;32.5;32.50A;1996-09-01;(45.346246, 5.308797);Brézins;Isère;Auvergne-Rhône-Alpes;(48.916265, 2.362315);Saint-Denis;Seine-Saint-Denis;Île-de-France;;;;;;;;
False;['90712100'];;True;True;False;attribue;{'StreetName': '20 passage saint Sébastien', 'AdditionalStreetName': None, 'CityName': 'Paris', 'PostalZone': '75011', 'Country': 'FRA'};525119244;False;CITY LINKED;City Linked;2026-09-27;{'StreetName': 'Bp 10018', 'AdditionalStreetName': None, 'CityName': 'Aulnay Sous Bois', 'PostalZone': '93601', 'Country': 'FRA'};200058097;False;PARIS TERRES D'ENVOL;PARIS TERRES D'ENVOL;;2026-08-03+02:00;services;"[""Valeur technique de l'offre appréciée à l'aide du mémoire technique"", 'Valeur technique et fiabilité des procédés', 'Prix']";['technique', 'technique', 'prix'];[40.0, 30.0, 30.0];720.0;False;;False;;;;26-92936;;90375.0;;LOT-0001;90712100;;3;6.0;;ASSISTANT A MAITRE D'OUVRAGE EN ORDONNANCEMENT PILOTAGE COORDINATION URBAIN (OPCU) POUR LES PROJETS RENOUVELLEMENT URBAIN DE PARIS TERRES D'ENVOL;ouverte;EPT 2608;;;;True;False;True;270645.0;7345.0;Syndicat intercommunal à vocation multiple (SIVOM) ;100  à  199;<NA>;2016-01-01;84.11Z;2008;5710.0;SAS, société par actions simplifiée;6  à  9;False;<NA>;2008;M;71;71.1;71.11;71.11Z;2010-09-28;(48.861666, 2.36939);Paris;Paris;Île-de-France;(48.940735, 2.497929);Aulnay-sous-Bois;Seine-Saint-Denis;Île-de-France;;;;;;;;
False;['90712100'];;True;True;False;attribue;{'StreetName': '4 La Pellure', 'AdditionalStreetName': None, 'CityName': 'Le Genest St Isle', 'PostalZone': '53940', 'Country': 'FRA'};508141462;False;PERSPECTIVES URBAINES ET SOCIALES;Perspectives Urbaines et Sociales;2026-09-27;{'StreetName': 'Bp 10018', 'AdditionalStreetName': None, 'CityName': 'Aulnay Sous Bois', 'PostalZone': '93601', 'Country': 'FRA'};200058097;False;PARIS TERRES D'ENVOL;PARIS TERRES D'ENVOL;;2026-08-03+02:00;services;"[""Valeur technique de l'offre appréciée à l'aide du mémoire technique"", 'Valeur technique et fiabilité des procédés', 'Prix']";['technique', 'technique', 'prix'];[40.0, 30.0, 30.0];660.0;False;;False;;;;26-92936;;80397.5;;LOT-0002;90712100;;3;6.0;;ASSISTANT A MAITRE D'OUVRAGE EN ORDONNANCEMENT PILOTAGE COORDINATION URBAIN (OPCU) POUR LES PROJETS RENOUVELLEMENT URBAIN DE PARIS TERRES D'ENVOL;ouverte;EPT 2608;;;;True;False;True;270645.0;7345.0;Syndicat intercommunal à vocation multiple (SIVOM) ;100  à  199;<NA>;2016-01-01;84.11Z;2008;5710.0;SAS, société par actions simplifiée;6  à  9;False;<NA>;2008;M;70;70.2;70.22;70.22Z;2008-09-09;(48.106621, -0.899499);Le Genest-Saint-Isle;Mayenne;Pays de la Loire;(48.940735, 2.497929);Aulnay-sous-Bois;Seine-Saint-Denis;Île-de-France;;;;;;;;
False;['90712100'];;True;True;False;attribue;{'StreetName': '4 La Pellure', 'AdditionalStreetName': None, 'CityName': 'Le Genest St Isle', 'PostalZone': '53940', 'Country': 'FRA'};508141462;False;PERSPECTIVES URBAINES ET SOCIALES;Perspectives Urbaines et Sociales;2026-09-27;{'StreetName': 'Bp 10018', 'AdditionalStreetName': None, 'CityName': 'Aulnay Sous Bois', 'PostalZone': '93601', 'Country': 'FRA'};200058097;False;PARIS TERRES D'ENVOL;PARIS TERRES D'ENVOL;;2026-08-03+02:00;services;"[""Valeur technique de l'offre appréciée à l'aide du mémoire technique"", 'Valeur technique et fiabilité des procédés', 'Prix']";['technique', 'technique', 'prix'];[40.0, 30.0, 30.0];810.0;False;;False;;;;26-92936;;99872.5;;LOT-0003;90712100;;3;9.0;;ASSISTANT A MAITRE D'OUVRAGE EN ORDONNANCEMENT PILOTAGE COORDINATION URBAIN (OPCU) POUR LES PROJETS RENOUVELLEMENT URBAIN DE PARIS TERRES D'ENVOL;ouverte;EPT 2608;;;;True;False;True;270645.0;7345.0;Syndicat intercommunal à vocation multiple (SIVOM) ;100  à  199;<NA>;2016-01-01;84.11Z;2008;5710.0;SAS, société par actions simplifiée;6  à  9;False;<NA>;2008;M;70;70.2;70.22;70.22Z;2008-09-09;(48.106621, -0.899499);Le Genest-Saint-Isle;Mayenne;Pays de la Loire;(48.940735, 2.497929);Aulnay-sous-Bois;Seine-Saint-Denis;Île-de-France;;;;;;;;
False;['71410000'];;True;False;False;attribue;{'StreetName': '84 bis av du Général Leclerc', 'AdditionalStreetName': None, 'CityName': 'Viroflay', 'PostalZone': '78220', 'Country': 'FRA'};542820352;False;BANQUE POPULAIRE BOURGOGNE FRANCHE-COMTE;ESPACE VILLE SCOP;2026-09-27;{'StreetName': 'Bp 10018', 'AdditionalStreetName': None, 'CityName': 'Aulnay Sous Bois', 'PostalZone': '93601', 'Country': 'FRA'};200058097;False;PARIS TERRES D'ENVOL;PARIS TERRES D'ENVOL;;2026-11-30+01:00;services;"[""Valeur technique de l'offre appréciée à l'aide du mémoire technique"", 'Prix']";['technique', 'prix'];[70.0, 30.0];360.0;False;;False;;sans remise en concurrence;;26-92940;;;;LOT-0000;71410000;1600000.0;1;1.0;;ASSISTANCE A MAITRISE D'OUVRAGE - EVOLUTION DU PLAN LOCAL D'URBANISME INTERCOMMUNAL (PLUI) DE L'EPT PARIS TERRES D'ENVOL;ouverte;EPT 2618;3.0;;;False;False;False;;7345.0;Syndicat intercommunal à vocation multiple (SIVOM) ;100  à  199;<NA>;2016-01-01;84.11Z;2008;5560.0;Autre SA coopérative à conseil d'administration ;1 000  à  1 999;True;<NA>;2008;K;64;64.1;64.19;64.19Z;1942-01-01;(48.804137, 2.174126);Viroflay;Yvelines;Île-de-France;(48.940735, 2.497929);Aulnay-sous-Bois;Seine-Saint-Denis;Île-de-France;;;;;;;;
False;['71317200'];;True;False;False;attribue;;;False;;;2026-09-27;{'StreetName': 'Bp 10018', 'AdditionalStreetName': None, 'CityName': 'Aulnay Sous Bois', 'PostalZone': '93601', 'Country': 'FRA'};200058097;False;PARIS TERRES D'ENVOL;PARIS TERRES D'ENVOL;;2026-05-20+02:00;services;"[""Valeur technique de l'offre"", 'Prix']";['technique', 'prix'];[60.0, 40.0];360.0;False;;False;;avec remise en concurrence;;26-92934;;;;LOT-0000;71317200;250000.0;1;10.0;;MISSION CSPS AUX OPERATIONS DE TRAVAUX SUR LES POLES D'ECHANGES MULTIMODAUX;ouverte;EPT 2604;3.0;;;True;False;True;;7345.0;Syndicat intercommunal à vocation multiple (SIVOM) ;100  à  199;<NA>;2016-01-01;84.11Z;2008;;;;;;<NA>;;;;;<NA>;<NA>;;;;;(48.940735, 2.497929);Aulnay-sous-Bois;Seine-Saint-Denis;Île-de-France;;;;;;;;
False;;;False;False;False;attribue;{'StreetName': '3 ROUTE DE LA BRESSANDIERE', 'AdditionalStreetName': None, 'CityName': 'Chatillon sur Thouet', 'PostalZone': '79200', 'Country': 'FRA'};831022918;True;SOVAM;SOVAM;2026-09-27;{'StreetName': 'Aéroport de Paris - Le - Bourget - CS90005', 'AdditionalStreetName': None, 'CityName': 'Le Bourget Cedex', 'PostalZone': '93352', 'Country': 'FRA'};180090052;True;MUSEE DE L'AIR ET DE L'ESPACE;Musée de l'Air et de l'Espace;;;fournitures;['Prix', 'Calendrier détaillé de livraison', 'Caractéristiques techniques et références', 'Accompagnement du personnel à la mise en service et maintenance'];['prix', 'qualite', 'technique', 'social'];[40.0, 40.0, 10.0, 10.0];365.0;False;;False;{'StreetName': None, 'CityName': None, 'PostalZone': None, 'NUTS': 'FR106', 'Country': 'FRA'};;;26-92648;;151900.0;;LOT-0001;34969000;;1;2.0;;Fourniture d'un escalier passager avec canopée non auto-portée pour la mise en visite de l'Airbus A380 du Musée de l'Air et de l'Espace;ouverte;;;;;False;False;False;151900.0;7389.0;Établissement public national à caractère administratif ;100  à  199;<NA>;1994-01-01;91.03Z;2008;5710.0;SAS, société par actions simplifiée;50  à  99;False;<NA>;2008;C;28;28.2;28.22;28.22Z;2017-07-12;(46.661803, -0.254852);Châtillon-sur-Thouet;Deux-Sèvres;Nouvelle-Aquitaine;(48.944046, 2.431555);Le Bourget;Seine-Saint-Denis;Île-de-France;;;;;;;;
False;['71322000'];;True;True;False;attribue;;;False;;;2026-09-27;{'StreetName': 'Esplanade Charles de Gaulle', 'AdditionalStreetName': None, 'CityName': 'Bordeaux', 'PostalZone': '33045', 'Country': 'FRA'};243300316;False;BORDEAUX METROPOLE;Bordeaux Métropole;;;services;"[""Valeur technique de l'offre"", 'Prix']";['technique', 'prix'];[60.0, 40.0];;False;3400000.0;False;;avec remise en concurrence;;26-92809;;850000.0;;LOT-0001;71322000;3400000.0;2;10.0;;Accord-cadre de maîtrise d'oeuvre sur les ouvrages d'Art de Bordeaux Métropole;ouverte;2025-BM-0048;;;;False;False;False;;7344.0;Métropole;5 000  à  9 999;<NA>;1968-01-01;84.11Z;2008;;;;;;<NA>;;;;;<NA>;<NA>;;;;;(44.837353, -0.584767);Bordeaux;Gironde;Nouvelle-Aquitaine;;;;;;;;
False;['79311000'];;True;True;False;attribue;;;False;;;2026-09-27;{'StreetName': 'Esplanade Charles de Gaulle', 'AdditionalStreetName': None, 'CityName': 'Bordeaux', 'PostalZone': '33045', 'Country': 'FRA'};243300316;False;BORDEAUX METROPOLE;Bordeaux Métropole;;;services;"[""Valeur technique de l'offre"", 'Prix']";['technique', 'prix'];[60.0, 40.0];;False;3400000.0;False;;avec remise en concurrence;;26-92809;;850000.0;;LOT-0002;71322000;3400000.0;2;10.0;;Accord-cadre de maîtrise d'oeuvre sur les ouvrages d'Art de Bordeaux Métropole;ouverte;2025-BM-0048;;;;False;False;False;;7344.0;Métropole;5 000  à  9 999;<NA>;1968-01-01;84.11Z;2008;;;;;;<NA>;;;;;<NA>;<NA>;;;;;(44.837353, -0.584767);Bordeaux;Gironde;Nouvelle-Aquitaine;;;;;;;;
False;;;True;False;False;attribue;{'StreetName': '4 route de Bassens – CS 99003', 'AdditionalStreetName': None, 'CityName': 'Lormont', 'PostalZone': '33306 LORMONT CEDEX', 'Country': 'FRA'};552046955;True;ENGIE ENERGIE SERVICES;ENGIE;2026-09-27;{'StreetName': '35 place Pey-Berland', 'AdditionalStreetName': None, 'CityName': 'Bordeaux Cedex', 'PostalZone': '33076', 'Country': 'FRA'};130018351;True;UNIVERSITE DE BORDEAUX;UNIVERSITE DE BORDEAUX;;;services;['Montant des prestations forfaitaires résultant de la DPGF\nEléments de prix figurant dans le BPU'];['prix'];[100];1440.0;True;;False;{'StreetName': None, 'CityName': None, 'PostalZone': None, 'NUTS': 'FRI12', 'Country': 'FRA'};sans remise en concurrence;;26-92828;;;;LOT-0001;50700000;999999.0;1;2.0;;Exploitation et maintenance multi technique des salles informatiques critiques et majeures.;ouverte;2025-178;;;;True;False;False;;7383.0;Établissement public national à caractère scientifique culturel et professionnel ;5 000  à  9 999;False;2014-01-01;85.42Z;2008;5599.0;SA à conseil d'administration (s.a.i.);10 000  et plus ;False;False;2008;D;35;35.3;35.3;35.30Z;1955-01-01;(44.886054, -0.517131);Lormont;Gironde;Nouvelle-Aquitaine;(44.837133, -0.578021);Bordeaux;Gironde;Nouvelle-Aquitaine;;;;;;;;
False;['34140000', '34144520', '50114000'];;True;True;False;non attribue;;;False;;;2026-09-27;{'StreetName': '91, rue Paulin', 'AdditionalStreetName': None, 'CityName': 'Bordeaux', 'PostalZone': '33000', 'Country': 'FRA'};895134674;False;REGIE DE L'EAU BORDEAUX METROPOLE;Régie de l'Eau Bordeaux Métropole;;;fournitures;[];[];;;True;5700000.0;False;;sans remise en concurrence;;26-93086;;;;LOT-0001;34140000;;4;3.0;;Location avec option d'achat de véhicules Poids Lourds et Monopostes Porteurs pour l'assainissement;negociee;2025-FCS-0102;0.0;;;False;True;False;;4140.0;Établissement public local à caractère industriel ou commercial ;250  à  499;False;2021-03-01;36.00Z;2008;;;;;;<NA>;;;;;<NA>;<NA>;;;;;(44.849353, -0.587151);Bordeaux;Gironde;Nouvelle-Aquitaine;;;;;;;;
False;['34140000', '34144520', '50114000'];;True;True;False;non attribue;;;False;;;2026-09-27;{'StreetName': '91, rue Paulin', 'AdditionalStreetName': None, 'CityName': 'Bordeaux', 'PostalZone': '33000', 'Country': 'FRA'};895134674;False;REGIE DE L'EAU BORDEAUX METROPOLE;Régie de l'Eau Bordeaux Métropole;;;fournitures;[];[];;;True;5700000.0;False;;sans remise en concurrence;;26-93086;;;;LOT-0002;34140000;;4;1.0;;Location avec option d'achat de véhicules Poids Lourds et Monopostes Porteurs pour l'assainissement;negociee;2025-FCS-0102;0.0;;;False;True;False;;4140.0;Établissement public local à caractère industriel ou commercial ;250  à  499;False;2021-03-01;36.00Z;2008;;;;;;<NA>;;;;;<NA>;<NA>;;;;;(44.849353, -0.587151);Bordeaux;Gironde;Nouvelle-Aquitaine;;;;;;;;
False;['34140000', '34144520', '50114000'];;True;True;False;non attribue;;;False;;;2026-09-27;{'StreetName': '91, rue Paulin', 'AdditionalStreetName': None, 'CityName': 'Bordeaux', 'PostalZone': '33000', 'Country': 'FRA'};895134674;False;REGIE DE L'EAU BORDEAUX METROPOLE;Régie de l'Eau Bordeaux Métropole;;;fournitures;[];[];;;True;5700000.0;False;;sans remise en concurrence;;26-93086;;;;LOT-0003;34140000;;4;3.0;;Location avec option d'achat de véhicules Poids Lourds et Monopostes Porteurs pour l'assainissement;negociee;2025-FCS-0102;0.0;;;False;True;False;;4140.0;Établissement public local à caractère industriel ou commercial ;250  à  499;False;2021-03-01;36.00Z;2008;;;;;;<NA>;;;;;<NA>;<NA>;;;;;(44.849353, -0.587151);Bordeaux;Gironde;Nouvelle-Aquitaine;;;;;;;;
False;['34140000', '34144520', '50114000'];;True;True;False;non attribue;;;False;;;2026-09-27;{'StreetName': '91, rue Paulin', 'AdditionalStreetName': None, 'CityName': 'Bordeaux', 'PostalZone': '33000', 'Country': 'FRA'};895134674;False;REGIE DE L'EAU BORDEAUX METROPOLE;Régie de l'Eau Bordeaux Métropole;;;fournitures;[];[];;;True;5700000.0;False;;sans remise en concurrence;;26-93086;;;;LOT-0004;34140000;;4;1.0;;Location avec option d'achat de véhicules Poids Lourds et Monopostes Porteurs pour l'assainissement;negociee;2025-FCS-0102;0.0;;;False;True;False;;4140.0;Établissement public local à caractère industriel ou commercial ;250  à  499;False;2021-03-01;36.00Z;2008;;;;;;<NA>;;;;;<NA>;<NA>;;;;;(44.849353, -0.587151);Bordeaux;Gironde;Nouvelle-Aquitaine;;;;;;;;
False;['45316110'];30.0;True;False;False;attribue;{'StreetName': '24 Av Du General De Gaulle', 'AdditionalStreetName': None, 'CityName': 'Viry-Chatillon', 'PostalZone': '91170', 'Country': 'FRA'};971201546;False;SATELEC;SATELEC;2026-09-27;{'StreetName': '14 rue Louis Talamoni', 'AdditionalStreetName': None, 'CityName': 'Champigny-sur-Marne', 'PostalZone': '94507', 'Country': 'FRA'};219400173;False;COMMUNE DE CHAMPIGNY SUR MARNE;Mairie de Champigny-sur-Marne;2025-05-25;2025-12-01+01:00;travaux;"['Jugement quantitatif du programme de modernisation', 'Jugement des engagements de performance énergétique', 'Qualité du mémoire technique', ""Qualité environnementale et sociale de l'offre"", 'Prix']";['qualite', 'qualite', 'qualite', 'environnemental & social', 'prix'];;3600.0;True;;False;{'StreetName': '14 rue Louis Talamoni', 'CityName': 'Champigny-sur-Marne', 'PostalZone': '94507', 'NUTS': 'FR107', 'Country': 'FRA'};;;26-92738;25-58719;17232767.26;;LOT-0000;45316110;;1;2.0;;Marché de gestion globale à performance énergétique avec obligation de résultats;dialogue competitif;25F036;;;False;True;True;True;17232767.26;7210.0;Commune et commune nouvelle ;2 000  à  4 999;False;1980-01-01;84.11Z;2008;5710.0;SAS, société par actions simplifiée;1 000  à  1 999;False;<NA>;2008;F;43;43.2;43.21;43.21A;1971-01-01;(48.677927, 2.383047);Viry-Châtillon;Essonne;Île-de-France;(48.813453, 2.510912);Champigny-sur-Marne;Val-de-Marne;Île-de-France;;;;;;;;
False;['50883000'];;True;False;False;attribue;{'StreetName': '23 Rue de Lamirault - ZAC de Lamirault', 'AdditionalStreetName': None, 'CityName': 'COLLEGIEN', 'PostalZone': '77090', 'Country': 'FRA'};392725099;True;MEIKO FRANCE;MEIKO FRANCE;2026-09-27;{'StreetName': '1 Rond-Point du Professeur Christian Cabrol', 'AdditionalStreetName': None, 'CityName': 'Amiens cedex 1', 'PostalZone': '80054', 'Country': 'FRA'};268000148;True;CENTRE HOSPITALIER UNIVERSITAIRE;CHU Amiens-Picardie (Etablissement support du GHT SLS);;;services;['Critère 1 : Prix de la maintenance préventive et de la maintenance curative (600 points)\nLa PSE ne sera pas prise en compte dans l’analyse du critère prix\ndans la mesure où elle est facultative.\n o Sous-critère 1 : Maintenance préventive (350 points) \no Sous-critère 2 : Maintenance curative (250 points)', 'Critère 2 : Valeur technique (400 points)\no Sous-critère 1 : Moyens humains dédiés à l’exécution du marché\n(150 points) \no Sous-critère 2 : Organisation des prestations de maintenance\npréventive et curative dédiés à l’exécution du marché (200 points) \no Sous-critère 3 : Développement durable dans le cadre de l’exécution du marché (50 points)'];['prix', 'environnemental & social'];;1440.0;False;;False;;sans remise en concurrence;;26-92779;;;;LOT-0001;50324200;1500000.0;1;1.0;;MAINTENANCE DES EQUIPEMENTS MEIKO pour le GHT Somme Littoral SUD;ouverte;26HA0084;;;;False;False;False;;7364.0;Établissement d'hospitalisation ;5 000  à  9 999;False;1953-09-02;86.10Z;2008;5710.0;SAS, société par actions simplifiée;50  à  99;False;<NA>;2008;G;46;46.6;46.69;46.69C;1993-10-18;(48.822101, 2.680747);Collégien;Seine-et-Marne;Île-de-France;;;;;;;;;;;;
False;;;True;False;False;attribue;;;False;;;2026-09-27;{'StreetName': '23 boulevard François Mitterrand', 'AdditionalStreetName': None, 'CityName': 'Evry', 'PostalZone': '91000', 'Country': 'FRA'};199119751;True;UNIVERSITE D'EVRY VAL D'ESSONNE;Université Evry Paris-Saclay;;;services;[];[];;;False;;False;{'StreetName': None, 'CityName': None, 'PostalZone': None, 'NUTS': None, 'Country': 'FRA'};;;26-92851;25-29936;2076578.0;600000.0;LOT-0001;71222000;;1;1.0;;Maîtrise d'oeuvre pour la construction du Learning Center de l'Université Evry Paris-Saclay;negociee;25.031;;;True;False;False;False;2076578.0;7383.0;Établissement public national à caractère scientifique culturel et professionnel ;1 000  à  1 999;<NA>;1991-08-29;85.42Z;2008;;;;;;<NA>;;;;;<NA>;<NA>;;;;;(48.624374, 2.427343);Évry-Courcouronnes;Essonne;Île-de-France;;;;;;;;
False;;;;False;False;attribue;;;False;;;2026-09-27;{'StreetName': 'Place du 8 mai 1945', 'AdditionalStreetName': None, 'CityName': 'Chilly-mazarin', 'PostalZone': '91380', 'Country': 'FRA'};219101615;True;COMMUNE DE CHILLY MAZARIN;Commune de Chilly-Mazarin;2025-08-01;;services;[];[];;;False;;False;{'StreetName': '23', 'CityName': 'Chilly-Mazarin', 'PostalZone': '91380', 'NUTS': 'FR104', 'Country': 'FRA'};;;26-93103;25-87792;;;LOT-0001;71000000;;1;123.0;;CONCOURS RESTREINT DE MAÎTRISE D'UVRE POUR LA CONSTRUCTION D'UNE ECOLE MATERNELLE INTEGRANT UN ACCUEIL DE LOISIRS MATERNEL SUR LE SITE DE L'ECOLE PASTEUR A CHILLY-MAZARIN (91);autre;2025-12;;;False;False;False;False;;7210.0;Commune et commune nouvelle ;500  à  999;False;1980-01-01;84.11Z;2008;;;;;;<NA>;;;;;<NA>;<NA>;;;;;(48.701861, 2.314103);Chilly-Mazarin;Essonne;Île-de-France;;;;;;;;
False;['55520000'];;True;False;False;attribue;{'StreetName': '16 Route De Ry', 'AdditionalStreetName': None, 'CityName': 'Elbeuf-Sur-Andelle', 'PostalZone': '76780', 'Country': 'FRA'};987505120;False;DUCASTEL TRAITEUR;DUCASTEL TRAITEUR;2026-09-27;{'StreetName': 'Hôtel de Ville', 'AdditionalStreetName': 'Service de la Commande Publique, Parc Jehan Ango', 'CityName': 'Dieppe', 'PostalZone': '76200', 'Country': 'FRA'};217602176;False;COMMUNE DE DIEPPE;Ville de Dieppe;;2026-09-01+02:00;services;"[""Valeur technique de l'offre"", 'Prix']";['technique', 'prix'];[60.0, 40.0];1440.0;False;;False;;;;26-93088;;270000.0;;LOT-0000;79952000;;1;3.0;3.0;"PRESTATION TRAITEUR POUR LES BANQUETS ANNUELS DES SENIORS DE LA VILLE DE DIEPPE
Relance après déclaration sans suite pour motif d'intérêt général de la consultation n°2603";ouverte;2624;;;;False;False;False;270000.0;7210.0;Commune et commune nouvelle ;1 000  à  1 999;False;1978-01-01;84.11Z;2008;5710.0;SAS, société par actions simplifiée;;False;False;2008;I;56;56.2;56.21;56.21Z;2024-03-13;(49.475263, 1.373559);Elbeuf-sur-Andelle;Seine-Maritime;Normandie;;;;;;;;;;;;
True;;;True;False;False;attribue;{'StreetName': '14 Avenue Voie au Coq', 'AdditionalStreetName': None, 'CityName': 'BRETTEVILLE-SUR-ODON', 'PostalZone': '14760', 'Country': 'FRA'};384139689;True;GEODIS;GEODIS;2026-09-27;{'StreetName': '5 rue Montaigne - BP 1301', 'AdditionalStreetName': None, 'CityName': 'Rouen cedex 1', 'PostalZone': '76178', 'Country': 'FRA'};720500206;True;ETS PUB FONCIER DE NORMANDIE;EPF Normandie;;;services;;;;175.0;False;0.0;False;{'StreetName': None, 'CityName': None, 'PostalZone': None, 'NUTS': 'FRD22', 'Country': 'FRA'};;;26-92624;;40660.0;0.0;LOT-0001;79311000;;1;4.0;;Cartographie de la Consommation Foncière - Production du Millésime au 31 Décembre 2024;ouverte;EPF - PRODUCTION DONNEE CCF 2024;;;;False;False;False;40660.0;4110.0;Établissement public national à caractère industriel ou commercial doté d'un comptable public ;50  à  99;<NA>;1972-01-01;41.10C;2008;5785.0;Société d'exercice libéral par action simplifiée ;50  à  99;False;<NA>;2008;M;71;71.1;71.12;71.12A;1992-01-02;(49.165477, -0.42443);Bretteville-sur-Odon;Calvados;Normandie;(49.443359, 1.07583);Rouen;Seine-Maritime;Normandie;;;;;;;;
False;['71400000'];;True;False;False;attribue;{'StreetName': '72 Rue D Alsace', 'AdditionalStreetName': None, 'CityName': 'Villeurbanne', 'PostalZone': '69100', 'Country': 'FRA'};477829261;False;INTERLAND;INTERLAND;2026-09-27;{'StreetName': '16, Grand Quai', 'AdditionalStreetName': None, 'CityName': 'Fecamp', 'PostalZone': '76400', 'Country': 'FRA'};200090983;False;SYNDICAT MIXTE DU LITTORAL DE LA SEINE-MARITIME;Syndicat Mixte du Littoral de la Seine-Maritime;;2026-07-14+02:00;services;"[""Valeur technique de l'offre"", 'Audition', 'Prix']";['technique', 'qualite', 'prix'];[60.0, 10.0, 30.0];1440.0;False;;False;{'StreetName': 'Cimetières de Bois-Guillaume', 'CityName': 'Bois-Guillaume', 'PostalZone': '76230', 'NUTS': 'FRD22', 'Country': 'FRA'};sans remise en concurrence;;26-92689;25-97401;657245.0;220000.0;LOT-0000;71240000;657245.0;1;9.0;;ACCORD-CADRE D'ETUDES POUR LA GESTION, L'AMENAGEMENT ET LA RECOMPOSITION DU LITTORAL CRIELLOIS DANS LE CADRE DE LA MISE EN OEUVRE DU PROJET PARTENARIAL D'AMENAGEMENT DE PREFIGURATION DE CRIEL-SUR-MER;ouverte;2025-05;;;False;False;False;False;657245.0;7355.0;Syndicat mixte ouvert;3  à  5;False;2019-12-06;84.13Z;2008;5710.0;SAS, société par actions simplifiée;10  à  19;False;<NA>;2008;M;71;71.1;71.11;71.11Z;2004-07-01;(45.764971, 4.869852);Villeurbanne;Rhône;Auvergne-Rhône-Alpes;(49.762151, 0.368391);Fécamp;Seine-Maritime;Normandie;;;;;;;;
False;['44316000'];;True;True;False;attribue;{'StreetName': 'Rue Du Chatelet', 'AdditionalStreetName': None, 'CityName': 'Allonnes', 'PostalZone': '72700', 'Country': 'FRA'};329681340;False;FOUSSIER;FOUSSIER;2026-09-27;{'StreetName': 'Boulevard des mimosas', 'AdditionalStreetName': None, 'CityName': 'Sainte-Maxime', 'PostalZone': '83120', 'Country': 'FRA'};898993050;False;SPL SUD-PLAISANCE;VILLE DE SAINTE-MAXIME;;;fournitures;['Valeur technique décomposée en sous-critères conformément au Rc', 'Développement durable décomposé en sous-critères conformément au Rc', 'Prix des prestations'];['technique', 'environnemental', 'prix'];[35.0, 15.0, 50.0];;True;747697.0;False;;sans remise en concurrence;;26-92933;;29788.0;;LOT-0001;44316000;216310.0;7;8.0;;FOURNITURE DE QUINCAILLERIE, MATERIELS, MATERIAUX ET OUTILLAGES DIVERS;ouverte;2026-AP040107AC;3.0;;;False;True;False;;5599.0;SA à conseil d'administration (s.a.i.);20  à  49;False;2021-04-30;52.22Z;2008;5710.0;SAS, société par actions simplifiée;1 000  à  1 999;False;False;2008;G;46;46.7;46.74;46.74A;1984-06-01;(47.943424, 0.148939);Allonnes;Sarthe;Pays de la Loire;(43.309453, 6.64045);Sainte-Maxime;Var;Provence-Alpes-Côte d'Azur;;;;;;;;
False;['44115210'];;True;True;False;attribue;{'StreetName': 'Rue Henri Spriet', 'AdditionalStreetName': None, 'CityName': 'Mondeville', 'PostalZone': '14120', 'Country': 'FRA'};563820489;False;LEGALLAIS;LEGALLAIS BOUCHARD;2026-09-27;{'StreetName': 'Boulevard des mimosas', 'AdditionalStreetName': None, 'CityName': 'Sainte-Maxime', 'PostalZone': '83120', 'Country': 'FRA'};898993050;False;SPL SUD-PLAISANCE;VILLE DE SAINTE-MAXIME;;;fournitures;['Valeur technique décomposée en sous-critères conformément au Rc', 'Développement durable décomposé en sous-critères conformément au Rc', 'Prix des prestations'];['technique', 'environnemental', 'prix'];[35.0, 15.0, 50.0];;True;747697.0;False;;sans remise en concurrence;;26-92933;;15940.0;;LOT-0002;44316000;216310.0;7;8.0;;FOURNITURE DE QUINCAILLERIE, MATERIELS, MATERIAUX ET OUTILLAGES DIVERS;ouverte;2026-AP040107AC;3.0;;;False;True;False;;5599.0;SA à conseil d'administration (s.a.i.);20  à  49;False;2021-04-30;52.22Z;2008;5710.0;SAS, société par actions simplifiée;1 000  à  1 999;False;<NA>;2008;G;46;46.7;46.74;46.74A;1956-01-01;(49.159395, -0.299106);Mondeville;Calvados;Normandie;(43.309453, 6.64045);Sainte-Maxime;Var;Provence-Alpes-Côte d'Azur;;;;;;;;
False;['31600000'];;True;True;False;attribue;{'StreetName': '5 Che Du Torey', 'AdditionalStreetName': None, 'CityName': 'Francheville', 'PostalZone': '69340', 'Country': 'FRA'};319883344;False;COMPTOIR ELECTRIQUE FRANCAIS;YESSS ELECTRIQUE;2026-09-27;{'StreetName': 'Boulevard des mimosas', 'AdditionalStreetName': None, 'CityName': 'Sainte-Maxime', 'PostalZone': '83120', 'Country': 'FRA'};898993050;False;SPL SUD-PLAISANCE;VILLE DE SAINTE-MAXIME;;;fournitures;['Valeur technique décomposée en sous-critères conformément au Rc', 'Développement durable décomposé en sous-critères conformément au Rc', 'Prix des prestations'];['technique', 'environnemental', 'prix'];[35.0, 15.0, 50.0];;True;747697.0;False;;sans remise en concurrence;;26-92933;;74193.0;;LOT-0003;44316000;216310.0;7;4.0;;FOURNITURE DE QUINCAILLERIE, MATERIELS, MATERIAUX ET OUTILLAGES DIVERS;ouverte;2026-AP040107AC;3.0;;;False;True;False;;5599.0;SA à conseil d'administration (s.a.i.);20  à  49;False;2021-04-30;52.22Z;2008;5710.0;SAS, société par actions simplifiée;2 000  à  4 999;False;<NA>;2008;G;46;46.6;46.69;46.69A;1980-09-01;(45.749467, 4.755982);Francheville;Rhône;Auvergne-Rhône-Alpes;(43.309453, 6.64045);Sainte-Maxime;Var;Provence-Alpes-Côte d'Azur;;;;;;;;
False;['44810000'];;True;True;False;attribue;{'StreetName': '1416 Av Du General De Gaulle', 'AdditionalStreetName': None, 'CityName': 'Draguignan', 'PostalZone': '83300', 'Country': 'FRA'};333999514;False;SARL IN DECORS;in'decors;2026-09-27;{'StreetName': 'Boulevard des mimosas', 'AdditionalStreetName': None, 'CityName': 'Sainte-Maxime', 'PostalZone': '83120', 'Country': 'FRA'};898993050;False;SPL SUD-PLAISANCE;VILLE DE SAINTE-MAXIME;;;fournitures;['Valeur technique décomposée en sous-critères conformément au Rc', 'Développement durable décomposé en sous-critères conformément au Rc', 'Prix des prestations'];['technique', 'environnemental', 'prix'];[35.0, 15.0, 50.0];;True;747697.0;False;;sans remise en concurrence;;26-92933;;22763.0;;LOT-0004;44316000;216310.0;7;7.0;;FOURNITURE DE QUINCAILLERIE, MATERIELS, MATERIAUX ET OUTILLAGES DIVERS;ouverte;2026-AP040107AC;3.0;;;False;True;False;;5599.0;SA à conseil d'administration (s.a.i.);20  à  49;False;2021-04-30;52.22Z;2008;5499.0;Société à responsabilité limitée (sans autre indication);3  à  5;False;<NA>;2008;G;47;47.5;47.59;47.59B;1985-11-12;(43.517856, 6.472997);Draguignan;Var;Provence-Alpes-Côte d'Azur;(43.309453, 6.64045);Sainte-Maxime;Var;Provence-Alpes-Côte d'Azur;;;;;;;;
False;['44110000'];;True;True;False;attribue;{'StreetName': '13 Rue Germaine Tailleferre', 'AdditionalStreetName': None, 'CityName': 'Paris 19', 'PostalZone': '75019', 'Country': 'FRA'};339105553;False;SAINT-GOBAIN DISTRIBUTION BATIMENT FRANCE;SAINT-GOBAIN DISTRIBUTION BATIMENT FRANCE;2026-09-27;{'StreetName': 'Boulevard des mimosas', 'AdditionalStreetName': None, 'CityName': 'Sainte-Maxime', 'PostalZone': '83120', 'Country': 'FRA'};898993050;False;SPL SUD-PLAISANCE;VILLE DE SAINTE-MAXIME;;;fournitures;['Valeur technique décomposée en sous-critères conformément au Rc', 'Développement durable décomposé en sous-critères conformément au Rc', 'Prix des prestations'];['technique', 'environnemental', 'prix'];[35.0, 15.0, 50.0];;True;747697.0;False;;sans remise en concurrence;;26-92933;;22211.0;;LOT-0005;44316000;216310.0;7;2.0;;FOURNITURE DE QUINCAILLERIE, MATERIELS, MATERIAUX ET OUTILLAGES DIVERS;ouverte;2026-AP040107AC;3.0;;;False;True;False;;5599.0;SA à conseil d'administration (s.a.i.);20  à  49;False;2021-04-30;52.22Z;2008;5710.0;SAS, société par actions simplifiée;500  à  999;False;<NA>;2008;G;46;46.7;46.73;46.73A;1986-10-01;(48.889121, 2.387045);Paris;Paris;Île-de-France;(43.309453, 6.64045);Sainte-Maxime;Var;Provence-Alpes-Côte d'Azur;;;;;;;;
False;['44191000'];;True;True;False;attribue;{'StreetName': '2080 Av Des Landiers', 'AdditionalStreetName': None, 'CityName': 'Chambery', 'PostalZone': '73000', 'Country': 'FRA'};508102159;False;DISTRIBUTION MATERIAUX BOIS PANNEAUX - D.M.B.P.;DISTRIBUTION MATERIAUX BOIS-PANNEAUX - D.M.B.P;2026-09-27;{'StreetName': 'Boulevard des mimosas', 'AdditionalStreetName': None, 'CityName': 'Sainte-Maxime', 'PostalZone': '83120', 'Country': 'FRA'};898993050;False;SPL SUD-PLAISANCE;VILLE DE SAINTE-MAXIME;;;fournitures;['Valeur technique décomposée en sous-critères conformément au Rc', 'Développement durable décomposé en sous-critères conformément au Rc', 'Prix des prestations'];['technique', 'environnemental', 'prix'];[35.0, 15.0, 50.0];;True;747697.0;False;;sans remise en concurrence;;26-92933;;35177.0;;LOT-0006;44316000;216310.0;7;1.0;;FOURNITURE DE QUINCAILLERIE, MATERIELS, MATERIAUX ET OUTILLAGES DIVERS;ouverte;2026-AP040107AC;3.0;;;False;True;False;;5599.0;SA à conseil d'administration (s.a.i.);20  à  49;False;2021-04-30;52.22Z;2008;5710.0;SAS, société par actions simplifiée;1 000  à  1 999;False;<NA>;2008;G;46;46.7;46.73;46.73A;2008-09-15;(45.599992, 5.893493);Chambéry;Savoie;Auvergne-Rhône-Alpes;(43.309453, 6.64045);Sainte-Maxime;Var;Provence-Alpes-Côte d'Azur;;;;;;;;
False;['44512000'];;True;True;False;attribue;{'StreetName': '29 Rue Thomas Edison', 'AdditionalStreetName': None, 'CityName': 'Canejan', 'PostalZone': '33610', 'Country': 'FRA'};775586852;False;SIDER;SIDER;2026-09-27;{'StreetName': 'Boulevard des mimosas', 'AdditionalStreetName': None, 'CityName': 'Sainte-Maxime', 'PostalZone': '83120', 'Country': 'FRA'};898993050;False;SPL SUD-PLAISANCE;VILLE DE SAINTE-MAXIME;;;fournitures;['Valeur technique décomposée en sous-critères conformément au Rc', 'Développement durable décomposé en sous-critères conformément au Rc', 'Prix des prestations'];['technique', 'environnemental', 'prix'];[35.0, 15.0, 50.0];;True;747697.0;False;;sans remise en concurrence;;26-92933;;16238.0;;LOT-0007;44316000;216310.0;7;10.0;;FOURNITURE DE QUINCAILLERIE, MATERIELS, MATERIAUX ET OUTILLAGES DIVERS;ouverte;2026-AP040107AC;3.0;;;False;True;False;;5599.0;SA à conseil d'administration (s.a.i.);20  à  49;False;2021-04-30;52.22Z;2008;5710.0;SAS, société par actions simplifiée;500  à  999;False;<NA>;2008;G;46;46.7;46.74;46.74B;1973-01-01;(44.775031, -0.656267);Canéjan;Gironde;Nouvelle-Aquitaine;(43.309453, 6.64045);Sainte-Maxime;Var;Provence-Alpes-Côte d'Azur;;;;;;;;
False;;;True;False;False;attribue;"{'StreetName': ""Parc d'activité de Laurade"", 'AdditionalStreetName': None, 'CityName': 'SAINT ETIENNE DU GRES', 'PostalZone': '13103', 'Country': 'FRA'}";501241624;True;NGE ENERGIES SOLUTIONS;NGE ENERGIES SOLUTIONS;2026-09-27;{'StreetName': '36 Esplanade de la Capitainerie', 'AdditionalStreetName': None, 'CityName': 'COGOLIN', 'PostalZone': '83310', 'Country': 'FRA'};829615590;True;REGIE DU PORT DE PLAISANCE DES MARINES DE COGOLIN;REGIE PORT PLAISANCE MARINES COGOLIN;;2026-09-01+02:00;fournitures;"[""Règle de trois; Note offre = (prix de l'offre la plus basse / prix de l'offre) * pondération du critère prix\r\nPondération 30"", 'Cf. Règlement de consultation.\r\nPondération 10', ""Le Mémoire Technique présentera la qualité des équipements, l'ouverture de la solution, la méthodologie, la prise en compte du site et les références des candidats.\r\nPondération 60""]";['prix', 'qualite', 'qualite'];[30.0, 10.0, 60.0];360.0;False;;False;{'StreetName': '36 Esplanade de la Capitainerie', 'CityName': 'COGOLIN', 'PostalZone': '83310', 'NUTS': 'FRL05', 'Country': 'FRA'};sans remise en concurrence;;26-92850;;;400000.0;LOT-0001;32323500;400000.0;1;3.0;;Fourniture et installation d'une solution de Vidéosurveillance pour le port des Marines de Cogolin.;ouverte;2026-079;3.0;;;False;False;False;;4140.0;Établissement public local à caractère industriel ou commercial ;20  à  49;False;2017-04-01;93.29Z;2008;5710.0;SAS, société par actions simplifiée;500  à  999;False;False;2008;F;42;42.2;42.22;42.22Z;2007-11-11;(43.789469, 4.714695);Saint-Étienne-du-Grès;Bouches-du-Rhône;Provence-Alpes-Côte d'Azur;(43.252486, 6.531813);Cogolin;Var;Provence-Alpes-Côte d'Azur;;;;;;;;
False;['45232150'];;True;True;False;attribue;"{'StreetName': ""D'Activites De Laurade"", 'AdditionalStreetName': None, 'CityName': 'Saint-Etienne-Du-Gres', 'PostalZone': '13103', 'Country': 'FRA'}";['213401508', '439987405'];False;;GPT GUINTOLI/EHTP;2026-09-27;{'StreetName': 'Boulevard des mimosas', 'AdditionalStreetName': None, 'CityName': 'Sainte-Maxime', 'PostalZone': '83120', 'Country': 'FRA'};898993050;False;SPL SUD-PLAISANCE;VILLE DE SAINTE-MAXIME;;;travaux;['Valeur technique décomposée en 3 sous-critères conformément au Rc', 'Prix des prestations'];['technique', 'prix'];[60.0, 40.0];;True;;False;;sans remise en concurrence;;26-92871;;90748.0;;LOT-0001;45232150;632548.0;3;3.0;;TRAVAUX D'ADDUCTION D'EAU POTABLE, TRAVAUX D'ENTRETIEN DES RESEAUX D'ARROSAGE ET SERVICES DE RECHERCHE DE FUITES;ouverte;2026-AP020103AC;3.0;;;False;True;False;;5599.0;SA à conseil d'administration (s.a.i.);20  à  49;False;2021-04-30;52.22Z;2008;;;;;;<NA>;;;;;<NA>;<NA>;(43.789469, 4.714695);Saint-Étienne-du-Grès;Bouches-du-Rhône;Provence-Alpes-Côte d'Azur;(43.309453, 6.64045);Sainte-Maxime;Var;Provence-Alpes-Côte d'Azur;;;;;;;;
False;['45232120'];;True;True;False;attribue;{'StreetName': '4 Bd Arago', 'AdditionalStreetName': None, 'CityName': 'Wissous', 'PostalZone': '91320', 'Country': 'FRA'};323077867;False;TERIDEAL;TERIDEAL - SEGEX ENERGIES;2026-09-27;{'StreetName': 'Boulevard des mimosas', 'AdditionalStreetName': None, 'CityName': 'Sainte-Maxime', 'PostalZone': '83120', 'Country': 'FRA'};898993050;False;SPL SUD-PLAISANCE;VILLE DE SAINTE-MAXIME;;;travaux;['Valeur technique décomposée en 3 sous-critères conformément au Rc', 'Prix des prestations'];['technique', 'prix'];[60.0, 40.0];;True;;False;;sans remise en concurrence;;26-92871;;337400.0;;LOT-0002;45232150;632548.0;3;2.0;;TRAVAUX D'ADDUCTION D'EAU POTABLE, TRAVAUX D'ENTRETIEN DES RESEAUX D'ARROSAGE ET SERVICES DE RECHERCHE DE FUITES;ouverte;2026-AP020103AC;3.0;;;False;True;False;;5599.0;SA à conseil d'administration (s.a.i.);20  à  49;False;2021-04-30;52.22Z;2008;5710.0;SAS, société par actions simplifiée;500  à  999;False;<NA>;2008;F;42;42.1;42.11;42.11Z;1978-01-01;(48.731689, 2.318063);Wissous;Essonne;Île-de-France;(43.309453, 6.64045);Sainte-Maxime;Var;Provence-Alpes-Côte d'Azur;;;;;;;;
False;['71315400'];;True;True;False;attribue;{'StreetName': '440 Chemin Des Negadis', 'AdditionalStreetName': None, 'CityName': 'Draguignan', 'PostalZone': '83300', 'Country': 'FRA'};898971965;False;A L'EAU FUITES;A L'EAU FUITES;2026-09-27;{'StreetName': 'Boulevard des mimosas', 'AdditionalStreetName': None, 'CityName': 'Sainte-Maxime', 'PostalZone': '83120', 'Country': 'FRA'};898993050;False;SPL SUD-PLAISANCE;VILLE DE SAINTE-MAXIME;;;travaux;['Valeur technique décomposée en 2 sous-critères conformément au Rc', 'Prix des prestations'];['technique', 'prix'];[60.0, 40.0];;True;;False;;sans remise en concurrence;;26-92871;;204400.0;;LOT-0003;45232150;632548.0;3;4.0;;TRAVAUX D'ADDUCTION D'EAU POTABLE, TRAVAUX D'ENTRETIEN DES RESEAUX D'ARROSAGE ET SERVICES DE RECHERCHE DE FUITES;ouverte;2026-AP020103AC;3.0;;;False;True;False;;5599.0;SA à conseil d'administration (s.a.i.);20  à  49;False;2021-04-30;52.22Z;2008;5499.0;Société à responsabilité limitée (sans autre indication);;False;<NA>;2008;F;43;43.2;43.22;43.22A;2021-05-04;(43.524331, 6.493161);Draguignan;Var;Provence-Alpes-Côte d'Azur;(43.309453, 6.64045);Sainte-Maxime;Var;Provence-Alpes-Côte d'Azur;;;;;;;;
False;;;True;False;False;attribue;{'StreetName': '25 Rue Barla', 'AdditionalStreetName': None, 'CityName': 'Nice', 'PostalZone': '06300', 'Country': 'FRA'};302077169;True;FUNECAP SUD EST;FUNECAP SUD EST;2026-09-27;"{'StreetName': ""5 rue de l'hôtel de ville"", 'AdditionalStreetName': None, 'CityName': 'Nice Cedex 3', 'PostalZone': '06364', 'Country': 'FRA'}";210600888;True;COMMUNE DE NICE;Ville de Nice;;;services;"['Le prix', 'La valeur technique', ""Les performances en matière de protection de l'environnement""]";['prix', 'technique', 'environnemental'];[45.0, 40.0, 15.0];1440.0;True;;False;"{'StreetName': ""Ville de Nice et Métropole Nice Côte d'Azur"", 'CityName': 'Nice', 'PostalZone': '06364', 'NUTS': 'FRL03', 'Country': 'FRA'}";sans remise en concurrence;;26-92764;;59329.5;80708.0;LOT-0001;98371000;520000.0;1;3.0;;25V1174 - Opérations de fossoyage et remise en état des sépultures;ouverte;25V1174;3.0;;;False;False;False;59329.5;7210.0;Commune et commune nouvelle ;5 000  à  9 999;False;1911-11-11;84.11Z;2008;5710.0;SAS, société par actions simplifiée;500  à  999;False;False;2008;S;96;96.0;96.03;96.03Z;1980-01-01;(43.701645, 7.283771);Nice;Alpes-Maritimes;Provence-Alpes-Côte d'Azur;(43.696197, 7.271743);Nice;Alpes-Maritimes;Provence-Alpes-Côte d'Azur;;;;;;;;
False;['39221110', '39221000', '39221100'];;True;True;False;attribue;{'StreetName': '17 Bd De Trieux', 'AdditionalStreetName': None, 'CityName': 'Pace', 'PostalZone': '35740', 'Country': 'FRA'};394908297;False;GROUPE COMPTOIR;Groupe Comptoir;2026-09-27;{'StreetName': 'Hôtel de Ville', 'AdditionalStreetName': '1 place Georges Frêche', 'CityName': 'Montpellier', 'PostalZone': '34267', 'Country': 'FRA'};213401722;False;COMMUNE DE MONTPELLIER;Ville De Montpellier;;;fournitures;"[""Valeur technique de l'offre"", 'Performances en matière de développement durable', 'Prix']";['technique', 'environnemental', 'prix'];[45.0, 5.0, 50.0];;True;1480000.0;False;;sans remise en concurrence;;26-92635;;680000.0;;LOT-0001;39221110;1480000.0;2;4.0;;La présente consultation concerne l'achat de vaisselle traditionnelle et à usage court, matériel de cuisine et accessoires associés;ouverte;V6D0002MG;3.0;;;False;True;False;;7210.0;Commune et commune nouvelle ;5 000  à  9 999;False;1982-01-01;84.11Z;2008;5710.0;SAS, société par actions simplifiée;50  à  99;False;<NA>;2008;G;46;46.6;46.69;46.69C;1994-03-23;(48.142998, -1.763349);Pacé;Ille-et-Vilaine;Bretagne;(43.598842, 3.896549);Montpellier;Hérault;Occitanie;;;;;;;;
False;['39221110', '39221000', '39221100'];;True;True;False;attribue;{'StreetName': '1 Rue Rene Clair', 'AdditionalStreetName': None, 'CityName': 'Grigny', 'PostalZone': '91350', 'Country': 'FRA'};424460889;False;CHOMETTE;CHOMETTE;2026-09-27;{'StreetName': 'Hôtel de Ville', 'AdditionalStreetName': '1 place Georges Frêche', 'CityName': 'Montpellier', 'PostalZone': '34267', 'Country': 'FRA'};213401722;False;COMMUNE DE MONTPELLIER;Ville De Montpellier;;;fournitures;"[""Valeur technique de l'offre"", 'Performances en matière de développement durable', 'Prix']";['technique', 'environnemental', 'prix'];[45.0, 5.0, 50.0];;True;1480000.0;False;;sans remise en concurrence;;26-92635;;800000.0;;LOT-0002;39221110;1480000.0;2;2.0;;La présente consultation concerne l'achat de vaisselle traditionnelle et à usage court, matériel de cuisine et accessoires associés;ouverte;V6D0002MG;3.0;;;False;True;False;;7210.0;Commune et commune nouvelle ;5 000  à  9 999;False;1982-01-01;84.11Z;2008;5710.0;SAS, société par actions simplifiée;200  à  249;False;<NA>;2008;G;46;46.6;46.69;46.69C;1999-09-21;(48.646329, 2.383635);Grigny;Essonne;Île-de-France;(43.598842, 3.896549);Montpellier;Hérault;Occitanie;;;;;;;;
False;;;False;True;False;attribue;{'StreetName': 'Parc du Bois Cesbron - 5 rue Roland Garros', 'AdditionalStreetName': None, 'CityName': 'ORVAULT', 'PostalZone': '44700', 'Country': 'FRA'};786012096;True;SERVICE SOC INTERENTR OUEST;SERVICE SOCIAL INTERENTREPRISES DE L'OUEST (SSIO);2026-09-27;{'StreetName': '1 rue de la Loire', 'AdditionalStreetName': None, 'CityName': 'NANTES cedex', 'PostalZone': '44966', 'Country': 'FRA'};234400034;True;REGION DES PAYS DE LA LOIRE;REGION DES PAYS DE LA LOIRE;;2026-09-01+02:00;services;;;;1440.0;True;;False;;;;26-92957;;90516.0;175000.0;LOT-0001;85000000;;3;1.0;;SUIVI SOCIAL DES AGENTS REGIONAUX - 3 LOTS;ouverte;202658527;;;;False;False;False;300000.0;7230.0;Région ;2 000  à  4 999;<NA>;1983-03-01;84.11Z;2008;9220.0;Association déclarée ;20  à  49;True;<NA>;2008;Q;88;88.9;88.99;88.99B;1981-01-01;(47.261991, -1.623451);Orvault;Loire-Atlantique;Pays de la Loire;(47.224756, -1.521585);Nantes;Loire-Atlantique;Pays de la Loire;;;;;;;;
False;;;False;True;False;attribue;"{'StreetName': ""5 boulevard de l'Epervière"", 'AdditionalStreetName': None, 'CityName': 'ECOUFLANT', 'PostalZone': '49000', 'Country': 'FRA'}";302116124;True;ASSO SOCIA INTERENTREPRISES;ASSOCIATION SOCIALE INTERENTREPRISES D’ANGERS (ASIA);2026-09-27;{'StreetName': '1 rue de la Loire', 'AdditionalStreetName': None, 'CityName': 'NANTES cedex', 'PostalZone': '44966', 'Country': 'FRA'};234400034;True;REGION DES PAYS DE LA LOIRE;REGION DES PAYS DE LA LOIRE;;2026-09-01+02:00;services;;;;1440.0;True;;False;{'StreetName': None, 'CityName': None, 'PostalZone': None, 'NUTS': 'FRG02', 'Country': 'FRA'};;;26-92957;;54590.0;65000.0;LOT-0002;85000000;;3;2.0;;SUIVI SOCIAL DES AGENTS REGIONAUX - 3 LOTS;ouverte;202658527;;;;False;False;False;300000.0;7230.0;Région ;2 000  à  4 999;<NA>;1983-03-01;84.11Z;2008;9220.0;Association déclarée ;100  à  199;True;<NA>;2008;M;70;70.2;70.22;70.22Z;1900-01-01;(47.508177, -0.511706);Écouflant;Maine-et-Loire;Pays de la Loire;(47.224756, -1.521585);Nantes;Loire-Atlantique;Pays de la Loire;;;;;;;;
False;;;False;True;False;attribue;{'StreetName': '11 rue Johannes Kepler', 'AdditionalStreetName': None, 'CityName': 'PAU', 'PostalZone': '64000', 'Country': 'FRA'};531125102;True;LUMANISY CARE;LUMANISY CARE;2026-09-27;{'StreetName': '1 rue de la Loire', 'AdditionalStreetName': None, 'CityName': 'NANTES cedex', 'PostalZone': '44966', 'Country': 'FRA'};234400034;True;REGION DES PAYS DE LA LOIRE;REGION DES PAYS DE LA LOIRE;;2026-09-01+02:00;services;;;;1440.0;True;;False;;;;26-92957;;60000.0;60000.0;LOT-0003;85000000;;3;1.0;;SUIVI SOCIAL DES AGENTS REGIONAUX - 3 LOTS;ouverte;202658527;;;;False;False;False;300000.0;7230.0;Région ;2 000  à  4 999;<NA>;1983-03-01;84.11Z;2008;5499.0;Société à responsabilité limitée (sans autre indication);;False;<NA>;2008;P;85;85.6;85.6;85.60Z;2011-03-21;(43.321507, -0.308427);Pau;Pyrénées-Atlantiques;Nouvelle-Aquitaine;(47.224756, -1.521585);Nantes;Loire-Atlantique;Pays de la Loire;;;;;;;;
False;;;;True;False;attribue;{'StreetName': '980 rue de Sainte Geneviève', 'AdditionalStreetName': None, 'CityName': 'AVIGNON', 'PostalZone': '84000', 'Country': 'FRA'};390265734;True;AQUILA;AQUILA SA;2026-09-27;{'StreetName': '1 rue de la Cale Crucy', 'AdditionalStreetName': None, 'CityName': 'Nantes', 'PostalZone': '44179', 'Country': 'FRA'};130005481;True;FRANCE TRAVAIL;FRANCE TRAVAIL - PdL;;2026-10-01+02:00;services;[];[];;1460.0;False;;False;;;;26-92951;;75500.0;;LOT-0001;79713000;;2;2.0;;Avis d'attribution MARCHE DE SERVICES DE GARDIENNAGE POUR LES LOCAUX DE FRANCE TRAVAIL PAYS DE LA LOIRE ET FRANCE TRAVAIL BRETAGNE;ouverte;2025_011;;;;False;False;False;95814.0;7389.0;Établissement public national à caractère administratif ;10 000  et plus ;False;2008-12-19;84.13Z;2008;5599.0;SA à conseil d'administration (s.a.i.);20  à  49;False;<NA>;2008;N;80;80.1;80.1;80.10Z;1993-01-25;(43.930278, 4.775073);Avignon;Vaucluse;Provence-Alpes-Côte d'Azur;(47.197561, -1.58555);Nantes;Loire-Atlantique;Pays de la Loire;;;;;;;;
False;;;;True;False;attribue;{'StreetName': '980 rue de Sainte Geneviève', 'AdditionalStreetName': None, 'CityName': 'AVIGNON', 'PostalZone': '84000', 'Country': 'FRA'};390265734;True;AQUILA;AQUILA SA;2026-09-27;{'StreetName': '1 rue de la Cale Crucy', 'AdditionalStreetName': None, 'CityName': 'Nantes', 'PostalZone': '44179', 'Country': 'FRA'};130005481;True;FRANCE TRAVAIL;FRANCE TRAVAIL - PdL;;2026-10-01+02:00;services;[];[];;1460.0;False;;False;;;;26-92951;;20314.0;;LOT-0002;79713000;;2;3.0;;Avis d'attribution MARCHE DE SERVICES DE GARDIENNAGE POUR LES LOCAUX DE FRANCE TRAVAIL PAYS DE LA LOIRE ET FRANCE TRAVAIL BRETAGNE;ouverte;2025_011;;;;False;False;False;95814.0;7389.0;Établissement public national à caractère administratif ;10 000  et plus ;False;2008-12-19;84.13Z;2008;5599.0;SA à conseil d'administration (s.a.i.);20  à  49;False;<NA>;2008;N;80;80.1;80.1;80.10Z;1993-01-25;(43.930278, 4.775073);Avignon;Vaucluse;Provence-Alpes-Côte d'Azur;(47.197561, -1.58555);Nantes;Loire-Atlantique;Pays de la Loire;;;;;;;;
False;;;True;False;False;attribue;"{'StreetName': ""1 rue Françoise Sagan - Maison de l'Entrepreneuriat"", 'AdditionalStreetName': None, 'CityName': 'SAINT HERBLAIN', 'PostalZone': '44800', 'Country': 'FRA'}";130008105;True;CHAMBRE COMMERCE INDUSTRIE NANTES - SAINT-NAZAIRE;CCI NANTES SAINT NAZAIRE;2026-09-27;{'StreetName': '2 boulevard de la loire', 'AdditionalStreetName': None, 'CityName': 'SAVENAY', 'PostalZone': '44260', 'Country': 'FRA'};200072734;True;COMMUNAUTE DE COMMUNES ESTUAIRE ET SILLON;CC Estuaire et Sillon;;;services;['jugée au regard de la note méthodologique sur 100 pts', 'sur 40 pts', 'sur 15 pts'];['technique', 'prix', 'prix'];[45.0, 40.0, 15.0];1800.0;False;;False;{'StreetName': '147 rue nationale', 'CityName': '45140 - Ormes', 'PostalZone': '45140', 'NUTS': 'FRB06', 'Country': 'FRA'};;;26-93052;25-74417;1168637.0;30000.0;LOT-0001;70332200;;1;2.0;;"Gestion et animation de "" Lincubacteur """;ouverte;2026-01;2.0;;False;False;False;False;1168637.0;7346.0;Communauté de communes ;250  à  499;<NA>;2017-01-01;84.11Z;2008;7381.0;Organisme consulaire ;1  ou  2;False;<NA>;2008;S;94;94.1;94.11;94.11Z;2008-08-21;(47.212768, -1.623965);Saint-Herblain;Loire-Atlantique;Pays de la Loire;(47.358024, -1.943582);Savenay;Loire-Atlantique;Pays de la Loire;;;;;;;;
False;;;True;False;False;attribue;{'StreetName': None, 'AdditionalStreetName': None, 'CityName': 'GRENOBLE', 'PostalZone': '38000', 'Country': 'FRA'};;False;;AGILENT (lot 1) - Marché 26E224- BECKMAN (lot 2) - Marché 26E225- MILTENYI (lot 3) - Marché 26E226- OZYME (lots 4-6) Marché 26E227-  FISHER SCIENTIFIC (lot 5-9 ) Marché 26E228- ZYTOMICS (lot 8) Marché 26E229;2026-09-27;{'StreetName': None, 'AdditionalStreetName': None, 'CityName': 'GRENOBLE', 'PostalZone': '38000', 'Country': 'FRA'};263800302;True;CENTRE HOSPITALIER UNIVERSITAIRE GRENOBLE ALPES;38 CHU;;;fournitures;"[""se reporter à l'article 6.2 du Règlement de consultation"", ""se reporter à l'article 6.2 du Règlement de consultation"", ""se reporter à l'article 6.2 du Règlement de consultation et grille développement durable""]";['prix', 'qualite', 'environnemental'];[55.0, 40.0, 5.0];;True;184000.0;False;{'StreetName': None, 'CityName': 'Grenoble ', 'PostalZone': '38000', 'NUTS': 'FRK24', 'Country': 'FRA'};sans remise en concurrence;;26-92717;;;183998.0;LOT-0001;33696500;217500.0;1;11.0;;Fournitures de Laboratoire : Anticorps et produits associés ( 9 Lots);ouverte;AO26ANC02;;;;True;False;False;;7364.0;Établissement d'hospitalisation ;10 000  et plus ;False;1982-01-01;86.10Z;2008;;;;;;<NA>;;;;;<NA>;<NA>;;Grenoble;Isère;Auvergne-Rhône-Alpes;;Grenoble;Isère;Auvergne-Rhône-Alpes;;;;;;;;
False;;;True;False;False;attribue;{'StreetName': 'CANOZ', 'AdditionalStreetName': '4 rue Emmanuel Lévinas', 'CityName': 'STRASBOURG', 'PostalZone': '67100', 'Country': 'FRA'};927854638;True;CANOZ;CANOZ;2026-09-27;{'StreetName': 'PLATE-FORME COMMISSARIAT EST', 'AdditionalStreetName': 'DIVISION ACHATS PUBLICS', 'CityName': 'METZ CEDEX 1', 'PostalZone': '57044', 'Country': 'FRA'};130015357;True;;Plate-Forme Commissariat Est;;2026-09-02+02:00;services;;;;;True;17288.33;False;{'StreetName': None, 'CityName': None, 'PostalZone': None, 'NUTS': None, 'Country': None};sans remise en concurrence;;26-92711;;17288.33;17288.33;LOT-0001;90923000;;1;2.0;;RESTATIONS DE TRAITEMENT CONTRE LES NUISIBLES ET LES PARASITES AU PROFIT DES ORGANISMES SOUTENUS PAR LE GROUPEMENT DE SOUTIEN COMMISSARIAT (GSC) DE STRASBOURG - LOT UNIQUE (FFECSA (ALLEMAGNE));negociee;DAF_2026_000592;3.0;;;False;False;False;17288.33;;;;;<NA>;<NA>;<NA>;5499.0;Société à responsabilité limitée (sans autre indication);;False;False;2008;S;96;96.0;96.09;96.09Z;2024-04-09;(48.572599, 7.767439);Strasbourg;Bas-Rhin;Grand Est;;;;;;;;;;;;
False;;;True;True;False;attribue;{'StreetName': '6 rue de Cherbourg', 'AdditionalStreetName': None, 'CityName': 'Strasbourg', 'PostalZone': '67100', 'Country': 'FRA'};325193373;True;SCHROLL;SCHROLL SAS;2026-09-27;{'StreetName': 'PLACE DU QUARTIER BLANC', 'AdditionalStreetName': None, 'CityName': 'Strasbourg Cedex 9', 'PostalZone': '67964', 'Country': 'FRA'};200094332;True;COLLECTIVITE EUROPEENNE D'ALSACE;Collectivité européenne d'Alsace;;;services;"['Prix des prestations : 60%', ""Valeur technique : 10%\nPerformance en matière de protection de l'environnement : 30%""]";['prix', 'environnemental'];[60.0, 10.0, 30.0];1440.0;True;;False;{'StreetName': None, 'CityName': None, 'PostalZone': None, 'NUTS': 'FRF11', 'Country': 'FRA'};sans remise en concurrence;;26-92622;;;;LOT-0001;90511000;6500000.0;9;1.0;;Collecte et traitement de déchets sur les sites de la Collectivité européenne d'Alsace;ouverte;26125;;;;False;False;False;;7220.0;Département ;5 000  à  9 999;False;2021-01-01;84.11Z;2008;5710.0;SAS, société par actions simplifiée;250  à  499;False;<NA>;2008;E;38;38.3;38.32;38.32Z;1982-01-01;(48.542177, 7.784638);Strasbourg;Bas-Rhin;Grand Est;(48.579079, 7.739224);Strasbourg;Bas-Rhin;Grand Est;;;;;;;;
False;;;True;True;False;attribue;{'StreetName': '6 rue de Cherbourg', 'AdditionalStreetName': None, 'CityName': 'Strasbourg', 'PostalZone': '67100', 'Country': 'FRA'};325193373;True;SCHROLL;SCHROLL SAS;2026-09-27;{'StreetName': 'PLACE DU QUARTIER BLANC', 'AdditionalStreetName': None, 'CityName': 'Strasbourg Cedex 9', 'PostalZone': '67964', 'Country': 'FRA'};200094332;True;COLLECTIVITE EUROPEENNE D'ALSACE;Collectivité européenne d'Alsace;;;services;"['Prix des prestations : 60%', ""Valeur technique : 10%\nPerformance en matière de protection de l'environnement : 30%""]";['prix', 'environnemental'];[60.0, 10.0, 30.0];1440.0;True;;False;{'StreetName': None, 'CityName': None, 'PostalZone': None, 'NUTS': 'FRF11', 'Country': 'FRA'};sans remise en concurrence;;26-92622;;;;LOT-0002;90511000;6500000.0;9;2.0;;Collecte et traitement de déchets sur les sites de la Collectivité européenne d'Alsace;ouverte;26125;;;;False;False;False;;7220.0;Département ;5 000  à  9 999;False;2021-01-01;84.11Z;2008;5710.0;SAS, société par actions simplifiée;250  à  499;False;<NA>;2008;E;38;38.3;38.32;38.32Z;1982-01-01;(48.542177, 7.784638);Strasbourg;Bas-Rhin;Grand Est;(48.579079, 7.739224);Strasbourg;Bas-Rhin;Grand Est;;;;;;;;
False;;;True;True;False;attribue;{'StreetName': '6 rue de Cherbourg', 'AdditionalStreetName': None, 'CityName': 'Strasbourg', 'PostalZone': '67100', 'Country': 'FRA'};325193373;True;SCHROLL;SCHROLL SAS;2026-09-27;{'StreetName': 'PLACE DU QUARTIER BLANC', 'AdditionalStreetName': None, 'CityName': 'Strasbourg Cedex 9', 'PostalZone': '67964', 'Country': 'FRA'};200094332;True;COLLECTIVITE EUROPEENNE D'ALSACE;Collectivité européenne d'Alsace;;;services;"['Prix des prestations : 60%', ""Valeur technique : 10%\nPerformance en matière de protection de l'environnement : 30%""]";['prix', 'environnemental'];[60.0, 10.0, 30.0];1440.0;True;;False;{'StreetName': None, 'CityName': None, 'PostalZone': None, 'NUTS': 'FRF11', 'Country': 'FRA'};sans remise en concurrence;;26-92622;;;;LOT-0003;90511000;6500000.0;9;2.0;;Collecte et traitement de déchets sur les sites de la Collectivité européenne d'Alsace;ouverte;26125;;;;False;False;False;;7220.0;Département ;5 000  à  9 999;False;2021-01-01;84.11Z;2008;5710.0;SAS, société par actions simplifiée;250  à  499;False;<NA>;2008;E;38;38.3;38.32;38.32Z;1982-01-01;(48.542177, 7.784638);Strasbourg;Bas-Rhin;Grand Est;(48.579079, 7.739224);Strasbourg;Bas-Rhin;Grand Est;;;;;;;;
False;;;True;True;False;attribue;{'StreetName': '6 rue de Cherbourg', 'AdditionalStreetName': None, 'CityName': 'Strasbourg', 'PostalZone': '67100', 'Country': 'FRA'};325193373;True;SCHROLL;SCHROLL SAS;2026-09-27;{'StreetName': 'PLACE DU QUARTIER BLANC', 'AdditionalStreetName': None, 'CityName': 'Strasbourg Cedex 9', 'PostalZone': '67964', 'Country': 'FRA'};200094332;True;COLLECTIVITE EUROPEENNE D'ALSACE;Collectivité européenne d'Alsace;;;services;"['Prix des prestations : 60%', ""Valeur technique : 10%\nPerformance en matière de protection de l'environnement : 30%""]";['prix', 'environnemental'];[60.0, 10.0, 30.0];1440.0;True;;False;{'StreetName': None, 'CityName': None, 'PostalZone': None, 'NUTS': 'FRF11', 'Country': 'FRA'};sans remise en concurrence;;26-92622;;;;LOT-0004;90511000;6500000.0;9;2.0;;Collecte et traitement de déchets sur les sites de la Collectivité européenne d'Alsace;ouverte;26125;;;;False;False;False;;7220.0;Département ;5 000  à  9 999;False;2021-01-01;84.11Z;2008;5710.0;SAS, société par actions simplifiée;250  à  499;False;<NA>;2008;E;38;38.3;38.32;38.32Z;1982-01-01;(48.542177, 7.784638);Strasbourg;Bas-Rhin;Grand Est;(48.579079, 7.739224);Strasbourg;Bas-Rhin;Grand Est;;;;;;;;
False;;;True;True;False;attribue;{'StreetName': '6 rue de Cherbourg', 'AdditionalStreetName': None, 'CityName': 'Strasbourg', 'PostalZone': '67100', 'Country': 'FRA'};325193373;True;SCHROLL;SCHROLL SAS;2026-09-27;{'StreetName': 'PLACE DU QUARTIER BLANC', 'AdditionalStreetName': None, 'CityName': 'Strasbourg Cedex 9', 'PostalZone': '67964', 'Country': 'FRA'};200094332;True;COLLECTIVITE EUROPEENNE D'ALSACE;Collectivité européenne d'Alsace;;;services;"['Prix des prestations : 60%', ""Valeur technique : 10%\nPerformance en matière de protection de l'environnement : 30%""]";['prix', 'environnemental'];[60.0, 10.0, 30.0];1440.0;True;;False;{'StreetName': None, 'CityName': None, 'PostalZone': None, 'NUTS': 'FRF11', 'Country': 'FRA'};sans remise en concurrence;;26-92622;;;;LOT-0005;90511000;6500000.0;9;1.0;;Collecte et traitement de déchets sur les sites de la Collectivité européenne d'Alsace;ouverte;26125;;;;False;False;False;;7220.0;Département ;5 000  à  9 999;False;2021-01-01;84.11Z;2008;5710.0;SAS, société par actions simplifiée;250  à  499;False;<NA>;2008;E;38;38.3;38.32;38.32Z;1982-01-01;(48.542177, 7.784638);Strasbourg;Bas-Rhin;Grand Est;(48.579079, 7.739224);Strasbourg;Bas-Rhin;Grand Est;;;;;;;;
False;;;True;True;False;attribue;{'StreetName': '6 rue de Cherbourg', 'AdditionalStreetName': None, 'CityName': 'Strasbourg', 'PostalZone': '67100', 'Country': 'FRA'};325193373;True;SCHROLL;SCHROLL SAS;2026-09-27;{'StreetName': 'PLACE DU QUARTIER BLANC', 'AdditionalStreetName': None, 'CityName': 'Strasbourg Cedex 9', 'PostalZone': '67964', 'Country': 'FRA'};200094332;True;COLLECTIVITE EUROPEENNE D'ALSACE;Collectivité européenne d'Alsace;;;services;"['Prix des prestations : 60%', ""Valeur technique : 10%\nPerformance en matière de protection de l'environnement : 30%""]";['prix', 'environnemental'];[60.0, 10.0, 30.0];1440.0;True;;False;{'StreetName': None, 'CityName': None, 'PostalZone': None, 'NUTS': 'FRF11', 'Country': 'FRA'};sans remise en concurrence;;26-92622;;;;LOT-0006;90511000;6500000.0;9;2.0;;Collecte et traitement de déchets sur les sites de la Collectivité européenne d'Alsace;ouverte;26125;;;;False;False;False;;7220.0;Département ;5 000  à  9 999;False;2021-01-01;84.11Z;2008;5710.0;SAS, société par actions simplifiée;250  à  499;False;<NA>;2008;E;38;38.3;38.32;38.32Z;1982-01-01;(48.542177, 7.784638);Strasbourg;Bas-Rhin;Grand Est;(48.579079, 7.739224);Strasbourg;Bas-Rhin;Grand Est;;;;;;;;
False;;;True;True;False;attribue;{'StreetName': '6 rue de Cherbourg', 'AdditionalStreetName': None, 'CityName': 'Strasbourg', 'PostalZone': '67100', 'Country': 'FRA'};325193373;True;SCHROLL;SCHROLL SAS;2026-09-27;{'StreetName': 'PLACE DU QUARTIER BLANC', 'AdditionalStreetName': None, 'CityName': 'Strasbourg Cedex 9', 'PostalZone': '67964', 'Country': 'FRA'};200094332;True;COLLECTIVITE EUROPEENNE D'ALSACE;Collectivité européenne d'Alsace;;;services;"['Prix des prestations : 60%', ""Valeur technique : 10%\nPerformance en matière de protection de l'environnement : 30%""]";['prix', 'environnemental'];[60.0, 10.0, 30.0];1440.0;True;;False;{'StreetName': None, 'CityName': None, 'PostalZone': None, 'NUTS': 'FRF11', 'Country': 'FRA'};sans remise en concurrence;;26-92622;;;;LOT-0007;90511000;6500000.0;9;1.0;;Collecte et traitement de déchets sur les sites de la Collectivité européenne d'Alsace;ouverte;26125;;;;False;False;False;;7220.0;Département ;5 000  à  9 999;False;2021-01-01;84.11Z;2008;5710.0;SAS, société par actions simplifiée;250  à  499;False;<NA>;2008;E;38;38.3;38.32;38.32Z;1982-01-01;(48.542177, 7.784638);Strasbourg;Bas-Rhin;Grand Est;(48.579079, 7.739224);Strasbourg;Bas-Rhin;Grand Est;;;;;;;;
False;;;True;True;False;attribue;"{'StreetName': ""35 rue de l'Europe"", 'AdditionalStreetName': None, 'CityName': 'Cernay', 'PostalZone': '68700', 'Country': 'FRA'}";434236592;True;ALSACE DECHETS INDUSTRIELS SPECIAUX;ALSACE DECHETS INDUSTRIELS SPECIAUX - ALSADIS;2026-09-27;{'StreetName': 'PLACE DU QUARTIER BLANC', 'AdditionalStreetName': None, 'CityName': 'Strasbourg Cedex 9', 'PostalZone': '67964', 'Country': 'FRA'};200094332;True;COLLECTIVITE EUROPEENNE D'ALSACE;Collectivité européenne d'Alsace;;;services;"['Prix des prestations : 60%', ""Valeur technique : 10%\nPerformance en matière de protection de l'environnement : 30%""]";['prix', 'environnemental'];[60.0, 10.0, 30.0];1440.0;True;;False;{'StreetName': None, 'CityName': None, 'PostalZone': None, 'NUTS': 'FRF11', 'Country': 'FRA'};sans remise en concurrence;;26-92622;;;;LOT-0008;90511000;6500000.0;9;1.0;;Collecte et traitement de déchets sur les sites de la Collectivité européenne d'Alsace;ouverte;26125;;;;False;False;False;;7220.0;Département ;5 000  à  9 999;False;2021-01-01;84.11Z;2008;5499.0;Société à responsabilité limitée (sans autre indication);6  à  9;False;<NA>;2008;E;38;38.1;38.12;38.12Z;2001-01-08;(47.789884, 7.184674);Cernay;Haut-Rhin;Grand Est;(48.579079, 7.739224);Strasbourg;Bas-Rhin;Grand Est;;;;;;;;
False;;;True;True;False;attribue;{'StreetName': '8 rue Ampère', 'AdditionalStreetName': None, 'CityName': 'Geispolsheim', 'PostalZone': '67118', 'Country': 'FRA'};488118670;True;Z COLL;Z COLL;2026-09-27;{'StreetName': 'PLACE DU QUARTIER BLANC', 'AdditionalStreetName': None, 'CityName': 'Strasbourg Cedex 9', 'PostalZone': '67964', 'Country': 'FRA'};200094332;True;COLLECTIVITE EUROPEENNE D'ALSACE;Collectivité européenne d'Alsace;;;services;"['Prix des prestations : 60%', ""Valeur technique : 10%\nPerformance en matière de protection de l'environnement : 30%""]";['prix', 'environnemental'];[60.0, 10.0, 30.0];1440.0;True;;False;{'StreetName': None, 'CityName': None, 'PostalZone': None, 'NUTS': 'FRF11', 'Country': 'FRA'};sans remise en concurrence;;26-92622;;;;LOT-0009;90511000;6500000.0;9;3.0;;Collecte et traitement de déchets sur les sites de la Collectivité européenne d'Alsace;ouverte;26125;;;;False;False;False;;7220.0;Département ;5 000  à  9 999;False;2021-01-01;84.11Z;2008;5499.0;Société à responsabilité limitée (sans autre indication);10  à  19;False;<NA>;2008;E;38;38.1;38.12;38.12Z;2006-01-02;(48.533943, 7.686716);Geispolsheim;Bas-Rhin;Grand Est;(48.579079, 7.739224);Strasbourg;Bas-Rhin;Grand Est;;;;;;;;
False;;;True;False;False;attribue;{'StreetName': 'Zone industrielle de Kerscao', 'AdditionalStreetName': None, 'CityName': 'LE RELECQ KERHUON', 'PostalZone': '29480', 'Country': 'FRA'};839195112;True;WEESURE PROTECTION;WEESURE PROTECTION;2026-09-27;{'StreetName': 'Quartier Foch - BP 22', 'AdditionalStreetName': None, 'CityName': 'Rennes', 'PostalZone': '35998', 'Country': 'FRA'};130015407;True;;PFC Ouest;;;services;"[""L'offre la moins disante obtient la note maximum""]";['prix'];[100];;True;;False;{'StreetName': None, 'CityName': None, 'PostalZone': None, 'NUTS': 'FRH03', 'Country': 'FRA'};sans remise en concurrence;;26-92645;;1395153.0;;LOT-0001;79713000;12000000.0;1;4.0;;Prestations de gardiennage DGA-MI à BRUZ;negociee;DAF_2025_000276;;;;True;False;False;1395153.0;;;;;<NA>;<NA>;<NA>;5710.0;SAS, société par actions simplifiée;20  à  49;False;False;2008;N;80;80.1;80.1;80.10Z;2018-04-09;(48.399958, -4.405811);Le Relecq-Kerhuon;Finistère;Bretagne;(48.096885, -1.670445);Rennes;Ille-et-Vilaine;Bretagne;;;;;;;;
False;;;True;False;False;attribue;{'StreetName': 'LEO MINOR', 'AdditionalStreetName': '50 RUE DU PARADIS', 'CityName': 'PARIS', 'PostalZone': '75010', 'Country': 'FRA'};322441627;True;LEO MINOR;LEO MINOR;2026-09-27;{'StreetName': 'PLATE-FORME COMMISSARIAT EST', 'AdditionalStreetName': 'DIVISION ACHATS PUBLICS', 'CityName': 'METZ CEDEX 1', 'PostalZone': '57044', 'Country': 'FRA'};130015357;True;;Plate-Forme Commissariat Est;;2026-07-31+02:00;fournitures;"['Le critère prix a été noté sur 20. La note maximale a été attribuée au candidat présentant le prix le plus bas. La note a ensuite été pondérée par 30 %.', ""Le critère technique a été jugé suite à l’examen des échantillons, en attribuant une note globale sur 20 répartie comme suit : - Analyses laboratoire (sur 8 points) : Tissu et mailles (polaire et ajourée): - pour les deux articles: composition, colorimétrie, masse, résistance mécanique à la déchirure amorcée, solidité des teintures, stabilité dimensionnelle, comportement après lavages, résistance au mouillage superficiel, résistance à la pénétration de l’eau à l’état neuf et après lavages, résistance à la vapeur d’eau. - pour la veste en tissu imper-respirant : résistance à la pénétration de l’eau des assemblages étanchés. - pour la veste coupe-vent polaire : résistance au boulochage sur Martindale, pouvoir adiathermique à l’état neuf et après entretien. Tissu rétro réfléchissant : évaluation haute visibilité (rétro-réflexion). Bloque cordon : essai au brouillard salin.  Exigences rédhibitoires : Tenue de la bande d’étanchéité sur la veste en tissu imper-respirant – Tout décollement ou cloquage à l’état neuf et/ou après entretiens entraînait le rejet de l’offre.  Non-respect du patron de coupe.  - Présentation générale, confection et finition (sur 6 points).  - Bien aller sur individu et respect des dimensions (sur 6 points).  Une note Valeur technique inférieure à 12/20 entraînait l'élimination. La note a ensuite été pondérée par application du coefficient de 60 %."", ""La démarche environnementale a été notée sur 20.  La note maximale a été attribuée à l'offre présentant la démarche environnementale rattachée à l’objet du marché jugée la plus aboutie.  Le candidat devait donner des exemples de ses actions et fournir les justificatifs nécessaires.  La note a ensuite été pondérée par 5 %.  L’absence d’indications relatives à la démarche environnementale de l’entreprise entraînait une note à zéro pour ce critère."", ""La démarche socio-responsable a été notée sur 20.  La note maximale a été attribuée à l'offre présentant la démarche socio-responsable jugée la plus aboutie au regard d'une véritable politique de responsabilité sociétale (RSE) rattachée à l’objet du marché mise en place au sein de la société s’agissant :  - des matières premières usitées (juste rémunération des producteurs, etc) ;  - du processus de transformation, de conditionnement et d’acheminement vers le(s) site(s) de confection et au sein de ce(s) dernier(s).  Le candidat devait donner des exemples de ses actions et fournir les justificatifs nécessaires. La note a ensuite été pondérée par 5 %.  L’absence d’indications relatives à la démarche socio-responsable de l’entreprise entraînait une note à zéro pour ce critère.""]";['prix', 'technique', 'environnemental', 'social'];[30.0, 60.0, 5.0, 5.0];;True;;False;{'StreetName': None, 'CityName': None, 'PostalZone': None, 'NUTS': None, 'Country': None};sans remise en concurrence;;26-92710;;1039210.0;1039210.0;LOT-0001;18221200;;1;3.0;;FOURNITURE DE VESTES EN TISSU LAMINE IMPER-RESPIRANT ET DE VESTES COUPE-VENT POLAIRE (LOT UNIQUE) AU PROFIT DES ELEVES DES LYCEES MILITAIRES;ouverte;DAF_2024_000454;;;;True;False;False;1039210.0;;;;;<NA>;<NA>;<NA>;5710.0;SAS, société par actions simplifiée;20  à  49;<NA>;False;2008;C;14;14.1;14.13;14.13Z;1981-08-01;(48.875618, 2.349542);Paris;Paris;Île-de-France;;;;;;;;;;;;
False;;;False;True;False;attribue;{'StreetName': '384 rue du général de Gaulle', 'AdditionalStreetName': None, 'CityName': 'MONS EN BAROEUL', 'PostalZone': '59370', 'Country': 'FRA'};477181010;True;API RESTAURATION;API RESTAURATION;2026-09-27;{'StreetName': '4 bis place de la République', 'AdditionalStreetName': None, 'CityName': 'Saint nicolas de port', 'PostalZone': '54210', 'Country': 'FRA'};215404831;True;COMMUNE DE SAINT NICOLAS DE PORT;Mairie de St nicolas de Port;;;fournitures;['Prix de la prestation (50%)', 'Valeur technique des prestations (50%)'];['prix', 'technique'];[50.0, 50.0];1460.0;False;;False;{'StreetName': 'rue du 4ème BCP', 'CityName': 'Saint Nicolas de Port', 'PostalZone': '54210', 'NUTS': 'FRF31', 'Country': 'FRA'};sans remise en concurrence;;26-92896;;;;LOT-0001;38343000;214471.0;2;2.0;;Prestation de fourniture de repas et goûters destinés à la restauration scolaire et à la crèche/halte-garderie en formule mini-self et service à table;ouverte;;;;;False;False;False;;7210.0;Commune et commune nouvelle ;100  à  199;False;1980-01-01;84.11Z;2008;5710.0;SAS, société par actions simplifiée;5 000  à  9 999;False;False;2008;I;56;56.2;56.29;56.29A;1985-09-27;(50.64536, 3.103728);Mons-en-Barœul;Nord;Hauts-de-France;(48.630867, 6.302634);Saint-Nicolas-de-Port;Meurthe-et-Moselle;Grand Est;;;;;;;;
False;;;False;True;False;attribue;{'StreetName': '384 rue du général de Gaulle', 'AdditionalStreetName': None, 'CityName': 'MONS EN BAROEUL', 'PostalZone': '59370', 'Country': 'FRA'};477181010;True;API RESTAURATION;API RESTAURATION;2026-09-27;{'StreetName': '4 bis place de la République', 'AdditionalStreetName': None, 'CityName': 'Saint nicolas de port', 'PostalZone': '54210', 'Country': 'FRA'};215404831;True;COMMUNE DE SAINT NICOLAS DE PORT;Mairie de St nicolas de Port;;;fournitures;['Prix de la prestation (50%)', 'Valeur technique des prestations (50%)'];['prix', 'technique'];[50.0, 50.0];1460.0;False;;False;{'StreetName': 'Rue du 4ème BCP', 'CityName': 'Saint Nicolas de Port', 'PostalZone': '54210', 'NUTS': 'FRF31', 'Country': 'FRA'};sans remise en concurrence;;26-92896;;;;LOT-0002;38343000;214471.0;2;3.0;;Prestation de fourniture de repas et goûters destinés à la restauration scolaire et à la crèche/halte-garderie en formule mini-self et service à table;ouverte;;;;;False;False;False;;7210.0;Commune et commune nouvelle ;100  à  199;False;1980-01-01;84.11Z;2008;5710.0;SAS, société par actions simplifiée;5 000  à  9 999;False;False;2008;I;56;56.2;56.29;56.29A;1985-09-27;(50.64536, 3.103728);Mons-en-Barœul;Nord;Hauts-de-France;(48.630867, 6.302634);Saint-Nicolas-de-Port;Meurthe-et-Moselle;Grand Est;;;;;;;;
False;['44212317', '44212317', '45223800', '51112100'];;True;True;False;attribue;{'StreetName': '27 Rue Gustave Eiffel', 'AdditionalStreetName': None, 'CityName': 'Bondoufle', 'PostalZone': '91070', 'Country': 'FRA'};377623053;False;SARL ULMA;SARL ULMA;2026-09-27;{'StreetName': 'route du chinaillon', 'AdditionalStreetName': None, 'CityName': 'Le Grand Bornand', 'PostalZone': '74450', 'Country': 'FRA'};784347387;False;AMBASSADE DE GRANDE BRETAGNE;Comité d'organisation Biathlon Annecy-Le Grand Bornand;;;services;"['Valeur technique jugée au regard du mémoire technique', ""Performances en matière de protection de l'environnement"", 'Prix des prestations']";['technique', 'environnemental', 'prix'];[45.0, 5.0, 50.0];;True;;False;;;;26-92913;;293750.0;;LOT-0001;92622000;;6;3.0;2.0;Location, pose et dépose de structures échafaudées, de tribunes, de modules et de sanitaires et mise en place de distributions électriques nécessaires à l'organisation de la Coupe du Monde du Biathlon;ouverte;COBAGBO-26/01;1.0;;;True;True;True;681550.01;3210.0;État, collectivité ou établissement public étranger;100  à  199;False;1900-01-01;99.00Z;2008;5499.0;Société à responsabilité limitée (sans autre indication);50  à  99;False;<NA>;2008;N;77;77.3;77.32;77.32Z;1990-04-09;(48.622263, 2.377447);Bondoufle;Essonne;Île-de-France;(45.961025, 6.442095);Le Grand-Bornand;Haute-Savoie;Auvergne-Rhône-Alpes;;;;;;;;
False;['44211100', '44212317', '45223800', '51112100'];;True;True;False;attribue;{'StreetName': '215 Rue Mayor De Montricher', 'AdditionalStreetName': None, 'CityName': 'Aix-En-Provence', 'PostalZone': '13080', 'Country': 'FRA'};403932296;False;COFICIEL SOLUTIONS MODULAIRES;COFICIEL BUNGALOWS;2026-09-27;{'StreetName': 'route du chinaillon', 'AdditionalStreetName': None, 'CityName': 'Le Grand Bornand', 'PostalZone': '74450', 'Country': 'FRA'};784347387;False;AMBASSADE DE GRANDE BRETAGNE;Comité d'organisation Biathlon Annecy-Le Grand Bornand;;;services;"['Valeur technique jugée au regard du mémoire technique', ""Performances en matière de protection de l'environnement"", 'Prix des prestations']";['technique', 'environnemental', 'prix'];[45.0, 5.0, 50.0];;True;;False;;;;26-92913;;138160.0;;LOT-0002;92622000;;6;4.0;1.0;Location, pose et dépose de structures échafaudées, de tribunes, de modules et de sanitaires et mise en place de distributions électriques nécessaires à l'organisation de la Coupe du Monde du Biathlon;ouverte;COBAGBO-26/01;1.0;;;True;True;True;681550.01;3210.0;État, collectivité ou établissement public étranger;100  à  199;False;1900-01-01;99.00Z;2008;5499.0;Société à responsabilité limitée (sans autre indication);50  à  99;False;<NA>;2008;N;77;77.3;77.39;77.39Z;1996-02-22;(43.479263, 5.385917);Aix-en-Provence;Bouches-du-Rhône;Provence-Alpes-Côte d'Azur;(45.961025, 6.442095);Le Grand-Bornand;Haute-Savoie;Auvergne-Rhône-Alpes;;;;;;;;
False;['45223800', '44212317', '45223800', '51112100'];;True;True;False;attribue;{'StreetName': '610 Rue Claude Nougaro', 'AdditionalStreetName': None, 'CityName': 'Belleville-En-Beaujolais', 'PostalZone': '69220', 'Country': 'FRA'};441956133;False;LOCATION DE CHAPITEAUX;LOCATION DE CHAPITEAUX;2026-09-27;{'StreetName': 'route du chinaillon', 'AdditionalStreetName': None, 'CityName': 'Le Grand Bornand', 'PostalZone': '74450', 'Country': 'FRA'};784347387;False;AMBASSADE DE GRANDE BRETAGNE;Comité d'organisation Biathlon Annecy-Le Grand Bornand;;;services;"['Valeur technique jugée au regard du mémoire technique', ""Performances en matière de protection de l'environnement"", 'Prix des prestations']";['technique', 'environnemental', 'prix'];[45.0, 5.0, 50.0];;True;;False;;;;26-92913;;84855.0;;LOT-0003;92622000;;6;3.0;1.0;Location, pose et dépose de structures échafaudées, de tribunes, de modules et de sanitaires et mise en place de distributions électriques nécessaires à l'organisation de la Coupe du Monde du Biathlon;ouverte;COBAGBO-26/01;1.0;;;True;True;True;681550.01;3210.0;État, collectivité ou établissement public étranger;100  à  199;False;1900-01-01;99.00Z;2008;5710.0;SAS, société par actions simplifiée;10  à  19;False;<NA>;2008;N;77;77.3;77.39;77.39Z;2002-04-22;(46.115933, 4.722928);Belleville-en-Beaujolais;Rhône;Auvergne-Rhône-Alpes;(45.961025, 6.442095);Le Grand-Bornand;Haute-Savoie;Auvergne-Rhône-Alpes;;;;;;;;
False;['44211100', '44212317', '45223800', '51112100'];;True;True;False;attribue;{'StreetName': '6 Allee Du Progres', 'AdditionalStreetName': None, 'CityName': 'Englos', 'PostalZone': '59320', 'Country': 'FRA'};387867765;False;ENYGEA SERVICES;ENYGEA Services;2026-09-27;{'StreetName': 'route du chinaillon', 'AdditionalStreetName': None, 'CityName': 'Le Grand Bornand', 'PostalZone': '74450', 'Country': 'FRA'};784347387;False;AMBASSADE DE GRANDE BRETAGNE;Comité d'organisation Biathlon Annecy-Le Grand Bornand;;;services;"['Valeur technique jugée au regard du mémoire technique', ""Performances en matière de protection de l'environnement"", 'Prix des prestations']";['technique', 'environnemental', 'prix'];[45.0, 5.0, 50.0];;True;;False;;;;26-92913;;66029.17;;LOT-0004;92622000;;6;2.0;1.0;Location, pose et dépose de structures échafaudées, de tribunes, de modules et de sanitaires et mise en place de distributions électriques nécessaires à l'organisation de la Coupe du Monde du Biathlon;ouverte;COBAGBO-26/01;1.0;;;True;True;True;681550.01;3210.0;État, collectivité ou établissement public étranger;100  à  199;False;1900-01-01;99.00Z;2008;5710.0;SAS, société par actions simplifiée;250  à  499;False;<NA>;2008;N;77;77.3;77.39;77.39Z;1992-06-03;(50.625771, 2.960068);Englos;Nord;Hauts-de-France;(45.961025, 6.442095);Le Grand-Bornand;Haute-Savoie;Auvergne-Rhône-Alpes;;;;;;;;
False;['51112100', '44212317', '45223800', '51112100'];;True;True;False;attribue;{'StreetName': '3087 Rue De La Gare', 'AdditionalStreetName': None, 'CityName': 'Boeschepe', 'PostalZone': '59299', 'Country': 'FRA'};802462622;False;THE POWERSHOP FRANCE SARL;THE POWERSHOP FRANCE SARL;2026-09-27;{'StreetName': 'route du chinaillon', 'AdditionalStreetName': None, 'CityName': 'Le Grand Bornand', 'PostalZone': '74450', 'Country': 'FRA'};784347387;False;AMBASSADE DE GRANDE BRETAGNE;Comité d'organisation Biathlon Annecy-Le Grand Bornand;;;services;"['Valeur technique jugée au regard du mémoire technique', ""Performances en matière de protection de l'environnement"", 'Prix des prestations']";['technique', 'environnemental', 'prix'];[45.0, 5.0, 50.0];;True;;False;;;;26-92913;;27157.94;;LOT-0005;92622000;;6;2.0;1.0;Location, pose et dépose de structures échafaudées, de tribunes, de modules et de sanitaires et mise en place de distributions électriques nécessaires à l'organisation de la Coupe du Monde du Biathlon;ouverte;COBAGBO-26/01;1.0;;;True;True;True;681550.01;3210.0;État, collectivité ou établissement public étranger;100  à  199;False;1900-01-01;99.00Z;2008;5499.0;Société à responsabilité limitée (sans autre indication);1  ou  2;False;<NA>;2008;R;90;90.0;90.02;90.02Z;2014-05-15;(50.821621, 2.670894);Boeschepe;Nord;Hauts-de-France;(45.961025, 6.442095);Le Grand-Bornand;Haute-Savoie;Auvergne-Rhône-Alpes;;;;;;;;
False;['51112100', '44212317', '45223800', '51112100'];;True;True;False;attribue;{'StreetName': '257 Rue De La Verrerie', 'AdditionalStreetName': None, 'CityName': 'Alex', 'PostalZone': '74290', 'Country': 'FRA'};444884845;False;CABLES ET CIE;CABLES ET CIE;2026-09-27;{'StreetName': 'route du chinaillon', 'AdditionalStreetName': None, 'CityName': 'Le Grand Bornand', 'PostalZone': '74450', 'Country': 'FRA'};784347387;False;AMBASSADE DE GRANDE BRETAGNE;Comité d'organisation Biathlon Annecy-Le Grand Bornand;;;services;"['Valeur technique jugée au regard du mémoire technique', ""Performances en matière de protection de l'environnement"", 'Prix des prestations']";['technique', 'environnemental', 'prix'];[45.0, 5.0, 50.0];;True;;False;;;;26-92913;;71597.9;;LOT-0006;92622000;;6;2.0;1.0;Location, pose et dépose de structures échafaudées, de tribunes, de modules et de sanitaires et mise en place de distributions électriques nécessaires à l'organisation de la Coupe du Monde du Biathlon;ouverte;COBAGBO-26/01;1.0;;;True;True;True;681550.01;3210.0;État, collectivité ou établissement public étranger;100  à  199;False;1900-01-01;99.00Z;2008;5499.0;Société à responsabilité limitée (sans autre indication);3  à  5;<NA>;<NA>;2008;R;90;90.0;90.02;90.02Z;2003-01-01;(45.892293, 6.246673);Alex;Haute-Savoie;Auvergne-Rhône-Alpes;(45.961025, 6.442095);Le Grand-Bornand;Haute-Savoie;Auvergne-Rhône-Alpes;;;;;;;;
False;['45233141'];;True;False;False;attribue;;;False;;;2026-09-27;{'StreetName': 'Rue Guillemette', 'AdditionalStreetName': None, 'CityName': 'Nîmes', 'PostalZone': '30044', 'Country': 'FRA'};223000019;False;DEPARTEMENT DU GARD;Conseil départemental du Gard;;2026-09-20+02:00;travaux;"[""Valeur technique de l'offre"", 'Prise en compte de la notion de développement durable : Valeur environnementale', 'Valeur prix']";['technique', 'environnemental', 'prix'];[30.0, 10.0, 60.0];360.0;True;80000000.0;False;;avec remise en concurrence;;26-93011;;468682.0;;LOT-0000;45233141;4432581.7;1;8.0;;Fourniture, transport et mise en oeuvre d'enrobés sur les routes départementales du Gard;ouverte;26SPR013;3.0;;;False;True;False;468682.0;7220.0;Département ;2 000  à  4 999;False;1983-03-01;84.11Z;2008;;;;;;<NA>;;;;;<NA>;<NA>;;;;;(43.831655, 4.363295);Nîmes;Gard;Occitanie;;;;;;;;
False;['15811200', '15811300'];;True;False;False;attribue;{'StreetName': '6 rue Linus Carl Pauling', 'AdditionalStreetName': None, 'CityName': 'MONT SAINT AIGNAN', 'PostalZone': '76130', 'Country': 'FRA'};613650696;True;TOUFLET BOULANGER;TOUFLET BOULANGER;2026-09-27;{'StreetName': '1 Rond-Point du Professeur Christian Cabrol', 'AdditionalStreetName': None, 'CityName': 'Amiens cedex 1', 'PostalZone': '80054', 'Country': 'FRA'};268000148;True;CENTRE HOSPITALIER UNIVERSITAIRE;CHU Amiens-Picardie (Etablissement support du GHT SLS);;;fournitures;['Critère 1 : Prix des produits proposés (400 points)\nCe critère sera apprécié au regard du montant total HT indiqué dans le BPU-DQE.\nMéthode de notation : (Offre la plus basse/ Offre analysée) x 400 points', 'Critère 2 : Analyse technique et moyens organisationnels (500 points)\nCe critère sera apprécié au regard des sous-critères suivants :\n• Sous-critère 1 : Qualité des produits au regard de la fiche technique (200 points)\nCe sous-critère sera évalué au regard des fiches techniques sur la base de la fiche d’évaluation et selon le sous-\ncritère énoncé dans cette dernière.\n• Sous-critère 2 : Analyse des échantillons par le groupe expert (200 points)\nCe sous-critère sera apprécié au regard des échantillons sur la base de la fiche d’évaluation et selon les sous-\ncritères énoncés dans cette dernière.\n• Sous-critère 3 : Organisation, moyens humains et techniques dédiés à la mission (100 points)\no Sous-sous critère 1 : Modalités organisationnelles pour la réalisation des prestations (25 points)\no Sous-sous critère 2 : Moyens techniques dédiés à la prestation (25 points)\nSous-sous critère 3 : Moyens humains dédiés à la prestation, l’interlocuteur dédié à la\nprestation, les jours et horaires d’ouverture de l’entreprise ainsi que la solution proposée en\ncas d’absence de celui-ci. (25 points)\no Sous-sous critère 4 : Modalités de gestion de l’urgence (25 points)\nCes sous-sous-critères seront évalués au regard du cadre de mémoire technique', 'Critère 3 : Engagements en matière de développement durable dans le cadre de la réalisation des prestations\nde l’accord-cadre (100 points)\n• Sous-critère 1 : Conditionnement des produits objet du marché et gestion des déchets (50 points)\no Sous-sous critère 1 : Actions du candidat en matière de développement durable concernant\nl’emballage des produits objet du marché (notamment s’il s’agit d’emballage en matériaux\nrecyclés et/ou procédés de réutilisation des emballages) (20 points)\no Sous-sous critère 2 : Démarches entreprises pour la réduction des déchets dans l’organisation\ninterne du candidat en lien avec l’exécution de la prestation (30 points)\nCes sous-sous critères seront évalués au regard du cadre de mémoire technique relatif au développement\ndurable.\n• Sous-critère 2 : Transport des produits objet du marché (50 points)\no Modalités de livraison des produits objets du marché afin de favoriser des livraisons\nresponsables (optimisation des tournées de livraison, formation à l’éco conduite, gestion de\nparc automobile, etc.) (50 points)\nCe sous-critère sera apprécié au regard du cadre de mémoire technique relatif au développement durable.'];['technique', 'social', 'environnemental'];;1440.0;False;;False;{'StreetName': None, 'CityName': None, 'PostalZone': None, 'NUTS': 'FRE23', 'Country': 'FRA'};sans remise en concurrence;;26-92784;;;;LOT-0001;15811100;3600000.0;1;1.0;;Fourniture de pains, pâtisseries et viennoiseries pour le CHU Amiens-Picardie;ouverte;26HA0030;;;;False;False;False;;7364.0;Établissement d'hospitalisation ;5 000  à  9 999;False;1953-09-02;86.10Z;2008;5699.0;SA à directoire (s.a.i.);250  à  499;False;<NA>;2008;C;10;10.7;10.71;10.71A;1961-01-01;(49.473114, 1.093115);Mont-Saint-Aignan;Seine-Maritime;Normandie;;;;;;;;;;;;
False;['44212320', '31527260', '32321200', '32322000'];;True;True;False;non attribue;;;False;;;2026-09-27;{'StreetName': '19 Rue Laitière', 'AdditionalStreetName': None, 'CityName': 'Bayeux', 'PostalZone': '14400', 'Country': 'FRA'};211400478;False;COMMUNE DE BAYEUX;COMMUNE DE BAYEUX;;;fournitures;['Valeur technique', 'Prix'];['technique', 'prix'];[60.0, 40.0];;False;;False;;;;26-92811;;;;LOT-0001;39154000;;2;0.0;;Fourniture, installation, mise en service et maintenance de matériels scénographiques pour l'exposition immersive « De lin et de laine » à l'Hôtel du Doyen;ouverte;26BAY08;;;;False;False;False;130199.0;7210.0;Commune et commune nouvelle ;250  à  499;False;1978-01-01;84.11Z;2008;;;;;;<NA>;;;;;<NA>;<NA>;;;;;(49.276188, -0.702637);Bayeux;Calvados;Normandie;;;;;;;;
False;['32321300', '31527260', '32321200', '32322000'];;True;True;False;attribue;{'StreetName': '937 Rue Denis Papin', 'AdditionalStreetName': None, 'CityName': 'Demouville', 'PostalZone': '14840', 'Country': 'FRA'};490043098;False;AUVISYS;AUVISYS;2026-09-27;{'StreetName': '19 Rue Laitière', 'AdditionalStreetName': None, 'CityName': 'Bayeux', 'PostalZone': '14400', 'Country': 'FRA'};211400478;False;COMMUNE DE BAYEUX;COMMUNE DE BAYEUX;;;fournitures;['Valeur technique', 'Prix'];['technique', 'prix'];[60.0, 40.0];;False;;False;;;;26-92811;;130199.0;;LOT-0002;39154000;;2;3.0;;Fourniture, installation, mise en service et maintenance de matériels scénographiques pour l'exposition immersive « De lin et de laine » à l'Hôtel du Doyen;ouverte;26BAY08;;;;False;False;False;130199.0;7210.0;Commune et commune nouvelle ;250  à  499;False;1978-01-01;84.11Z;2008;5710.0;SAS, société par actions simplifiée;10  à  19;False;<NA>;2008;G;46;46.6;46.69;46.69C;2006-06-05;(49.170413, -0.267002);Démouville;Calvados;Normandie;(49.276188, -0.702637);Bayeux;Calvados;Normandie;;;;;;;;
False;['35113200'];;True;False;False;attribue;{'StreetName': 'Rue Michel Renaud', 'AdditionalStreetName': None, 'CityName': 'Hauterive', 'PostalZone': '03270', 'Country': 'FRA'};418489704;False;JCE BIOTECHNOLOGY;JCE BIOTECHNOLOGY;2026-09-27;{'StreetName': 'Abbaye aux Dames', 'AdditionalStreetName': 'Place Reine Mathilde , Cs 50523', 'CityName': 'Caen', 'PostalZone': '14035', 'Country': 'FRA'};130031503;False;CHAMBRE D'AGRICULTURE DE REGION NORMANDIE;Région Normandie;;2026-09-11+02:00;fournitures;"[""Ergonomie et facilité d'utilisation en milieu pédagogique"", ""Performance en matière de protection de l'environnement"", 'Qualité de fabrication du matériel', 'Prix']";['qualite', 'environnemental', 'qualite', 'prix'];[30.0, 10.0, 10.0, 50.0];360.0;True;;False;;;;26-92872;;74370.12;;LOT-0000;35113200;;1;1.0;1.0;Acquisition de boîtes à gants dans le cadre du projet 3NC;ouverte;2026-FCS-DLN-0063;;;;False;True;False;74370.12;7381.0;Organisme consulaire ;;False;2024-01-01;94.11Z;2008;5710.0;SAS, société par actions simplifiée;50  à  99;False;<NA>;2008;C;32;32.5;32.5;32.50A;1997-12-01;(46.079411, 3.440191);Hauterive;Allier;Auvergne-Rhône-Alpes;;;;;;;;;;;;
False;['79311000'];;True;False;False;attribue;{'StreetName': '188 All De L Amerique Latine', 'AdditionalStreetName': None, 'CityName': 'Nimes', 'PostalZone': '30000', 'Country': 'FRA'};347582231;False;URBANIS;URBANIS;2026-09-27;{'StreetName': '1500 Boulevard Lepic', 'AdditionalStreetName': None, 'CityName': 'Aix Les Bains', 'PostalZone': '73106', 'Country': 'FRA'};200068674;False;GRAND LAC, COMMUNAUTE D'AGGLOMERATION;Grand Lac - Communauté d'Agglomération;;2026-10-01+02:00;services;['Valeur technique jugée sur mémoire technique', 'Prix'];['technique', 'prix'];[60.0, 40.0];1440.0;False;0.0;False;;sans remise en concurrence;;26-92741;;1300000.0;;LOT-0000;79311000;1300000.0;1;1.0;;Accompagnement pour la rénovation de l'habitat;ouverte;26027;;;;False;False;False;1300000.0;7348.0;Communauté d'agglomération ;250  à  499;False;2017-01-01;84.11Z;2008;5710.0;SAS, société par actions simplifiée;250  à  499;False;False;2008;M;71;71.1;71.12;71.12B;1988-07-01;(43.820979, 4.363604);Nîmes;Gard;Occitanie;(45.681432, 5.905737);Aix-les-Bains;Savoie;Auvergne-Rhône-Alpes;;;;;;;;
False;['71600000'];;True;False;False;attribue;{'StreetName': '13 Rue Albert Einstein', 'AdditionalStreetName': None, 'CityName': 'Maxeville', 'PostalZone': '54320', 'Country': 'FRA'};412442519;False;GINGER CEBTP;GINGER CEBTP;2026-09-27;"{'StreetName': ""Polygone Bâtiment A / Service Transports / Pôle Maîtrise d'Ouvrage"", 'AdditionalStreetName': '5 rue Hinzelin', 'CityName': 'Metz', 'PostalZone': '57009', 'Country': 'FRA'}";130010259;False;DIRECTION REGIONALE DE L'ENVIRONNEMENT DE L'AMENAGEMENT ET DU LOGEMENT GRAND EST;Direction Régionale de l'Environnement, de l'Aménagement et du Logement Grand Est;;2026-09-14+02:00;services;['Technique', 'Prix'];['technique', 'prix'];[30.0, 70.0];720.0;False;;False;;;;26-92743;;13500.0;;LOT-0000;71600000;;1;3.0;;"RN4 mise a 2x2 voies de la déviation de Saint Dizier :  Contrôle Extérieur  ""Auscultation sonique""";ouverte;2026M0367;;;;False;False;False;13500.0;7171.0;Service déconcentré de l'État à compétence (inter) régionale ;500  à  999;<NA>;2010-01-04;84.13Z;2008;5710.0;SAS, société par actions simplifiée;1 000  à  1 999;False;<NA>;2008;M;71;71.1;71.12;71.12B;1997-06-05;(48.702582, 6.125666);Maxéville;Meurthe-et-Moselle;Grand Est;;;;;;;;;;;;
False;;;True;True;False;attribue;;;False;;;2026-09-27;{'StreetName': 'CS80036', 'AdditionalStreetName': None, 'CityName': 'REIMS Cedex', 'PostalZone': '51722', 'Country': 'FRA'};215104217;True;COMMUNE DE REIMS;C3C développement et services à la population;;;services;['valeur technique', 'prix', 'environnement'];['technique', 'prix', 'environnemental'];[50.0, 40.0, 10.0];1440.0;True;;False;;hybride;;26-92900;;300000.0;;LOT-0001;60000000;701637.0;2;4.0;0.0;Emballage, transport, déballage, manipulation et installation d'oeuvres d'art et de biens culturels;ouverte;2026VI9023;;;;False;True;False;;7210.0;Commune et commune nouvelle ;2 000  à  4 999;False;1969-03-01;84.11Z;2008;;;;;;<NA>;;;;;<NA>;<NA>;;;;;;;;;;;;;;;;
False;;;True;True;False;attribue;{'StreetName': '7 RUE DU CANAL BENNWIHR GARE', 'AdditionalStreetName': None, 'CityName': 'BENNWIHR MITTELWIHR', 'PostalZone': '68126', 'Country': 'FRA'};344980057;True;AXAL;AXAL;2026-09-27;{'StreetName': 'CS80036', 'AdditionalStreetName': None, 'CityName': 'REIMS Cedex', 'PostalZone': '51722', 'Country': 'FRA'};215104217;True;COMMUNE DE REIMS;C3C développement et services à la population;;;services;['valeur technique', 'prix', 'environnement'];['technique', 'prix', 'environnemental'];[55.0, 40.0, 5.0];1440.0;True;;False;;hybride;;26-92900;;401637.0;;LOT-0002;60000000;701637.0;2;5.0;0.0;Emballage, transport, déballage, manipulation et installation d'oeuvres d'art et de biens culturels;ouverte;2026VI9023;;;;False;True;False;;7210.0;Commune et commune nouvelle ;2 000  à  4 999;False;1969-03-01;84.11Z;2008;5710.0;SAS, société par actions simplifiée;100  à  199;False;<NA>;2008;H;49;49.4;49.42;49.42Z;1988-05-19;(48.130215, 7.352955);Bennwihr;Haut-Rhin;Grand Est;;;;;;;;;;;;
False;['71336000'];;True;False;False;attribue;;;False;;;2026-09-27;{'StreetName': '3, Boulevard John Kennedy', 'AdditionalStreetName': 'Cs 88000', 'CityName': 'Bourg En Bresse Cedex', 'PostalZone': '01008', 'Country': 'FRA'};200071751;False;CA DU BASSIN DE BOURG-EN-BRESSE;Grand Bourg Agglomération;;2026-09-01+02:00;services;['valeur technique', 'Prix des prestations'];['technique', 'prix'];[60.0, 40.0];;False;800000.0;False;;sans remise en concurrence;;26-92814;;203040.0;;LOT-0000;71336000;800000.0;1;4.0;;Pacte territorial France Rénov' - Volet 3 - Accompagnement des ménages;ouverte;2026-029A;2.0;;;False;False;False;203040.0;7348.0;Communauté d'agglomération ;500  à  999;False;2017-01-01;84.11Z;2008;;;;;;<NA>;;;;;<NA>;<NA>;;;;;(46.207102, 5.238996);Bourg-en-Bresse;Ain;Auvergne-Rhône-Alpes;;;;;;;;
False;['45223220'];;True;True;False;attribue;{'StreetName': None, 'AdditionalStreetName': None, 'CityName': 'Neyron', 'PostalZone': '01700', 'Country': 'FRA'};['890006281', '085780534'];False;;GROUPEMENT BC AUVERGNE RHONE ALPES (mandataire) / BAUDIN CHATEAUNEUF;2026-09-27;{'StreetName': '45, avenue Alsace-Lorraine Cs10114', 'AdditionalStreetName': None, 'CityName': 'Bourg-en-Bresse', 'PostalZone': '01003', 'Country': 'FRA'};220100010;False;DEPARTEMENT DE L AIN;Département de l'Ain;;;travaux;"['Valeur technique', ""Performances en matière de protection de l'environnement"", 'Prix des prestations']";['technique', 'environnemental', 'prix'];[45.0, 5.0, 50.0];;True;11127000.0;False;;;;26-92692;;4069610.03;;LOT-0001;45454000;;16;4.0;;Réhabilitation et extension du bâtiment Sainte Anne (pôle Pays de Gex) sur le site de la Madeleine à Bourg-en-Bresse (16 lots);ouverte;2026068A;;;;True;True;True;11605168.58;7220.0;Département ;2 000  à  4 999;False;1983-03-01;84.11Z;2008;;;;;;<NA>;;;;;<NA>;<NA>;;Neyron;Ain;Auvergne-Rhône-Alpes;(46.202569, 5.221891);Bourg-en-Bresse;Ain;Auvergne-Rhône-Alpes;;;;;;;;
False;['45421000'];;True;True;False;attribue;{'StreetName': None, 'AdditionalStreetName': None, 'CityName': 'Andrezieu-Boutheon', 'PostalZone': '42160', 'Country': 'FRA'};380512368;False;MENUISERIE GENEVRIER;GENEVRIER MENUISERIE;2026-09-27;{'StreetName': '45, avenue Alsace-Lorraine Cs10114', 'AdditionalStreetName': None, 'CityName': 'Bourg-en-Bresse', 'PostalZone': '01003', 'Country': 'FRA'};220100010;False;DEPARTEMENT DE L AIN;Département de l'Ain;;;travaux;"['Valeur technique', ""Performances en matière de protection de l'environnement"", 'Prix des prestations']";['technique', 'environnemental', 'prix'];[45.0, 5.0, 50.0];;True;11127000.0;False;;;;26-92692;;950999.76;;LOT-0002;45454000;;16;5.0;;Réhabilitation et extension du bâtiment Sainte Anne (pôle Pays de Gex) sur le site de la Madeleine à Bourg-en-Bresse (16 lots);ouverte;2026068A;;;;True;True;True;11605168.58;7220.0;Département ;2 000  à  4 999;False;1983-03-01;84.11Z;2008;5710.0;SAS, société par actions simplifiée;20  à  49;False;<NA>;2008;F;43;43.3;43.32;43.32A;1991-01-01;;Andrézieux-Bouthéon;Loire;Auvergne-Rhône-Alpes;(46.202569, 5.221891);Bourg-en-Bresse;Ain;Auvergne-Rhône-Alpes;;;;;;;;
False;['45421140'];;True;True;False;attribue;{'StreetName': None, 'AdditionalStreetName': None, 'CityName': 'Vire', 'PostalZone': '71260', 'Country': 'FRA'};519434732;False;<NA>;METALLERIE LETOURNEAU;2026-09-27;{'StreetName': '45, avenue Alsace-Lorraine Cs10114', 'AdditionalStreetName': None, 'CityName': 'Bourg-en-Bresse', 'PostalZone': '01003', 'Country': 'FRA'};220100010;False;DEPARTEMENT DE L AIN;Département de l'Ain;;;travaux;"['Valeur technique', ""Performances en matière de protection de l'environnement"", 'Prix des prestations']";['technique', 'environnemental', 'prix'];[45.0, 5.0, 50.0];;True;11127000.0;False;;;;26-92692;;166470.5;;LOT-0003;45454000;;16;4.0;;Réhabilitation et extension du bâtiment Sainte Anne (pôle Pays de Gex) sur le site de la Madeleine à Bourg-en-Bresse (16 lots);ouverte;2026068A;;;;True;True;True;11605168.58;7220.0;Département ;2 000  à  4 999;False;1983-03-01;84.11Z;2008;1000.0;Entrepreneur individuel;20  à  49;<NA>;<NA>;2008;F;43;43.3;43.32;43.32B;2010-02-01;;Augé;Deux-Sèvres;Nouvelle-Aquitaine;(46.202569, 5.221891);Bourg-en-Bresse;Ain;Auvergne-Rhône-Alpes;;;;;;;;
False;['45421141'];;True;True;False;attribue;{'StreetName': None, 'AdditionalStreetName': None, 'CityName': 'Lons-Le-Saunier', 'PostalZone': '39000', 'Country': 'FRA'};315434852;False;ENTREPRISE BONGLET;BONGLET;2026-09-27;{'StreetName': '45, avenue Alsace-Lorraine Cs10114', 'AdditionalStreetName': None, 'CityName': 'Bourg-en-Bresse', 'PostalZone': '01003', 'Country': 'FRA'};220100010;False;DEPARTEMENT DE L AIN;Département de l'Ain;;;travaux;"['Valeur technique', ""Performances en matière de protection de l'environnement"", 'Prix des prestations']";['technique', 'environnemental', 'prix'];[45.0, 5.0, 50.0];;True;11127000.0;False;;;;26-92692;;685599.65;;LOT-0004;45454000;;16;9.0;;Réhabilitation et extension du bâtiment Sainte Anne (pôle Pays de Gex) sur le site de la Madeleine à Bourg-en-Bresse (16 lots);ouverte;2026068A;;;;True;True;True;11605168.58;7220.0;Département ;2 000  à  4 999;False;1983-03-01;84.11Z;2008;5710.0;SAS, société par actions simplifiée;500  à  999;False;<NA>;2008;F;43;43.3;43.31;43.31Z;1968-01-01;;Lons-le-Saunier;Jura;Bourgogne-Franche-Comté;(46.202569, 5.221891);Bourg-en-Bresse;Ain;Auvergne-Rhône-Alpes;;;;;;;;
False;['45421150'];;True;True;False;attribue;{'StreetName': None, 'AdditionalStreetName': None, 'CityName': 'Bourg-En-Bresse', 'PostalZone': '01000', 'Country': 'FRA'};303469266;False;LES MENUISERIES DE L'AIN;LES MENUISERIES DE L'AIN;2026-09-27;{'StreetName': '45, avenue Alsace-Lorraine Cs10114', 'AdditionalStreetName': None, 'CityName': 'Bourg-en-Bresse', 'PostalZone': '01003', 'Country': 'FRA'};220100010;False;DEPARTEMENT DE L AIN;Département de l'Ain;;;travaux;"['Valeur technique', ""Performances en matière de protection de l'environnement"", 'Prix des prestations']";['technique', 'environnemental', 'prix'];[45.0, 5.0, 50.0];;True;11127000.0;False;;;;26-92692;;536625.04;;LOT-0005;45454000;;16;7.0;;Réhabilitation et extension du bâtiment Sainte Anne (pôle Pays de Gex) sur le site de la Madeleine à Bourg-en-Bresse (16 lots);ouverte;2026068A;;;;True;True;True;11605168.58;7220.0;Département ;2 000  à  4 999;False;1983-03-01;84.11Z;2008;5460.0;Autre SARL coopérative ;10  à  19;False;<NA>;2008;F;43;43.3;43.32;43.32A;1975-01-01;;Bourg-en-Bresse;Ain;Auvergne-Rhône-Alpes;(46.202569, 5.221891);Bourg-en-Bresse;Ain;Auvergne-Rhône-Alpes;;;;;;;;
False;['45421146'];;True;True;False;attribue;{'StreetName': None, 'AdditionalStreetName': None, 'CityName': 'Bourg-En-Bresse', 'PostalZone': '01000', 'Country': 'FRA'};408375582;False;GUICHARDAN PEINTURES REVETEMENTS;GPR;2026-09-27;{'StreetName': '45, avenue Alsace-Lorraine Cs10114', 'AdditionalStreetName': None, 'CityName': 'Bourg-en-Bresse', 'PostalZone': '01003', 'Country': 'FRA'};220100010;False;DEPARTEMENT DE L AIN;Département de l'Ain;;;travaux;"['Valeur technique', ""Performances en matière de protection de l'environnement"", 'Prix des prestations']";['technique', 'environnemental', 'prix'];[45.0, 5.0, 50.0];;True;11127000.0;False;;;;26-92692;;330442.37;;LOT-0006;45454000;;16;13.0;;Réhabilitation et extension du bâtiment Sainte Anne (pôle Pays de Gex) sur le site de la Madeleine à Bourg-en-Bresse (16 lots);ouverte;2026068A;;;;True;True;True;11605168.58;7220.0;Département ;2 000  à  4 999;False;1983-03-01;84.11Z;2008;5710.0;SAS, société par actions simplifiée;20  à  49;False;<NA>;2008;F;43;43.3;43.34;43.34Z;1996-07-01;;Bourg-en-Bresse;Ain;Auvergne-Rhône-Alpes;(46.202569, 5.221891);Bourg-en-Bresse;Ain;Auvergne-Rhône-Alpes;;;;;;;;
False;['45432120'];;True;True;False;attribue;{'StreetName': None, 'AdditionalStreetName': None, 'CityName': 'Abbeville', 'PostalZone': '80100', 'Country': 'FRA'};989551064;False;CYBERCONSULT;BASE SYSTEMES;2026-09-27;{'StreetName': '45, avenue Alsace-Lorraine Cs10114', 'AdditionalStreetName': None, 'CityName': 'Bourg-en-Bresse', 'PostalZone': '01003', 'Country': 'FRA'};220100010;False;DEPARTEMENT DE L AIN;Département de l'Ain;;;travaux;"['Valeur technique', ""Performances en matière de protection de l'environnement"", 'Prix des prestations']";['technique', 'environnemental', 'prix'];[45.0, 5.0, 50.0];;True;11127000.0;False;;;;26-92692;;220564.0;;LOT-0007;45454000;;16;3.0;;Réhabilitation et extension du bâtiment Sainte Anne (pôle Pays de Gex) sur le site de la Madeleine à Bourg-en-Bresse (16 lots);ouverte;2026068A;;;;True;True;True;11605168.58;7220.0;Département ;2 000  à  4 999;False;1983-03-01;84.11Z;2008;5499.0;Société à responsabilité limitée (sans autre indication);;False;False;2008;J;62;62.0;62.02;62.02A;2025-07-22;;Abbeville;Somme;Hauts-de-France;(46.202569, 5.221891);Bourg-en-Bresse;Ain;Auvergne-Rhône-Alpes;;;;;;;;
False;['45421152'];;True;True;False;attribue;{'StreetName': None, 'AdditionalStreetName': None, 'CityName': 'Saint-Etienne', 'PostalZone': '42000', 'Country': 'FRA'};333032373;False;ROUZES RHONE ALPES;ROUZES RHONE ALPES;2026-09-27;{'StreetName': '45, avenue Alsace-Lorraine Cs10114', 'AdditionalStreetName': None, 'CityName': 'Bourg-en-Bresse', 'PostalZone': '01003', 'Country': 'FRA'};220100010;False;DEPARTEMENT DE L AIN;Département de l'Ain;;;travaux;"['Valeur technique', ""Performances en matière de protection de l'environnement"", 'Prix des prestations']";['technique', 'environnemental', 'prix'];[45.0, 5.0, 50.0];;True;11127000.0;False;;;;26-92692;;330802.93;;LOT-0008;45454000;;16;3.0;;Réhabilitation et extension du bâtiment Sainte Anne (pôle Pays de Gex) sur le site de la Madeleine à Bourg-en-Bresse (16 lots);ouverte;2026068A;;;;True;True;True;11605168.58;7220.0;Département ;2 000  à  4 999;False;1983-03-01;84.11Z;2008;5710.0;SAS, société par actions simplifiée;20  à  49;False;<NA>;2008;F;43;43.3;43.32;43.32B;1985-07-01;;Saint-Étienne;Loire;Auvergne-Rhône-Alpes;(46.202569, 5.221891);Bourg-en-Bresse;Ain;Auvergne-Rhône-Alpes;;;;;;;;
False;['45262321'];;True;True;False;attribue;{'StreetName': None, 'AdditionalStreetName': None, 'CityName': 'Genlis', 'PostalZone': '21100', 'Country': 'FRA'};521720359;False;TACHIN;TACHIN;2026-09-27;{'StreetName': '45, avenue Alsace-Lorraine Cs10114', 'AdditionalStreetName': None, 'CityName': 'Bourg-en-Bresse', 'PostalZone': '01003', 'Country': 'FRA'};220100010;False;DEPARTEMENT DE L AIN;Département de l'Ain;;;travaux;"['Valeur technique', ""Performances en matière de protection de l'environnement"", 'Prix des prestations']";['technique', 'environnemental', 'prix'];[45.0, 5.0, 50.0];;True;11127000.0;False;;;;26-92692;;272150.24;;LOT-0009;45454000;;16;5.0;;Réhabilitation et extension du bâtiment Sainte Anne (pôle Pays de Gex) sur le site de la Madeleine à Bourg-en-Bresse (16 lots);ouverte;2026068A;;;;True;True;True;11605168.58;7220.0;Département ;2 000  à  4 999;False;1983-03-01;84.11Z;2008;5710.0;SAS, société par actions simplifiée;20  à  49;False;<NA>;2008;G;46;46.7;46.73;46.73B;2010-04-01;;Genlis;Côte-d'Or;Bourgogne-Franche-Comté;(46.202569, 5.221891);Bourg-en-Bresse;Ain;Auvergne-Rhône-Alpes;;;;;;;;
False;['45432111'];;True;True;False;attribue;{'StreetName': None, 'AdditionalStreetName': None, 'CityName': 'Replonges', 'PostalZone': '01750', 'Country': 'FRA'};511041915;False;GAEC FONTIMPE;FONTIMPE;2026-09-27;{'StreetName': '45, avenue Alsace-Lorraine Cs10114', 'AdditionalStreetName': None, 'CityName': 'Bourg-en-Bresse', 'PostalZone': '01003', 'Country': 'FRA'};220100010;False;DEPARTEMENT DE L AIN;Département de l'Ain;;;travaux;"['Valeur technique', ""Performances en matière de protection de l'environnement"", 'Prix des prestations']";['technique', 'environnemental', 'prix'];[45.0, 5.0, 50.0];;True;11127000.0;False;;;;26-92692;;261315.61;;LOT-0010;45454000;;16;11.0;;Réhabilitation et extension du bâtiment Sainte Anne (pôle Pays de Gex) sur le site de la Madeleine à Bourg-en-Bresse (16 lots);ouverte;2026068A;;;;True;True;True;11605168.58;7220.0;Département ;2 000  à  4 999;False;1983-03-01;84.11Z;2008;6533.0;Groupement agricole d'exploitation en commun (GAEC) ;;<NA>;<NA>;2008;A;1;1.4;1.42;01.42Z;2009-02-01;;Verdelot;Seine-et-Marne;Île-de-France;(46.202569, 5.221891);Bourg-en-Bresse;Ain;Auvergne-Rhône-Alpes;;;;;;;;
False;['45331000'];;True;True;False;attribue;{'StreetName': None, 'AdditionalStreetName': None, 'CityName': 'Bourg-En-Bresse', 'PostalZone': '01000', 'Country': 'FRA'};387603061;False;CABINET PETRUCCI CONVERT;CONVERT;2026-09-27;{'StreetName': '45, avenue Alsace-Lorraine Cs10114', 'AdditionalStreetName': None, 'CityName': 'Bourg-en-Bresse', 'PostalZone': '01003', 'Country': 'FRA'};220100010;False;DEPARTEMENT DE L AIN;Département de l'Ain;;;travaux;"['Valeur technique', ""Performances en matière de protection de l'environnement"", 'Prix des prestations']";['technique', 'environnemental', 'prix'];[45.0, 5.0, 50.0];;True;11127000.0;False;;;;26-92692;;1156300.0;;LOT-0011;45454000;;16;3.0;;Réhabilitation et extension du bâtiment Sainte Anne (pôle Pays de Gex) sur le site de la Madeleine à Bourg-en-Bresse (16 lots);ouverte;2026068A;;;;True;True;True;11605168.58;7220.0;Département ;2 000  à  4 999;False;1983-03-01;84.11Z;2008;5710.0;SAS, société par actions simplifiée;10  à  19;False;<NA>;2008;L;68;68.3;68.32;68.32A;1992-04-01;;Bourg-en-Bresse;Ain;Auvergne-Rhône-Alpes;(46.202569, 5.221891);Bourg-en-Bresse;Ain;Auvergne-Rhône-Alpes;;;;;;;;
False;['45330000'];;True;True;False;attribue;{'StreetName': None, 'AdditionalStreetName': None, 'CityName': 'Saint-Just', 'PostalZone': '01250', 'Country': 'FRA'};['214901027', '750445314'];False;;GROUPEMENT CLERE (mandataire) / BAL ENERGIES;2026-09-27;{'StreetName': '45, avenue Alsace-Lorraine Cs10114', 'AdditionalStreetName': None, 'CityName': 'Bourg-en-Bresse', 'PostalZone': '01003', 'Country': 'FRA'};220100010;False;DEPARTEMENT DE L AIN;Département de l'Ain;;;travaux;"['Valeur technique', ""Performances en matière de protection de l'environnement"", 'Prix des prestations']";['technique', 'environnemental', 'prix'];[45.0, 5.0, 50.0];;True;11127000.0;False;;;;26-92692;;148221.4;;LOT-0012;45454000;;16;4.0;;Réhabilitation et extension du bâtiment Sainte Anne (pôle Pays de Gex) sur le site de la Madeleine à Bourg-en-Bresse (16 lots);ouverte;2026068A;;;;True;True;True;11605168.58;7220.0;Département ;2 000  à  4 999;False;1983-03-01;84.11Z;2008;;;;;;<NA>;;;;;<NA>;<NA>;;Montrevault-sur-Èvre;Maine-et-Loire;Pays de la Loire;(46.202569, 5.221891);Bourg-en-Bresse;Ain;Auvergne-Rhône-Alpes;;;;;;;;
False;['45311000'];;True;True;False;attribue;{'StreetName': None, 'AdditionalStreetName': None, 'CityName': 'Chalamont', 'PostalZone': '01320', 'Country': 'FRA'};347773160;False;SARL MARGUIN;MARGUIN;2026-09-27;{'StreetName': '45, avenue Alsace-Lorraine Cs10114', 'AdditionalStreetName': None, 'CityName': 'Bourg-en-Bresse', 'PostalZone': '01003', 'Country': 'FRA'};220100010;False;DEPARTEMENT DE L AIN;Département de l'Ain;;;travaux;"['Valeur technique', ""Performances en matière de protection de l'environnement"", 'Prix des prestations']";['technique', 'environnemental', 'prix'];[45.0, 5.0, 50.0];;True;11127000.0;False;;;;26-92692;;1025855.95;;LOT-0013;45454000;;16;2.0;;Réhabilitation et extension du bâtiment Sainte Anne (pôle Pays de Gex) sur le site de la Madeleine à Bourg-en-Bresse (16 lots);ouverte;2026068A;;;;True;True;True;11605168.58;7220.0;Département ;2 000  à  4 999;False;1983-03-01;84.11Z;2008;5499.0;Société à responsabilité limitée (sans autre indication);10  à  19;False;<NA>;2008;I;56;56.1;56.1;56.10A;1988-07-01;;Chalamont;Ain;Auvergne-Rhône-Alpes;(46.202569, 5.221891);Bourg-en-Bresse;Ain;Auvergne-Rhône-Alpes;;;;;;;;
False;['45313100'];;True;True;False;attribue;{'StreetName': None, 'AdditionalStreetName': None, 'CityName': 'Genas', 'PostalZone': '69740', 'Country': 'FRA'};503176018;False;ACAF LYON;ACAF LYON;2026-09-27;{'StreetName': '45, avenue Alsace-Lorraine Cs10114', 'AdditionalStreetName': None, 'CityName': 'Bourg-en-Bresse', 'PostalZone': '01003', 'Country': 'FRA'};220100010;False;DEPARTEMENT DE L AIN;Département de l'Ain;;;travaux;"['Valeur technique', ""Performances en matière de protection de l'environnement"", 'Prix des prestations']";['technique', 'environnemental', 'prix'];[45.0, 5.0, 50.0];;True;11127000.0;False;;;;26-92692;;80307.0;;LOT-0014;45454000;;16;2.0;;Réhabilitation et extension du bâtiment Sainte Anne (pôle Pays de Gex) sur le site de la Madeleine à Bourg-en-Bresse (16 lots);ouverte;2026068A;;;;True;True;True;11605168.58;7220.0;Département ;2 000  à  4 999;False;1983-03-01;84.11Z;2008;5710.0;SAS, société par actions simplifiée;50  à  99;<NA>;<NA>;2008;F;43;43.2;43.29;43.29B;2008-03-03;;Genas;Rhône;Auvergne-Rhône-Alpes;(46.202569, 5.221891);Bourg-en-Bresse;Ain;Auvergne-Rhône-Alpes;;;;;;;;
False;['45112500'];;True;True;False;attribue;{'StreetName': None, 'AdditionalStreetName': None, 'CityName': 'Bourg-En-Bresse', 'PostalZone': '01000', 'Country': 'FRA'};433595048;False;FONTENAT TP;FONTENAT TP;2026-09-27;{'StreetName': '45, avenue Alsace-Lorraine Cs10114', 'AdditionalStreetName': None, 'CityName': 'Bourg-en-Bresse', 'PostalZone': '01003', 'Country': 'FRA'};220100010;False;DEPARTEMENT DE L AIN;Département de l'Ain;;;travaux;"['Valeur technique', ""Performances en matière de protection de l'environnement"", 'Prix des prestations']";['technique', 'environnemental', 'prix'];[45.0, 5.0, 50.0];;True;11127000.0;False;;;;26-92692;;649997.0;;LOT-0015;45454000;;16;4.0;;Réhabilitation et extension du bâtiment Sainte Anne (pôle Pays de Gex) sur le site de la Madeleine à Bourg-en-Bresse (16 lots);ouverte;2026068A;;;;True;True;True;11605168.58;7220.0;Département ;2 000  à  4 999;False;1983-03-01;84.11Z;2008;5499.0;Société à responsabilité limitée (sans autre indication);20  à  49;False;<NA>;2008;F;43;43.1;43.12;43.12A;2000-11-13;;Bourg-en-Bresse;Ain;Auvergne-Rhône-Alpes;(46.202569, 5.221891);Bourg-en-Bresse;Ain;Auvergne-Rhône-Alpes;;;;;;;;
False;['45112710'];;True;True;False;attribue;{'StreetName': None, 'AdditionalStreetName': None, 'CityName': 'Chateau-Gaillard', 'PostalZone': '01500', 'Country': 'FRA'};['507425023', '313550915', '440117976'];False;;GROUPEMENT BALLAND (mandataire) / SECATRA / ATRIUM;2026-09-27;{'StreetName': '45, avenue Alsace-Lorraine Cs10114', 'AdditionalStreetName': None, 'CityName': 'Bourg-en-Bresse', 'PostalZone': '01003', 'Country': 'FRA'};220100010;False;DEPARTEMENT DE L AIN;Département de l'Ain;;;travaux;"['Valeur technique', ""Performances en matière de protection de l'environnement"", 'Prix des prestations']";['technique', 'environnemental', 'prix'];[45.0, 5.0, 50.0];;True;11127000.0;False;;;;26-92692;;719907.1;;LOT-0016;45454000;;16;2.0;;Réhabilitation et extension du bâtiment Sainte Anne (pôle Pays de Gex) sur le site de la Madeleine à Bourg-en-Bresse (16 lots);ouverte;2026068A;;;;True;True;True;11605168.58;7220.0;Département ;2 000  à  4 999;False;1983-03-01;84.11Z;2008;;;;;;<NA>;;;;;<NA>;<NA>;;Thiers;Puy-de-Dôme;Auvergne-Rhône-Alpes;(46.202569, 5.221891);Bourg-en-Bresse;Ain;Auvergne-Rhône-Alpes;;;;;;;;
False;;;True;True;False;attribue;;;False;;;2026-09-27;"{'StreetName': ""64-66 Avenue de l'Union Soviétique"", 'AdditionalStreetName': None, 'CityName': 'CLERMONT-FERRAND', 'PostalZone': '63000', 'Country': 'FRA'}";246300701;True;CLERMONT AUVERGNE METROPOLE;CLERMONT AUVERGNE METROPOLE;;;travaux;;;;365.0;False;;False;{'StreetName': None, 'CityName': 'Périmètre de Clermont Auvergne Métropole', 'PostalZone': None, 'NUTS': 'FRK14', 'Country': 'FRA'};avec remise en concurrence;;26-92777;;;;LOT-0001;45232410;160000000.0;2;10.0;;RENOUVELLEMENT ET EXTENSION DES RÉSEAUX D'EAU ET D'ASSAINISSEMENT;ouverte;2025CM-TRX178;3.0;;;False;False;False;;7344.0;Métropole;2 000  à  4 999;False;1993-12-31;84.11Z;2008;;;;;;<NA>;;;;;<NA>;<NA>;;;;;(45.780985, 3.104012);Clermont-Ferrand;Puy-de-Dôme;Auvergne-Rhône-Alpes;;;;;;;;
False;;;True;True;False;attribue;;;False;;;2026-09-27;"{'StreetName': ""64-66 Avenue de l'Union Soviétique"", 'AdditionalStreetName': None, 'CityName': 'CLERMONT-FERRAND', 'PostalZone': '63000', 'Country': 'FRA'}";246300701;True;CLERMONT AUVERGNE METROPOLE;CLERMONT AUVERGNE METROPOLE;;;travaux;;;;365.0;False;;False;{'StreetName': None, 'CityName': 'Périmètre de Clermont Auvergne Métropole', 'PostalZone': None, 'NUTS': 'FRK14', 'Country': 'FRA'};avec remise en concurrence;;26-92777;;;;LOT-0002;45232410;160000000.0;2;6.0;;RENOUVELLEMENT ET EXTENSION DES RÉSEAUX D'EAU ET D'ASSAINISSEMENT;ouverte;2025CM-TRX178;3.0;;;False;False;False;;7344.0;Métropole;2 000  à  4 999;False;1993-12-31;84.11Z;2008;;;;;;<NA>;;;;;<NA>;<NA>;;;;;(45.780985, 3.104012);Clermont-Ferrand;Puy-de-Dôme;Auvergne-Rhône-Alpes;;;;;;;;
False;['50531200'];;True;True;False;attribue;{'StreetName': '27 RUE GEORGES BESSE', 'AdditionalStreetName': None, 'CityName': 'CLERMONT-FERRAND', 'PostalZone': '63050', 'Country': 'FRA'};456500537;True;DALKIA;DALKIA;2026-09-27;{'StreetName': '10 rue Philippe Marcombes', 'AdditionalStreetName': None, 'CityName': 'CLERMONT-FERRAND', 'PostalZone': '63000', 'Country': 'FRA'};216301135;True;COMMUNE DE CLERMONT FERRAND;VILLE DE CLERMONT-FERRAND;;;services;;;;2920.0;True;;False;{'StreetName': None, 'CityName': 'Ville de Clermont-Ferrand', 'PostalZone': '63000', 'NUTS': 'FRK14', 'Country': 'FRA'};avec remise en concurrence;;26-92778;;;;LOT-0001;50531100;244924.47;4;2.0;;EXPLOITATION ET MAINTENANCE DES INSTALLATIONS THERMIQUES DE DIVERS BÂTIMENTS DE LA VILLE DE CLERMONT-FERRAND;ouverte;26CF-SRV005;;;;False;False;False;;7210.0;Commune et commune nouvelle ;2 000  à  4 999;False;1965-07-07;84.11Z;2008;5599.0;SA à conseil d'administration (s.a.i.);10 000  et plus ;False;False;2008;D;35;35.3;35.3;35.30Z;1956-01-01;(45.784644, 3.13948);Clermont-Ferrand;Puy-de-Dôme;Auvergne-Rhône-Alpes;(45.779685, 3.086073);Clermont-Ferrand;Puy-de-Dôme;Auvergne-Rhône-Alpes;;;;;;;;
False;['50531200'];;True;True;False;attribue;{'StreetName': '16 Rue Pierre Boulanger\nZI DU BREZET', 'AdditionalStreetName': None, 'CityName': 'CLERMONT-FERRAND', 'PostalZone': '63017', 'Country': 'FRA'};552046955;True;ENGIE ENERGIE SERVICES;ENGIE ENERGIE SERVICES;2026-09-27;{'StreetName': '10 rue Philippe Marcombes', 'AdditionalStreetName': None, 'CityName': 'CLERMONT-FERRAND', 'PostalZone': '63000', 'Country': 'FRA'};216301135;True;COMMUNE DE CLERMONT FERRAND;VILLE DE CLERMONT-FERRAND;;;services;;;;2920.0;True;;False;{'StreetName': None, 'CityName': 'Ville de Clermont-Ferrand', 'PostalZone': '63000', 'NUTS': 'FRK14', 'Country': 'FRA'};avec remise en concurrence;;26-92778;;;;LOT-0002;50531100;244924.47;4;2.0;;EXPLOITATION ET MAINTENANCE DES INSTALLATIONS THERMIQUES DE DIVERS BÂTIMENTS DE LA VILLE DE CLERMONT-FERRAND;ouverte;26CF-SRV005;;;;False;False;False;;7210.0;Commune et commune nouvelle ;2 000  à  4 999;False;1965-07-07;84.11Z;2008;5599.0;SA à conseil d'administration (s.a.i.);10 000  et plus ;False;False;2008;D;35;35.3;35.3;35.30Z;1955-01-01;(45.781267, 3.139473);Clermont-Ferrand;Puy-de-Dôme;Auvergne-Rhône-Alpes;(45.779685, 3.086073);Clermont-Ferrand;Puy-de-Dôme;Auvergne-Rhône-Alpes;;;;;;;;
False;['50531200'];;True;True;False;attribue;{'StreetName': '27 RUE GEORGES BESSE', 'AdditionalStreetName': None, 'CityName': 'CLERMONT-FERRAND', 'PostalZone': '63050', 'Country': 'FRA'};456500537;True;DALKIA;DALKIA;2026-09-27;{'StreetName': '10 rue Philippe Marcombes', 'AdditionalStreetName': None, 'CityName': 'CLERMONT-FERRAND', 'PostalZone': '63000', 'Country': 'FRA'};216301135;True;COMMUNE DE CLERMONT FERRAND;VILLE DE CLERMONT-FERRAND;;;services;;;;2920.0;True;;False;{'StreetName': None, 'CityName': 'Ville de Clermont-Ferrand', 'PostalZone': '63000', 'NUTS': 'FRK14', 'Country': 'FRA'};avec remise en concurrence;;26-92778;;;;LOT-0003;50531100;244924.47;4;3.0;;EXPLOITATION ET MAINTENANCE DES INSTALLATIONS THERMIQUES DE DIVERS BÂTIMENTS DE LA VILLE DE CLERMONT-FERRAND;ouverte;26CF-SRV005;;;;False;False;False;;7210.0;Commune et commune nouvelle ;2 000  à  4 999;False;1965-07-07;84.11Z;2008;5599.0;SA à conseil d'administration (s.a.i.);10 000  et plus ;False;False;2008;D;35;35.3;35.3;35.30Z;1956-01-01;(45.784644, 3.13948);Clermont-Ferrand;Puy-de-Dôme;Auvergne-Rhône-Alpes;(45.779685, 3.086073);Clermont-Ferrand;Puy-de-Dôme;Auvergne-Rhône-Alpes;;;;;;;;
False;['50531200'];;True;True;False;attribue;{'StreetName': '16 Rue Pierre Boulanger\nZI DU BREZET', 'AdditionalStreetName': None, 'CityName': 'CLERMONT-FERRAND', 'PostalZone': '63017', 'Country': 'FRA'};552046955;True;ENGIE ENERGIE SERVICES;ENGIE ENERGIE SERVICES;2026-09-27;{'StreetName': '10 rue Philippe Marcombes', 'AdditionalStreetName': None, 'CityName': 'CLERMONT-FERRAND', 'PostalZone': '63000', 'Country': 'FRA'};216301135;True;COMMUNE DE CLERMONT FERRAND;VILLE DE CLERMONT-FERRAND;;;services;;;;2920.0;True;;False;{'StreetName': None, 'CityName': 'Ville de Clermont-Ferrand', 'PostalZone': '63000', 'NUTS': 'FRK14', 'Country': 'FRA'};avec remise en concurrence;;26-92778;;;;LOT-0004;50531100;244924.47;4;5.0;;EXPLOITATION ET MAINTENANCE DES INSTALLATIONS THERMIQUES DE DIVERS BÂTIMENTS DE LA VILLE DE CLERMONT-FERRAND;ouverte;26CF-SRV005;;;;False;False;False;;7210.0;Commune et commune nouvelle ;2 000  à  4 999;False;1965-07-07;84.11Z;2008;5599.0;SA à conseil d'administration (s.a.i.);10 000  et plus ;False;False;2008;D;35;35.3;35.3;35.30Z;1955-01-01;(45.781267, 3.139473);Clermont-Ferrand;Puy-de-Dôme;Auvergne-Rhône-Alpes;(45.779685, 3.086073);Clermont-Ferrand;Puy-de-Dôme;Auvergne-Rhône-Alpes;;;;;;;;
False;;;True;True;False;attribue;{'StreetName': '30 Chemin des pêchers – Résidences Inaïs local n°5\nBAT E  ', 'AdditionalStreetName': None, 'CityName': 'Sainte Clotilde', 'PostalZone': '97490', 'Country': 'FRA'};844865782;True;LC JARDI BOURBON;LC JARDI BOURBON;2026-09-27;{'StreetName': '61 avenue Général de Gaulle', 'AdditionalStreetName': None, 'CityName': 'Les Avirons', 'PostalZone': '97425', 'Country': 'FRA'};219740016;True;COMMUNE DES AVIRONS;Ville des Avirons (974);;;services;['Valeur technique', 'Prix sur le DQE, conformément aux prix unitaires du BPU'];['technique', 'prix'];[60.0, 40.0];1080.0;True;;False;{'StreetName': None, 'CityName': 'Les Avirons', 'PostalZone': '97425', 'NUTS': 'FRY40', 'Country': 'FRA'};sans remise en concurrence;;26-92620;;220000.0;660000.0;LOT-0001;77310000;390000.0;2;14.0;;Entretien des espaces verts communaux;ouverte;202600017;2.0;;;True;False;False;390000.0;7210.0;Commune et commune nouvelle ;250  à  499;False;1970-01-01;84.11Z;2008;5710.0;SAS, société par actions simplifiée;20  à  49;False;<NA>;2008;N;81;81.3;81.3;81.30Z;2018-12-01;(-20.911249, 55.476652);Saint-Denis;La Réunion;;(-21.241895, 55.333025);Les Avirons;La Réunion;;;;;;;;;
False;;;True;True;False;attribue;{'StreetName': '18 RUE DE LA CHAUDIERE', 'AdditionalStreetName': None, 'CityName': 'SAINT-LEU', 'PostalZone': '97424', 'Country': 'FRA'};775624075;True;ASSOCIATION LAIQUE POUR L'EDUCATION LA FORMATION LA PREVENTION ET L'AUTONOMIE;ASSOCIATION LAIQUE POUR L'EDUCATION LA FORMATION LA PREVENTION ET L'AUTONOMIE;2026-09-27;{'StreetName': '61 avenue Général de Gaulle', 'AdditionalStreetName': None, 'CityName': 'Les Avirons', 'PostalZone': '97425', 'Country': 'FRA'};219740016;True;COMMUNE DES AVIRONS;Ville des Avirons (974);;;services;['Valeur technique', 'Prix sur le DQE, conformément aux prix unitaires du BPU'];['technique', 'prix'];[60.0, 40.0];1080.0;True;;False;{'StreetName': None, 'CityName': 'Les Avirons', 'PostalZone': '97425', 'NUTS': 'FRY40', 'Country': 'FRA'};sans remise en concurrence;;26-92620;;130000.0;390000.0;LOT-0002;77310000;390000.0;2;14.0;;Entretien des espaces verts communaux;ouverte;202600017;2.0;;;True;False;False;390000.0;7210.0;Commune et commune nouvelle ;250  à  499;False;1970-01-01;84.11Z;2008;9220.0;Association déclarée ;2 000  à  4 999;True;<NA>;2008;Q;88;88.1;88.1;88.10C;1900-01-01;(-21.215861, 55.298658);Saint-Leu;La Réunion;;(-21.241895, 55.333025);Les Avirons;La Réunion;;;;;;;;;
False;['42961100'];;True;False;False;attribue;{'StreetName': None, 'AdditionalStreetName': None, 'CityName': '33496', 'PostalZone': '33370', 'Country': 'FRA'};409867942;True;INEO INFRACOM;INEO INFRACOM;2026-09-27;{'StreetName': '19, rue Bernard Palissy', 'AdditionalStreetName': None, 'CityName': 'LIMOGES CEDEX', 'PostalZone': '87031', 'Country': 'FRA'};248719312;True;CU LIMOGES METROPOLE;LIMOGES METROPOLE - Communauté urbaine;;;fournitures;"['Prix des prestations et remise', 'Valeur technique', ""Délais d'intervention""]";['prix', 'technique', 'delai'];[50.0, 40.0, 10.0];1440.0;False;;False;{'StreetName': None, 'CityName': None, 'PostalZone': None, 'NUTS': 'FRI23', 'Country': 'FRA'};sans remise en concurrence;;26-92601;;800000.0;;LOT-0001;35120000;800000.0;1;3.0;;VIDEOSURVEILLANCE ET CONTROLE D’ACCES POUR LA DIRECTION DU CYCLE DE L’EAU DE LIMOGES METROPOLE;ouverte;2026-F036;3.0;;;False;False;False;800000.0;7343.0;Communauté urbaine ;1 000  à  1 999;False;2002-01-01;84.11Z;2008;5710.0;SAS, société par actions simplifiée;1 000  à  1 999;False;<NA>;2008;F;42;42.2;42.22;42.22Z;1996-11-19;;;;;(45.833921, 1.25212);Limoges;Haute-Vienne;Nouvelle-Aquitaine;;;;;;;;
False;['71200000', '71400000'];;True;False;False;attribue;{'StreetName': '4bis, rue Bathélémy', 'AdditionalStreetName': None, 'CityName': 'Chartres', 'PostalZone': '28000', 'Country': 'FRA'};929001956;False;OYA;OYA;2026-09-27;{'StreetName': '2 place du 18 Octobre', 'AdditionalStreetName': None, 'CityName': 'Châteaudun', 'PostalZone': '28200', 'Country': 'FRA'};212800882;False;COMMUNE DE CHATEAUDUN;Ville de Châteaudun;;2026-07-24+02:00;services;"[""Valeur technique de l'offre appréciée à l'aide du mémoire technique"", 'Délai de livraison', 'Prix']";['technique', 'delai', 'prix'];[50.0, 10.0, 40.0];240.0;False;1500000.0;False;{'StreetName': 'Place de la Liberté', 'CityName': 'Châteaudun', 'PostalZone': '28200', 'NUTS': 'FRB02', 'Country': 'FRA'};;;26-93010;;99000.0;;LOT-0000;71242000;;1;12.0;;Prestations de maitrise d'oeuvre pour le réaménagement global de la place de la Liberté, située au centre du quartier Beauvoir à Châteaudun, quartier prioritaire de la politique de la ville, en vue de;ouverte;S-PA-1829494;;;;False;False;False;99000.0;7210.0;Commune et commune nouvelle ;250  à  499;False;1978-01-01;84.11Z;2008;5710.0;SAS, société par actions simplifiée;;False;False;2008;M;74;74.9;74.9;74.90B;2024-05-06;(48.4407, 1.515952);Chartres;Eure-et-Loir;Centre-Val de Loire;(48.070497, 1.328055);Châteaudun;Eure-et-Loir;Centre-Val de Loire;;;;;;;;
False;['32323500'];;True;False;False;attribue;;;False;;;2026-09-27;"{'StreetName': ""41 rue de l'estérel"", 'AdditionalStreetName': None, 'CityName': 'Le Mans', 'PostalZone': '72015', 'Country': 'FRA'}";576150270;False;CENOVIA;CENOVIA;;2026-07-01+02:00;fournitures;"['Valeur technique - Pertinence de la solution de système de vidéo supervision intelligente proposée', ""Valeur technique - Méthode d'intégration dans l'écosystème existant"", 'Valeur technique - Organisation et méthodologie de réalisation/maintenance', 'Prix des prestations']";['technique', 'environnemental', 'technique', 'prix'];[30.0, 20.0, 10.0, 40.0];1440.0;False;;False;;avec remise en concurrence;;26-92691;;;;LOT-0000;32323500;1000000.0;1;5.0;;"ACCORD-CADRE MULTI-ATTRIBUTAIRES DE FOURNITURES DE SYSTEMES DE VIDEOPROTECTION, DE COMPTAGE ET DE GUIDAGE, AVEC PRESTATIONS D'INSTALLATION, D'INTEGRATION ET DE MAINTENANCE ASSOCIEES
Systèm";ouverte;5005_CAMERAS;;;;False;False;False;;5515.0;SA d'économie mixte à conseil d'administration ;50  à  99;False;1961-01-01;71.12B;2008;;;;;;<NA>;;;;;<NA>;<NA>;;;;;(47.995431, 0.233897);Le Mans;Sarthe;Pays de la Loire;;;;;;;;
False;;;True;False;False;attribue;{'StreetName': '22 RUE DE LA DOUANE', 'AdditionalStreetName': None, 'CityName': 'LA CHAPELLE-SAINT-LUC', 'PostalZone': '10600', 'Country': 'FRA'};504726787;True;SUEZ RV NORD EST;SUEZ RV NORD EST;2026-09-27;{'StreetName': '1 place Robert Galley', 'AdditionalStreetName': None, 'CityName': 'TROYES', 'PostalZone': '10000', 'Country': 'FRA'};200069250;True;CA TROYES CHAMPAGNE METROPOLE;Troyes Champagne Metropole;;;services;['Prix', 'Valeur technique'];['prix', 'technique'];[60.0, 40.0];360.0;True;;False;;sans remise en concurrence;;26-92623;;600000.0;;LOT-0001;90513000;600000.0;1;1.0;0.0;Collecte et traitement des déchets issus des stations d’épuration de Troyes Champagne Métropole - Lot n°1;ouverte;M2026-025L1;;;;False;True;False;600000.0;7348.0;Communauté d'agglomération ;500  à  999;False;2017-01-01;84.11Z;2008;5710.0;SAS, société par actions simplifiée;1 000  à  1 999;False;<NA>;2008;E;38;38.2;38.21;38.21Z;2008-06-13;(48.319737, 4.045106);La Chapelle-Saint-Luc;Aube;Grand Est;(48.289972, 4.066982);Troyes;Aube;Grand Est;;;;;;;;
False;['50720000'];;True;True;False;attribue;{'StreetName': 'Bareyrou', 'AdditionalStreetName': None, 'CityName': 'Boulazac Isle Manoire', 'PostalZone': '24330', 'Country': 'FRA'};627220049;False;HERVE THERMIQUE;HERVE THERMIQUE;2026-09-27;{'StreetName': 'Service de la commande publique Responsable', 'AdditionalStreetName': 'Hôtel du département , 2 rue Paul-Louis Courier - Cs 11200', 'CityName': 'Perigueux', 'PostalZone': '24019', 'Country': 'FRA'};222400012;False;DEPARTEMENT DE LA DORDOGNE;Département de la Dordogne;;;services;['Valeur Technique', 'Valeur Environnementale', 'prix'];['technique', 'environnemental', 'prix'];[50.0, 10.0, 40.0];;False;;False;;;;26-92694;;997486.46;;LOT-0001;50720000;;2;4.0;;"CONTRAT D'EXPLOITATION DES INSTALLATIONS DE
CHAUFFAGE, EAU CHAUDE SANITAIRE, VENTILATION, TRAITEMENT D'AIR ET CLIMATISATION DES COLLEGES P2 P3
Groupement de commande entre le Département de";ouverte;2026PAT168;1.0;;;False;False;False;1845320.98;7220.0;Département ;2 000  à  4 999;False;1982-01-01;84.11Z;2008;5710.0;SAS, société par actions simplifiée;2 000  à  4 999;False;False;2008;F;43;43.2;43.22;43.22B;1972-01-01;(45.138859, 0.783086);Boulazac Isle Manoire;Dordogne;Nouvelle-Aquitaine;(45.187249, 0.725262);Périgueux;Dordogne;Nouvelle-Aquitaine;;;;;;;;
False;['50720000'];;True;True;False;attribue;{'StreetName': '15 Rue De La Baillardiere', 'AdditionalStreetName': None, 'CityName': 'Chancelade', 'PostalZone': '24650', 'Country': 'FRA'};518137773;False;EIFFAGE ENERGIE SYSTEMES - CLEVIA NOUVELLE AQUITAINE;EIFFAGE ENERGIE SYSTEMES - CLEVIA NOUVELLE AQUITAINE;2026-09-27;{'StreetName': 'Service de la commande publique Responsable', 'AdditionalStreetName': 'Hôtel du département , 2 rue Paul-Louis Courier - Cs 11200', 'CityName': 'Perigueux', 'PostalZone': '24019', 'Country': 'FRA'};222400012;False;DEPARTEMENT DE LA DORDOGNE;Département de la Dordogne;;;services;['Valeur Technique', 'Valeur Environnementale', 'prix'];['technique', 'environnemental', 'prix'];[50.0, 10.0, 40.0];;False;;False;;;;26-92694;;847834.52;;LOT-0002;50720000;;2;4.0;;"CONTRAT D'EXPLOITATION DES INSTALLATIONS DE
CHAUFFAGE, EAU CHAUDE SANITAIRE, VENTILATION, TRAITEMENT D'AIR ET CLIMATISATION DES COLLEGES P2 P3
Groupement de commande entre le Département de";ouverte;2026PAT168;1.0;;;False;False;False;1845320.98;7220.0;Département ;2 000  à  4 999;False;1982-01-01;84.11Z;2008;5710.0;SAS, société par actions simplifiée;50  à  99;False;<NA>;2008;F;43;43.2;43.22;43.22B;2009-10-29;(45.192784, 0.654947);Chancelade;Dordogne;Nouvelle-Aquitaine;(45.187249, 0.725262);Périgueux;Dordogne;Nouvelle-Aquitaine;;;;;;;;
False;['71311100'];;True;False;False;attribue;{'StreetName': '4 Rue Du Rompot', 'AdditionalStreetName': None, 'CityName': 'Fontaine-Les-Dijon', 'PostalZone': '21121', 'Country': 'FRA'};489811109;False;NEXTROAD ENGINEERING;NEXTROAD ENGINEERING;2026-09-27;"{'StreetName': ""Polygone Bâtiment A / Service Transports / Pôle Maîtrise d'Ouvrage"", 'AdditionalStreetName': '5 rue Hinzelin', 'CityName': 'Metz', 'PostalZone': '57009', 'Country': 'FRA'}";130010259;False;DIRECTION REGIONALE DE L'ENVIRONNEMENT DE L'AMENAGEMENT ET DU LOGEMENT GRAND EST;Direction Régionale de l'Environnement, de l'Aménagement et du Logement Grand Est;;2026-09-21+02:00;services;['La valeur technique est appréciée au regard du contenu du mémoire technique', 'Prix'];['technique', 'prix'];[30.0, 70.0];720.0;False;;False;;;;26-92740;;83342.0;;LOT-0000;71311100;;1;2.0;;RN4 - Mise à 2x2 voies de la déviation de Saint-Dizier Contrôle extérieur « béton »;ouverte;2026M0326;;;;False;False;False;83342.0;7171.0;Service déconcentré de l'État à compétence (inter) régionale ;500  à  999;<NA>;2010-01-04;84.13Z;2008;5710.0;SAS, société par actions simplifiée;100  à  199;False;<NA>;2008;M;71;71.1;71.12;71.12B;2006-04-10;(47.342184, 5.029245);Fontaine-lès-Dijon;Côte-d'Or;Bourgogne-Franche-Comté;;;;;;;;;;;;
False;;;False;False;False;attribue;{'StreetName': '17 rue E.Bugatti', 'AdditionalStreetName': None, 'CityName': 'Limoges', 'PostalZone': '87280', 'Country': 'FRA'};353400963;True;HYD&AU FLUID;HYD ET AU;2026-09-27;{'StreetName': '57 rue des époux Contoux', 'AdditionalStreetName': None, 'CityName': 'Moulins', 'PostalZone': '03400', 'Country': 'FRA'};110002011;True;SERVICES DE L'ETAT POUR LA FACTURATION ELECTRONIQUE;13ème  BSMAT - Dét. Moulins - A.SAR;;2026-09-23+02:00;services;['prix 60%'];['prix'];[100];;False;170000.0;False;{'StreetName': '20 rue du 9 juin 1944', 'CityName': 'TULLE', 'PostalZone': '19012', 'NUTS': 'FRI21', 'Country': 'FRA'};;;26-92600;;170000.0;170000.0;LOT-0001;50532000;;1;5.0;;Etude et rénovation du banc d’essai hydraulique polyvalent;ouverte;MLS26003;;;;False;False;False;170000.0;7120.0;Service central d'un ministère ;50  à  99;False;1981-06-23;84.11Z;2008;5710.0;SAS, société par actions simplifiée;100  à  199;False;<NA>;2008;C;33;33.1;33.12;33.12Z;1990-01-01;(45.892942, 1.276414);Limoges;Haute-Vienne;Nouvelle-Aquitaine;(46.545432, 3.347019);Yzeure;Allier;Auvergne-Rhône-Alpes;;;;;;;;
False;;;True;True;False;attribue;;;False;;;2026-09-27;{'StreetName': 'Place de la République', 'AdditionalStreetName': None, 'CityName': 'Châteauroux', 'PostalZone': '36000', 'Country': 'FRA'};213600448;True;COMMUNE DE CHATEAUROUX;VILLE DE CHATEAUROUX;;;travaux;"[""Sur 70 - Ce critère est noté selon la formule de\nnotation : Note du Prix = (Montant HT de l'offre la plus basse /\nMontant HT de l'offre examinée) x Nombre de points de la\npondération.\nUtilisation, pour obtention de la note finale à attribuer, des\ndocuments financiers présents au dossier de consultation,\ncomplétés des candidats, et utilisation de DQE « chantiers\nmasqués » (complétés par les services du Maître de l’ouvrage, sur\nla base des prix du BPU de l’accord-cadre général complétés par\nchaque candidat"", 'Valeur technique (sur 30)\n- Valeur technique « générale » : 5 %\n- Valeur technique – chantier réaménagement de la rue Edouard\nBranly- : 10%\n- Méthodologie : 15 %']";['prix', 'technique'];[70.0, 30.0];;False;;True;{'StreetName': 'Quartiers Saint-Jean et Beaulieu', 'CityName': 'Châteauroux', 'PostalZone': '36000', 'NUTS': 'FRB03', 'Country': 'FRA'};avec remise en concurrence;;26-92853;25-54838;3144710.62;;LOT-0001;45233223;19791670.0;3;3.0;;Travaux dans le cadre du Nouveau Programme National de Renouvellement Urbain (NPNRU) de Châteauroux sur les quartiers Saint-Jean et Beaulieu;ouverte;M25-020VDC;3.0;;False;False;False;False;19791670.0;7210.0;Commune et commune nouvelle ;1 000  à  1 999;False;1978-01-01;84.11Z;2008;;;;;;<NA>;;;;;<NA>;<NA>;;;;;(46.811559, 1.69182);Châteauroux;Indre;Centre-Val de Loire;;;;;;;;
False;;;True;True;False;attribue;;;False;;;2026-09-27;{'StreetName': 'Place de la République', 'AdditionalStreetName': None, 'CityName': 'Châteauroux', 'PostalZone': '36000', 'Country': 'FRA'};213600448;True;COMMUNE DE CHATEAUROUX;VILLE DE CHATEAUROUX;;;travaux;"[""Sur 70 - Ce critère est noté selon la formule de\nnotation : Note du Prix = (Montant HT de l'offre la plus basse /\nMontant HT de l'offre examinée) x Nombre de points de la\npondération.\nUtilisation, pour obtention de la note finale à attribuer, des\ndocuments financiers présents au dossier de consultation,\ncomplétés des candidats, et utilisation de DQE « chantiers\nmasqués » (complétés par les services du Maître de l’ouvrage, sur\nla base des prix du BPU de l’accord-cadre général complétés par\nchaque candidat"", 'Valeur technique (sur 30)\n- Valeur technique « générale » : 5 %\n- Valeur technique – chantier réaménagement de la rue Edouard\nBranly- : 10%\n- Méthodologie : 15 %']";['prix', 'technique'];[70.0, 30.0];;False;;True;{'StreetName': 'Quartiers Saint-Jean et Beaulieu', 'CityName': 'Châteauroux', 'PostalZone': '36000', 'NUTS': 'FRB03', 'Country': 'FRA'};avec remise en concurrence;;26-92853;25-54838;102708.5;;LOT-0002;45316110;19791670.0;3;4.0;;Travaux dans le cadre du Nouveau Programme National de Renouvellement Urbain (NPNRU) de Châteauroux sur les quartiers Saint-Jean et Beaulieu;ouverte;M25-020VDC;3.0;;False;False;False;False;19791670.0;7210.0;Commune et commune nouvelle ;1 000  à  1 999;False;1978-01-01;84.11Z;2008;;;;;;<NA>;;;;;<NA>;<NA>;;;;;(46.811559, 1.69182);Châteauroux;Indre;Centre-Val de Loire;;;;;;;;
False;;;True;True;False;attribue;;;False;;;2026-09-27;{'StreetName': 'Place de la République', 'AdditionalStreetName': None, 'CityName': 'Châteauroux', 'PostalZone': '36000', 'Country': 'FRA'};213600448;True;COMMUNE DE CHATEAUROUX;VILLE DE CHATEAUROUX;;;travaux;"[""Ce critère est noté (sur 50) selon la formule de\nnotation : Note du Prix = (Montant HT de l'offre la plus basse /\nMontant HT de l'offre examinée) x Nombre de points de la\npondération.\nUtilisation, pour obtention de la note finale à attribuer, des\ndocuments financiers présents au dossier de consultation,\ncomplétés des candidats, et utilisation de DQE « chantiers\nmasqués » (complétés par les services du Maître de l’ouvrage, sur\nla base des prix du BPU de l’accord-cadre général complétés par\nchaque candidat)"", 'Valeur technique :\nDéfinition du critère : Valeur technique « générale » (sur 50) : 25 \nMéthodologie : 25']";['prix', 'technique'];[50.0, 50.0];;False;;True;{'StreetName': 'Quartiers Saint-Jean et Beaulieu', 'CityName': 'Châteauroux', 'PostalZone': '36000', 'NUTS': 'FRB03', 'Country': 'FRA'};avec remise en concurrence;;26-92853;25-54838;524682.26;;LOT-0003;45112700;19791670.0;3;4.0;;Travaux dans le cadre du Nouveau Programme National de Renouvellement Urbain (NPNRU) de Châteauroux sur les quartiers Saint-Jean et Beaulieu;ouverte;M25-020VDC;3.0;;False;False;False;False;19791670.0;7210.0;Commune et commune nouvelle ;1 000  à  1 999;False;1978-01-01;84.11Z;2008;;;;;;<NA>;;;;;<NA>;<NA>;;;;;(46.811559, 1.69182);Châteauroux;Indre;Centre-Val de Loire;;;;;;;;
