procedure_acceleree;cpv_supp;publicite;omc;allotissement;modifie;decision;adresse_fournisseur;siren_fournisseur;siren_fournisseur_connu;nom_siren_fournisseur;nom_declare_fournisseur;date_avis_attribution;adresse_acheteur;siren_acheteur;siren_acheteur_connu;nom_siren_acheteur;nom_declare_acheteur;date_avis_marche;debut_contrat;type_contrat;intitule_critere;type_critere;poids_critere;duree;clause_environnementale;valeur_totale_estimee;financement_ue;lieu_execution;type_accord_cadre;nom_fonds_ue;id_boamp_attribution;id_boamp_contrat;prix_attribution_lot;valeur_estimee_lot;id_lot;cpv;valeur_max_totale_accord_cadre;nombre_lots;nombre_offres;nombre_offres_pme;objet;procedure;id_projet;renouvellement;marche_reserve;favorable_pme;clause_sociale;strategique_environnemental;strategique_social;valeur_totale;code_statut_juridique_acheteur;nom_statut_juridique_acheteur;effectif_acheteur;acheteur_ess;date_creation_acheteur;code_activite_principale_acheteur;version_activite_acheteur;code_statut_juridique_fournisseur;nom_statut_juridique_fournisseur;effectif_fournisseur;fournisseur_ess;fournisseur_mission;version_activite_fournisseur;niveau_activite1_fournisseur;niveau_activite2_fournisseur;niveau_activite3_fournisseur;niveau_activite4_fournisseur;niveau_activite5_fournisseur;date_creation_fournisseur;gps_fournisseur;nom_commune_fournisseur;departement_fournisseur;region_fournisseur;gps_acheteur;nom_commune_acheteur;departement_acheteur;region_acheteur;epci_fournisseur;nom_epci_fournisseur;nature_epci_fournisseur;epci_acheteur;nom_epci_acheteur;nature_epci_acheteur;code_commune_fournisseur;code_commune_acheteur
False;;;True;True;False;attribue;;;False;;;2026-09-04;{'StreetName': '64 rue Saint Antoine', 'AdditionalStreetName': None, 'CityName': 'Paris', 'PostalZone': '75004', 'Country': 'FRA'};180046013;True;CENTRE DES MONUMENTS NATIONAUX;Centre des monuments nationaux;;;services;['Valeur technique de l’offre', 'Performances en matière de protection de l’environnement', 'Prix des prestations'];['technique', 'environnemental', 'prix'];[50.0, 10.0, 40.0];360.0;False;;False;{'StreetName': None, 'CityName': None, 'PostalZone': None, 'NUTS': None, 'Country': None};avec remise en concurrence;;26-85349;;;375000.0;LOT-0001;79810000;7200000.0;2;6.0;4.0;Fourniture de papier, impression, façonnage, conditionnement et transport d'ouvrages du Centre des monuments nationaux;ouverte;25-150-221_222;3.0;;;False;False;False;;7389.0;Établissement public national à caractère administratif ;1 000  à  1 999;False;1975-06-01;91.03Z;2008;;;;;;<NA>;;;;;<NA>;<NA>;;;;;(48.854487, 2.363456);Paris;Paris;Île-de-France;;;;;;;;
False;;;True;True;False;attribue;;;False;;;2026-09-04;{'StreetName': '64 rue Saint Antoine', 'AdditionalStreetName': None, 'CityName': 'Paris', 'PostalZone': '75004', 'Country': 'FRA'};180046013;True;CENTRE DES MONUMENTS NATIONAUX;Centre des monuments nationaux;;;services;['Valeur technique de l’offre', 'Performances en matière de protection de l’environnement', 'Prix des prestations'];['technique', 'environnemental', 'prix'];[60.0, 10.0, 30.0];360.0;False;;False;{'StreetName': None, 'CityName': None, 'PostalZone': None, 'NUTS': None, 'Country': None};avec remise en concurrence;;26-85349;;;375000.0;LOT-0002;79810000;7200000.0;2;8.0;8.0;Fourniture de papier, impression, façonnage, conditionnement et transport d'ouvrages du Centre des monuments nationaux;ouverte;25-150-221_222;3.0;;;False;False;False;;7389.0;Établissement public national à caractère administratif ;1 000  à  1 999;False;1975-06-01;91.03Z;2008;;;;;;<NA>;;;;;<NA>;<NA>;;;;;(48.854487, 2.363456);Paris;Paris;Île-de-France;;;;;;;;
False;;;True;False;False;attribue;{'StreetName': None, 'AdditionalStreetName': None, 'CityName': 'WISSOUS CEDEX', 'PostalZone': '91321', 'Country': 'FRA'};448531236;True;EBSCO INFORMATION SERVICES SAS;EBSCO INFORMATION SERVICES SAS;2026-09-04;{'StreetName': None, 'AdditionalStreetName': None, 'CityName': 'Paris', 'PostalZone': '75231', 'Country': 'FRA'};197517170;True;UNIVERSITE PARIS 1 PANTHEON-SORBONNE;Université Paris 1 Panthéon - Sorbonne;;2026-07-29+02:00;services;"['Critère A : Valeur technique de l’offre, notée sur 50 points et jugée au regard du mémoire technique et du cadre de réponses techniques transmis par le candidat selon les sous-critères suivants : o Sous-critère A1 : Qualité de la méthodologie mise en place et pertinence des moyens humains affectés à la réalisation du marché, notées sur 30 points : - Système mis en place par le candidat afin d’assurer la mise en service de l’abonnement, le suivi des abonnements et la résolution des problèmes d’accès ; - Expérience de l’interlocuteur francophone dédié et des équipes supports ; - Taille des portefeuilles suivis ; - Formation, conseil ou veille que le candidat s’engage à mettre en oeuvre tout au long de l’exécution du marché ; - Disponibilité et modalités de communication ; - Organisation et méthodologie mises en place ; - Expérience de l’équipe affectée au marché au regard de l’objet et des spécificités des prestations à réaliser. o Sous-critère A2 : Maîtrise technique et éditoriale des ressources, notée sur 20 points : - Outils de gestion utilisés pour le suivi des abonnements ; - Connaissance du marché de l’édition académique et plus particulièrement des ressources utilisées par l’université.', 'Critère B : Prix de l’offre, noté sur 30 points sur la base du montant total du Détail Quantitatif Estimatif (DQE). La formule utilisée s’écrit : Note = Montant total le moins élevé */ Montant total analysé X 30. (*) Sous réserve que l’offre ne soit pas anormalement basse.', 'Critère C : Délais d’exécution, notés sur 10 points et jugés au regard du Bordereau des délais (BD) renseigné par le candidat. • étapes (A) et (B) : les délais proposés doivent être inférieurs ou égaux, le cas échéant, aux délais maximums indiqués imposés par l’université sous peine d’irrégularité de l’offre conformément à l’article R.2152-1 du code de la commande publique. Le candidat qui n’indiquerait pas de délais aux étapes (A) et (B) serait alors considéré comme proposant les délais maximums fixés par l’université, et il obtiendrait alors la note de 0 pour ces deux étapes dans le cadre de l’analyse du critère C. • étapes (C), (D) et (E) : le candidat doit impérativement indiquer des délais sous peine d’irrégularité de l’offre conformément à l’article R.2152-1 du code de la commande publique. Les étapes évoquées ci-dessus sont les suivantes : - (A) Ouverture des accès après les formalités nécessaires à l’ouverture (transmission de toute information nécessaire : signature des licences, communication des adresses IP, configurations logiciel, reverse proxy…) à compter de la date de réception du bon de commande ; - (B) Envoi des propositions techniques et financières et des factures : à compter de la notification écrite par messagerie électronique par l’université ; - (C) Envoi d’une proposition technique et financière urgente (PTF) à compter de la notification écrite par messagerie électronique par l’université. ; - (D) Demande urgente d’une facture à compter de la notification écrite par messagerie électronique par l’université ; - (E) Résolution des problèmes techniques (interruption, dysfonctionnement, ressource partiellement inaccessible, fonctionnalité défectueuse) à compter de la notification écrite par messagerie électronique par l’université.', ""Critère D : Critère environnemental, noté sur 10 points et jugé au regard de la démarche en faveur de l’environnement dans le cadre de l’exécution du marché, notamment : - les éléments relatifs aux initiatives concrètes en faveur de l’environnement mises en oeuvre au sein de l’entreprise : charte RSE, plan climat, bilan GES, certificats ISO 14001, Ecolabel, ou équivalents et justificatifs d’actions concrètes (recyclage, flotte électrique, etc.) ; - le recours à des solutions d'hébergement écologique tels que des data centers alimentés par des énergies renouvelables et conçus pour maximiser l'efficacité énergétique le candidat ; - les démarches entreprises pour alléger l’impact carbone des flux numériques objet du présent marché ; - le nombre de collaborateurs mobilisés pour l’exécution du marché formés aux enjeux environnementaux ainsi que le nom, le nombre d’heures et le caractère certifiant ou non de la formation suivie.""]";['social', 'prix', 'delai', 'environnemental & social'];[50.0, 30.0, 10.0, 10.0];1460.0;True;;False;{'StreetName': None, 'CityName': 'Paris', 'PostalZone': '75231', 'NUTS': 'FR101', 'Country': 'FRA'};sans remise en concurrence;;26-85514;;;;LOT-0001;72319000;3700000.0;1;2.0;;Fourniture, par abonnement ou acquisition, de documentation électronique et gestion des accès pour l’université Paris 1 Panthéon- Sorbonne;ouverte;26M12;;;;False;False;False;;7383.0;Établissement public national à caractère scientifique culturel et professionnel ;2 000  à  4 999;<NA>;1970-06-09;85.42Z;2008;5710.0;SAS, société par actions simplifiée;50  à  99;False;<NA>;2008;J;63;63.1;63.12;63.12Z;2003-04-30;;Wissous;Essonne;Île-de-France;;Paris;Paris;Île-de-France;;;;;;;;
False;;;True;False;False;attribue;{'StreetName': None, 'AdditionalStreetName': None, 'CityName': 'PARIS 9', 'PostalZone': '75009', 'Country': 'FRA'};440821189;True;ACCOLADE;ACCOLADE;2026-09-04;{'StreetName': '2 rue Simone Veil', 'AdditionalStreetName': None, 'CityName': 'SAINT-OUEN-SUR-SEINE', 'PostalZone': '93400', 'Country': 'FRA'};237500079;True;REGION ILE DE FRANCE;Région Ile de France;;;services;['PRIX jugé au regard du montant total du DQE, chiffré en application du prix de la DPGF et des prix du BPU.', 'VALEUR TECHNIQUE jugée au regard des éléments figurant au cadre du mémoire technique (et ses annexes, le cas échéants), sur la base des sous-critères énoncés au règlement de la consultation.'];['prix', 'technique'];[60.0, 40.0];360.0;False;;False;;;;26-85685;;72768.0;;LOT-0001;79952100;;1;2.0;;"Mise en place du concours ""Les Chanté Nwel en Île-de-France""  Pour 2026-2027-2028-2029";ouverte;2600109;3.0;;;False;False;False;72768.0;7230.0;Région ;10 000  et plus ;False;1982-01-01;84.11Z;2008;9220.0;Association déclarée ;;True;<NA>;2008;S;94;94.9;94.99;94.99Z;1985-01-10;;Paris;Paris;Île-de-France;(48.912395, 2.331462);Saint-Ouen-sur-Seine;Seine-Saint-Denis;Île-de-France;;;;;;;;
False;['92521210'];;True;False;False;attribue;{'StreetName': None, 'AdditionalStreetName': None, 'CityName': 'Aubervilliers', 'PostalZone': '93300', 'Country': 'FRA'};432458586;True;AINU;AINU;2026-09-04;"{'StreetName': ""Esplanade Valery giscard d'Estaing"", 'AdditionalStreetName': None, 'CityName': 'Paris', 'PostalZone': '75007', 'Country': 'FRA'}";180092447;True;ETABLISSEMENT PUBLIC DU MUSEE D'ORSAY ET DU MUSEE DE L'ORANGERIE - VALERY GISCARD D'ESTAING;Ets public Musées Orsay et Orangerie;;;services;;;;360.0;True;;False;{'StreetName': None, 'CityName': 'Paris', 'PostalZone': '75007', 'NUTS': 'FR101', 'Country': 'FRA'};sans remise en concurrence;;26-85411;;;;LOT-0001;92521100;800000.0;1;3.0;;Accord cadre relatif à des prestations de soclage, installation d'oeuvres et fourniture de petit matériel;ouverte;2026-386;3.0;;;False;False;False;;7389.0;Établissement public national à caractère administratif ;500  à  999;False;2004-01-01;91.03Z;2008;5710.0;SAS, société par actions simplifiée;20  à  49;False;<NA>;2008;R;91;91.0;91.02;91.02Z;2000-08-07;;Aubervilliers;Seine-Saint-Denis;Île-de-France;(48.860056, 2.327268);Paris;Paris;Île-de-France;;;;;;;;
False;;;False;True;False;attribue;;;False;;;2026-09-04;{'StreetName': '14-16 BOULEVARD MALESHERBES', 'AdditionalStreetName': None, 'CityName': 'Paris', 'PostalZone': '75008', 'Country': 'FRA'};775682917;True;AG2R AGIRC-ARRCO;IRC AG2R AGIRC ARRCO;;;services;"[""- Techniques \n• compréhension du contexte, méthodologie et organisation (via la rédaction d'une note méthodologique, nbr de pages limité)\n• moyens humains et matériel (via la rédaction d'une note méthodologique, nbr de pages limité, CV, Qualification, références d'expériences similaires, organigramme...) \n• présentation documents type réalisés\n- Prix\n- RSE""]";['social'];;1460.0;True;0.0;False;{'StreetName': None, 'CityName': None, 'PostalZone': None, 'NUTS': None, 'Country': 'FRA'};sans remise en concurrence;;26-85377;;;0.0;LOT-0017;71317210;700000.0;4;10.0;;Accord Cadre pour une mission de CSPS;ouverte;232026;;;;True;False;False;;8130.0;Institution de retraite complémentaire ;2 000  à  4 999;False;1973-05-09;84.30B;2008;;;;;;<NA>;;;;;<NA>;<NA>;;;;;(48.87194, 2.322199);Paris;Paris;Île-de-France;;;;;;;;
False;;;False;True;False;attribue;;;False;;;2026-09-04;{'StreetName': '14-16 BOULEVARD MALESHERBES', 'AdditionalStreetName': None, 'CityName': 'Paris', 'PostalZone': '75008', 'Country': 'FRA'};775682917;True;AG2R AGIRC-ARRCO;IRC AG2R AGIRC ARRCO;;;services;"[""- Techniques \n• compréhension du contexte, méthodologie et organisation (via la rédaction d'une note méthodologique, nbr de pages limité)\n• moyens humains et matériel (via la rédaction d'une note méthodologique, nbr de pages limité, CV, Qualification, références d'expériences similaires, organigramme...) \n• présentation documents type réalisés\n- Prix\n- RSE""]";['social'];;1460.0;True;0.0;False;{'StreetName': None, 'CityName': None, 'PostalZone': None, 'NUTS': None, 'Country': 'FRA'};sans remise en concurrence;;26-85377;;;0.0;LOT-0016;71317210;700000.0;4;10.0;;Accord Cadre pour une mission de CSPS;ouverte;232026;;;;True;False;False;;8130.0;Institution de retraite complémentaire ;2 000  à  4 999;False;1973-05-09;84.30B;2008;;;;;;<NA>;;;;;<NA>;<NA>;;;;;(48.87194, 2.322199);Paris;Paris;Île-de-France;;;;;;;;
False;;;False;True;False;attribue;;;False;;;2026-09-04;{'StreetName': '14-16 BOULEVARD MALESHERBES', 'AdditionalStreetName': None, 'CityName': 'Paris', 'PostalZone': '75008', 'Country': 'FRA'};775682917;True;AG2R AGIRC-ARRCO;IRC AG2R AGIRC ARRCO;;;services;"[""- Techniques \n• compréhension du contexte, méthodologie et organisation (via la rédaction d'une note méthodologique, nbr de pages limité)\n• moyens humains et matériel (via la rédaction d'une note méthodologique, nbr de pages limité, CV, Qualification, références d'expériences similaires, organigramme...) \n• présentation documents type réalisés\n- Prix\n- RSE""]";['social'];;1460.0;True;0.0;False;{'StreetName': None, 'CityName': None, 'PostalZone': None, 'NUTS': None, 'Country': 'FRA'};sans remise en concurrence;;26-85377;;;0.0;LOT-0015;71317210;700000.0;4;8.0;;Accord Cadre pour une mission de CSPS;ouverte;232026;;;;True;False;False;;8130.0;Institution de retraite complémentaire ;2 000  à  4 999;False;1973-05-09;84.30B;2008;;;;;;<NA>;;;;;<NA>;<NA>;;;;;(48.87194, 2.322199);Paris;Paris;Île-de-France;;;;;;;;
False;;;False;True;False;attribue;;;False;;;2026-09-04;{'StreetName': '14-16 BOULEVARD MALESHERBES', 'AdditionalStreetName': None, 'CityName': 'Paris', 'PostalZone': '75008', 'Country': 'FRA'};775682917;True;AG2R AGIRC-ARRCO;IRC AG2R AGIRC ARRCO;;;services;['50% de la notation', '40% de la note'];['qualite', 'prix'];;1460.0;True;0.0;False;{'StreetName': None, 'CityName': None, 'PostalZone': None, 'NUTS': None, 'Country': 'FRA'};sans remise en concurrence;;26-85377;;;0.0;LOT-0001;71317210;700000.0;4;8.0;;Accord Cadre pour une mission de CSPS;ouverte;232026;;;;True;False;False;;8130.0;Institution de retraite complémentaire ;2 000  à  4 999;False;1973-05-09;84.30B;2008;;;;;;<NA>;;;;;<NA>;<NA>;;;;;(48.87194, 2.322199);Paris;Paris;Île-de-France;;;;;;;;
False;;;True;False;False;attribue;{'StreetName': None, 'AdditionalStreetName': None, 'CityName': 'NANTES', 'PostalZone': '44262', 'Country': 'FRA'};345081459;True;SCE;SCE SAS;2026-09-04;{'StreetName': '21-23 rue Miollis', 'AdditionalStreetName': None, 'CityName': 'Paris', 'PostalZone': '75015', 'Country': 'FRA'};130029325;True;DIRECTION REGIONALE ET INTERDEPARTEMENTALE DE L'ENVIRONNEMENT, DE L'AMENAGEMENT ET DES TRANSPORTS D'ILE-DE-FRANCE;DRIEAT IF;;;services;['Valeur technique', 'Prix', 'Environnement'];['technique', 'prix', 'environnemental'];[50.0, 40.0, 10.0];720.0;False;;False;{'StreetName': 'Compans', 'CityName': 'Compans', 'PostalZone': '77290', 'NUTS': 'FR102', 'Country': 'FRA'};;;26-85450;;209952.5;;LOT-0001;71300000;;1;2.0;;Mission de maitrise d'oeuvre relative à la suppression du giratoire de Compans et à la mise aux normes des bretelles B1 et B3;ouverte;DRIEAT-DIRIF-DMRNO-AOO-25-085;;;;True;False;False;209952.5;7171.0;Service déconcentré de l'État à compétence (inter) régionale ;2 000  à  4 999;False;2021-04-01;84.13Z;2008;5710.0;SAS, société par actions simplifiée;500  à  999;False;False;2008;M;71;71.1;71.12;71.12B;1988-05-02;;Nantes;Loire-Atlantique;Pays de la Loire;(48.84563, 2.303466);Paris;Paris;Île-de-France;;;;;;;;
False;['48329000', '72000000'];;True;False;False;attribue;{'StreetName': '47 quai du Président Carnot', 'AdditionalStreetName': None, 'CityName': 'Saint-Cloud', 'PostalZone': '92210', 'Country': 'FRA'};803849876;True;DELUXE MEDIA PARIS SAS;Deluxe Media Paris;2026-09-04;{'StreetName': None, 'AdditionalStreetName': None, 'CityName': 'Paris', 'PostalZone': '75014', 'Country': 'FRA'};180046039;True;CENTRE NATIONAL DU CINEMA ET DE L'IMAGE ANIMEE;Centre nationale du cinéma;;2026-08-10+01:00;services;['Prix', 'DEPLOIEMENT', 'VALEUR TECHNIQUE', 'ENVIRONNEMENT'];['prix', 'qualite', 'technique', 'environnemental'];[45.0, 15.0, 30.0, 10.0];1440.0;True;;False;{'StreetName': None, 'CityName': None, 'PostalZone': None, 'NUTS': 'FR101', 'Country': 'FRA'};sans remise en concurrence;;26-85684;;;;LOT-0001;92110000;;1;4.0;;Fourniture d’une solution de stockage, et d’envoi dématérialisé d’éléments cinématographiques et audiovisuelles ainsi que la réalisation des prestations associées;ouverte;2026043;;;;False;False;False;;7389.0;Établissement public national à caractère administratif ;500  à  999;<NA>;1946-10-25;84.12Z;2008;5710.0;SAS, société par actions simplifiée;50  à  99;False;<NA>;2008;J;59;59.1;59.12;59.12Z;2014-07-25;(48.850905, 2.223345);Saint-Cloud;Hauts-de-Seine;Île-de-France;;Paris;Paris;Île-de-France;;;;;;;;
False;;;True;True;False;attribue;{'StreetName': None, 'AdditionalStreetName': None, 'CityName': 'SAINT-AVOLD', 'PostalZone': '57500', 'Country': 'FRA'};440259695;True;SAINT-NABOR SERVICES;SAINT-NABOR SERVICES;2026-09-04;"{'StreetName': ""7 avenue de la porte d'Ivry"", 'AdditionalStreetName': None, 'CityName': 'PARIS', 'PostalZone': '75013', 'Country': 'FRA'}";217500016;True;VILLE DE PARIS;VILLE de PARIS - DFA - SDA;;;services;['Qualité des moyens humain et de la démarche envers les usagers du site', 'Qualité de la gestion technique et administrative', 'Prix de la prestation apprécié sur la base du montant total HT de la période ferme indiquée à la DPGF'];['social', 'qualite', 'delai'];[35.0, 35.0, 30.0];720.0;False;;False;{'StreetName': None, 'CityName': None, 'PostalZone': None, 'NUTS': 'FR101', 'Country': 'FRA'};;;26-85588;;239396.0;;LOT-0001;55221000;;2;3.0;;Gestion, maintenance et nettoyage de l’aire d’accueil pour les gens du voyage situées dans les 12ème et 16ème arrondissements de Paris;autre;2501672;1.0;;;False;False;False;901824.0;7229.0;(Autre) Collectivité territoriale ;10 000  et plus ;False;1983-03-01;84.11Z;2008;9260.0;Association de droit local (Bas-Rhin, Haut-Rhin et Moselle);200  à  249;True;<NA>;2008;Q;88;88.9;88.99;88.99B;2002-01-02;;Saint-Avold;Moselle;Grand Est;(48.819802, 2.372255);Paris;Paris;Île-de-France;;;;;;;;
False;;;True;True;False;attribue;{'StreetName': None, 'AdditionalStreetName': None, 'CityName': 'SAINT-AVOLD', 'PostalZone': '57500', 'Country': 'FRA'};440259695;True;SAINT-NABOR SERVICES;SAINT-NABOR SERVICES;2026-09-04;"{'StreetName': ""7 avenue de la porte d'Ivry"", 'AdditionalStreetName': None, 'CityName': 'PARIS', 'PostalZone': '75013', 'Country': 'FRA'}";217500016;True;VILLE DE PARIS;VILLE de PARIS - DFA - SDA;;;services;['Qualité des moyens humain et de la démarche envers les usagers du site', 'Qualité de la gestion technique et administrative', 'Prix de la prestation apprécié sur la base du montant total HT de la période ferme indiquée à la DPGF'];['social', 'qualite', 'delai'];[35.0, 35.0, 30.0];720.0;False;;False;{'StreetName': None, 'CityName': None, 'PostalZone': None, 'NUTS': 'FR101', 'Country': 'FRA'};;;26-85588;;211516.0;;LOT-0002;55221000;;2;3.0;;Gestion, maintenance et nettoyage de l’aire d’accueil pour les gens du voyage situées dans les 12ème et 16ème arrondissements de Paris;autre;2501672;1.0;;;False;False;False;901824.0;7229.0;(Autre) Collectivité territoriale ;10 000  et plus ;False;1983-03-01;84.11Z;2008;9260.0;Association de droit local (Bas-Rhin, Haut-Rhin et Moselle);200  à  249;True;<NA>;2008;Q;88;88.9;88.99;88.99B;2002-01-02;;Saint-Avold;Moselle;Grand Est;(48.819802, 2.372255);Paris;Paris;Île-de-France;;;;;;;;
False;;;True;True;False;attribue;{'StreetName': '12 rue Truillot', 'AdditionalStreetName': None, 'CityName': 'Ivry sur Seine', 'PostalZone': '94200', 'Country': 'FRA'};308276088;True;SOCIETE D'ETUDES ET DE REALISATION D'INSTALLATIONS DE SECURITE;ERIS;2026-09-04;{'StreetName': None, 'AdditionalStreetName': None, 'CityName': 'PARIS', 'PostalZone': '75703', 'Country': 'FRA'};130022205;True;DIRECTION DES ACHATS DE L'ETAT;Direction des Achats de l'Etat;;;services;"['Prix forfaitaire de la maintenance des sites, évalué sur la base du montant total de maintenance pour l\'ensemble des sites identifiés dans le BPU forfait (total\ngénéral de la colonne ""Total maintenance du site"" de l\'onglet « Synthèse » du BPU «\nforfait » du lot concerné). 30 points Prix des pièces, appréciée sur la base d\'une simulation de commande (non communiquée aux candidats) appliquée au BPU «\nPièces » applicable au lot concerné. Un scénario de commande fictif sera utilisé pour départager les offres. 15 points', ""Critère technique : Sous-critère 1 : Pertinence et adéquation au besoin de l’organisation des opérations de maintenance spécifiquement mises en place pour l’exécution des marchés de maintenance, en termes de : - Prise en charge, Moyens\nhumains de l’entreprise, qualifications, formations, CV…. - Organisation et gestions des prestations, programmation et méthodologie des interventions en préventif et en\ncorrectif, Gestion des interventions/dépannages, Gestion des demandes d’intervention\n(hotline…), - Gestion de l’astreinte, Plan de continuité de service, - Gestion et suivi financier/administratif (devis, facturation, …). - Organisation du soumissionnaire pour la réalisation des opérations de travaux. (25 points) - sous-critère 2 : Pertinence et\nqualité de la description de la méthodologie du soumissionnaire pour assurer la mise en place d'un nouvel outil de GMAO ou à défaut d'une GED accessible par internet.\nPrésentation de l'outil retenu. (5 points) -sous-critère 3 : Pertinence et qualité de la description de la méthodologie pour assurer les levées des observations émises par les bureaux de contrôle (5 points)"", ""Critère social et environnemental : Sous critère 1 : sociale (10 points Taux de féminisation dans l'entreprise 5 points, - Pourcentage d'heures d'insertion réalisées en propre par des contrats de travail durable (5 points) Sous-critère 2 :\nenvironnemental 10 points (- Actions concrètes mises en oeuvre afin de limiter les émissions de gaz à effet de serre (GES) applicables aux déplacements des personnes affectés à la réalisation des prestations en objet du présent ACIM (5 points) - \nDescription de la démarche en matière de réemploi et réutilisation des équipements en fin d'usage (2 points) - - Engagement annuel en matière de réemploi et réutilisation des\néquipements en fin d'usage (3 points)""]";['prix', 'social', 'environnemental & social'];;730.0;True;50000000.0;False;{'StreetName': 'Arrondissements concernés : 1er, 2ème, 3 ème, 4ème, 8 ème ,9 éme ,10 ème, 11 ème, 12 ème, 16 ème, 17 ème, 18ème, 19 ème et 20ème', 'CityName': 'PARIS', 'PostalZone': '75013', 'NUTS': 'FR101', 'Country': 'FRA'};sans remise en concurrence;;26-85542;;10000000.0;10000000.0;LOT-0001;50413200;150000000.0;13;4.0;;Exécution de prestations de maintenance et de petits travaux pour les équipements de sécurité incendie, d’alarme et de lutte contre l’incendie.;ouverte;PRA;2.0;;;True;False;False;50000000.0;7120.0;Service central d'un ministère ;100  à  199;False;2016-03-03;84.11Z;2008;5710.0;SAS, société par actions simplifiée;20  à  49;False;<NA>;2008;F;43;43.2;43.21;43.21A;1987-12-29;(48.80962, 2.392311);Ivry-sur-Seine;Val-de-Marne;Île-de-France;;Paris;Paris;Île-de-France;;;;;;;;
False;;;True;True;False;attribue;{'StreetName': '12 rue Truillot', 'AdditionalStreetName': None, 'CityName': 'Ivry sur Seine', 'PostalZone': '94200', 'Country': 'FRA'};308276088;True;SOCIETE D'ETUDES ET DE REALISATION D'INSTALLATIONS DE SECURITE;ERIS;2026-09-04;{'StreetName': None, 'AdditionalStreetName': None, 'CityName': 'PARIS', 'PostalZone': '75703', 'Country': 'FRA'};130022205;True;DIRECTION DES ACHATS DE L'ETAT;Direction des Achats de l'Etat;;;services;"['Prix forfaitaire de la maintenance des sites, évalué sur la base du montant total de maintenance pour l\'ensemble des sites identifiés dans le BPU forfait (total\ngénéral de la colonne ""Total maintenance du site"" de l\'onglet « Synthèse » du BPU «\nforfait » du lot concerné). 30 points Prix des pièces, appréciée sur la base d\'une simulation de commande (non communiquée aux candidats) appliquée au BPU «\nPièces » applicable au lot concerné. Un scénario de commande fictif sera utilisé pour départager les offres. 15 points', ""Critère technique : Sous-critère 1 : Pertinence et adéquation au besoin de l’organisation des opérations de maintenance spécifiquement mises en place pour l’exécution des marchés de maintenance, en termes de : - Prise en charge, Moyens\nhumains de l’entreprise, qualifications, formations, CV…. - Organisation et gestions des prestations, programmation et méthodologie des interventions en préventif et en\ncorrectif, Gestion des interventions/dépannages, Gestion des demandes d’intervention\n(hotline…), - Gestion de l’astreinte, Plan de continuité de service, - Gestion et suivi financier/administratif (devis, facturation, …). - Organisation du soumissionnaire pour la réalisation des opérations de travaux. (25 points) - sous-critère 2 : Pertinence et\nqualité de la description de la méthodologie du soumissionnaire pour assurer la mise en place d'un nouvel outil de GMAO ou à défaut d'une GED accessible par internet.\nPrésentation de l'outil retenu. (5 points) -sous-critère 3 : Pertinence et qualité de la description de la méthodologie pour assurer les levées des observations émises par les bureaux de contrôle (5 points)"", ""Critère social et environnemental : Sous critère 1 : sociale (10 points Taux de féminisation dans l'entreprise 5 points, - Pourcentage d'heures d'insertion réalisées en propre par des contrats de travail durable (5 points) Sous-critère 2 :\nenvironnemental 10 points (- Actions concrètes mises en oeuvre afin de limiter les émissions de gaz à effet de serre (GES) applicables aux déplacements des personnes affectés à la réalisation des prestations en objet du présent ACIM (5 points) - \nDescription de la démarche en matière de réemploi et réutilisation des équipements en fin d'usage (2 points) - - Engagement annuel en matière de réemploi et réutilisation des\néquipements en fin d'usage (3 points)""]";['prix', 'social', 'environnemental & social'];;730.0;True;50000000.0;False;{'StreetName': 'Arrondissements concernés 5 ème, 6 ème, 7 ème, 13 ème, 14 \nème et 15 ème', 'CityName': 'PARIS', 'PostalZone': '75013', 'NUTS': 'FR101', 'Country': 'FRA'};sans remise en concurrence;;26-85542;;10000000.0;10000000.0;LOT-0002;50413200;150000000.0;13;5.0;;Exécution de prestations de maintenance et de petits travaux pour les équipements de sécurité incendie, d’alarme et de lutte contre l’incendie.;ouverte;PRA;2.0;;;True;False;False;50000000.0;7120.0;Service central d'un ministère ;100  à  199;False;2016-03-03;84.11Z;2008;5710.0;SAS, société par actions simplifiée;20  à  49;False;<NA>;2008;F;43;43.2;43.21;43.21A;1987-12-29;(48.80962, 2.392311);Ivry-sur-Seine;Val-de-Marne;Île-de-France;;Paris;Paris;Île-de-France;;;;;;;;
False;;;True;True;False;attribue;{'StreetName': '117, rue du Landy', 'AdditionalStreetName': None, 'CityName': 'Saint Denis', 'PostalZone': '93200', 'Country': 'FRA'};518201744;True;EIFFAGE ENERGIE SYSTEMES - SERVICES IDF;EIFFAGE Energies systèmes;2026-09-04;{'StreetName': None, 'AdditionalStreetName': None, 'CityName': 'PARIS', 'PostalZone': '75703', 'Country': 'FRA'};130022205;True;DIRECTION DES ACHATS DE L'ETAT;Direction des Achats de l'Etat;;;services;"['Prix forfaitaire de la maintenance des sites, évalué sur la base du montant total de maintenance pour l\'ensemble des sites identifiés dans le BPU forfait (total\ngénéral de la colonne ""Total maintenance du site"" de l\'onglet « Synthèse » du BPU «\nforfait » du lot concerné). 30 points Prix des pièces, appréciée sur la base d\'une simulation de commande (non communiquée aux candidats) appliquée au BPU «\nPièces » applicable au lot concerné. Un scénario de commande fictif sera utilisé pour départager les offres. 15 points', ""Critère technique : Sous-critère 1 : Pertinence et adéquation au besoin de l’organisation des opérations de maintenance spécifiquement mises en place pour l’exécution des marchés de maintenance, en termes de : - Prise en charge, Moyens\nhumains de l’entreprise, qualifications, formations, CV…. - Organisation et gestions des prestations, programmation et méthodologie des interventions en préventif et en\ncorrectif, Gestion des interventions/dépannages, Gestion des demandes d’intervention\n(hotline…), - Gestion de l’astreinte, Plan de continuité de service, - Gestion et suivi financier/administratif (devis, facturation, …). - Organisation du soumissionnaire pour la réalisation des opérations de travaux. (25 points) - sous-critère 2 : Pertinence et\nqualité de la description de la méthodologie du soumissionnaire pour assurer la mise en place d'un nouvel outil de GMAO ou à défaut d'une GED accessible par internet.\nPrésentation de l'outil retenu. (5 points) -sous-critère 3 : Pertinence et qualité de la description de la méthodologie pour assurer les levées des observations émises par les bureaux de contrôle (5 points)"", ""Critère social et environnemental : Sous critère 1 : sociale (10 points Taux de féminisation dans l'entreprise 5 points, - Pourcentage d'heures d'insertion réalisées en propre par des contrats de travail durable (5 points) Sous-critère 2 :\nenvironnemental 10 points (- Actions concrètes mises en oeuvre afin de limiter les émissions de gaz à effet de serre (GES) applicables aux déplacements des personnes affectés à la réalisation des prestations en objet du présent ACIM (5 points) - \nDescription de la démarche en matière de réemploi et réutilisation des équipements en fin d'usage (2 points) - - Engagement annuel en matière de réemploi et réutilisation des\néquipements en fin d'usage (3 points)""]";['prix', 'social', 'environnemental & social'];;730.0;True;50000000.0;False;{'StreetName': '77 - 91 - 93 - 94', 'CityName': 'PARIS', 'PostalZone': '75013', 'NUTS': 'FR101', 'Country': 'FRA'};sans remise en concurrence;;26-85542;;4000000.0;4000000.0;LOT-0003;50413200;150000000.0;13;5.0;;Exécution de prestations de maintenance et de petits travaux pour les équipements de sécurité incendie, d’alarme et de lutte contre l’incendie.;ouverte;PRA;2.0;;;True;False;False;50000000.0;7120.0;Service central d'un ministère ;100  à  199;False;2016-03-03;84.11Z;2008;5710.0;SAS, société par actions simplifiée;250  à  499;False;<NA>;2008;F;43;43.2;43.22;43.22B;2009-10-29;;;;;;Paris;Paris;Île-de-France;;;;;;;;
False;;;True;True;False;attribue;{'StreetName': '9 avenue du Canada, Parc Hightec 6', 'AdditionalStreetName': None, 'CityName': 'LES ULIS', 'PostalZone': '91940', 'Country': 'FRA'};391734696;True;CEMIS SYSTEMES DE SECURITE INCENDIE;CEMIS;2026-09-04;{'StreetName': None, 'AdditionalStreetName': None, 'CityName': 'PARIS', 'PostalZone': '75703', 'Country': 'FRA'};130022205;True;DIRECTION DES ACHATS DE L'ETAT;Direction des Achats de l'Etat;;;services;"['Prix forfaitaire de la maintenance des sites, évalué sur la base du montant total de maintenance pour l\'ensemble des sites identifiés dans le BPU forfait (total\ngénéral de la colonne ""Total maintenance du site"" de l\'onglet « Synthèse » du BPU «\nforfait » du lot concerné). 30 points Prix des pièces, appréciée sur la base d\'une simulation de commande (non communiquée aux candidats) appliquée au BPU «\nPièces » applicable au lot concerné. Un scénario de commande fictif sera utilisé pour départager les offres. 15 points', ""Critère technique : Sous-critère 1 : Pertinence et adéquation au besoin de l’organisation des opérations de maintenance spécifiquement mises en place pour l’exécution des marchés de maintenance, en termes de : - Prise en charge, Moyens\nhumains de l’entreprise, qualifications, formations, CV…. - Organisation et gestions des prestations, programmation et méthodologie des interventions en préventif et en\ncorrectif, Gestion des interventions/dépannages, Gestion des demandes d’intervention\n(hotline…), - Gestion de l’astreinte, Plan de continuité de service, - Gestion et suivi financier/administratif (devis, facturation, …). - Organisation du soumissionnaire pour la réalisation des opérations de travaux. (25 points) - sous-critère 2 : Pertinence et\nqualité de la description de la méthodologie du soumissionnaire pour assurer la mise en place d'un nouvel outil de GMAO ou à défaut d'une GED accessible par internet.\nPrésentation de l'outil retenu. (5 points) -sous-critère 3 : Pertinence et qualité de la description de la méthodologie pour assurer les levées des observations émises par les bureaux de contrôle (5 points)"", ""Critère social et environnemental : Sous critère 1 : sociale (10 points Taux de féminisation dans l'entreprise 5 points, - Pourcentage d'heures d'insertion réalisées en propre par des contrats de travail durable (5 points) Sous-critère 2 :\nenvironnemental 10 points (- Actions concrètes mises en oeuvre afin de limiter les émissions de gaz à effet de serre (GES) applicables aux déplacements des personnes affectés à la réalisation des prestations en objet du présent ACIM (5 points) - \nDescription de la démarche en matière de réemploi et réutilisation des équipements en fin d'usage (2 points) - - Engagement annuel en matière de réemploi et réutilisation des\néquipements en fin d'usage (3 points)""]";['prix', 'social', 'environnemental & social'];;730.0;True;50000000.0;False;{'StreetName': '78 - 92 - 95', 'CityName': 'PARIS', 'PostalZone': '75013', 'NUTS': 'FR101', 'Country': 'FRA'};sans remise en concurrence;;26-85542;;4000000.0;4000000.0;LOT-0004;50413200;150000000.0;13;4.0;;Exécution de prestations de maintenance et de petits travaux pour les équipements de sécurité incendie, d’alarme et de lutte contre l’incendie.;ouverte;PRA;2.0;;;True;False;False;50000000.0;7120.0;Service central d'un ministère ;100  à  199;False;2016-03-03;84.11Z;2008;5710.0;SAS, société par actions simplifiée;100  à  199;False;False;2008;N;80;80.2;80.2;80.20Z;1993-07-05;(48.688507, 2.198531);Les Ulis;Essonne;Île-de-France;;Paris;Paris;Île-de-France;;;;;;;;
False;;;True;True;False;attribue;{'StreetName': '117, rue du Landy', 'AdditionalStreetName': None, 'CityName': 'Saint Denis', 'PostalZone': '93200', 'Country': 'FRA'};518201744;True;EIFFAGE ENERGIE SYSTEMES - SERVICES IDF;EIFFAGE Energies systèmes;2026-09-04;{'StreetName': None, 'AdditionalStreetName': None, 'CityName': 'PARIS', 'PostalZone': '75703', 'Country': 'FRA'};130022205;True;DIRECTION DES ACHATS DE L'ETAT;Direction des Achats de l'Etat;;;services;['Prix des pièces, appréciée sur la base d’une simulation de commande (non communiquée aux candidats) appliquée au BPU « Pièces » applicable au lot concerné. Un scénario de commande fictif sera utilisé pour départager les offres. \n40 à 60 points', 'Critère technique : Sous-critère 1 :   Pertinence et adéquation au besoin de l’organisation des opérations de \nmaintenance spécifiquement mises en place pour l’exécution des marchés de maintenance- \nsous-critère 2 : Pertinence et qualité de la description de la méthodologie du \nsoumissionnaire pour assurer la mise en place d’un nouvel outil de GMAO ou à défaut d’une GED accessible par internet. Présentation de l’outil retenu\n -sous-critère 3 : Pertinence et qualité de la description de la méthodologie pour assurer les levées des observations émises par les bureaux de contrôle \n30 à 60 points', 'Critère social et environnemental : 10 points'];['prix', 'qualite', 'environnemental & social'];;730.0;True;50000000.0;False;{'StreetName': '75-77-78-91-92-93-94-95', 'CityName': 'PARIS', 'PostalZone': '75013', 'NUTS': 'FR101', 'Country': 'FRA'};avec remise en concurrence;;26-85542;;4000000.0;2000000.0;LOT-0005;50413200;150000000.0;13;4.0;;Exécution de prestations de maintenance et de petits travaux pour les équipements de sécurité incendie, d’alarme et de lutte contre l’incendie.;ouverte;PRA;2.0;;;True;False;False;50000000.0;7120.0;Service central d'un ministère ;100  à  199;False;2016-03-03;84.11Z;2008;5710.0;SAS, société par actions simplifiée;250  à  499;False;<NA>;2008;F;43;43.2;43.22;43.22B;2009-10-29;;;;;;Paris;Paris;Île-de-France;;;;;;;;
False;;;True;True;False;attribue;{'StreetName': 'Division Bâtiments, Infrastructures & Services   \nAgence Services Bâtiment COURLIS 1   \n46/48 avenue Kléber', 'AdditionalStreetName': None, 'CityName': 'Colombes', 'PostalZone': '92700', 'Country': 'FRA'};409880044;True;INEO INDUSTRIE ET SERVICES IDF;INEO industrie et services idf;2026-09-04;{'StreetName': None, 'AdditionalStreetName': None, 'CityName': 'PARIS', 'PostalZone': '75703', 'Country': 'FRA'};130022205;True;DIRECTION DES ACHATS DE L'ETAT;Direction des Achats de l'Etat;;;services;['Prix des pièces, appréciée sur la base d’une simulation de commande (non communiquée aux candidats) appliquée au BPU « Pièces » applicable au lot concerné. Un scénario de commande fictif sera utilisé pour départager les offres. \n40 à 60 points', 'Critère technique : Sous-critère 1 :   Pertinence et adéquation au besoin de l’organisation des opérations de \nmaintenance spécifiquement mises en place pour l’exécution des marchés de maintenance- \nsous-critère 2 : Pertinence et qualité de la description de la méthodologie du \nsoumissionnaire pour assurer la mise en place d’un nouvel outil de GMAO ou à défaut d’une GED accessible par internet. Présentation de l’outil retenu\n -sous-critère 3 : Pertinence et qualité de la description de la méthodologie pour assurer les levées des observations émises par les bureaux de contrôle \n30 à 60 points', 'Critère social et environnemental : 10 points'];['prix', 'qualite', 'environnemental & social'];;730.0;True;50000000.0;False;{'StreetName': '75-77-78-91-92-93-94-95', 'CityName': 'PARIS', 'PostalZone': '75013', 'NUTS': 'FR101', 'Country': 'FRA'};avec remise en concurrence;;26-85542;;4000000.0;2000000.0;LOT-0005;50413200;150000000.0;13;4.0;;Exécution de prestations de maintenance et de petits travaux pour les équipements de sécurité incendie, d’alarme et de lutte contre l’incendie.;ouverte;PRA;2.0;;;True;False;False;50000000.0;7120.0;Service central d'un ministère ;100  à  199;False;2016-03-03;84.11Z;2008;5710.0;SAS, société par actions simplifiée;200  à  249;False;<NA>;2008;F;43;43.2;43.21;43.21A;1996-11-15;;;;;;Paris;Paris;Île-de-France;;;;;;;;
False;;;True;True;False;attribue;{'StreetName': '15 – 17 avenue Morane Saulnier', 'AdditionalStreetName': None, 'CityName': 'VELIZY VILLACOUBLAY', 'PostalZone': '78140', 'Country': 'FRA'};562016774;True;SIEMENS S.A.S;SIEMENS;2026-09-04;{'StreetName': None, 'AdditionalStreetName': None, 'CityName': 'PARIS', 'PostalZone': '75703', 'Country': 'FRA'};130022205;True;DIRECTION DES ACHATS DE L'ETAT;Direction des Achats de l'Etat;;;services;['Prix des pièces, appréciée sur la base d’une simulation de commande (non communiquée aux candidats) appliquée au BPU « Pièces » applicable au lot concerné. Un scénario de commande fictif sera utilisé pour départager les offres. \n40 à 60 points', 'Critère technique : Sous-critère 1 :   Pertinence et adéquation au besoin de l’organisation des opérations de \nmaintenance spécifiquement mises en place pour l’exécution des marchés de maintenance- \nsous-critère 2 : Pertinence et qualité de la description de la méthodologie du \nsoumissionnaire pour assurer la mise en place d’un nouvel outil de GMAO ou à défaut d’une GED accessible par internet. Présentation de l’outil retenu\n -sous-critère 3 : Pertinence et qualité de la description de la méthodologie pour assurer les levées des observations émises par les bureaux de contrôle \n30 à 60 points', 'Critère social et environnemental : 10 points'];['prix', 'qualite', 'environnemental & social'];;730.0;True;50000000.0;False;{'StreetName': '75-77-78-91-92-93-94-95', 'CityName': 'PARIS', 'PostalZone': '75013', 'NUTS': 'FR101', 'Country': 'FRA'};avec remise en concurrence;;26-85542;;4000000.0;2000000.0;LOT-0005;50413200;150000000.0;13;4.0;;Exécution de prestations de maintenance et de petits travaux pour les équipements de sécurité incendie, d’alarme et de lutte contre l’incendie.;ouverte;PRA;2.0;;;True;False;False;50000000.0;7120.0;Service central d'un ministère ;100  à  199;False;2016-03-03;84.11Z;2008;5710.0;SAS, société par actions simplifiée;2 000  à  4 999;False;False;2008;C;26;26.3;26.3;26.30Z;1956-01-01;(48.783813, 2.214279);Vélizy-Villacoublay;Yvelines;Île-de-France;;Paris;Paris;Île-de-France;;;;;;;;
False;;;True;True;False;attribue;{'StreetName': '6 rue Fructidor \nTSA 10027', 'AdditionalStreetName': None, 'CityName': 'SAINT-OUEN-SUR-SEINE', 'PostalZone': '93484', 'Country': 'FRA'};538700022;True;SPIE FACILITIES;SPIE Facilities;2026-09-04;{'StreetName': None, 'AdditionalStreetName': None, 'CityName': 'PARIS', 'PostalZone': '75703', 'Country': 'FRA'};130022205;True;DIRECTION DES ACHATS DE L'ETAT;Direction des Achats de l'Etat;;;services;['Prix des pièces, appréciée sur la base d’une simulation de commande (non communiquée aux candidats) appliquée au BPU « Pièces » applicable au lot concerné. Un scénario de commande fictif sera utilisé pour départager les offres. \n40 à 60 points', 'Critère technique : Sous-critère 1 :   Pertinence et adéquation au besoin de l’organisation des opérations de \nmaintenance spécifiquement mises en place pour l’exécution des marchés de maintenance- \nsous-critère 2 : Pertinence et qualité de la description de la méthodologie du \nsoumissionnaire pour assurer la mise en place d’un nouvel outil de GMAO ou à défaut d’une GED accessible par internet. Présentation de l’outil retenu\n -sous-critère 3 : Pertinence et qualité de la description de la méthodologie pour assurer les levées des observations émises par les bureaux de contrôle \n30 à 60 points', 'Critère social et environnemental : 10 points'];['prix', 'qualite', 'environnemental & social'];;730.0;True;50000000.0;False;{'StreetName': '75-77-78-91-92-93-94-95', 'CityName': 'PARIS', 'PostalZone': '75013', 'NUTS': 'FR101', 'Country': 'FRA'};avec remise en concurrence;;26-85542;;4000000.0;2000000.0;LOT-0005;50413200;150000000.0;13;4.0;;Exécution de prestations de maintenance et de petits travaux pour les équipements de sécurité incendie, d’alarme et de lutte contre l’incendie.;ouverte;PRA;2.0;;;True;False;False;50000000.0;7120.0;Service central d'un ministère ;100  à  199;False;2016-03-03;84.11Z;2008;5710.0;SAS, société par actions simplifiée;2 000  à  4 999;False;<NA>;2008;F;43;43.2;43.21;43.21A;2011-12-19;(48.90107, 2.323915);Saint-Ouen-sur-Seine;Seine-Saint-Denis;Île-de-France;;Paris;Paris;Île-de-France;;;;;;;;
False;;;True;True;False;non attribue;;;False;;;2026-09-04;{'StreetName': None, 'AdditionalStreetName': None, 'CityName': 'PARIS', 'PostalZone': '75703', 'Country': 'FRA'};130022205;True;DIRECTION DES ACHATS DE L'ETAT;Direction des Achats de l'Etat;;;services;"['Prix forfaitaire de la maintenance des sites, évalué sur la base du montant total de maintenance pour l’ensemble des sites identifiés dans le BPU forfait (total général de la colonne ""Total maintenance du site"" de l’onglet « Synthèse » du BPU « forfait » du lot concerné). Un scénario de commande fictif sera utilisé pour classer les offres. Il tiendra compte d’hypothèses concernant la prise en compte de nouveaux sites à travers des prix moyens pondérés avec les prix pratiqués aux bordereaux de prix unitaires dans le respect du périmètre de l’accord-cadre (30 points)\nPrix des pièces, appréciée sur la base d’une simulation de commande (non communiquée aux candidats) appliquée au BPU « Pièces » applicable au lot concerné. Un scénario de commande fictif sera utilisé pour départager les offres (15 points).', 'Critère technique : Sous-critère 1 :    Pertinence et adéquation au besoin de l’organisation des opérations de \nmaintenance spécifiquement mises en place pour l’exécution des marchés de maintenance 25 points\nPertinence et qualité de la description de la méthodologie du \nsoumissionnaire pour assurer la mise en place d’un nouvel outil de GMAO ou à défaut d’une GED accessible par internet. Présentation de l’outil retenu 5 points\nPertinence et qualité de la description de la méthodologie pour assurer les levées des observations émises par les bureaux de contrôle. 5 points', 'Critère social et environnemental : 20 points']";['prix', 'qualite', 'environnemental & social'];;730.0;True;50000000.0;False;{'StreetName': '75', 'CityName': 'PARIS', 'PostalZone': '75013', 'NUTS': 'FR101', 'Country': 'FRA'};sans remise en concurrence;;26-85542;;;3000000.0;LOT-0006;50413200;150000000.0;13;1.0;;Exécution de prestations de maintenance et de petits travaux pour les équipements de sécurité incendie, d’alarme et de lutte contre l’incendie.;ouverte;PRA;2.0;;;True;False;False;50000000.0;7120.0;Service central d'un ministère ;100  à  199;False;2016-03-03;84.11Z;2008;;;;;;<NA>;;;;;<NA>;<NA>;;;;;;Paris;Paris;Île-de-France;;;;;;;;
False;;;True;True;False;non attribue;;;False;;;2026-09-04;{'StreetName': None, 'AdditionalStreetName': None, 'CityName': 'PARIS', 'PostalZone': '75703', 'Country': 'FRA'};130022205;True;DIRECTION DES ACHATS DE L'ETAT;Direction des Achats de l'Etat;;;services;"['Prix forfaitaire de la maintenance des sites, évalué sur la base du montant total de maintenance pour l’ensemble des sites identifiés dans le BPU forfait (total général de la colonne ""Total maintenance du site"" de l’onglet « Synthèse » du BPU « forfait » du lot concerné). Un scénario de commande fictif sera utilisé pour classer les offres. Il tiendra compte d’hypothèses concernant la prise en compte de nouveaux sites à travers des prix moyens pondérés avec les prix pratiqués aux bordereaux de prix unitaires dans le respect du périmètre de l’accord-cadre (30 points)\nPrix des pièces, appréciée sur la base d’une simulation de commande (non communiquée aux candidats) appliquée au BPU « Pièces » applicable au lot concerné. Un scénario de commande fictif sera utilisé pour départager les offres (15 points).', 'Critère technique : Sous-critère 1 :    Pertinence et adéquation au besoin de l’organisation des opérations de \nmaintenance spécifiquement mises en place pour l’exécution des marchés de maintenance 25 points\nPertinence et qualité de la description de la méthodologie du \nsoumissionnaire pour assurer la mise en place d’un nouvel outil de GMAO ou à défaut d’une GED accessible par internet. Présentation de l’outil retenu 5 points\nPertinence et qualité de la description de la méthodologie pour assurer les levées des observations émises par les bureaux de contrôle. 5 points', 'Critère social et environnemental : 20 points']";['prix', 'qualite', 'environnemental & social'];;730.0;True;50000000.0;False;{'StreetName': '77 - 91 - 93 - 94', 'CityName': 'PARIS', 'PostalZone': '75013', 'NUTS': 'FR101', 'Country': 'FRA'};sans remise en concurrence;;26-85542;;;3000000.0;LOT-0007;50413200;150000000.0;13;1.0;;Exécution de prestations de maintenance et de petits travaux pour les équipements de sécurité incendie, d’alarme et de lutte contre l’incendie.;ouverte;PRA;2.0;;;True;False;False;50000000.0;7120.0;Service central d'un ministère ;100  à  199;False;2016-03-03;84.11Z;2008;;;;;;<NA>;;;;;<NA>;<NA>;;;;;;Paris;Paris;Île-de-France;;;;;;;;
False;;;True;True;False;non attribue;;;False;;;2026-09-04;{'StreetName': None, 'AdditionalStreetName': None, 'CityName': 'PARIS', 'PostalZone': '75703', 'Country': 'FRA'};130022205;True;DIRECTION DES ACHATS DE L'ETAT;Direction des Achats de l'Etat;;;services;"['Prix forfaitaire de la maintenance des sites, évalué sur la base du montant total de maintenance pour l’ensemble des sites identifiés dans le BPU forfait (total général de la colonne ""Total maintenance du site"" de l’onglet « Synthèse » du BPU « forfait » du lot concerné). Un scénario de commande fictif sera utilisé pour classer les offres. Il tiendra compte d’hypothèses concernant la prise en compte de nouveaux sites à travers des prix moyens pondérés avec les prix pratiqués aux bordereaux de prix unitaires dans le respect du périmètre de l’accord-cadre (30 points)\nPrix des pièces, appréciée sur la base d’une simulation de commande (non communiquée aux candidats) appliquée au BPU « Pièces » applicable au lot concerné. Un scénario de commande fictif sera utilisé pour départager les offres (15 points).', 'Critère technique : Sous-critère 1 :    Pertinence et adéquation au besoin de l’organisation des opérations de \nmaintenance spécifiquement mises en place pour l’exécution des marchés de maintenance 25 points\nPertinence et qualité de la description de la méthodologie du \nsoumissionnaire pour assurer la mise en place d’un nouvel outil de GMAO ou à défaut d’une GED accessible par internet. Présentation de l’outil retenu 5 points\nPertinence et qualité de la description de la méthodologie pour assurer les levées des observations émises par les bureaux de contrôle. 5 points', 'Critère social et environnemental : 20 points']";['prix', 'qualite', 'environnemental & social'];;730.0;True;50000000.0;False;{'StreetName': '78 - 92 - 95', 'CityName': 'PARIS', 'PostalZone': '75013', 'NUTS': 'FR101', 'Country': 'FRA'};sans remise en concurrence;;26-85542;;;3000000.0;LOT-0008;50413200;150000000.0;13;1.0;;Exécution de prestations de maintenance et de petits travaux pour les équipements de sécurité incendie, d’alarme et de lutte contre l’incendie.;ouverte;PRA;2.0;;;True;False;False;50000000.0;7120.0;Service central d'un ministère ;100  à  199;False;2016-03-03;84.11Z;2008;;;;;;<NA>;;;;;<NA>;<NA>;;;;;;Paris;Paris;Île-de-France;;;;;;;;
False;;;True;True;False;attribue;{'StreetName': '117, rue du Landy', 'AdditionalStreetName': None, 'CityName': 'Saint Denis', 'PostalZone': '93200', 'Country': 'FRA'};518201744;True;EIFFAGE ENERGIE SYSTEMES - SERVICES IDF;EIFFAGE Energies systèmes;2026-09-04;{'StreetName': None, 'AdditionalStreetName': None, 'CityName': 'PARIS', 'PostalZone': '75703', 'Country': 'FRA'};130022205;True;DIRECTION DES ACHATS DE L'ETAT;Direction des Achats de l'Etat;;;services;['Prix indiqués au BPU « Travaux » appliqués à une simulation de commande (non communiquée aux candidats) 50 points', 'Critère technique :  Pertinence et adéquation au besoin de l’organisation des opérations de travaux spécifiquement mises en place pour l’exécution des marchés subséquents, en termes de : - Organigramme opérationnel, planification et méthodologie des \ntravaux, moyens humains de l’entreprise, qualifications, CV, - Gestion des opérations préalables à la réception (OPR), de la \nréception et des garanties, - Gestion des interfaces avec le mainteneur 40 points', 'Critère social et environnemental : 10 points'];['prix', 'social', 'environnemental & social'];[50.0, 40.0, 10.0];730.0;True;50000000.0;False;{'StreetName': 'IDF Est \n77 - 91 - 93 - 94', 'CityName': 'PARIS', 'PostalZone': '75013', 'NUTS': 'FR101', 'Country': 'FRA'};sans remise en concurrence;;26-85542;;2000000.0;5000000.0;LOT-0009;50413200;150000000.0;13;6.0;;Exécution de prestations de maintenance et de petits travaux pour les équipements de sécurité incendie, d’alarme et de lutte contre l’incendie.;ouverte;PRA;2.0;;;True;False;False;50000000.0;7120.0;Service central d'un ministère ;100  à  199;False;2016-03-03;84.11Z;2008;5710.0;SAS, société par actions simplifiée;250  à  499;False;<NA>;2008;F;43;43.2;43.22;43.22B;2009-10-29;;;;;;Paris;Paris;Île-de-France;;;;;;;;
False;;;True;True;False;attribue;{'StreetName': '130 Avenue Jean Jaurès', 'AdditionalStreetName': None, 'CityName': 'paris', 'PostalZone': '75019', 'Country': 'FRA'};394366215;True;TRAVAUX BATIMENTS ELECTRICITE SECURITE;TBES SAS;2026-09-04;{'StreetName': None, 'AdditionalStreetName': None, 'CityName': 'PARIS', 'PostalZone': '75703', 'Country': 'FRA'};130022205;True;DIRECTION DES ACHATS DE L'ETAT;Direction des Achats de l'Etat;;;services;['Prix indiqués au BPU « Travaux » appliqués à une simulation de commande (non communiquée aux candidats) 50 points', 'Critère technique :  Pertinence et adéquation au besoin de l’organisation des opérations de travaux spécifiquement mises en place pour l’exécution des marchés subséquents, en termes de : - Organigramme opérationnel, planification et méthodologie des \ntravaux, moyens humains de l’entreprise, qualifications, CV, - Gestion des opérations préalables à la réception (OPR), de la \nréception et des garanties, - Gestion des interfaces avec le mainteneur 40 points', 'Critère social et environnemental : 10 points'];['prix', 'social', 'environnemental & social'];[50.0, 40.0, 10.0];730.0;True;50000000.0;False;{'StreetName': 'IDF Ouest \n75 - 78 - 92 - 95', 'CityName': 'PARIS', 'PostalZone': '75013', 'NUTS': 'FR101', 'Country': 'FRA'};sans remise en concurrence;;26-85542;;6000000.0;6000000.0;LOT-0010;50413200;150000000.0;13;6.0;;Exécution de prestations de maintenance et de petits travaux pour les équipements de sécurité incendie, d’alarme et de lutte contre l’incendie.;ouverte;PRA;2.0;;;True;False;False;50000000.0;7120.0;Service central d'un ministère ;100  à  199;False;2016-03-03;84.11Z;2008;5710.0;SAS, société par actions simplifiée;100  à  199;False;<NA>;2008;F;43;43.2;43.21;43.21A;1994-03-10;(48.886332, 2.384359);Paris;Paris;Île-de-France;;Paris;Paris;Île-de-France;;;;;;;;
False;;;True;True;False;attribue;{'StreetName': '117, rue du Landy', 'AdditionalStreetName': None, 'CityName': 'Saint Denis', 'PostalZone': '93200', 'Country': 'FRA'};518201744;True;EIFFAGE ENERGIE SYSTEMES - SERVICES IDF;EIFFAGE Energies systèmes;2026-09-04;{'StreetName': None, 'AdditionalStreetName': None, 'CityName': 'PARIS', 'PostalZone': '75703', 'Country': 'FRA'};130022205;True;DIRECTION DES ACHATS DE L'ETAT;Direction des Achats de l'Etat;;;services;['Prix des pièces, appréciée sur la base d’une simulation de commande (non communiquée aux candidats) appliquée au BPU « Pièces » applicable au lot concerné. Un scénario de commande fictif sera utilisé pour départager les offres. \n40 à 60 points', 'Critère technique : Sous-critère 1 :   Pertinence et adéquation au besoin de l’organisation des opérations de \nmaintenance spécifiquement mises en place pour l’exécution des marchés de maintenance- \nsous-critère 2 : Pertinence et qualité de la description de la méthodologie du \nsoumissionnaire pour assurer la mise en place d’un nouvel outil de GMAO ou à défaut d’une GED accessible par internet. Présentation de l’outil retenu\n -sous-critère 3 : Pertinence et qualité de la description de la méthodologie pour assurer les levées des observations émises par les bureaux de contrôle \n30 à 60 points', 'Critère social et environnemental : 10 points'];['prix', 'qualite', 'environnemental & social'];;730.0;True;50000000.0;False;{'StreetName': '75-77-78-91-92-93-94-95', 'CityName': 'PARIS', 'PostalZone': '75013', 'NUTS': 'FR101', 'Country': 'FRA'};avec remise en concurrence;;26-85542;;4000000.0;2000000.0;LOT-0005;50413200;150000000.0;13;4.0;;Exécution de prestations de maintenance et de petits travaux pour les équipements de sécurité incendie, d’alarme et de lutte contre l’incendie.;ouverte;PRA;2.0;;;True;False;False;50000000.0;7120.0;Service central d'un ministère ;100  à  199;False;2016-03-03;84.11Z;2008;5710.0;SAS, société par actions simplifiée;250  à  499;False;<NA>;2008;F;43;43.2;43.22;43.22B;2009-10-29;;;;;;Paris;Paris;Île-de-France;;;;;;;;
False;;;True;True;False;attribue;{'StreetName': 'Division Bâtiments, Infrastructures & Services   \nAgence Services Bâtiment COURLIS 1   \n46/48 avenue Kléber', 'AdditionalStreetName': None, 'CityName': 'Colombes', 'PostalZone': '92700', 'Country': 'FRA'};409880044;True;INEO INDUSTRIE ET SERVICES IDF;INEO industrie et services idf;2026-09-04;{'StreetName': None, 'AdditionalStreetName': None, 'CityName': 'PARIS', 'PostalZone': '75703', 'Country': 'FRA'};130022205;True;DIRECTION DES ACHATS DE L'ETAT;Direction des Achats de l'Etat;;;services;['Prix des pièces, appréciée sur la base d’une simulation de commande (non communiquée aux candidats) appliquée au BPU « Pièces » applicable au lot concerné. Un scénario de commande fictif sera utilisé pour départager les offres. \n40 à 60 points', 'Critère technique : Sous-critère 1 :   Pertinence et adéquation au besoin de l’organisation des opérations de \nmaintenance spécifiquement mises en place pour l’exécution des marchés de maintenance- \nsous-critère 2 : Pertinence et qualité de la description de la méthodologie du \nsoumissionnaire pour assurer la mise en place d’un nouvel outil de GMAO ou à défaut d’une GED accessible par internet. Présentation de l’outil retenu\n -sous-critère 3 : Pertinence et qualité de la description de la méthodologie pour assurer les levées des observations émises par les bureaux de contrôle \n30 à 60 points', 'Critère social et environnemental : 10 points'];['prix', 'qualite', 'environnemental & social'];;730.0;True;50000000.0;False;{'StreetName': '75-77-78-91-92-93-94-95', 'CityName': 'PARIS', 'PostalZone': '75013', 'NUTS': 'FR101', 'Country': 'FRA'};avec remise en concurrence;;26-85542;;4000000.0;2000000.0;LOT-0005;50413200;150000000.0;13;4.0;;Exécution de prestations de maintenance et de petits travaux pour les équipements de sécurité incendie, d’alarme et de lutte contre l’incendie.;ouverte;PRA;2.0;;;True;False;False;50000000.0;7120.0;Service central d'un ministère ;100  à  199;False;2016-03-03;84.11Z;2008;5710.0;SAS, société par actions simplifiée;200  à  249;False;<NA>;2008;F;43;43.2;43.21;43.21A;1996-11-15;;;;;;Paris;Paris;Île-de-France;;;;;;;;
False;;;True;True;False;attribue;{'StreetName': '15 – 17 avenue Morane Saulnier', 'AdditionalStreetName': None, 'CityName': 'VELIZY VILLACOUBLAY', 'PostalZone': '78140', 'Country': 'FRA'};562016774;True;SIEMENS S.A.S;SIEMENS;2026-09-04;{'StreetName': None, 'AdditionalStreetName': None, 'CityName': 'PARIS', 'PostalZone': '75703', 'Country': 'FRA'};130022205;True;DIRECTION DES ACHATS DE L'ETAT;Direction des Achats de l'Etat;;;services;['Prix des pièces, appréciée sur la base d’une simulation de commande (non communiquée aux candidats) appliquée au BPU « Pièces » applicable au lot concerné. Un scénario de commande fictif sera utilisé pour départager les offres. \n40 à 60 points', 'Critère technique : Sous-critère 1 :   Pertinence et adéquation au besoin de l’organisation des opérations de \nmaintenance spécifiquement mises en place pour l’exécution des marchés de maintenance- \nsous-critère 2 : Pertinence et qualité de la description de la méthodologie du \nsoumissionnaire pour assurer la mise en place d’un nouvel outil de GMAO ou à défaut d’une GED accessible par internet. Présentation de l’outil retenu\n -sous-critère 3 : Pertinence et qualité de la description de la méthodologie pour assurer les levées des observations émises par les bureaux de contrôle \n30 à 60 points', 'Critère social et environnemental : 10 points'];['prix', 'qualite', 'environnemental & social'];;730.0;True;50000000.0;False;{'StreetName': '75-77-78-91-92-93-94-95', 'CityName': 'PARIS', 'PostalZone': '75013', 'NUTS': 'FR101', 'Country': 'FRA'};avec remise en concurrence;;26-85542;;4000000.0;2000000.0;LOT-0005;50413200;150000000.0;13;4.0;;Exécution de prestations de maintenance et de petits travaux pour les équipements de sécurité incendie, d’alarme et de lutte contre l’incendie.;ouverte;PRA;2.0;;;True;False;False;50000000.0;7120.0;Service central d'un ministère ;100  à  199;False;2016-03-03;84.11Z;2008;5710.0;SAS, société par actions simplifiée;2 000  à  4 999;False;False;2008;C;26;26.3;26.3;26.30Z;1956-01-01;(48.783813, 2.214279);Vélizy-Villacoublay;Yvelines;Île-de-France;;Paris;Paris;Île-de-France;;;;;;;;
False;;;True;True;False;attribue;{'StreetName': '6 rue Fructidor \nTSA 10027', 'AdditionalStreetName': None, 'CityName': 'SAINT-OUEN-SUR-SEINE', 'PostalZone': '93484', 'Country': 'FRA'};538700022;True;SPIE FACILITIES;SPIE Facilities;2026-09-04;{'StreetName': None, 'AdditionalStreetName': None, 'CityName': 'PARIS', 'PostalZone': '75703', 'Country': 'FRA'};130022205;True;DIRECTION DES ACHATS DE L'ETAT;Direction des Achats de l'Etat;;;services;['Prix des pièces, appréciée sur la base d’une simulation de commande (non communiquée aux candidats) appliquée au BPU « Pièces » applicable au lot concerné. Un scénario de commande fictif sera utilisé pour départager les offres. \n40 à 60 points', 'Critère technique : Sous-critère 1 :   Pertinence et adéquation au besoin de l’organisation des opérations de \nmaintenance spécifiquement mises en place pour l’exécution des marchés de maintenance- \nsous-critère 2 : Pertinence et qualité de la description de la méthodologie du \nsoumissionnaire pour assurer la mise en place d’un nouvel outil de GMAO ou à défaut d’une GED accessible par internet. Présentation de l’outil retenu\n -sous-critère 3 : Pertinence et qualité de la description de la méthodologie pour assurer les levées des observations émises par les bureaux de contrôle \n30 à 60 points', 'Critère social et environnemental : 10 points'];['prix', 'qualite', 'environnemental & social'];;730.0;True;50000000.0;False;{'StreetName': '75-77-78-91-92-93-94-95', 'CityName': 'PARIS', 'PostalZone': '75013', 'NUTS': 'FR101', 'Country': 'FRA'};avec remise en concurrence;;26-85542;;4000000.0;2000000.0;LOT-0005;50413200;150000000.0;13;4.0;;Exécution de prestations de maintenance et de petits travaux pour les équipements de sécurité incendie, d’alarme et de lutte contre l’incendie.;ouverte;PRA;2.0;;;True;False;False;50000000.0;7120.0;Service central d'un ministère ;100  à  199;False;2016-03-03;84.11Z;2008;5710.0;SAS, société par actions simplifiée;2 000  à  4 999;False;<NA>;2008;F;43;43.2;43.21;43.21A;2011-12-19;(48.90107, 2.323915);Saint-Ouen-sur-Seine;Seine-Saint-Denis;Île-de-France;;Paris;Paris;Île-de-France;;;;;;;;
False;;;True;True;False;attribue;{'StreetName': '117, rue du Landy', 'AdditionalStreetName': None, 'CityName': 'Saint Denis', 'PostalZone': '93200', 'Country': 'FRA'};518201744;True;EIFFAGE ENERGIE SYSTEMES - SERVICES IDF;EIFFAGE Energies systèmes;2026-09-04;{'StreetName': None, 'AdditionalStreetName': None, 'CityName': 'PARIS', 'PostalZone': '75703', 'Country': 'FRA'};130022205;True;DIRECTION DES ACHATS DE L'ETAT;Direction des Achats de l'Etat;;;services;['Prix des pièces, appréciée sur la base d’une simulation de commande (non communiquée aux candidats) appliquée au BPU « Pièces » applicable au lot concerné. Un scénario de commande fictif sera utilisé pour départager les offres. \n40 à 60 points', 'Critère technique : Sous-critère 1 :   Pertinence et adéquation au besoin de l’organisation des opérations de \nmaintenance spécifiquement mises en place pour l’exécution des marchés de maintenance- \nsous-critère 2 : Pertinence et qualité de la description de la méthodologie du \nsoumissionnaire pour assurer la mise en place d’un nouvel outil de GMAO ou à défaut d’une GED accessible par internet. Présentation de l’outil retenu\n -sous-critère 3 : Pertinence et qualité de la description de la méthodologie pour assurer les levées des observations émises par les bureaux de contrôle \n30 à 60 points', 'Critère social et environnemental : 10 points'];['prix', 'qualite', 'environnemental & social'];;730.0;True;50000000.0;False;{'StreetName': '75-77-78-91-92-93-94-95', 'CityName': 'PARIS', 'PostalZone': '75013', 'NUTS': 'FR101', 'Country': 'FRA'};avec remise en concurrence;;26-85542;;4000000.0;2000000.0;LOT-0005;50413200;150000000.0;13;4.0;;Exécution de prestations de maintenance et de petits travaux pour les équipements de sécurité incendie, d’alarme et de lutte contre l’incendie.;ouverte;PRA;2.0;;;True;False;False;50000000.0;7120.0;Service central d'un ministère ;100  à  199;False;2016-03-03;84.11Z;2008;5710.0;SAS, société par actions simplifiée;250  à  499;False;<NA>;2008;F;43;43.2;43.22;43.22B;2009-10-29;;;;;;Paris;Paris;Île-de-France;;;;;;;;
False;;;True;True;False;attribue;{'StreetName': 'Division Bâtiments, Infrastructures & Services   \nAgence Services Bâtiment COURLIS 1   \n46/48 avenue Kléber', 'AdditionalStreetName': None, 'CityName': 'Colombes', 'PostalZone': '92700', 'Country': 'FRA'};409880044;True;INEO INDUSTRIE ET SERVICES IDF;INEO industrie et services idf;2026-09-04;{'StreetName': None, 'AdditionalStreetName': None, 'CityName': 'PARIS', 'PostalZone': '75703', 'Country': 'FRA'};130022205;True;DIRECTION DES ACHATS DE L'ETAT;Direction des Achats de l'Etat;;;services;['Prix des pièces, appréciée sur la base d’une simulation de commande (non communiquée aux candidats) appliquée au BPU « Pièces » applicable au lot concerné. Un scénario de commande fictif sera utilisé pour départager les offres. \n40 à 60 points', 'Critère technique : Sous-critère 1 :   Pertinence et adéquation au besoin de l’organisation des opérations de \nmaintenance spécifiquement mises en place pour l’exécution des marchés de maintenance- \nsous-critère 2 : Pertinence et qualité de la description de la méthodologie du \nsoumissionnaire pour assurer la mise en place d’un nouvel outil de GMAO ou à défaut d’une GED accessible par internet. Présentation de l’outil retenu\n -sous-critère 3 : Pertinence et qualité de la description de la méthodologie pour assurer les levées des observations émises par les bureaux de contrôle \n30 à 60 points', 'Critère social et environnemental : 10 points'];['prix', 'qualite', 'environnemental & social'];;730.0;True;50000000.0;False;{'StreetName': '75-77-78-91-92-93-94-95', 'CityName': 'PARIS', 'PostalZone': '75013', 'NUTS': 'FR101', 'Country': 'FRA'};avec remise en concurrence;;26-85542;;4000000.0;2000000.0;LOT-0005;50413200;150000000.0;13;4.0;;Exécution de prestations de maintenance et de petits travaux pour les équipements de sécurité incendie, d’alarme et de lutte contre l’incendie.;ouverte;PRA;2.0;;;True;False;False;50000000.0;7120.0;Service central d'un ministère ;100  à  199;False;2016-03-03;84.11Z;2008;5710.0;SAS, société par actions simplifiée;200  à  249;False;<NA>;2008;F;43;43.2;43.21;43.21A;1996-11-15;;;;;;Paris;Paris;Île-de-France;;;;;;;;
False;;;True;True;False;attribue;{'StreetName': '15 – 17 avenue Morane Saulnier', 'AdditionalStreetName': None, 'CityName': 'VELIZY VILLACOUBLAY', 'PostalZone': '78140', 'Country': 'FRA'};562016774;True;SIEMENS S.A.S;SIEMENS;2026-09-04;{'StreetName': None, 'AdditionalStreetName': None, 'CityName': 'PARIS', 'PostalZone': '75703', 'Country': 'FRA'};130022205;True;DIRECTION DES ACHATS DE L'ETAT;Direction des Achats de l'Etat;;;services;['Prix des pièces, appréciée sur la base d’une simulation de commande (non communiquée aux candidats) appliquée au BPU « Pièces » applicable au lot concerné. Un scénario de commande fictif sera utilisé pour départager les offres. \n40 à 60 points', 'Critère technique : Sous-critère 1 :   Pertinence et adéquation au besoin de l’organisation des opérations de \nmaintenance spécifiquement mises en place pour l’exécution des marchés de maintenance- \nsous-critère 2 : Pertinence et qualité de la description de la méthodologie du \nsoumissionnaire pour assurer la mise en place d’un nouvel outil de GMAO ou à défaut d’une GED accessible par internet. Présentation de l’outil retenu\n -sous-critère 3 : Pertinence et qualité de la description de la méthodologie pour assurer les levées des observations émises par les bureaux de contrôle \n30 à 60 points', 'Critère social et environnemental : 10 points'];['prix', 'qualite', 'environnemental & social'];;730.0;True;50000000.0;False;{'StreetName': '75-77-78-91-92-93-94-95', 'CityName': 'PARIS', 'PostalZone': '75013', 'NUTS': 'FR101', 'Country': 'FRA'};avec remise en concurrence;;26-85542;;4000000.0;2000000.0;LOT-0005;50413200;150000000.0;13;4.0;;Exécution de prestations de maintenance et de petits travaux pour les équipements de sécurité incendie, d’alarme et de lutte contre l’incendie.;ouverte;PRA;2.0;;;True;False;False;50000000.0;7120.0;Service central d'un ministère ;100  à  199;False;2016-03-03;84.11Z;2008;5710.0;SAS, société par actions simplifiée;2 000  à  4 999;False;False;2008;C;26;26.3;26.3;26.30Z;1956-01-01;(48.783813, 2.214279);Vélizy-Villacoublay;Yvelines;Île-de-France;;Paris;Paris;Île-de-France;;;;;;;;
False;;;True;True;False;attribue;{'StreetName': '6 rue Fructidor \nTSA 10027', 'AdditionalStreetName': None, 'CityName': 'SAINT-OUEN-SUR-SEINE', 'PostalZone': '93484', 'Country': 'FRA'};538700022;True;SPIE FACILITIES;SPIE Facilities;2026-09-04;{'StreetName': None, 'AdditionalStreetName': None, 'CityName': 'PARIS', 'PostalZone': '75703', 'Country': 'FRA'};130022205;True;DIRECTION DES ACHATS DE L'ETAT;Direction des Achats de l'Etat;;;services;['Prix des pièces, appréciée sur la base d’une simulation de commande (non communiquée aux candidats) appliquée au BPU « Pièces » applicable au lot concerné. Un scénario de commande fictif sera utilisé pour départager les offres. \n40 à 60 points', 'Critère technique : Sous-critère 1 :   Pertinence et adéquation au besoin de l’organisation des opérations de \nmaintenance spécifiquement mises en place pour l’exécution des marchés de maintenance- \nsous-critère 2 : Pertinence et qualité de la description de la méthodologie du \nsoumissionnaire pour assurer la mise en place d’un nouvel outil de GMAO ou à défaut d’une GED accessible par internet. Présentation de l’outil retenu\n -sous-critère 3 : Pertinence et qualité de la description de la méthodologie pour assurer les levées des observations émises par les bureaux de contrôle \n30 à 60 points', 'Critère social et environnemental : 10 points'];['prix', 'qualite', 'environnemental & social'];;730.0;True;50000000.0;False;{'StreetName': '75-77-78-91-92-93-94-95', 'CityName': 'PARIS', 'PostalZone': '75013', 'NUTS': 'FR101', 'Country': 'FRA'};avec remise en concurrence;;26-85542;;4000000.0;2000000.0;LOT-0005;50413200;150000000.0;13;4.0;;Exécution de prestations de maintenance et de petits travaux pour les équipements de sécurité incendie, d’alarme et de lutte contre l’incendie.;ouverte;PRA;2.0;;;True;False;False;50000000.0;7120.0;Service central d'un ministère ;100  à  199;False;2016-03-03;84.11Z;2008;5710.0;SAS, société par actions simplifiée;2 000  à  4 999;False;<NA>;2008;F;43;43.2;43.21;43.21A;2011-12-19;(48.90107, 2.323915);Saint-Ouen-sur-Seine;Seine-Saint-Denis;Île-de-France;;Paris;Paris;Île-de-France;;;;;;;;
False;;;True;True;False;attribue;{'StreetName': '117, rue du Landy', 'AdditionalStreetName': None, 'CityName': 'Saint Denis', 'PostalZone': '93200', 'Country': 'FRA'};518201744;True;EIFFAGE ENERGIE SYSTEMES - SERVICES IDF;EIFFAGE Energies systèmes;2026-09-04;{'StreetName': None, 'AdditionalStreetName': None, 'CityName': 'PARIS', 'PostalZone': '75703', 'Country': 'FRA'};130022205;True;DIRECTION DES ACHATS DE L'ETAT;Direction des Achats de l'Etat;;;services;['Prix des pièces, appréciée sur la base d’une simulation de commande (non communiquée aux candidats) appliquée au BPU « Pièces » applicable au lot concerné. Un scénario de commande fictif sera utilisé pour départager les offres. \n40 à 60 points', 'Critère technique : Sous-critère 1 :   Pertinence et adéquation au besoin de l’organisation des opérations de \nmaintenance spécifiquement mises en place pour l’exécution des marchés de maintenance- \nsous-critère 2 : Pertinence et qualité de la description de la méthodologie du \nsoumissionnaire pour assurer la mise en place d’un nouvel outil de GMAO ou à défaut d’une GED accessible par internet. Présentation de l’outil retenu\n -sous-critère 3 : Pertinence et qualité de la description de la méthodologie pour assurer les levées des observations émises par les bureaux de contrôle \n30 à 60 points', 'Critère social et environnemental : 10 points'];['prix', 'qualite', 'environnemental & social'];;730.0;True;50000000.0;False;{'StreetName': '75-77-78-91-92-93-94-95', 'CityName': 'PARIS', 'PostalZone': '75013', 'NUTS': 'FR101', 'Country': 'FRA'};avec remise en concurrence;;26-85542;;4000000.0;2000000.0;LOT-0005;50413200;150000000.0;13;4.0;;Exécution de prestations de maintenance et de petits travaux pour les équipements de sécurité incendie, d’alarme et de lutte contre l’incendie.;ouverte;PRA;2.0;;;True;False;False;50000000.0;7120.0;Service central d'un ministère ;100  à  199;False;2016-03-03;84.11Z;2008;5710.0;SAS, société par actions simplifiée;250  à  499;False;<NA>;2008;F;43;43.2;43.22;43.22B;2009-10-29;;;;;;Paris;Paris;Île-de-France;;;;;;;;
False;;;True;True;False;attribue;{'StreetName': 'Division Bâtiments, Infrastructures & Services   \nAgence Services Bâtiment COURLIS 1   \n46/48 avenue Kléber', 'AdditionalStreetName': None, 'CityName': 'Colombes', 'PostalZone': '92700', 'Country': 'FRA'};409880044;True;INEO INDUSTRIE ET SERVICES IDF;INEO industrie et services idf;2026-09-04;{'StreetName': None, 'AdditionalStreetName': None, 'CityName': 'PARIS', 'PostalZone': '75703', 'Country': 'FRA'};130022205;True;DIRECTION DES ACHATS DE L'ETAT;Direction des Achats de l'Etat;;;services;['Prix des pièces, appréciée sur la base d’une simulation de commande (non communiquée aux candidats) appliquée au BPU « Pièces » applicable au lot concerné. Un scénario de commande fictif sera utilisé pour départager les offres. \n40 à 60 points', 'Critère technique : Sous-critère 1 :   Pertinence et adéquation au besoin de l’organisation des opérations de \nmaintenance spécifiquement mises en place pour l’exécution des marchés de maintenance- \nsous-critère 2 : Pertinence et qualité de la description de la méthodologie du \nsoumissionnaire pour assurer la mise en place d’un nouvel outil de GMAO ou à défaut d’une GED accessible par internet. Présentation de l’outil retenu\n -sous-critère 3 : Pertinence et qualité de la description de la méthodologie pour assurer les levées des observations émises par les bureaux de contrôle \n30 à 60 points', 'Critère social et environnemental : 10 points'];['prix', 'qualite', 'environnemental & social'];;730.0;True;50000000.0;False;{'StreetName': '75-77-78-91-92-93-94-95', 'CityName': 'PARIS', 'PostalZone': '75013', 'NUTS': 'FR101', 'Country': 'FRA'};avec remise en concurrence;;26-85542;;4000000.0;2000000.0;LOT-0005;50413200;150000000.0;13;4.0;;Exécution de prestations de maintenance et de petits travaux pour les équipements de sécurité incendie, d’alarme et de lutte contre l’incendie.;ouverte;PRA;2.0;;;True;False;False;50000000.0;7120.0;Service central d'un ministère ;100  à  199;False;2016-03-03;84.11Z;2008;5710.0;SAS, société par actions simplifiée;200  à  249;False;<NA>;2008;F;43;43.2;43.21;43.21A;1996-11-15;;;;;;Paris;Paris;Île-de-France;;;;;;;;
False;;;True;True;False;attribue;{'StreetName': '15 – 17 avenue Morane Saulnier', 'AdditionalStreetName': None, 'CityName': 'VELIZY VILLACOUBLAY', 'PostalZone': '78140', 'Country': 'FRA'};562016774;True;SIEMENS S.A.S;SIEMENS;2026-09-04;{'StreetName': None, 'AdditionalStreetName': None, 'CityName': 'PARIS', 'PostalZone': '75703', 'Country': 'FRA'};130022205;True;DIRECTION DES ACHATS DE L'ETAT;Direction des Achats de l'Etat;;;services;['Prix des pièces, appréciée sur la base d’une simulation de commande (non communiquée aux candidats) appliquée au BPU « Pièces » applicable au lot concerné. Un scénario de commande fictif sera utilisé pour départager les offres. \n40 à 60 points', 'Critère technique : Sous-critère 1 :   Pertinence et adéquation au besoin de l’organisation des opérations de \nmaintenance spécifiquement mises en place pour l’exécution des marchés de maintenance- \nsous-critère 2 : Pertinence et qualité de la description de la méthodologie du \nsoumissionnaire pour assurer la mise en place d’un nouvel outil de GMAO ou à défaut d’une GED accessible par internet. Présentation de l’outil retenu\n -sous-critère 3 : Pertinence et qualité de la description de la méthodologie pour assurer les levées des observations émises par les bureaux de contrôle \n30 à 60 points', 'Critère social et environnemental : 10 points'];['prix', 'qualite', 'environnemental & social'];;730.0;True;50000000.0;False;{'StreetName': '75-77-78-91-92-93-94-95', 'CityName': 'PARIS', 'PostalZone': '75013', 'NUTS': 'FR101', 'Country': 'FRA'};avec remise en concurrence;;26-85542;;4000000.0;2000000.0;LOT-0005;50413200;150000000.0;13;4.0;;Exécution de prestations de maintenance et de petits travaux pour les équipements de sécurité incendie, d’alarme et de lutte contre l’incendie.;ouverte;PRA;2.0;;;True;False;False;50000000.0;7120.0;Service central d'un ministère ;100  à  199;False;2016-03-03;84.11Z;2008;5710.0;SAS, société par actions simplifiée;2 000  à  4 999;False;False;2008;C;26;26.3;26.3;26.30Z;1956-01-01;(48.783813, 2.214279);Vélizy-Villacoublay;Yvelines;Île-de-France;;Paris;Paris;Île-de-France;;;;;;;;
False;;;True;True;False;attribue;{'StreetName': '6 rue Fructidor \nTSA 10027', 'AdditionalStreetName': None, 'CityName': 'SAINT-OUEN-SUR-SEINE', 'PostalZone': '93484', 'Country': 'FRA'};538700022;True;SPIE FACILITIES;SPIE Facilities;2026-09-04;{'StreetName': None, 'AdditionalStreetName': None, 'CityName': 'PARIS', 'PostalZone': '75703', 'Country': 'FRA'};130022205;True;DIRECTION DES ACHATS DE L'ETAT;Direction des Achats de l'Etat;;;services;['Prix des pièces, appréciée sur la base d’une simulation de commande (non communiquée aux candidats) appliquée au BPU « Pièces » applicable au lot concerné. Un scénario de commande fictif sera utilisé pour départager les offres. \n40 à 60 points', 'Critère technique : Sous-critère 1 :   Pertinence et adéquation au besoin de l’organisation des opérations de \nmaintenance spécifiquement mises en place pour l’exécution des marchés de maintenance- \nsous-critère 2 : Pertinence et qualité de la description de la méthodologie du \nsoumissionnaire pour assurer la mise en place d’un nouvel outil de GMAO ou à défaut d’une GED accessible par internet. Présentation de l’outil retenu\n -sous-critère 3 : Pertinence et qualité de la description de la méthodologie pour assurer les levées des observations émises par les bureaux de contrôle \n30 à 60 points', 'Critère social et environnemental : 10 points'];['prix', 'qualite', 'environnemental & social'];;730.0;True;50000000.0;False;{'StreetName': '75-77-78-91-92-93-94-95', 'CityName': 'PARIS', 'PostalZone': '75013', 'NUTS': 'FR101', 'Country': 'FRA'};avec remise en concurrence;;26-85542;;4000000.0;2000000.0;LOT-0005;50413200;150000000.0;13;4.0;;Exécution de prestations de maintenance et de petits travaux pour les équipements de sécurité incendie, d’alarme et de lutte contre l’incendie.;ouverte;PRA;2.0;;;True;False;False;50000000.0;7120.0;Service central d'un ministère ;100  à  199;False;2016-03-03;84.11Z;2008;5710.0;SAS, société par actions simplifiée;2 000  à  4 999;False;<NA>;2008;F;43;43.2;43.21;43.21A;2011-12-19;(48.90107, 2.323915);Saint-Ouen-sur-Seine;Seine-Saint-Denis;Île-de-France;;Paris;Paris;Île-de-France;;;;;;;;
False;;;False;True;False;attribue;{'StreetName': '505 place des champs Elysées', 'AdditionalStreetName': None, 'CityName': 'Evry-Courcouronnes', 'PostalZone': '91080', 'Country': 'FRA'};490225737;True;S3M SECURITE;S3M SECURITE;2026-09-04;{'StreetName': 'BCRM DE BREST', 'AdditionalStreetName': None, 'CityName': 'BREST CEDEX 9', 'PostalZone': '29240', 'Country': 'FRA'};130015399;True;;MINDEF/SCA/PFAF OUEST;;;services;['Prix', 'technique', 'environnemental'];['prix', 'technique', 'environnemental'];;1440.0;True;29377000.0;False;{'StreetName': None, 'CityName': None, 'PostalZone': None, 'NUTS': 'FRH04', 'Country': 'FRA'};sans remise en concurrence;;26-85418;;4460088.0;4880000.0;LOT-0001;79713000;73442500.0;6;9.0;;prestations d’accueil sécuritaire, de filtrage et de gardiennage au profit des sites du ministère des Armées de la base défense Brest-Lorient;ouverte;DAF_2025_000871;;;;False;False;False;;;;;;<NA>;<NA>;<NA>;5710.0;SAS, société par actions simplifiée;2 000  à  4 999;False;<NA>;2008;N;80;80.1;80.1;80.10Z;2006-05-02;(48.623297, 2.423207);Évry-Courcouronnes;Essonne;Île-de-France;(48.428804, -4.61802);Saint-Renan;Finistère;Bretagne;;;;;;;;
False;;;False;True;False;attribue;{'StreetName': '505 place des champs Elysées', 'AdditionalStreetName': None, 'CityName': 'Evry-Courcouronnes', 'PostalZone': '91080', 'Country': 'FRA'};490225737;True;S3M SECURITE;S3M SECURITE;2026-09-04;{'StreetName': 'BCRM DE BREST', 'AdditionalStreetName': None, 'CityName': 'BREST CEDEX 9', 'PostalZone': '29240', 'Country': 'FRA'};130015399;True;;MINDEF/SCA/PFAF OUEST;;;services;['Prix'];['prix'];[100];1440.0;True;29377000.0;False;{'StreetName': None, 'CityName': 'BREST', 'PostalZone': None, 'NUTS': 'FRH02', 'Country': 'FRA'};sans remise en concurrence;;26-85418;;9945293.0;10312000.0;LOT-0002;79713000;73442500.0;6;9.0;;prestations d’accueil sécuritaire, de filtrage et de gardiennage au profit des sites du ministère des Armées de la base défense Brest-Lorient;ouverte;DAF_2025_000871;;;;False;False;False;;;;;;<NA>;<NA>;<NA>;5710.0;SAS, société par actions simplifiée;2 000  à  4 999;False;<NA>;2008;N;80;80.1;80.1;80.10Z;2006-05-02;(48.623297, 2.423207);Évry-Courcouronnes;Essonne;Île-de-France;(48.428804, -4.61802);Saint-Renan;Finistère;Bretagne;;;;;;;;
False;;;False;True;False;attribue;{'StreetName': '505 place des champs Elysées', 'AdditionalStreetName': None, 'CityName': 'Evry-Courcouronnes', 'PostalZone': '91080', 'Country': 'FRA'};490225737;True;S3M SECURITE;S3M SECURITE;2026-09-04;{'StreetName': 'BCRM DE BREST', 'AdditionalStreetName': None, 'CityName': 'BREST CEDEX 9', 'PostalZone': '29240', 'Country': 'FRA'};130015399;True;;MINDEF/SCA/PFAF OUEST;;;services;['Prix'];['prix'];[100];1440.0;True;29377000.0;False;{'StreetName': 'Rue du Poulmic\n29 160 Lanvéoc', 'CityName': 'LANVEOC', 'PostalZone': '29 160', 'NUTS': 'FRH02', 'Country': 'FRA'};sans remise en concurrence;;26-85418;;1846441.0;2146000.0;LOT-0003;79713000;73442500.0;6;8.0;;prestations d’accueil sécuritaire, de filtrage et de gardiennage au profit des sites du ministère des Armées de la base défense Brest-Lorient;ouverte;DAF_2025_000871;;;;False;False;False;;;;;;<NA>;<NA>;<NA>;5710.0;SAS, société par actions simplifiée;2 000  à  4 999;False;<NA>;2008;N;80;80.1;80.1;80.10Z;2006-05-02;(48.623297, 2.423207);Évry-Courcouronnes;Essonne;Île-de-France;(48.428804, -4.61802);Saint-Renan;Finistère;Bretagne;;;;;;;;
False;;;False;True;False;attribue;{'StreetName': '505 place des champs Elysées', 'AdditionalStreetName': None, 'CityName': 'Evry-Courcouronnes', 'PostalZone': '91080', 'Country': 'FRA'};490225737;True;S3M SECURITE;S3M SECURITE;2026-09-04;{'StreetName': 'BCRM DE BREST', 'AdditionalStreetName': None, 'CityName': 'BREST CEDEX 9', 'PostalZone': '29240', 'Country': 'FRA'};130015399;True;;MINDEF/SCA/PFAF OUEST;;;services;['Prix'];['prix'];[100];1440.0;True;29377000.0;False;{'StreetName': None, 'CityName': None, 'PostalZone': None, 'NUTS': 'FRH02', 'Country': 'FRA'};sans remise en concurrence;;26-85418;;3131422.0;3681000.0;LOT-0004;79713000;73442500.0;6;10.0;;prestations d’accueil sécuritaire, de filtrage et de gardiennage au profit des sites du ministère des Armées de la base défense Brest-Lorient;ouverte;DAF_2025_000871;;;;False;False;False;;;;;;<NA>;<NA>;<NA>;5710.0;SAS, société par actions simplifiée;2 000  à  4 999;False;<NA>;2008;N;80;80.1;80.1;80.10Z;2006-05-02;(48.623297, 2.423207);Évry-Courcouronnes;Essonne;Île-de-France;(48.428804, -4.61802);Saint-Renan;Finistère;Bretagne;;;;;;;;
False;;;False;True;False;attribue;{'StreetName': '505 place des champs Elysées', 'AdditionalStreetName': None, 'CityName': 'Evry-Courcouronnes', 'PostalZone': '91080', 'Country': 'FRA'};490225737;True;S3M SECURITE;S3M SECURITE;2026-09-04;{'StreetName': 'BCRM DE BREST', 'AdditionalStreetName': None, 'CityName': 'BREST CEDEX 9', 'PostalZone': '29240', 'Country': 'FRA'};130015399;True;;MINDEF/SCA/PFAF OUEST;;;services;['Prix'];['prix'];[100];1440.0;True;29377000.0;False;{'StreetName': None, 'CityName': 'Brest', 'PostalZone': None, 'NUTS': 'FRH02', 'Country': 'FRA'};sans remise en concurrence;;26-85418;;1671401.0;1985000.0;LOT-0005;79713000;73442500.0;6;11.0;;prestations d’accueil sécuritaire, de filtrage et de gardiennage au profit des sites du ministère des Armées de la base défense Brest-Lorient;ouverte;DAF_2025_000871;;;;False;False;False;;;;;;<NA>;<NA>;<NA>;5710.0;SAS, société par actions simplifiée;2 000  à  4 999;False;<NA>;2008;N;80;80.1;80.1;80.10Z;2006-05-02;(48.623297, 2.423207);Évry-Courcouronnes;Essonne;Île-de-France;(48.428804, -4.61802);Saint-Renan;Finistère;Bretagne;;;;;;;;
False;;;False;True;False;attribue;{'StreetName': '505 place des champs Elysées', 'AdditionalStreetName': None, 'CityName': 'Evry-Courcouronnes', 'PostalZone': '91080', 'Country': 'FRA'};490225737;True;S3M SECURITE;S3M SECURITE;2026-09-04;{'StreetName': 'BCRM DE BREST', 'AdditionalStreetName': None, 'CityName': 'BREST CEDEX 9', 'PostalZone': '29240', 'Country': 'FRA'};130015399;True;;MINDEF/SCA/PFAF OUEST;;;services;['Prix'];['prix'];[100];1440.0;True;29377000.0;False;{'StreetName': None, 'CityName': None, 'PostalZone': None, 'NUTS': 'FRH02', 'Country': 'FRA'};sans remise en concurrence;;26-85418;;5201410.0;6373000.0;LOT-0006;79713000;73442500.0;6;10.0;;prestations d’accueil sécuritaire, de filtrage et de gardiennage au profit des sites du ministère des Armées de la base défense Brest-Lorient;ouverte;DAF_2025_000871;;;;False;False;False;;;;;;<NA>;<NA>;<NA>;5710.0;SAS, société par actions simplifiée;2 000  à  4 999;False;<NA>;2008;N;80;80.1;80.1;80.10Z;2006-05-02;(48.623297, 2.423207);Évry-Courcouronnes;Essonne;Île-de-France;(48.428804, -4.61802);Saint-Renan;Finistère;Bretagne;;;;;;;;
False;;;True;True;False;non attribue;;;False;;;2026-09-04;{'StreetName': '12 avenue Marceau', 'AdditionalStreetName': None, 'CityName': 'Paris', 'PostalZone': '75008', 'Country': 'FRA'};187500046;True;CMA FRANCE;CMA France;;;services;['Critère technique'];['technique'];;365.0;False;;False;{'StreetName': None, 'CityName': None, 'PostalZone': None, 'NUTS': 'FR101', 'Country': 'FRA'};sans remise en concurrence;;26-85410;25-74417;;30000.0;LOT-0001;79600000;;6;22.0;;Prestations de recrutement de personnel cadre et non cadre;ouverte;2026-01;3.0;;False;False;False;False;;7381.0;Organisme consulaire ;100  à  199;False;1982-01-01;94.11Z;2008;;;;;;<NA>;;;;;<NA>;<NA>;;;;;(48.866165, 2.299936);Paris;Paris;Île-de-France;;;;;;;;
False;;;True;True;False;non attribue;;;False;;;2026-09-04;{'StreetName': '12 avenue Marceau', 'AdditionalStreetName': None, 'CityName': 'Paris', 'PostalZone': '75008', 'Country': 'FRA'};187500046;True;CMA FRANCE;CMA France;;;services;['Critère technique'];['technique'];;365.0;False;;False;{'StreetName': None, 'CityName': None, 'PostalZone': None, 'NUTS': 'FR101', 'Country': 'FRA'};sans remise en concurrence;;26-85410;25-74417;;100000.0;LOT-0002;79600000;;6;21.0;;Prestations de recrutement de personnel cadre et non cadre;ouverte;2026-01;3.0;;False;False;False;False;;7381.0;Organisme consulaire ;100  à  199;False;1982-01-01;94.11Z;2008;;;;;;<NA>;;;;;<NA>;<NA>;;;;;(48.866165, 2.299936);Paris;Paris;Île-de-France;;;;;;;;
False;;;True;True;False;non attribue;;;False;;;2026-09-04;{'StreetName': '12 avenue Marceau', 'AdditionalStreetName': None, 'CityName': 'Paris', 'PostalZone': '75008', 'Country': 'FRA'};187500046;True;CMA FRANCE;CMA France;;;services;['Critère technique'];['technique'];;365.0;False;;False;{'StreetName': None, 'CityName': None, 'PostalZone': None, 'NUTS': 'FR101', 'Country': 'FRA'};sans remise en concurrence;;26-85410;25-74417;;450000.0;LOT-0003;79600000;;6;26.0;;Prestations de recrutement de personnel cadre et non cadre;ouverte;2026-01;3.0;;False;False;False;False;;7381.0;Organisme consulaire ;100  à  199;False;1982-01-01;94.11Z;2008;;;;;;<NA>;;;;;<NA>;<NA>;;;;;(48.866165, 2.299936);Paris;Paris;Île-de-France;;;;;;;;
False;;;True;True;False;non attribue;;;False;;;2026-09-04;{'StreetName': '12 avenue Marceau', 'AdditionalStreetName': None, 'CityName': 'Paris', 'PostalZone': '75008', 'Country': 'FRA'};187500046;True;CMA FRANCE;CMA France;;;services;['Critère technique'];['technique'];;365.0;False;;False;{'StreetName': None, 'CityName': None, 'PostalZone': None, 'NUTS': 'FR101', 'Country': 'FRA'};sans remise en concurrence;;26-85410;25-74417;;2000.0;LOT-0004;79600000;;6;20.0;;Prestations de recrutement de personnel cadre et non cadre;ouverte;2026-01;3.0;;False;False;False;False;;7381.0;Organisme consulaire ;100  à  199;False;1982-01-01;94.11Z;2008;;;;;;<NA>;;;;;<NA>;<NA>;;;;;(48.866165, 2.299936);Paris;Paris;Île-de-France;;;;;;;;
False;;;True;True;False;non attribue;;;False;;;2026-09-04;{'StreetName': '12 avenue Marceau', 'AdditionalStreetName': None, 'CityName': 'Paris', 'PostalZone': '75008', 'Country': 'FRA'};187500046;True;CMA FRANCE;CMA France;;;services;['Critère technique'];['technique'];;365.0;False;;False;{'StreetName': None, 'CityName': None, 'PostalZone': None, 'NUTS': 'FR101', 'Country': 'FRA'};sans remise en concurrence;;26-85410;25-74417;;4000.0;LOT-0005;79600000;;6;20.0;;Prestations de recrutement de personnel cadre et non cadre;ouverte;2026-01;3.0;;False;False;False;False;;7381.0;Organisme consulaire ;100  à  199;False;1982-01-01;94.11Z;2008;;;;;;<NA>;;;;;<NA>;<NA>;;;;;(48.866165, 2.299936);Paris;Paris;Île-de-France;;;;;;;;
False;;;True;True;False;non attribue;;;False;;;2026-09-04;{'StreetName': '12 avenue Marceau', 'AdditionalStreetName': None, 'CityName': 'Paris', 'PostalZone': '75008', 'Country': 'FRA'};187500046;True;CMA FRANCE;CMA France;;;services;['Critère technique'];['technique'];;365.0;False;;False;{'StreetName': None, 'CityName': None, 'PostalZone': None, 'NUTS': 'FR101', 'Country': 'FRA'};sans remise en concurrence;;26-85410;25-74417;;;LOT-0006;79600000;;6;18.0;;Prestations de recrutement de personnel cadre et non cadre;ouverte;2026-01;3.0;;False;False;False;False;;7381.0;Organisme consulaire ;100  à  199;False;1982-01-01;94.11Z;2008;;;;;;<NA>;;;;;<NA>;<NA>;;;;;(48.866165, 2.299936);Paris;Paris;Île-de-France;;;;;;;;
False;;;True;False;False;attribue;{'StreetName': '73 rue de Vaugirard', 'AdditionalStreetName': None, 'CityName': 'Paris', 'PostalZone': '75006', 'Country': 'FRA'};915299572;True;MANTLE FRANCE;MANTLE France;2026-09-04;{'StreetName': None, 'AdditionalStreetName': None, 'CityName': 'Paris', 'PostalZone': '75008', 'Country': 'FRA'};120014048;True;DIRECTION DE L'EVALUATION DE LA PERFORMANCE ET DES AFFAIRES FINANCIERES ET IMMOBILIERES;Ministère de l'Intérieur;;2026-08-11+02:00;services;"['30%', ""70% composé décomposé : Sous-critère technique a - Les moyens, méthodes et techniques proposés pour le développement, la mise en place des outils techniques utilisés tout au long de l’enquête (20 points) - Sous-critère technique b- Les moyens, les méthodes et les techniques proposés pour l’exécution des phases de tests de chaque vague (15 points) - Sous-critère technique c- Les moyens, les méthodes et les techniques proposées pour l'exécution des enquêtes sur le terrain et le retour d’informations aux enquêtés (35 points)""]";['prix', 'technique'];[30.0, 70.0];1440.0;True;6500000.0;True;{'StreetName': None, 'CityName': None, 'PostalZone': None, 'NUTS': None, 'Country': 'FRA'};sans remise en concurrence;;26-85371;;6500000.0;6500000.0;LOT-0001;79311200;19500000.0;1;2.0;;Enquête statistique ELIPA3;ouverte;PRA051054;0.0;;;True;False;False;6500000.0;7120.0;Service central d'un ministère ;250  à  499;<NA>;1983-03-01;84.11Z;2008;5710.0;SAS, société par actions simplifiée;20  à  49;False;<NA>;2008;M;73;73.2;73.2;73.20Z;2022-07-05;(48.846517, 2.325327);Paris;Paris;Île-de-France;;Paris;Paris;Île-de-France;;;;;;;;
False;;;True;False;False;attribue;;;False;;;2026-09-04;{'StreetName': '21/23 Rue Miollis', 'AdditionalStreetName': None, 'CityName': 'PARIS', 'PostalZone': '75015', 'Country': 'FRA'};130029325;True;DIRECTION REGIONALE ET INTERDEPARTEMENTALE DE L'ENVIRONNEMENT, DE L'AMENAGEMENT ET DES TRANSPORTS D'ILE-DE-FRANCE;DRIEAT;;;services;"['Le prix, apprécié au regard du document financier', ""La valeur technique de l'offre, appréciée au regard du mémoire technique et selon les sous-critères énoncé."", ""La valeur environnementale de l'offre, appréciée au regard de la qualité du mémoire environnemental et selon les sous-critères énoncés""]";['prix', 'technique', 'environnemental'];[40.0, 50.0, 10.0];1440.0;True;4000000.0;False;{'StreetName': 'Ile-de-France', 'CityName': 'Paris', 'PostalZone': '75015', 'NUTS': 'FR101', 'Country': 'FRA'};avec remise en concurrence;;26-85449;;4000000.0;4000000.0;LOT-0001;71300000;4000000.0;1;3.0;;Accord-cadre de Maîtrise d’oeuvre multi-attributaires à marchés subséquents, pour les travaux de gestion du patrimoine du réseau national géré par la DiRIF;ouverte;DRIEAT-DIRIF-SGPR-AOO-26-008;;;;False;False;False;4000000.0;7171.0;Service déconcentré de l'État à compétence (inter) régionale ;2 000  à  4 999;False;2021-04-01;84.13Z;2008;;;;;;<NA>;;;;;<NA>;<NA>;;;;;(48.84563, 2.303466);Paris;Paris;Île-de-France;;;;;;;;
False;['14622000', '44316500'];;True;False;False;attribue;{'StreetName': None, 'AdditionalStreetName': None, 'CityName': 'LA MADELEINE', 'PostalZone': '59130', 'Country': 'FRA'};302237565;True;DESCAMPS VAM;DESCAMPS VAM;2026-09-04;{'StreetName': '160 RUE DU GENERAL DE GAULLE', 'AdditionalStreetName': None, 'CityName': 'LA MADELEINE', 'PostalZone': '59110', 'Country': 'FRA'};215903683;True;COMMUNE DE LA MADELEINE;VILLE DE LA MADELEINE;;;fournitures;"['PRIX', 'VALEUR TECHNIQUE', ""RESPECT DE L'ENVIRONNEMENT""]";['prix', 'technique', 'environnemental'];[50.0, 40.0, 10.0];360.0;False;300000.0;False;{'StreetName': None, 'CityName': None, 'PostalZone': None, 'NUTS': 'FRE11', 'Country': 'FRA'};sans remise en concurrence;;26-85687;;300000.0;;LOT-0001;44316510;300000.0;1;2.0;;FOURNITURE ET POSE DE PIECES METALLIQUES ET SERRURES;ouverte;2026_METALLIQUES;;;;False;False;False;300000.0;7210.0;Commune et commune nouvelle ;250  à  499;False;1978-01-01;84.11Z;2008;5710.0;SAS, société par actions simplifiée;20  à  49;False;<NA>;2008;C;25;25.1;25.11;25.11Z;1967-01-01;;Guidel;Morbihan;Bretagne;(50.654058, 3.073601);La Madeleine;Nord;Hauts-de-France;;;;;;;;
False;;;True;False;False;attribue;;;False;;;2026-09-04;"{'StreetName': ""2 place de l'hopital général"", 'AdditionalStreetName': None, 'CityName': 'Valenciennes', 'PostalZone': '59300', 'Country': 'FRA'}";245901160;True;COMMUNAUTE AGGLO VALENCIENNES METROPOLE;"COMMUNAUTE D&#039;AGGLOMERATION VALENCIENNES METROPOLE";;;services;"['Critère n° 1 : Prix, apprécié au regard du montant total € T.T.C. du DQE communiqué : 40%', 'Critère n°2 : Valeur technique de l’offre, appréciée au regard du contenu et de la qualité du mémoire technique fourni par le candidat, 40% et sous-pondérée comme suit : - Sous-critères: ""Sous-critère n°1 : La méthodologie que le candidat prévoit d\'adopter pour la réalisation des prestations permettant d\'assurer la qualité et la fiabilité des mesures et de l\'interprétation des résultats : 30 points"" valant pour 30% de la note finale - ""Sous-critère n°2 : La notice de sécurité concernant les mesures de préventions que le candidat prévoit d’adopter pour la réalisation des interventions : 10 points"" valant pour 10% de la note finale', 'Critère n°3 : Moyens humains et matériels, appréciés au regard du contenu et de la qualité du mémoire technique fourni par le candidat, 20% et sous-pondérée comme suit : - Sous-critères: ""Sous-critère n°1 : Les moyens humains affectés à l’accord-cadre : 10 points"" valant pour 10% de la note finale - ""Sous-critère n°2 : Les moyens matériels affectés à l’accord-cadre : 10 points"" valant pour 10% de la note finale']";['prix', 'qualite', 'social'];[40.0, 40.0, 20.0];360.0;False;;False;{'StreetName': None, 'CityName': None, 'PostalZone': None, 'NUTS': 'FRE11', 'Country': 'FRA'};;;26-85415;;88267.2;;LOT-0001;71630000;;1;4.0;;REALISATION DES ESSAIS DE RECEPTION DES TRAVAUX DE POSE DE CANALISATIONS D’ASSAINISSEMENT ET D'EAU POTABLE;ouverte;2026032;3.0;;;False;False;False;88267.2;7348.0;Communauté d'agglomération ;250  à  499;False;2000-12-31;84.11Z;2008;;;;;;<NA>;;;;;<NA>;<NA>;;;;;(50.362457, 3.525686);Valenciennes;Nord;Hauts-de-France;;;;;;;;
False;['15884000', '15511700'];;True;True;False;attribue;;;False;;;2026-09-04;{'StreetName': '80 rue Brochier', 'AdditionalStreetName': None, 'CityName': 'Marseille', 'PostalZone': '13295', 'Country': 'FRA'};261300081;False;CENTRE HOSPITALIER REGIONAL DE MARSEILLE;HOPITAUX DE PROVENCE;;;fournitures;"[""Valeur technique de l'offre"", ""Valeur technique de l'offre appréciée à l'aide du mémoire technique"", 'Prix']";['technique', 'technique', 'prix'];[25.0, 25.0, 50.0];;True;424000.0;False;;avec remise en concurrence;;26-85400;;9000.0;;LOT-0001;15884000;448000.0;3;4.0;;2026_0012 FOURNITURE DE LAIT INFANTILE;ouverte;2026-0012;2.0;;;False;True;False;;7364.0;Établissement d'hospitalisation ;10 000  et plus ;False;1901-01-01;86.10Z;2008;;;;;;<NA>;;;;;<NA>;<NA>;;;;;(43.291346, 5.393925);Marseille;Bouches-du-Rhône;Provence-Alpes-Côte d'Azur;;;;;;;;
False;['15884000', '15511700'];;True;True;False;attribue;;;False;;;2026-09-04;{'StreetName': '80 rue Brochier', 'AdditionalStreetName': None, 'CityName': 'Marseille', 'PostalZone': '13295', 'Country': 'FRA'};261300081;False;CENTRE HOSPITALIER REGIONAL DE MARSEILLE;HOPITAUX DE PROVENCE;;;fournitures;"[""Valeur technique de l'offre"", ""Valeur technique de l'offre appréciée à l'aide du mémoire technique"", 'Prix']";['technique', 'technique', 'prix'];[25.0, 25.0, 50.0];;True;424000.0;False;;avec remise en concurrence;;26-85400;;42000.0;;LOT-0002;15884000;448000.0;3;3.0;;2026_0012 FOURNITURE DE LAIT INFANTILE;ouverte;2026-0012;2.0;;;False;True;False;;7364.0;Établissement d'hospitalisation ;10 000  et plus ;False;1901-01-01;86.10Z;2008;;;;;;<NA>;;;;;<NA>;<NA>;;;;;(43.291346, 5.393925);Marseille;Bouches-du-Rhône;Provence-Alpes-Côte d'Azur;;;;;;;;
False;['15884000', '15511700'];;True;True;False;attribue;;;False;;;2026-09-04;{'StreetName': '80 rue Brochier', 'AdditionalStreetName': None, 'CityName': 'Marseille', 'PostalZone': '13295', 'Country': 'FRA'};261300081;False;CENTRE HOSPITALIER REGIONAL DE MARSEILLE;HOPITAUX DE PROVENCE;;;fournitures;"[""Valeur technique de l'offre"", ""Valeur technique de l'offre appréciée à l'aide du mémoire technique"", 'Prix']";['technique', 'technique', 'prix'];[25.0, 25.0, 50.0];;True;424000.0;False;;avec remise en concurrence;;26-85400;;70520.0;;LOT-0003;15884000;448000.0;3;4.0;;2026_0012 FOURNITURE DE LAIT INFANTILE;ouverte;2026-0012;2.0;;;False;True;False;;7364.0;Établissement d'hospitalisation ;10 000  et plus ;False;1901-01-01;86.10Z;2008;;;;;;<NA>;;;;;<NA>;<NA>;;;;;(43.291346, 5.393925);Marseille;Bouches-du-Rhône;Provence-Alpes-Côte d'Azur;;;;;;;;
False;['71315400'];;True;False;False;attribue;;;False;;;2026-09-04;{'StreetName': '23, place de la Joliette', 'AdditionalStreetName': 'Cs 81965', 'CityName': 'Marseille', 'PostalZone': '13226', 'Country': 'FRA'};775558489;False;GRAND PORT MARITIME DE MARSEILLE;GRAND PORT MARITIME DE MARSEILLE;;2026-07-01+02:00;services;['Valeur technique', 'Prix'];['technique', 'prix'];[70.0, 30.0];1440.0;True;;False;;avec remise en concurrence;;26-85582;;550000.0;;LOT-0000;71315400;550000.0;1;13.0;;EVALUATION STRUCTURELLE ET PATHOLOGIES DES BATIMENTS DU GPMM;ouverte;202510001;;;;False;True;False;550000.0;4110.0;Établissement public national à caractère industriel ou commercial doté d'un comptable public ;1 000  à  1 999;<NA>;1900-01-01;52.22Z;2008;;;;;;<NA>;;;;;<NA>;<NA>;;;;;;;;;;;;;;;;
False;;;True;False;True;attribue;{'StreetName': '2 rue Jean Mermoz', 'AdditionalStreetName': None, 'CityName': 'MAGNY LES HAMEAUX', 'PostalZone': '78114', 'Country': 'FRA'};317896652;True;TERSEN;TERSEN - Etablissement PICHETA;2026-09-04;{'StreetName': 'Immeuble le Luminis 91 rue Jean Jaurès CS30050', 'AdditionalStreetName': None, 'CityName': 'Puteaux', 'PostalZone': '92806', 'Country': 'FRA'};200057982;True;PARIS OUEST LA DEFENSE;ÉTABLISSEMENT PUBLIC TERRITORIAL PARIS OUEST LA DEFENSE (POLD);;;travaux;"[""Critère 1- Valeur technique de l'offre\nLa valeur technique sera appréciée en fonction des renseignements fournis dans le cadre de réponse technique du candidat. Elle sera notée sur 40 points, répartis selon les sous-critères suivants :\n- Sous-critère n°1 : Méthodologie suivie par le candidat pour l'exécution des travaux (notée sur 10 points)\n- Sous-critère n°2 : Les mesures prises pour assurer la sécurité des travailleurs, les tiers et les biens (meubles et immeubles) avoisinants (notées sur 15 points)\n- Sous-critère n°3 : Le traitement de l'amiante (noté sur 10 points)\n- Sous-critère n°4 : Les moyens matériels mis en place pour l'exécution des travaux (notée sur 5 points)"", 'Le prix :\n\nCe critère sera apprécié en tenant compte du montant total toutes taxes comprises (T.T.C.) renseigné dans le bordereau des prix unitaires - détail quantitatif (BPU-DQE).', ""Critère 3 : Les moyens humains dédiés à l'exécution des travaux \n\nCe critère sera apprécié d'après les informations fournies dans le cadre de réponse technique du candidat, et notamment d'après l'organisation, les qualifications et l'expérience du personnel (encadrants et ouvriers) assigné à l'exécution du marché, complétée par l'organigramme reprenant le personnel présenté. Il sera noté sur 15 points, répartis selon les sous-critères suivants :\n\n- Sous-critère n°1 : L'organisation du personnel assigné à l'exécution du marché public (notée sur 5 points)\n- Sous-critère n°2 : Les qualifications et l'expérience du personnel assigné à l'exécution du marché public (notées sur 10 points)"", ""Critère 4 - Développement durable \n\nCe critère sera apprécié d'après les informations renseignées dans le cadre de réponse technique du candidat, au regard des sous-critères suivants : \n\n- Sous-critère n°1 : La réduction des nuisances sur le chantier (notée sur 5 points)\n- Sous-critère n°2 : Les mesures prises pour assurer la séparation, le traitement et le réemploi des déchets ou des matériaux non utilisés résultant des démolitions afin de favoriser l'économie circulaire (site internet, applications, …)  (notées sur 5 points).""]";['technique', 'prix', 'social', 'environnemental'];[40.0, 35.0, 15.0, 10.0];;False;;False;{'StreetName': None, 'CityName': None, 'PostalZone': None, 'NUTS': 'FR105', 'Country': 'FRA'};sans remise en concurrence;;26-85559;;6000000.0;;LOT-0001;45110000;;1;10.0;;Travaux de démolition sur la ZAC des Bergères et la ZAC Charcot à Puteaux;ouverte;23159 (PF233100);3.0;;;False;False;False;6000000.0;7345.0;Syndicat intercommunal à vocation multiple (SIVOM) ;50  à  99;False;2016-01-01;84.11Z;2008;5710.0;SAS, société par actions simplifiée;250  à  499;False;<NA>;2008;F;43;43.1;43.12;43.12A;1980-01-01;(48.749895, 2.066287);Magny-les-Hameaux;Yvelines;Île-de-France;(48.882748, 2.240944);Puteaux;Hauts-de-Seine;Île-de-France;;;;;;;;
False;;;;False;False;attribue;{'StreetName': '7 rue Touzet Gaillard', 'AdditionalStreetName': None, 'CityName': 'Saint-Ouen', 'PostalZone': '93400', 'Country': 'FRA'};494149990;True;LPCR COLLECTIVITES PUBLIQUES;Les Petits Chaperons Rouges - LPCR Collectivités Publiques;2026-09-04;{'StreetName': '6 avenue le Corbeiller', 'AdditionalStreetName': None, 'CityName': 'Meudon', 'PostalZone': '92190', 'Country': 'FRA'};219200482;True;COMMUNE DE MEUDON;Ville de Meudon;;2026-09-01+02:00;services;['Qualité du service', 'Prix des prestations', 'Moyens matériels affectés à l’exploitation'];['qualite', 'prix', 'qualite'];[40.0, 30.0, 30.0];;True;;False;{'StreetName': 'secteur Braconnier', 'CityName': 'Meudon-la-Forêt', 'PostalZone': '92360', 'NUTS': 'FR105', 'Country': 'FRA'};;;26-85558;;353100.0;;LOT-0001;85312110;;1;1.0;;Réservation de berceaux dans un établissement d'accueil collectif privé dans le secteur Braconnier à Meudon-la-Forêt;ouverte;26A035;;;;False;False;False;353100.0;7210.0;Commune et commune nouvelle ;1 000  à  1 999;False;1980-01-01;84.11Z;2008;5710.0;SAS, société par actions simplifiée;1 000  à  1 999;False;<NA>;2008;Q;88;88.9;88.91;88.91A;2007-02-05;(48.902323, 2.321262);Saint-Ouen-sur-Seine;Seine-Saint-Denis;Île-de-France;(48.812556, 2.238806);Meudon;Hauts-de-Seine;Île-de-France;;;;;;;;
False;;;True;False;False;attribue;{'StreetName': '55 rue de la Villette', 'AdditionalStreetName': None, 'CityName': 'LYON', 'PostalZone': '69003', 'Country': 'FRA'};420606188;True;TPF INGENIERIE;TPF INGENIERIE;2026-09-04;{'StreetName': '36 rue de Valmy', 'AdditionalStreetName': None, 'CityName': 'Montreuil', 'PostalZone': '93106', 'Country': 'FRA'};180035016;True;AGENCE CENTRALE DES ORGANISMES DE SECURITE SOCIALE;ACOSS;;;services;['article 10.4 du règlement de la consultation', 'Confère article 10.4 du règlement de la consultation', 'Confère article 10.4 du règlement de la consultation'];['qualite', 'qualite', 'prix'];[60.0, 10.0, 30.0];1290.0;True;;False;"{'StreetName': '20, rue du Creuzat', 'CityName': ""Isle d'Abeau"", 'PostalZone': '38080', 'NUTS': 'FRK24', 'Country': 'FRA'}";;;26-85541;;474000.0;;LOT-0001;71200000;;1;9.0;;PRESTATION DE MAITRISE D’OEUVRE POUR LES TRAVAUX D’AMENAGEMENT DU NOUVEAU DATACENTER DE L’ISLE D’ABEAU;ouverte;P2520-AOO-DSI;0.0;;;False;False;False;474000.0;7389.0;Établissement public national à caractère administratif ;2 000  à  4 999;False;1983-03-01;84.30A;2008;5710.0;SAS, société par actions simplifiée;250  à  499;False;<NA>;2008;M;71;71.1;71.12;71.12B;1998-10-15;(45.759739, 4.862044);Lyon;Rhône;Auvergne-Rhône-Alpes;(48.850702, 2.417298);Montreuil;Seine-Saint-Denis;Île-de-France;;;;;;;;
False;['45112710'];;True;False;False;attribue;{'StreetName': '3, rue Galois', 'AdditionalStreetName': None, 'CityName': 'MAUREPAS', 'PostalZone': '78310', 'Country': 'FRA'};328583364;True;E.V EN ENTREPRISE D'ESPACES VERTS ET D'ENVIRONNEMENT;EVEN;2026-09-04;{'StreetName': None, 'AdditionalStreetName': None, 'CityName': 'Montfermeil', 'PostalZone': '93370', 'Country': 'FRA'};219300472;True;COMMUNE DE MONTFERMEIL;Commune de Montfermeil;;;services;"['valeur technique', 'Prix', ""Performances en matière de protection de l'environnement""]";['technique', 'prix', 'environnemental'];[55.0, 40.0, 5.0];1460.0;False;;False;{'StreetName': None, 'CityName': None, 'PostalZone': None, 'NUTS': 'FR106', 'Country': 'FRA'};sans remise en concurrence;;26-85502;;;;LOT-0001;77310000;3500000.0;1;12.0;;Création et entretien des espaces verts;ouverte;2026ESPACESVERT2;;;;False;False;False;;7210.0;Commune et commune nouvelle ;500  à  999;False;1980-01-01;84.11Z;2008;5710.0;SAS, société par actions simplifiée;50  à  99;False;<NA>;2008;N;81;81.3;81.3;81.30Z;1983-11-29;;;;;;Montfermeil;Seine-Saint-Denis;Île-de-France;;;;;;;;
False;['77340000'];;True;True;False;attribue;{'StreetName': None, 'AdditionalStreetName': None, 'CityName': 'MERIGNAC', 'PostalZone': '33700', 'Country': 'FRA'};489490045;True;IDEA NOUVELLE AQUITAINE;SASU BCL France/ IDEA Nouvelle Aquitaine Groupe SIFU;2026-09-04;{'StreetName': '18 rue du Hamel CS 11616', 'AdditionalStreetName': None, 'CityName': 'Bordeaux cedex', 'PostalZone': '33080', 'Country': 'FRA'};183300086;True;CENTRE REGIONAL OEUVRES UNIV SCOLAIRES;CROUS de Bordeaux;;;services;['cf règlement de consultation'];['qualite'];;360.0;True;0.0;False;{'StreetName': None, 'CityName': 'Gironde', 'PostalZone': None, 'NUTS': 'FRI12', 'Country': 'FRA'};sans remise en concurrence;;26-85388;;0.0;73000.0;LOT-0001;77310000;1012000.0;5;5.0;;Entretien des espaces verts et extérieurs de restaurants et de résidences gérés par le Crous de Bordeaux-Aquitaine;ouverte;CCP 2026-07 du 22/04/2026;3.0;;;True;False;False;1012000.0;7385.0;Autre établissement public national administratif à compétence territoriale limitée ;500  à  999;False;1982-10-05;88.99B;2008;5710.0;SAS, société par actions simplifiée;100  à  199;False;<NA>;2008;N;81;81.2;81.21;81.21Z;2006-04-03;;Mérignac;Gironde;Nouvelle-Aquitaine;(44.831648, -0.564931);Bordeaux;Gironde;Nouvelle-Aquitaine;;;;;;;;
False;;;True;True;False;attribue;{'StreetName': None, 'AdditionalStreetName': None, 'CityName': 'ARTIX', 'PostalZone': '64170', 'Country': 'FRA'};404415887;True;ATOUT VERT;ATOUT VERT;2026-09-04;{'StreetName': '18 rue du Hamel CS 11616', 'AdditionalStreetName': None, 'CityName': 'Bordeaux cedex', 'PostalZone': '33080', 'Country': 'FRA'};183300086;True;CENTRE REGIONAL OEUVRES UNIV SCOLAIRES;CROUS de Bordeaux;;;services;['cf règlement de consultation'];['qualite'];;360.0;True;0.0;False;;sans remise en concurrence;;26-85388;;0.0;6700.0;LOT-0002;77310000;1012000.0;5;2.0;;Entretien des espaces verts et extérieurs de restaurants et de résidences gérés par le Crous de Bordeaux-Aquitaine;ouverte;CCP 2026-07 du 22/04/2026;3.0;;;True;False;False;1012000.0;7385.0;Autre établissement public national administratif à compétence territoriale limitée ;500  à  999;False;1982-10-05;88.99B;2008;5710.0;SAS, société par actions simplifiée;50  à  99;False;<NA>;2008;N;81;81.3;81.3;81.30Z;1996-02-01;;Artix;Pyrénées-Atlantiques;Nouvelle-Aquitaine;(44.831648, -0.564931);Bordeaux;Gironde;Nouvelle-Aquitaine;;;;;;;;
False;['77340000'];;True;True;False;attribue;{'StreetName': None, 'AdditionalStreetName': None, 'CityName': 'ARTIX', 'PostalZone': '64170', 'Country': 'FRA'};538948456;True;ALTER-EV;ALTER EV;2026-09-04;{'StreetName': '18 rue du Hamel CS 11616', 'AdditionalStreetName': None, 'CityName': 'Bordeaux cedex', 'PostalZone': '33080', 'Country': 'FRA'};183300086;True;CENTRE REGIONAL OEUVRES UNIV SCOLAIRES;CROUS de Bordeaux;;;services;['cf règlement de consultation'];['qualite'];;360.0;True;0.0;False;;sans remise en concurrence;;26-85388;;0.0;5000.0;LOT-0003;77310000;1012000.0;5;1.0;;Entretien des espaces verts et extérieurs de restaurants et de résidences gérés par le Crous de Bordeaux-Aquitaine;ouverte;CCP 2026-07 du 22/04/2026;3.0;;;True;False;False;1012000.0;7385.0;Autre établissement public national administratif à compétence territoriale limitée ;500  à  999;False;1982-10-05;88.99B;2008;5710.0;SAS, société par actions simplifiée;10  à  19;False;<NA>;2008;N;81;81.3;81.3;81.30Z;2011-12-12;;Artix;Pyrénées-Atlantiques;Nouvelle-Aquitaine;(44.831648, -0.564931);Bordeaux;Gironde;Nouvelle-Aquitaine;;;;;;;;
False;['77340000'];;True;True;False;non attribue;;;False;;;2026-09-04;{'StreetName': '18 rue du Hamel CS 11616', 'AdditionalStreetName': None, 'CityName': 'Bordeaux cedex', 'PostalZone': '33080', 'Country': 'FRA'};183300086;True;CENTRE REGIONAL OEUVRES UNIV SCOLAIRES;CROUS de Bordeaux;;;services;['cf règlement de consultation'];['qualite'];;360.0;True;0.0;False;{'StreetName': None, 'CityName': 'Pyrénées-Atlantiques', 'PostalZone': None, 'NUTS': 'FRI15', 'Country': 'FRA'};sans remise en concurrence;;26-85388;;;1500.0;LOT-0004;77310000;1012000.0;5;0.0;;Entretien des espaces verts et extérieurs de restaurants et de résidences gérés par le Crous de Bordeaux-Aquitaine;ouverte;CCP 2026-07 du 22/04/2026;3.0;;;True;False;False;1012000.0;7385.0;Autre établissement public national administratif à compétence territoriale limitée ;500  à  999;False;1982-10-05;88.99B;2008;;;;;;<NA>;;;;;<NA>;<NA>;;;;;(44.831648, -0.564931);Bordeaux;Gironde;Nouvelle-Aquitaine;;;;;;;;
False;['77340000'];;True;True;False;attribue;{'StreetName': None, 'AdditionalStreetName': None, 'CityName': 'ARTIX', 'PostalZone': '64170', 'Country': 'FRA'};538948456;True;ALTER-EV;ALTER EV;2026-09-04;{'StreetName': '18 rue du Hamel CS 11616', 'AdditionalStreetName': None, 'CityName': 'Bordeaux cedex', 'PostalZone': '33080', 'Country': 'FRA'};183300086;True;CENTRE REGIONAL OEUVRES UNIV SCOLAIRES;CROUS de Bordeaux;;;services;['cf règlement de consultation'];['qualite'];;360.0;True;0.0;False;{'StreetName': None, 'CityName': 'Pyrénées-Atlantiques', 'PostalZone': None, 'NUTS': 'FRI15', 'Country': 'FRA'};sans remise en concurrence;;26-85388;;0.0;6000.0;LOT-0005;77310000;1012000.0;5;1.0;;Entretien des espaces verts et extérieurs de restaurants et de résidences gérés par le Crous de Bordeaux-Aquitaine;ouverte;CCP 2026-07 du 22/04/2026;3.0;;;True;False;False;1012000.0;7385.0;Autre établissement public national administratif à compétence territoriale limitée ;500  à  999;False;1982-10-05;88.99B;2008;5710.0;SAS, société par actions simplifiée;10  à  19;False;<NA>;2008;N;81;81.3;81.3;81.30Z;2011-12-12;;Artix;Pyrénées-Atlantiques;Nouvelle-Aquitaine;(44.831648, -0.564931);Bordeaux;Gironde;Nouvelle-Aquitaine;;;;;;;;
False;;;True;True;False;attribue;{'StreetName': 'La Seigneurie', 'AdditionalStreetName': None, 'CityName': 'Pacy sur Eure', 'PostalZone': '27120', 'Country': 'FRA'};305821845;False;ENTREPRISE JULLIEN;Jullien Aires de Jeux;2026-09-04;{'StreetName': '1 , Place de la République , BP 63081', 'AdditionalStreetName': None, 'CityName': 'Poissy cedex', 'PostalZone': '78303', 'Country': 'FRA'};217804988;True;COMMUNE DE POISSY;Ville de Poissy;;;services;['Valeur technique', 'Prix'];['technique', 'prix'];[60.0, 40.0];1440.0;False;920000.0;False;{'StreetName': None, 'CityName': 'Poissy', 'PostalZone': '78000', 'NUTS': 'FR103', 'Country': 'FRA'};sans remise en concurrence;;26-85589;;;0.0;LOT-0001;77314000;920000.0;2;11.0;;Contrôle et maintenance des aires de jeux collectives et terrains multisports;ouverte;26-001;;;;False;False;False;;7210.0;Commune et commune nouvelle ;1 000  à  1 999;False;1980-01-01;84.11Z;2008;5499.0;Société à responsabilité limitée (sans autre indication);20  à  49;False;<NA>;2008;N;81;81.3;81.3;81.30Z;1976-01-01;(49.009117, 1.410529);Pacy-sur-Eure;Eure;Normandie;(48.928112, 2.044635);Poissy;Yvelines;Île-de-France;;;;;;;;
False;;;True;True;False;attribue;{'StreetName': '413 Avenue de la Breisse', 'AdditionalStreetName': None, 'CityName': 'Challes les Eaux', 'PostalZone': '73192', 'Country': 'FRA'};411590235;True;CERES CONTROL FRANCE;Ceres Contrôl France;2026-09-04;{'StreetName': '1 , Place de la République , BP 63081', 'AdditionalStreetName': None, 'CityName': 'Poissy cedex', 'PostalZone': '78303', 'Country': 'FRA'};217804988;True;COMMUNE DE POISSY;Ville de Poissy;;;services;['Valeur technique', 'Prix'];['technique', 'prix'];[55.0, 45.0];1440.0;False;920000.0;False;{'StreetName': None, 'CityName': 'Poissy', 'PostalZone': '7800', 'NUTS': 'FR103', 'Country': 'FRA'};sans remise en concurrence;;26-85589;;;;LOT-0002;71356100;920000.0;2;11.0;;Contrôle et maintenance des aires de jeux collectives et terrains multisports;ouverte;26-001;;;;False;False;False;;7210.0;Commune et commune nouvelle ;1 000  à  1 999;False;1980-01-01;84.11Z;2008;5499.0;Société à responsabilité limitée (sans autre indication);3  à  5;False;<NA>;2008;M;71;71.2;71.2;71.20B;1997-04-02;(45.555087, 5.972619);Challes-les-Eaux;Savoie;Auvergne-Rhône-Alpes;(48.928112, 2.044635);Poissy;Yvelines;Île-de-France;;;;;;;;
False;;;True;True;False;attribue;{'StreetName': '99 Boulevard de la reine', 'AdditionalStreetName': None, 'CityName': 'Versailles', 'PostalZone': '78000', 'Country': 'FRA'};987950417;True;IGNYSS;Ignyss;2026-09-04;{'StreetName': '1 , Place de la République , BP 63081', 'AdditionalStreetName': None, 'CityName': 'Poissy cedex', 'PostalZone': '78303', 'Country': 'FRA'};217804988;True;COMMUNE DE POISSY;Ville de Poissy;;;services;['Valeur technique', 'Prix'];['technique', 'prix'];[60.0, 40.0];1440.0;True;880000.0;False;{'StreetName': None, 'CityName': 'Poissy', 'PostalZone': '78300', 'NUTS': 'FR103', 'Country': 'FRA'};sans remise en concurrence;;26-85594;;;0.0;LOT-0001;50610000;880000.0;2;4.0;;Maintenance préventive et corrective des systèmes de sécurité incendie et de désenfumage;ouverte;26-064;;;;False;False;False;;7210.0;Commune et commune nouvelle ;1 000  à  1 999;False;1980-01-01;84.11Z;2008;5710.0;SAS, société par actions simplifiée;;False;False;2008;N;80;80.2;80.2;80.20Z;2025-05-26;(48.808846, 2.136485);Versailles;Yvelines;Île-de-France;(48.928112, 2.044635);Poissy;Yvelines;Île-de-France;;;;;;;;
False;;;True;True;False;attribue;{'StreetName': 'rue Charles Edouard Jeanneret', 'AdditionalStreetName': None, 'CityName': 'Poissy', 'PostalZone': '78300', 'Country': 'FRA'};350589396;True;FINSECUR;Finsecur;2026-09-04;{'StreetName': '1 , Place de la République , BP 63081', 'AdditionalStreetName': None, 'CityName': 'Poissy cedex', 'PostalZone': '78303', 'Country': 'FRA'};217804988;True;COMMUNE DE POISSY;Ville de Poissy;;;services;['Valeur technique', 'Prix'];['technique', 'prix'];[60.0, 40.0];1440.0;True;880000.0;False;{'StreetName': None, 'CityName': 'Poissy', 'PostalZone': '78300', 'NUTS': 'FR103', 'Country': 'FRA'};sans remise en concurrence;;26-85594;;;;LOT-0002;50610000;880000.0;2;4.0;;Maintenance préventive et corrective des systèmes de sécurité incendie et de désenfumage;ouverte;26-064;;;;False;False;False;;7210.0;Commune et commune nouvelle ;1 000  à  1 999;False;1980-01-01;84.11Z;2008;5710.0;SAS, société par actions simplifiée;100  à  199;False;<NA>;2008;C;26;26.3;26.3;26.30Z;1989-04-20;(48.946864, 2.064844);Poissy;Yvelines;Île-de-France;(48.928112, 2.044635);Poissy;Yvelines;Île-de-France;;;;;;;;
False;['39160000', '39151000', '39160000', '39161000'];;True;True;False;attribue;{'StreetName': None, 'AdditionalStreetName': None, 'CityName': 'Chauray', 'PostalZone': '78180', 'Country': 'FRA'};402673560;False;MANUTAN COLLECTIVITES;MANUTAN COLLECTIVITES;2026-09-04;{'StreetName': '1 place Jean-Jaurès', 'AdditionalStreetName': None, 'CityName': 'Le Kremlin-Bicetre', 'PostalZone': '94270', 'Country': 'FRA'};219400439;False;COMMUNE LE KREMLIN BICETRE;Mairie du Kremlin-Bicêtre;;;fournitures;['Valeur technique', 'Prix des prestations'];['technique', 'prix'];[60.0, 40.0];;True;1240000.0;False;{'StreetName': 'Ville De Ris-Orangis', 'CityName': 'Ris-Orangis', 'PostalZone': '91130', 'NUTS': 'FR104', 'Country': 'FRA'};sans remise en concurrence;;26-85581;25-5934;240000.0;;LOT-0001;39130000;1240000.0;7;4.0;;Acquisition de mobilier pour la Ville du Kremlin-Bicêtre;ouverte;2025-03;3.0;False;False;False;True;False;;7210.0;Commune et commune nouvelle ;500  à  999;False;1980-01-01;84.11Z;2008;5710.0;SAS, société par actions simplifiée;100  à  199;False;<NA>;2008;G;46;46.6;46.69;46.69C;1995-11-01;;Martizay;Indre;Centre-Val de Loire;(48.812644, 2.356896);Le Kremlin-Bicêtre;Val-de-Marne;Île-de-France;;;;;;;;
False;['39111000', '39151000', '39160000', '39161000'];;True;True;False;attribue;"{'StreetName': None, 'AdditionalStreetName': None, 'CityName': ""Saint Ouen L'Aumone"", 'PostalZone': '95310', 'Country': 'FRA'}";522821909;False;ARATICE;ARATICE;2026-09-04;{'StreetName': '1 place Jean-Jaurès', 'AdditionalStreetName': None, 'CityName': 'Le Kremlin-Bicetre', 'PostalZone': '94270', 'Country': 'FRA'};219400439;False;COMMUNE LE KREMLIN BICETRE;Mairie du Kremlin-Bicêtre;;;fournitures;['Valeur technique', 'Prix des prestations'];['technique', 'prix'];[60.0, 40.0];;True;1240000.0;False;{'StreetName': 'Ville De Ris-Orangis', 'CityName': 'Ris-Orangis', 'PostalZone': '91130', 'NUTS': 'FR104', 'Country': 'FRA'};sans remise en concurrence;;26-85581;25-5934;120000.0;;LOT-0002;39130000;1240000.0;7;6.0;;Acquisition de mobilier pour la Ville du Kremlin-Bicêtre;ouverte;2025-03;3.0;False;False;False;True;False;;7210.0;Commune et commune nouvelle ;500  à  999;False;1980-01-01;84.11Z;2008;5710.0;SAS, société par actions simplifiée;20  à  49;<NA>;<NA>;2008;G;47;47.4;47.41;47.41Z;2010-05-01;;Saint-Ouen-l'Aumône;Val-d'Oise;Île-de-France;(48.812644, 2.356896);Le Kremlin-Bicêtre;Val-de-Marne;Île-de-France;;;;;;;;
False;['39130000', '39151000', '39160000', '39161000'];;True;True;False;attribue;{'StreetName': None, 'AdditionalStreetName': None, 'CityName': 'Lognes', 'PostalZone': '77185', 'Country': 'FRA'};315547935;False;EUREXO SAS;DIAGONALES;2026-09-04;{'StreetName': '1 place Jean-Jaurès', 'AdditionalStreetName': None, 'CityName': 'Le Kremlin-Bicetre', 'PostalZone': '94270', 'Country': 'FRA'};219400439;False;COMMUNE LE KREMLIN BICETRE;Mairie du Kremlin-Bicêtre;;;fournitures;['Valeur technique', 'Prix des prestations'];['technique', 'prix'];[60.0, 40.0];;True;1240000.0;False;{'StreetName': 'Ville De Ris-Orangis', 'CityName': 'Ris-Orangis', 'PostalZone': '91130', 'NUTS': 'FR104', 'Country': 'FRA'};sans remise en concurrence;;26-85581;25-5934;260000.0;;LOT-0003;39130000;1240000.0;7;4.0;;Acquisition de mobilier pour la Ville du Kremlin-Bicêtre;ouverte;2025-03;3.0;False;False;False;True;False;;7210.0;Commune et commune nouvelle ;500  à  999;False;1980-01-01;84.11Z;2008;5710.0;SAS, société par actions simplifiée;500  à  999;False;<NA>;2008;K;66;66.2;66.21;66.21Z;1979-01-01;;Lognes;Seine-et-Marne;Île-de-France;(48.812644, 2.356896);Le Kremlin-Bicêtre;Val-de-Marne;Île-de-France;;;;;;;;
False;['39161000', '39151000', '39160000', '39161000'];;True;True;False;attribue;{'StreetName': None, 'AdditionalStreetName': None, 'CityName': 'Cerizay', 'PostalZone': '79140', 'Country': 'FRA'};304764863;False;WESCO;WESCO;2026-09-04;{'StreetName': '1 place Jean-Jaurès', 'AdditionalStreetName': None, 'CityName': 'Le Kremlin-Bicetre', 'PostalZone': '94270', 'Country': 'FRA'};219400439;False;COMMUNE LE KREMLIN BICETRE;Mairie du Kremlin-Bicêtre;;;fournitures;['Valeur technique', 'Prix des prestations'];['technique', 'prix'];[60.0, 40.0];;True;1240000.0;False;;sans remise en concurrence;;26-85581;25-5934;180000.0;;LOT-0004;39130000;1240000.0;7;3.0;;Acquisition de mobilier pour la Ville du Kremlin-Bicêtre;ouverte;2025-03;3.0;False;False;False;True;False;;7210.0;Commune et commune nouvelle ;500  à  999;False;1980-01-01;84.11Z;2008;5710.0;SAS, société par actions simplifiée;100  à  199;False;<NA>;2008;G;46;46.4;46.49;46.49Z;1975-01-01;;Cerizay;Deux-Sèvres;Nouvelle-Aquitaine;(48.812644, 2.356896);Le Kremlin-Bicêtre;Val-de-Marne;Île-de-France;;;;;;;;
False;['39151000', '39151000', '39160000', '39161000'];;True;True;False;non attribue;;;False;;;2026-09-04;{'StreetName': '1 place Jean-Jaurès', 'AdditionalStreetName': None, 'CityName': 'Le Kremlin-Bicetre', 'PostalZone': '94270', 'Country': 'FRA'};219400439;False;COMMUNE LE KREMLIN BICETRE;Mairie du Kremlin-Bicêtre;;;fournitures;['Valeur technique', 'Prix des prestations'];['technique', 'prix'];[60.0, 40.0];;True;1240000.0;False;;sans remise en concurrence;;26-85581;25-5934;;;LOT-0005;39130000;1240000.0;7;0.0;;Acquisition de mobilier pour la Ville du Kremlin-Bicêtre;ouverte;2025-03;3.0;False;False;False;True;False;;7210.0;Commune et commune nouvelle ;500  à  999;False;1980-01-01;84.11Z;2008;;;;;;<NA>;;;;;<NA>;<NA>;;;;;(48.812644, 2.356896);Le Kremlin-Bicêtre;Val-de-Marne;Île-de-France;;;;;;;;
False;['39155000', '39151000', '39160000', '39161000'];;True;True;False;attribue;{'StreetName': None, 'AdditionalStreetName': None, 'CityName': 'Bonson', 'PostalZone': '42160', 'Country': 'FRA'};537468803;False;MOBIDECOR;MOBIDECOR;2026-09-04;{'StreetName': '1 place Jean-Jaurès', 'AdditionalStreetName': None, 'CityName': 'Le Kremlin-Bicetre', 'PostalZone': '94270', 'Country': 'FRA'};219400439;False;COMMUNE LE KREMLIN BICETRE;Mairie du Kremlin-Bicêtre;;;fournitures;['Valeur technique', 'Prix des prestations'];['technique', 'prix'];[60.0, 40.0];;True;1240000.0;False;;sans remise en concurrence;;26-85581;25-5934;120000.0;;LOT-0006;39130000;1240000.0;7;2.0;;Acquisition de mobilier pour la Ville du Kremlin-Bicêtre;ouverte;2025-03;3.0;False;False;False;True;False;;7210.0;Commune et commune nouvelle ;500  à  999;False;1980-01-01;84.11Z;2008;5710.0;SAS, société par actions simplifiée;250  à  499;False;<NA>;2008;C;31;31.0;31.01;31.01Z;2011-10-12;;Bonson;Loire;Auvergne-Rhône-Alpes;(48.812644, 2.356896);Le Kremlin-Bicêtre;Val-de-Marne;Île-de-France;;;;;;;;
False;['39143200', '39151000', '39160000', '39161000'];;True;True;False;attribue;{'StreetName': None, 'AdditionalStreetName': None, 'CityName': 'Bonson', 'PostalZone': '42160', 'Country': 'FRA'};537468803;False;MOBIDECOR;MOBIDECOR;2026-09-04;{'StreetName': '1 place Jean-Jaurès', 'AdditionalStreetName': None, 'CityName': 'Le Kremlin-Bicetre', 'PostalZone': '94270', 'Country': 'FRA'};219400439;False;COMMUNE LE KREMLIN BICETRE;Mairie du Kremlin-Bicêtre;;;fournitures;['Valeur technique', 'Prix des prestations'];['technique', 'prix'];[60.0, 40.0];;True;1240000.0;False;;sans remise en concurrence;;26-85581;25-5934;160000.0;;LOT-0007;39130000;1240000.0;7;1.0;;Acquisition de mobilier pour la Ville du Kremlin-Bicêtre;ouverte;2025-03;3.0;False;False;False;True;False;;7210.0;Commune et commune nouvelle ;500  à  999;False;1980-01-01;84.11Z;2008;5710.0;SAS, société par actions simplifiée;250  à  499;False;<NA>;2008;C;31;31.0;31.01;31.01Z;2011-10-12;;Bonson;Loire;Auvergne-Rhône-Alpes;(48.812644, 2.356896);Le Kremlin-Bicêtre;Val-de-Marne;Île-de-France;;;;;;;;
False;;;True;False;False;attribue;{'StreetName': None, 'AdditionalStreetName': None, 'CityName': '92049', 'PostalZone': '92120', 'Country': 'FRA'};344987276;True;PERI GRAPHIC;PERI GRAPHIC;2026-09-04;{'StreetName': 'Esplanade Georges Maranne', 'AdditionalStreetName': None, 'CityName': 'Ivry sur Seine', 'PostalZone': '94200', 'Country': 'FRA'};219400413;True;COMMUNE D IVRY SUR SEINE;"Mairie d&#039;Ivry sur Seine";;2026-08-06+02:00;services;"['valeur technique', 'prix', ""délais d'exécution"", 'Mesures liées à l’environnement durable']";['technique', 'prix', 'delai', 'environnemental'];[50.0, 30.0, 15.0, 5.0];;False;;False;{'StreetName': None, 'CityName': None, 'PostalZone': None, 'NUTS': 'FR107', 'Country': 'FRA'};;;26-85552;;200000.0;;LOT-0001;79810000;;1;3.0;;Impression du journal municipal « Ivry ma ville », de suppléments à « Ivry-ma-ville » et du guide municipal;ouverte;2600008;;;;False;False;False;200000.0;7210.0;Commune et commune nouvelle ;2 000  à  4 999;False;1980-01-01;84.11Z;2008;5710.0;SAS, société par actions simplifiée;6  à  9;<NA>;<NA>;2008;C;18;18.1;18.12;18.12Z;1988-05-04;;;;;(48.812041, 2.388115);Ivry-sur-Seine;Val-de-Marne;Île-de-France;;;;;;;;
False;;;True;True;False;attribue;{'StreetName': None, 'AdditionalStreetName': None, 'CityName': '78621', 'PostalZone': '78190', 'Country': 'FRA'};378998363;True;SOINS MODERNES DES ARBRES;SOINS MODERNES DES ARBRES;2026-09-04;{'StreetName': 'Esplanade Georges Maranne', 'AdditionalStreetName': None, 'CityName': 'Ivry sur Seine', 'PostalZone': '94200', 'Country': 'FRA'};432580405;True;IVRY MAIRIE;"Mairie d&#039;Ivry sur Seine";;2026-08-06+02:00;services;['valeur technique', 'prix'];['technique', 'prix'];[50.0, 50.0];;False;;False;{'StreetName': None, 'CityName': None, 'PostalZone': None, 'NUTS': 'FR107', 'Country': 'FRA'};;;26-85445;;150000.0;;LOT-0001;77341000;;5;3.0;;PRESTATION D’ENTRETIEN, D'ELAGAGE, D'ABATTAGE, D'ESSOUCHEMENT, ET D’EXPERTISE DU PATRIMOINE ARBORE DE LA VILLE D’IVRY-SUR-SEINE ET SUR TROIS SITES EXTRA-MUROS;ouverte;2600005;3.0;;;False;False;False;283700.0;6599.0;Autre société civile ;;False;2000-08-01;68.20B;2008;5710.0;SAS, société par actions simplifiée;200  à  249;False;<NA>;2008;N;81;81.3;81.3;81.30Z;1990-04-01;;;;;(48.812041, 2.388115);Ivry-sur-Seine;Val-de-Marne;Île-de-France;;;;;;;;
False;;;True;True;False;attribue;{'StreetName': None, 'AdditionalStreetName': None, 'CityName': '78621', 'PostalZone': '78190', 'Country': 'FRA'};378998363;True;SOINS MODERNES DES ARBRES;SOINS MODERNES DES ARBRES;2026-09-04;{'StreetName': 'Esplanade Georges Maranne', 'AdditionalStreetName': None, 'CityName': 'Ivry sur Seine', 'PostalZone': '94200', 'Country': 'FRA'};432580405;True;IVRY MAIRIE;"Mairie d&#039;Ivry sur Seine";;2026-08-06+02:00;services;['valeur technique', 'prix'];['technique', 'prix'];[60.0, 40.0];;False;;False;{'StreetName': None, 'CityName': None, 'PostalZone': None, 'NUTS': 'FR107', 'Country': 'FRA'};;;26-85445;;50000.0;;LOT-0002;77341000;;5;4.0;;PRESTATION D’ENTRETIEN, D'ELAGAGE, D'ABATTAGE, D'ESSOUCHEMENT, ET D’EXPERTISE DU PATRIMOINE ARBORE DE LA VILLE D’IVRY-SUR-SEINE ET SUR TROIS SITES EXTRA-MUROS;ouverte;2600005;3.0;;;False;False;False;283700.0;6599.0;Autre société civile ;;False;2000-08-01;68.20B;2008;5710.0;SAS, société par actions simplifiée;200  à  249;False;<NA>;2008;N;81;81.3;81.3;81.30Z;1990-04-01;;;;;(48.812041, 2.388115);Ivry-sur-Seine;Val-de-Marne;Île-de-France;;;;;;;;
False;;;True;True;False;attribue;{'StreetName': None, 'AdditionalStreetName': None, 'CityName': '78267', 'PostalZone': '78440', 'Country': 'FRA'};880589668;True;TERRE ET ARBRE & CO;TERRE ET ARBRE & CO;2026-09-04;{'StreetName': 'Esplanade Georges Maranne', 'AdditionalStreetName': None, 'CityName': 'Ivry sur Seine', 'PostalZone': '94200', 'Country': 'FRA'};432580405;True;IVRY MAIRIE;"Mairie d&#039;Ivry sur Seine";;2026-08-06+02:00;services;['valeur technique', 'prix'];['technique', 'prix'];[50.0, 50.0];;False;;False;{'StreetName': None, 'CityName': None, 'PostalZone': None, 'NUTS': 'FR107', 'Country': 'FRA'};;;26-85445;;29000.0;;LOT-0003;77341000;;5;2.0;;PRESTATION D’ENTRETIEN, D'ELAGAGE, D'ABATTAGE, D'ESSOUCHEMENT, ET D’EXPERTISE DU PATRIMOINE ARBORE DE LA VILLE D’IVRY-SUR-SEINE ET SUR TROIS SITES EXTRA-MUROS;ouverte;2600005;3.0;;;False;False;False;283700.0;6599.0;Autre société civile ;;False;2000-08-01;68.20B;2008;5710.0;SAS, société par actions simplifiée;6  à  9;False;<NA>;2008;N;81;81.3;81.3;81.30Z;2020-01-01;;;;;(48.812041, 2.388115);Ivry-sur-Seine;Val-de-Marne;Île-de-France;;;;;;;;
False;;;True;True;False;attribue;{'StreetName': None, 'AdditionalStreetName': None, 'CityName': '78267', 'PostalZone': '78440', 'Country': 'FRA'};880589668;True;TERRE ET ARBRE & CO;TERRE ET ARBRE & CO;2026-09-04;{'StreetName': 'Esplanade Georges Maranne', 'AdditionalStreetName': None, 'CityName': 'Ivry sur Seine', 'PostalZone': '94200', 'Country': 'FRA'};432580405;True;IVRY MAIRIE;"Mairie d&#039;Ivry sur Seine";;2026-08-06+02:00;services;['valeur technique', 'prix'];['technique', 'prix'];[50.0, 50.0];;False;;False;{'StreetName': None, 'CityName': None, 'PostalZone': None, 'NUTS': 'FR107', 'Country': 'FRA'};;;26-85445;;28200.0;;LOT-0004;77341000;;5;2.0;;PRESTATION D’ENTRETIEN, D'ELAGAGE, D'ABATTAGE, D'ESSOUCHEMENT, ET D’EXPERTISE DU PATRIMOINE ARBORE DE LA VILLE D’IVRY-SUR-SEINE ET SUR TROIS SITES EXTRA-MUROS;ouverte;2600005;3.0;;;False;False;False;283700.0;6599.0;Autre société civile ;;False;2000-08-01;68.20B;2008;5710.0;SAS, société par actions simplifiée;6  à  9;False;<NA>;2008;N;81;81.3;81.3;81.30Z;2020-01-01;;;;;(48.812041, 2.388115);Ivry-sur-Seine;Val-de-Marne;Île-de-France;;;;;;;;
False;;;True;True;False;attribue;{'StreetName': None, 'AdditionalStreetName': None, 'CityName': '78267', 'PostalZone': '78440', 'Country': 'FRA'};880589668;True;TERRE ET ARBRE & CO;TERRE ET ARBRE & CO;2026-09-04;{'StreetName': 'Esplanade Georges Maranne', 'AdditionalStreetName': None, 'CityName': 'Ivry sur Seine', 'PostalZone': '94200', 'Country': 'FRA'};432580405;True;IVRY MAIRIE;"Mairie d&#039;Ivry sur Seine";;2026-08-06+02:00;services;['valeur technique', 'prix'];['technique', 'prix'];[50.0, 50.0];;False;;False;{'StreetName': None, 'CityName': None, 'PostalZone': None, 'NUTS': 'FR107', 'Country': 'FRA'};;;26-85445;;26500.0;;LOT-0005;77341000;;5;2.0;;PRESTATION D’ENTRETIEN, D'ELAGAGE, D'ABATTAGE, D'ESSOUCHEMENT, ET D’EXPERTISE DU PATRIMOINE ARBORE DE LA VILLE D’IVRY-SUR-SEINE ET SUR TROIS SITES EXTRA-MUROS;ouverte;2600005;3.0;;;False;False;False;283700.0;6599.0;Autre société civile ;;False;2000-08-01;68.20B;2008;5710.0;SAS, société par actions simplifiée;6  à  9;False;<NA>;2008;N;81;81.3;81.3;81.30Z;2020-01-01;;;;;(48.812041, 2.388115);Ivry-sur-Seine;Val-de-Marne;Île-de-France;;;;;;;;
False;;;True;True;False;attribue;{'StreetName': None, 'AdditionalStreetName': None, 'CityName': 'Romilly sur seine', 'PostalZone': '10100', 'Country': 'FRA'};950601575;True;LABORATOIRE ORVIZ;Laboratoire ORVIZ;2026-09-04;{'StreetName': 'Rue Jacques Monod BP 609', 'AdditionalStreetName': None, 'CityName': 'Boulogne sur mer', 'PostalZone': '62321', 'Country': 'FRA'};266209402;True;CENTRE HOSPITALIER DE BOULOGNE SUR MER;Centre hospitalier de Boulogne sur mer cellule marchés;;;fournitures;"['Valeur Technique', 'Prix', ""Actions en matière de protection de l'environnement""]";['technique', 'prix', 'environnemental'];[52.0, 45.0, 3.0];360.0;False;0.0;False;{'StreetName': None, 'CityName': None, 'PostalZone': None, 'NUTS': 'FRE12', 'Country': 'FRA'};sans remise en concurrence;;26-85602;;;0.0;LOT-0001;33141800;2400000.0;2;11.0;;Réalisation et fourniture de prothèses dentaires pour le Centre Hospitalier de Boulogne sur mer;ouverte;CM935;3.0;;;False;False;False;;7364.0;Établissement d'hospitalisation ;2 000  à  4 999;<NA>;1983-03-01;86.10Z;2008;5710.0;SAS, société par actions simplifiée;20  à  49;False;<NA>;2008;C;32;32.5;32.5;32.50A;1989-10-01;;Romilly-sur-Seine;Aube;Grand Est;(50.72287, 1.629339);Boulogne-sur-Mer;Pas-de-Calais;Hauts-de-France;;;;;;;;
False;;;True;True;False;attribue;{'StreetName': None, 'AdditionalStreetName': None, 'CityName': 'Romilly sur seine', 'PostalZone': '10100', 'Country': 'FRA'};950601575;True;LABORATOIRE ORVIZ;Laboratoire ORVIZ;2026-09-04;{'StreetName': 'Rue Jacques Monod BP 609', 'AdditionalStreetName': None, 'CityName': 'Boulogne sur mer', 'PostalZone': '62321', 'Country': 'FRA'};266209402;True;CENTRE HOSPITALIER DE BOULOGNE SUR MER;Centre hospitalier de Boulogne sur mer cellule marchés;;;fournitures;"['Valeur Technique', 'Prix', ""Actions en matière de protection de l'environnement""]";['technique', 'prix', 'environnemental'];[52.0, 45.0, 3.0];360.0;False;0.0;False;{'StreetName': None, 'CityName': None, 'PostalZone': None, 'NUTS': 'FRE12', 'Country': 'FRA'};sans remise en concurrence;;26-85602;;;0.0;LOT-0002;33141800;2400000.0;2;11.0;;Réalisation et fourniture de prothèses dentaires pour le Centre Hospitalier de Boulogne sur mer;ouverte;CM935;3.0;;;False;False;False;;7364.0;Établissement d'hospitalisation ;2 000  à  4 999;<NA>;1983-03-01;86.10Z;2008;5710.0;SAS, société par actions simplifiée;20  à  49;False;<NA>;2008;C;32;32.5;32.5;32.50A;1989-10-01;;Romilly-sur-Seine;Aube;Grand Est;(50.72287, 1.629339);Boulogne-sur-Mer;Pas-de-Calais;Hauts-de-France;;;;;;;;
False;['30211000', '30233100', '50312000'];;True;False;False;attribue;{'StreetName': '20, Rue des deux gares', 'AdditionalStreetName': None, 'CityName': 'Rueil Malmaison', 'PostalZone': '92500', 'Country': 'FRA'};823087622;False;LENOVO GLOBAL TECHNOLOGY FRANCE SAS;Lenovo Global Technology France SAS;2026-09-04;{'StreetName': 'Bâtiment Breguet', 'AdditionalStreetName': '3 rue Joliot Curie', 'CityName': 'Gif Sur Yvette', 'PostalZone': '91190', 'Country': 'FRA'};130026024;False;UNIVERSITE PARIS-SACLAY;Université Paris-Saclay;;2026-07-31+02:00;fournitures;"[""Valeur technique de l'offre"", 'Développement Durable et Responsabilité Sociétale (Ddrs)', 'Prix']";['technique', 'environnemental & social', 'prix'];[70.0, 10.0, 20.0];2520.0;True;5000000.0;False;;sans remise en concurrence;;26-85438;;5000000.0;;LOT-0000;30211100;5000000.0;1;1.0;;Consultation relative à l'acquisition et l'évolutivité d'une machine de calcul pour le mésocentre de l'Université Paris-Saclay et ses Partenaires - Phase Candidatures;dialogue competitif;2024-A039;;;;True;True;True;5000000.0;7383.0;Établissement public national à caractère scientifique culturel et professionnel ;5 000  à  9 999;False;2019-11-07;85.42Z;2008;5710.0;SAS, société par actions simplifiée;50  à  99;False;<NA>;2008;G;46;46.5;46.51;46.51Z;2016-09-30;(48.874683, 2.203723);Rueil-Malmaison;Hauts-de-Seine;Île-de-France;(48.709681, 2.163487);Gif-sur-Yvette;Essonne;Île-de-France;;;;;;;;
False;;;True;True;False;attribue;{'StreetName': None, 'AdditionalStreetName': None, 'CityName': 'Paris', 'PostalZone': '75017', 'Country': 'FRA'};351667035;True;IMPRIMERIE DE COMPIEGNE - GROUPE DES IMPRIMERIES MORAULT;IMPRIMERIE DE COMPIEGNE- GROUPE DES IMPRIMERIES MORAULT;2026-09-04;{'StreetName': 'Rue du Morvan', 'AdditionalStreetName': None, 'CityName': 'Les ulis', 'PostalZone': '91940', 'Country': 'FRA'};219106929;True;COMMUNE DES ULIS;Mairie des Ulis;;;services;['critère prix', 'Critère Performances en matière de protection environnementale et sociale', 'Critère valeur technique'];['prix', 'environnemental & social', 'technique'];[45.0, 15.0, 40.0];360.0;True;0.0;False;{'StreetName': None, 'CityName': None, 'PostalZone': None, 'NUTS': 'FR104', 'Country': 'FRA'};sans remise en concurrence;;26-85385;;;0.0;LOT-0001;79810000;880000.0;3;;;Prestation d'impression des supports de communication de la Ville des Ulis : 3 Lots;ouverte;2026-CP-0008;3.0;;;True;False;False;;7210.0;Commune et commune nouvelle ;1 000  à  1 999;False;1980-01-01;84.11Z;2008;5710.0;SAS, société par actions simplifiée;50  à  99;False;<NA>;2008;C;18;18.1;18.12;18.12Z;1989-03-01;;Paris;Paris;Île-de-France;(48.682199, 2.169402);Les Ulis;Essonne;Île-de-France;;;;;;;;
False;;;True;True;False;attribue;{'StreetName': None, 'AdditionalStreetName': None, 'CityName': 'Paris', 'PostalZone': '75017', 'Country': 'FRA'};351667035;True;IMPRIMERIE DE COMPIEGNE - GROUPE DES IMPRIMERIES MORAULT;IMPRIMERIE DE COMPIEGNE- GROUPE DES IMPRIMERIES MORAULT;2026-09-04;{'StreetName': 'Rue du Morvan', 'AdditionalStreetName': None, 'CityName': 'Les ulis', 'PostalZone': '91940', 'Country': 'FRA'};219106929;True;COMMUNE DES ULIS;Mairie des Ulis;;;services;['Critère prix', 'Critère performance en matière de protection environnementale et sociale', 'Critère valeur technique'];['prix', 'environnemental & social', 'technique'];[45.0, 15.0, 40.0];360.0;True;0.0;False;{'StreetName': None, 'CityName': None, 'PostalZone': None, 'NUTS': 'FR104', 'Country': 'FRA'};sans remise en concurrence;;26-85385;;;;LOT-0002;79810000;880000.0;3;3.0;;Prestation d'impression des supports de communication de la Ville des Ulis : 3 Lots;ouverte;2026-CP-0008;3.0;;;True;False;False;;7210.0;Commune et commune nouvelle ;1 000  à  1 999;False;1980-01-01;84.11Z;2008;5710.0;SAS, société par actions simplifiée;50  à  99;False;<NA>;2008;C;18;18.1;18.12;18.12Z;1989-03-01;;Paris;Paris;Île-de-France;(48.682199, 2.169402);Les Ulis;Essonne;Île-de-France;;;;;;;;
False;;;True;True;False;attribue;{'StreetName': None, 'AdditionalStreetName': None, 'CityName': 'Puteaux', 'PostalZone': '92800', 'Country': 'FRA'};332552652;True;DEFIGRAPH;DEFIGRAPH;2026-09-04;{'StreetName': 'Rue du Morvan', 'AdditionalStreetName': None, 'CityName': 'Les ulis', 'PostalZone': '91940', 'Country': 'FRA'};219106929;True;COMMUNE DES ULIS;Mairie des Ulis;;;services;['critère prix', 'Critère performance en matière de protection environnementale et sociale', 'critère valeur technique'];['prix', 'environnemental & social', 'technique'];[45.0, 15.0, 40.0];360.0;True;0.0;False;{'StreetName': None, 'CityName': None, 'PostalZone': None, 'NUTS': 'FR104', 'Country': 'FRA'};sans remise en concurrence;;26-85385;;;;LOT-0003;79811000;880000.0;3;;;Prestation d'impression des supports de communication de la Ville des Ulis : 3 Lots;ouverte;2026-CP-0008;3.0;;;True;False;False;;7210.0;Commune et commune nouvelle ;1 000  à  1 999;False;1980-01-01;84.11Z;2008;5710.0;SAS, société par actions simplifiée;20  à  49;False;<NA>;2008;N;82;82.1;82.19;82.19Z;1985-05-01;;Puteaux;Hauts-de-Seine;Île-de-France;(48.682199, 2.169402);Les Ulis;Essonne;Île-de-France;;;;;;;;
False;;;False;False;False;attribue;{'StreetName': None, 'AdditionalStreetName': None, 'CityName': 'BEZONS', 'PostalZone': '95870', 'Country': 'FRA'};440953776;True;CDA;CDA;2026-09-04;{'StreetName': 'Rue du Morvan', 'AdditionalStreetName': None, 'CityName': 'Les ulis', 'PostalZone': '91940', 'Country': 'FRA'};219106929;True;COMMUNE DES ULIS;Mairie des Ulis;;;services;['Critère prix'];['prix'];[100];720.0;True;123000.0;False;{'StreetName': 'https://www.lesulis.fr/', 'CityName': 'les Ulis', 'PostalZone': '91940', 'NUTS': 'FR104', 'Country': 'FRA'};sans remise en concurrence;;26-85677;;;;LOT-0001;50413200;467384.0;1;;;PRESTATIONS DE VERIFICATION PERIODIQUE, D'ENTRETIEN COURANT, DE REPARATION ET DE CREATION POUR LES FONTAINES PUBLIQUES ET POINTS D'EAU INCENDIE.;ouverte;2026-CP-0001;1.0;;;True;False;False;;7210.0;Commune et commune nouvelle ;1 000  à  1 999;False;1980-01-01;84.11Z;2008;5710.0;SAS, société par actions simplifiée;20  à  49;False;<NA>;2008;M;71;71.1;71.12;71.12B;2002-01-02;;Bezons;Val-d'Oise;Île-de-France;(48.682199, 2.169402);Les Ulis;Essonne;Île-de-France;;;;;;;;
False;['45222300'];;True;False;False;attribue;{'StreetName': '2 Rue Du Stade', 'AdditionalStreetName': None, 'CityName': 'Le Petit-Quevilly', 'PostalZone': '76140', 'Country': 'FRA'};311946404;False;ETABLISSEMENTS FOURMENT;ETABLISSEMENTS FOURMENT;2026-09-04;{'StreetName': 'Hôtel de Ville', 'AdditionalStreetName': 'Service de la Commande Publique, Parc Jehan Ango', 'CityName': 'Dieppe', 'PostalZone': '76200', 'Country': 'FRA'};217602176;False;COMMUNE DE DIEPPE;Ville de Dieppe;;2026-07-01+02:00;travaux;"[""Valeur technique de l'offre"", 'Prix']";['technique', 'prix'];[60.0, 40.0];1440.0;False;4000000.0;False;;;;26-85440;25-30938;4000000.0;;LOT-0000;45222300;;1;3.0;;ACCORD-CADRE A BONS DE COMMANDE RELATIF AU DEPLOIEMENT ET A LA MAINTENANCE DU DISPOSITIF DE VIDEOPROTECTION SUR L'ESPACE PUBLIC DE LA VILLE DE DIEPPE DANS LE CADRE DU RENFORCEMENT DE LA SECURITE URBAI;ouverte;26-16;3.0;False;False;False;False;False;4000000.0;7210.0;Commune et commune nouvelle ;1 000  à  1 999;False;1978-01-01;84.11Z;2008;5710.0;SAS, société par actions simplifiée;50  à  99;False;<NA>;2008;F;43;43.2;43.29;43.29B;1978-01-01;(49.426837, 1.050735);Le Petit-Quevilly;Seine-Maritime;Normandie;;;;;;;;;;;;
False;['30163100'];;True;False;False;attribue;{'StreetName': 'Balcke Durr Allee 3', 'AdditionalStreetName': None, 'CityName': 'Ratingen', 'PostalZone': '40882', 'Country': 'DEU'};422544825;False;DKV EURO SERVICE GMBH & CO KG;DKV EURO SERVICE GMBH + CO KG;2026-09-04;{'StreetName': '825 route de Valmont', 'AdditionalStreetName': None, 'CityName': 'Fecamp', 'PostalZone': '76403', 'Country': 'FRA'};200069821;False;FECAMP CAUX LITTORAL AGGLOMERATION;Communauté d'agglomération Fécamp Caux Littoral;;2026-11-01+01:00;fournitures;"[""Valeur technique de l'offre"", 'Prix']";['technique', 'prix'];[50.0, 50.0];1440.0;False;;False;;sans remise en concurrence;;26-85636;;1200000.0;;LOT-0000;30163100;1200000.0;1;6.0;;FOURNITURE DE CARBURANTS PAR CARTES ACCREDITIVES;ouverte;26.003;;;;False;False;False;1200000.0;7348.0;Communauté d'agglomération ;250  à  499;False;2017-01-01;84.11Z;2008;3220.0;Société étrangère non immatriculée au RCS ;;<NA>;<NA>;2008;N;82;82.9;82.99;82.99Z;1973-01-01;;;;;(49.75109, 0.414625);Fécamp;Seine-Maritime;Normandie;;;;;;;;
False;['79713000'];;True;False;False;attribue;{'StreetName': '575 Av Alphonse Lavallee', 'AdditionalStreetName': None, 'CityName': 'La Farlede', 'PostalZone': '83210', 'Country': 'FRA'};328931613;False;ONET SECURITE SOLUTIONS HUMAINES;SECURI FRANCE;2026-09-04;{'StreetName': 'Place Général de Gaulle', 'AdditionalStreetName': None, 'CityName': 'La Valette du Var', 'PostalZone': '83160', 'Country': 'FRA'};218301448;False;COMMUNE DE LA VALETTE DU VAR;Commune de La Valette du Var;;2026-09-01+02:00;services;"[""Valeur technique de l'offre appréciée à l'aide du mémoire technique"", 'Le Prix au vu du D.Q.E']";['technique', 'prix'];[60.0, 40.0];1440.0;False;1000000.0;False;;sans remise en concurrence;;26-85497;;1000000.0;;LOT-0000;79710000;1000000.0;1;9.0;;Prestations de Services de Sécurité et de Sureté;ouverte;AOO2026-05;3.0;;;False;False;False;1000000.0;7210.0;Commune et commune nouvelle ;500  à  999;False;1977-10-01;84.11Z;2008;5710.0;SAS, société par actions simplifiée;5 000  à  9 999;False;<NA>;2008;N;80;80.1;80.1;80.10Z;1984-01-01;(43.156091, 6.043923);La Farlède;Var;Provence-Alpes-Côte d'Azur;(43.13736, 5.984735);La Valette-du-Var;Var;Provence-Alpes-Côte d'Azur;;;;;;;;
False;;;True;False;False;attribue;{'StreetName': '1 RUE DU DEBARCADERE', 'AdditionalStreetName': None, 'CityName': 'COLOMBES', 'PostalZone': '92700', 'Country': 'FRA'};778151944;True;SULO FRANCE;SULO FRANCE;2026-09-04;"{'StreetName': ""Parc d'Activité du Capitou, pôle BTP 32 allée Sébastien Vauban"", 'AdditionalStreetName': None, 'CityName': 'Fréjus', 'PostalZone': '83600', 'Country': 'FRA'}";258300581;True;SM DU DEVELOPPEMENT DURABLE DE L'EST VAR POUR LE TRAITEMENT ET LA VALORISATION DES DECHETS MENAGERS;SMiDDEV (83);;;fournitures;['prix', 'Valeur technique', 'Délai de livraison'];['prix', 'technique', 'delai'];[45.0, 53.0, 2.0];1440.0;False;350000.0;False;;sans remise en concurrence;;26-85404;;266015.0;;LOT-0001;44613800;350000.0;1;3.0;;Fourniture de bacs de collectes sélectives sur le territoire du SMiDDEV;ouverte;;;;;False;False;False;266015.0;7354.0;Syndicat mixte fermé ;20  à  49;False;1983-03-01;38.21Z;2008;5710.0;SAS, société par actions simplifiée;500  à  999;False;False;2008;C;22;22.2;22.22;22.22Z;1960-01-01;(48.908702, 2.235645);Colombes;Hauts-de-Seine;Île-de-France;(43.469796, 6.725924);Fréjus;Var;Provence-Alpes-Côte d'Azur;;;;;;;;
False;['72267000'];;True;False;False;attribue;{'StreetName': '100 Rue Petit', 'AdditionalStreetName': None, 'CityName': 'Paris', 'PostalZone': '75019', 'Country': 'FRA'};480980358;False;ADIMEO;ADIMEO;2026-09-04;{'StreetName': 'Direction de la Commande Publique', 'AdditionalStreetName': '1 Boulevard de la Marquette', 'CityName': 'Toulouse', 'PostalZone': '31090', 'Country': 'FRA'};223100017;False;DEPARTEMENT DE LA HAUTE GARONNE;Conseil départemental de la Haute-Garonne;;2026-04-24+02:00;services;"[""Valeur technique de l'offre"", 'Prix']";['technique', 'prix'];[70.0, 30.0];1440.0;False;0.0;False;{'StreetName': 'Conseil départemental de la Haute-Garonne', 'CityName': 'Toulouse', 'PostalZone': '31090', 'NUTS': 'FRJ23', 'Country': 'FRA'};;;26-85534;;400000.0;;LOT-0000;72262000;;1;16.0;;TIERCE MAINTENANCE APPLICATIVE DES APPLICATIONS DEVELOPPEES EN TECHNOLOGIES OPEN SOURCE;ouverte;25CD310184;;;;False;False;False;400000.0;7220.0;Département ;5 000  à  9 999;False;1983-03-01;84.11Z;2008;5710.0;SAS, société par actions simplifiée;50  à  99;False;<NA>;2008;J;63;63.1;63.12;63.12Z;2005-01-01;(48.886084, 2.390891);Paris;Paris;Île-de-France;(43.615663, 1.436756);Toulouse;Haute-Garonne;Occitanie;;;;;;;;
False;['45111200', '45111220', '45112000'];;True;False;False;attribue;;;False;;;2026-09-04;{'StreetName': '21 boulevard de la Marquette', 'AdditionalStreetName': 'Bp 10416', 'CityName': 'Toulouse', 'PostalZone': '31004', 'Country': 'FRA'};408370740;False;SOCIETE DE LA MOBILITE DE L'AGGLOMERATION TOULOUSAINE;Tisséo Ingénierie, agissant au nom et pour le compte de Tisséo Collectivités;;2026-07-20+02:00;travaux;"[""Valeur technique de l'offre"", 'Prix']";['technique', 'prix'];[40.0, 60.0];90.0;False;;False;;;;26-85532;;189328.31;;LOT-0000;45100000;;1;4.0;;Travaux Préparatoires Ligne C de métro de Toulouse PEM de Labège Gare;ouverte;M3 2025 03606 M;0.0;;;False;False;False;189328.31;5599.0;SA à conseil d'administration (s.a.i.);100  à  199;False;1996-07-11;71.12B;2008;;;;;;<NA>;;;;;<NA>;<NA>;;;;;(43.614382, 1.433248);Toulouse;Haute-Garonne;Occitanie;;;;;;;;
False;;;True;True;False;attribue;"{'StreetName': ""Immeuble l'Altis bât A 7 center\n561 rue Georges Melies"", 'AdditionalStreetName': None, 'CityName': 'Montpellier', 'PostalZone': '34000', 'Country': 'FRA'}";824012173;True;SWILE;SWILE SAS;2026-09-04;{'StreetName': 'Département des Alpes-Maritimes - Centre administratif départemental (CADAM)', 'AdditionalStreetName': None, 'CityName': 'NICE CEDEX 3', 'PostalZone': '06201', 'Country': 'FRA'};220600019;True;DEPARTEMENT DES ALPES MARITIMES;CG des A-M - Direction des Ressources Humaines;;;services;"['prix', ""Valeur technique\nSous -critère 1 : (55 points)\nOrganisation et services dédiés (équipe, assistance, incidents, délais)\nSous -critère 2 : (10 points)\nRéseau commercial (étendue, facilités d'extension)\nSous -critère 3 : (8 points)\nReporting, supervision, alertes\nSous -critère 4 : (2 points)\nLe candidat complète le document concernant la sécurité des systèmes d’information ci-joint"", ""Valeur environnementale\n (5 points)\nProtection de l'environnement, développement durable\nLe candidat présente et justifie les mesures prises pour rendre l’exécution des prestations plus vertueuse (composition de la carte, recyclage en fin de vie, politique RSE, sobriété numérique le cas échéant).""]";['prix', 'delai', 'environnemental & social'];[20.0, 75.0, 5.0];1440.0;True;;False;{'StreetName': None, 'CityName': None, 'PostalZone': None, 'NUTS': 'FRL03', 'Country': 'FRA'};sans remise en concurrence;;26-85660;;;3200000.0;LOT-0001;75200000;32800000.0;2;3.0;;2026A0027- Emission et gestion des prestations sociales à l'attention du personnel du Conseil Départemental des Alpes Maritimes;ouverte;2026A0027;;;;False;False;False;;7220.0;Département ;2 000  à  4 999;False;1982-09-30;84.11Z;2008;5710.0;SAS, société par actions simplifiée;250  à  499;False;<NA>;2008;K;66;66.1;66.19;66.19B;2016-11-24;(43.605828, 3.920351);Montpellier;Hérault;Occitanie;;;;;;;;;;;;
False;;;True;True;False;attribue;"{'StreetName': ""Immeuble l'Altis bât A 7 center\n561 rue Georges Melies"", 'AdditionalStreetName': None, 'CityName': 'Montpellier', 'PostalZone': '34000', 'Country': 'FRA'}";824012173;True;SWILE;SWILE SAS;2026-09-04;{'StreetName': 'Département des Alpes-Maritimes - Centre administratif départemental (CADAM)', 'AdditionalStreetName': None, 'CityName': 'NICE CEDEX 3', 'PostalZone': '06201', 'Country': 'FRA'};220600019;True;DEPARTEMENT DES ALPES MARITIMES;CG des A-M - Direction des Ressources Humaines;;;services;"['prix', ""Valeur technique\nSous -critère 1 : (53 points)\nOrganisation et services dédiés (équipe, assistance, incidents, délais)\nSous -critère 2 : (10 points)\nRéseau commercial (étendue, facilités d'extension)\nSous -critère 3 : (8 points)\nReporting, supervision, alertes\nSous-critère 4 : (2 points)\nQualité des échantillons\n Sous -critère 5 : (2 points)\nLe candidat complète le document concernant la sécurité des systèmes d’information ci-joint"", ""Valeur environnementale\n(5 points)\nProtection de l'environnement, développement durable\nLe candidat présente et justifie les mesures prises pour rendre l’exécution des prestations plus vertueuse (composition de la carte, recyclage en fin de vie, politique RSE, sobriété numérique le cas échéant).""]";['prix', 'delai', 'environnemental & social'];[20.0, 75.0, 5.0];1440.0;True;;False;{'StreetName': None, 'CityName': None, 'PostalZone': None, 'NUTS': 'FRL03', 'Country': 'FRA'};sans remise en concurrence;;26-85660;;;32000000.0;LOT-0002;75200000;32800000.0;2;2.0;;2026A0027- Emission et gestion des prestations sociales à l'attention du personnel du Conseil Départemental des Alpes Maritimes;ouverte;2026A0027;;;;False;False;False;;7220.0;Département ;2 000  à  4 999;False;1982-09-30;84.11Z;2008;5710.0;SAS, société par actions simplifiée;250  à  499;False;<NA>;2008;K;66;66.1;66.19;66.19B;2016-11-24;(43.605828, 3.920351);Montpellier;Hérault;Occitanie;;;;;;;;;;;;
False;['55521200', '55523100'];;True;False;False;attribue;{'StreetName': 'zi la vallière lot 13-15', 'AdditionalStreetName': None, 'CityName': 'saint andré de la roche', 'PostalZone': '06730', 'Country': 'FRA'};307518225;True;SNRH SOC NICO REPAS HOTEL LOIS;SNRH;2026-09-04;{'StreetName': '21 avenue Denis Séméria', 'AdditionalStreetName': None, 'CityName': 'Saint Jean Cap Ferrat', 'PostalZone': '06230', 'Country': 'FRA'};210601217;False;COMMUNE DE SAINT JEAN CAP FERRAT;Commune de Saint Jean Cap Ferrat (06);;;services;[];[];;360.0;True;;False;{'StreetName': None, 'CityName': 'Saint-Jean-Cap-Ferrat', 'PostalZone': '06230', 'NUTS': 'FRL03', 'Country': 'FRA'};sans remise en concurrence;;26-85674;;129973.0;;LOT-0001;55510000;600000.0;1;1.0;;MARCHE RELATIF A LA FOURNITURE, LA LIVRAISON DE REPAS EN LIASON FROIDE DANS LE CADRE DE LA RESTAURATION SCOLAIRE ET LORS DES PAUSES RECREATIVES DE L’ECOLE;ouverte;2026/MP005;3.0;;;False;False;False;129973.0;7210.0;Commune et commune nouvelle ;50  à  99;False;1983-03-01;84.11Z;2008;5710.0;SAS, société par actions simplifiée;50  à  99;<NA>;<NA>;2008;I;56;56.2;56.29;56.29A;1980-01-24;(43.749118, 7.284049);Saint-André-de-la-Roche;Alpes-Maritimes;Provence-Alpes-Côte d'Azur;(43.691673, 7.332787);Saint-Jean-Cap-Ferrat;Alpes-Maritimes;Provence-Alpes-Côte d'Azur;;;;;;;;
False;;;True;True;False;attribue;{'StreetName': '1 rue Blériot, ZAC Activeum', 'AdditionalStreetName': None, 'CityName': 'ALTORF', 'PostalZone': '67120', 'Country': 'FRA'};310269378;True;SPORTS ET LOISIRS;CASAL SPORT - SPORTS ET LOISIRS;2026-09-04;{'StreetName': 'Département des Alpes-Maritimes - Centre administratif départemental (CADAM). 147 boulevard du Mercantour - BP 3007', 'AdditionalStreetName': None, 'CityName': 'NICE CEDEX 3', 'PostalZone': '06201', 'Country': 'FRA'};424982650;False;SCC FRANCE;CD des A-M - Direction des Collèges (DCOLL);;;fournitures;"['Prix', 'Valeur technique :\nsous critère 1 (20 points) moyens matériels et humains ;\nsous critère 2 (20 points) : moyens mis en œuvre pour la réalisation des prestations ;\nsous critère 3 (20 points : qualité des échantillons pour le articles du BPU n°21 et BPU n°73', 'Valeur environnementale\nSous-critère 1 (4 points) : Politique environnementale au sein de l’entreprise - Impact sur l’environnement comme indiqué dans les lignes concernées du BPU;\nsous critère 2 (3 points): nombre d’articles mentionnés dans le devis descriptif estimatif détaillé (DDED) issus du réemploi ou de la réutilisation sera analysée. \nsous critère 3 (3 points) :nombre d’articles mentionnés dans le devis descriptif estimatif détaillé (DDED), intégrant des matières recyclées sera analysée']";['prix', 'social', 'environnemental'];[30.0, 60.0, 10.0];1440.0;True;;False;{'StreetName': None, 'CityName': None, 'PostalZone': None, 'NUTS': 'FRL03', 'Country': 'FRA'};sans remise en concurrence;;26-85669;;;480000.0;LOT-0001;37400000;2400000.0;3;2.0;;2025A0251 - Acquisition et installation de matériel, et d'équipements de sports pour les besoins du Département des Alpes-Maritimes (3 lots);ouverte;2025A0251;3.0;;;False;True;False;;5710.0;SAS, société par actions simplifiée;2 000  à  4 999;False;1999-10-27;46.51Z;2008;5710.0;SAS, société par actions simplifiée;100  à  199;False;<NA>;2008;G;46;46.4;46.49;46.49Z;1977-06-01;(48.542401, 7.564462);Altorf;Bas-Rhin;Grand Est;;;;;;;;;;;;
False;;;True;True;False;attribue;{'StreetName': '1 rue Blériot, ZAC Activeum', 'AdditionalStreetName': None, 'CityName': 'ALTORF', 'PostalZone': '67120', 'Country': 'FRA'};310269378;True;SPORTS ET LOISIRS;CASAL SPORT - SPORTS ET LOISIRS;2026-09-04;{'StreetName': 'Département des Alpes-Maritimes - Centre administratif départemental (CADAM). 147 boulevard du Mercantour - BP 3007', 'AdditionalStreetName': None, 'CityName': 'NICE CEDEX 3', 'PostalZone': '06201', 'Country': 'FRA'};424982650;False;SCC FRANCE;CD des A-M - Direction des Collèges (DCOLL);;;fournitures;"['Prix', 'Valeur technique\nsous critère 1 (20 points) moyens matériels et humains ;\nsous critère 2 (20 points) : moyens mis en œuvre pour la réalisation des prestations ;\nsous critère 3 (20 points : qualité des échantillons pour le articles du BPU n°73 et BPU n°74', 'Valeur environnementale\nSous-critère 1 (4 points) : Politique environnementale au sein de l’entreprise - Impact sur l’environnement comme indiqué dans les lignes concernées du BPU;\nsous critère 2 (3 points): nombre d’articles mentionnés dans le devis descriptif estimatif détaillé (DDED) issus du réemploi ou de la réutilisation sera analysée. \nsous critère 3 (3 points) :nombre d’articles mentionnés dans le devis descriptif estimatif détaillé (DDED), intégrant des matières recyclées sera analysée']";['prix', 'social', 'environnemental'];[30.0, 60.0, 10.0];1440.0;True;;False;{'StreetName': None, 'CityName': None, 'PostalZone': None, 'NUTS': 'FRL03', 'Country': 'FRA'};sans remise en concurrence;;26-85669;;;320000.0;LOT-0002;37400000;2400000.0;3;2.0;;2025A0251 - Acquisition et installation de matériel, et d'équipements de sports pour les besoins du Département des Alpes-Maritimes (3 lots);ouverte;2025A0251;3.0;;;False;True;False;;5710.0;SAS, société par actions simplifiée;2 000  à  4 999;False;1999-10-27;46.51Z;2008;5710.0;SAS, société par actions simplifiée;100  à  199;False;<NA>;2008;G;46;46.4;46.49;46.49Z;1977-06-01;(48.542401, 7.564462);Altorf;Bas-Rhin;Grand Est;;;;;;;;;;;;
False;;;True;True;False;attribue;{'StreetName': '1 rue Blériot, ZAC Activeum', 'AdditionalStreetName': None, 'CityName': 'ALTORF', 'PostalZone': '67120', 'Country': 'FRA'};310269378;True;SPORTS ET LOISIRS;CASAL SPORT - SPORTS ET LOISIRS;2026-09-04;{'StreetName': 'Département des Alpes-Maritimes - Centre administratif départemental (CADAM). 147 boulevard du Mercantour - BP 3007', 'AdditionalStreetName': None, 'CityName': 'NICE CEDEX 3', 'PostalZone': '06201', 'Country': 'FRA'};424982650;False;SCC FRANCE;CD des A-M - Direction des Collèges (DCOLL);;;fournitures;"['Prix', 'Valeur technique\nsous critère 1 (20 points) moyens matériels et humains ;\nsous critère 2 (20 points) : moyens mis en œuvre pour la réalisation des prestations ;\nsous critère 3 (20 points : qualité des échantillons pour le articles du BPU n°64 et BPU n°83', 'Valeur environnementale\nSous-critère 1 (4 points) : Politique environnementale au sein de l’entreprise - Impact sur l’environnement comme indiqué dans les lignes concernées du BPU;\nsous critère 2 (3 points): nombre d’articles mentionnés dans le devis descriptif estimatif détaillé (DDED) issus du réemploi ou de la réutilisation sera analysée. \nsous critère 3 (3 points) :nombre d’articles mentionnés dans le devis descriptif estimatif détaillé (DDED), intégrant des matières recyclées sera analysée']";['prix', 'social', 'environnemental'];[30.0, 60.0, 10.0];1440.0;True;;False;{'StreetName': None, 'CityName': None, 'PostalZone': None, 'NUTS': 'FRL03', 'Country': 'FRA'};sans remise en concurrence;;26-85669;;;1600000.0;LOT-0003;37400000;2400000.0;3;2.0;;2025A0251 - Acquisition et installation de matériel, et d'équipements de sports pour les besoins du Département des Alpes-Maritimes (3 lots);ouverte;2025A0251;3.0;;;False;True;False;;5710.0;SAS, société par actions simplifiée;2 000  à  4 999;False;1999-10-27;46.51Z;2008;5710.0;SAS, société par actions simplifiée;100  à  199;False;<NA>;2008;G;46;46.4;46.49;46.49Z;1977-06-01;(48.542401, 7.564462);Altorf;Bas-Rhin;Grand Est;;;;;;;;;;;;
False;;;False;False;False;attribue;{'StreetName': None, 'AdditionalStreetName': None, 'CityName': 'NICE CEDEX 1', 'PostalZone': '06050', 'Country': 'FRA'};513737544;True;EUROP'TP;EUROP TP;2026-09-04;{'StreetName': 'Département des Alpes-Maritimes - Centre administratif départemental (CADAM). 147 boulevard du Mercantour - BP 3007', 'AdditionalStreetName': None, 'CityName': 'Nice', 'PostalZone': '06201', 'Country': 'FRA'};220600019;False;DEPARTEMENT DES ALPES MARITIMES;CG des Alpes-Maritimes - Direction de la Construction et du Patrimoine (06);;;travaux;['prix', 'valeur technique', 'valeur environnementale'];['prix', 'technique', 'environnemental'];[60.0, 30.0, 10.0];720.0;True;;False;{'StreetName': None, 'CityName': 'LEVENS', 'PostalZone': '06670', 'NUTS': 'FRL03', 'Country': 'FRA'};;;26-85432;;1949965.0;;LOT-0001;45111291;;1;5.0;;2026M0003a Travaux relatifs à la construction du futur collège de Levens lot1;ouverte;;;;;True;False;False;1949965.0;7220.0;Département ;2 000  à  4 999;False;1982-09-30;84.11Z;2008;5710.0;SAS, société par actions simplifiée;20  à  49;False;<NA>;2008;F;43;43.1;43.12;43.12A;2009-07-01;;Courchevel;Savoie;Auvergne-Rhône-Alpes;(43.67538, 7.19965);Nice;Alpes-Maritimes;Provence-Alpes-Côte d'Azur;;;;;;;;
False;;;False;True;False;attribue;{'StreetName': None, 'AdditionalStreetName': None, 'CityName': 'NICE', 'PostalZone': '06300', 'Country': 'FRA'};782621304;True;LA SEMEUSE;LA SEMEUSE;2026-09-04;{'StreetName': 'Département des Alpes-Maritimes - Centre administratif départemental (CADAM). 147 boulevard du Mercantour - BP 3007', 'AdditionalStreetName': None, 'CityName': 'Nice', 'PostalZone': '06201', 'Country': 'FRA'};220600019;True;DEPARTEMENT DES ALPES MARITIMES;CD des A-M - Direction de la citoyenneté, de la jeunesse et des sports (DCJS);;;services;['PRIX', 'valeur technique'];['prix', 'technique'];[40.0, 60.0];360.0;False;;False;{'StreetName': None, 'CityName': 'NICE', 'PostalZone': '06000', 'NUTS': 'FRL03', 'Country': 'FRA'};;;26-85431;;1018347.0;;LOT-0001;85311300;;2;2.0;;2025M0328 Médiation et sécurité scolaire aux abords des collèges des Alpes-Maritimes;ouverte;;;;;True;False;True;2902130.0;7220.0;Département ;2 000  à  4 999;False;1982-09-30;84.11Z;2008;9220.0;Association déclarée ;100  à  199;True;<NA>;2008;S;94;94.9;94.99;94.99Z;1900-01-01;;Nice;Alpes-Maritimes;Provence-Alpes-Côte d'Azur;(43.67538, 7.19965);Nice;Alpes-Maritimes;Provence-Alpes-Côte d'Azur;;;;;;;;
False;;;False;True;False;attribue;{'StreetName': None, 'AdditionalStreetName': None, 'CityName': '06200', 'PostalZone': '06300', 'Country': 'FRA'};450626205;True;PASTEUR ASSOCIATION AVENIR JEUNESSE PAJE;PASTEUR ASSOCIATION AVENIR JEUNESSE;2026-09-04;{'StreetName': 'Département des Alpes-Maritimes - Centre administratif départemental (CADAM). 147 boulevard du Mercantour - BP 3007', 'AdditionalStreetName': None, 'CityName': 'Nice', 'PostalZone': '06201', 'Country': 'FRA'};220600019;True;DEPARTEMENT DES ALPES MARITIMES;CD des A-M - Direction de la citoyenneté, de la jeunesse et des sports (DCJS);;;services;['PRIX', 'valeur technique'];['prix', 'technique'];[40.0, 60.0];360.0;False;;False;{'StreetName': None, 'CityName': 'NICE', 'PostalZone': '06000', 'NUTS': 'FRL03', 'Country': 'FRA'};;;26-85431;;1883783.0;;LOT-0002;85311300;;2;1.0;;2025M0328 Médiation et sécurité scolaire aux abords des collèges des Alpes-Maritimes;ouverte;;;;;True;False;True;2902130.0;7220.0;Département ;2 000  à  4 999;False;1982-09-30;84.11Z;2008;9220.0;Association déclarée ;250  à  499;True;<NA>;2008;Q;88;88.9;88.99;88.99B;2002-12-04;;Nice;Alpes-Maritimes;Provence-Alpes-Côte d'Azur;(43.67538, 7.19965);Nice;Alpes-Maritimes;Provence-Alpes-Côte d'Azur;;;;;;;;
False;['66516000'];;True;False;False;attribue;{'StreetName': '141 Av Salvador Allende', 'AdditionalStreetName': None, 'CityName': 'Niort', 'PostalZone': '79000', 'Country': 'FRA'};301309605;False;SMACL ASSURANCES;SMACL ASSURANCES;2026-09-04;"{'StreetName': ""Hôtel du département, Mas d'Alco"", 'AdditionalStreetName': '1977 avenue des moulins', 'CityName': 'Montpellier', 'PostalZone': '34087', 'Country': 'FRA'}";223400011;False;DEPARTEMENT DE L HERAULT;Conseil départemental de l'Hérault;;2026-06-01+02:00;services;['Nature et qualité des garanties et capitaux', 'Gestion', 'Prix'];['qualite', 'qualite', 'prix'];[50.0, 10.0, 40.0];1560.0;False;;False;;;;26-85584;;388198.58;;LOT-0000;66516000;;1;1.0;;Assurances responsabilité civile et risques annexe pour les besoins du département de l'Hérault;ouverte;26DAF01;;;;False;False;False;388198.58;7220.0;Département ;5 000  à  9 999;False;1982-01-01;84.11Z;2008;6411.0;Société d'assurance à forme mutuelle;20  à  49;False;<NA>;2008;K;65;65.1;65.12;65.12Z;1972-10-21;(46.333546, -0.485756);Niort;Deux-Sèvres;Nouvelle-Aquitaine;;;;;;;;;;;;
False;['15896000'];;True;True;False;attribue;;;False;;;2026-09-04;"{'StreetName': ""Hôtel du département, Mas d'Alco"", 'AdditionalStreetName': '1977 avenue des moulins', 'CityName': 'Montpellier', 'PostalZone': '34087', 'Country': 'FRA'}";223400011;False;DEPARTEMENT DE L HERAULT;Conseil départemental de l'Hérault;;;fournitures;['Valeur technique au vu du cadre de réponse technique, des fiches techniques et/ou des échantillons', 'Prix'];['technique', 'prix'];[60.0, 40.0];;True;91526400.0;False;;sans remise en concurrence;;26-85531;;647500.0;;LOT-0001;15800000;21857500.0;31;2.0;1.0;"Fourniture de denrées alimentaires, conditionnements et usages uniques pour les Unités de Production Culinaire du Conseil Départemental de I'Hérault répondant aux objectifs de sa politique ""Haute Qual";ouverte;25DRS02;3.0;;;False;True;False;;7220.0;Département ;5 000  à  9 999;False;1982-01-01;84.11Z;2008;;;;;;<NA>;;;;;<NA>;<NA>;;;;;;;;;;;;;;;;
False;['03310000'];;True;True;False;attribue;{'StreetName': '335 Av De Milan', 'AdditionalStreetName': None, 'CityName': 'Perpignan', 'PostalZone': '66000', 'Country': 'FRA'};403713449;False;SOBRAQUES DISTRIBUTION S.A.S;SOBRAQUES DISTRIBUTION S.A.S;2026-09-04;"{'StreetName': ""Hôtel du département, Mas d'Alco"", 'AdditionalStreetName': '1977 avenue des moulins', 'CityName': 'Montpellier', 'PostalZone': '34087', 'Country': 'FRA'}";223400011;False;DEPARTEMENT DE L HERAULT;Conseil départemental de l'Hérault;;;fournitures;['Valeur technique au vu du cadre de réponse technique, des fiches techniques et/ou des échantillons', 'Prix'];['technique', 'prix'];[60.0, 40.0];;True;91526400.0;False;;sans remise en concurrence;;26-85531;;1620000.0;;LOT-0002;15800000;21857500.0;31;3.0;2.0;"Fourniture de denrées alimentaires, conditionnements et usages uniques pour les Unités de Production Culinaire du Conseil Départemental de I'Hérault répondant aux objectifs de sa politique ""Haute Qual";ouverte;25DRS02;3.0;;;False;True;False;;7220.0;Département ;5 000  à  9 999;False;1982-01-01;84.11Z;2008;5710.0;SAS, société par actions simplifiée;100  à  199;False;<NA>;2008;G;46;46.3;46.39;46.39A;1996-01-01;(42.690158, 2.856945);Perpignan;Pyrénées-Orientales;Occitanie;;;;;;;;;;;;
False;['15331170'];;True;True;False;attribue;{'StreetName': 'Marche Gare St Cesaire', 'AdditionalStreetName': None, 'CityName': 'Nimes', 'PostalZone': '30000', 'Country': 'FRA'};552044992;False;POMONA;POMONA;2026-09-04;"{'StreetName': ""Hôtel du département, Mas d'Alco"", 'AdditionalStreetName': '1977 avenue des moulins', 'CityName': 'Montpellier', 'PostalZone': '34087', 'Country': 'FRA'}";223400011;False;DEPARTEMENT DE L HERAULT;Conseil départemental de l'Hérault;;;fournitures;['Valeur technique au vu du cadre de réponse technique, des fiches techniques et/ou des échantillons', 'Prix'];['technique', 'prix'];[60.0, 40.0];;True;91526400.0;False;;sans remise en concurrence;;26-85531;;2053000.0;;LOT-0003;15800000;21857500.0;31;4.0;3.0;"Fourniture de denrées alimentaires, conditionnements et usages uniques pour les Unités de Production Culinaire du Conseil Départemental de I'Hérault répondant aux objectifs de sa politique ""Haute Qual";ouverte;25DRS02;3.0;;;False;True;False;;7220.0;Département ;5 000  à  9 999;False;1982-01-01;84.11Z;2008;5699.0;SA à directoire (s.a.i.);5 000  à  9 999;False;False;2008;G;46;46.3;46.39;46.39B;1955-01-01;(43.836168, 4.35902);Nîmes;Gard;Occitanie;;;;;;;;;;;;
False;['15833100'];;True;True;False;attribue;{'StreetName': 'Marche Gare St Cesaire', 'AdditionalStreetName': None, 'CityName': 'Nimes', 'PostalZone': '30000', 'Country': 'FRA'};552044992;False;POMONA;POMONA;2026-09-04;"{'StreetName': ""Hôtel du département, Mas d'Alco"", 'AdditionalStreetName': '1977 avenue des moulins', 'CityName': 'Montpellier', 'PostalZone': '34087', 'Country': 'FRA'}";223400011;False;DEPARTEMENT DE L HERAULT;Conseil départemental de l'Hérault;;;fournitures;['Valeur technique au vu du cadre de réponse technique, des fiches techniques et/ou des échantillons', 'Prix'];['technique', 'prix'];[60.0, 40.0];;True;91526400.0;False;;sans remise en concurrence;;26-85531;;360000.0;;LOT-0004;15800000;21857500.0;31;3.0;2.0;"Fourniture de denrées alimentaires, conditionnements et usages uniques pour les Unités de Production Culinaire du Conseil Départemental de I'Hérault répondant aux objectifs de sa politique ""Haute Qual";ouverte;25DRS02;3.0;;;False;True;False;;7220.0;Département ;5 000  à  9 999;False;1982-01-01;84.11Z;2008;5699.0;SA à directoire (s.a.i.);5 000  à  9 999;False;False;2008;G;46;46.3;46.39;46.39B;1955-01-01;(43.836168, 4.35902);Nîmes;Gard;Occitanie;;;;;;;;;;;;
False;['15896000'];;True;True;False;attribue;{'StreetName': 'Marche Gare St Cesaire', 'AdditionalStreetName': None, 'CityName': 'Nimes', 'PostalZone': '30000', 'Country': 'FRA'};552044992;False;POMONA;POMONA;2026-09-04;"{'StreetName': ""Hôtel du département, Mas d'Alco"", 'AdditionalStreetName': '1977 avenue des moulins', 'CityName': 'Montpellier', 'PostalZone': '34087', 'Country': 'FRA'}";223400011;False;DEPARTEMENT DE L HERAULT;Conseil départemental de l'Hérault;;;fournitures;['Valeur technique au vu du cadre de réponse technique, des fiches techniques et/ou des échantillons', 'Prix'];['technique', 'prix'];[60.0, 40.0];;True;91526400.0;False;;sans remise en concurrence;;26-85531;;1000000.0;;LOT-0005;15800000;21857500.0;31;1.0;1.0;"Fourniture de denrées alimentaires, conditionnements et usages uniques pour les Unités de Production Culinaire du Conseil Départemental de I'Hérault répondant aux objectifs de sa politique ""Haute Qual";ouverte;25DRS02;3.0;;;False;True;False;;7220.0;Département ;5 000  à  9 999;False;1982-01-01;84.11Z;2008;5699.0;SA à directoire (s.a.i.);5 000  à  9 999;False;False;2008;G;46;46.3;46.39;46.39B;1955-01-01;(43.836168, 4.35902);Nîmes;Gard;Occitanie;;;;;;;;;;;;
False;['15550000'];;True;True;False;attribue;{'StreetName': 'Che Des Pielles', 'AdditionalStreetName': None, 'CityName': 'Frontignan', 'PostalZone': '34110', 'Country': 'FRA'};300219904;False;FRANCE FRAIS MEDITERRANEE;DISTRISUD;2026-09-04;"{'StreetName': ""Hôtel du département, Mas d'Alco"", 'AdditionalStreetName': '1977 avenue des moulins', 'CityName': 'Montpellier', 'PostalZone': '34087', 'Country': 'FRA'}";223400011;False;DEPARTEMENT DE L HERAULT;Conseil départemental de l'Hérault;;;fournitures;['Valeur technique au vu du cadre de réponse technique, des fiches techniques et/ou des échantillons', 'Prix'];['technique', 'prix'];[60.0, 40.0];;True;91526400.0;False;;sans remise en concurrence;;26-85531;;1715000.0;;LOT-0006;15800000;21857500.0;31;2.0;0.0;"Fourniture de denrées alimentaires, conditionnements et usages uniques pour les Unités de Production Culinaire du Conseil Départemental de I'Hérault répondant aux objectifs de sa politique ""Haute Qual";ouverte;25DRS02;3.0;;;False;True;False;;7220.0;Département ;5 000  à  9 999;False;1982-01-01;84.11Z;2008;5710.0;SAS, société par actions simplifiée;200  à  249;False;<NA>;2008;G;46;46.3;46.33;46.33Z;1974-01-01;(43.449353, 3.759456);Frontignan;Hérault;Occitanie;;;;;;;;;;;;
False;['03142300'];;True;True;False;attribue;{'StreetName': 'Che Des Pielles', 'AdditionalStreetName': None, 'CityName': 'Frontignan', 'PostalZone': '34110', 'Country': 'FRA'};300219904;False;FRANCE FRAIS MEDITERRANEE;DISTRISUD;2026-09-04;"{'StreetName': ""Hôtel du département, Mas d'Alco"", 'AdditionalStreetName': '1977 avenue des moulins', 'CityName': 'Montpellier', 'PostalZone': '34087', 'Country': 'FRA'}";223400011;False;DEPARTEMENT DE L HERAULT;Conseil départemental de l'Hérault;;;fournitures;['Valeur technique au vu du cadre de réponse technique, des fiches techniques et/ou des échantillons', 'Prix'];['technique', 'prix'];[60.0, 40.0];;True;91526400.0;False;;sans remise en concurrence;;26-85531;;922000.0;;LOT-0007;15800000;21857500.0;31;3.0;1.0;"Fourniture de denrées alimentaires, conditionnements et usages uniques pour les Unités de Production Culinaire du Conseil Départemental de I'Hérault répondant aux objectifs de sa politique ""Haute Qual";ouverte;25DRS02;3.0;;;False;True;False;;7220.0;Département ;5 000  à  9 999;False;1982-01-01;84.11Z;2008;5710.0;SAS, société par actions simplifiée;200  à  249;False;<NA>;2008;G;46;46.3;46.33;46.33Z;1974-01-01;(43.449353, 3.759456);Frontignan;Hérault;Occitanie;;;;;;;;;;;;
False;['15551000'];;True;True;False;attribue;"{'StreetName': ""209 Che D'Espinassous"", 'AdditionalStreetName': None, 'CityName': 'Salmiech', 'PostalZone': '12120', 'Country': 'FRA'}";983137365;False;LA FERME DU CEOR;Ferme du Céor;2026-09-04;"{'StreetName': ""Hôtel du département, Mas d'Alco"", 'AdditionalStreetName': '1977 avenue des moulins', 'CityName': 'Montpellier', 'PostalZone': '34087', 'Country': 'FRA'}";223400011;False;DEPARTEMENT DE L HERAULT;Conseil départemental de l'Hérault;;;fournitures;['Valeur technique au vu du cadre de réponse technique, des fiches techniques et/ou des échantillons', 'Prix'];['technique', 'prix'];[60.0, 40.0];;True;91526400.0;False;;sans remise en concurrence;;26-85531;;879000.0;;LOT-0008;15800000;21857500.0;31;1.0;1.0;"Fourniture de denrées alimentaires, conditionnements et usages uniques pour les Unités de Production Culinaire du Conseil Départemental de I'Hérault répondant aux objectifs de sa politique ""Haute Qual";ouverte;25DRS02;3.0;;;False;True;False;;7220.0;Département ;5 000  à  9 999;False;1982-01-01;84.11Z;2008;5710.0;SAS, société par actions simplifiée;;False;<NA>;2008;C;10;10.5;10.51;10.51A;2023-12-23;(44.186116, 2.555558);Salmiech;Aveyron;Occitanie;;;;;;;;;;;;
False;['15540000'];;True;True;False;attribue;{'StreetName': 'Marche Gare St Cesaire', 'AdditionalStreetName': None, 'CityName': 'Nimes', 'PostalZone': '30000', 'Country': 'FRA'};552044992;False;POMONA;POMONA;2026-09-04;"{'StreetName': ""Hôtel du département, Mas d'Alco"", 'AdditionalStreetName': '1977 avenue des moulins', 'CityName': 'Montpellier', 'PostalZone': '34087', 'Country': 'FRA'}";223400011;False;DEPARTEMENT DE L HERAULT;Conseil départemental de l'Hérault;;;fournitures;['Valeur technique au vu du cadre de réponse technique, des fiches techniques et/ou des échantillons', 'Prix'];['technique', 'prix'];[60.0, 40.0];;True;91526400.0;False;;sans remise en concurrence;;26-85531;;572000.0;;LOT-0009;15800000;21857500.0;31;2.0;0.0;"Fourniture de denrées alimentaires, conditionnements et usages uniques pour les Unités de Production Culinaire du Conseil Départemental de I'Hérault répondant aux objectifs de sa politique ""Haute Qual";ouverte;25DRS02;3.0;;;False;True;False;;7220.0;Département ;5 000  à  9 999;False;1982-01-01;84.11Z;2008;5699.0;SA à directoire (s.a.i.);5 000  à  9 999;False;False;2008;G;46;46.3;46.39;46.39B;1955-01-01;(43.836168, 4.35902);Nîmes;Gard;Occitanie;;;;;;;;;;;;
False;['15530000'];;True;True;False;attribue;{'StreetName': 'Che Des Pielles', 'AdditionalStreetName': None, 'CityName': 'Frontignan', 'PostalZone': '34110', 'Country': 'FRA'};300219904;False;FRANCE FRAIS MEDITERRANEE;DISTRISUD;2026-09-04;"{'StreetName': ""Hôtel du département, Mas d'Alco"", 'AdditionalStreetName': '1977 avenue des moulins', 'CityName': 'Montpellier', 'PostalZone': '34087', 'Country': 'FRA'}";223400011;False;DEPARTEMENT DE L HERAULT;Conseil départemental de l'Hérault;;;fournitures;['Valeur technique au vu du cadre de réponse technique, des fiches techniques et/ou des échantillons', 'Prix'];['technique', 'prix'];[60.0, 40.0];;True;91526400.0;False;;sans remise en concurrence;;26-85531;;733000.0;;LOT-0010;15800000;21857500.0;31;4.0;1.0;"Fourniture de denrées alimentaires, conditionnements et usages uniques pour les Unités de Production Culinaire du Conseil Départemental de I'Hérault répondant aux objectifs de sa politique ""Haute Qual";ouverte;25DRS02;3.0;;;False;True;False;;7220.0;Département ;5 000  à  9 999;False;1982-01-01;84.11Z;2008;5710.0;SAS, société par actions simplifiée;200  à  249;False;<NA>;2008;G;46;46.3;46.33;46.33Z;1974-01-01;(43.449353, 3.759456);Frontignan;Hérault;Occitanie;;;;;;;;;;;;
False;['15111000'];;True;True;False;attribue;{'StreetName': 'Rue Latecoere', 'AdditionalStreetName': None, 'CityName': 'Perpignan', 'PostalZone': '66000', 'Country': 'FRA'};319049276;False;GUASCH & FILS;SAS GUASCH & FILS;2026-09-04;"{'StreetName': ""Hôtel du département, Mas d'Alco"", 'AdditionalStreetName': '1977 avenue des moulins', 'CityName': 'Montpellier', 'PostalZone': '34087', 'Country': 'FRA'}";223400011;False;DEPARTEMENT DE L HERAULT;Conseil départemental de l'Hérault;;;fournitures;['Valeur technique au vu du cadre de réponse technique, des fiches techniques et/ou des échantillons', 'Prix'];['technique', 'prix'];[60.0, 40.0];;True;91526400.0;False;;sans remise en concurrence;;26-85531;;1025000.0;;LOT-0011;15800000;21857500.0;31;3.0;2.0;"Fourniture de denrées alimentaires, conditionnements et usages uniques pour les Unités de Production Culinaire du Conseil Départemental de I'Hérault répondant aux objectifs de sa politique ""Haute Qual";ouverte;25DRS02;3.0;;;False;True;False;;7220.0;Département ;5 000  à  9 999;False;1982-01-01;84.11Z;2008;5710.0;SAS, société par actions simplifiée;100  à  199;<NA>;<NA>;2008;C;10;10.1;10.11;10.11Z;1980-07-01;(42.73253, 2.865488);Perpignan;Pyrénées-Orientales;Occitanie;;;;;;;;;;;;
False;['15113000'];;True;True;False;attribue;{'StreetName': '54 Allee Durand De Gros', 'AdditionalStreetName': None, 'CityName': 'Sainte-Radegonde', 'PostalZone': '12850', 'Country': 'FRA'};393422357;False;SOCIETE PORC MONTAGNE;SOCIETE PORC MONTAGNE;2026-09-04;"{'StreetName': ""Hôtel du département, Mas d'Alco"", 'AdditionalStreetName': '1977 avenue des moulins', 'CityName': 'Montpellier', 'PostalZone': '34087', 'Country': 'FRA'}";223400011;False;DEPARTEMENT DE L HERAULT;Conseil départemental de l'Hérault;;;fournitures;['Valeur technique au vu du cadre de réponse technique, des fiches techniques et/ou des échantillons', 'Prix'];['technique', 'prix'];[60.0, 40.0];;True;91526400.0;False;;sans remise en concurrence;;26-85531;;460000.0;;LOT-0012;15800000;21857500.0;31;3.0;2.0;"Fourniture de denrées alimentaires, conditionnements et usages uniques pour les Unités de Production Culinaire du Conseil Départemental de I'Hérault répondant aux objectifs de sa politique ""Haute Qual";ouverte;25DRS02;3.0;;;False;True;False;;7220.0;Département ;5 000  à  9 999;False;1982-01-01;84.11Z;2008;5710.0;SAS, société par actions simplifiée;100  à  199;False;<NA>;2008;C;10;10.1;10.11;10.11Z;1994-01-01;(44.362892, 2.631948);Sainte-Radegonde;Aveyron;Occitanie;;;;;;;;;;;;
False;['15112000'];;True;True;False;attribue;{'StreetName': '11 All Du Piot', 'AdditionalStreetName': None, 'CityName': 'Gallargues-Le-Montueux', 'PostalZone': '30660', 'Country': 'FRA'};391521150;False;MAISON FARRET;MAISON FARRET;2026-09-04;"{'StreetName': ""Hôtel du département, Mas d'Alco"", 'AdditionalStreetName': '1977 avenue des moulins', 'CityName': 'Montpellier', 'PostalZone': '34087', 'Country': 'FRA'}";223400011;False;DEPARTEMENT DE L HERAULT;Conseil départemental de l'Hérault;;;fournitures;['Valeur technique au vu du cadre de réponse technique, des fiches techniques et/ou des échantillons', 'Prix'];['technique', 'prix'];[60.0, 40.0];;True;91526400.0;False;;sans remise en concurrence;;26-85531;;1053000.0;;LOT-0013;15800000;21857500.0;31;3.0;1.0;"Fourniture de denrées alimentaires, conditionnements et usages uniques pour les Unités de Production Culinaire du Conseil Départemental de I'Hérault répondant aux objectifs de sa politique ""Haute Qual";ouverte;25DRS02;3.0;;;False;True;False;;7220.0;Département ;5 000  à  9 999;False;1982-01-01;84.11Z;2008;5710.0;SAS, société par actions simplifiée;50  à  99;False;<NA>;2008;G;46;46.3;46.32;46.32C;1993-05-28;(43.722066, 4.189222);Gallargues-le-Montueux;Gard;Occitanie;;;;;;;;;;;;
False;['15131700'];;True;True;False;attribue;{'StreetName': '54 Allee Durand De Gros', 'AdditionalStreetName': None, 'CityName': 'Sainte-Radegonde', 'PostalZone': '12850', 'Country': 'FRA'};393422357;False;SOCIETE PORC MONTAGNE;SOCIETE PORC MONTAGNE;2026-09-04;"{'StreetName': ""Hôtel du département, Mas d'Alco"", 'AdditionalStreetName': '1977 avenue des moulins', 'CityName': 'Montpellier', 'PostalZone': '34087', 'Country': 'FRA'}";223400011;False;DEPARTEMENT DE L HERAULT;Conseil départemental de l'Hérault;;;fournitures;['Valeur technique au vu du cadre de réponse technique, des fiches techniques et/ou des échantillons', 'Prix'];['technique', 'prix'];[60.0, 40.0];;True;91526400.0;False;;sans remise en concurrence;;26-85531;;331500.0;;LOT-0014;15800000;21857500.0;31;3.0;3.0;"Fourniture de denrées alimentaires, conditionnements et usages uniques pour les Unités de Production Culinaire du Conseil Départemental de I'Hérault répondant aux objectifs de sa politique ""Haute Qual";ouverte;25DRS02;3.0;;;False;True;False;;7220.0;Département ;5 000  à  9 999;False;1982-01-01;84.11Z;2008;5710.0;SAS, société par actions simplifiée;100  à  199;False;<NA>;2008;C;10;10.1;10.11;10.11Z;1994-01-01;(44.362892, 2.631948);Sainte-Radegonde;Aveyron;Occitanie;;;;;;;;;;;;
False;['15894000'];;True;True;False;attribue;{'StreetName': 'Marche Gare St Cesaire', 'AdditionalStreetName': None, 'CityName': 'Nimes', 'PostalZone': '30000', 'Country': 'FRA'};552044992;False;POMONA;POMONA;2026-09-04;"{'StreetName': ""Hôtel du département, Mas d'Alco"", 'AdditionalStreetName': '1977 avenue des moulins', 'CityName': 'Montpellier', 'PostalZone': '34087', 'Country': 'FRA'}";223400011;False;DEPARTEMENT DE L HERAULT;Conseil départemental de l'Hérault;;;fournitures;['Valeur technique au vu du cadre de réponse technique, des fiches techniques et/ou des échantillons', 'Prix'];['technique', 'prix'];[60.0, 40.0];;True;91526400.0;False;;sans remise en concurrence;;26-85531;;798000.0;;LOT-0015;15800000;21857500.0;31;2.0;1.0;"Fourniture de denrées alimentaires, conditionnements et usages uniques pour les Unités de Production Culinaire du Conseil Départemental de I'Hérault répondant aux objectifs de sa politique ""Haute Qual";ouverte;25DRS02;3.0;;;False;True;False;;7220.0;Département ;5 000  à  9 999;False;1982-01-01;84.11Z;2008;5699.0;SA à directoire (s.a.i.);5 000  à  9 999;False;False;2008;G;46;46.3;46.39;46.39B;1955-01-01;(43.836168, 4.35902);Nîmes;Gard;Occitanie;;;;;;;;;;;;
False;['15131120'];;True;True;False;attribue;{'StreetName': '335 Av De Milan', 'AdditionalStreetName': None, 'CityName': 'Perpignan', 'PostalZone': '66000', 'Country': 'FRA'};403713449;False;SOBRAQUES DISTRIBUTION S.A.S;SOBRAQUES DISTRIBUTION S.A.S;2026-09-04;"{'StreetName': ""Hôtel du département, Mas d'Alco"", 'AdditionalStreetName': '1977 avenue des moulins', 'CityName': 'Montpellier', 'PostalZone': '34087', 'Country': 'FRA'}";223400011;False;DEPARTEMENT DE L HERAULT;Conseil départemental de l'Hérault;;;fournitures;['Valeur technique au vu du cadre de réponse technique, des fiches techniques et/ou des échantillons', 'Prix'];['technique', 'prix'];[60.0, 40.0];;True;91526400.0;False;;sans remise en concurrence;;26-85531;;240000.0;;LOT-0016;15800000;21857500.0;31;2.0;1.0;"Fourniture de denrées alimentaires, conditionnements et usages uniques pour les Unités de Production Culinaire du Conseil Départemental de I'Hérault répondant aux objectifs de sa politique ""Haute Qual";ouverte;25DRS02;3.0;;;False;True;False;;7220.0;Département ;5 000  à  9 999;False;1982-01-01;84.11Z;2008;5710.0;SAS, société par actions simplifiée;100  à  199;False;<NA>;2008;G;46;46.3;46.39;46.39A;1996-01-01;(42.690158, 2.856945);Perpignan;Pyrénées-Orientales;Occitanie;;;;;;;;;;;;
False;['15131120'];;True;True;False;attribue;{'StreetName': 'Rue Latecoere', 'AdditionalStreetName': None, 'CityName': 'Perpignan', 'PostalZone': '66000', 'Country': 'FRA'};319049276;False;GUASCH & FILS;SAS GUASCH & FILS;2026-09-04;"{'StreetName': ""Hôtel du département, Mas d'Alco"", 'AdditionalStreetName': '1977 avenue des moulins', 'CityName': 'Montpellier', 'PostalZone': '34087', 'Country': 'FRA'}";223400011;False;DEPARTEMENT DE L HERAULT;Conseil départemental de l'Hérault;;;fournitures;['Valeur technique au vu du cadre de réponse technique, des fiches techniques et/ou des échantillons', 'Prix'];['technique', 'prix'];[60.0, 40.0];;True;91526400.0;False;;sans remise en concurrence;;26-85531;;280000.0;;LOT-0017;15800000;21857500.0;31;3.0;3.0;"Fourniture de denrées alimentaires, conditionnements et usages uniques pour les Unités de Production Culinaire du Conseil Départemental de I'Hérault répondant aux objectifs de sa politique ""Haute Qual";ouverte;25DRS02;3.0;;;False;True;False;;7220.0;Département ;5 000  à  9 999;False;1982-01-01;84.11Z;2008;5710.0;SAS, société par actions simplifiée;100  à  199;<NA>;<NA>;2008;C;10;10.1;10.11;10.11Z;1980-07-01;(42.73253, 2.865488);Perpignan;Pyrénées-Orientales;Occitanie;;;;;;;;;;;;
False;['15250000'];;True;True;False;non attribue;;;False;;;2026-09-04;"{'StreetName': ""Hôtel du département, Mas d'Alco"", 'AdditionalStreetName': '1977 avenue des moulins', 'CityName': 'Montpellier', 'PostalZone': '34087', 'Country': 'FRA'}";223400011;False;DEPARTEMENT DE L HERAULT;Conseil départemental de l'Hérault;;;fournitures;['Valeur technique au vu du cadre de réponse technique, des fiches techniques et/ou des échantillons', 'Prix'];['technique', 'prix'];[60.0, 40.0];;True;91526400.0;False;;sans remise en concurrence;;26-85531;;;;LOT-0018;15800000;21857500.0;31;1.0;1.0;"Fourniture de denrées alimentaires, conditionnements et usages uniques pour les Unités de Production Culinaire du Conseil Départemental de I'Hérault répondant aux objectifs de sa politique ""Haute Qual";ouverte;25DRS02;3.0;;;False;True;False;;7220.0;Département ;5 000  à  9 999;False;1982-01-01;84.11Z;2008;;;;;;<NA>;;;;;<NA>;<NA>;;;;;;;;;;;;;;;;
False;['15850000'];;True;True;False;attribue;{'StreetName': '81 Rd 964 Gamot', 'AdditionalStreetName': None, 'CityName': 'Tecou', 'PostalZone': '81600', 'Country': 'FRA'};753687730;False;SARL PIGOT;SARL DELORT ET PIGOT;2026-09-04;"{'StreetName': ""Hôtel du département, Mas d'Alco"", 'AdditionalStreetName': '1977 avenue des moulins', 'CityName': 'Montpellier', 'PostalZone': '34087', 'Country': 'FRA'}";223400011;False;DEPARTEMENT DE L HERAULT;Conseil départemental de l'Hérault;;;fournitures;['Valeur technique au vu du cadre de réponse technique, des fiches techniques et/ou des échantillons', 'Prix'];['technique', 'prix'];[60.0, 40.0];;True;91526400.0;False;;sans remise en concurrence;;26-85531;;965000.0;;LOT-0019;15800000;21857500.0;31;2.0;1.0;"Fourniture de denrées alimentaires, conditionnements et usages uniques pour les Unités de Production Culinaire du Conseil Départemental de I'Hérault répondant aux objectifs de sa politique ""Haute Qual";ouverte;25DRS02;3.0;;;False;True;False;;7220.0;Département ;5 000  à  9 999;False;1982-01-01;84.11Z;2008;5499.0;Société à responsabilité limitée (sans autre indication);3  à  5;False;<NA>;2008;G;46;46.3;46.38;46.38B;2012-09-01;(43.862603, 1.925459);Técou;Tarn;Occitanie;;;;;;;;;;;;
False;['03211300'];;True;True;False;non attribue;;;False;;;2026-09-04;"{'StreetName': ""Hôtel du département, Mas d'Alco"", 'AdditionalStreetName': '1977 avenue des moulins', 'CityName': 'Montpellier', 'PostalZone': '34087', 'Country': 'FRA'}";223400011;False;DEPARTEMENT DE L HERAULT;Conseil départemental de l'Hérault;;;fournitures;['Valeur technique au vu du cadre de réponse technique, des fiches techniques et/ou des échantillons', 'Prix'];['technique', 'prix'];[60.0, 40.0];;True;91526400.0;False;;sans remise en concurrence;;26-85531;;;;LOT-0020;15800000;21857500.0;31;3.0;3.0;"Fourniture de denrées alimentaires, conditionnements et usages uniques pour les Unités de Production Culinaire du Conseil Départemental de I'Hérault répondant aux objectifs de sa politique ""Haute Qual";ouverte;25DRS02;3.0;;;False;True;False;;7220.0;Département ;5 000  à  9 999;False;1982-01-01;84.11Z;2008;;;;;;<NA>;;;;;<NA>;<NA>;;;;;;;;;;;;;;;;
False;['15894700'];;True;True;False;attribue;;;False;;;2026-09-04;"{'StreetName': ""Hôtel du département, Mas d'Alco"", 'AdditionalStreetName': '1977 avenue des moulins', 'CityName': 'Montpellier', 'PostalZone': '34087', 'Country': 'FRA'}";223400011;False;DEPARTEMENT DE L HERAULT;Conseil départemental de l'Hérault;;;fournitures;['Valeur technique au vu du cadre de réponse technique, des fiches techniques et/ou des échantillons', 'Prix'];['technique', 'prix'];[60.0, 40.0];;True;91526400.0;False;;sans remise en concurrence;;26-85531;;269100.0;;LOT-0021;15800000;21857500.0;31;2.0;0.0;"Fourniture de denrées alimentaires, conditionnements et usages uniques pour les Unités de Production Culinaire du Conseil Départemental de I'Hérault répondant aux objectifs de sa politique ""Haute Qual";ouverte;25DRS02;3.0;;;False;True;False;;7220.0;Département ;5 000  à  9 999;False;1982-01-01;84.11Z;2008;;;;;;<NA>;;;;;<NA>;<NA>;;;;;;;;;;;;;;;;
False;['15330000'];;True;True;False;attribue;{'StreetName': 'Rue Comte De La Perouse', 'AdditionalStreetName': None, 'CityName': 'Miramas', 'PostalZone': '13140', 'Country': 'FRA'};385006234;False;PRO A PRO;PRO A PRO;2026-09-04;"{'StreetName': ""Hôtel du département, Mas d'Alco"", 'AdditionalStreetName': '1977 avenue des moulins', 'CityName': 'Montpellier', 'PostalZone': '34087', 'Country': 'FRA'}";223400011;False;DEPARTEMENT DE L HERAULT;Conseil départemental de l'Hérault;;;fournitures;['Valeur technique au vu du cadre de réponse technique, des fiches techniques et/ou des échantillons', 'Prix'];['technique', 'prix'];[60.0, 40.0];;True;91526400.0;False;;sans remise en concurrence;;26-85531;;458000.0;;LOT-0022;15800000;21857500.0;31;3.0;0.0;"Fourniture de denrées alimentaires, conditionnements et usages uniques pour les Unités de Production Culinaire du Conseil Départemental de I'Hérault répondant aux objectifs de sa politique ""Haute Qual";ouverte;25DRS02;3.0;;;False;True;False;;7220.0;Département ;5 000  à  9 999;False;1982-01-01;84.11Z;2008;5710.0;SAS, société par actions simplifiée;2 000  à  4 999;False;<NA>;2008;G;46;46.3;46.39;46.39B;1992-03-26;(43.606103, 5.002527);Miramas;Bouches-du-Rhône;Provence-Alpes-Côte d'Azur;;;;;;;;;;;;
False;['15332270'];;True;True;False;attribue;{'StreetName': 'Rue Comte De La Perouse', 'AdditionalStreetName': None, 'CityName': 'Miramas', 'PostalZone': '13140', 'Country': 'FRA'};385006234;False;PRO A PRO;PRO A PRO;2026-09-04;"{'StreetName': ""Hôtel du département, Mas d'Alco"", 'AdditionalStreetName': '1977 avenue des moulins', 'CityName': 'Montpellier', 'PostalZone': '34087', 'Country': 'FRA'}";223400011;False;DEPARTEMENT DE L HERAULT;Conseil départemental de l'Hérault;;;fournitures;['Valeur technique au vu du cadre de réponse technique, des fiches techniques et/ou des échantillons', 'Prix'];['technique', 'prix'];[60.0, 40.0];;True;91526400.0;False;;sans remise en concurrence;;26-85531;;225000.0;;LOT-0023;15800000;21857500.0;31;5.0;1.0;"Fourniture de denrées alimentaires, conditionnements et usages uniques pour les Unités de Production Culinaire du Conseil Départemental de I'Hérault répondant aux objectifs de sa politique ""Haute Qual";ouverte;25DRS02;3.0;;;False;True;False;;7220.0;Département ;5 000  à  9 999;False;1982-01-01;84.11Z;2008;5710.0;SAS, société par actions simplifiée;2 000  à  4 999;False;<NA>;2008;G;46;46.3;46.39;46.39B;1992-03-26;(43.606103, 5.002527);Miramas;Bouches-du-Rhône;Provence-Alpes-Côte d'Azur;;;;;;;;;;;;
False;['15411100'];;True;True;False;attribue;{'StreetName': 'Zone Artisanale De La Morandais', 'AdditionalStreetName': None, 'CityName': 'Tinteniac', 'PostalZone': '35190', 'Country': 'FRA'};382891752;False;BIOCOOP;Biocoop Restauration;2026-09-04;"{'StreetName': ""Hôtel du département, Mas d'Alco"", 'AdditionalStreetName': '1977 avenue des moulins', 'CityName': 'Montpellier', 'PostalZone': '34087', 'Country': 'FRA'}";223400011;False;DEPARTEMENT DE L HERAULT;Conseil départemental de l'Hérault;;;fournitures;['Valeur technique au vu du cadre de réponse technique, des fiches techniques et/ou des échantillons', 'Prix'];['technique', 'prix'];[60.0, 40.0];;True;91526400.0;False;;sans remise en concurrence;;26-85531;;204000.0;;LOT-0024;15800000;21857500.0;31;5.0;2.0;"Fourniture de denrées alimentaires, conditionnements et usages uniques pour les Unités de Production Culinaire du Conseil Départemental de I'Hérault répondant aux objectifs de sa politique ""Haute Qual";ouverte;25DRS02;3.0;;;False;True;False;;7220.0;Département ;5 000  à  9 999;False;1982-01-01;84.11Z;2008;5560.0;Autre SA coopérative à conseil d'administration ;1 000  à  1 999;False;<NA>;2008;G;46;46.1;46.17;46.17A;1987-12-25;(48.304548, -1.821892);Tinténiac;Ille-et-Vilaine;Bretagne;;;;;;;;;;;;
False;['15930000'];;True;True;False;attribue;{'StreetName': '2700 Rte De Sorgues', 'AdditionalStreetName': None, 'CityName': 'Le Pontet', 'PostalZone': '84130', 'Country': 'FRA'};476980321;False;POMONA EPISAVEURS;POMONA EPISAVEURS;2026-09-04;"{'StreetName': ""Hôtel du département, Mas d'Alco"", 'AdditionalStreetName': '1977 avenue des moulins', 'CityName': 'Montpellier', 'PostalZone': '34087', 'Country': 'FRA'}";223400011;False;DEPARTEMENT DE L HERAULT;Conseil départemental de l'Hérault;;;fournitures;['Valeur technique au vu du cadre de réponse technique, des fiches techniques et/ou des échantillons', 'Prix'];['technique', 'prix'];[60.0, 40.0];;True;91526400.0;False;;sans remise en concurrence;;26-85531;;60000.0;;LOT-0025;15800000;21857500.0;31;4.0;1.0;"Fourniture de denrées alimentaires, conditionnements et usages uniques pour les Unités de Production Culinaire du Conseil Départemental de I'Hérault répondant aux objectifs de sa politique ""Haute Qual";ouverte;25DRS02;3.0;;;False;True;False;;7220.0;Département ;5 000  à  9 999;False;1982-01-01;84.11Z;2008;5710.0;SAS, société par actions simplifiée;1 000  à  1 999;False;<NA>;2008;G;46;46.3;46.39;46.39B;1900-01-01;(43.987271, 4.861877);Le Pontet;Vaucluse;Provence-Alpes-Côte d'Azur;;;;;;;;;;;;
False;['15893100'];;True;True;False;attribue;{'StreetName': 'Marche Gare St Cesaire', 'AdditionalStreetName': None, 'CityName': 'Nimes', 'PostalZone': '30000', 'Country': 'FRA'};552044992;False;POMONA;POMONA;2026-09-04;"{'StreetName': ""Hôtel du département, Mas d'Alco"", 'AdditionalStreetName': '1977 avenue des moulins', 'CityName': 'Montpellier', 'PostalZone': '34087', 'Country': 'FRA'}";223400011;False;DEPARTEMENT DE L HERAULT;Conseil départemental de l'Hérault;;;fournitures;['Valeur technique au vu du cadre de réponse technique, des fiches techniques et/ou des échantillons', 'Prix'];['technique', 'prix'];[60.0, 40.0];;True;91526400.0;False;;sans remise en concurrence;;26-85531;;1095500.0;;LOT-0026;15800000;21857500.0;31;3.0;1.0;"Fourniture de denrées alimentaires, conditionnements et usages uniques pour les Unités de Production Culinaire du Conseil Départemental de I'Hérault répondant aux objectifs de sa politique ""Haute Qual";ouverte;25DRS02;3.0;;;False;True;False;;7220.0;Département ;5 000  à  9 999;False;1982-01-01;84.11Z;2008;5699.0;SA à directoire (s.a.i.);5 000  à  9 999;False;False;2008;G;46;46.3;46.39;46.39B;1955-01-01;(43.836168, 4.35902);Nîmes;Gard;Occitanie;;;;;;;;;;;;
False;['15330000'];;True;True;False;attribue;{'StreetName': '371 Av Du Marche Gare', 'AdditionalStreetName': None, 'CityName': 'Montpellier', 'PostalZone': '34000', 'Country': 'FRA'};887723971;False;AGRIVIVA S.N.;AGRIVIVA SN;2026-09-04;"{'StreetName': ""Hôtel du département, Mas d'Alco"", 'AdditionalStreetName': '1977 avenue des moulins', 'CityName': 'Montpellier', 'PostalZone': '34087', 'Country': 'FRA'}";223400011;False;DEPARTEMENT DE L HERAULT;Conseil départemental de l'Hérault;;;fournitures;['Valeur technique au vu du cadre de réponse technique, des fiches techniques et/ou des échantillons', 'Prix'];['technique', 'prix'];[60.0, 40.0];;True;91526400.0;False;;sans remise en concurrence;;26-85531;;1007000.0;;LOT-0027;15800000;21857500.0;31;4.0;4.0;"Fourniture de denrées alimentaires, conditionnements et usages uniques pour les Unités de Production Culinaire du Conseil Départemental de I'Hérault répondant aux objectifs de sa politique ""Haute Qual";ouverte;25DRS02;3.0;;;False;True;False;;7220.0;Département ;5 000  à  9 999;False;1982-01-01;84.11Z;2008;5710.0;SAS, société par actions simplifiée;10  à  19;False;<NA>;2008;C;10;10.3;10.39;10.39A;2020-07-26;(43.61142, 3.877518);Montpellier;Hérault;Occitanie;;;;;;;;;;;;
False;['03212100'];;True;True;False;attribue;{'StreetName': '371 Av Du Marche Gare', 'AdditionalStreetName': None, 'CityName': 'Montpellier', 'PostalZone': '34000', 'Country': 'FRA'};887723971;False;AGRIVIVA S.N.;AGRIVIVA SN;2026-09-04;"{'StreetName': ""Hôtel du département, Mas d'Alco"", 'AdditionalStreetName': '1977 avenue des moulins', 'CityName': 'Montpellier', 'PostalZone': '34087', 'Country': 'FRA'}";223400011;False;DEPARTEMENT DE L HERAULT;Conseil départemental de l'Hérault;;;fournitures;['Valeur technique au vu du cadre de réponse technique, des fiches techniques et/ou des échantillons', 'Prix'];['technique', 'prix'];[60.0, 40.0];;True;91526400.0;False;;sans remise en concurrence;;26-85531;;477500.0;;LOT-0028;15800000;21857500.0;31;1.0;1.0;"Fourniture de denrées alimentaires, conditionnements et usages uniques pour les Unités de Production Culinaire du Conseil Départemental de I'Hérault répondant aux objectifs de sa politique ""Haute Qual";ouverte;25DRS02;3.0;;;False;True;False;;7220.0;Département ;5 000  à  9 999;False;1982-01-01;84.11Z;2008;5710.0;SAS, société par actions simplifiée;10  à  19;False;<NA>;2008;C;10;10.3;10.39;10.39A;2020-07-26;(43.61142, 3.877518);Montpellier;Hérault;Occitanie;;;;;;;;;;;;
False;['03221200'];;True;True;False;attribue;{'StreetName': '281 Av Du Marche Gare', 'AdditionalStreetName': None, 'CityName': 'Montpellier', 'PostalZone': '34000', 'Country': 'FRA'};449150234;False;GRAND FRUIT DISTRIBUTION;Grand Fruit Distribution;2026-09-04;"{'StreetName': ""Hôtel du département, Mas d'Alco"", 'AdditionalStreetName': '1977 avenue des moulins', 'CityName': 'Montpellier', 'PostalZone': '34087', 'Country': 'FRA'}";223400011;False;DEPARTEMENT DE L HERAULT;Conseil départemental de l'Hérault;;;fournitures;['Valeur technique au vu du cadre de réponse technique, des fiches techniques et/ou des échantillons', 'Prix'];['technique', 'prix'];[60.0, 40.0];;True;91526400.0;False;;sans remise en concurrence;;26-85531;;771000.0;;LOT-0029;15800000;21857500.0;31;4.0;2.0;"Fourniture de denrées alimentaires, conditionnements et usages uniques pour les Unités de Production Culinaire du Conseil Départemental de I'Hérault répondant aux objectifs de sa politique ""Haute Qual";ouverte;25DRS02;3.0;;;False;True;False;;7220.0;Département ;5 000  à  9 999;False;1982-01-01;84.11Z;2008;5710.0;SAS, société par actions simplifiée;20  à  49;False;<NA>;2008;G;46;46.3;46.31;46.31Z;2003-07-02;(43.585983, 3.880018);Montpellier;Hérault;Occitanie;;;;;;;;;;;;
False;['03221200'];;True;True;False;attribue;{'StreetName': '280 Av Du Marche Gare', 'AdditionalStreetName': None, 'CityName': 'Montpellier', 'PostalZone': '34000', 'Country': 'FRA'};716820410;False;3F OCCITANIE;Producteurs d'Occitanie;2026-09-04;"{'StreetName': ""Hôtel du département, Mas d'Alco"", 'AdditionalStreetName': '1977 avenue des moulins', 'CityName': 'Montpellier', 'PostalZone': '34087', 'Country': 'FRA'}";223400011;False;DEPARTEMENT DE L HERAULT;Conseil départemental de l'Hérault;;;fournitures;['Valeur technique au vu du cadre de réponse technique, des fiches techniques et/ou des échantillons', 'Prix'];['technique', 'prix'];[60.0, 40.0];;True;91526400.0;False;;sans remise en concurrence;;26-85531;;641000.0;;LOT-0030;15800000;21857500.0;31;5.0;3.0;"Fourniture de denrées alimentaires, conditionnements et usages uniques pour les Unités de Production Culinaire du Conseil Départemental de I'Hérault répondant aux objectifs de sa politique ""Haute Qual";ouverte;25DRS02;3.0;;;False;True;False;;7220.0;Département ;5 000  à  9 999;False;1982-01-01;84.11Z;2008;5599.0;SA à conseil d'administration (s.a.i.);100  à  199;False;False;2008;L;68;68.2;68.2;68.20A;1968-01-01;(43.61142, 3.877518);Montpellier;Hérault;Occitanie;;;;;;;;;;;;
False;['39222100'];;True;True;False;non attribue;;;False;;;2026-09-04;"{'StreetName': ""Hôtel du département, Mas d'Alco"", 'AdditionalStreetName': '1977 avenue des moulins', 'CityName': 'Montpellier', 'PostalZone': '34087', 'Country': 'FRA'}";223400011;False;DEPARTEMENT DE L HERAULT;Conseil départemental de l'Hérault;;;fournitures;['Valeur technique au vu du cadre de réponse technique, des fiches techniques et/ou des échantillons', 'Prix'];['technique', 'prix'];[60.0, 40.0];;True;91526400.0;False;;sans remise en concurrence;;26-85531;;;;LOT-0031;15800000;21857500.0;31;2.0;1.0;"Fourniture de denrées alimentaires, conditionnements et usages uniques pour les Unités de Production Culinaire du Conseil Départemental de I'Hérault répondant aux objectifs de sa politique ""Haute Qual";ouverte;25DRS02;3.0;;;False;True;False;;7220.0;Département ;5 000  à  9 999;False;1982-01-01;84.11Z;2008;;;;;;<NA>;;;;;<NA>;<NA>;;;;;;;;;;;;;;;;
False;['90511300'];;True;True;False;attribue;{'StreetName': 'La Caumette', 'AdditionalStreetName': None, 'CityName': 'Beziers', 'PostalZone': '34500', 'Country': 'FRA'};500699996;False;E.T.P.A. MEDITERRANEE;E.T.P.A. MEDITERRANEE;2026-09-04;"{'StreetName': ""Hôtel du département, Mas d'Alco"", 'AdditionalStreetName': '1977 avenue des moulins', 'CityName': 'Montpellier', 'PostalZone': '34087', 'Country': 'FRA'}";223400011;False;DEPARTEMENT DE L HERAULT;Conseil départemental de l'Hérault;;;services;"[""Valeur technique de l'offre au vu du cadre de mémoire technique"", 'Prix']";['technique', 'prix'];[40.0, 60.0];;True;360000.0;False;;sans remise en concurrence;;26-85585;;200000.0;;LOT-0001;90511300;360000.0;2;3.0;;Prestations de ramassage et de tri de déchets issus de dépôts sauvages sur les propriétés départementales;ouverte;25PMO11;3.0;;;False;True;False;;7220.0;Département ;5 000  à  9 999;False;1982-01-01;84.11Z;2008;5710.0;SAS, société par actions simplifiée;6  à  9;False;<NA>;2008;F;43;43.1;43.12;43.12A;2007-09-18;(43.356568, 3.247389);Béziers;Hérault;Occitanie;;;;;;;;;;;;
False;['90511300'];;True;True;False;attribue;{'StreetName': 'La Caumette', 'AdditionalStreetName': None, 'CityName': 'Beziers', 'PostalZone': '34500', 'Country': 'FRA'};500699996;False;E.T.P.A. MEDITERRANEE;E.T.P.A. MEDITERRANEE;2026-09-04;"{'StreetName': ""Hôtel du département, Mas d'Alco"", 'AdditionalStreetName': '1977 avenue des moulins', 'CityName': 'Montpellier', 'PostalZone': '34087', 'Country': 'FRA'}";223400011;False;DEPARTEMENT DE L HERAULT;Conseil départemental de l'Hérault;;;services;"[""Valeur technique de l'offre au vu du cadre de mémoire technique"", 'Prix']";['technique', 'prix'];[40.0, 60.0];;True;360000.0;False;;sans remise en concurrence;;26-85585;;160000.0;;LOT-0002;90511300;360000.0;2;3.0;;Prestations de ramassage et de tri de déchets issus de dépôts sauvages sur les propriétés départementales;ouverte;25PMO11;3.0;;;False;True;False;;7220.0;Département ;5 000  à  9 999;False;1982-01-01;84.11Z;2008;5710.0;SAS, société par actions simplifiée;6  à  9;False;<NA>;2008;F;43;43.1;43.12;43.12A;2007-09-18;(43.356568, 3.247389);Béziers;Hérault;Occitanie;;;;;;;;;;;;
False;['90721700'];;True;True;False;non attribue;;;False;;;2026-09-04;{'StreetName': '1 place Adrien Zeller', 'AdditionalStreetName': None, 'CityName': 'Strasbourg', 'PostalZone': '67067', 'Country': 'FRA'};200052264;False;REGION GRAND EST;Région Grand Est;;2026-03-02+01:00;services;['Qualité et adéquation des moyens humains mobilisés', 'Qualité et pertinence de la méthodologie de projet', 'Compréhension de la demande et du contexte', 'Prix'];['social', 'qualite', 'qualite', 'prix'];[40.0, 10.0, 10.0, 40.0];1080.0;False;374000.0;True;;sans remise en concurrence;Feder;26-85580;;;;LOT-0001;90721700;374000.0;3;0.0;;Mise en oeuvre du document d'objectifs des sites NATURA 2000 - 7éme vague;ouverte;2025A0791;2.0;;;False;False;False;;7230.0;Région ;5 000  à  9 999;False;2016-01-01;84.11Z;2008;;;;;;<NA>;;;;;<NA>;<NA>;;;;;(48.598792, 7.760417);Strasbourg;Bas-Rhin;Grand Est;;;;;;;;
False;['90721700'];;True;True;False;attribue;{'StreetName': 'Les Roises', 'AdditionalStreetName': None, 'CityName': 'Savonnieres Devant Bar', 'PostalZone': '55000', 'Country': 'FRA'};185522034;False;CHAMBRE D AGRICULTURE DE LA MEUSE;CHAMBRE D AGRICULTURE DE LA MEUSE;2026-09-04;{'StreetName': '1 place Adrien Zeller', 'AdditionalStreetName': None, 'CityName': 'Strasbourg', 'PostalZone': '67067', 'Country': 'FRA'};200052264;False;REGION GRAND EST;Région Grand Est;;2026-03-02+01:00;services;['Qualité et adéquation des moyens humains mobilisés', 'Qualité et pertinence de la méthodologie de projet', 'Compréhension de la demande et du contexte', 'Prix'];['social', 'qualite', 'qualite', 'prix'];[40.0, 10.0, 10.0, 40.0];1080.0;False;374000.0;True;;sans remise en concurrence;Feder;26-85580;;204000.0;;LOT-0002;90721700;374000.0;3;1.0;;Mise en oeuvre du document d'objectifs des sites NATURA 2000 - 7éme vague;ouverte;2025A0791;2.0;;;False;False;False;;7230.0;Région ;5 000  à  9 999;False;2016-01-01;84.11Z;2008;7381.0;Organisme consulaire ;50  à  99;<NA>;<NA>;2008;S;94;94.1;94.11;94.11Z;1978-01-01;(48.759434, 5.174717);Savonnières-devant-Bar;Meuse;Grand Est;(48.598792, 7.760417);Strasbourg;Bas-Rhin;Grand Est;;;;;;;;
False;['90721700'];;True;True;False;attribue;{'StreetName': '9 Rue Gustave Eiffel', 'AdditionalStreetName': None, 'CityName': 'Rosieres-Pres-Troyes', 'PostalZone': '10430', 'Country': 'FRA'};780255485;False;CONSERVATOIRE D ESPACES NATURELS DE CHAMPAGNE-ARDENNE;CONSERVATOIRE D ESPACES NATURELS DE CHAMPAGNE-ARDENNE;2026-09-04;{'StreetName': '1 place Adrien Zeller', 'AdditionalStreetName': None, 'CityName': 'Strasbourg', 'PostalZone': '67067', 'Country': 'FRA'};200052264;False;REGION GRAND EST;Région Grand Est;;2026-03-02+01:00;services;['Qualité et adéquation des moyens humains mobilisés', 'Qualité et pertinence de la méthodologie de projet', 'Compréhension de la demande et du contexte', 'Prix'];['social', 'qualite', 'qualite', 'prix'];[40.0, 10.0, 10.0, 40.0];1080.0;False;374000.0;True;;sans remise en concurrence;Feder;26-85580;;90000.0;;LOT-0003;90721700;374000.0;3;1.0;;Mise en oeuvre du document d'objectifs des sites NATURA 2000 - 7éme vague;ouverte;2025A0791;2.0;;;False;False;False;;7230.0;Région ;5 000  à  9 999;False;2016-01-01;84.11Z;2008;9220.0;Association déclarée ;20  à  49;True;<NA>;2008;S;94;94.9;94.99;94.99Z;1981-10-02;(48.267563, 4.075468);Rosières-près-Troyes;Aube;Grand Est;(48.598792, 7.760417);Strasbourg;Bas-Rhin;Grand Est;;;;;;;;
False;['35261000'];;True;True;False;attribue;{'StreetName': '27 Che Des Mazes', 'AdditionalStreetName': None, 'CityName': 'Nemours', 'PostalZone': '77140', 'Country': 'FRA'};392823647;False;ONF VEGETIS;ONF VEGETIS;2026-09-04;{'StreetName': '1 place Adrien Zeller', 'AdditionalStreetName': None, 'CityName': 'Strasbourg', 'PostalZone': '67067', 'Country': 'FRA'};200052264;False;REGION GRAND EST;Région Grand Est;;;fournitures;"['Compréhension de la demande et du contexte', 'Caractéristiques esthétiques et fonctionnelles', ""Délai d'exécution"", 'Démarche environnementale', 'Prix']";['qualite', 'technique', 'delai', 'environnemental', 'prix'];[25.0, 10.0, 10.0, 10.0, 45.0];;True;150000.0;True;;sans remise en concurrence;Fonds Feder;26-85623;;75000.0;;LOT-0001;35261000;150000.0;2;3.0;;Mise en place de panneaux signalétiques au sein des sites NATURA 2000 de la Région Grand Est;ouverte;2025A0854;2.0;;;False;True;False;;7230.0;Région ;5 000  à  9 999;False;2016-01-01;84.11Z;2008;5710.0;SAS, société par actions simplifiée;250  à  499;False;<NA>;2008;N;81;81.3;81.3;81.30Z;1993-11-02;(48.276131, 2.70739);Nemours;Seine-et-Marne;Île-de-France;(48.598792, 7.760417);Strasbourg;Bas-Rhin;Grand Est;;;;;;;;
False;['35261000'];;True;True;False;attribue;{'StreetName': '27 Che Des Mazes', 'AdditionalStreetName': None, 'CityName': 'Nemours', 'PostalZone': '77140', 'Country': 'FRA'};392823647;False;ONF VEGETIS;ONF VEGETIS;2026-09-04;{'StreetName': '1 place Adrien Zeller', 'AdditionalStreetName': None, 'CityName': 'Strasbourg', 'PostalZone': '67067', 'Country': 'FRA'};200052264;False;REGION GRAND EST;Région Grand Est;;;fournitures;"['Compréhension de la demande et du contexte', 'Caractéristiques esthétiques et fonctionnelles', ""Délai d'exécution"", 'Démarche environnementale', 'Prix']";['qualite', 'technique', 'delai', 'environnemental', 'prix'];[25.0, 10.0, 10.0, 10.0, 45.0];;True;150000.0;True;;sans remise en concurrence;Fonds Feder;26-85623;;75000.0;;LOT-0002;35261000;150000.0;2;3.0;;Mise en place de panneaux signalétiques au sein des sites NATURA 2000 de la Région Grand Est;ouverte;2025A0854;2.0;;;False;True;False;;7230.0;Région ;5 000  à  9 999;False;2016-01-01;84.11Z;2008;5710.0;SAS, société par actions simplifiée;250  à  499;False;<NA>;2008;N;81;81.3;81.3;81.30Z;1993-11-02;(48.276131, 2.70739);Nemours;Seine-et-Marne;Île-de-France;(48.598792, 7.760417);Strasbourg;Bas-Rhin;Grand Est;;;;;;;;
False;['90721700'];49.0;True;True;False;attribue;{'StreetName': '20 Rue Anatole Gabeur', 'AdditionalStreetName': None, 'CityName': 'Arc-En-Barrois', 'PostalZone': '52210', 'Country': 'FRA'};130025935;False;PARC NATIONAL DE FORETS;PARC NATIONAL DE FORETS;2026-09-04;{'StreetName': '1 place Adrien Zeller', 'AdditionalStreetName': None, 'CityName': 'Strasbourg', 'PostalZone': '67067', 'Country': 'FRA'};200052264;False;REGION GRAND EST;Région Grand Est;2024-12-04;;services;['Qualité et adéquation des moyens humains mobilisés', 'Qualité et pertinence de la méthodologie de projet', 'Compréhension de la demande et du contexte', 'Prix'];['social', 'qualite', 'qualite', 'prix'];[40.0, 10.0, 10.0, 40.0];;False;425000.0;True;{'StreetName': None, 'CityName': 'Strasbourg', 'PostalZone': '68000', 'NUTS': 'FRF12', 'Country': 'FRA'};sans remise en concurrence;Feder;26-85528;24-135647;73380.0;130000.0;LOT-0001;90721700;425000.0;4;1.0;;Mise en oeuvre du document d'objectifs des sites NATURA 2000 - 5éme vague;ouverte;2024A0818;2.0;False;False;False;False;False;;7230.0;Région ;5 000  à  9 999;False;2016-01-01;84.11Z;2008;7385.0;Autre établissement public national administratif à compétence territoriale limitée ;20  à  49;False;<NA>;2008;R;91;91.0;91.04;91.04Z;2019-11-08;(47.949149, 5.007265);Arc-en-Barrois;Haute-Marne;Grand Est;(48.598792, 7.760417);Strasbourg;Bas-Rhin;Grand Est;;;;;;;;
False;['90721700'];49.0;True;True;False;attribue;{'StreetName': '9 Rue Gustave Eiffel', 'AdditionalStreetName': None, 'CityName': 'Rosieres-Pres-Troyes', 'PostalZone': '10430', 'Country': 'FRA'};780255485;False;CONSERVATOIRE D ESPACES NATURELS DE CHAMPAGNE-ARDENNE;CONSERVATOIRE D ESPACES NATURELS DE CHAMPAGNE-ARDENNE;2026-09-04;{'StreetName': '1 place Adrien Zeller', 'AdditionalStreetName': None, 'CityName': 'Strasbourg', 'PostalZone': '67067', 'Country': 'FRA'};200052264;False;REGION GRAND EST;Région Grand Est;2024-12-04;;services;['Qualité et adéquation des moyens humains mobilisés', 'Qualité et pertinence de la méthodologie de projet', 'Compréhension de la demande et du contexte', 'Prix'];['social', 'qualite', 'qualite', 'prix'];[40.0, 10.0, 10.0, 40.0];;False;425000.0;True;{'StreetName': None, 'CityName': 'Strasbourg', 'PostalZone': '68000', 'NUTS': 'FRF12', 'Country': 'FRA'};sans remise en concurrence;Feder;26-85528;24-135647;34150.0;115000.0;LOT-0002;90721700;425000.0;4;1.0;;Mise en oeuvre du document d'objectifs des sites NATURA 2000 - 5éme vague;ouverte;2024A0818;2.0;False;False;False;False;False;;7230.0;Région ;5 000  à  9 999;False;2016-01-01;84.11Z;2008;9220.0;Association déclarée ;20  à  49;True;<NA>;2008;S;94;94.9;94.99;94.99Z;1981-10-02;(48.267563, 4.075468);Rosières-près-Troyes;Aube;Grand Est;(48.598792, 7.760417);Strasbourg;Bas-Rhin;Grand Est;;;;;;;;
False;['90721700'];49.0;True;True;False;attribue;{'StreetName': '9 Rue Gustave Eiffel', 'AdditionalStreetName': None, 'CityName': 'Rosieres-Pres-Troyes', 'PostalZone': '10430', 'Country': 'FRA'};780255485;False;CONSERVATOIRE D ESPACES NATURELS DE CHAMPAGNE-ARDENNE;CONSERVATOIRE D ESPACES NATURELS DE CHAMPAGNE-ARDENNE;2026-09-04;{'StreetName': '1 place Adrien Zeller', 'AdditionalStreetName': None, 'CityName': 'Strasbourg', 'PostalZone': '67067', 'Country': 'FRA'};200052264;False;REGION GRAND EST;Région Grand Est;2024-12-04;;services;['Qualité et adéquation des moyens humains mobilisés', 'Qualité et pertinence de la méthodologie de projet', 'Compréhension de la demande et du contexte', 'Prix'];['social', 'qualite', 'qualite', 'prix'];[40.0, 10.0, 10.0, 40.0];;False;425000.0;True;{'StreetName': None, 'CityName': 'Strasbourg', 'PostalZone': '68000', 'NUTS': 'FRF12', 'Country': 'FRA'};sans remise en concurrence;Feder;26-85528;24-135647;120000.0;120000.0;LOT-0003;90721700;425000.0;4;1.0;;Mise en oeuvre du document d'objectifs des sites NATURA 2000 - 5éme vague;ouverte;2024A0818;2.0;False;False;False;False;False;;7230.0;Région ;5 000  à  9 999;False;2016-01-01;84.11Z;2008;9220.0;Association déclarée ;20  à  49;True;<NA>;2008;S;94;94.9;94.99;94.99Z;1981-10-02;(48.267563, 4.075468);Rosières-près-Troyes;Aube;Grand Est;(48.598792, 7.760417);Strasbourg;Bas-Rhin;Grand Est;;;;;;;;
False;['90721700'];49.0;True;True;False;attribue;{'StreetName': '20 Rue Anatole Gabeur', 'AdditionalStreetName': None, 'CityName': 'Arc-En-Barrois', 'PostalZone': '52210', 'Country': 'FRA'};130025935;False;PARC NATIONAL DE FORETS;PARC NATIONAL DE FORETS;2026-09-04;{'StreetName': '1 place Adrien Zeller', 'AdditionalStreetName': None, 'CityName': 'Strasbourg', 'PostalZone': '67067', 'Country': 'FRA'};200052264;False;REGION GRAND EST;Région Grand Est;2024-12-04;;services;['Qualité et adéquation des moyens humains mobilisés', 'Qualité et pertinence de la méthodologie de projet', 'Compréhension de la demande et du contexte', 'Prix'];['social', 'qualite', 'qualite', 'prix'];[40.0, 10.0, 10.0, 40.0];;False;425000.0;True;{'StreetName': None, 'CityName': 'Strasbourg', 'PostalZone': '68000', 'NUTS': 'FRF12', 'Country': 'FRA'};sans remise en concurrence;Feder;26-85528;24-135647;67841.0;60000.0;LOT-0004;90721700;425000.0;4;1.0;;Mise en oeuvre du document d'objectifs des sites NATURA 2000 - 5éme vague;ouverte;2024A0818;2.0;False;False;False;False;False;;7230.0;Région ;5 000  à  9 999;False;2016-01-01;84.11Z;2008;7385.0;Autre établissement public national administratif à compétence territoriale limitée ;20  à  49;False;<NA>;2008;R;91;91.0;91.04;91.04Z;2019-11-08;(47.949149, 5.007265);Arc-en-Barrois;Haute-Marne;Grand Est;(48.598792, 7.760417);Strasbourg;Bas-Rhin;Grand Est;;;;;;;;
False;['79416000'];;True;False;False;attribue;{'StreetName': None, 'AdditionalStreetName': None, 'CityName': 'Limonest', 'PostalZone': '69760', 'Country': 'FRA'};982446312;True;NEWDAY;COMME ILS DISENT;2026-09-04;{'StreetName': 'Département du Territoire de Belfort - DCPM6 Place de la Révolution française', 'AdditionalStreetName': None, 'CityName': 'Belfort', 'PostalZone': '90000', 'Country': 'FRA'};229000013;True;DEPARTEMENT DU TERRITOIRE DE BELFORT;Département du Territoire de Belfort;;;services;"['Sous-critère 1 : Montant du devis masqué (10 points)\nSous-critère 2 : Taux de remise commerciale proposé (10 points)', ""Sous-critère 1 : Présentation du portefeuille clients de l'agence pour mettre en lumière son expérience et son expertise (15 points) \nSous-critère 2 : Connaissance des collectivités territoriales et de l'action publique (20 points)\nSous-critère 3 : Pertinence des fichiers de presse et de leur opérationnalité (10 points) \nSous-critère 4 : Compréhension des enjeux et de la stratégie de communication et des relations presses nationales (25 points)\nSous-critère 5 : Analyse des initiatives et de la force de proposition de l'agence (10 points)""]";['prix', 'technique'];;1095.0;False;;False;{'StreetName': None, 'CityName': 'Belfort', 'PostalZone': '90000', 'NUTS': 'FRC24', 'Country': 'FRA'};sans remise en concurrence;;26-85407;;50000.0;;LOT-0001;92400000;150000.0;1;6.0;;Marché de services de relations presse nationales;ouverte;2026C019;;;;False;False;False;50000.0;7220.0;Département ;500  à  999;False;1978-01-01;84.11Z;2008;5710.0;SAS, société par actions simplifiée;10  à  19;False;<NA>;2008;M;70;70.2;70.21;70.21Z;2023-12-01;;Limonest;Rhône;Auvergne-Rhône-Alpes;(47.63685, 6.86112);Belfort;Territoire de Belfort;Bourgogne-Franche-Comté;;;;;;;;
False;;;True;True;False;attribue;{'StreetName': None, 'AdditionalStreetName': None, 'CityName': 'SAINT-MALO', 'PostalZone': '35400', 'Country': 'FRA'};384607081;True;LA DROGUERIE DE MARINE;LA DROGUERIE MARINE;2026-09-04;{'StreetName': 'Place Châteaubriand - CS 21826', 'AdditionalStreetName': None, 'CityName': 'SAINT-MALO', 'PostalZone': '35418', 'Country': 'FRA'};213502883;True;COMMUNE DE SAINT MALO;Ville de Saint-Malo;;;fournitures;['Valeur technique apprécié sur le mémoire à caractère culturel', 'Le traitement et le suivi des commandes jusqu’à la facturation', 'Valeur remise accordée, Les délais d’exécution, la qualité de la livraison et le service après-vente'];['technique', 'qualite', 'delai'];[50.0, 25.0, 25.0];1440.0;False;;False;{'StreetName': None, 'CityName': None, 'PostalZone': None, 'NUTS': 'FRH03', 'Country': 'FRA'};sans remise en concurrence;;26-85512;;;220000.0;LOT-0001;22113000;442000.0;4;5.0;;FOURNITURE DE LIVRES ET DE DOCUMENTS IMPRIMES POUR LA DIRECTION  DE LA CULTURE;ouverte;26DCAOO;;;;False;False;False;;7210.0;Commune et commune nouvelle ;1 000  à  1 999;False;1983-03-01;84.11Z;2008;5499.0;Société à responsabilité limitée (sans autre indication);3  à  5;False;<NA>;2008;G;47;47.6;47.61;47.61Z;1992-02-26;;Ploërmel;Morbihan;Bretagne;(48.650939, -2.023615);Saint-Malo;Ille-et-Vilaine;Bretagne;;;;;;;;
False;;;True;True;False;attribue;{'StreetName': None, 'AdditionalStreetName': None, 'CityName': 'RENNES', 'PostalZone': '35000', 'Country': 'FRA'};329892012;True;LIBRAIRIE LE FAILLER;LIBRAIRIE LE FAILLER;2026-09-04;{'StreetName': 'Place Châteaubriand - CS 21826', 'AdditionalStreetName': None, 'CityName': 'SAINT-MALO', 'PostalZone': '35418', 'Country': 'FRA'};213502883;True;COMMUNE DE SAINT MALO;Ville de Saint-Malo;;;fournitures;['Valeur technique apprécié sur le mémoire à caractère culturel', 'Le traitement et le suivi des commandes jusqu’à la facturation', 'Valeur remise accordée, Les délais d’exécution, la qualité de la livraison et le service après-vente'];['technique', 'qualite', 'delai'];[50.0, 25.0, 25.0];1440.0;False;;False;{'StreetName': None, 'CityName': None, 'PostalZone': None, 'NUTS': 'FRH03', 'Country': 'FRA'};sans remise en concurrence;;26-85512;;;120000.0;LOT-0002;22113000;442000.0;4;5.0;;FOURNITURE DE LIVRES ET DE DOCUMENTS IMPRIMES POUR LA DIRECTION  DE LA CULTURE;ouverte;26DCAOO;;;;False;False;False;;7210.0;Commune et commune nouvelle ;1 000  à  1 999;False;1983-03-01;84.11Z;2008;5710.0;SAS, société par actions simplifiée;50  à  99;False;<NA>;2008;G;47;47.6;47.61;47.61Z;1984-04-01;;Rennes;Ille-et-Vilaine;Bretagne;(48.650939, -2.023615);Saint-Malo;Ille-et-Vilaine;Bretagne;;;;;;;;
False;;;True;True;False;attribue;{'StreetName': None, 'AdditionalStreetName': None, 'CityName': 'Rennes', 'PostalZone': '35000', 'Country': 'FRA'};502731268;True;M'ENFIN;SARL M'ENFIN;2026-09-04;{'StreetName': 'Place Châteaubriand - CS 21826', 'AdditionalStreetName': None, 'CityName': 'SAINT-MALO', 'PostalZone': '35418', 'Country': 'FRA'};213502883;True;COMMUNE DE SAINT MALO;Ville de Saint-Malo;;;fournitures;['Valeur technique apprécié sur le mémoire à caractère culturel', 'Le traitement et le suivi des commandes jusqu’à la facturation', 'Valeur remise accordée, Les délais d’exécution, la qualité de la livraison et le service après-vente'];['technique', 'qualite', 'delai'];[50.0, 25.0, 25.0];1440.0;False;;False;{'StreetName': None, 'CityName': None, 'PostalZone': None, 'NUTS': 'FRH03', 'Country': 'FRA'};sans remise en concurrence;;26-85512;;;70000.0;LOT-0003;22113000;442000.0;4;6.0;;FOURNITURE DE LIVRES ET DE DOCUMENTS IMPRIMES POUR LA DIRECTION  DE LA CULTURE;ouverte;26DCAOO;;;;False;False;False;;7210.0;Commune et commune nouvelle ;1 000  à  1 999;False;1983-03-01;84.11Z;2008;5499.0;Société à responsabilité limitée (sans autre indication);6  à  9;False;<NA>;2008;G;47;47.6;47.61;47.61Z;2008-02-01;;Rennes;Ille-et-Vilaine;Bretagne;(48.650939, -2.023615);Saint-Malo;Ille-et-Vilaine;Bretagne;;;;;;;;
False;;;True;True;False;attribue;{'StreetName': None, 'AdditionalStreetName': None, 'CityName': 'SAINT-MALO', 'PostalZone': '35400', 'Country': 'FRA'};384607081;True;LA DROGUERIE DE MARINE;LA DROGUERIE MARINE;2026-09-04;{'StreetName': 'Place Châteaubriand - CS 21826', 'AdditionalStreetName': None, 'CityName': 'SAINT-MALO', 'PostalZone': '35418', 'Country': 'FRA'};213502883;True;COMMUNE DE SAINT MALO;Ville de Saint-Malo;;;fournitures;['Valeur technique apprécié sur le mémoire à caractère culturel pour chaque lot précisant', 'Le traitement et le suivi des commandes jusqu’à la facturation', 'Valeur remise accordée, Les délais d’exécution, la qualité de la livraison et le service après-vente'];['technique', 'qualite', 'delai'];[50.0, 25.0, 25.0];1440.0;False;;False;{'StreetName': None, 'CityName': None, 'PostalZone': None, 'NUTS': 'FRH03', 'Country': 'FRA'};sans remise en concurrence;;26-85512;;32000.0;32000.0;LOT-0004;22100000;442000.0;4;5.0;;FOURNITURE DE LIVRES ET DE DOCUMENTS IMPRIMES POUR LA DIRECTION  DE LA CULTURE;ouverte;26DCAOO;;;;False;False;False;;7210.0;Commune et commune nouvelle ;1 000  à  1 999;False;1983-03-01;84.11Z;2008;5499.0;Société à responsabilité limitée (sans autre indication);3  à  5;False;<NA>;2008;G;47;47.6;47.61;47.61Z;1992-02-26;;Ploërmel;Morbihan;Bretagne;(48.650939, -2.023615);Saint-Malo;Ille-et-Vilaine;Bretagne;;;;;;;;
False;;;True;False;False;attribue;{'StreetName': None, 'AdditionalStreetName': None, 'CityName': 'Montreuil', 'PostalZone': '93100', 'Country': 'FRA'};572082527;True;LP ART;LP Art;2026-09-04;"{'StreetName': ""1, parvis des Droits de l'Homme"", 'AdditionalStreetName': None, 'CityName': 'Metz', 'PostalZone': '57000', 'Country': 'FRA'}";521872366;True;CENTRE POMPIDOU METZ;Centre Pompidou-Metz;;;services;"[""Cohérence des propositions d'organisation des prestations et démarche en matière de développement durable"", 'Prix des prestations']";['environnemental', 'prix'];[60.0, 40.0];450.0;True;;False;{'StreetName': None, 'CityName': None, 'PostalZone': None, 'NUTS': 'FRF33', 'Country': 'FRA'};;;26-85416;;560385.3;;LOT-0001;92521100;;1;1.0;;"Logistique des oeuvres d'art dans le cadre de l'exposition ""Shigeru Ban par Shigeru Ban""";ouverte;26/CPM/08;;;;False;False;False;560385.3;4140.0;Établissement public local à caractère industriel ou commercial ;50  à  99;<NA>;2010-01-05;91.02Z;2008;5710.0;SAS, société par actions simplifiée;200  à  249;False;<NA>;2008;H;52;52.2;52.29;52.29B;1957-01-01;;Montauban-de-Bretagne;Ille-et-Vilaine;Bretagne;(49.108059, 6.180881);Metz;Moselle;Grand Est;;;;;;;;
False;['34922100'];;True;True;False;attribue;{'StreetName': '661 Route Departementale 86', 'AdditionalStreetName': None, 'CityName': 'Laitre Sous Amance', 'PostalZone': '54770', 'Country': 'FRA'};533922423;False;TERR'ACTIV;SARL TERR'ACTIV;2026-09-04;{'StreetName': '48 Esplanade Jacques Baudot', 'AdditionalStreetName': None, 'CityName': 'Nancy', 'PostalZone': '54000', 'Country': 'FRA'};225400019;False;DEPARTEMENT DE MEURTHE ET MOSELLE;Conseil départemental Meurthe et Moselle;;;travaux;"[""Valeur technique de l'offre appréciée à l'aide du mémoire technique"", 'Prix']";['technique', 'prix'];[60.0, 40.0];;True;3960000.0;False;;sans remise en concurrence;;26-85578;;600000.0;;LOT-0001;45300000;3480000.0;8;4.0;;Accords-cadres de travaux pour la mise en accessibilité du patrimoine du Département;ouverte;A25070037;3.0;;;False;True;False;;7220.0;Département ;2 000  à  4 999;False;1980-01-01;84.11Z;2008;5499.0;Société à responsabilité limitée (sans autre indication);6  à  9;False;<NA>;2008;F;43;43.1;43.12;43.12A;2011-07-01;(48.742386, 6.286211);Laître-sous-Amance;Meurthe-et-Moselle;Grand Est;(48.67945, 6.166818);Nancy;Meurthe-et-Moselle;Grand Est;;;;;;;;
False;['45223220'];;True;True;False;attribue;{'StreetName': '1 Allee De Saint Cloud', 'AdditionalStreetName': None, 'CityName': 'Villers Les Nancy', 'PostalZone': '54600', 'Country': 'FRA'};305231854;False;SPIE BATIGNOLLES EST;SPIE BATIGNOLLES EST;2026-09-04;{'StreetName': '48 Esplanade Jacques Baudot', 'AdditionalStreetName': None, 'CityName': 'Nancy', 'PostalZone': '54000', 'Country': 'FRA'};225400019;False;DEPARTEMENT DE MEURTHE ET MOSELLE;Conseil départemental Meurthe et Moselle;;;travaux;"[""Valeur technique de l'offre appréciée à l'aide du mémoire technique"", 'Prix']";['technique', 'prix'];[60.0, 40.0];;True;3960000.0;False;;sans remise en concurrence;;26-85578;;600000.0;;LOT-0002;45300000;3480000.0;8;3.0;;Accords-cadres de travaux pour la mise en accessibilité du patrimoine du Département;ouverte;A25070037;3.0;;;False;True;False;;7220.0;Département ;2 000  à  4 999;False;1980-01-01;84.11Z;2008;5710.0;SAS, société par actions simplifiée;100  à  199;False;<NA>;2008;F;41;41.2;41.2;41.20B;1900-01-01;(48.655742, 6.133674);Villers-lès-Nancy;Meurthe-et-Moselle;Grand Est;(48.67945, 6.166818);Nancy;Meurthe-et-Moselle;Grand Est;;;;;;;;
False;['45340000'];;True;True;False;attribue;{'StreetName': 'Rue Neuve', 'AdditionalStreetName': None, 'CityName': 'Herbeviller', 'PostalZone': '54450', 'Country': 'FRA'};412669616;False;VINCENT BERNARD SERVICE;SAS VINCENT BERNARD SERVICE (VB SERVICE);2026-09-04;{'StreetName': '48 Esplanade Jacques Baudot', 'AdditionalStreetName': None, 'CityName': 'Nancy', 'PostalZone': '54000', 'Country': 'FRA'};225400019;False;DEPARTEMENT DE MEURTHE ET MOSELLE;Conseil départemental Meurthe et Moselle;;;travaux;"[""Valeur technique de l'offre appréciée à l'aide du mémoire technique"", 'Prix']";['technique', 'prix'];[60.0, 40.0];;True;3960000.0;False;;sans remise en concurrence;;26-85578;;480000.0;;LOT-0003;45300000;3480000.0;8;1.0;;Accords-cadres de travaux pour la mise en accessibilité du patrimoine du Département;ouverte;A25070037;3.0;;;False;True;False;;7220.0;Département ;2 000  à  4 999;False;1980-01-01;84.11Z;2008;5710.0;SAS, société par actions simplifiée;20  à  49;False;<NA>;2008;C;33;33.2;33.2;33.20A;1997-06-11;(48.558272, 6.753124);Herbéviller;Meurthe-et-Moselle;Grand Est;(48.67945, 6.166818);Nancy;Meurthe-et-Moselle;Grand Est;;;;;;;;
False;['45421150'];;True;True;False;non attribue;;;False;;;2026-09-04;{'StreetName': '48 Esplanade Jacques Baudot', 'AdditionalStreetName': None, 'CityName': 'Nancy', 'PostalZone': '54000', 'Country': 'FRA'};225400019;False;DEPARTEMENT DE MEURTHE ET MOSELLE;Conseil départemental Meurthe et Moselle;;;travaux;"[""Valeur technique de l'offre appréciée à l'aide du mémoire technique"", 'Prix']";['technique', 'prix'];[60.0, 40.0];;True;3960000.0;False;;sans remise en concurrence;;26-85578;;;;LOT-0004;45300000;3480000.0;8;0.0;;Accords-cadres de travaux pour la mise en accessibilité du patrimoine du Département;ouverte;A25070037;3.0;;;False;True;False;;7220.0;Département ;2 000  à  4 999;False;1980-01-01;84.11Z;2008;;;;;;<NA>;;;;;<NA>;<NA>;;;;;(48.67945, 6.166818);Nancy;Meurthe-et-Moselle;Grand Est;;;;;;;;
False;['45324000'];;True;True;False;attribue;{'StreetName': '25 Rue Du Bois De La Champelle', 'AdditionalStreetName': None, 'CityName': 'Vandoeuvre Les Nancy', 'PostalZone': '54500', 'Country': 'FRA'};510341969;False;ECOBAT FRANCE;ECO BAT FRANCE;2026-09-04;{'StreetName': '48 Esplanade Jacques Baudot', 'AdditionalStreetName': None, 'CityName': 'Nancy', 'PostalZone': '54000', 'Country': 'FRA'};225400019;False;DEPARTEMENT DE MEURTHE ET MOSELLE;Conseil départemental Meurthe et Moselle;;;travaux;"[""Valeur technique de l'offre appréciée à l'aide du mémoire technique"", 'Prix']";['technique', 'prix'];[60.0, 40.0];;True;3960000.0;False;;sans remise en concurrence;;26-85578;;480000.0;;LOT-0005;45300000;3480000.0;8;2.0;;Accords-cadres de travaux pour la mise en accessibilité du patrimoine du Département;ouverte;A25070037;3.0;;;False;True;False;;7220.0;Département ;2 000  à  4 999;False;1980-01-01;84.11Z;2008;5499.0;Société à responsabilité limitée (sans autre indication);10  à  19;False;<NA>;2008;F;43;43.2;43.21;43.21A;2009-02-04;(48.653185, 6.134474);Vandœuvre-lès-Nancy;Meurthe-et-Moselle;Grand Est;(48.67945, 6.166818);Nancy;Meurthe-et-Moselle;Grand Est;;;;;;;;
False;['45421000'];;True;True;False;attribue;{'StreetName': '4 Allee Des Bouleaux', 'AdditionalStreetName': None, 'CityName': 'Bois De Haye', 'PostalZone': '54840', 'Country': 'FRA'};353922487;False;MENUISERIE VIBRAC;MENUISERIE VIBRAC SAS;2026-09-04;{'StreetName': '48 Esplanade Jacques Baudot', 'AdditionalStreetName': None, 'CityName': 'Nancy', 'PostalZone': '54000', 'Country': 'FRA'};225400019;False;DEPARTEMENT DE MEURTHE ET MOSELLE;Conseil départemental Meurthe et Moselle;;;travaux;"[""Valeur technique de l'offre appréciée à l'aide du mémoire technique"", 'Prix']";['technique', 'prix'];[60.0, 40.0];;True;3960000.0;False;;sans remise en concurrence;;26-85578;;480000.0;;LOT-0006;45300000;3480000.0;8;3.0;;Accords-cadres de travaux pour la mise en accessibilité du patrimoine du Département;ouverte;A25070037;3.0;;;False;True;False;;7220.0;Département ;2 000  à  4 999;False;1980-01-01;84.11Z;2008;5710.0;SAS, société par actions simplifiée;10  à  19;False;<NA>;2008;F;43;43.3;43.32;43.32A;1990-01-01;(48.698383, 6.050546);Bois-de-Haye;Meurthe-et-Moselle;Grand Est;(48.67945, 6.166818);Nancy;Meurthe-et-Moselle;Grand Est;;;;;;;;
False;['45332400'];;True;True;False;attribue;{'StreetName': '3 Rue Maurice Barres', 'AdditionalStreetName': None, 'CityName': 'Frouard', 'PostalZone': '54390', 'Country': 'FRA'};887816155;False;2B PLOMBERIE CHAUFFAGE VENTILATION;2B PLOMBERIE CHAUFFAGE VENTILATION;2026-09-04;{'StreetName': '48 Esplanade Jacques Baudot', 'AdditionalStreetName': None, 'CityName': 'Nancy', 'PostalZone': '54000', 'Country': 'FRA'};225400019;False;DEPARTEMENT DE MEURTHE ET MOSELLE;Conseil départemental Meurthe et Moselle;;;travaux;"[""Valeur technique de l'offre appréciée à l'aide du mémoire technique"", 'Prix']";['technique', 'prix'];[60.0, 40.0];;True;3960000.0;False;;sans remise en concurrence;;26-85578;;440000.0;;LOT-0007;45300000;3480000.0;8;2.0;;Accords-cadres de travaux pour la mise en accessibilité du patrimoine du Département;ouverte;A25070037;3.0;;;False;True;False;;7220.0;Département ;2 000  à  4 999;False;1980-01-01;84.11Z;2008;5499.0;Société à responsabilité limitée (sans autre indication);3  à  5;False;<NA>;2008;F;43;43.2;43.22;43.22A;2020-07-21;(48.760477, 6.128015);Frouard;Meurthe-et-Moselle;Grand Est;(48.67945, 6.166818);Nancy;Meurthe-et-Moselle;Grand Est;;;;;;;;
False;['09310000'];;True;True;False;attribue;{'StreetName': '3 Rue Des Nonnetiers - Cs 75839', 'AdditionalStreetName': None, 'CityName': 'Metz Cedex 03', 'PostalZone': '57078', 'Country': 'FRA'};342793098;False;EIFFAGE ENERGIE SYSTEMES - LORRAINE ALSACE NORD;EIFFAGE ENERGIE SYSTEMES LORRAINE ALSACE NORD;2026-09-04;{'StreetName': '48 Esplanade Jacques Baudot', 'AdditionalStreetName': None, 'CityName': 'Nancy', 'PostalZone': '54000', 'Country': 'FRA'};225400019;False;DEPARTEMENT DE MEURTHE ET MOSELLE;Conseil départemental Meurthe et Moselle;;;travaux;"[""Valeur technique de l'offre appréciée à l'aide du mémoire technique"", 'Prix']";['technique', 'prix'];[60.0, 40.0];;True;3960000.0;False;;sans remise en concurrence;;26-85578;;400000.0;;LOT-0008;45300000;3480000.0;8;2.0;;Accords-cadres de travaux pour la mise en accessibilité du patrimoine du Département;ouverte;A25070037;3.0;;;False;True;False;;7220.0;Département ;2 000  à  4 999;False;1980-01-01;84.11Z;2008;5710.0;SAS, société par actions simplifiée;250  à  499;False;<NA>;2008;F;43;43.2;43.21;43.21A;1987-09-29;(49.116488, 6.236291);Metz;Moselle;Grand Est;(48.67945, 6.166818);Nancy;Meurthe-et-Moselle;Grand Est;;;;;;;;
False;;;True;False;False;attribue;{'StreetName': None, 'AdditionalStreetName': None, 'CityName': 'Marseille', 'PostalZone': '13001', 'Country': 'FRA'};479246845;False;PREISO;PREISO;2026-09-04;{'StreetName': '10-16 promenade des canaux', 'AdditionalStreetName': 'BP82120', 'CityName': 'Nancy', 'PostalZone': '54021', 'Country': 'FRA'};130001530;True;DIRECTION INTERDEPARTEMENTALE DES ROUTES EST;DIR EST;;;services;;;;1440.0;False;;False;{'StreetName': None, 'CityName': None, 'PostalZone': None, 'NUTS': 'FRF34', 'Country': 'FRA'};avec remise en concurrence;;26-85554;;67440.0;;LOT-0001;75110000;;1;6.0;;Réalisation d’audits internes respectant les normes ISO9001 et ISO45001 en vigueur sur la période 2027-2030;ouverte;2026-AUDITS-INTERNES;;;;False;False;False;67440.0;7172.0;Service déconcentré de l'État à compétence (inter) départementale ;500  à  999;False;2006-03-16;84.13Z;2008;5710.0;SAS, société par actions simplifiée;10  à  19;False;<NA>;2008;M;70;70.2;70.22;70.22Z;2004-11-01;;Marseille;Bouches-du-Rhône;Provence-Alpes-Côte d'Azur;(48.693013, 6.197728);Nancy;Meurthe-et-Moselle;Grand Est;;;;;;;;
False;['71300000'];;True;False;False;attribue;{'StreetName': '18 Rue Des Deux Gares', 'AdditionalStreetName': None, 'CityName': 'Rueil-Malmaison', 'PostalZone': '92500', 'Country': 'FRA'};489626135;False;INGEROP CONSEIL ET INGENIERIE (ICI);INGEROP CONSEIL ET INGENIERIE (ICI);2026-09-04;{'StreetName': 'Espace Saint Marc', 'AdditionalStreetName': '5 place du 6 juin 1944, Cs 95801', 'CityName': 'Orléans', 'PostalZone': '45058', 'Country': 'FRA'};244500468;False;ORLEANS METROPOLE;Orléans Métropole;;2026-09-01+02:00;services;"['Valeur technique, sur la base du cadre de mémoire technique remis par le candidat', ""Prix apprécié au regard du montant reporté à l'acte d'engagement selon la répartition des honoraires""]";['technique', 'prix'];[60.0, 40.0];1080.0;False;;False;;;;26-85656;;194790.8;;LOT-0000;71300000;;1;4.0;2.0;Maitrise d'oeuvre pour les travaux de réhabilitation du parking Saint-Paul;ouverte;M26F0102;;;;False;False;False;194790.8;7344.0;Métropole;1 000  à  1 999;False;1999-01-01;84.11Z;2008;5710.0;SAS, société par actions simplifiée;1 000  à  1 999;False;<NA>;2008;M;71;71.1;71.12;71.12B;2006-01-01;(48.874765, 2.203654);Rueil-Malmaison;Hauts-de-Seine;Île-de-France;(47.903925, 1.918085);Orléans;Loiret;Centre-Val de Loire;;;;;;;;
False;;;False;False;False;attribue;{'StreetName': '11 chemin de Bretagne', 'AdditionalStreetName': None, 'CityName': 'ISSY LES MOULINEAUX', 'PostalZone': '92130', 'Country': 'FRA'};339379984;True;SAUR;SAUR;2026-09-04;{'StreetName': '11 Espace de Kerourgué', 'AdditionalStreetName': None, 'CityName': 'Fouesnant', 'PostalZone': '29170', 'Country': 'FRA'};242900660;True;COMMUNAUTE COMMUNES PAYS FOUESNANTAIS;CC du Pays Fouesnantais;2025-04-20;;services;"[""Critères techniques d'exécution"", ""Service à l'usager"", ""Conditions financières de l'exécution du contrat"", 'Gouvernance et transparence']";['technique', 'qualite', 'technique', 'qualite'];;2880.0;False;22000000.0;False;{'StreetName': 'Communauté de communes du pays fouesnantais', 'CityName': 'Fouesnant', 'PostalZone': '29170', 'NUTS': 'FRH02', 'Country': 'FRA'};;;26-85675;25-45138;24144170.0;22000000.0;LOT-0001;65100000;;1;4.0;;Concession du service public de distribution d'eau potable de la Communauté de Communes du Pays Fouesnantais;;S2511-01;;;False;False;False;False;24144170.0;7346.0;Communauté de communes ;100  à  199;False;1993-12-28;84.11Z;2008;5710.0;SAS, société par actions simplifiée;5 000  à  9 999;False;False;2008;E;36;36.0;36.0;36.00Z;1986-10-28;(48.824908, 2.271891);Issy-les-Moulineaux;Hauts-de-Seine;Île-de-France;(47.893491, -4.01352);Fouesnant;Finistère;Bretagne;;;;;;;;
False;['15894210'];;True;True;False;attribue;{'StreetName': '9 route du Perollier', 'AdditionalStreetName': None, 'CityName': 'Dardilly', 'PostalZone': '69570', 'Country': 'FRA'};410911044;False;MILLE ET UN REPAS;MILLE ET UN REPAS;2026-09-04;{'StreetName': '300 Rue de la Mairie', 'AdditionalStreetName': None, 'CityName': 'Thyez', 'PostalZone': '74300', 'Country': 'FRA'};217402783;False;COMMUNE DE THYEZ;Commune de Thyez;;;services;['Valeur technique', 'Prix des prestations'];['technique', 'prix'];[60.0, 40.0];;True;1260000.0;False;;sans remise en concurrence;;26-85392;;1000000.0;;LOT-0001;55523100;1260000.0;2;5.0;;Fourniture et livraison de repas en liaison froide pour la restauration collective et pour le portage de repas à domicile - Commune de Thyez;ouverte;S-PA-2026-03;3.0;;;False;True;False;;7210.0;Commune et commune nouvelle ;100  à  199;False;1983-03-01;84.11Z;2008;5710.0;SAS, société par actions simplifiée;500  à  999;False;False;2008;I;56;56.2;56.29;56.29B;1997-02-01;(45.800929, 4.767959);Dardilly;Rhône;Auvergne-Rhône-Alpes;(46.084446, 6.541956);Thyez;Haute-Savoie;Auvergne-Rhône-Alpes;;;;;;;;
False;['55521100'];;True;True;False;attribue;{'StreetName': '9 route du Perollier', 'AdditionalStreetName': None, 'CityName': 'Dardilly', 'PostalZone': '69570', 'Country': 'FRA'};410911044;False;MILLE ET UN REPAS;MILLE ET UN REPAS;2026-09-04;{'StreetName': '300 Rue de la Mairie', 'AdditionalStreetName': None, 'CityName': 'Thyez', 'PostalZone': '74300', 'Country': 'FRA'};217402783;False;COMMUNE DE THYEZ;Commune de Thyez;;;services;['Valeur technique', 'Prix des prestations'];['technique', 'prix'];[60.0, 40.0];;True;1260000.0;False;;sans remise en concurrence;;26-85392;;260000.0;;LOT-0002;55523100;1260000.0;2;5.0;;Fourniture et livraison de repas en liaison froide pour la restauration collective et pour le portage de repas à domicile - Commune de Thyez;ouverte;S-PA-2026-03;3.0;;;False;True;False;;7210.0;Commune et commune nouvelle ;100  à  199;False;1983-03-01;84.11Z;2008;5710.0;SAS, société par actions simplifiée;500  à  999;False;False;2008;I;56;56.2;56.29;56.29B;1997-02-01;(45.800929, 4.767959);Dardilly;Rhône;Auvergne-Rhône-Alpes;(46.084446, 6.541956);Thyez;Haute-Savoie;Auvergne-Rhône-Alpes;;;;;;;;
False;['79822500', '79824000'];;True;True;False;attribue;{'StreetName': '119 Rue Servient', 'AdditionalStreetName': None, 'CityName': 'Lyon 3eme', 'PostalZone': '69003', 'Country': 'FRA'};835284456;False;BIG BANG;BIG BANG COMMUNICATION;2026-09-04;{'StreetName': '46, avenue des Iles', 'AdditionalStreetName': None, 'CityName': 'Annecy', 'PostalZone': '74007', 'Country': 'FRA'};200066793;False;GRAND ANNECY;GRAND ANNECY;;;services;['Valeur technique', 'Prix'];['technique', 'prix'];[60.0, 40.0];;True;;False;{'StreetName': None, 'CityName': None, 'PostalZone': None, 'NUTS': 'FRE11', 'Country': 'FRA'};sans remise en concurrence;;26-85530;25-81121;280000.0;;LOT-0001;79822500;1200000.0;3;9.0;9.0;Création, mise en page, impression et livraison du magazine d'information du Grand Annecy et création et mise en page du minimag du Grand Annecy;ouverte;20250077;3.0;;False;False;True;False;;7348.0;Communauté d'agglomération ;1 000  à  1 999;False;2017-01-01;84.11Z;2008;5710.0;SAS, société par actions simplifiée;10  à  19;False;<NA>;2008;I;56;56.1;56.1;56.10A;2018-01-18;(45.760685, 4.851326);Lyon;Rhône;Auvergne-Rhône-Alpes;;;;;;;;;;;;
False;['79824000', '79824000'];;True;True;False;attribue;{'StreetName': '81 Bd Henri Becquerel', 'AdditionalStreetName': None, 'CityName': 'Laval', 'PostalZone': '53000', 'Country': 'FRA'};555550276;False;IMAYE GRAPHIC;IMAYE GRAPHIC;2026-09-04;{'StreetName': '46, avenue des Iles', 'AdditionalStreetName': None, 'CityName': 'Annecy', 'PostalZone': '74007', 'Country': 'FRA'};200066793;False;GRAND ANNECY;GRAND ANNECY;;;services;['Valeur technique', 'Mesures relatives au developpement durable', 'Prix'];['technique', 'environnemental', 'prix'];[40.0, 15.0, 45.0];;True;;False;;sans remise en concurrence;;26-85530;25-81121;760000.0;;LOT-0002;79822500;1200000.0;3;2.0;2.0;Création, mise en page, impression et livraison du magazine d'information du Grand Annecy et création et mise en page du minimag du Grand Annecy;ouverte;20250077;3.0;;False;False;True;False;;7348.0;Communauté d'agglomération ;1 000  à  1 999;False;2017-01-01;84.11Z;2008;5710.0;SAS, société par actions simplifiée;50  à  99;False;<NA>;2008;C;18;18.1;18.12;18.12Z;1955-01-01;(48.085369, -0.74489);Laval;Mayenne;Pays de la Loire;;;;;;;;;;;;
False;['79822500', '79824000'];;True;True;False;attribue;{'StreetName': '119 Rue Servient', 'AdditionalStreetName': None, 'CityName': 'Lyon 3eme', 'PostalZone': '69003', 'Country': 'FRA'};835284456;False;BIG BANG;BIG BANG COMMUNICATION;2026-09-04;{'StreetName': '46, avenue des Iles', 'AdditionalStreetName': None, 'CityName': 'Annecy', 'PostalZone': '74007', 'Country': 'FRA'};200066793;False;GRAND ANNECY;GRAND ANNECY;;;services;['Valeur technique', 'Prix'];['technique', 'prix'];[60.0, 40.0];;True;;False;;sans remise en concurrence;;26-85530;25-81121;160000.0;;LOT-0003;79822500;1200000.0;3;9.0;9.0;Création, mise en page, impression et livraison du magazine d'information du Grand Annecy et création et mise en page du minimag du Grand Annecy;ouverte;20250077;3.0;;False;False;True;False;;7348.0;Communauté d'agglomération ;1 000  à  1 999;False;2017-01-01;84.11Z;2008;5710.0;SAS, société par actions simplifiée;10  à  19;False;<NA>;2008;I;56;56.1;56.1;56.10A;2018-01-18;(45.760685, 4.851326);Lyon;Rhône;Auvergne-Rhône-Alpes;;;;;;;;;;;;
False;['15894210'];31.0;True;False;False;attribue;{'StreetName': '13 ave Blaise Pascal', 'AdditionalStreetName': None, 'CityName': 'Libercourt', 'PostalZone': '62820', 'Country': 'FRA'};410151674;False;DUPONT RESTAURATION;DUPONT RESTAURATION;2026-09-04;{'StreetName': '16 rue de la Souleïado', 'AdditionalStreetName': None, 'CityName': 'Caissargues', 'PostalZone': '30132', 'Country': 'FRA'};213000607;False;COMMUNE DE CAISSARGUES;MAIRIE DE CAISSARGUES;2024-05-31;2026-09-01+02:00;fournitures;"[""Valeur technique de l'offre appréciée à l'aide du mémoire technique"", 'Prise en compte de la notion de développement durable', ""Coût d'utilisation""]";['technique', 'environnemental', 'prix'];[40.0, 30.0, 30.0];;True;250000.0;False;{'StreetName': 'Cantines des écoles Cambourin et Mirman.Centre de loisirs', 'CityName': 'Caissargues', 'PostalZone': '30132', 'NUTS': 'FRJ12', 'Country': 'FRA'};;;26-85401;24-62671;558480.0;;LOT-0000;15894210;;1;2.0;;FOURNITURE DE REPAS EN LIAISON FROIDE DES CANTINES SCOLAIRES DE LA COMMUNE DE CAISSARGUES;ouverte;2026.CAIS.03;3.0;False;False;True;True;True;558480.0;7210.0;Commune et commune nouvelle ;50  à  99;False;1982-01-01;84.11Z;2008;5710.0;SAS, société par actions simplifiée;2 000  à  4 999;False;False;2008;I;56;56.2;56.29;56.29B;1996-11-29;(50.493865, 2.99982);Libercourt;Pas-de-Calais;Hauts-de-France;(43.794805, 4.378787);Caissargues;Gard;Occitanie;;;;;;;;
False;['09323000'];;True;False;False;attribue;{'StreetName': '36 Route de Blanzat', 'AdditionalStreetName': None, 'CityName': 'Montluçon', 'PostalZone': '03100', 'Country': 'FRA'};456500537;True;DALKIA;DALKIA;2026-09-04;{'StreetName': '11 Les Sapins - CS 70026', 'AdditionalStreetName': None, 'CityName': 'Yzeure cedex', 'PostalZone': '03401', 'Country': 'FRA'};250300233;True;SYNDICAT DEPARTEMENTAL D'ENERGIE DE L'ALLIER;Syndicat Départemental d’Énergie de l'Allier (SDE 03);;;services;[];[];;3650.0;False;310000.0;False;{'StreetName': None, 'CityName': 'Lurcy-Lévis', 'PostalZone': None, 'NUTS': 'FRK11', 'Country': 'FRA'};;;26-85599;;0.0;310000.0;LOT-0001;50720000;;1;1.0;;Marché d'exploitation / d'entretien-maintenance sur la chaufferie de Lurcy-Lévis;ouverte;2026003S;0.0;;;False;False;False;0.0;7354.0;Syndicat mixte fermé ;20  à  49;<NA>;1936-09-01;84.13Z;2008;5599.0;SA à conseil d'administration (s.a.i.);10 000  et plus ;False;False;2008;D;35;35.3;35.3;35.30Z;1956-01-01;(46.351425, 2.599791);Montluçon;Allier;Auvergne-Rhône-Alpes;(46.540024, 3.37624);Yzeure;Allier;Auvergne-Rhône-Alpes;;;;;;;;
False;['38400000'];;True;False;False;attribue;{'StreetName': None, 'AdditionalStreetName': None, 'CityName': 'MERIGNAC', 'PostalZone': '33700', 'Country': 'FRA'};344505987;True;MICROMERITICS FRANCE S.A.;MICROMERITICS FRANCE;2026-09-04;{'StreetName': None, 'AdditionalStreetName': None, 'CityName': 'SAINT-ETIENNE', 'PostalZone': '42000', 'Country': 'FRA'};938501681;True;UNIVERSITE JEAN MONNET;Université Jean Monnet;;2026-04-27+02:00;fournitures;"[""Montant de l'offre"", ""Mémoire justificatif de l'offre""]";['prix', 'qualite'];[60.0, 40.0];;False;;False;{'StreetName': None, 'CityName': None, 'PostalZone': None, 'NUTS': 'FRK25', 'Country': 'FRA'};;;26-85424;;166670.0;;LOT-0001;38540000;;1;1.0;;Acquisition d'un instrument de chimisorption dynamique, avec générateur de vapeur, résistant à la corrosion;ouverte;2026-002;;;;True;False;False;166670.0;7383.0;Établissement public national à caractère scientifique culturel et professionnel ;;False;2024-12-06;85.42Z;2008;5499.0;Société à responsabilité limitée (sans autre indication);10  à  19;False;<NA>;2008;G;46;46.6;46.69;46.69B;1988-04-13;;Mérignac;Gironde;Nouvelle-Aquitaine;;Saint-Étienne;Loire;Auvergne-Rhône-Alpes;;;;;;;;
False;['79822500', '79961000'];;True;False;False;attribue;{'StreetName': '134 rue Royale', 'AdditionalStreetName': None, 'CityName': 'Lille', 'PostalZone': '59000', 'Country': 'FRA'};390295244;False;DPS;DPS;2026-09-04;{'StreetName': 'Hotel de Ville', 'AdditionalStreetName': None, 'CityName': 'Amiens', 'PostalZone': '80027', 'Country': 'FRA'};248000531;False;COMMUNAUTE AGGLO AMIENS METROPOLE;Amiens Métropole;;2026-05-04+02:00;services;"[""Valeur technique de l'offre"", 'Prix']";['technique', 'prix'];[60.0, 40.0];360.0;False;;False;;sans remise en concurrence;;26-85622;;30380.0;;LOT-0000;79415200;480000.0;1;23.0;;CONCEPTION DE SUPPORTS DE COMMUNICATION, CONSEIL ET ACCOMPAGNEMENT EN COMMUNICATION, ET REALISATION DE PRODUITS AUDIOVISUELS;ouverte;25059-AO;3.0;;;False;False;False;30380.0;7348.0;Communauté d'agglomération ;2 000  à  4 999;False;1993-12-21;84.11Z;2008;5710.0;SAS, société par actions simplifiée;50  à  99;False;<NA>;2008;M;73;73.1;73.11;73.11Z;1993-01-01;(50.621196, 3.066091);Lille;Nord;Hauts-de-France;(49.893238, 2.295394);Amiens;Somme;Hauts-de-France;;;;;;;;
False;['50700000'];;False;True;False;attribue;{'StreetName': '10 route de Saint Savinien', 'AdditionalStreetName': None, 'CityName': 'SAINT HILAIRE DE VILLEFRANCHE', 'PostalZone': '17770', 'Country': 'FRA'};525052064;True;<NA>;SD PREVENTION;2026-09-04;{'StreetName': 'Square André Maudet', 'AdditionalStreetName': None, 'CityName': 'Saintes', 'PostalZone': '17100', 'Country': 'FRA'};211704150;True;COMMUNE DE SAINTES;VILLE DE SAINTES;;;services;['•\tMontant résultant du bordereau des prix forfaitaires (DPF) – 30 points\n•\tMontant résultant du détail quantitatif estimatif (DQE) – 30 points', '-\tSous-critère 1 : les moyens techniques mis à disposition pour la réalisation et le suivi des prestations : 5 points\n-\tSous-critère 2 : les moyens humains mis à disposition pour la réalisation et le suivi des prestations : 5 points\n-\tSous-critère 3 : Détail des prestations proposées pour les maintenances préventives en intégrant le système de planification : 5 points\n-\tSous-critère 4 : Détail des prestations proposées pour la maintenance curative en intégrant les délais d’intervention : 5 points\n-\tSous-critère 5 : Détail des moyens mis en place pour le suivi de l’inventaire des équipements : 5 points\n-\tSous-critère 6 : Etablissement, gestion, suivi et transmission des rapports de maintenance et du bilan annuel : 5 points\n-\tSous-critère 7 :  Détail de la veille réglementaire et du rôle de conseil :  5 points', 'Mesures environnementales = 5 points'];['prix', 'social', 'environnemental'];[60.0, 35.0, 5.0];360.0;True;0.0;False;{'StreetName': None, 'CityName': 'Saintes', 'PostalZone': '17100', 'NUTS': 'FRI32', 'Country': 'FRA'};sans remise en concurrence;;26-85668;;50000.0;0.0;LOT-0001;50413200;297739.0;3;3.0;;Maintenances et achat des équipements de sécurité incendie;ouverte;VILLE-CDV-2026-S-01;3.0;;;False;False;False;297739.0;7210.0;Commune et commune nouvelle ;500  à  999;False;1978-01-01;84.11Z;2008;1000.0;Entrepreneur individuel;;<NA>;<NA>;2008;C;28;28.2;28.29;28.29B;2010-09-27;(45.851647, -0.532963);Saint-Hilaire-de-Villefranche;Charente-Maritime;Nouvelle-Aquitaine;(45.744751, -0.634658);Saintes;Charente-Maritime;Nouvelle-Aquitaine;;;;;;;;
False;['50700000'];;False;True;False;attribue;{'StreetName': 'ZI des Charriers - 7 Rue du Moulin de Paban', 'AdditionalStreetName': None, 'CityName': 'SAINTES', 'PostalZone': '17100', 'Country': 'FRA'};389818907;True;BRUNET;BRUNET DROUILLAC;2026-09-04;{'StreetName': 'Square André Maudet', 'AdditionalStreetName': None, 'CityName': 'Saintes', 'PostalZone': '17100', 'Country': 'FRA'};211704150;True;COMMUNE DE SAINTES;VILLE DE SAINTES;;;services;['•\tMontant résultant du bordereau des prix forfaitaires (DPF) – 30 points\n•\tMontant résultant du détail quantitatif estimatif (DQE) – 30 points', '-\tSous-critère 1 : les moyens techniques mis à disposition pour la réalisation et le suivi des prestations : 5 points\n-\tSous-critère 2 : les moyens humains mis à disposition pour la réalisation et le suivi des prestations : 5 points\n-\tSous-critère 3 : Détail des prestations proposées pour les maintenances préventives en intégrant le système de planification : 5 points\n-\tSous-critère 4 : Détail des prestations proposées pour la maintenance curative en intégrant les délais d’intervention : 5 points\n-\tSous-critère 5 : Détail des moyens mis en place pour le suivi de l’inventaire des équipements : 5 points\n-\tSous-critère 6 : Etablissement, gestion, suivi et transmission des rapports de maintenance et du bilan annuel : 5 points\n-\tSous-critère 7 :  Détail de la veille réglementaire et du rôle de conseil :  5 points', 'Mesures environnementales = 5 points'];['prix', 'social', 'environnemental'];[60.0, 35.0, 5.0];360.0;True;0.0;False;{'StreetName': None, 'CityName': 'Saintes', 'PostalZone': '17100', 'NUTS': 'FRI32', 'Country': 'FRA'};sans remise en concurrence;;26-85668;;100000.0;;LOT-0002;50413200;297739.0;3;5.0;;Maintenances et achat des équipements de sécurité incendie;ouverte;VILLE-CDV-2026-S-01;;;;False;False;False;297739.0;7210.0;Commune et commune nouvelle ;500  à  999;False;1978-01-01;84.11Z;2008;5710.0;SAS, société par actions simplifiée;500  à  999;False;<NA>;2008;F;43;43.2;43.21;43.21A;1993-01-02;(45.719324, -0.642229);Saintes;Charente-Maritime;Nouvelle-Aquitaine;(45.744751, -0.634658);Saintes;Charente-Maritime;Nouvelle-Aquitaine;;;;;;;;
False;['50700000'];;False;True;False;attribue;{'StreetName': '10 route de Saint Savinien', 'AdditionalStreetName': None, 'CityName': 'SAINT HILAIRE DE VILLEFRANCHE', 'PostalZone': '17770', 'Country': 'FRA'};525052064;True;<NA>;SD PREVENTION;2026-09-04;{'StreetName': 'Square André Maudet', 'AdditionalStreetName': None, 'CityName': 'Saintes', 'PostalZone': '17100', 'Country': 'FRA'};211704150;True;COMMUNE DE SAINTES;VILLE DE SAINTES;;;services;['•\tMontant résultant du bordereau des prix forfaitaires (DPF) – 30 points\n•\tMontant résultant du détail quantitatif estimatif (DQE) – 30 points', '-\tSous-critère 1 : les moyens techniques mis à disposition pour la réalisation et le suivi des prestations : 5 points\n-\tSous-critère 2 : les moyens humains mis à disposition pour la réalisation et le suivi des prestations : 5 points\n-\tSous-critère 3 : Détail des prestations proposées pour les maintenances préventives en intégrant le système de planification : 5 points\n-\tSous-critère 4 : Détail des prestations proposées pour la maintenance curative en intégrant les délais d’intervention : 5 points\n-\tSous-critère 5 : Détail des moyens mis en place pour le suivi de l’inventaire des équipements : 5 points\n-\tSous-critère 6 : Etablissement, gestion, suivi et transmission des rapports de maintenance et du bilan annuel : 5 points\n-\tSous-critère 7 :  Détail de la veille réglementaire et du rôle de conseil :  5 points', 'Mesures environnementales = 5 points'];['prix', 'social', 'environnemental'];[60.0, 35.0, 5.0];360.0;True;0.0;False;{'StreetName': None, 'CityName': 'Saintes', 'PostalZone': '17100', 'NUTS': 'FRI32', 'Country': 'FRA'};sans remise en concurrence;;26-85668;;55000.0;;LOT-0003;50413200;297739.0;3;3.0;;Maintenances et achat des équipements de sécurité incendie;ouverte;VILLE-CDV-2026-S-01;;;;False;False;False;297739.0;7210.0;Commune et commune nouvelle ;500  à  999;False;1978-01-01;84.11Z;2008;1000.0;Entrepreneur individuel;;<NA>;<NA>;2008;C;28;28.2;28.29;28.29B;2010-09-27;(45.851647, -0.532963);Saint-Hilaire-de-Villefranche;Charente-Maritime;Nouvelle-Aquitaine;(45.744751, -0.634658);Saintes;Charente-Maritime;Nouvelle-Aquitaine;;;;;;;;
False;;76.0;True;True;False;attribue;{'StreetName': '15 RUE HUBERT PENNEVERT ', 'AdditionalStreetName': 'ZI DU CANAL DES SOEURS EST', 'CityName': 'ROCHEFORT', 'PostalZone': '17300', 'Country': 'FRA'};701980203;True;SUEZ RV SUD OUEST;SUEZ RV SUD OUEST;2026-09-04;{'StreetName': '11 boulevard Ambroise Paré', 'AdditionalStreetName': 'BP10326', 'CityName': 'Saintes cedex', 'PostalZone': '17108', 'Country': 'FRA'};261700025;True;GROUPE HOSPITALIER SAINTES-SAINT-JEAN-D'ANGELY;GH Saintes - SJY - Ets support GHT;2025-07-26;2026-03-30+02:00;services;"[""1) Prix sur la base du montant total en Euros HT complété dans le BPU faisant office de DQE - valorisation de l'offre moins disante par application d'une formule mathématique"", '2) Valeur technique sur la base des éléments du Mémoire  Technique 2-1) solutions techniques proposées de collecte ; 2-2) solutions techniques proposées de stockage interne', '3) Mémoire environnemental précisant les solutions de collectes externes (mode et périodicité) et aux méthodes de traitement (valorisation matière, énergétique...)']";['prix', 'technique', 'environnemental'];[50.0, 25.0, 25.0];1460.0;True;;False;;sans remise en concurrence;;26-85374;25-85091;320000.0;;LOT-0001;90511000;906880.0;15;3.0;;COLLECTE ET TRAITEMENT DES DECHETS;ouverte;;;;False;True;False;False;906880.0;7364.0;Établissement d'hospitalisation ;2 000  à  4 999;False;1983-03-01;86.10Z;2008;5710.0;SAS, société par actions simplifiée;500  à  999;False;<NA>;2008;E;38;38.1;38.11;38.11Z;1970-01-01;(45.958896, -0.949347);Rochefort;Charente-Maritime;Nouvelle-Aquitaine;(49.875294, 2.271563);Amiens;Somme;Hauts-de-France;;;;;;;;
False;;76.0;True;True;False;attribue;{'StreetName': '15 RUE HUBERT PENNEVERT ', 'AdditionalStreetName': 'ZI DU CANAL DES SOEURS EST', 'CityName': 'ROCHEFORT', 'PostalZone': '17300', 'Country': 'FRA'};701980203;True;SUEZ RV SUD OUEST;SUEZ RV SUD OUEST;2026-09-04;{'StreetName': '11 boulevard Ambroise Paré', 'AdditionalStreetName': 'BP10326', 'CityName': 'Saintes cedex', 'PostalZone': '17108', 'Country': 'FRA'};261700025;True;GROUPE HOSPITALIER SAINTES-SAINT-JEAN-D'ANGELY;GH Saintes - SJY - Ets support GHT;2025-07-26;2026-03-30+02:00;services;"['1) Prix sur la base du montant total en € HT complété dans le  BPU faisant office de DQE - valorisation de l’offre moins  disante par application d’une formule mathématique', '2) Valeur technique sur la base des éléments du Mémoire  Technique 2-1) solutions techniques proposées de collecte ; 2-2) solutions techniques proposées de stockage interne', '3) Mémoire environnemental précisant les solutions de  collectes externes (mode et périodicité) et aux méthodes de  traitement (valorisation matière, énergétique...)']";['prix', 'technique', 'environnemental'];[50.0, 25.0, 25.0];1460.0;True;;False;"{'StreetName': ""GROUPE HOSPITALIER SAINTES SAINT JEAN D'ANGELY"", 'CityName': 'SAINTES', 'PostalZone': '17100', 'NUTS': 'FRI32', 'Country': 'FRA'}";sans remise en concurrence;;26-85374;25-85091;19200.0;;LOT-0002;90511000;906880.0;15;4.0;;COLLECTE ET TRAITEMENT DES DECHETS;ouverte;;;;False;True;False;False;906880.0;7364.0;Établissement d'hospitalisation ;2 000  à  4 999;False;1983-03-01;86.10Z;2008;5710.0;SAS, société par actions simplifiée;500  à  999;False;<NA>;2008;E;38;38.1;38.11;38.11Z;1970-01-01;(45.958896, -0.949347);Rochefort;Charente-Maritime;Nouvelle-Aquitaine;(49.875294, 2.271563);Amiens;Somme;Hauts-de-France;;;;;;;;
False;;76.0;True;True;False;attribue;{'StreetName': '370 CHEMIN ROMAIN', 'AdditionalStreetName': 'LES PETITS PRES', 'CityName': 'NERCILLAC', 'PostalZone': '16200', 'Country': 'FRA'};511867327;True;PAPREC SUD-OUEST;PAPREC SUD OUEST;2026-09-04;{'StreetName': '11 boulevard Ambroise Paré', 'AdditionalStreetName': 'BP10326', 'CityName': 'Saintes cedex', 'PostalZone': '17108', 'Country': 'FRA'};261700025;True;GROUPE HOSPITALIER SAINTES-SAINT-JEAN-D'ANGELY;GH Saintes - SJY - Ets support GHT;2025-07-26;2026-03-30+02:00;services;"['1) Prix sur la base du montant total en € HT complété dans le  BPU faisant office de DQE - valorisation de l’offre moins  disante par application d’une formule mathématique', '2) Valeur technique sur la base des éléments du Mémoire  Technique 2-1) solutions techniques proposées de collecte ; 2-2) solutions techniques proposées de stockage interne', '3) Mémoire environnemental précisant les solutions de  collectes externes (mode et périodicit25é) et aux méthodes de  traitement (valorisation matière, énergétique...)']";['prix', 'technique', 'environnemental'];[50.0, 25.0, 25.0];1460.0;True;;False;"{'StreetName': ""GROUPE HOSPITALIER SAINTES SAINT JEAN D'ANGELY"", 'CityName': 'SAINTES', 'PostalZone': '17100', 'NUTS': 'FRI32', 'Country': 'FRA'}";sans remise en concurrence;;26-85374;25-85091;48000.0;;LOT-0003;90511000;906880.0;15;3.0;;COLLECTE ET TRAITEMENT DES DECHETS;ouverte;;;;False;True;False;False;906880.0;7364.0;Établissement d'hospitalisation ;2 000  à  4 999;False;1983-03-01;86.10Z;2008;5710.0;SAS, société par actions simplifiée;200  à  249;False;<NA>;2008;E;38;38.3;38.32;38.32Z;2009-04-06;(45.748962, -0.299146);Nercillac;Charente;Nouvelle-Aquitaine;(49.875294, 2.271563);Amiens;Somme;Hauts-de-France;;;;;;;;
False;;76.0;True;True;False;attribue;{'StreetName': '370 CHEMIN ROMAIN', 'AdditionalStreetName': 'LES PETITS PRES', 'CityName': 'NERCILLAC', 'PostalZone': '16200', 'Country': 'FRA'};511867327;True;PAPREC SUD-OUEST;PAPREC SUD OUEST;2026-09-04;{'StreetName': '11 boulevard Ambroise Paré', 'AdditionalStreetName': 'BP10326', 'CityName': 'Saintes cedex', 'PostalZone': '17108', 'Country': 'FRA'};261700025;True;GROUPE HOSPITALIER SAINTES-SAINT-JEAN-D'ANGELY;GH Saintes - SJY - Ets support GHT;2025-07-26;2026-03-30+02:00;services;"['1) Prix sur la base du montant total en € HT complété dans le  BPU faisant office de DQE - valorisation de l’offre moins  disante par application d’une formule mathématique', '2) Valeur technique sur la base des éléments du Mémoire  Technique 2-1) solutions techniques proposées de collecte ; 2-2) solutions techniques proposées de stockage interne', '3) Mémoire environnemental précisant les solutions de  collectes externes (mode et périodicité) et aux méthodes de  traitement (valorisation matière, énergétique...)']";['prix', 'technique', 'environnemental'];[50.0, 25.0, 25.0];1460.0;True;;False;"{'StreetName': ""GROUPE HOSPITALIER SAINTES - SAINT-JEAN-D'ANGELY"", 'CityName': 'SAINTES', 'PostalZone': '17100', 'NUTS': 'FRI32', 'Country': 'FRA'}";sans remise en concurrence;;26-85374;25-85091;5760.0;;LOT-0004;90511000;906880.0;15;4.0;;COLLECTE ET TRAITEMENT DES DECHETS;ouverte;;;;False;True;False;False;906880.0;7364.0;Établissement d'hospitalisation ;2 000  à  4 999;False;1983-03-01;86.10Z;2008;5710.0;SAS, société par actions simplifiée;200  à  249;False;<NA>;2008;E;38;38.3;38.32;38.32Z;2009-04-06;(45.748962, -0.299146);Nercillac;Charente;Nouvelle-Aquitaine;(49.875294, 2.271563);Amiens;Somme;Hauts-de-France;;;;;;;;
False;;76.0;True;True;False;attribue;{'StreetName': '15 RUE HUBERT PENNEVERT ', 'AdditionalStreetName': 'ZI DU CANAL DES SOEURS EST', 'CityName': 'ROCHEFORT', 'PostalZone': '17300', 'Country': 'FRA'};701980203;True;SUEZ RV SUD OUEST;SUEZ RV SUD OUEST;2026-09-04;{'StreetName': '11 boulevard Ambroise Paré', 'AdditionalStreetName': 'BP10326', 'CityName': 'Saintes cedex', 'PostalZone': '17108', 'Country': 'FRA'};261700025;True;GROUPE HOSPITALIER SAINTES-SAINT-JEAN-D'ANGELY;GH Saintes - SJY - Ets support GHT;2025-07-26;2026-03-30+02:00;services;"['1) Prix sur la base du montant total en € HT complété dans le  BPU faisant office de DQE - valorisation de l’offre moins  disante par application d’une formule mathématique', '2) Valeur technique sur la base des éléments du Mémoire  Technique 2-1) solutions techniques proposées de collecte ; 2-2) solutions techniques proposées de stockage interne', '3) Mémoire environnemental précisant les solutions de  collectes externes (mode et périodicité) et aux méthodes de  traitement (valorisation matière, énergétique...)']";['prix', 'technique', 'environnemental'];[50.0, 25.0, 25.0];1460.0;True;;False;"{'StreetName': ""GROUPE HOSPITALIER SAINTES - SAINT-JEAN-D'ANGELY"", 'CityName': 'SAINTES', 'PostalZone': '17100', 'NUTS': 'FRI32', 'Country': 'FRA'}";sans remise en concurrence;;26-85374;25-85091;5120.0;;LOT-0005;90511400;906880.0;15;4.0;;COLLECTE ET TRAITEMENT DES DECHETS;ouverte;;;;False;True;False;False;906880.0;7364.0;Établissement d'hospitalisation ;2 000  à  4 999;False;1983-03-01;86.10Z;2008;5710.0;SAS, société par actions simplifiée;500  à  999;False;<NA>;2008;E;38;38.1;38.11;38.11Z;1970-01-01;(45.958896, -0.949347);Rochefort;Charente-Maritime;Nouvelle-Aquitaine;(49.875294, 2.271563);Amiens;Somme;Hauts-de-France;;;;;;;;
False;;76.0;True;True;False;attribue;{'StreetName': '15 RUE HUBERT PENNEVERT ', 'AdditionalStreetName': 'ZI DU CANAL DES SOEURS EST', 'CityName': 'ROCHEFORT', 'PostalZone': '17300', 'Country': 'FRA'};701980203;True;SUEZ RV SUD OUEST;SUEZ RV SUD OUEST;2026-09-04;{'StreetName': '11 boulevard Ambroise Paré', 'AdditionalStreetName': 'BP10326', 'CityName': 'Saintes cedex', 'PostalZone': '17108', 'Country': 'FRA'};261700025;True;GROUPE HOSPITALIER SAINTES-SAINT-JEAN-D'ANGELY;GH Saintes - SJY - Ets support GHT;2025-07-26;2026-03-30+02:00;services;"['1) Prix sur la base du montant total en € HT complété dans le  BPU faisant office de DQE - valorisation de l’offre moins  disante par application d’une formule mathématique', '2) Valeur technique sur la base des éléments du Mémoire  Technique 2-1) solutions techniques proposées de collecte ; 2-2) solutions techniques proposées de stockage interne', '3) Mémoire environnemental précisant les solutions de  collectes externes (mode et périodicité) et aux méthodes de  traitement (valorisation matière, énergétique...)']";['prix', 'technique', 'environnemental'];[50.0, 25.0, 25.0];1460.0;True;;False;"{'StreetName': ""GROUPE HOSPITALIER SAINTES - SAINT-JEAN-D'ANGELY"", 'CityName': 'SAINTES', 'PostalZone': '17100', 'NUTS': 'FRI32', 'Country': 'FRA'}";sans remise en concurrence;;26-85374;25-85091;16000.0;;LOT-0006;90511000;906880.0;15;2.0;;COLLECTE ET TRAITEMENT DES DECHETS;ouverte;;;;False;True;False;False;906880.0;7364.0;Établissement d'hospitalisation ;2 000  à  4 999;False;1983-03-01;86.10Z;2008;5710.0;SAS, société par actions simplifiée;500  à  999;False;<NA>;2008;E;38;38.1;38.11;38.11Z;1970-01-01;(45.958896, -0.949347);Rochefort;Charente-Maritime;Nouvelle-Aquitaine;(49.875294, 2.271563);Amiens;Somme;Hauts-de-France;;;;;;;;
False;;76.0;True;True;False;attribue;{'StreetName': '15 RUE MARTHE DUTHEIL', 'AdditionalStreetName': None, 'CityName': 'FEYTIAT', 'PostalZone': '87220', 'Country': 'FRA'};792599755;True;ID-VERT;ID VERT - ELISE;2026-09-04;{'StreetName': '11 boulevard Ambroise Paré', 'AdditionalStreetName': 'BP10326', 'CityName': 'Saintes cedex', 'PostalZone': '17108', 'Country': 'FRA'};261700025;True;GROUPE HOSPITALIER SAINTES-SAINT-JEAN-D'ANGELY;GH Saintes - SJY - Ets support GHT;2025-07-26;2026-05-04+02:00;services;"['1) Prix sur la base du montant total en € HT complété dans le  BPU faisant office de DQE - valorisation de l’offre moins  disante par application d’une formule mathématique', '2) Valeur technique sur la base des éléments du Mémoire  Technique 2-1) solutions techniques proposées de colle25cte ; 2-2) solutions techniques proposées de stockage interne', '3) Mémoire environnemental précisant les solutions de  collectes externes (mode et périodicité) et aux méthodes de  traitement (valorisation matière, énergétique...)']";['prix', 'technique', 'environnemental'];[50.0, 25.0, 25.0];1460.0;True;;False;;sans remise en concurrence;;26-85374;25-85091;76800.0;;LOT-0007;90511400;906880.0;15;3.0;;COLLECTE ET TRAITEMENT DES DECHETS;ouverte;;;;False;True;False;False;906880.0;7364.0;Établissement d'hospitalisation ;2 000  à  4 999;False;1983-03-01;86.10Z;2008;5499.0;Société à responsabilité limitée (sans autre indication);20  à  49;False;<NA>;2008;E;38;38.3;38.32;38.32Z;2013-05-01;(45.815133, 1.302004);Feytiat;Haute-Vienne;Nouvelle-Aquitaine;(49.875294, 2.271563);Amiens;Somme;Hauts-de-France;;;;;;;;
False;;76.0;True;True;False;attribue;{'StreetName': '1A RUE DE PAQUES', 'AdditionalStreetName': None, 'CityName': 'DOUVRIN', 'PostalZone': '62138', 'Country': 'FRA'};941903262;True;RECYCL-M;RECYCL M;2026-09-04;{'StreetName': '11 boulevard Ambroise Paré', 'AdditionalStreetName': 'BP10326', 'CityName': 'Saintes cedex', 'PostalZone': '17108', 'Country': 'FRA'};261700025;True;GROUPE HOSPITALIER SAINTES-SAINT-JEAN-D'ANGELY;GH Saintes - SJY - Ets support GHT;2025-07-26;2026-03-30+02:00;services;"['1) Prix sur la base du montant total en € HT complété dans le  BPU faisant office de DQE - valorisation de l’offre moins  disante par application d’une formule mathématique', '2) Valeur technique sur la base des éléments du Mémoire  Technique 2-1) solutions techniques proposées de collecte ; 2-2) solutions techniques proposées de stockage interne', '3) Mémoire environnemental précisant les solutions de  collectes externes (mode et périodicité) et aux méthodes de  traitement (valorisation matière, énergétique...)']";['prix', 'technique', 'environnemental'];[50.0, 25.0, 25.0];1460.0;True;;False;;sans remise en concurrence;;26-85374;25-85091;19200.0;;LOT-0008;90524100;906880.0;15;3.0;;COLLECTE ET TRAITEMENT DES DECHETS;ouverte;;;;False;True;False;False;906880.0;7364.0;Établissement d'hospitalisation ;2 000  à  4 999;False;1983-03-01;86.10Z;2008;5710.0;SAS, société par actions simplifiée;;False;False;2008;G;46;46.7;46.77;46.77Z;2025-03-01;(50.509174, 2.816093);Douvrin;Pas-de-Calais;Hauts-de-France;(49.875294, 2.271563);Amiens;Somme;Hauts-de-France;;;;;;;;
False;;76.0;True;True;False;attribue;{'StreetName': '15 RUE HUBERT PENNEVERT ', 'AdditionalStreetName': 'ZI DU CANAL DES SOEURS EST', 'CityName': 'ROCHEFORT', 'PostalZone': '17300', 'Country': 'FRA'};701980203;True;SUEZ RV SUD OUEST;SUEZ RV SUD OUEST;2026-09-04;{'StreetName': '11 boulevard Ambroise Paré', 'AdditionalStreetName': 'BP10326', 'CityName': 'Saintes cedex', 'PostalZone': '17108', 'Country': 'FRA'};261700025;True;GROUPE HOSPITALIER SAINTES-SAINT-JEAN-D'ANGELY;GH Saintes - SJY - Ets support GHT;2025-07-26;2026-03-30+02:00;services;"['1) Prix sur la base du montant total en € HT complété dans le  BPU faisant office de DQE - valorisation de l’offre moins  disante par application d’une formule mathématique', '2) Valeur technique sur la base des éléments du Mémoire  Technique 2-1) solutions techniques proposées de collecte ; 2-2) solutions techniques proposées de stockage interne', '3) Mémoire environnemental précisant les solutions de  collectes externes (mode et périodicité) et a25ux méthodes de  traitement (valorisation matière, énergétique...)']";['prix', 'technique', 'environnemental'];[50.0, 25.0, 25.0];1460.0;True;;False;;sans remise en concurrence;;26-85374;25-85091;44800.0;;LOT-0009;90524100;906880.0;15;2.0;;COLLECTE ET TRAITEMENT DES DECHETS;ouverte;;;;False;True;False;False;906880.0;7364.0;Établissement d'hospitalisation ;2 000  à  4 999;False;1983-03-01;86.10Z;2008;5710.0;SAS, société par actions simplifiée;500  à  999;False;<NA>;2008;E;38;38.1;38.11;38.11Z;1970-01-01;(45.958896, -0.949347);Rochefort;Charente-Maritime;Nouvelle-Aquitaine;(49.875294, 2.271563);Amiens;Somme;Hauts-de-France;;;;;;;;
False;;76.0;True;True;False;attribue;{'StreetName': 'RUE DU SUD', 'AdditionalStreetName': 'ZI SAINT FLORENT', 'CityName': 'NIORT', 'PostalZone': '79000', 'Country': 'FRA'};790208920;True;ORTEC SERVICES ENVIRONNEMENT;ORTEC SERVICES ENVIRONNEMENT;2026-09-04;{'StreetName': '11 boulevard Ambroise Paré', 'AdditionalStreetName': 'BP10326', 'CityName': 'Saintes cedex', 'PostalZone': '17108', 'Country': 'FRA'};261700025;True;GROUPE HOSPITALIER SAINTES-SAINT-JEAN-D'ANGELY;GH Saintes - SJY - Ets support GHT;2025-07-26;2026-04-20+02:00;services;"['1) Prix sur la base du montant total en € HT complété dans le  BPU faisant office de DQE - valorisation de l’offre moins  disante par application d’une formule mathématique', '2) Valeur technique sur la base des éléments du Mémoire  Technique 2-1) solutions techniques proposées de collecte ; 2-2) solutions techniques proposées de stockage interne', '3) Mémoire environnemental précisant les solutions de  collectes externes (mode et périodicité) et aux méthodes de  traitement (valorisation matière, énergétique...)']";['prix', 'technique', 'environnemental'];[50.0, 25.0, 25.0];1460.0;True;;False;"{'StreetName': ""GROUPE HOSPITALIER SAINTES - SAINT-JEAN-D'ANGELY"", 'CityName': 'SAINTES', 'PostalZone': '17100', 'NUTS': 'FRI32', 'Country': 'FRA'}";sans remise en concurrence;;26-85374;25-85091;16000.0;;LOT-0010;90523000;906880.0;15;3.0;;COLLECTE ET TRAITEMENT DES DECHETS;ouverte;;;;False;True;False;False;906880.0;7364.0;Établissement d'hospitalisation ;2 000  à  4 999;False;1983-03-01;86.10Z;2008;5710.0;SAS, société par actions simplifiée;250  à  499;False;<NA>;2008;E;38;38.2;38.22;38.22Z;2012-12-27;(46.321422, -0.458754);Niort;Deux-Sèvres;Nouvelle-Aquitaine;(49.875294, 2.271563);Amiens;Somme;Hauts-de-France;;;;;;;;
False;;76.0;True;True;False;attribue;{'StreetName': 'RUE DU SUD', 'AdditionalStreetName': 'ZI SAINT FLORENT', 'CityName': 'NIORT', 'PostalZone': '79000', 'Country': 'FRA'};790208920;True;ORTEC SERVICES ENVIRONNEMENT;ORTEC SERVICES ENVIRONNEMENT;2026-09-04;{'StreetName': '11 boulevard Ambroise Paré', 'AdditionalStreetName': 'BP10326', 'CityName': 'Saintes cedex', 'PostalZone': '17108', 'Country': 'FRA'};261700025;True;GROUPE HOSPITALIER SAINTES-SAINT-JEAN-D'ANGELY;GH Saintes - SJY - Ets support GHT;2025-07-26;2026-04-20+02:00;services;"['1) Prix sur la base du montant total en € HT complété dans le  BPU faisant office de DQE - valorisation de l’offre moins  disante par application d’une formule mathématique', '2) Valeur technique sur la base des éléments du Mémoire  Technique 2-1) solutions techniques proposées de collecte ; 2-2) solutions techniques proposées de stockage interne', '3) Mémoire environnemental précisant les solutions de  collectes externes (mode et périodicité) et aux méthodes de  traitement (valorisation matière, énergétique...)']";['prix', 'technique', 'environnemental'];[50.0, 25.0, 25.0];1460.0;True;;False;"{'StreetName': ""GROUPE HOSPITALIER SAINTES - SAINT-JEAN-D'ANGELY"", 'CityName': 'SAINTES', 'PostalZone': '17100', 'NUTS': 'FRI32', 'Country': 'FRA'}";sans remise en concurrence;;26-85374;25-85091;22400.0;;LOT-0011;90523000;906880.0;15;3.0;;COLLECTE ET TRAITEMENT DES DECHETS;ouverte;;;;False;True;False;False;906880.0;7364.0;Établissement d'hospitalisation ;2 000  à  4 999;False;1983-03-01;86.10Z;2008;5710.0;SAS, société par actions simplifiée;250  à  499;False;<NA>;2008;E;38;38.2;38.22;38.22Z;2012-12-27;(46.321422, -0.458754);Niort;Deux-Sèvres;Nouvelle-Aquitaine;(49.875294, 2.271563);Amiens;Somme;Hauts-de-France;;;;;;;;
False;;76.0;True;True;False;attribue;{'StreetName': 'Cité numérique - 406 Boulevard Jean-Jacques Bosc ', 'AdditionalStreetName': 'Bat. 2B - CS 50045', 'CityName': 'BEGLES', 'PostalZone': '33323', 'Country': 'FRA'};848953873;True;KEENAT;KEENAT;2026-09-04;{'StreetName': '11 boulevard Ambroise Paré', 'AdditionalStreetName': 'BP10326', 'CityName': 'Saintes cedex', 'PostalZone': '17108', 'Country': 'FRA'};261700025;True;GROUPE HOSPITALIER SAINTES-SAINT-JEAN-D'ANGELY;GH Saintes - SJY - Ets support GHT;2025-07-26;2026-04-14+02:00;services;"['1) Prix sur la base du montant total en € HT complété dans le  BPU faisant office de DQE - valorisation de l’offre moins  disante par application d’une formule mathématique', '2) Valeur technique sur la base des éléments du Mémoire  Technique 2-1) solutions techniques proposées de collecte ; 2-252) solutions techniques proposées de stockage interne', '3) Mémoire environnemental précisant les solutions de  collectes externes (mode et périodicité) et aux méthodes de  traitement (valorisation matière, énergétique...)']";['prix', 'technique', 'environnemental'];[50.0, 25.0, 25.0];1460.0;True;;False;"{'StreetName': ""GROUPE HOSPITALIER SAINTES - SAINT-JEAN-D'ANGELY"", 'CityName': 'SAINTES', 'PostalZone': '17100', 'NUTS': 'FRI32', 'Country': 'FRA'}";sans remise en concurrence;;26-85374;25-85091;89600.0;;LOT-0012;90511000;906880.0;15;3.0;;COLLECTE ET TRAITEMENT DES DECHETS;ouverte;;;;False;True;False;False;906880.0;7364.0;Établissement d'hospitalisation ;2 000  à  4 999;False;1983-03-01;86.10Z;2008;5710.0;SAS, société par actions simplifiée;20  à  49;False;<NA>;2008;E;38;38.1;38.11;38.11Z;2019-03-07;(44.813638, -0.554697);Bègles;Gironde;Nouvelle-Aquitaine;(49.875294, 2.271563);Amiens;Somme;Hauts-de-France;;;;;;;;
False;;76.0;True;True;False;attribue;{'StreetName': '15 RUE HUBERT PENNEVERT ', 'AdditionalStreetName': 'ZI DU CANAL DES SOEURS EST', 'CityName': 'ROCHEFORT', 'PostalZone': '17300', 'Country': 'FRA'};701980203;True;SUEZ RV SUD OUEST;SUEZ RV SUD OUEST;2026-09-04;{'StreetName': '11 boulevard Ambroise Paré', 'AdditionalStreetName': 'BP10326', 'CityName': 'Saintes cedex', 'PostalZone': '17108', 'Country': 'FRA'};261700025;True;GROUPE HOSPITALIER SAINTES-SAINT-JEAN-D'ANGELY;GH Saintes - SJY - Ets support GHT;2025-07-26;2026-03-30+02:00;services;"['1) Prix sur la base du montant total en € HT complété dans le  BPU faisant office de DQE - valorisation de l’offre moins  disante par application d’une formule mathématique', '2) Valeur technique sur la base des éléments du Mémoire  Technique 2-1) solutions techniques proposées de collecte ; 2-2) solutions techniques proposées de stockage interne', '3) Mémoire environnemental précisant les solutions de  collectes externes (mode et périodicité) et aux méthodes de  traitement (valorisation matière, énergétique...)']";['prix', 'technique', 'environnemental'];[50.0, 25.0, 25.0];1460.0;True;;False;"{'StreetName': ""GROUPE HOSPITALIER SAINTES - SAINT-JEAN-D'ANGELY"", 'CityName': 'SAINTES', 'PostalZone': '17100', 'NUTS': 'FRI32', 'Country': 'FRA'}";sans remise en concurrence;;26-85374;25-85091;243200.0;;LOT-0013;90511000;906880.0;15;5.0;;COLLECTE ET TRAITEMENT DES DECHETS;ouverte;;;;False;True;False;False;906880.0;7364.0;Établissement d'hospitalisation ;2 000  à  4 999;False;1983-03-01;86.10Z;2008;5710.0;SAS, société par actions simplifiée;500  à  999;False;<NA>;2008;E;38;38.1;38.11;38.11Z;1970-01-01;(45.958896, -0.949347);Rochefort;Charente-Maritime;Nouvelle-Aquitaine;(49.875294, 2.271563);Amiens;Somme;Hauts-de-France;;;;;;;;
False;;76.0;True;True;False;attribue;{'StreetName': '15 RUE HUBERT PENNEVERT ', 'AdditionalStreetName': 'ZI DU CANAL DES SOEURS EST', 'CityName': 'ROCHEFORT', 'PostalZone': '17300', 'Country': 'FRA'};701980203;True;SUEZ RV SUD OUEST;SUEZ RV SUD OUEST;2026-09-04;{'StreetName': '11 boulevard Ambroise Paré', 'AdditionalStreetName': 'BP10326', 'CityName': 'Saintes cedex', 'PostalZone': '17108', 'Country': 'FRA'};261700025;True;GROUPE HOSPITALIER SAINTES-SAINT-JEAN-D'ANGELY;GH Saintes - SJY - Ets support GHT;2025-07-26;2026-03-30+02:00;services;"['1) Prix sur la base du montant total en € HT complété dans le  BPU faisant office de DQE - valorisation de l’offre moins  disante par application d’une formule mathématique', '2) Valeur technique sur la base des éléments du Mémoire  Technique 2-1) solutions techniques proposées de collecte ; 2-2) solutions techniques proposées de stockage interne', '3) Mémoire environnemental précisant les solutions de  collectes externes (mode et périodicité) et aux méthodes de  traitement (valorisation matière, énergétique...)']";['prix', 'technique', 'environnemental'];[50.0, 25.0, 25.0];1460.0;True;;False;"{'StreetName': ""GROUPE HOSPITALIER SAINTES - SAINT-JEAN-D'ANGELY"", 'CityName': 'SAINTES', 'PostalZone': '17100', 'NUTS': 'FRI32', 'Country': 'FRA'}";sans remise en concurrence;;26-85374;25-85091;32000.0;;LOT-0014;90524100;906880.0;15;1.0;;COLLECTE ET TRAITEMENT DES DECHETS;ouverte;;;;False;True;False;False;906880.0;7364.0;Établissement d'hospitalisation ;2 000  à  4 999;False;1983-03-01;86.10Z;2008;5710.0;SAS, société par actions simplifiée;500  à  999;False;<NA>;2008;E;38;38.1;38.11;38.11Z;1970-01-01;(45.958896, -0.949347);Rochefort;Charente-Maritime;Nouvelle-Aquitaine;(49.875294, 2.271563);Amiens;Somme;Hauts-de-France;;;;;;;;
False;;76.0;True;True;False;non attribue;;;False;;;2026-09-04;{'StreetName': '11 boulevard Ambroise Paré', 'AdditionalStreetName': 'BP10326', 'CityName': 'Saintes cedex', 'PostalZone': '17108', 'Country': 'FRA'};261700025;True;GROUPE HOSPITALIER SAINTES-SAINT-JEAN-D'ANGELY;GH Saintes - SJY - Ets support GHT;2025-07-26;;services;"['1) Prix sur la base du montant total en € HT complété dans le  BPU faisant office de DQE - valorisation de l’offre moins  disante par application d’une formule mathématique', '2) Valeur technique sur la base des éléments du Mémoire  Technique 2-1) solutions techniques proposées de collecte ; 2-2) solutions techniques proposées de stockage interne', '3) Mémoire environnemental précisant les solutions de  collectes externes (mode et périodicité) et aux méthodes de  traitement (valorisation matière, énergétique...)']";['prix', 'technique', 'environnemental'];[50.0, 25.0, 25.0];1460.0;True;;False;;sans remise en concurrence;;26-85374;25-85091;;;LOT-0015;90524100;906880.0;15;0.0;;COLLECTE ET TRAITEMENT DES DECHETS;ouverte;;;;False;True;False;False;906880.0;7364.0;Établissement d'hospitalisation ;2 000  à  4 999;False;1983-03-01;86.10Z;2008;;;;;;<NA>;;;;;<NA>;<NA>;;;;;(49.875294, 2.271563);Amiens;Somme;Hauts-de-France;;;;;;;;
False;;;True;True;False;attribue;;;False;;;2026-09-04;{'StreetName': 'Rue de Périgny', 'AdditionalStreetName': None, 'CityName': 'La Rochelle', 'PostalZone': '17078', 'Country': 'FRA'};191712389;True;LYCEE PROFESSIONNEL ROMPSAY;Lycée professionnel de Rompsay;;;services;"[""Le critère prix est pondéré à hauteur de 40 points. Le mieux disant obtient 40 points. Les autres candidats voient leur offre classée à partir de l'écart de prix entre leur offre et la meilleure offre à partir d'un calcul de proportionnalité."", ""- les critères techniques pour 30 points prenant en compte notamment les références et l'expérience des équipes, la méthodologie d'intervention et les moyens mis en œuvre ainsi que le respect de la réglementation.  - Deuxième ligne de critères le service après-vente pour 10 points en analysant les garanties proposées. - Troisième critère qualitatif, les moyens humains pour 20 points en comparant le nombre de personnels affecté à la réalisation du marché et la qualité des personnels à travers leur parcours de formation.""]";['prix', 'social'];;360.0;False;;False;{'StreetName': None, 'CityName': None, 'PostalZone': None, 'NUTS': 'FRI32', 'Country': 'FRA'};;;26-85564;;132336.0;;LOT-0001;90513500;;4;4.0;;Groupement d'achats pour la maintenance et l'entretien des équipements de cuisine générant du froid, des réseaux aérauliques des hottes decuisine, des bacs à graisse et de la dératisation et désinsect;ouverte;A01LyceeprofessionnedeRompsay26;3.0;;;False;False;False;652696.0;7331.0;Établissement public local d'enseignement ;50  à  99;False;1970-02-09;85.32Z;2008;;;;;;<NA>;;;;;<NA>;<NA>;;;;;(46.158686, -1.135223);La Rochelle;Charente-Maritime;Nouvelle-Aquitaine;;;;;;;;
False;;;True;True;False;attribue;{'StreetName': None, 'AdditionalStreetName': None, 'CityName': '17380', 'PostalZone': '17420', 'Country': 'FRA'};913014726;True;MARION HSO;MARION HSO;2026-09-04;{'StreetName': 'Rue de Périgny', 'AdditionalStreetName': None, 'CityName': 'La Rochelle', 'PostalZone': '17078', 'Country': 'FRA'};191712389;True;LYCEE PROFESSIONNEL ROMPSAY;Lycée professionnel de Rompsay;;;services;"[""Le critère prix est pondéré à hauteur de 40 points. Le mieux disant obtient 40 points. Les autres candidats voient leur offre classée à partir de l'écart de prix entre leur offre et la meilleure offre à partir d'un calcul de proportionnalité."", ""Le critère qualité est analysé à travers :  - les critères techniques pour 35 points prenant en compte notamment les références et l'expérience des équipes, la méthodologie d'intervention, les produits utilisés et le plan d'intervention proposé.  - Deuxième ligne de critères les critères organisationnels et logistiques comprenant pour 25 points  avec comparaison des délais d'intervention, des moyens humains et matériels affectés à la réalisation du marché, et des outils  d'information et de reporting.""]";['prix', 'social'];;360.0;False;;False;{'StreetName': None, 'CityName': None, 'PostalZone': None, 'NUTS': 'FRI32', 'Country': 'FRA'};;;26-85564;;32920.0;;LOT-0002;90923000;;4;4.0;;Groupement d'achats pour la maintenance et l'entretien des équipements de cuisine générant du froid, des réseaux aérauliques des hottes decuisine, des bacs à graisse et de la dératisation et désinsect;ouverte;A01LyceeprofessionnedeRompsay26;3.0;;;False;False;False;652696.0;7331.0;Établissement public local d'enseignement ;50  à  99;False;1970-02-09;85.32Z;2008;5499.0;Société à responsabilité limitée (sans autre indication);6  à  9;False;<NA>;2008;N;81;81.2;81.29;81.29A;2022-04-29;;Tonnay-Boutonne;Charente-Maritime;Nouvelle-Aquitaine;(46.158686, -1.135223);La Rochelle;Charente-Maritime;Nouvelle-Aquitaine;;;;;;;;
False;;;True;True;False;attribue;{'StreetName': None, 'AdditionalStreetName': None, 'CityName': '17336', 'PostalZone': '17810', 'Country': 'FRA'};387631617;True;ETABLISSEMENTS CHASSERIEAU;ETABLISSEMENTS CHASSERIEAU;2026-09-04;{'StreetName': 'Rue de Périgny', 'AdditionalStreetName': None, 'CityName': 'La Rochelle', 'PostalZone': '17078', 'Country': 'FRA'};191712389;True;LYCEE PROFESSIONNEL ROMPSAY;Lycée professionnel de Rompsay;;;services;"[""Le critère prix est pondéré à hauteur de 40 points. Le mieux disant obtient 40 points. Les autres candidats voient leur offre classée à partir de l'écart de prix entre leur offre et la meilleure offre à partir d'un calcul de proportionnalité."", ""Les critères techniques pour 40 points prenant en compte notamment les références et l'expérience des équipes, la méthodologie d'intervention et les moyens mis en œuvre ainsi que les certifications des candidats.  - Deuxième ligne de critères les critères environnementaux et sociaux pour 10 points. - Troisième ligne critères, le service après-vente pour 10 points portant sur la réactivité, les modalités de communication et de suivi des interventions""]";['prix', 'environnemental & social'];;360.0;False;;False;{'StreetName': None, 'CityName': None, 'PostalZone': None, 'NUTS': 'FRI32', 'Country': 'FRA'};;;26-85564;;223664.0;;LOT-0003;50730000;;4;3.0;;Groupement d'achats pour la maintenance et l'entretien des équipements de cuisine générant du froid, des réseaux aérauliques des hottes decuisine, des bacs à graisse et de la dératisation et désinsect;ouverte;A01LyceeprofessionnedeRompsay26;3.0;;;False;False;False;652696.0;7331.0;Établissement public local d'enseignement ;50  à  99;False;1970-02-09;85.32Z;2008;5710.0;SAS, société par actions simplifiée;50  à  99;False;<NA>;2008;C;33;33.2;33.2;33.20B;1992-01-01;;;;;(46.158686, -1.135223);La Rochelle;Charente-Maritime;Nouvelle-Aquitaine;;;;;;;;
False;;;True;True;False;attribue;{'StreetName': None, 'AdditionalStreetName': None, 'CityName': '78005', 'PostalZone': '78260', 'Country': 'FRA'};449977131;True;IGIENAIR;IGIENAIR;2026-09-04;{'StreetName': 'Rue de Périgny', 'AdditionalStreetName': None, 'CityName': 'La Rochelle', 'PostalZone': '17078', 'Country': 'FRA'};191712389;True;LYCEE PROFESSIONNEL ROMPSAY;Lycée professionnel de Rompsay;;;services;"[""Le critère prix est pondéré à hauteur de 40 points. Le mieux disant obtient 40 points. Les autres candidats voient leur offre classée à partir de l'écart de prix entre leur offre et la meilleure offre à partir d'un calcul de proportionnalité."", ""Les critères techniques pour 40 points prenant en compte notamment les références et l'expérience des équipes, la méthodologie d'intervention, les certifications et les conditions de mise en sécurité des intervenants.  - Deuxième ligne de critères les critères environnementaux et sociaux pour 10 points, à travers l'analyse de la gestion des déchets et les mesures mises en oeuvre pour l'insertion professionnelle. - Troisième ligne critères, le service après-vente pour 10 points portant sur la réactivité et les garanties proposées en service après-vente.""]";['prix', 'environnemental & social'];;360.0;False;;False;{'StreetName': None, 'CityName': None, 'PostalZone': None, 'NUTS': 'FRI32', 'Country': 'FRA'};;;26-85564;;131440.0;;LOT-0004;90910000;;4;4.0;;Groupement d'achats pour la maintenance et l'entretien des équipements de cuisine générant du froid, des réseaux aérauliques des hottes decuisine, des bacs à graisse et de la dératisation et désinsect;ouverte;A01LyceeprofessionnedeRompsay26;3.0;;;False;False;False;652696.0;7331.0;Établissement public local d'enseignement ;50  à  99;False;1970-02-09;85.32Z;2008;5710.0;SAS, société par actions simplifiée;250  à  499;False;<NA>;2008;N;81;81.2;81.22;81.22Z;2003-08-01;;;;;(46.158686, -1.135223);La Rochelle;Charente-Maritime;Nouvelle-Aquitaine;;;;;;;;
False;['90911000', '90911200'];36.0;True;True;False;attribue;{'StreetName': 'Avenue Des Resistants', 'AdditionalStreetName': None, 'CityName': 'Dives-Sur-Mer', 'PostalZone': '14160', 'Country': 'FRA'};383154481;False;NORMANET;NORMANET;2026-09-04;"{'StreetName': ""1504 Route De L'Eglise"", 'AdditionalStreetName': None, 'CityName': 'Goustranville', 'PostalZone': '14430', 'Country': 'FRA'}";200025344;False;NORMANDIE EQUINE VALLEE;NORMANDIE EQUINE VALLEE;2024-12-15;;services;"[""Valeur technique de l'offre"", 'Prix']";['technique', 'prix'];[60.0, 40.0];;False;;False;;;;26-85496;24-140490;67822.96;;LOT-0001;90900000;;2;10.0;;Prestations de nettoyage des locaux de Normandie Equine Vallée à Goustranville;ouverte;2026M/01;3.0;False;False;False;False;False;83108.68;7355.0;Syndicat mixte ouvert;3  à  5;False;2010-05-25;01.62Z;2008;5710.0;SAS, société par actions simplifiée;20  à  49;False;<NA>;2008;N;81;81.2;81.21;81.21Z;1991-09-20;(49.282368, -0.099588);Dives-sur-Mer;Calvados;Normandie;(49.218637, -0.099001);Goustranville;Calvados;Normandie;;;;;;;;
False;['90522400', '90911200'];36.0;True;True;False;attribue;{'StreetName': 'Avenue Des Resistants', 'AdditionalStreetName': None, 'CityName': 'Dives-Sur-Mer', 'PostalZone': '14160', 'Country': 'FRA'};383154481;False;NORMANET;NORMANET;2026-09-04;"{'StreetName': ""1504 Route De L'Eglise"", 'AdditionalStreetName': None, 'CityName': 'Goustranville', 'PostalZone': '14430', 'Country': 'FRA'}";200025344;False;NORMANDIE EQUINE VALLEE;NORMANDIE EQUINE VALLEE;2024-12-15;;services;"[""Valeur technique de l'offre"", 'Prix']";['technique', 'prix'];[60.0, 40.0];;False;;False;;;;26-85496;24-140490;15285.72;;LOT-0002;90900000;;2;10.0;;Prestations de nettoyage des locaux de Normandie Equine Vallée à Goustranville;ouverte;2026M/01;3.0;False;False;False;False;False;83108.68;7355.0;Syndicat mixte ouvert;3  à  5;False;2010-05-25;01.62Z;2008;5710.0;SAS, société par actions simplifiée;20  à  49;False;<NA>;2008;N;81;81.2;81.21;81.21Z;1991-09-20;(49.282368, -0.099588);Dives-sur-Mer;Calvados;Normandie;(49.218637, -0.099001);Goustranville;Calvados;Normandie;;;;;;;;
False;;;True;True;False;attribue;{'StreetName': None, 'AdditionalStreetName': None, 'CityName': 'PARIS', 'PostalZone': '75738', 'Country': 'FRA'};775684764;True;SOCIETE MUTUELLE D'ASSURANCE DU BATIMENT ET DES TRAVAUX PUBLICS;SMABTP;2026-09-04;{'StreetName': None, 'AdditionalStreetName': None, 'CityName': 'CAEN', 'PostalZone': '14032', 'Country': 'FRA'};191414085;True;UNIVERSITE DE CAEN NORMANDIE;UNIVERSITE DE CAEN NORMANDIE;;;services;['10'];['prix'];[100];;False;;False;{'StreetName': None, 'CityName': None, 'PostalZone': None, 'NUTS': 'FRD11', 'Country': 'FRA'};;;26-85627;;39926.08;;LOT-0001;66513200;;2;3.0;;ASSURANCES POUR L'OPERATION DE CONSTRUCTION CYCERON;ouverte;2025950MAPS013;;;;False;False;False;39926.08;7383.0;Établissement public national à caractère scientifique culturel et professionnel ;2 000  à  4 999;False;1971-06-10;85.42Z;2008;6411.0;Société d'assurance à forme mutuelle;2 000  à  4 999;True;<NA>;2008;K;65;65.1;65.12;65.12Z;1974-01-01;;Paris;Paris;Île-de-France;;Caen;Calvados;Normandie;;;;;;;;
False;;;True;True;False;attribue;{'StreetName': None, 'AdditionalStreetName': None, 'CityName': 'PARIS', 'PostalZone': '75738', 'Country': 'FRA'};775684764;True;SOCIETE MUTUELLE D'ASSURANCE DU BATIMENT ET DES TRAVAUX PUBLICS;SMABTP;2026-09-04;{'StreetName': None, 'AdditionalStreetName': None, 'CityName': 'CAEN', 'PostalZone': '14032', 'Country': 'FRA'};191414085;True;UNIVERSITE DE CAEN NORMANDIE;UNIVERSITE DE CAEN NORMANDIE;;;services;['10'];['prix'];[100];;False;;False;{'StreetName': None, 'CityName': None, 'PostalZone': None, 'NUTS': 'FRD11', 'Country': 'FRA'};;;26-85627;;78863.18;;LOT-0002;66515000;;2;3.0;;ASSURANCES POUR L'OPERATION DE CONSTRUCTION CYCERON;ouverte;2025950MAPS013;;;;False;False;False;39926.08;7383.0;Établissement public national à caractère scientifique culturel et professionnel ;2 000  à  4 999;False;1971-06-10;85.42Z;2008;6411.0;Société d'assurance à forme mutuelle;2 000  à  4 999;True;<NA>;2008;K;65;65.1;65.12;65.12Z;1974-01-01;;Paris;Paris;Île-de-France;;Caen;Calvados;Normandie;;;;;;;;
False;['77310000'];;True;True;False;attribue;{'StreetName': '1 Grande Rue Salines', 'AdditionalStreetName': None, 'CityName': 'Martin-Eglise', 'PostalZone': '76370', 'Country': 'FRA'};780987905;False;APEI SEINE & MER;Les Ateliers D'Etran;2026-09-04;{'StreetName': 'Place Reine Mathilde', 'AdditionalStreetName': None, 'CityName': 'Caen', 'PostalZone': '14035', 'Country': 'FRA'};130031503;False;CHAMBRE D'AGRICULTURE DE REGION NORMANDIE;REGION NORMANDIE;;;services;"[""Mode opératoire pour l'organisation des chantiers"", 'Moyens matériels dédiés à la réalisation des prestations', 'Moyens humains dédiés à la réalisation des prestations', 'Prix des prestations au regard du montant figurant au détail quantitatif estimatif']";['technique', 'qualite', 'social', 'prix'];[20.0, 15.0, 10.0, 55.0];;False;5833333.0;False;;sans remise en concurrence;;26-85536;;940000.0;;LOT-0001;77310000;5833333.0;8;1.0;;Entretien des espaces verts des lycées dans les départements 27-76 de la Région Normandie;ouverte;2026-FCS-DLN-0013;3.0;;;False;False;False;;7381.0;Organisme consulaire ;;False;2024-01-01;94.11Z;2008;9220.0;Association déclarée ;500  à  999;True;<NA>;2008;Q;87;87.1;87.1;87.10C;1966-06-22;(49.908046, 1.109966);Martin-Église;Seine-Maritime;Normandie;(49.186264, -0.35381);Caen;Calvados;Normandie;;;;;;;;
False;['77310000'];;True;True;False;attribue;{'StreetName': '78 Rue Robert Ancel', 'AdditionalStreetName': None, 'CityName': 'Harfleur', 'PostalZone': '76700', 'Country': 'FRA'};423359587;False;AMENAGEMENT JARDIN ENVIRONNEMENT PAYSAGES;AMENAGEMENT JARDIN ENVIRONNEMENT PAYSAGES;2026-09-04;{'StreetName': 'Place Reine Mathilde', 'AdditionalStreetName': None, 'CityName': 'Caen', 'PostalZone': '14035', 'Country': 'FRA'};130031503;False;CHAMBRE D'AGRICULTURE DE REGION NORMANDIE;REGION NORMANDIE;;;services;"[""Mode opératoire pour l'organisation des chantiers"", 'Moyens matériels dédiés à la réalisation des prestations', 'Moyens humains dédiés à la réalisation des prestations', 'Prix des prestations au regard du montant figurant au détail quantitatif estimatif']";['technique', 'qualite', 'social', 'prix'];[20.0, 15.0, 10.0, 55.0];;False;5833333.0;False;;sans remise en concurrence;;26-85536;;1060000.0;;LOT-0002;77310000;5833333.0;8;1.0;;Entretien des espaces verts des lycées dans les départements 27-76 de la Région Normandie;ouverte;2026-FCS-DLN-0013;3.0;;;False;False;False;;7381.0;Organisme consulaire ;;False;2024-01-01;94.11Z;2008;5710.0;SAS, société par actions simplifiée;10  à  19;False;<NA>;2008;N;81;81.3;81.3;81.30Z;1999-06-17;(49.519177, 0.205657);Harfleur;Seine-Maritime;Normandie;(49.186264, -0.35381);Caen;Calvados;Normandie;;;;;;;;
False;['77310000'];;True;True;False;attribue;{'StreetName': '1 Rte De La Foret', 'AdditionalStreetName': None, 'CityName': 'Le Caule-Sainte-Beuve', 'PostalZone': '76390', 'Country': 'FRA'};431231984;False;APTHITUDE ENTREPRISE ADAPTEE;APTHITUDE ENTREPRISE ADAPTÉE;2026-09-04;{'StreetName': 'Place Reine Mathilde', 'AdditionalStreetName': None, 'CityName': 'Caen', 'PostalZone': '14035', 'Country': 'FRA'};130031503;False;CHAMBRE D'AGRICULTURE DE REGION NORMANDIE;REGION NORMANDIE;;;services;"[""Mode opératoire pour l'organisation des chantiers"", 'Moyens matériels dédiés à la réalisation des prestations', 'Moyens humains dédiés à la réalisation des prestations', 'Prix des prestations au regard du montant figurant au détail quantitatif estimatif']";['technique', 'qualite', 'social', 'prix'];[20.0, 15.0, 10.0, 55.0];;False;5833333.0;False;;sans remise en concurrence;;26-85536;;144000.0;;LOT-0003;77310000;5833333.0;8;1.0;;Entretien des espaces verts des lycées dans les départements 27-76 de la Région Normandie;ouverte;2026-FCS-DLN-0013;3.0;;;False;False;False;;7381.0;Organisme consulaire ;;False;2024-01-01;94.11Z;2008;5499.0;Société à responsabilité limitée (sans autre indication);20  à  49;<NA>;<NA>;2008;Q;88;88.1;88.1;88.10C;2000-04-17;(49.765126, 1.591898);Le Caule-Sainte-Beuve;Seine-Maritime;Normandie;(49.186264, -0.35381);Caen;Calvados;Normandie;;;;;;;;
False;['77310000'];;True;True;False;attribue;{'StreetName': '14 Rue Du Canal', 'AdditionalStreetName': None, 'CityName': 'Canteleu', 'PostalZone': '76380', 'Country': 'FRA'};;False;;ASS ROUENNAISE READAP ENFANCE DEFICIENTE;2026-09-04;{'StreetName': 'Place Reine Mathilde', 'AdditionalStreetName': None, 'CityName': 'Caen', 'PostalZone': '14035', 'Country': 'FRA'};130031503;False;CHAMBRE D'AGRICULTURE DE REGION NORMANDIE;REGION NORMANDIE;;;services;"[""Mode opératoire pour l'organisation des chantiers"", 'Moyens matériels dédiés à la réalisation des prestations', 'Moyens humains dédiés à la réalisation des prestations', 'Prix des prestations au regard du montant figurant au détail quantitatif estimatif']";['technique', 'qualite', 'social', 'prix'];[20.0, 15.0, 10.0, 55.0];;False;5833333.0;False;;sans remise en concurrence;;26-85536;;600000.0;;LOT-0004;77310000;5833333.0;8;2.0;;Entretien des espaces verts des lycées dans les départements 27-76 de la Région Normandie;ouverte;2026-FCS-DLN-0013;3.0;;;False;False;False;;7381.0;Organisme consulaire ;;False;2024-01-01;94.11Z;2008;;;;;;<NA>;;;;;<NA>;<NA>;(49.454286, 1.045075);Canteleu;Seine-Maritime;Normandie;(49.186264, -0.35381);Caen;Calvados;Normandie;;;;;;;;
False;['77310000'];;True;True;False;attribue;{'StreetName': '14 Rue Du Canal', 'AdditionalStreetName': None, 'CityName': 'Canteleu', 'PostalZone': '76380', 'Country': 'FRA'};922699921;False;SAS EAPB 76;ASS ATELIE PROTEG PAPIL BLANC AGGL ROUEN;2026-09-04;{'StreetName': 'Place Reine Mathilde', 'AdditionalStreetName': None, 'CityName': 'Caen', 'PostalZone': '14035', 'Country': 'FRA'};130031503;False;CHAMBRE D'AGRICULTURE DE REGION NORMANDIE;REGION NORMANDIE;;;services;"[""Mode opératoire pour l'organisation des chantiers"", 'Moyens matériels dédiés à la réalisation des prestations', 'Moyens humains dédiés à la réalisation des prestations', 'Prix des prestations au regard du montant figurant au détail quantitatif estimatif']";['technique', 'qualite', 'social', 'prix'];[20.0, 15.0, 10.0, 55.0];;False;5833333.0;False;;sans remise en concurrence;;26-85536;;940000.0;;LOT-0005;77310000;5833333.0;8;5.0;;Entretien des espaces verts des lycées dans les départements 27-76 de la Région Normandie;ouverte;2026-FCS-DLN-0013;3.0;;;False;False;False;;7381.0;Organisme consulaire ;;False;2024-01-01;94.11Z;2008;5710.0;SAS, société par actions simplifiée;50  à  99;False;<NA>;2008;Q;88;88.1;88.1;88.10C;2022-12-16;(49.454286, 1.045075);Canteleu;Seine-Maritime;Normandie;(49.186264, -0.35381);Caen;Calvados;Normandie;;;;;;;;
False;['77310000'];;True;True;False;attribue;{'StreetName': '425 Rue Jean Monnet', 'AdditionalStreetName': None, 'CityName': 'Evreux', 'PostalZone': '27000', 'Country': 'FRA'};829418292;False;ASS DEP PARENTS ET AMIS DES PERSONNES HANDICAPEES MENTALES 27;ASS DEP PARENTS ET AMIS DES PERSONNES HANDICAPEES MENTALES 27;2026-09-04;{'StreetName': 'Place Reine Mathilde', 'AdditionalStreetName': None, 'CityName': 'Caen', 'PostalZone': '14035', 'Country': 'FRA'};130031503;False;CHAMBRE D'AGRICULTURE DE REGION NORMANDIE;REGION NORMANDIE;;;services;"[""Mode opératoire pour l'organisation des chantiers"", 'Moyens matériels dédiés à la réalisation des prestations', 'Moyens humains dédiés à la réalisation des prestations', 'Prix des prestations au regard du montant figurant au détail quantitatif estimatif']";['technique', 'qualite', 'social', 'prix'];[20.0, 15.0, 10.0, 55.0];;False;5833333.0;False;;sans remise en concurrence;;26-85536;;740000.0;;LOT-0006;77310000;5833333.0;8;2.0;;Entretien des espaces verts des lycées dans les départements 27-76 de la Région Normandie;ouverte;2026-FCS-DLN-0013;3.0;;;False;False;False;;7381.0;Organisme consulaire ;;False;2024-01-01;94.11Z;2008;9220.0;Association déclarée ;1 000  à  1 999;True;<NA>;2008;Q;88;88.9;88.99;88.99B;2017-05-01;(49.032309, 1.183303);Évreux;Eure;Normandie;(49.186264, -0.35381);Caen;Calvados;Normandie;;;;;;;;
False;['77310000'];;True;True;False;attribue;{'StreetName': 'Route De Paix', 'AdditionalStreetName': None, 'CityName': 'Les Andelys', 'PostalZone': '27700', 'Country': 'FRA'};829418292;False;ASS DEP PARENTS ET AMIS DES PERSONNES HANDICAPEES MENTALES 27;ASS DEP PARENTS ET AMIS DES PERSONNES HANDICAPEES MENTALES 27;2026-09-04;{'StreetName': 'Place Reine Mathilde', 'AdditionalStreetName': None, 'CityName': 'Caen', 'PostalZone': '14035', 'Country': 'FRA'};130031503;False;CHAMBRE D'AGRICULTURE DE REGION NORMANDIE;REGION NORMANDIE;;;services;"[""Mode opératoire pour l'organisation des chantiers"", 'Moyens matériels dédiés à la réalisation des prestations', 'Moyens humains dédiés à la réalisation des prestations', 'Prix des prestations au regard du montant figurant au détail quantitatif estimatif']";['technique', 'qualite', 'social', 'prix'];[20.0, 15.0, 10.0, 55.0];;False;5833333.0;False;;sans remise en concurrence;;26-85536;;732000.0;;LOT-0007;77310000;5833333.0;8;2.0;;Entretien des espaces verts des lycées dans les départements 27-76 de la Région Normandie;ouverte;2026-FCS-DLN-0013;3.0;;;False;False;False;;7381.0;Organisme consulaire ;;False;2024-01-01;94.11Z;2008;9220.0;Association déclarée ;1 000  à  1 999;True;<NA>;2008;Q;88;88.9;88.99;88.99B;2017-05-01;(49.259983, 1.42025);Les Andelys;Eure;Normandie;(49.186264, -0.35381);Caen;Calvados;Normandie;;;;;;;;
False;['77310000'];;True;True;False;attribue;"{'StreetName': 'Rte De Breteuil', 'AdditionalStreetName': None, 'CityName': ""Verneuil D''Avre Et D''Iton"", 'PostalZone': '27130', 'Country': 'FRA'}";784579682;False;FEDERATION APAJH;FEDERATION APAJH;2026-09-04;{'StreetName': 'Place Reine Mathilde', 'AdditionalStreetName': None, 'CityName': 'Caen', 'PostalZone': '14035', 'Country': 'FRA'};130031503;False;CHAMBRE D'AGRICULTURE DE REGION NORMANDIE;REGION NORMANDIE;;;services;"[""Mode opératoire pour l'organisation des chantiers"", 'Moyens matériels dédiés à la réalisation des prestations', 'Moyens humains dédiés à la réalisation des prestations', 'Prix des prestations au regard du montant figurant au détail quantitatif estimatif']";['technique', 'qualite', 'social', 'prix'];[20.0, 15.0, 10.0, 55.0];;False;5833333.0;False;;sans remise en concurrence;;26-85536;;677333.32;;LOT-0008;77310000;5833333.0;8;2.0;;Entretien des espaces verts des lycées dans les départements 27-76 de la Région Normandie;ouverte;2026-FCS-DLN-0013;3.0;;;False;False;False;;7381.0;Organisme consulaire ;;False;2024-01-01;94.11Z;2008;9230.0;Association déclarée, reconnue d'utilité publique;5 000  à  9 999;True;<NA>;2008;Q;88;88.1;88.1;88.10C;1983-12-20;(48.742574, 0.925714);Verneuil d'Avre et d'Iton;Eure;Normandie;(49.186264, -0.35381);Caen;Calvados;Normandie;;;;;;;;
False;['90919300'];;True;True;False;attribue;{'StreetName': None, 'AdditionalStreetName': None, 'CityName': 'Marseille', 'PostalZone': '13014', 'Country': 'FRA'};412479347;True;HEXA NET;SASU HEXA NET;2026-09-04;{'StreetName': '8', 'AdditionalStreetName': None, 'CityName': 'Valréas', 'PostalZone': '84600', 'Country': 'FRA'};218401388;True;COMMUNE DE VALREAS;Mairie de Valréas;;;services;"['Le prix des prestations jugé sur la base du montant forfaitaire jugé à 30%', ""La valeur technique, jugée selon :\r\nSous-critère 1 : La qualité du nettoyage appréciée au regard du nombre d'heures de\r\nnettoyage indiqué au DPGF, pondéré le cas échéant par les différences manifestes de\r\nproductivité et/ou de qualité offertes par les méthodes et techniques figurant au Mémoire\r\nTechnique (30%)\r\nSous-critère 2 : La pertinence de la méthodologie et des techniques de nettoyage mises en\r\nplace au regard des cas pratiques décrits dans le Cadre de Réponse Technique (20 %).\r\nSous-Critère n°3 : La qualité de l'organisation du travail, des moyens humains et techniques,\r\ndécrits au Mémoire Technique (20%).""]";['prix', 'social'];;365.0;False;680000.0;False;{'StreetName': None, 'CityName': 'VALREAS', 'PostalZone': '84600', 'NUTS': 'FRL06', 'Country': 'FRA'};;;26-85358;;84480.6;90000.0;LOT-0001;90919300;;4;4.0;;Nettoyage des bâtiments et des vitreries;ouverte;;3.0;;;False;False;False;160349.88;7210.0;Commune et commune nouvelle ;200  à  249;False;1983-03-01;84.11Z;2008;5710.0;SAS, société par actions simplifiée;1 000  à  1 999;False;<NA>;2008;N;81;81.2;81.21;81.21Z;1997-06-12;;Marseille;Bouches-du-Rhône;Provence-Alpes-Côte d'Azur;(44.371583, 4.986506);Valréas;Vaucluse;Provence-Alpes-Côte d'Azur;;;;;;;;
False;;;True;True;False;attribue;{'StreetName': None, 'AdditionalStreetName': None, 'CityName': 'Marseille', 'PostalZone': '13014', 'Country': 'FRA'};412479347;True;HEXA NET;SASU HEXA NET;2026-09-04;{'StreetName': '8', 'AdditionalStreetName': None, 'CityName': 'Valréas', 'PostalZone': '84600', 'Country': 'FRA'};218401388;True;COMMUNE DE VALREAS;Mairie de Valréas;;;services;"['Le prix des prestations jugé selon les montants forfaitaires jugé à 30%', ""Critère n°2- La valeur technique, jugée selon :\r\nSous-critère 1 : La qualité du nettoyage appréciée au regard du nombre d'heures de\r\nnettoyage indiqué au DPGF, pondéré le cas échéant par les différences manifestes de\r\nproductivité et/ou de qualité offertes par les méthodes et techniques figurant au Mémoire\r\nTechnique (30%)\r\nSous-critère 2 : La pertinence de la méthodologie et des techniques de nettoyage mises en\r\nplace au regard des cas pratiques décrits dans le Cadre de Réponse Technique (20 %).\r\nSous-Critère n°3 : La qualité de l'organisation du travail, des moyens humains et techniques,\r\ndécrits au Mémoire Technique (20%).""]";['prix', 'social'];;365.0;False;680000.0;False;{'StreetName': None, 'CityName': 'VALREAS', 'PostalZone': '84600', 'NUTS': 'FRL06', 'Country': 'FRA'};;;26-85358;;40486.8;40000.0;LOT-0002;90911200;;4;3.0;;Nettoyage des bâtiments et des vitreries;ouverte;;3.0;;;False;False;False;160349.88;7210.0;Commune et commune nouvelle ;200  à  249;False;1983-03-01;84.11Z;2008;5710.0;SAS, société par actions simplifiée;1 000  à  1 999;False;<NA>;2008;N;81;81.2;81.21;81.21Z;1997-06-12;;Marseille;Bouches-du-Rhône;Provence-Alpes-Côte d'Azur;(44.371583, 4.986506);Valréas;Vaucluse;Provence-Alpes-Côte d'Azur;;;;;;;;
False;;;True;True;False;attribue;{'StreetName': None, 'AdditionalStreetName': None, 'CityName': 'Valréas', 'PostalZone': '84600', 'Country': 'FRA'};879504892;True;2 S NETTOYAGE SERVICES;2 S Nettoyage Services;2026-09-04;{'StreetName': '8', 'AdditionalStreetName': None, 'CityName': 'Valréas', 'PostalZone': '84600', 'Country': 'FRA'};218401388;True;COMMUNE DE VALREAS;Mairie de Valréas;;;services;"['Le prix des prestations jugé selon les montants forfaitaires à 30%', ""Critère n°2- La valeur technique, jugée selon (70%) :\nSous-critère 1 : La qualité du nettoyage appréciée au regard du nombre d'heures de\nnettoyage indiqué au DPGF, pondéré le cas échéant par les différences manifestes de\nproductivité et/ou de qualité offertes par les méthodes et techniques figurant au Mémoire\nTechnique (30%)\nSous-critère 2 : La pertinence de la méthodologie et des techniques de nettoyage mises en\nplace au regard des cas pratiques décrits dans le Cadre de Réponse Technique (20 %).\nSous-Critère n°3 : La qualité de l'organisation du travail, des moyens humains et techniques,\ndécrits au Mémoire Technique (20%).""]";['prix', 'social'];[30.0, 70.0];365.0;False;680000.0;False;{'StreetName': None, 'CityName': 'VALREAS', 'PostalZone': '84600', 'NUTS': 'FRL06', 'Country': 'FRA'};;;26-85358;;26142.48;30000.0;LOT-0003;90911200;;4;3.0;;Nettoyage des bâtiments et des vitreries;ouverte;;3.0;;;False;False;False;160349.88;7210.0;Commune et commune nouvelle ;200  à  249;False;1983-03-01;84.11Z;2008;5499.0;Société à responsabilité limitée (sans autre indication);3  à  5;False;<NA>;2008;N;81;81.2;81.21;81.21Z;2019-11-15;;Valréas;Vaucluse;Provence-Alpes-Côte d'Azur;(44.371583, 4.986506);Valréas;Vaucluse;Provence-Alpes-Côte d'Azur;;;;;;;;
False;;;True;True;False;attribue;{'StreetName': None, 'AdditionalStreetName': None, 'CityName': 'Valence', 'PostalZone': '26000', 'Country': 'FRA'};067800425;True;ONET SERVICES;ONET SERVICES DROME ARDECHE;2026-09-04;{'StreetName': '8', 'AdditionalStreetName': None, 'CityName': 'Valréas', 'PostalZone': '84600', 'Country': 'FRA'};218401388;True;COMMUNE DE VALREAS;Mairie de Valréas;;;services;"['Le prix des prestations jugé selon les montants forfaitaires à 30%', ""Critère n°2- La valeur technique, jugée selon (70%) :\nSous-critère 1 : La qualité du nettoyage appréciée au regard du nombre d'heures de\nnettoyage indiqué au DPGF, pondéré le cas échéant par les différences manifestes de\nproductivité et/ou de qualité offertes par les méthodes et techniques figurant au Mémoire\nTechnique (30%)\nSous-critère 2 : La pertinence de la méthodologie et des techniques de nettoyage mises en\nplace au regard des cas pratiques décrits dans le Cadre de Réponse Technique (20 %).\nSous-Critère n°3 : La qualité de l'organisation du travail, des moyens humains et techniques,\ndécrits au Mémoire Technique (20%).""]";['prix', 'social'];[30.0, 70.0];365.0;False;680000.0;False;{'StreetName': None, 'CityName': 'VALREAS', 'PostalZone': '84600', 'NUTS': 'FRL06', 'Country': 'FRA'};;;26-85358;;9240.0;10000.0;LOT-0004;90911300;;4;1.0;;Nettoyage des bâtiments et des vitreries;ouverte;;3.0;;;False;False;False;160349.88;7210.0;Commune et commune nouvelle ;200  à  249;False;1983-03-01;84.11Z;2008;5710.0;SAS, société par actions simplifiée;10 000  et plus ;False;<NA>;2008;N;81;81.2;81.21;81.21Z;1967-01-01;;Valence;Drôme;Auvergne-Rhône-Alpes;(44.371583, 4.986506);Valréas;Vaucluse;Provence-Alpes-Côte d'Azur;;;;;;;;
False;;;True;False;False;attribue;{'StreetName': '7 avenue du 4 Septembre', 'AdditionalStreetName': None, 'CityName': 'OLORON STE MARIE', 'PostalZone': '64400', 'Country': 'FRA'};522397355;True;LES TRANSPORTEURS DU PIEMONT OLORONAIS;LES TRANSPORTEURS DU PIEMONT OLORONAIS;2026-09-04;{'StreetName': '12 place de Jaca', 'AdditionalStreetName': None, 'CityName': 'OLORON SAINTE-MARIE Cedex', 'PostalZone': '64402', 'Country': 'FRA'};200067262;True;CC DU HAUT BEARN;COMMUNAUTE DE COMMUNES DU HAUT-BEARN;;2027-01-04+01:00;services;['Prix', 'Valeur technique'];['prix', 'technique'];[60.0, 40.0];;False;1312822.0;False;{'StreetName': '12 place de Jaca', 'CityName': 'OLORON SAINTE-MARIE Cedex', 'PostalZone': '64402', 'NUTS': 'FR101', 'Country': 'FRA'};;;26-85566;;2934207.2;1312822.0;LOT-0001;60172000;;1;1.0;;SERVICE DE TRANSPORT PUBLIC DE VOYAGEURS;ouverte;PPP1N1-93/6062/2026-05;1.0;;;False;False;False;2934207.2;7346.0;Communauté de communes ;250  à  499;False;2017-01-01;84.11Z;2008;5710.0;SAS, société par actions simplifiée;50  à  99;False;<NA>;2008;H;49;49.3;49.39;49.39A;2010-03-01;(43.195527, -0.61003);Oloron-Sainte-Marie;Pyrénées-Atlantiques;Nouvelle-Aquitaine;(43.188374, -0.611168);Oloron-Sainte-Marie;Pyrénées-Atlantiques;Nouvelle-Aquitaine;;;;;;;;
False;['92521210'];;True;True;False;attribue;{'StreetName': '18 Rue Des Arts', 'AdditionalStreetName': None, 'CityName': 'Colombes', 'PostalZone': '92700', 'Country': 'FRA'};479182750;False;PEOPLE AND BABY;Atelier Séraphin;2026-09-04;"{'StreetName': 'Hôtel de Ville', 'AdditionalStreetName': ""Place de l'hôtel de Ville"", 'CityName': 'Chambéry', 'PostalZone': '73011', 'Country': 'FRA'}";217300656;False;COMMUNE DE CHAMBERY;Ville de Chambéry;;;services;['Valeur technique sur la base du mémoire technique', 'Performance environnementale, sur la base du mémoire technique', 'Prix des prestations, sur la base du détail quantitatif estimatif (Dqe)'];['technique', 'environnemental', 'prix'];[60.0, 10.0, 30.0];;True;920000.0;False;;sans remise en concurrence;;26-85624;;150000.0;;LOT-0001;92521210;920000.0;8;3.0;3.0;PRESTATIONS RELATIVES A LA CONSERVATION ET A LA RESTAURATION DES OEUVRES DES MUSEES DE LA VILLE DE CHAMBERY;ouverte;2610;;;;False;True;False;;7210.0;Commune et commune nouvelle ;1 000  à  1 999;False;1983-03-01;84.11Z;2008;5710.0;SAS, société par actions simplifiée;2 000  à  4 999;False;False;2008;Q;88;88.9;88.91;88.91A;2004-10-25;(48.910867, 2.240131);Colombes;Hauts-de-Seine;Île-de-France;(45.566227, 5.920541);Chambéry;Savoie;Auvergne-Rhône-Alpes;;;;;;;;
False;['92521210'];;True;True;False;attribue;{'StreetName': '9 Quai Jean Moulin', 'AdditionalStreetName': None, 'CityName': 'Lyon 1er', 'PostalZone': '69001', 'Country': 'FRA'};404328510;False;AUXIME;AUXIME;2026-09-04;"{'StreetName': 'Hôtel de Ville', 'AdditionalStreetName': ""Place de l'hôtel de Ville"", 'CityName': 'Chambéry', 'PostalZone': '73011', 'Country': 'FRA'}";217300656;False;COMMUNE DE CHAMBERY;Ville de Chambéry;;;services;['Valeur technique sur la base du mémoire technique', 'Performance environnementale, sur la base du mémoire technique', 'Prix des prestations, sur la base du détail quantitatif estimatif (Dqe)'];['technique', 'environnemental', 'prix'];[60.0, 10.0, 30.0];;True;920000.0;False;;sans remise en concurrence;;26-85624;;280000.0;;LOT-0002;92521210;920000.0;8;4.0;4.0;PRESTATIONS RELATIVES A LA CONSERVATION ET A LA RESTAURATION DES OEUVRES DES MUSEES DE LA VILLE DE CHAMBERY;ouverte;2610;;;;False;True;False;;7210.0;Commune et commune nouvelle ;1 000  à  1 999;False;1983-03-01;84.11Z;2008;5710.0;SAS, société par actions simplifiée;50  à  99;False;<NA>;2008;N;82;82.9;82.99;82.99Z;1996-03-08;(45.766576, 4.837887);Lyon;Rhône;Auvergne-Rhône-Alpes;(45.566227, 5.920541);Chambéry;Savoie;Auvergne-Rhône-Alpes;;;;;;;;
False;['92521210'];;True;True;False;attribue;{'StreetName': '12 Rue Godefroy Cavaignac', 'AdditionalStreetName': None, 'CityName': 'Paris 11', 'PostalZone': '75011', 'Country': 'FRA'};378901946;False;WORLDLINE;MARIE MESSAGER EURL;2026-09-04;"{'StreetName': 'Hôtel de Ville', 'AdditionalStreetName': ""Place de l'hôtel de Ville"", 'CityName': 'Chambéry', 'PostalZone': '73011', 'Country': 'FRA'}";217300656;False;COMMUNE DE CHAMBERY;Ville de Chambéry;;;services;['Valeur technique sur la base du mémoire technique', 'Performance environnementale, sur la base du mémoire technique', 'Prix des prestations, sur la base du détail quantitatif estimatif (Dqe)'];['technique', 'environnemental', 'prix'];[60.0, 10.0, 30.0];;True;920000.0;False;;sans remise en concurrence;;26-85624;;40000.0;;LOT-0003;92521210;920000.0;8;2.0;2.0;PRESTATIONS RELATIVES A LA CONSERVATION ET A LA RESTAURATION DES OEUVRES DES MUSEES DE LA VILLE DE CHAMBERY;ouverte;2610;;;;False;True;False;;7210.0;Commune et commune nouvelle ;1 000  à  1 999;False;1983-03-01;84.11Z;2008;5599.0;SA à conseil d'administration (s.a.i.);250  à  499;False;<NA>;2008;J;63;63.1;63.11;63.11Z;1990-06-25;(48.85463, 2.381637);Paris;Paris;Île-de-France;(45.566227, 5.920541);Chambéry;Savoie;Auvergne-Rhône-Alpes;;;;;;;;
False;['92521210'];;True;True;False;attribue;{'StreetName': '13 Rue Doc Schweitzer', 'AdditionalStreetName': None, 'CityName': 'Grenoble', 'PostalZone': '38000', 'Country': 'FRA'};802467332;False;<NA>;Sabrina Vétillard;2026-09-04;"{'StreetName': 'Hôtel de Ville', 'AdditionalStreetName': ""Place de l'hôtel de Ville"", 'CityName': 'Chambéry', 'PostalZone': '73011', 'Country': 'FRA'}";217300656;False;COMMUNE DE CHAMBERY;Ville de Chambéry;;;services;['Valeur technique sur la base du mémoire technique', 'Performance environnementale, sur la base du mémoire technique', 'Prix des prestations, sur la base du détail quantitatif estimatif (Dqe)'];['technique', 'environnemental', 'prix'];[60.0, 10.0, 30.0];;True;920000.0;False;;sans remise en concurrence;;26-85624;;40000.0;;LOT-0004;92521210;920000.0;8;2.0;2.0;PRESTATIONS RELATIVES A LA CONSERVATION ET A LA RESTAURATION DES OEUVRES DES MUSEES DE LA VILLE DE CHAMBERY;ouverte;2610;;;;False;True;False;;7210.0;Commune et commune nouvelle ;1 000  à  1 999;False;1983-03-01;84.11Z;2008;1000.0;Entrepreneur individuel;;<NA>;<NA>;2008;R;90;90.0;90.03;90.03A;2014-04-30;(45.185423, 5.727402);Grenoble;Isère;Auvergne-Rhône-Alpes;(45.566227, 5.920541);Chambéry;Savoie;Auvergne-Rhône-Alpes;;;;;;;;
False;['92521210'];;True;True;False;attribue;{'StreetName': '4 Rue Auguste Chabrieres', 'AdditionalStreetName': None, 'CityName': 'Paris', 'PostalZone': '75015', 'Country': 'FRA'};210201554;False;COMMUNE DE CHATEAU THIERRY;MAISON FLORENCE DELNEF;2026-09-04;"{'StreetName': 'Hôtel de Ville', 'AdditionalStreetName': ""Place de l'hôtel de Ville"", 'CityName': 'Chambéry', 'PostalZone': '73011', 'Country': 'FRA'}";217300656;False;COMMUNE DE CHAMBERY;Ville de Chambéry;;;services;['Valeur technique sur la base du mémoire technique', 'Performance environnementale, sur la base du mémoire technique', 'Prix des prestations, sur la base du détail quantitatif estimatif (Dqe)'];['technique', 'environnemental', 'prix'];[60.0, 10.0, 30.0];;True;920000.0;False;;sans remise en concurrence;;26-85624;;50000.0;;LOT-0005;92521210;920000.0;8;2.0;2.0;PRESTATIONS RELATIVES A LA CONSERVATION ET A LA RESTAURATION DES OEUVRES DES MUSEES DE LA VILLE DE CHAMBERY;ouverte;2610;;;;False;True;False;;7210.0;Commune et commune nouvelle ;1 000  à  1 999;False;1983-03-01;84.11Z;2008;7210.0;Commune et commune nouvelle ;500  à  999;False;<NA>;2008;O;84;84.1;84.11;84.11Z;1973-02-26;(48.835723, 2.288555);Paris;Paris;Île-de-France;(45.566227, 5.920541);Chambéry;Savoie;Auvergne-Rhône-Alpes;;;;;;;;
False;['92521210'];;True;True;False;attribue;{'StreetName': '22 Rue De Cuire', 'AdditionalStreetName': None, 'CityName': 'Lyon', 'PostalZone': '69004', 'Country': 'FRA'};882901655;False;<NA>;LYDIANE CHOMIENNE;2026-09-04;"{'StreetName': 'Hôtel de Ville', 'AdditionalStreetName': ""Place de l'hôtel de Ville"", 'CityName': 'Chambéry', 'PostalZone': '73011', 'Country': 'FRA'}";217300656;False;COMMUNE DE CHAMBERY;Ville de Chambéry;;;services;['Valeur technique sur la base du mémoire technique', 'Performance environnementale, sur la base du mémoire technique', 'Prix des prestations, sur la base du détail quantitatif estimatif (Dqe)'];['technique', 'environnemental', 'prix'];[60.0, 10.0, 30.0];;True;920000.0;False;;sans remise en concurrence;;26-85624;;140000.0;;LOT-0006;92521210;920000.0;8;1.0;1.0;PRESTATIONS RELATIVES A LA CONSERVATION ET A LA RESTAURATION DES OEUVRES DES MUSEES DE LA VILLE DE CHAMBERY;ouverte;2610;;;;False;True;False;;7210.0;Commune et commune nouvelle ;1 000  à  1 999;False;1983-03-01;84.11Z;2008;1000.0;Entrepreneur individuel;;<NA>;<NA>;2008;L;68;68.2;68.2;68.20A;2020-02-20;(45.776505, 4.830402);Lyon;Rhône;Auvergne-Rhône-Alpes;(45.566227, 5.920541);Chambéry;Savoie;Auvergne-Rhône-Alpes;;;;;;;;
False;['92521210'];;True;True;False;attribue;{'StreetName': '9 Rue Buffon', 'AdditionalStreetName': None, 'CityName': 'Semur-En-Auxois', 'PostalZone': '21140', 'Country': 'FRA'};344741228;False;<NA>;Françoise AUGER FEIGE;2026-09-04;"{'StreetName': 'Hôtel de Ville', 'AdditionalStreetName': ""Place de l'hôtel de Ville"", 'CityName': 'Chambéry', 'PostalZone': '73011', 'Country': 'FRA'}";217300656;False;COMMUNE DE CHAMBERY;Ville de Chambéry;;;services;['Valeur technique sur la base du mémoire technique', 'Performance environnementale, sur la base du mémoire technique', 'Prix des prestations, sur la base du détail quantitatif estimatif (Dqe)'];['technique', 'environnemental', 'prix'];[60.0, 10.0, 30.0];;True;920000.0;False;;sans remise en concurrence;;26-85624;;95000.0;;LOT-0007;92521210;920000.0;8;1.0;1.0;PRESTATIONS RELATIVES A LA CONSERVATION ET A LA RESTAURATION DES OEUVRES DES MUSEES DE LA VILLE DE CHAMBERY;ouverte;2610;;;;False;True;False;;7210.0;Commune et commune nouvelle ;1 000  à  1 999;False;1983-03-01;84.11Z;2008;1000.0;Entrepreneur individuel;;<NA>;<NA>;2008;R;90;90.0;90.03;90.03A;1988-02-01;(47.49104, 4.332662);Semur-en-Auxois;Côte-d'Or;Bourgogne-Franche-Comté;(45.566227, 5.920541);Chambéry;Savoie;Auvergne-Rhône-Alpes;;;;;;;;
False;['92521210'];;True;True;False;attribue;{'StreetName': '80 Che Des Perrets', 'AdditionalStreetName': None, 'CityName': 'Novalaise', 'PostalZone': '73470', 'Country': 'FRA'};800777559;False;ASSOCIATION BEAUVAL NATURE;In situ Conservation;2026-09-04;"{'StreetName': 'Hôtel de Ville', 'AdditionalStreetName': ""Place de l'hôtel de Ville"", 'CityName': 'Chambéry', 'PostalZone': '73011', 'Country': 'FRA'}";217300656;False;COMMUNE DE CHAMBERY;Ville de Chambéry;;;services;['Valeur technique sur la base du mémoire technique', 'Performance environnementale, sur la base du mémoire technique', 'Prix des prestations, sur la base du détail quantitatif estimatif (Dqe)'];['technique', 'environnemental', 'prix'];[60.0, 10.0, 30.0];;True;920000.0;False;;sans remise en concurrence;;26-85624;;125000.0;;LOT-0008;92521210;920000.0;8;3.0;3.0;PRESTATIONS RELATIVES A LA CONSERVATION ET A LA RESTAURATION DES OEUVRES DES MUSEES DE LA VILLE DE CHAMBERY;ouverte;2610;;;;False;True;False;;7210.0;Commune et commune nouvelle ;1 000  à  1 999;False;1983-03-01;84.11Z;2008;9220.0;Association déclarée ;20  à  49;True;<NA>;2008;S;94;94.9;94.99;94.99Z;2013-10-09;(45.600489, 5.7657);Novalaise;Savoie;Auvergne-Rhône-Alpes;(45.566227, 5.920541);Chambéry;Savoie;Auvergne-Rhône-Alpes;;;;;;;;
False;['60181000', '34143000', '43250000'];;True;True;False;attribue;{'StreetName': 'Viclaire', 'AdditionalStreetName': None, 'CityName': 'Sainte-Foy-Tarentaise', 'PostalZone': '73640', 'Country': 'FRA'};432090181;False;BRUNO T.P.;BRUNO T.P;2026-09-04;{'StreetName': '238 Boucle du Rosset', 'AdditionalStreetName': None, 'CityName': 'Tignes', 'PostalZone': '73321', 'Country': 'FRA'};217302967;False;COMMUNE DE TIGNES;Commune de Tignes;;;services;"[""Valeur technique de l'offre"", 'Prise en compte de la notion de développement durable', 'Prix (apprécié sur la base du montant total figurant au Bpu valant Dqe)']";['technique', 'environnemental', 'prix'];[50.0, 10.0, 40.0];;True;1880000.0;False;;avec remise en concurrence;;26-85399;;1280000.0;;LOT-0001;90620000;1880000.0;2;1.0;;Location de matériels et mise à disposition de personnel pour le déneigement sur la Commune de Tignes;ouverte;TIG26-10SER;;;;False;True;False;;7210.0;Commune et commune nouvelle ;100  à  199;False;1983-03-01;84.11Z;2008;5710.0;SAS, société par actions simplifiée;10  à  19;False;<NA>;2008;F;43;43.1;43.12;43.12A;2000-06-13;(45.572507, 6.885178);Sainte-Foy-Tarentaise;Savoie;Auvergne-Rhône-Alpes;(45.469484, 6.909564);Tignes;Savoie;Auvergne-Rhône-Alpes;;;;;;;;
False;['34143000', '34143000', '43250000'];;True;True;False;attribue;{'StreetName': '256 Rue Nicolas Coatanlem', 'AdditionalStreetName': None, 'CityName': 'Caudan', 'PostalZone': '56850', 'Country': 'FRA'};450776968;False;LOXAM;LOXAM;2026-09-04;{'StreetName': '238 Boucle du Rosset', 'AdditionalStreetName': None, 'CityName': 'Tignes', 'PostalZone': '73321', 'Country': 'FRA'};217302967;False;COMMUNE DE TIGNES;Commune de Tignes;;;services;"[""Valeur technique de l'offre"", 'Prise en compte de la notion de développement durable', 'Prix (apprécié sur la base du montant total figurant au Bpu valant Dqe)']";['technique', 'environnemental', 'prix'];[50.0, 10.0, 40.0];;True;1880000.0;False;;avec remise en concurrence;;26-85399;;600000.0;;LOT-0002;90620000;1880000.0;2;4.0;;Location de matériels et mise à disposition de personnel pour le déneigement sur la Commune de Tignes;ouverte;TIG26-10SER;;;;False;True;False;;7210.0;Commune et commune nouvelle ;100  à  199;False;1983-03-01;84.11Z;2008;5710.0;SAS, société par actions simplifiée;2 000  à  4 999;False;False;2008;N;77;77.3;77.32;77.32Z;2003-10-15;(47.788579, -3.334363);Caudan;Morbihan;Bretagne;(45.469484, 6.909564);Tignes;Savoie;Auvergne-Rhône-Alpes;;;;;;;;
False;['45112500'];;True;True;False;attribue;{'StreetName': '121 Imp Du Marais', 'AdditionalStreetName': None, 'CityName': 'Saint-Baldoph', 'PostalZone': '73190', 'Country': 'FRA'};891119919;False;SPTP;SPTP;2026-09-04;"{'StreetName': 'Hôtel de Ville', 'AdditionalStreetName': ""Place de l'hôtel de Ville"", 'CityName': 'Chambéry', 'PostalZone': '73011', 'Country': 'FRA'}";217300656;False;COMMUNE DE CHAMBERY;Ville de Chambéry;;2026-06-01+02:00;travaux;"['Valeur technique', ""Performances en matière de protection de l'environnement"", 'Prix des prestations']";['technique', 'environnemental', 'prix'];[40.0, 20.0, 40.0];98.0;False;;False;{'StreetName': 'Saint Jean De Verges', 'CityName': 'Saint Jean De Verges', 'PostalZone': '09000', 'NUTS': 'FRJ21', 'Country': 'FRA'};;;26-85621;25-55233;418388.94;165000.0;LOT-0001;45321000;;16;4.0;;TRAVAUX DE RÉNOVATION ÉNERGETIQUE ET EXTENSION DE L'ÉCOLE HAUT MACHÉ;ouverte;2535;;;False;False;False;False;4626780.58;7210.0;Commune et commune nouvelle ;1 000  à  1 999;False;1983-03-01;84.11Z;2008;5710.0;SAS, société par actions simplifiée;20  à  49;False;<NA>;2008;F;43;43.1;43.12;43.12A;2020-11-16;(45.532931, 5.960379);Saint-Baldoph;Savoie;Auvergne-Rhône-Alpes;(45.566227, 5.920541);Chambéry;Savoie;Auvergne-Rhône-Alpes;;;;;;;;
False;['45223220'];;True;True;False;attribue;{'StreetName': '237 Rue De La Courtine', 'AdditionalStreetName': None, 'CityName': 'Theys', 'PostalZone': '38570', 'Country': 'FRA'};057500902;False;ENTREPRISE MIDALI FRERES;ENTREPRISE MIDALI FRERES;2026-09-04;"{'StreetName': 'Hôtel de Ville', 'AdditionalStreetName': ""Place de l'hôtel de Ville"", 'CityName': 'Chambéry', 'PostalZone': '73011', 'Country': 'FRA'}";217300656;False;COMMUNE DE CHAMBERY;Ville de Chambéry;;2026-06-01+02:00;travaux;"['Valeur technique', ""Performances en matière de protection de l'environnement"", 'Prix des prestations']";['technique', 'environnemental', 'prix'];[40.0, 20.0, 40.0];91.0;False;;False;{'StreetName': 'Saint Jean De Verges', 'CityName': 'Saint Jean De Verges', 'PostalZone': '09000', 'NUTS': 'FRJ21', 'Country': 'FRA'};;;26-85621;25-55233;694945.0;30500.0;LOT-0002;45321000;;16;9.0;;TRAVAUX DE RÉNOVATION ÉNERGETIQUE ET EXTENSION DE L'ÉCOLE HAUT MACHÉ;ouverte;2535;;;False;False;False;False;4626780.58;7210.0;Commune et commune nouvelle ;1 000  à  1 999;False;1983-03-01;84.11Z;2008;5710.0;SAS, société par actions simplifiée;100  à  199;False;<NA>;2008;F;42;42.2;42.21;42.21Z;1957-01-01;(45.300787, 5.998973);Theys;Isère;Auvergne-Rhône-Alpes;(45.566227, 5.920541);Chambéry;Savoie;Auvergne-Rhône-Alpes;;;;;;;;
False;['45261420'];;True;True;False;attribue;{'StreetName': 'Za Longifan', 'AdditionalStreetName': None, 'CityName': 'Chapareillan', 'PostalZone': '38530', 'Country': 'FRA'};818870602;False;ETANCHEITE DES 2 SAVOIE EN ABREGE ED2S;ETANCHEITE DES 2 SAVOIE EN ABREGE ED2S;2026-09-04;"{'StreetName': 'Hôtel de Ville', 'AdditionalStreetName': ""Place de l'hôtel de Ville"", 'CityName': 'Chambéry', 'PostalZone': '73011', 'Country': 'FRA'}";217300656;False;COMMUNE DE CHAMBERY;Ville de Chambéry;;2026-06-01+02:00;travaux;"['Valeur technique', ""Performances en matière de protection de l'environnement"", 'Prix des prestations']";['technique', 'environnemental', 'prix'];[40.0, 20.0, 40.0];21.0;False;;False;;;;26-85621;25-55233;42677.41;;LOT-0003;45321000;;16;7.0;;TRAVAUX DE RÉNOVATION ÉNERGETIQUE ET EXTENSION DE L'ÉCOLE HAUT MACHÉ;ouverte;2535;;;False;False;False;False;4626780.58;7210.0;Commune et commune nouvelle ;1 000  à  1 999;False;1983-03-01;84.11Z;2008;5710.0;SAS, société par actions simplifiée;20  à  49;False;<NA>;2008;F;43;43.9;43.99;43.99A;2016-03-03;(45.467736, 5.993478);Chapareillan;Isère;Auvergne-Rhône-Alpes;(45.566227, 5.920541);Chambéry;Savoie;Auvergne-Rhône-Alpes;;;;;;;;
False;['45223200'];;True;True;False;non attribue;;;False;;;2026-09-04;"{'StreetName': 'Hôtel de Ville', 'AdditionalStreetName': ""Place de l'hôtel de Ville"", 'CityName': 'Chambéry', 'PostalZone': '73011', 'Country': 'FRA'}";217300656;False;COMMUNE DE CHAMBERY;Ville de Chambéry;;2026-06-01+02:00;travaux;"['Valeur technique', ""Performances en matière de protection de l'environnement"", 'Prix des prestations']";['technique', 'environnemental', 'prix'];[40.0, 20.0, 40.0];28.0;False;;False;;;;26-85621;25-55233;;;LOT-0004;45321000;;16;2.0;;TRAVAUX DE RÉNOVATION ÉNERGETIQUE ET EXTENSION DE L'ÉCOLE HAUT MACHÉ;ouverte;2535;;;False;False;False;False;4626780.58;7210.0;Commune et commune nouvelle ;1 000  à  1 999;False;1983-03-01;84.11Z;2008;;;;;;<NA>;;;;;<NA>;<NA>;;;;;(45.566227, 5.920541);Chambéry;Savoie;Auvergne-Rhône-Alpes;;;;;;;;
False;['45443000'];;True;True;False;attribue;{'StreetName': '330 Rue De Chantarot', 'AdditionalStreetName': None, 'CityName': 'Vourey', 'PostalZone': '38210', 'Country': 'FRA'};482491933;False;S.M.P.F;SAS SMPF;2026-09-04;"{'StreetName': 'Hôtel de Ville', 'AdditionalStreetName': ""Place de l'hôtel de Ville"", 'CityName': 'Chambéry', 'PostalZone': '73011', 'Country': 'FRA'}";217300656;False;COMMUNE DE CHAMBERY;Ville de Chambéry;;2026-06-01+02:00;travaux;"['Valeur technique', ""Performances en matière de protection de l'environnement"", 'Prix des prestations']";['technique', 'environnemental', 'prix'];[40.0, 20.0, 40.0];119.0;False;;False;;;;26-85621;25-55233;68245.9;;LOT-0005;45321000;;16;8.0;;TRAVAUX DE RÉNOVATION ÉNERGETIQUE ET EXTENSION DE L'ÉCOLE HAUT MACHÉ;ouverte;2535;;;False;False;False;False;4626780.58;7210.0;Commune et commune nouvelle ;1 000  à  1 999;False;1983-03-01;84.11Z;2008;5710.0;SAS, société par actions simplifiée;10  à  19;False;<NA>;2008;F;43;43.2;43.29;43.29A;2005-04-01;(45.320216, 5.53086);Vourey;Isère;Auvergne-Rhône-Alpes;(45.566227, 5.920541);Chambéry;Savoie;Auvergne-Rhône-Alpes;;;;;;;;
False;['45421000'];;True;True;False;attribue;{'StreetName': '343 Rue Alphonse Gourju', 'AdditionalStreetName': None, 'CityName': 'Apprieu', 'PostalZone': '38140', 'Country': 'FRA'};421675877;False;PARET;PARET;2026-09-04;"{'StreetName': 'Hôtel de Ville', 'AdditionalStreetName': ""Place de l'hôtel de Ville"", 'CityName': 'Chambéry', 'PostalZone': '73011', 'Country': 'FRA'}";217300656;False;COMMUNE DE CHAMBERY;Ville de Chambéry;;2026-06-01+02:00;travaux;"['Valeur technique', ""Performances en matière de protection de l'environnement"", 'Prix des prestations']";['technique', 'environnemental', 'prix'];[40.0, 20.0, 40.0];56.0;False;;False;;;;26-85621;25-55233;604808.2;;LOT-0006;45321000;;16;7.0;;TRAVAUX DE RÉNOVATION ÉNERGETIQUE ET EXTENSION DE L'ÉCOLE HAUT MACHÉ;ouverte;2535;;;False;False;False;False;4626780.58;7210.0;Commune et commune nouvelle ;1 000  à  1 999;False;1983-03-01;84.11Z;2008;5710.0;SAS, société par actions simplifiée;20  à  49;False;<NA>;2008;C;16;16.2;16.23;16.23Z;1999-01-01;(45.390926, 5.475096);Apprieu;Isère;Auvergne-Rhône-Alpes;(45.566227, 5.920541);Chambéry;Savoie;Auvergne-Rhône-Alpes;;;;;;;;
False;['45421152'];;True;True;False;attribue;{'StreetName': '6 Rue Des Iles', 'AdditionalStreetName': None, 'CityName': 'Domene', 'PostalZone': '38420', 'Country': 'FRA'};304367220;False;ENTREPRISE DE PLATRERIE LAYE;ENTREPRISE DE PLATRERIE LAYE;2026-09-04;"{'StreetName': 'Hôtel de Ville', 'AdditionalStreetName': ""Place de l'hôtel de Ville"", 'CityName': 'Chambéry', 'PostalZone': '73011', 'Country': 'FRA'}";217300656;False;COMMUNE DE CHAMBERY;Ville de Chambéry;;2026-06-01+02:00;travaux;"['Valeur technique', ""Performances en matière de protection de l'environnement"", 'Prix des prestations']";['technique', 'environnemental', 'prix'];[40.0, 20.0, 40.0];210.0;False;;False;;;;26-85621;25-55233;456982.48;;LOT-0007;45321000;;16;10.0;;TRAVAUX DE RÉNOVATION ÉNERGETIQUE ET EXTENSION DE L'ÉCOLE HAUT MACHÉ;ouverte;2535;;;False;False;False;False;4626780.58;7210.0;Commune et commune nouvelle ;1 000  à  1 999;False;1983-03-01;84.11Z;2008;5710.0;SAS, société par actions simplifiée;50  à  99;False;<NA>;2008;F;43;43.3;43.31;43.31Z;1972-01-01;(45.202076, 5.822408);Domène;Isère;Auvergne-Rhône-Alpes;(45.566227, 5.920541);Chambéry;Savoie;Auvergne-Rhône-Alpes;;;;;;;;
False;['45421000'];;True;True;False;attribue;{'StreetName': '12 Rue Frederic Mistral', 'AdditionalStreetName': None, 'CityName': 'Les Roches-De-Condrieu', 'PostalZone': '38370', 'Country': 'FRA'};723680419;False;ETABLISSEMENTS GUILLON;ETABLISSEMENTS GUILLON;2026-09-04;"{'StreetName': 'Hôtel de Ville', 'AdditionalStreetName': ""Place de l'hôtel de Ville"", 'CityName': 'Chambéry', 'PostalZone': '73011', 'Country': 'FRA'}";217300656;False;COMMUNE DE CHAMBERY;Ville de Chambéry;;2026-06-01+02:00;travaux;"['Valeur technique', ""Performances en matière de protection de l'environnement"", 'Prix des prestations']";['technique', 'environnemental', 'prix'];[40.0, 20.0, 40.0];35.0;False;;False;;;;26-85621;25-55233;298301.82;;LOT-0008;45321000;;16;4.0;;TRAVAUX DE RÉNOVATION ÉNERGETIQUE ET EXTENSION DE L'ÉCOLE HAUT MACHÉ;ouverte;2535;;;False;False;False;False;4626780.58;7210.0;Commune et commune nouvelle ;1 000  à  1 999;False;1983-03-01;84.11Z;2008;5710.0;SAS, société par actions simplifiée;20  à  49;False;<NA>;2008;F;43;43.3;43.32;43.32A;1972-01-01;(45.453368, 4.763904);Les Roches-de-Condrieu;Isère;Auvergne-Rhône-Alpes;(45.566227, 5.920541);Chambéry;Savoie;Auvergne-Rhône-Alpes;;;;;;;;
False;['45431000'];;True;True;False;attribue;{'StreetName': '200 Che Des Cores', 'AdditionalStreetName': None, 'CityName': 'Drumettaz-Clarafond', 'PostalZone': '73420', 'Country': 'FRA'};391002367;False;ENTREPRISE GAZZOTTI;ENTREPRISE GAZZOTTI;2026-09-04;"{'StreetName': 'Hôtel de Ville', 'AdditionalStreetName': ""Place de l'hôtel de Ville"", 'CityName': 'Chambéry', 'PostalZone': '73011', 'Country': 'FRA'}";217300656;False;COMMUNE DE CHAMBERY;Ville de Chambéry;;2026-06-01+02:00;travaux;"['Valeur technique', ""Performances en matière de protection de l'environnement"", 'Prix des prestations']";['technique', 'environnemental', 'prix'];[40.0, 20.0, 40.0];63.0;False;;False;;;;26-85621;25-55233;56233.97;;LOT-0009;45321000;;16;9.0;;TRAVAUX DE RÉNOVATION ÉNERGETIQUE ET EXTENSION DE L'ÉCOLE HAUT MACHÉ;ouverte;2535;;;False;False;False;False;4626780.58;7210.0;Commune et commune nouvelle ;1 000  à  1 999;False;1983-03-01;84.11Z;2008;5499.0;Société à responsabilité limitée (sans autre indication);3  à  5;<NA>;<NA>;2008;F;43;43.3;43.33;43.33Z;1993-04-01;(45.664004, 5.911283);Drumettaz-Clarafond;Savoie;Auvergne-Rhône-Alpes;(45.566227, 5.920541);Chambéry;Savoie;Auvergne-Rhône-Alpes;;;;;;;;
False;['45432111'];;True;True;False;attribue;{'StreetName': '982 Rte De Chartreuse', 'AdditionalStreetName': None, 'CityName': 'Chirens', 'PostalZone': '38850', 'Country': 'FRA'};948653803;False;SDS ROCHELONGUE;SAS SDS;2026-09-04;"{'StreetName': 'Hôtel de Ville', 'AdditionalStreetName': ""Place de l'hôtel de Ville"", 'CityName': 'Chambéry', 'PostalZone': '73011', 'Country': 'FRA'}";217300656;False;COMMUNE DE CHAMBERY;Ville de Chambéry;;2026-06-01+02:00;travaux;"['Valeur technique', ""Performances en matière de protection de l'environnement"", 'Prix des prestations']";['technique', 'environnemental', 'prix'];[40.0, 20.0, 40.0];35.0;False;;False;;;;26-85621;25-55233;101047.46;;LOT-0010;45321000;;16;7.0;;TRAVAUX DE RÉNOVATION ÉNERGETIQUE ET EXTENSION DE L'ÉCOLE HAUT MACHÉ;ouverte;2535;;;False;False;False;False;4626780.58;7210.0;Commune et commune nouvelle ;1 000  à  1 999;False;1983-03-01;84.11Z;2008;5710.0;SAS, société par actions simplifiée;;False;<NA>;2008;G;47;47.7;47.75;47.75Z;2023-02-02;(45.405204, 5.564522);Chirens;Isère;Auvergne-Rhône-Alpes;(45.566227, 5.920541);Chambéry;Savoie;Auvergne-Rhône-Alpes;;;;;;;;
False;['45331000'];;True;True;False;attribue;{'StreetName': '513 Rue Du 8 Mai 1945', 'AdditionalStreetName': None, 'CityName': 'Entrelacs', 'PostalZone': '73410', 'Country': 'FRA'};339721763;False;ADITEC;ADITEC;2026-09-04;"{'StreetName': 'Hôtel de Ville', 'AdditionalStreetName': ""Place de l'hôtel de Ville"", 'CityName': 'Chambéry', 'PostalZone': '73011', 'Country': 'FRA'}";217300656;False;COMMUNE DE CHAMBERY;Ville de Chambéry;;2026-06-01+02:00;travaux;"['Valeur technique', ""Performances en matière de protection de l'environnement"", 'Prix des prestations']";['technique', 'environnemental', 'prix'];[40.0, 20.0, 40.0];217.0;False;;False;;;;26-85621;25-55233;764852.12;;LOT-0011;45321000;;16;4.0;;TRAVAUX DE RÉNOVATION ÉNERGETIQUE ET EXTENSION DE L'ÉCOLE HAUT MACHÉ;ouverte;2535;;;False;False;False;False;4626780.58;7210.0;Commune et commune nouvelle ;1 000  à  1 999;False;1983-03-01;84.11Z;2008;5710.0;SAS, société par actions simplifiée;50  à  99;False;<NA>;2008;C;33;33.2;33.2;33.20B;1986-12-29;(45.790123, 5.946477);Entrelacs;Savoie;Auvergne-Rhône-Alpes;(45.566227, 5.920541);Chambéry;Savoie;Auvergne-Rhône-Alpes;;;;;;;;
False;['09331200'];;True;True;False;attribue;{'StreetName': '18 Rue Du Pre Faucon', 'AdditionalStreetName': None, 'CityName': 'Annecy', 'PostalZone': '74000', 'Country': 'FRA'};412337537;False;DURET ELECTRICITE;DURET ELECTRICITE;2026-09-04;"{'StreetName': 'Hôtel de Ville', 'AdditionalStreetName': ""Place de l'hôtel de Ville"", 'CityName': 'Chambéry', 'PostalZone': '73011', 'Country': 'FRA'}";217300656;False;COMMUNE DE CHAMBERY;Ville de Chambéry;;2026-06-01+02:00;travaux;"['Valeur technique', ""Performances en matière de protection de l'environnement"", 'Prix des prestations']";['technique', 'environnemental', 'prix'];[40.0, 20.0, 40.0];217.0;False;;False;;;;26-85621;25-55233;648041.6;;LOT-0012;45321000;;16;10.0;;TRAVAUX DE RÉNOVATION ÉNERGETIQUE ET EXTENSION DE L'ÉCOLE HAUT MACHÉ;ouverte;2535;;;False;False;False;False;4626780.58;7210.0;Commune et commune nouvelle ;1 000  à  1 999;False;1983-03-01;84.11Z;2008;5710.0;SAS, société par actions simplifiée;50  à  99;False;<NA>;2008;F;43;43.2;43.21;43.21A;1997-04-01;(45.931302, 6.165638);Annecy;Haute-Savoie;Auvergne-Rhône-Alpes;(45.566227, 5.920541);Chambéry;Savoie;Auvergne-Rhône-Alpes;;;;;;;;
False;['39221000'];;True;True;False;attribue;{'StreetName': '284 Rue De L Eygala', 'AdditionalStreetName': None, 'CityName': 'Moirans', 'PostalZone': '38430', 'Country': 'FRA'};453010613;False;HIE-EQUIPEMENT;SAS HIE EQUIPEMENT;2026-09-04;"{'StreetName': 'Hôtel de Ville', 'AdditionalStreetName': ""Place de l'hôtel de Ville"", 'CityName': 'Chambéry', 'PostalZone': '73011', 'Country': 'FRA'}";217300656;False;COMMUNE DE CHAMBERY;Ville de Chambéry;;2026-06-01+02:00;travaux;"['Valeur technique', ""Performances en matière de protection de l'environnement"", 'Prix des prestations']";['technique', 'environnemental', 'prix'];[40.0, 20.0, 40.0];49.0;False;;False;;;;26-85621;25-55233;101146.68;;LOT-0013;45321000;;16;4.0;;TRAVAUX DE RÉNOVATION ÉNERGETIQUE ET EXTENSION DE L'ÉCOLE HAUT MACHÉ;ouverte;2535;;;False;False;False;False;4626780.58;7210.0;Commune et commune nouvelle ;1 000  à  1 999;False;1983-03-01;84.11Z;2008;5710.0;SAS, société par actions simplifiée;20  à  49;False;<NA>;2008;C;33;33.2;33.2;33.20B;2004-04-02;(45.317992, 5.599114);Moirans;Isère;Auvergne-Rhône-Alpes;(45.566227, 5.920541);Chambéry;Savoie;Auvergne-Rhône-Alpes;;;;;;;;
False;['45262660'];;True;True;False;attribue;{'StreetName': '20 Av Des Catelines', 'AdditionalStreetName': None, 'CityName': 'Saint-Laurent-De-Mure', 'PostalZone': '69720', 'Country': 'FRA'};749893756;False;DRA DESAMIANTAGE RHONE ALPES;DRA DESAMIANTAGE RHONE ALPES;2026-09-04;"{'StreetName': 'Hôtel de Ville', 'AdditionalStreetName': ""Place de l'hôtel de Ville"", 'CityName': 'Chambéry', 'PostalZone': '73011', 'Country': 'FRA'}";217300656;False;COMMUNE DE CHAMBERY;Ville de Chambéry;;2026-06-01+02:00;travaux;"['Valeur technique', ""Performances en matière de protection de l'environnement"", 'Prix des prestations']";['technique', 'environnemental', 'prix'];[40.0, 20.0, 40.0];98.0;False;;False;;;;26-85621;25-55233;195520.0;;LOT-0014;45321000;;16;7.0;;TRAVAUX DE RÉNOVATION ÉNERGETIQUE ET EXTENSION DE L'ÉCOLE HAUT MACHÉ;ouverte;2535;;;False;False;False;False;4626780.58;7210.0;Commune et commune nouvelle ;1 000  à  1 999;False;1983-03-01;84.11Z;2008;5499.0;Société à responsabilité limitée (sans autre indication);20  à  49;False;<NA>;2008;E;39;39.0;39.0;39.00Z;2012-03-01;(45.688428, 5.052242);Saint-Laurent-de-Mure;Rhône;Auvergne-Rhône-Alpes;(45.566227, 5.920541);Chambéry;Savoie;Auvergne-Rhône-Alpes;;;;;;;;
False;['45313100'];;True;True;False;attribue;{'StreetName': '6 Rue De La Goelette', 'AdditionalStreetName': None, 'CityName': 'Saint-Benoit', 'PostalZone': '86280', 'Country': 'FRA'};485205769;False;NOUVELLE SOCIETE D ASCENSEURS - NSA;NOUVELLE SOCIETE D ASCENSEURS - NSA;2026-09-04;"{'StreetName': 'Hôtel de Ville', 'AdditionalStreetName': ""Place de l'hôtel de Ville"", 'CityName': 'Chambéry', 'PostalZone': '73011', 'Country': 'FRA'}";217300656;False;COMMUNE DE CHAMBERY;Ville de Chambéry;;2026-06-01+02:00;travaux;"['Valeur technique', ""Performances en matière de protection de l'environnement"", 'Prix des prestations']";['technique', 'environnemental', 'prix'];[40.0, 20.0, 40.0];29.0;False;;False;;;;26-85621;25-55233;24750.0;;LOT-0015;45321000;;16;3.0;;TRAVAUX DE RÉNOVATION ÉNERGETIQUE ET EXTENSION DE L'ÉCOLE HAUT MACHÉ;ouverte;2535;;;False;False;False;False;4626780.58;7210.0;Commune et commune nouvelle ;1 000  à  1 999;False;1983-03-01;84.11Z;2008;5306.0;Société en commandite simple ;250  à  499;False;<NA>;2008;F;43;43.2;43.29;43.29B;2005-11-25;(46.563895, 0.359455);Saint-Benoît;Vienne;Nouvelle-Aquitaine;(45.566227, 5.920541);Chambéry;Savoie;Auvergne-Rhône-Alpes;;;;;;;;
False;['44316500'];;True;True;False;attribue;{'StreetName': '35 Rue De La Plaine', 'AdditionalStreetName': None, 'CityName': 'Marigny-Saint-Marcel', 'PostalZone': '74150', 'Country': 'FRA'};411235229;False;SARL PETTINI CHAUDRONNERIE;SARL PETTINI CHAUDRONNERIE;2026-09-04;"{'StreetName': 'Hôtel de Ville', 'AdditionalStreetName': ""Place de l'hôtel de Ville"", 'CityName': 'Chambéry', 'PostalZone': '73011', 'Country': 'FRA'}";217300656;False;COMMUNE DE CHAMBERY;Ville de Chambéry;;2026-06-01+02:00;travaux;"['Valeur technique', ""Performances en matière de protection de l'environnement"", 'Prix des prestations']";['technique', 'environnemental', 'prix'];[40.0, 20.0, 40.0];21.0;False;;False;;;;26-85621;25-55233;150839.0;;LOT-0016;45321000;;16;3.0;;TRAVAUX DE RÉNOVATION ÉNERGETIQUE ET EXTENSION DE L'ÉCOLE HAUT MACHÉ;ouverte;2535;;;False;False;False;False;4626780.58;7210.0;Commune et commune nouvelle ;1 000  à  1 999;False;1983-03-01;84.11Z;2008;5499.0;Société à responsabilité limitée (sans autre indication);6  à  9;<NA>;<NA>;2008;C;25;25.1;25.11;25.11Z;1997-03-03;(45.83947, 5.966429);Marigny-Saint-Marcel;Haute-Savoie;Auvergne-Rhône-Alpes;(45.566227, 5.920541);Chambéry;Savoie;Auvergne-Rhône-Alpes;;;;;;;;
False;;;False;False;False;attribue;{'StreetName': '10 Route de Durtol', 'AdditionalStreetName': None, 'CityName': 'Clermont-Ferrand', 'PostalZone': '63100', 'Country': 'FRA'};834689036;True;CREABIM;CREABIM;2026-09-04;{'StreetName': '14-16 boulevard Malesherbes', 'AdditionalStreetName': None, 'CityName': 'Paris', 'PostalZone': '75008', 'Country': 'FRA'};775682917;True;AG2R AGIRC-ARRCO;IRC AG2R AGIRC ARRCO;;;services;"[""Valeur technique de l'offre"", ""Prix de l'offre"", 'Responsabilité Sociétale et Environnementale']";['technique', 'prix', 'environnemental & social'];[50.0, 40.0, 10.0];1440.0;True;0.0;False;{'StreetName': None, 'CityName': None, 'PostalZone': None, 'NUTS': None, 'Country': 'FRA'};;;26-85454;;274895.0;0.0;LOT-0001;71000000;;1;17.0;;Mission de Maitre d'oeuvre travaux à CLERMONT FERRAND;ouverte;242026;;;;True;False;False;274895.0;8130.0;Institution de retraite complémentaire ;2 000  à  4 999;False;1973-05-09;84.30B;2008;5710.0;SAS, société par actions simplifiée;10  à  19;True;<NA>;2008;M;71;71.1;71.11;71.11Z;2018-01-17;(45.78821, 3.057285);Clermont-Ferrand;Puy-de-Dôme;Auvergne-Rhône-Alpes;(48.87194, 2.322199);Paris;Paris;Île-de-France;;;;;;;;
False;;;True;True;False;attribue;{'StreetName': None, 'AdditionalStreetName': None, 'CityName': 'PITON ST-LEU', 'PostalZone': '97424', 'Country': 'FRA'};828071613;True;VOYAGEUR EXPRESS;SAS VOYAGEUR EXPRESS;2026-09-04;{'StreetName': 'Hôtel de Région Pierre Lagourgue', 'AdditionalStreetName': 'Avenue René Cassin', 'CityName': 'Sainte-Clotilde', 'PostalZone': '97490', 'Country': 'FRA'};239740012;True;REGION REUNION;REGION REUNION;;;services;['Prix des prestations', 'Valeur technique'];['prix', 'technique'];[40.0, 60.0];365.0;True;;False;{'StreetName': None, 'CityName': 'Saint-Denis', 'PostalZone': '97400', 'NUTS': 'FRY40', 'Country': 'FRA'};sans remise en concurrence;;26-85490;;;;LOT-0001;60000000;720000.0;3;2.0;;Accord cadre mono-attributaire à bons de commande pour le transport du personnel de la Région;ouverte;2025-DRH-0295;3.0;;;False;False;False;;7230.0;Région ;2 000  à  4 999;False;1983-01-01;84.11Z;2008;5710.0;SAS, société par actions simplifiée;20  à  49;False;<NA>;2008;H;49;49.3;49.31;49.31Z;2017-03-14;;Saint-Leu;La Réunion;;(-20.90339, 55.48602);Saint-Denis;La Réunion;;;;;;;;;
False;;;True;True;False;attribue;{'StreetName': None, 'AdditionalStreetName': None, 'CityName': 'PITON ST-LEU', 'PostalZone': '97424', 'Country': 'FRA'};828071613;True;VOYAGEUR EXPRESS;SAS VOYAGEUR EXPRESS;2026-09-04;{'StreetName': 'Hôtel de Région Pierre Lagourgue', 'AdditionalStreetName': 'Avenue René Cassin', 'CityName': 'Sainte-Clotilde', 'PostalZone': '97490', 'Country': 'FRA'};239740012;True;REGION REUNION;REGION REUNION;;;services;['Prix des prestations', 'Valeur technique'];['prix', 'technique'];[40.0, 60.0];365.0;True;;False;{'StreetName': None, 'CityName': 'Saint-Pierre', 'PostalZone': '97410', 'NUTS': 'FRY40', 'Country': 'FRA'};sans remise en concurrence;;26-85490;;;;LOT-0002;60000000;720000.0;3;;;Accord cadre mono-attributaire à bons de commande pour le transport du personnel de la Région;ouverte;2025-DRH-0295;3.0;;;False;False;False;;7230.0;Région ;2 000  à  4 999;False;1983-01-01;84.11Z;2008;5710.0;SAS, société par actions simplifiée;20  à  49;False;<NA>;2008;H;49;49.3;49.31;49.31Z;2017-03-14;;Saint-Leu;La Réunion;;(-20.90339, 55.48602);Saint-Denis;La Réunion;;;;;;;;;
False;;;True;True;False;attribue;{'StreetName': None, 'AdditionalStreetName': None, 'CityName': 'PITON ST-LEU', 'PostalZone': '97424', 'Country': 'FRA'};828071613;True;VOYAGEUR EXPRESS;SAS VOYAGEUR EXPRESS;2026-09-04;{'StreetName': 'Hôtel de Région Pierre Lagourgue', 'AdditionalStreetName': 'Avenue René Cassin', 'CityName': 'Sainte-Clotilde', 'PostalZone': '97490', 'Country': 'FRA'};239740012;True;REGION REUNION;REGION REUNION;;;services;['Prix des prestations', 'Valeur technique'];['prix', 'technique'];[40.0, 60.0];365.0;True;;False;{'StreetName': None, 'CityName': 'Saint-Paul', 'PostalZone': '97460', 'NUTS': 'FRY40', 'Country': 'FRA'};sans remise en concurrence;;26-85490;;;;LOT-0003;60120000;720000.0;3;3.0;;Accord cadre mono-attributaire à bons de commande pour le transport du personnel de la Région;ouverte;2025-DRH-0295;3.0;;;False;False;False;;7230.0;Région ;2 000  à  4 999;False;1983-01-01;84.11Z;2008;5710.0;SAS, société par actions simplifiée;20  à  49;False;<NA>;2008;H;49;49.3;49.31;49.31Z;2017-03-14;;Saint-Leu;La Réunion;;(-20.90339, 55.48602);Saint-Denis;La Réunion;;;;;;;;;
False;['85312110'];;True;True;False;attribue;{'StreetName': '60 Av De L Europe', 'AdditionalStreetName': None, 'CityName': 'Bois-Colombes', 'PostalZone': '92270', 'Country': 'FRA'};447818600;False;EVANCIA;Babilou EVANCIA;2026-09-04;{'StreetName': '2 rue de Châteaudun', 'AdditionalStreetName': None, 'CityName': 'Dreux', 'PostalZone': '28103', 'Country': 'FRA'};212801344;False;COMMUNE DE DREUX;Ville de Dreux;;;services;['Valeur technique au regard du mémoire technique', 'Prix des prestations jugés au regard des prix unitaires de l Ae'];['technique', 'prix'];[60.0, 40.0];;False;1827000.0;True;;sans remise en concurrence;fonds communautaires;26-85462;26-85567;1080000.0;;LOT-0001;85312110;1860000.0;2;1.0;;Réservation de berceaux dans des établissements multi-accueils pour la ville de Dreux;ouverte;2026-13;2.0;;False;False;False;False;;7210.0;Commune et commune nouvelle ;500  à  999;False;1978-01-01;84.11Z;2008;5710.0;SAS, société par actions simplifiée;2 000  à  4 999;False;<NA>;2008;Q;88;88.9;88.91;88.91A;2003-03-12;(48.906817, 2.260879);Bois-Colombes;Hauts-de-Seine;Île-de-France;(48.736223, 1.370522);Dreux;Eure-et-Loir;Centre-Val de Loire;;;;;;;;
False;['85312110'];;True;True;False;attribue;{'StreetName': '9 Av Hoche', 'AdditionalStreetName': None, 'CityName': 'Paris 8', 'PostalZone': '75008', 'Country': 'FRA'};479182750;False;PEOPLE AND BABY;PEOPLE AND BABY;2026-09-04;{'StreetName': '2 rue de Châteaudun', 'AdditionalStreetName': None, 'CityName': 'Dreux', 'PostalZone': '28103', 'Country': 'FRA'};212801344;False;COMMUNE DE DREUX;Ville de Dreux;;;services;['Valeur technique au regard du mémoire technique', 'Prix des prestations jugés au regard des prix unitaires de l Ae'];['technique', 'prix'];[60.0, 40.0];;False;1827000.0;True;;sans remise en concurrence;fonds communautaires;26-85462;26-85567;780000.0;;LOT-0002;85312110;1860000.0;2;1.0;;Réservation de berceaux dans des établissements multi-accueils pour la ville de Dreux;ouverte;2026-13;2.0;;False;False;False;False;;7210.0;Commune et commune nouvelle ;500  à  999;False;1978-01-01;84.11Z;2008;5710.0;SAS, société par actions simplifiée;2 000  à  4 999;False;False;2008;Q;88;88.9;88.91;88.91A;2004-10-25;(48.877212, 2.30376);Paris;Paris;Île-de-France;(48.736223, 1.370522);Dreux;Eure-et-Loir;Centre-Val de Loire;;;;;;;;
False;['45223220'];;True;True;False;attribue;;;False;;;2026-09-04;{'StreetName': 'Place Jules Nadi', 'AdditionalStreetName': 'Cs 41012', 'CityName': 'Romans Sur Isere', 'PostalZone': '26102', 'Country': 'FRA'};212602817;False;COMMUNE DE ROMANS SUR ISERE;Ville de Romans sur Isère;;;travaux;"[""Valeur technique de l'offre"", 'Prix']";['technique', 'prix'];[30.0, 70.0];;False;;False;;avec remise en concurrence;;26-85583;;1200000.0;;LOT-0001;45259000;10512000.0;6;2.0;;VR-DCCP-253090 : ACCORD CADRE A BONS DE COMMANDE MULTI-ATTRIBUTAIRES TRAVAUX TOUS CORPS D'ETAT POUR LES BATIMENTS DE LA VLLE DE ROMANS-SUR-ISERE;ouverte;253090;3.0;;;False;False;False;;7210.0;Commune et commune nouvelle ;500  à  999;False;1983-03-01;84.11Z;2008;;;;;;<NA>;;;;;<NA>;<NA>;;;;;(45.044082, 5.051984);Romans-sur-Isère;Drôme;Auvergne-Rhône-Alpes;;;;;;;;
False;['45261000'];;True;True;False;attribue;;;False;;;2026-09-04;{'StreetName': 'Place Jules Nadi', 'AdditionalStreetName': 'Cs 41012', 'CityName': 'Romans Sur Isere', 'PostalZone': '26102', 'Country': 'FRA'};212602817;False;COMMUNE DE ROMANS SUR ISERE;Ville de Romans sur Isère;;;travaux;"[""Valeur technique de l'offre"", 'Prix']";['technique', 'prix'];[30.0, 70.0];;False;;False;;avec remise en concurrence;;26-85583;;960000.0;;LOT-0002;45259000;10512000.0;6;5.0;;VR-DCCP-253090 : ACCORD CADRE A BONS DE COMMANDE MULTI-ATTRIBUTAIRES TRAVAUX TOUS CORPS D'ETAT POUR LES BATIMENTS DE LA VLLE DE ROMANS-SUR-ISERE;ouverte;253090;3.0;;;False;False;False;;7210.0;Commune et commune nouvelle ;500  à  999;False;1983-03-01;84.11Z;2008;;;;;;<NA>;;;;;<NA>;<NA>;;;;;(45.044082, 5.051984);Romans-sur-Isère;Drôme;Auvergne-Rhône-Alpes;;;;;;;;
False;['45261420'];;True;True;False;attribue;;;False;;;2026-09-04;{'StreetName': 'Place Jules Nadi', 'AdditionalStreetName': 'Cs 41012', 'CityName': 'Romans Sur Isere', 'PostalZone': '26102', 'Country': 'FRA'};212602817;False;COMMUNE DE ROMANS SUR ISERE;Ville de Romans sur Isère;;;travaux;"[""Valeur technique de l'offre"", 'Prix']";['technique', 'prix'];[30.0, 70.0];;False;;False;;avec remise en concurrence;;26-85583;;576000.0;;LOT-0003;45259000;10512000.0;6;6.0;;VR-DCCP-253090 : ACCORD CADRE A BONS DE COMMANDE MULTI-ATTRIBUTAIRES TRAVAUX TOUS CORPS D'ETAT POUR LES BATIMENTS DE LA VLLE DE ROMANS-SUR-ISERE;ouverte;253090;3.0;;;False;False;False;;7210.0;Commune et commune nouvelle ;500  à  999;False;1983-03-01;84.11Z;2008;;;;;;<NA>;;;;;<NA>;<NA>;;;;;(45.044082, 5.051984);Romans-sur-Isère;Drôme;Auvergne-Rhône-Alpes;;;;;;;;
False;['45421152'];;True;True;False;attribue;;;False;;;2026-09-04;{'StreetName': 'Place Jules Nadi', 'AdditionalStreetName': 'Cs 41012', 'CityName': 'Romans Sur Isere', 'PostalZone': '26102', 'Country': 'FRA'};212602817;False;COMMUNE DE ROMANS SUR ISERE;Ville de Romans sur Isère;;;travaux;"[""Valeur technique de l'offre"", 'Prix']";['technique', 'prix'];[30.0, 70.0];;False;;False;;avec remise en concurrence;;26-85583;;2112000.0;;LOT-0006;45259000;10512000.0;6;10.0;;VR-DCCP-253090 : ACCORD CADRE A BONS DE COMMANDE MULTI-ATTRIBUTAIRES TRAVAUX TOUS CORPS D'ETAT POUR LES BATIMENTS DE LA VLLE DE ROMANS-SUR-ISERE;ouverte;253090;3.0;;;False;False;False;;7210.0;Commune et commune nouvelle ;500  à  999;False;1983-03-01;84.11Z;2008;;;;;;<NA>;;;;;<NA>;<NA>;;;;;(45.044082, 5.051984);Romans-sur-Isère;Drôme;Auvergne-Rhône-Alpes;;;;;;;;
False;['45432111'];;True;True;False;attribue;;;False;;;2026-09-04;{'StreetName': 'Place Jules Nadi', 'AdditionalStreetName': 'Cs 41012', 'CityName': 'Romans Sur Isere', 'PostalZone': '26102', 'Country': 'FRA'};212602817;False;COMMUNE DE ROMANS SUR ISERE;Ville de Romans sur Isère;;;travaux;"[""Valeur technique de l'offre"", 'Prix']";['technique', 'prix'];[30.0, 70.0];;False;;False;;avec remise en concurrence;;26-85583;;288000.0;;LOT-0007;45259000;10512000.0;6;7.0;;VR-DCCP-253090 : ACCORD CADRE A BONS DE COMMANDE MULTI-ATTRIBUTAIRES TRAVAUX TOUS CORPS D'ETAT POUR LES BATIMENTS DE LA VLLE DE ROMANS-SUR-ISERE;ouverte;253090;3.0;;;False;False;False;;7210.0;Commune et commune nouvelle ;500  à  999;False;1983-03-01;84.11Z;2008;;;;;;<NA>;;;;;<NA>;<NA>;;;;;(45.044082, 5.051984);Romans-sur-Isère;Drôme;Auvergne-Rhône-Alpes;;;;;;;;
False;['45441000'];;True;True;False;attribue;;;False;;;2026-09-04;{'StreetName': 'Place Jules Nadi', 'AdditionalStreetName': 'Cs 41012', 'CityName': 'Romans Sur Isere', 'PostalZone': '26102', 'Country': 'FRA'};212602817;False;COMMUNE DE ROMANS SUR ISERE;Ville de Romans sur Isère;;;travaux;"[""Valeur technique de l'offre"", 'Prix']";['technique', 'prix'];[30.0, 70.0];;False;;False;;avec remise en concurrence;;26-85583;;120000.0;;LOT-0009;45259000;10512000.0;6;4.0;;VR-DCCP-253090 : ACCORD CADRE A BONS DE COMMANDE MULTI-ATTRIBUTAIRES TRAVAUX TOUS CORPS D'ETAT POUR LES BATIMENTS DE LA VLLE DE ROMANS-SUR-ISERE;ouverte;253090;3.0;;;False;False;False;;7210.0;Commune et commune nouvelle ;500  à  999;False;1983-03-01;84.11Z;2008;;;;;;<NA>;;;;;<NA>;<NA>;;;;;(45.044082, 5.051984);Romans-sur-Isère;Drôme;Auvergne-Rhône-Alpes;;;;;;;;
False;['45221113'];;True;False;False;attribue;{'StreetName': 'Agence Rousillon- 2470, Av Julien Panchot Cs62026', 'AdditionalStreetName': None, 'CityName': 'Perpignan Cedex', 'PostalZone': '66011', 'Country': 'FRA'};['562136036', '562136036', '381293463'];False;;GPT RAZEL-BEC (mandataire) / BERTHOLD / BELLMAS PERE ET FILS;2026-09-04;{'StreetName': '24 quai Sadi Carnot', 'AdditionalStreetName': None, 'CityName': 'Perpignan', 'PostalZone': '66906', 'Country': 'FRA'};226600013;False;DEPARTEMENT DES PYRENEES-ORIENTALES;CONSEIL DEPARTEMENTAL DES PYRENEES-ORIENTALES;;2026-10-15+02:00;travaux;"['2 - Valeur technique au vu du mémoire technique justificatif et environnemental', ""3 - Performances en matière de protection de l'environnement et au vu du mémoire technique justificatif et environnemental"", '1 - Prix des prestations']";['environnemental', 'environnemental', 'prix'];[40.0, 20.0, 40.0];570.0;True;;False;;;;26-85626;;1638925.0;;LOT-0000;45220000;;1;3.0;1.0;SUPPRESSION DE DISCONTINUITÉS - CRÉATION D'UNE PASSERELLE SUR L'AGLY À RIVESALTES;ouverte;CC2025-TX-SOA-0164;;;;True;True;True;1638925.0;7220.0;Département ;2 000  à  4 999;False;1982-01-01;84.11Z;2008;;;;;;<NA>;;;;;<NA>;<NA>;(42.682137, 2.860128);Perpignan;Pyrénées-Orientales;Occitanie;(42.700003, 2.893481);Perpignan;Pyrénées-Orientales;Occitanie;;;;;;;;
False;['33111000'];;True;False;False;attribue;{'StreetName': '283 Rue De La Miniere', 'AdditionalStreetName': None, 'CityName': 'Buc', 'PostalZone': '78530', 'Country': 'FRA'};315013359;False;GE MEDICAL SYSTEMS;GE MEDICAL SYSTEMS;2026-09-04;{'StreetName': '10, rue Marcel Proust', 'AdditionalStreetName': None, 'CityName': 'Saint-Brieuc', 'PostalZone': '22027', 'Country': 'FRA'};['262200090', '262200090', '262200090'];False;;CH de Saint-Brieuc/Paimpol/Tréguier - Etablissement support du GHT d'ARMOR;;2026-09-01+02:00;fournitures;"['valeur technique (performance, ergonomie)', ""Délais de livraison, contraintes d'installation, formation"", 'Contraintes de maintenance et structure de service après-vente', ""Performances en matière de protection de l'environnement"", 'Prix']";['technique', 'delai', 'qualite', 'environnemental', 'prix'];[40.0, 10.0, 5.0, 5.0, 40.0];;False;360000.0;False;;sans remise en concurrence;;26-85586;;238000.0;;LOT-0000;33111000;238000.0;1;2.0;;Fourniture d'une table télécommandée numérisée (fourniture, installation et mise en service) ainsi que sa maintenance pour le service d'imagerie médicale du CH de Guingamp;ouverte;26A117;;;;False;False;False;238000.0;;;;;<NA>;<NA>;<NA>;5306.0;Société en commandite simple ;2 000  à  4 999;False;<NA>;2008;C;26;26.6;26.6;26.60Z;1979-01-01;(48.768749, 2.125171);Buc;Yvelines;Île-de-France;(48.492779, -2.748905);Saint-Brieuc;Côtes-d'Armor;Bretagne;;;;;;;;
False;['45231400', '45232300', '45316110', '50232000'];;True;False;False;attribue;{'StreetName': 'Ld La Nautiere', 'AdditionalStreetName': None, 'CityName': 'Chasseneuil-Sur-Bonnieure', 'PostalZone': '16260', 'Country': 'FRA'};572201549;False;ALLEZ ENERGIES;ALLEZ ENERGIES;2026-09-04;{'StreetName': '308, rue de Basseau', 'AdditionalStreetName': None, 'CityName': 'Angouleme Cedex', 'PostalZone': '16021', 'Country': 'FRA'};251600060;False;SM DEPARTEMENTAL D'ELECTRICITE ET DE GAZ DE LA CHARENTE;Syndicat Départemental d'Electricité et de Gaz de la Charente (SDEG 16);;;travaux;"[""Critère 2 - La qualité de l'offre (mémoire)"", 'Critère 1 - Le prix']";['qualite', 'prix'];[30.0, 70.0];;False;1500000.0;False;;;;26-85537;;2000000.0;;LOT-0001;45231400;;1;1.0;;Travaux sur réseaux publics de distribution d'électricité, éclairage public, communications électroniques et gaz;ouverte;AC-2026-01;;;;False;False;False;2000000.0;7355.0;Syndicat mixte ouvert;20  à  49;False;1937-05-31;84.13Z;2008;5710.0;SAS, société par actions simplifiée;1 000  à  1 999;False;<NA>;2008;F;42;42.2;42.22;42.22Z;1957-01-01;(45.82964, 0.453453);Chasseneuil-sur-Bonnieure;Charente;Nouvelle-Aquitaine;(45.651348, 0.12053);Angoulême;Charente;Nouvelle-Aquitaine;;;;;;;;
False;['32424000', '48822000'];;True;False;False;non attribue;;;False;;;2026-09-04;{'StreetName': 'mail Pierre Charlot', 'AdditionalStreetName': None, 'CityName': 'Blois Cedex', 'PostalZone': '41016', 'Country': 'FRA'};264100033;False;CENTRE HOSPITALIER BLOIS SIMONE VEIL;CH Blois Etablissement support du GHT Santé 41;;2026-08-24+02:00;fournitures;['Valeur technique (appréciée au regard du mémoire technique et de la répartition indiquée au Rc)', 'Prix (apprécié au regard de la Dpgf et du Dqe basé sur le Bpu) suivant répartition indiquée au Rc)'];['technique', 'prix'];[70.0, 30.0];1380.0;True;2000000.0;False;;sans remise en concurrence;;26-85637;;;;LOT-0000;48800000;;1;3.0;;"Evolution des infrastructures systèmes et réseaux du Centre Hospitalier Simone Veil de Blois.
La présente consultation a pour objet l'évolution de l'architecture Systèmes et Réseaux, ainsi que le";ouverte;GHT-2025-052;;;;False;True;False;;7364.0;Établissement d'hospitalisation ;2 000  à  4 999;False;1978-01-01;86.10Z;2008;;;;;;<NA>;;;;;<NA>;<NA>;;;;;(47.600241, 1.341516);Blois;Loir-et-Cher;Centre-Val de Loire;;;;;;;;
False;['34144200', '34115300'];;True;True;False;attribue;{'StreetName': '18 Rue De Prony', 'AdditionalStreetName': None, 'CityName': 'Joue-Les-Tours', 'PostalZone': '37300', 'Country': 'FRA'};312800980;False;GRUAU TOURS;PETIT-PICOT;2026-09-04;{'StreetName': '27 avenue Charles de Gaulle', 'AdditionalStreetName': None, 'CityName': 'Auxerre Cedex', 'PostalZone': '89002', 'Country': 'FRA'};288900012;False;SCE DEPARTEMENTAL INCENDIE ET SECOURS;SDIS de l'Yonne;;2026-06-01+02:00;fournitures;['Valeur technique', 'Prix'];['technique', 'prix'];[50.0, 50.0];;False;1745833.0;False;;sans remise en concurrence;;26-85625;;587431.0;;LOT-0001;34144200;587431.0;2;7.0;;AQUISITION DE MATERIEL ROULANT POUR LES BESOINS DU SDIS DE L'YONNE;ouverte;2026002;;;;False;False;False;;7372.0;Service départemental d'incendie et de secours (SDIS);250  à  499;<NA>;1978-01-01;84.25Z;2008;5710.0;SAS, société par actions simplifiée;50  à  99;False;<NA>;2008;C;29;29.2;29.2;29.20Z;1965-01-01;(47.34273, 0.62852);Joué-lès-Tours;Indre-et-Loire;Centre-Val de Loire;(47.805743, 3.565339);Auxerre;Yonne;Bourgogne-Franche-Comté;;;;;;;;
False;['34144200', '34115300'];;True;True;False;non attribue;;;False;;;2026-09-04;{'StreetName': '27 avenue Charles de Gaulle', 'AdditionalStreetName': None, 'CityName': 'Auxerre Cedex', 'PostalZone': '89002', 'Country': 'FRA'};288900012;False;SCE DEPARTEMENTAL INCENDIE ET SECOURS;SDIS de l'Yonne;;2026-06-01+02:00;fournitures;['Valeur technique', 'Prix'];['technique', 'prix'];[50.0, 50.0];90.0;False;1745833.0;False;;sans remise en concurrence;;26-85625;;;;LOT-0002;34144200;587431.0;2;1.0;;AQUISITION DE MATERIEL ROULANT POUR LES BESOINS DU SDIS DE L'YONNE;ouverte;2026002;;;;False;False;False;;7372.0;Service départemental d'incendie et de secours (SDIS);250  à  499;<NA>;1978-01-01;84.25Z;2008;;;;;;<NA>;;;;;<NA>;<NA>;;;;;(47.805743, 3.565339);Auxerre;Yonne;Bourgogne-Franche-Comté;;;;;;;;
False;;;True;True;False;attribue;;;False;;;2026-09-04;{'StreetName': '27 Bd de Strasbourg CS 30528', 'AdditionalStreetName': None, 'CityName': 'Alençon', 'PostalZone': '61017', 'Country': 'FRA'};226100014;True;DEPARTEMENT DE L'ORNE;Conseil départemental de l'Orne - Secrétariat général - Direction des achats et de la logistique;;2026-07-15+02:00;services;['Montant du Devis Quantitatif Estimatif (DQE)', 'La valeur technique appréciée au regard de la note méthodologique et notamment :\n- des moyens humains et matériels mis en œuvre pour exécuter les prestations et assurer la continuité des services en toute circonstance (sauf cas de force majeure) :  7 %\n- des actions de formation et de sensibilisation des conducteurs aux spécificités du transport scolaire des élèves et étudiants en situation de handicap : 11 %\n- des moyens et dispositions mises en œuvre pour informer le Département des dysfonctionnements, incidents et difficultés rencontrées par les conducteurs et pour relayer aux conducteurs les consignes du Département : 4 %\n- la valeur environnementale de la prestation réalisée (type de véhicule, actions menées par le candidat en matière de protection de l’environnement, …) : 3 %'];['prix', 'environnemental & social'];[75.0, 25.0];;False;780400.0;False;{'StreetName': None, 'CityName': 'Alencon', 'PostalZone': None, 'NUTS': 'FRD13', 'Country': 'FRA'};sans remise en concurrence;;26-85383;;;79600.0;LOT-0001;60130000;9648800.0;10;9.0;;TRANSPORT SCOLAIRE DES ELEVES ET ETUDIANTS ET SITUATION DE HANDICAP;ouverte;SM/PS/TRANSPORT SCOLAIRE;3.0;;;False;False;False;;7220.0;Département ;1 000  à  1 999;False;1920-01-01;84.11Z;2008;;;;;;<NA>;;;;;<NA>;<NA>;;;;;(48.436595, 0.089021);Alençon;Orne;Normandie;;;;;;;;
False;;;True;True;False;attribue;;;False;;;2026-09-04;{'StreetName': '27 Bd de Strasbourg CS 30528', 'AdditionalStreetName': None, 'CityName': 'Alençon', 'PostalZone': '61017', 'Country': 'FRA'};226100014;True;DEPARTEMENT DE L'ORNE;Conseil départemental de l'Orne - Secrétariat général - Direction des achats et de la logistique;;2026-07-15+02:00;services;['Montant du Devis Quantitatif Estimatif (DQE)', 'valeur technique appréciée au regard de la note méthodologique et notamment :\n- des moyens humains et matériels mis en œuvre pour exécuter les prestations et assurer la continuité des services en toute circonstance (sauf cas de force majeure) :  7 %\n- des actions de formation et de sensibilisation des conducteurs aux spécificités du transport scolaire des élèves et étudiants en situation de handicap : 11 %\n- des moyens et dispositions mises en œuvre pour informer le Département des dysfonctionnements, incidents et difficultés rencontrées par les conducteurs et pour relayer aux conducteurs les consignes du Département : 4 %\n- la valeur environnementale de la prestation réalisée (type de véhicule, actions menées par le candidat en matière de protection de l’environnement, …) : 3 %'];['prix', 'environnemental & social'];[75.0, 25.0];;False;780400.0;False;{'StreetName': None, 'CityName': 'Sées', 'PostalZone': None, 'NUTS': 'FRD13', 'Country': 'FRA'};sans remise en concurrence;;26-85383;;;38000.0;LOT-0002;60130000;9648800.0;10;8.0;;TRANSPORT SCOLAIRE DES ELEVES ET ETUDIANTS ET SITUATION DE HANDICAP;ouverte;SM/PS/TRANSPORT SCOLAIRE;3.0;;;False;False;False;;7220.0;Département ;1 000  à  1 999;False;1920-01-01;84.11Z;2008;;;;;;<NA>;;;;;<NA>;<NA>;;;;;(48.436595, 0.089021);Alençon;Orne;Normandie;;;;;;;;
False;;;True;True;False;attribue;;;False;;;2026-09-04;{'StreetName': '27 Bd de Strasbourg CS 30528', 'AdditionalStreetName': None, 'CityName': 'Alençon', 'PostalZone': '61017', 'Country': 'FRA'};226100014;True;DEPARTEMENT DE L'ORNE;Conseil départemental de l'Orne - Secrétariat général - Direction des achats et de la logistique;;2026-07-15+02:00;services;['Montant du Devis Quantitatif Estimatif (DQE)', 'Valeur technique appréciée au regard de la note méthodologique et notamment :\n- des moyens humains et matériels mis en œuvre pour exécuter les prestations et assurer la continuité des services en toute circonstance (sauf cas de force majeure) :  7 %\n- des actions de formation et de sensibilisation des conducteurs aux spécificités du transport scolaire des élèves et étudiants en situation de handicap : 11 %\n- des moyens et dispositions mises en œuvre pour informer le Département des dysfonctionnements, incidents et difficultés rencontrées par les conducteurs et pour relayer aux conducteurs les consignes du Département : 4 %\n- la valeur environnementale de la prestation réalisée (type de véhicule, actions menées par le candidat en matière de protection de l’environnement, …) : 3 %'];['prix', 'environnemental & social'];[75.0, 25.0];;False;780400.0;False;{'StreetName': None, 'CityName': 'Argentan', 'PostalZone': None, 'NUTS': 'FRD13', 'Country': 'FRA'};sans remise en concurrence;;26-85383;;;182000.0;LOT-0003;60130000;9648800.0;10;8.0;;TRANSPORT SCOLAIRE DES ELEVES ET ETUDIANTS ET SITUATION DE HANDICAP;ouverte;SM/PS/TRANSPORT SCOLAIRE;3.0;;;False;False;False;;7220.0;Département ;1 000  à  1 999;False;1920-01-01;84.11Z;2008;;;;;;<NA>;;;;;<NA>;<NA>;;;;;(48.436595, 0.089021);Alençon;Orne;Normandie;;;;;;;;
False;;;True;True;False;attribue;;;False;;;2026-09-04;{'StreetName': '27 Bd de Strasbourg CS 30528', 'AdditionalStreetName': None, 'CityName': 'Alençon', 'PostalZone': '61017', 'Country': 'FRA'};226100014;True;DEPARTEMENT DE L'ORNE;Conseil départemental de l'Orne - Secrétariat général - Direction des achats et de la logistique;;2026-07-15+02:00;services;['Montant du Devis Quantitatif Estimatif (DQE)', 'Valeur technique appréciée au regard de la note méthodologique et notamment :\n- des moyens humains et matériels mis en œuvre pour exécuter les prestations et assurer la continuité des services en toute circonstance (sauf cas de force majeure) :  7 %\n- des actions de formation et de sensibilisation des conducteurs aux spécificités du transport scolaire des élèves et étudiants en situation de handicap : 11 %\n- des moyens et dispositions mises en œuvre pour informer le Département des dysfonctionnements, incidents et difficultés rencontrées par les conducteurs et pour relayer aux conducteurs les consignes du Département : 4 %\n- la valeur environnementale de la prestation réalisée (type de véhicule, actions menées par le candidat en matière de protection de l’environnement, …) : 3 %'];['prix', 'environnemental & social'];[75.0, 25.0];;False;780400.0;False;{'StreetName': None, 'CityName': 'Vimoutiers', 'PostalZone': None, 'NUTS': 'FRD13', 'Country': 'FRA'};sans remise en concurrence;;26-85383;;;56800.0;LOT-0004;60130000;9648800.0;10;8.0;;TRANSPORT SCOLAIRE DES ELEVES ET ETUDIANTS ET SITUATION DE HANDICAP;ouverte;SM/PS/TRANSPORT SCOLAIRE;3.0;;;False;False;False;;7220.0;Département ;1 000  à  1 999;False;1920-01-01;84.11Z;2008;;;;;;<NA>;;;;;<NA>;<NA>;;;;;(48.436595, 0.089021);Alençon;Orne;Normandie;;;;;;;;
False;;;True;True;False;attribue;;;False;;;2026-09-04;{'StreetName': '27 Bd de Strasbourg CS 30528', 'AdditionalStreetName': None, 'CityName': 'Alençon', 'PostalZone': '61017', 'Country': 'FRA'};226100014;True;DEPARTEMENT DE L'ORNE;Conseil départemental de l'Orne - Secrétariat général - Direction des achats et de la logistique;;2026-07-15+02:00;services;['Montant du Devis Quantitatif Estimatif (DQE)', 'Valeur technique appréciée au regard de la note méthodologique et notamment :\n- des moyens humains et matériels mis en œuvre pour exécuter les prestations et assurer la continuité des services en toute circonstance (sauf cas de force majeure) :  7 %\n- des actions de formation et de sensibilisation des conducteurs aux spécificités du transport scolaire des élèves et étudiants en situation de handicap : 11 %\n- des moyens et dispositions mises en œuvre pour informer le Département des dysfonctionnements, incidents et difficultés rencontrées par les conducteurs et pour relayer aux conducteurs les consignes du Département : 4 %\n- la valeur environnementale de la prestation réalisée (type de véhicule, actions menées par le candidat en matière de protection de l’environnement, …) : 3 %'];['prix', 'environnemental & social'];[75.0, 25.0];;False;780400.0;False;{'StreetName': None, 'CityName': 'Vimoutiers', 'PostalZone': None, 'NUTS': 'FRD13', 'Country': 'FRA'};sans remise en concurrence;;26-85383;;;117000.0;LOT-0005;60130000;9648800.0;10;9.0;;TRANSPORT SCOLAIRE DES ELEVES ET ETUDIANTS ET SITUATION DE HANDICAP;ouverte;SM/PS/TRANSPORT SCOLAIRE;3.0;;;False;False;False;;7220.0;Département ;1 000  à  1 999;False;1920-01-01;84.11Z;2008;;;;;;<NA>;;;;;<NA>;<NA>;;;;;(48.436595, 0.089021);Alençon;Orne;Normandie;;;;;;;;
False;;;True;True;False;attribue;;;False;;;2026-09-04;{'StreetName': '27 Bd de Strasbourg CS 30528', 'AdditionalStreetName': None, 'CityName': 'Alençon', 'PostalZone': '61017', 'Country': 'FRA'};226100014;True;DEPARTEMENT DE L'ORNE;Conseil départemental de l'Orne - Secrétariat général - Direction des achats et de la logistique;;2026-07-15+02:00;services;['Montant du Devis Quantitatif Estimatif (DQE)', 'valeur technique appréciée au regard de la note méthodologique et notamment :\n- des moyens humains et matériels mis en œuvre pour exécuter les prestations et assurer la continuité des services en toute circonstance (sauf cas de force majeure) :  7 %\n- des actions de formation et de sensibilisation des conducteurs aux spécificités du transport scolaire des élèves et étudiants en situation de handicap : 11 %\n- des moyens et dispositions mises en œuvre pour informer le Département des dysfonctionnements, incidents et difficultés rencontrées par les conducteurs et pour relayer aux conducteurs les consignes du Département : 4 %\n- la valeur environnementale de la prestation réalisée (type de véhicule, actions menées par le candidat en matière de protection de l’environnement, …) : 3 %'];['prix', 'environnemental & social'];[75.0, 25.0];;False;780400.0;False;{'StreetName': None, 'CityName': 'Vimoutiers', 'PostalZone': None, 'NUTS': 'FRD13', 'Country': 'FRA'};sans remise en concurrence;;26-85383;;;109500.0;LOT-0006;60130000;9648800.0;10;8.0;;TRANSPORT SCOLAIRE DES ELEVES ET ETUDIANTS ET SITUATION DE HANDICAP;ouverte;SM/PS/TRANSPORT SCOLAIRE;3.0;;;False;False;False;;7220.0;Département ;1 000  à  1 999;False;1920-01-01;84.11Z;2008;;;;;;<NA>;;;;;<NA>;<NA>;;;;;(48.436595, 0.089021);Alençon;Orne;Normandie;;;;;;;;
False;;;True;True;False;attribue;;;False;;;2026-09-04;{'StreetName': '27 Bd de Strasbourg CS 30528', 'AdditionalStreetName': None, 'CityName': 'Alençon', 'PostalZone': '61017', 'Country': 'FRA'};226100014;True;DEPARTEMENT DE L'ORNE;Conseil départemental de l'Orne - Secrétariat général - Direction des achats et de la logistique;;2026-07-15+02:00;services;['Montant du Devis Quantitatif Estimatif (DQE)', 'Valeur technique appréciée au regard de la note méthodologique et notamment :\n- des moyens humains et matériels mis en œuvre pour exécuter les prestations et assurer la continuité des services en toute circonstance (sauf cas de force majeure) :  7 %\n- des actions de formation et de sensibilisation des conducteurs aux spécificités du transport scolaire des élèves et étudiants en situation de handicap : 11 %\n- des moyens et dispositions mises en œuvre pour informer le Département des dysfonctionnements, incidents et difficultés rencontrées par les conducteurs et pour relayer aux conducteurs les consignes du Département : 4 %\n- la valeur environnementale de la prestation réalisée (type de véhicule, actions menées par le candidat en matière de protection de l’environnement, …) : 3 %'];['prix', 'environnemental & social'];[75.0, 25.0];;False;780400.0;False;{'StreetName': None, 'CityName': 'Vimoutiers', 'PostalZone': None, 'NUTS': 'FRD13', 'Country': 'FRA'};sans remise en concurrence;;26-85383;;;25000.0;LOT-0007;60130000;9648800.0;10;9.0;;TRANSPORT SCOLAIRE DES ELEVES ET ETUDIANTS ET SITUATION DE HANDICAP;ouverte;SM/PS/TRANSPORT SCOLAIRE;3.0;;;False;False;False;;7220.0;Département ;1 000  à  1 999;False;1920-01-01;84.11Z;2008;;;;;;<NA>;;;;;<NA>;<NA>;;;;;(48.436595, 0.089021);Alençon;Orne;Normandie;;;;;;;;
False;;;True;True;False;attribue;;;False;;;2026-09-04;{'StreetName': '27 Bd de Strasbourg CS 30528', 'AdditionalStreetName': None, 'CityName': 'Alençon', 'PostalZone': '61017', 'Country': 'FRA'};226100014;True;DEPARTEMENT DE L'ORNE;Conseil départemental de l'Orne - Secrétariat général - Direction des achats et de la logistique;;2026-07-15+02:00;services;['Montant du Devis Quantitatif Estimatif (DQE)', 'Valeur technique appréciée au regard de la note méthodologique et notamment :\n- des moyens humains et matériels mis en œuvre pour exécuter les prestations et assurer la continuité des services en toute circonstance (sauf cas de force majeure) :  7 %\n- des actions de formation et de sensibilisation des conducteurs aux spécificités du transport scolaire des élèves et étudiants en situation de handicap : 11 %\n- des moyens et dispositions mises en œuvre pour informer le Département des dysfonctionnements, incidents et difficultés rencontrées par les conducteurs et pour relayer aux conducteurs les consignes du Département : 4 %\n- la valeur environnementale de la prestation réalisée (type de véhicule, actions menées par le candidat en matière de protection de l’environnement, …) : 3 %'];['prix', 'environnemental & social'];[75.0, 25.0];;False;780400.0;False;{'StreetName': None, 'CityName': 'Vimoutiers', 'PostalZone': None, 'NUTS': 'FRD13', 'Country': 'FRA'};sans remise en concurrence;;26-85383;;;62000.0;LOT-0008;60130000;9648800.0;10;10.0;;TRANSPORT SCOLAIRE DES ELEVES ET ETUDIANTS ET SITUATION DE HANDICAP;ouverte;SM/PS/TRANSPORT SCOLAIRE;3.0;;;False;False;False;;7220.0;Département ;1 000  à  1 999;False;1920-01-01;84.11Z;2008;;;;;;<NA>;;;;;<NA>;<NA>;;;;;(48.436595, 0.089021);Alençon;Orne;Normandie;;;;;;;;
False;;;True;True;False;attribue;;;False;;;2026-09-04;{'StreetName': '27 Bd de Strasbourg CS 30528', 'AdditionalStreetName': None, 'CityName': 'Alençon', 'PostalZone': '61017', 'Country': 'FRA'};226100014;True;DEPARTEMENT DE L'ORNE;Conseil départemental de l'Orne - Secrétariat général - Direction des achats et de la logistique;;2026-07-15+02:00;services;['Montant du Devis Quantitatif Estimatif (DQE)', 'Valeur technique appréciée au regard de la note méthodologique et notamment :\n- des moyens humains et matériels mis en œuvre pour exécuter les prestations et assurer la continuité des services en toute circonstance (sauf cas de force majeure) :  7 %\n- des actions de formation et de sensibilisation des conducteurs aux spécificités du transport scolaire des élèves et étudiants en situation de handicap : 11 %\n- des moyens et dispositions mises en œuvre pour informer le Département des dysfonctionnements, incidents et difficultés rencontrées par les conducteurs et pour relayer aux conducteurs les consignes du Département : 4 %\n- la valeur environnementale de la prestation réalisée (type de véhicule, actions menées par le candidat en matière de protection de l’environnement, …) : 3 %'];['prix', 'environnemental & social'];[75.0, 25.0];;False;780400.0;False;{'StreetName': None, 'CityName': 'Vimoutiers', 'PostalZone': None, 'NUTS': 'FRD13', 'Country': 'FRA'};sans remise en concurrence;;26-85383;;;71000.0;LOT-0009;60130000;9648800.0;10;10.0;;TRANSPORT SCOLAIRE DES ELEVES ET ETUDIANTS ET SITUATION DE HANDICAP;ouverte;SM/PS/TRANSPORT SCOLAIRE;3.0;;;False;False;False;;7220.0;Département ;1 000  à  1 999;False;1920-01-01;84.11Z;2008;;;;;;<NA>;;;;;<NA>;<NA>;;;;;(48.436595, 0.089021);Alençon;Orne;Normandie;;;;;;;;
False;;;True;True;False;attribue;;;False;;;2026-09-04;{'StreetName': '27 Bd de Strasbourg CS 30528', 'AdditionalStreetName': None, 'CityName': 'Alençon', 'PostalZone': '61017', 'Country': 'FRA'};226100014;True;DEPARTEMENT DE L'ORNE;Conseil départemental de l'Orne - Secrétariat général - Direction des achats et de la logistique;;2026-07-15+02:00;services;['Montant du Devis Quantitatif Estimatif (DQE)', 'Valeur technique appréciée au regard de la note méthodologique et notamment :\n- des moyens humains et matériels mis en œuvre pour exécuter les prestations et assurer la continuité des services en toute circonstance (sauf cas de force majeure) :  7 %\n- des actions de formation et de sensibilisation des conducteurs aux spécificités du transport scolaire des élèves et étudiants en situation de handicap : 11 %\n- des moyens et dispositions mises en œuvre pour informer le Département des dysfonctionnements, incidents et difficultés rencontrées par les conducteurs et pour relayer aux conducteurs les consignes du Département : 4 %\n- la valeur environnementale de la prestation réalisée (type de véhicule, actions menées par le candidat en matière de protection de l’environnement, …) : 3 %'];['prix', 'environnemental & social'];[75.0, 25.0];;False;780400.0;False;{'StreetName': None, 'CityName': 'Vimoutiers', 'PostalZone': None, 'NUTS': 'FRD13', 'Country': 'FRA'};sans remise en concurrence;;26-85383;;;39500.0;LOT-0010;60130000;9648800.0;10;10.0;;TRANSPORT SCOLAIRE DES ELEVES ET ETUDIANTS ET SITUATION DE HANDICAP;ouverte;SM/PS/TRANSPORT SCOLAIRE;3.0;;;False;False;False;;7220.0;Département ;1 000  à  1 999;False;1920-01-01;84.11Z;2008;;;;;;<NA>;;;;;<NA>;<NA>;;;;;(48.436595, 0.089021);Alençon;Orne;Normandie;;;;;;;;
False;['45252100'];;True;True;False;attribue;{'StreetName': '64 Rue Leonard Samie', 'AdditionalStreetName': None, 'CityName': 'Limoges', 'PostalZone': '87000', 'Country': 'FRA'};772500971;False;ETABLISSEMENTS GERY ET CIE;ETABLISSEMENTS GERY ET CIE;2026-09-04;{'StreetName': '9 avenue Léo Lagrange', 'AdditionalStreetName': None, 'CityName': 'Brive', 'PostalZone': '19103', 'Country': 'FRA'};200043172;False;COMMUNAUTE D'AGGLOMERATION DU BASSIN DE BRIVE;Communauté d'agglomération du bassin de Brive;;2026-05-04+02:00;travaux;"[""Valeur technique de l'offre"", 'Prix']";['technique', 'prix'];[60.0, 40.0];720.0;False;;False;;;;26-85579;;399913.0;;LOT-0001;45232410;;2;5.0;;Travaux de Mise en conformité du système d'assainissement - Commune de VIGNOLS;ouverte;2025 10 27 1520;;;;False;False;False;565903.0;7348.0;Communauté d'agglomération ;500  à  999;False;2014-01-01;84.11Z;2008;5710.0;SAS, société par actions simplifiée;20  à  49;<NA>;<NA>;2008;F;42;42.2;42.21;42.21Z;1972-01-01;(45.802727, 1.275074);Limoges;Haute-Vienne;Nouvelle-Aquitaine;(45.159227, 1.541561);Brive-la-Gaillarde;Corrèze;Nouvelle-Aquitaine;;;;;;;;
False;['45232411'];;True;True;False;attribue;{'StreetName': '6 Rue Narcisse Belliere', 'AdditionalStreetName': None, 'CityName': 'Lubersac', 'PostalZone': '19210', 'Country': 'FRA'};448770495;False;LASCAUX ENTREPRISE TRAVAUX PUBLICS;LASCAUX ENTREPRISE TRAVAUX PUBLICS;2026-09-04;{'StreetName': '9 avenue Léo Lagrange', 'AdditionalStreetName': None, 'CityName': 'Brive', 'PostalZone': '19103', 'Country': 'FRA'};200043172;False;COMMUNAUTE D'AGGLOMERATION DU BASSIN DE BRIVE;Communauté d'agglomération du bassin de Brive;;2026-05-04+02:00;travaux;"[""Valeur technique de l'offre"", 'Prix']";['technique', 'prix'];[60.0, 40.0];720.0;False;;False;;;;26-85579;;165990.0;;LOT-0002;45232410;;2;4.0;;Travaux de Mise en conformité du système d'assainissement - Commune de VIGNOLS;ouverte;2025 10 27 1520;;;;False;False;False;565903.0;7348.0;Communauté d'agglomération ;500  à  999;False;2014-01-01;84.11Z;2008;5710.0;SAS, société par actions simplifiée;20  à  49;False;<NA>;2008;F;43;43.1;43.12;43.12A;2003-05-01;(45.447432, 1.422346);Lubersac;Corrèze;Nouvelle-Aquitaine;(45.159227, 1.541561);Brive-la-Gaillarde;Corrèze;Nouvelle-Aquitaine;;;;;;;;
False;['44211100'];;True;False;False;attribue;{'StreetName': '12 Che De Lagrange', 'AdditionalStreetName': None, 'CityName': 'Martillac', 'PostalZone': '33650', 'Country': 'FRA'};685550659;False;ALGECO;ALGECO;2026-09-04;{'StreetName': 'Bp 90064', 'AdditionalStreetName': None, 'CityName': 'Foix Cedex', 'PostalZone': '09017', 'Country': 'FRA'};260900238;False;CENTRE HOSPITALIER DES VALLEES D'ARIEGE;Centre hospitalier des vallées de l'Ariège;;2026-08-07+02:00;fournitures;"[""Délai d'exécution"", 'Qualité', ""Performances en matière de protection de l'environnement"", 'Prix des prestations']";['delai', 'qualite', 'environnemental', 'prix'];[20.0, 20.0, 10.0, 50.0];720.0;True;;False;;;;26-85638;;460362.39;;LOT-0000;44211100;;1;4.0;;Location d'un bâtiment modulaire pour héberger des chambres de garde au CHIVA;ouverte;2635;1.0;;;False;True;False;460362.39;7364.0;Établissement d'hospitalisation ;2 000  à  4 999;<NA>;1992-01-01;86.10Z;2008;5710.0;SAS, société par actions simplifiée;500  à  999;False;False;2008;N;77;77.3;77.39;77.39Z;1955-01-01;(44.722991, -0.534415);Martillac;Gironde;Nouvelle-Aquitaine;;;;;;;;;;;;
