procedure_acceleree;cpv_supp;publicite;omc;allotissement;modifie;decision;adresse_fournisseur;siren_fournisseur;siren_fournisseur_connu;nom_siren_fournisseur;nom_declare_fournisseur;date_avis_attribution;adresse_acheteur;siren_acheteur;siren_acheteur_connu;nom_siren_acheteur;nom_declare_acheteur;date_avis_marche;debut_contrat;type_contrat;intitule_critere;type_critere;poids_critere;duree;clause_environnementale;valeur_totale_estimee;financement_ue;lieu_execution;type_accord_cadre;nom_fonds_ue;id_boamp_attribution;id_boamp_contrat;prix_attribution_lot;valeur_estimee_lot;id_lot;cpv;valeur_max_totale_accord_cadre;nombre_lots;nombre_offres;nombre_offres_pme;objet;procedure;id_projet;renouvellement;marche_reserve;favorable_pme;clause_sociale;strategique_environnemental;strategique_social;valeur_totale;code_statut_juridique_acheteur;nom_statut_juridique_acheteur;effectif_acheteur;acheteur_ess;date_creation_acheteur;code_activite_principale_acheteur;version_activite_acheteur;code_statut_juridique_fournisseur;nom_statut_juridique_fournisseur;effectif_fournisseur;fournisseur_ess;fournisseur_mission;version_activite_fournisseur;niveau_activite1_fournisseur;niveau_activite2_fournisseur;niveau_activite3_fournisseur;niveau_activite4_fournisseur;niveau_activite5_fournisseur;date_creation_fournisseur;gps_fournisseur;nom_commune_fournisseur;departement_fournisseur;region_fournisseur;gps_acheteur;nom_commune_acheteur;departement_acheteur;region_acheteur;epci_fournisseur;nom_epci_fournisseur;nature_epci_fournisseur;epci_acheteur;nom_epci_acheteur;nature_epci_acheteur;code_commune_fournisseur;code_commune_acheteur
False;;;True;False;False;attribue;{'StreetName': '35 rue du Val-de-Marne ', 'AdditionalStreetName': None, 'CityName': 'Paris', 'PostalZone': '75013', 'Country': 'FRA'};403246606;True;IPSOS OBSERVER;IPSOS OBSERVER;2026-09-22;{'StreetName': '61-65 rue Dutot', 'AdditionalStreetName': None, 'CityName': 'Paris', 'PostalZone': '75015', 'Country': 'FRA'};110043015;True; MINISTERE DE L’EDUCATION NATIONALE;SG-SAAM-Mission des achats;;2026-08-05+02:00;services;['Valeur technique', 'Prix des prestations', 'Qualité environnementale'];['technique', 'prix', 'environnemental'];[60.0, 35.0, 5.0];360.0;True;2500000.0;False;{'StreetName': None, 'CityName': None, 'PostalZone': None, 'NUTS': 'FR101', 'Country': 'FRA'};sans remise en concurrence;;26-90891;;2328848.0;2500000.0;LOT-0001;79311200;6000000.0;1;3;;Prestations d’assistance à la réalisation d’enquêtes;ouverte;MEN-SG-AOO-26008;3.0;;;True;False;False;2328848.0;7113.0;Ministère ;250  à  499;False;1981-06-23;84.11Z;2008;5710.0;SAS, société par actions simplifiée;100  à  199;False;<NA>;2008;M;73;73.2;73.2;73.20Z;1995-12-22;(48.826745, 2.354477);Paris;Paris;Île-de-France;(48.837868, 2.308216);Paris;Paris;Île-de-France;;;;;;;;
False;['80530000'];;True;True;False;attribue;{'StreetName': '1 Avenue Eugene Gazeau', 'AdditionalStreetName': None, 'CityName': 'Senlis', 'PostalZone': '60300', 'Country': 'FRA'};780507349;False;PROMEO ASSOCIATION DE FORMATION PROFESSIONNELLE DE LINDUSTRIE DE PICARDIE PROMEO AFPI PICARDIE;PROMEO ASSOCIATION DE FORMATION POUR LE DEVELOPPEMENT DE L EMPLOI DE PICARDIE - PROMEO AFDE PICARDIE;2026-09-22;{'StreetName': '23 Rue Balzac', 'AdditionalStreetName': None, 'CityName': 'Paris', 'PostalZone': '75008', 'Country': 'FRA'};309065043;False;UNIFORMATION;OPCO 2i - Direction Appui aux branches et action prospective;;;services;['Valeur technique', 'Prix'];['technique', 'prix'];[70.0, 30.0];;False;2600000.0;False;;sans remise en concurrence;;26-91034;;220000.0;;LOT-0001;80530000;2600000.0;10;3;;POEC Découverte des métiers de l'industrie;ouverte;2026-53;3.0;;;False;False;False;;9220.0;Association déclarée ;250  à  499;False;1900-01-01;94.11Z;2008;9220.0;Association déclarée ;100  à  199;True;<NA>;2008;P;85;85.5;85.59;85.59A;1900-01-01;(49.206555, 2.600375);Senlis;Oise;Hauts-de-France;(48.875419, 2.302406);Paris;Paris;Île-de-France;;;;;;;;
False;['80530000'];;True;True;False;attribue;{'StreetName': '1 Avenue Eugene Gazeau', 'AdditionalStreetName': None, 'CityName': 'Senlis', 'PostalZone': '60300', 'Country': 'FRA'};780507349;False;PROMEO ASSOCIATION DE FORMATION PROFESSIONNELLE DE LINDUSTRIE DE PICARDIE PROMEO AFPI PICARDIE;PROMEO ASSOCIATION DE FORMATION POUR LE DEVELOPPEMENT DE L EMPLOI DE PICARDIE - PROMEO AFDE PICARDIE;2026-09-22;{'StreetName': '23 Rue Balzac', 'AdditionalStreetName': None, 'CityName': 'Paris', 'PostalZone': '75008', 'Country': 'FRA'};309065043;False;UNIFORMATION;OPCO 2i - Direction Appui aux branches et action prospective;;;services;['Valeur technique', 'Prix'];['technique', 'prix'];[70.0, 30.0];;False;2600000.0;False;;sans remise en concurrence;;26-91034;;220000.0;;LOT-0002;80530000;2600000.0;10;2;;POEC Découverte des métiers de l'industrie;ouverte;2026-53;3.0;;;False;False;False;;9220.0;Association déclarée ;250  à  499;False;1900-01-01;94.11Z;2008;9220.0;Association déclarée ;100  à  199;True;<NA>;2008;P;85;85.5;85.59;85.59A;1900-01-01;(49.206555, 2.600375);Senlis;Oise;Hauts-de-France;(48.875419, 2.302406);Paris;Paris;Île-de-France;;;;;;;;
False;['80530000'];;True;True;False;attribue;{'StreetName': '1 Avenue Eugene Gazeau', 'AdditionalStreetName': None, 'CityName': 'Senlis', 'PostalZone': '60300', 'Country': 'FRA'};780507349;False;PROMEO ASSOCIATION DE FORMATION PROFESSIONNELLE DE LINDUSTRIE DE PICARDIE PROMEO AFPI PICARDIE;PROMEO ASSOCIATION DE FORMATION POUR LE DEVELOPPEMENT DE L EMPLOI DE PICARDIE - PROMEO AFDE PICARDIE;2026-09-22;{'StreetName': '23 Rue Balzac', 'AdditionalStreetName': None, 'CityName': 'Paris', 'PostalZone': '75008', 'Country': 'FRA'};309065043;False;UNIFORMATION;OPCO 2i - Direction Appui aux branches et action prospective;;;services;['Valeur technique', 'Prix'];['technique', 'prix'];[70.0, 30.0];;False;2600000.0;False;;sans remise en concurrence;;26-91034;;220000.0;;LOT-0003;80530000;2600000.0;10;1;;POEC Découverte des métiers de l'industrie;ouverte;2026-53;3.0;;;False;False;False;;9220.0;Association déclarée ;250  à  499;False;1900-01-01;94.11Z;2008;9220.0;Association déclarée ;100  à  199;True;<NA>;2008;P;85;85.5;85.59;85.59A;1900-01-01;(49.206555, 2.600375);Senlis;Oise;Hauts-de-France;(48.875419, 2.302406);Paris;Paris;Île-de-France;;;;;;;;
False;['80530000'];;True;True;False;attribue;{'StreetName': '1 Avenue Eugene Gazeau', 'AdditionalStreetName': None, 'CityName': 'Senlis', 'PostalZone': '60300', 'Country': 'FRA'};780507349;False;PROMEO ASSOCIATION DE FORMATION PROFESSIONNELLE DE LINDUSTRIE DE PICARDIE PROMEO AFPI PICARDIE;PROMEO ASSOCIATION DE FORMATION POUR LE DEVELOPPEMENT DE L EMPLOI DE PICARDIE - PROMEO AFDE PICARDIE;2026-09-22;{'StreetName': '23 Rue Balzac', 'AdditionalStreetName': None, 'CityName': 'Paris', 'PostalZone': '75008', 'Country': 'FRA'};309065043;False;UNIFORMATION;OPCO 2i - Direction Appui aux branches et action prospective;;;services;['Valeur technique', 'Prix'];['technique', 'prix'];[70.0, 30.0];;False;2600000.0;False;;sans remise en concurrence;;26-91034;;220000.0;;LOT-0004;80530000;2600000.0;10;1;;POEC Découverte des métiers de l'industrie;ouverte;2026-53;3.0;;;False;False;False;;9220.0;Association déclarée ;250  à  499;False;1900-01-01;94.11Z;2008;9220.0;Association déclarée ;100  à  199;True;<NA>;2008;P;85;85.5;85.59;85.59A;1900-01-01;(49.206555, 2.600375);Senlis;Oise;Hauts-de-France;(48.875419, 2.302406);Paris;Paris;Île-de-France;;;;;;;;
False;['80530000'];;True;True;False;attribue;{'StreetName': '1 Avenue Eugene Gazeau', 'AdditionalStreetName': None, 'CityName': 'Senlis', 'PostalZone': '60300', 'Country': 'FRA'};780507349;False;PROMEO ASSOCIATION DE FORMATION PROFESSIONNELLE DE LINDUSTRIE DE PICARDIE PROMEO AFPI PICARDIE;PROMEO ASSOCIATION DE FORMATION POUR LE DEVELOPPEMENT DE L EMPLOI DE PICARDIE - PROMEO AFDE PICARDIE;2026-09-22;{'StreetName': '23 Rue Balzac', 'AdditionalStreetName': None, 'CityName': 'Paris', 'PostalZone': '75008', 'Country': 'FRA'};309065043;False;UNIFORMATION;OPCO 2i - Direction Appui aux branches et action prospective;;;services;['Valeur technique', 'Prix'];['technique', 'prix'];[70.0, 30.0];;False;2600000.0;False;;sans remise en concurrence;;26-91034;;220000.0;;LOT-0005;80530000;2600000.0;10;1;;POEC Découverte des métiers de l'industrie;ouverte;2026-53;3.0;;;False;False;False;;9220.0;Association déclarée ;250  à  499;False;1900-01-01;94.11Z;2008;9220.0;Association déclarée ;100  à  199;True;<NA>;2008;P;85;85.5;85.59;85.59A;1900-01-01;(49.206555, 2.600375);Senlis;Oise;Hauts-de-France;(48.875419, 2.302406);Paris;Paris;Île-de-France;;;;;;;;
False;['80530000'];;True;True;False;attribue;{'StreetName': '1 Avenue Eugene Gazeau', 'AdditionalStreetName': None, 'CityName': 'Senlis', 'PostalZone': '60300', 'Country': 'FRA'};780507349;False;PROMEO ASSOCIATION DE FORMATION PROFESSIONNELLE DE LINDUSTRIE DE PICARDIE PROMEO AFPI PICARDIE;PROMEO ASSOCIATION DE FORMATION POUR LE DEVELOPPEMENT DE L EMPLOI DE PICARDIE - PROMEO AFDE PICARDIE;2026-09-22;{'StreetName': '23 Rue Balzac', 'AdditionalStreetName': None, 'CityName': 'Paris', 'PostalZone': '75008', 'Country': 'FRA'};309065043;False;UNIFORMATION;OPCO 2i - Direction Appui aux branches et action prospective;;;services;['Valeur technique', 'Prix'];['technique', 'prix'];[70.0, 30.0];;False;2600000.0;False;;sans remise en concurrence;;26-91034;;220000.0;;LOT-0006;80530000;2600000.0;10;1;;POEC Découverte des métiers de l'industrie;ouverte;2026-53;3.0;;;False;False;False;;9220.0;Association déclarée ;250  à  499;False;1900-01-01;94.11Z;2008;9220.0;Association déclarée ;100  à  199;True;<NA>;2008;P;85;85.5;85.59;85.59A;1900-01-01;(49.206555, 2.600375);Senlis;Oise;Hauts-de-France;(48.875419, 2.302406);Paris;Paris;Île-de-France;;;;;;;;
False;['80530000'];;True;True;False;attribue;{'StreetName': '1 Avenue Eugene Gazeau', 'AdditionalStreetName': None, 'CityName': 'Senlis', 'PostalZone': '60300', 'Country': 'FRA'};780507349;False;PROMEO ASSOCIATION DE FORMATION PROFESSIONNELLE DE LINDUSTRIE DE PICARDIE PROMEO AFPI PICARDIE;PROMEO ASSOCIATION DE FORMATION POUR LE DEVELOPPEMENT DE L EMPLOI DE PICARDIE - PROMEO AFDE PICARDIE;2026-09-22;{'StreetName': '23 Rue Balzac', 'AdditionalStreetName': None, 'CityName': 'Paris', 'PostalZone': '75008', 'Country': 'FRA'};309065043;False;UNIFORMATION;OPCO 2i - Direction Appui aux branches et action prospective;;;services;['Valeur technique', 'Prix'];['technique', 'prix'];[70.0, 30.0];;False;2600000.0;False;;sans remise en concurrence;;26-91034;;220000.0;;LOT-0007;80530000;2600000.0;10;2;;POEC Découverte des métiers de l'industrie;ouverte;2026-53;3.0;;;False;False;False;;9220.0;Association déclarée ;250  à  499;False;1900-01-01;94.11Z;2008;9220.0;Association déclarée ;100  à  199;True;<NA>;2008;P;85;85.5;85.59;85.59A;1900-01-01;(49.206555, 2.600375);Senlis;Oise;Hauts-de-France;(48.875419, 2.302406);Paris;Paris;Île-de-France;;;;;;;;
False;['80530000'];;True;True;False;attribue;{'StreetName': '1 Avenue Eugene Gazeau', 'AdditionalStreetName': None, 'CityName': 'Senlis', 'PostalZone': '60300', 'Country': 'FRA'};780507349;False;PROMEO ASSOCIATION DE FORMATION PROFESSIONNELLE DE LINDUSTRIE DE PICARDIE PROMEO AFPI PICARDIE;PROMEO ASSOCIATION DE FORMATION POUR LE DEVELOPPEMENT DE L EMPLOI DE PICARDIE - PROMEO AFDE PICARDIE;2026-09-22;{'StreetName': '23 Rue Balzac', 'AdditionalStreetName': None, 'CityName': 'Paris', 'PostalZone': '75008', 'Country': 'FRA'};309065043;False;UNIFORMATION;OPCO 2i - Direction Appui aux branches et action prospective;;;services;['Valeur technique', 'Prix'];['technique', 'prix'];[70.0, 30.0];;False;2600000.0;False;;sans remise en concurrence;;26-91034;;220000.0;;LOT-0008;80530000;2600000.0;10;1;;POEC Découverte des métiers de l'industrie;ouverte;2026-53;3.0;;;False;False;False;;9220.0;Association déclarée ;250  à  499;False;1900-01-01;94.11Z;2008;9220.0;Association déclarée ;100  à  199;True;<NA>;2008;P;85;85.5;85.59;85.59A;1900-01-01;(49.206555, 2.600375);Senlis;Oise;Hauts-de-France;(48.875419, 2.302406);Paris;Paris;Île-de-France;;;;;;;;
False;['80530000'];;True;True;False;attribue;{'StreetName': '60 Av Jean Mermoz', 'AdditionalStreetName': None, 'CityName': 'Lyon 8eme', 'PostalZone': '69008', 'Country': 'FRA'};411581374;False;ASS DE FORMATION PROFESSIONNELLE DE L INDUSTRIE LYON;ASS FORMATION PROF INDUSTRIE RHODANIENNE;2026-09-22;{'StreetName': '23 Rue Balzac', 'AdditionalStreetName': None, 'CityName': 'Paris', 'PostalZone': '75008', 'Country': 'FRA'};309065043;False;UNIFORMATION;OPCO 2i - Direction Appui aux branches et action prospective;;;services;['Valeur technique', 'Prix'];['technique', 'prix'];[70.0, 30.0];;False;2600000.0;False;;sans remise en concurrence;;26-91034;;480000.0;;LOT-0009;80530000;2600000.0;10;2;;POEC Découverte des métiers de l'industrie;ouverte;2026-53;3.0;;;False;False;False;;9220.0;Association déclarée ;250  à  499;False;1900-01-01;94.11Z;2008;9220.0;Association déclarée ;50  à  99;True;<NA>;2008;P;85;85.5;85.59;85.59A;1997-01-01;(45.733643, 4.877513);Lyon;Rhône;Auvergne-Rhône-Alpes;(48.875419, 2.302406);Paris;Paris;Île-de-France;;;;;;;;
False;['80530000'];;True;True;False;attribue;{'StreetName': '1 All Des Tyrandes', 'AdditionalStreetName': None, 'CityName': 'Peronnas', 'PostalZone': '01960', 'Country': 'FRA'};514903608;False;AFPMA FORMATION;AFPMA FORMATION;2026-09-22;{'StreetName': '23 Rue Balzac', 'AdditionalStreetName': None, 'CityName': 'Paris', 'PostalZone': '75008', 'Country': 'FRA'};309065043;False;UNIFORMATION;OPCO 2i - Direction Appui aux branches et action prospective;;;services;['Valeur technique', 'Prix'];['technique', 'prix'];[70.0, 30.0];;False;2600000.0;False;;sans remise en concurrence;;26-91034;;360000.0;;LOT-0010;80530000;2600000.0;10;2;;POEC Découverte des métiers de l'industrie;ouverte;2026-53;3.0;;;False;False;False;;9220.0;Association déclarée ;250  à  499;False;1900-01-01;94.11Z;2008;9220.0;Association déclarée ;20  à  49;True;<NA>;2008;P;85;85.5;85.59;85.59A;2009-09-01;(46.184274, 5.207491);Péronnas;Ain;Auvergne-Rhône-Alpes;(48.875419, 2.302406);Paris;Paris;Île-de-France;;;;;;;;
False;;;False;False;False;attribue;{'StreetName': None, 'AdditionalStreetName': None, 'CityName': 'Auray', 'PostalZone': '56400', 'Country': 'FRA'};413060492;True;AXO;AXO;2026-09-22;{'StreetName': 'Arche de la Défense - Paroi sud', 'AdditionalStreetName': None, 'CityName': 'La Défense Cedex', 'PostalZone': '92055', 'Country': 'FRA'};130019540;True;SECRETARIAT GENERAL DU MINISTERE DE LA TRANSITION ECOLOGIQUE ET SOLIDAIRE;Les ministères de la Transition écologique, de l’Aménagement du territoire, des Transports, de la Ville et du Logement;;;fournitures;['Critère 1', 'Critère 2', 'Critère 3'];['qualite', 'prix', 'qualite'];[50.0, 30.0, 20.0];1440.0;True;140000.0;False;{'StreetName': None, 'CityName': None, 'PostalZone': None, 'NUTS': None, 'Country': 'FRA'};sans remise en concurrence;;26-91004;;108252.0;;LOT-0001;39370000;160000.0;1;2;;Fontaines à bonbonnes  eau fraîche – eau chaude : location, installation et maintenance fourniture d’accessoires et de consommables associés;ouverte;SG-SAD3-041-25;;;;False;False;False;108252.0;7120.0;Service central d'un ministère ;1 000  à  1 999;False;2014-04-02;84.11Z;2008;5710.0;SAS, société par actions simplifiée;20  à  49;False;<NA>;2008;G;46;46.6;46.69;46.69C;1997-07-21;;Auray;Morbihan;Bretagne;(48.893143, 2.238056);Puteaux;Hauts-de-Seine;Île-de-France;;;;;;;;
False;['55120000'];;;False;False;attribue;{'StreetName': '18 rue Mogador', 'AdditionalStreetName': None, 'CityName': 'PARIS', 'PostalZone': '75009', 'Country': 'FRA'};325446003;True;JOUBERT VOYAGES;JOUBERT VOYAGES;2026-09-22;{'StreetName': '60 Bd du Général Martial Valin CS 21623', 'AdditionalStreetName': None, 'CityName': 'Paris cedex 15', 'PostalZone': '75509', 'Country': 'FRA'};130016512;True;;MINARM/SGA/SDPAMG;;;services;['60% critère technique 40% critère financier, voir Règlement de la consultation pour la décomposition des critères et sous critères'];['technique'];[60.0, 40.0];720.0;True;480000.0;False;{'StreetName': None, 'CityName': 'PARIS', 'PostalZone': None, 'NUTS': 'FR101', 'Country': 'FRA'};sans remise en concurrence;;26-90933;;79249.36;480000.0;LOT-0001;55120000;600000.0;1;6;;DAF_2025_001816_BCOM;ouverte;DAF_2025_001816_BCOM;1.0;;;True;False;False;79249.36;;;;;<NA>;<NA>;<NA>;5499.0;Société à responsabilité limitée (sans autre indication);10  à  19;<NA>;<NA>;2008;N;79;79.1;79.11;79.11Z;1982-09-01;(48.874509, 2.331441);Paris;Paris;Île-de-France;(48.836551, 2.27543);Paris;Paris;Île-de-France;;;;;;;;
False;;;True;False;False;attribue;{'StreetName': '59 rue de la tête noire, BP 20037', 'AdditionalStreetName': None, 'CityName': 'BERLAIMONT', 'PostalZone': '59145', 'Country': 'FRA'};510588551;True;LAURENT LABOUREUR;SARL LAURENT LABOUREUR;2026-09-22;{'StreetName': 'Hôtel de Ville - 1, Place du Docteur Pierre Forest', 'AdditionalStreetName': None, 'CityName': 'MAUBEUGE', 'PostalZone': '59600', 'Country': 'FRA'};215903923;True;COMMUNE DE MAUBEUGE;Ville de Maubeuge;;;services;['Prix', 'Valeur technique de l’offre, appréciée au regard du contenu et de la qualité du mémoire technique', 'Environnemental'];['prix', 'qualite', 'environnemental'];[30.0, 40.0, 30.0];1440.0;False;;False;{'StreetName': 'Hôtel de Ville - 1, Place du Docteur Pierre Forest', 'CityName': 'MAUBEUGE', 'PostalZone': '59600', 'NUTS': 'FRE11', 'Country': 'FRA'};sans remise en concurrence;;26-90866;;324434.04;;LOT-0001;77310000;356000.0;1;2;;Marché d’entretien des espaces verts des remparts : Tonte, Entretien spécifique  des talus et fauchages des remparts de la ville de Maubeuge.;ouverte;PPP1AK-499/6137/2026_08;3.0;;;False;False;False;324434.04;7210.0;Commune et commune nouvelle ;500  à  999;False;1978-01-01;84.11Z;2008;5499.0;Société à responsabilité limitée (sans autre indication);20  à  49;<NA>;<NA>;2008;N;81;81.3;81.3;81.30Z;2008-04-01;(50.20319, 3.797573);Berlaimont;Nord;Hauts-de-France;(50.279917, 3.967389);Maubeuge;Nord;Hauts-de-France;;;;;;;;
False;;;True;True;False;attribue;{'StreetName': 'ZI Lieu-dit Sous-le-Mont', 'AdditionalStreetName': None, 'CityName': 'HAUTMONT', 'PostalZone': '59330', 'Country': 'FRA'};399034131;True;RECYCLAGE DES VALLEES;RECYCLAGE DES VALLEES;2026-09-22;{'StreetName': 'Hôtel de Ville - 1, Place du Docteur Pierre Forest', 'AdditionalStreetName': None, 'CityName': 'MAUBEUGE', 'PostalZone': '59600', 'Country': 'FRA'};215903923;True;COMMUNE DE MAUBEUGE;Ville de Maubeuge;;;services;['Valeur environnementale', 'Valeur technique de l’offre, appréciée au regard du contenu et de la qualité du mémoire technique', 'Prix (montant total du DQE)'];['environnemental', 'qualite', 'prix'];[30.0, 30.0, 40.0];1440.0;False;;False;{'StreetName': 'Hôtel de Ville - 1, Place du Docteur Pierre Forest', 'CityName': 'MAUBEUGE', 'PostalZone': '59600', 'NUTS': 'FRE11', 'Country': 'FRA'};sans remise en concurrence;;26-90885;;453280.0;;LOT-0001;90511000;1120000.0;4;1;;Enlèvement, traitement des déchets municipaux et mise à disposition de bennes et conteneurs;ouverte;PPP1AK-500/6146/2026_013_016;3.0;;;False;False;False;;7210.0;Commune et commune nouvelle ;500  à  999;False;1978-01-01;84.11Z;2008;5499.0;Société à responsabilité limitée (sans autre indication);20  à  49;False;<NA>;2008;E;38;38.3;38.32;38.32Z;1994-10-01;(50.26178, 3.921645);Hautmont;Nord;Hauts-de-France;(50.279917, 3.967389);Maubeuge;Nord;Hauts-de-France;;;;;;;;
False;;;True;True;False;attribue;{'StreetName': 'Z.I LIEU DIT SOUS LE MONT, CD121', 'AdditionalStreetName': None, 'CityName': 'HAUTMONT', 'PostalZone': '59330', 'Country': 'FRA'};453103947;True;ENVIRONNEMENT SERVICES;ENVIRONNEMENT SERVICES;2026-09-22;{'StreetName': 'Hôtel de Ville - 1, Place du Docteur Pierre Forest', 'AdditionalStreetName': None, 'CityName': 'MAUBEUGE', 'PostalZone': '59600', 'Country': 'FRA'};215903923;True;COMMUNE DE MAUBEUGE;Ville de Maubeuge;;2026-08-18+02:00;services;"['Valeur environnementale', ""Valeur technique de l'offre"", 'Prix (montant total du DQE)']";['environnemental', 'technique', 'prix'];[30.0, 30.0, 40.0];;False;;False;{'StreetName': 'Hôtel de Ville - 1, Place du Docteur Pierre Forest', 'CityName': 'MAUBEUGE', 'PostalZone': '59600', 'NUTS': 'FRE11', 'Country': 'FRA'};sans remise en concurrence;;26-90885;;111640.0;;LOT-0002;90511000;1120000.0;4;2;;Enlèvement, traitement des déchets municipaux et mise à disposition de bennes et conteneurs;ouverte;PPP1AK-500/6146/2026_013_016;3.0;;;False;False;False;;7210.0;Commune et commune nouvelle ;500  à  999;False;1978-01-01;84.11Z;2008;5499.0;Société à responsabilité limitée (sans autre indication);10  à  19;False;<NA>;2008;H;49;49.4;49.41;49.41A;2004-01-01;(50.26178, 3.921645);Hautmont;Nord;Hauts-de-France;(50.279917, 3.967389);Maubeuge;Nord;Hauts-de-France;;;;;;;;
False;;;True;True;False;attribue;{'StreetName': 'Z.I LIEU DIT SOUS LE MONT, CD121', 'AdditionalStreetName': None, 'CityName': 'HAUTMONT', 'PostalZone': '59330', 'Country': 'FRA'};453103947;True;ENVIRONNEMENT SERVICES;ENVIRONNEMENT SERVICES;2026-09-22;{'StreetName': 'Hôtel de Ville - 1, Place du Docteur Pierre Forest', 'AdditionalStreetName': None, 'CityName': 'MAUBEUGE', 'PostalZone': '59600', 'Country': 'FRA'};215903923;True;COMMUNE DE MAUBEUGE;Ville de Maubeuge;;;services;"[""Valeur technique de l'offre"", 'Valeur environnementale', 'Prix (montant total du DQE)']";['technique', 'environnemental', 'prix'];[30.0, 30.0, 40.0];1440.0;False;;False;{'StreetName': 'Hôtel de Ville - 1, Place du Docteur Pierre Forest', 'CityName': 'MAUBEUGE', 'PostalZone': '59600', 'NUTS': 'FRE11', 'Country': 'FRA'};sans remise en concurrence;;26-90885;;29664.0;;LOT-0004;90511000;1120000.0;4;2;;Enlèvement, traitement des déchets municipaux et mise à disposition de bennes et conteneurs;ouverte;PPP1AK-500/6146/2026_013_016;3.0;;;False;False;False;;7210.0;Commune et commune nouvelle ;500  à  999;False;1978-01-01;84.11Z;2008;5499.0;Société à responsabilité limitée (sans autre indication);10  à  19;False;<NA>;2008;H;49;49.4;49.41;49.41A;2004-01-01;(50.26178, 3.921645);Hautmont;Nord;Hauts-de-France;(50.279917, 3.967389);Maubeuge;Nord;Hauts-de-France;;;;;;;;
False;;;True;True;False;non attribue;;;False;;;2026-09-22;{'StreetName': 'Hôtel de Ville - 1, Place du Docteur Pierre Forest', 'AdditionalStreetName': None, 'CityName': 'MAUBEUGE', 'PostalZone': '59600', 'Country': 'FRA'};215903923;True;COMMUNE DE MAUBEUGE;Ville de Maubeuge;;;services;"['Valeur environnementale', ""Valeur technique de l'offre"", 'Prix (montant total du DPGF)']";['environnemental', 'technique', 'prix'];[30.0, 30.0, 40.0];1440.0;False;;False;{'StreetName': 'Hôtel de Ville - 1, Place du Docteur Pierre Forest', 'CityName': 'MAUBEUGE', 'PostalZone': '59600', 'NUTS': 'FRE11', 'Country': 'FRA'};sans remise en concurrence;;26-90885;;;;LOT-0003;90511000;1120000.0;4;1;;Enlèvement, traitement des déchets municipaux et mise à disposition de bennes et conteneurs;ouverte;PPP1AK-500/6146/2026_013_016;3.0;;;False;False;False;;7210.0;Commune et commune nouvelle ;500  à  999;False;1978-01-01;84.11Z;2008;;;;;;<NA>;;;;;<NA>;<NA>;;;;;(50.279917, 3.967389);Maubeuge;Nord;Hauts-de-France;;;;;;;;
False;['90918000'];;True;False;False;attribue;{'StreetName': '1 IMPASSE DE LA SOURCE', 'AdditionalStreetName': None, 'CityName': 'VENELLES', 'PostalZone': '13770', 'Country': 'FRA'};479745440;True;AIXIA;AIXIA;2026-09-22;"{'StreetName': ""321 rue de l'AC Champion, CS 20 163"", 'AdditionalStreetName': None, 'CityName': 'Salon de provence cedex', 'PostalZone': '13654', 'Country': 'FRA'}";635880495;True;SEMISAP;SEMISAP;;2026-10-01+02:00;services;[];[];;;False;;False;{'StreetName': None, 'CityName': 'Salon-de-Provence', 'PostalZone': None, 'NUTS': 'FRL04', 'Country': 'FRA'};;;26-90975;;163202.04;0.0;LOT-0001;90911200;;1;7;;Nettoyage des locaux communs et manipulation des conteneurs;ouverte;2026-02;3.0;;;False;True;False;163202.04;5599.0;SA à conseil d'administration (s.a.i.);20  à  49;False;1958-01-01;68.20A;2008;5710.0;SAS, société par actions simplifiée;200  à  249;<NA>;<NA>;2008;N;81;81.2;81.21;81.21Z;2004-12-01;(43.585152, 5.475325);Venelles;Bouches-du-Rhône;Provence-Alpes-Côte d'Azur;(43.629134, 5.099717);Salon-de-Provence;Bouches-du-Rhône;Provence-Alpes-Côte d'Azur;;;;;;;;
False;;;True;True;False;attribue;{'StreetName': None, 'AdditionalStreetName': None, 'CityName': 'NANTERRE', 'PostalZone': '92000', 'Country': 'FRA'};531680445;True;TOTALENERGIES MARKETING FRANCE;TOTALENERGIES MARKETING FRANCE;2026-09-22;{'StreetName': '79, boulevard de Dunkerque', 'AdditionalStreetName': None, 'CityName': 'Marseille', 'PostalZone': '13235', 'Country': 'FRA'};059804062;True;REGIE DES TRANSPORTS METROPOLITAINS;RTM - Régie des Transports Métropolitains;;;fournitures;['Analysés compte tenu du montant résultant du Devis Descriptif Estimatif Détaillé (DDED), annexe 1 de l’Invitation à Soumissionner (IS), dont les prix unitaires sont issus du Bordereau des Prix Unitaires (BPU), annexe 1 de l’Acte d’Engagement (AE).', 'Appréciée en fonction du mémoire technique remis par les candidats à l’appui de leur offre et des éléments le constituant. La valeur technique est composée de trois sous-critères, représentant 100% de la valeur technique :\n\n- Sous-critère 1 (60%) : Qualité des moyens humains et matériels affectés à la réalisation des prestations (analysé au vu des éléments remis par les candidats en partie 1 du mémoire technique).\n\n- Sous-critère 2 (30%) : Pertinence du processus proposé pour la gestion des situations exceptionnelles (analysé au vu des éléments remis par les candidats en partie 2 du mémoire technique).\n\n- Sous-critère 3 (10%) : Engagement environnemental du candidat en lien avec les prestations de l’accord-cadre (analysé au vu des éléments remis par les candidats en partie 3 du mémoire technique).'];['prix', 'environnemental & social'];[50.0, 50.0];1460.0;False;0.0;False;{'StreetName': None, 'CityName': None, 'PostalZone': None, 'NUTS': 'FRL04', 'Country': 'FRA'};avec remise en concurrence;;26-90876;;104978728.61;;LOT-0001;09134200;;3;3;;FOURNITURE DE CARBURANTS POUR LE PARC DE VEHICULES DU GROUPEMENT DE COMMANDES : REGIE DES TRANSPORTS METROPOLITAINS (RTM) - METROPOLE AIX MARSEILLE PROVENCE - RTM EST METROPOLE - RTM OUEST METROPOL...;negociee;2025126 (ML);0.0;;;False;False;False;315961409.33;4110.0;Établissement public national à caractère industriel ou commercial doté d'un comptable public ;2 000  à  4 999;False;1959-01-01;49.31Z;2008;5710.0;SAS, société par actions simplifiée;1 000  à  1 999;False;False;2008;G;46;46.7;46.71;46.71Z;2011-03-25;;Nanterre;Hauts-de-Seine;Île-de-France;(51.040021, 2.405534);Dunkerque;Nord;Hauts-de-France;;;;;;;;
False;;;True;True;False;attribue;{'StreetName': None, 'AdditionalStreetName': None, 'CityName': 'BAUME LES DAMES', 'PostalZone': '25110', 'Country': 'FRA'};309024867;True;FRANC COMTOISE CARBURANTS COMBUSTIBLES;FRANC COMPTOISE CARBURANTS COMBUSTIBLE F3C;2026-09-22;{'StreetName': '79, boulevard de Dunkerque', 'AdditionalStreetName': None, 'CityName': 'Marseille', 'PostalZone': '13235', 'Country': 'FRA'};059804062;True;REGIE DES TRANSPORTS METROPOLITAINS;RTM - Régie des Transports Métropolitains;;;fournitures;['Analysés compte tenu du montant résultant du Devis Descriptif Estimatif Détaillé (DDED), annexe 1 de l’Invitation à Soumissionner (IS), dont les prix unitaires sont issus du Bordereau des Prix Unitaires (BPU), annexe 1 de l’Acte d’Engagement (AE).', 'Appréciée en fonction du mémoire technique remis par les candidats à l’appui de leur offre et des éléments le constituant. La valeur technique est composée de trois sous-critères, représentant 100% de la valeur technique :\n\n- Sous-critère 1 (60%) : Qualité des moyens humains et matériels affectés à la réalisation des prestations (analysé au vu des éléments remis par les candidats en partie 1 du mémoire technique).\n\n- Sous-critère 2 (30%) : Pertinence du processus proposé pour la gestion des situations exceptionnelles (analysé au vu des éléments remis par les candidats en partie 2 du mémoire technique).\n\n- Sous-critère 3 (10%) : Engagement environnemental du candidat en lien avec les prestations de l’accord-cadre (analysé au vu des éléments remis par les candidats en partie 3 du mémoire technique).'];['prix', 'environnemental & social'];[50.0, 50.0];1460.0;False;0.0;False;{'StreetName': None, 'CityName': None, 'PostalZone': None, 'NUTS': 'FRL04', 'Country': 'FRA'};avec remise en concurrence;;26-90876;;104978728.61;;LOT-0001;09134200;;3;3;;FOURNITURE DE CARBURANTS POUR LE PARC DE VEHICULES DU GROUPEMENT DE COMMANDES : REGIE DES TRANSPORTS METROPOLITAINS (RTM) - METROPOLE AIX MARSEILLE PROVENCE - RTM EST METROPOLE - RTM OUEST METROPOL...;negociee;2025126 (ML);0.0;;;False;False;False;315961409.33;4110.0;Établissement public national à caractère industriel ou commercial doté d'un comptable public ;2 000  à  4 999;False;1959-01-01;49.31Z;2008;5710.0;SAS, société par actions simplifiée;10  à  19;False;<NA>;2008;G;46;46.7;46.71;46.71Z;1976-01-01;;Baume-les-Dames;Doubs;Bourgogne-Franche-Comté;(51.040021, 2.405534);Dunkerque;Nord;Hauts-de-France;;;;;;;;
False;;;True;True;False;attribue;{'StreetName': None, 'AdditionalStreetName': None, 'CityName': 'LYON', 'PostalZone': '69007', 'Country': 'FRA'};969502004;True;ENILIVE FRANCE SARL;ENILIVE FRANCE;2026-09-22;{'StreetName': '79, boulevard de Dunkerque', 'AdditionalStreetName': None, 'CityName': 'Marseille', 'PostalZone': '13235', 'Country': 'FRA'};059804062;True;REGIE DES TRANSPORTS METROPOLITAINS;RTM - Régie des Transports Métropolitains;;;fournitures;['Analysés compte tenu du montant résultant du Devis Descriptif Estimatif Détaillé (DDED), annexe 1 de l’Invitation à Soumissionner (IS), dont les prix unitaires sont issus du Bordereau des Prix Unitaires (BPU), annexe 1 de l’Acte d’Engagement (AE).', 'Appréciée en fonction du mémoire technique remis par les candidats à l’appui de leur offre et des éléments le constituant. La valeur technique est composée de trois sous-critères, représentant 100% de la valeur technique :\n\n- Sous-critère 1 (60%) : Qualité des moyens humains et matériels affectés à la réalisation des prestations (analysé au vu des éléments remis par les candidats en partie 1 du mémoire technique).\n\n- Sous-critère 2 (30%) : Pertinence du processus proposé pour la gestion des situations exceptionnelles (analysé au vu des éléments remis par les candidats en partie 2 du mémoire technique).\n\n- Sous-critère 3 (10%) : Engagement environnemental du candidat en lien avec les prestations de l’accord-cadre (analysé au vu des éléments remis par les candidats en partie 3 du mémoire technique).'];['prix', 'environnemental & social'];[50.0, 50.0];1460.0;False;0.0;False;{'StreetName': None, 'CityName': None, 'PostalZone': None, 'NUTS': 'FRL04', 'Country': 'FRA'};avec remise en concurrence;;26-90876;;104978728.61;;LOT-0001;09134200;;3;3;;FOURNITURE DE CARBURANTS POUR LE PARC DE VEHICULES DU GROUPEMENT DE COMMANDES : REGIE DES TRANSPORTS METROPOLITAINS (RTM) - METROPOLE AIX MARSEILLE PROVENCE - RTM EST METROPOLE - RTM OUEST METROPOL...;negociee;2025126 (ML);0.0;;;False;False;False;315961409.33;4110.0;Établissement public national à caractère industriel ou commercial doté d'un comptable public ;2 000  à  4 999;False;1959-01-01;49.31Z;2008;5499.0;Société à responsabilité limitée (sans autre indication);50  à  99;False;False;2008;G;46;46.7;46.71;46.71Z;1969-01-01;;Lyon;Rhône;Auvergne-Rhône-Alpes;(51.040021, 2.405534);Dunkerque;Nord;Hauts-de-France;;;;;;;;
False;;;True;True;False;attribue;{'StreetName': None, 'AdditionalStreetName': None, 'CityName': 'NANTERRE', 'PostalZone': '92000', 'Country': 'FRA'};531680445;True;TOTALENERGIES MARKETING FRANCE;TOTALENERGIES MARKETING FRANCE;2026-09-22;{'StreetName': '79, boulevard de Dunkerque', 'AdditionalStreetName': None, 'CityName': 'Marseille', 'PostalZone': '13235', 'Country': 'FRA'};059804062;True;REGIE DES TRANSPORTS METROPOLITAINS;RTM - Régie des Transports Métropolitains;;;fournitures;['Analysés compte tenu du montant résultant du Devis Descriptif Estimatif Détaillé (DDED), annexe 1 de l’Invitation à Soumissionner (IS), dont les prix unitaires sont issus du Bordereau des Prix Unitaires (BPU), annexe 1 de l’Acte d’Engagement (AE).', 'Appréciée en fonction du mémoire technique remis par les candidats à l’appui de leur offre et des éléments le constituant. La valeur technique est composée de trois sous-critères, représentant 100% de la valeur technique :\n\n- Sous-critère 1 (60%) : Qualité des moyens humains et matériels affectés à la réalisation des prestations (analysé au vu des éléments remis par les candidats en partie 1 du mémoire technique).\n\n- Sous-critère 2 (30%) : Pertinence du processus proposé pour la gestion des situations exceptionnelles (analysé au vu des éléments remis par les candidats en partie 2 du mémoire technique).\n\n- Sous-critère 3 (10%) : Engagement environnemental du candidat en lien avec les prestations de l’accord-cadre (analysé au vu des éléments remis par les candidats en partie 3 du mémoire technique).'];['prix', 'environnemental & social'];[50.0, 50.0];1460.0;False;0.0;False;{'StreetName': None, 'CityName': None, 'PostalZone': None, 'NUTS': 'FRL04', 'Country': 'FRA'};avec remise en concurrence;;26-90876;;104978728.61;;LOT-0001;09134200;;3;3;;FOURNITURE DE CARBURANTS POUR LE PARC DE VEHICULES DU GROUPEMENT DE COMMANDES : REGIE DES TRANSPORTS METROPOLITAINS (RTM) - METROPOLE AIX MARSEILLE PROVENCE - RTM EST METROPOLE - RTM OUEST METROPOL...;negociee;2025126 (ML);0.0;;;False;False;False;315961409.33;4110.0;Établissement public national à caractère industriel ou commercial doté d'un comptable public ;2 000  à  4 999;False;1959-01-01;49.31Z;2008;5710.0;SAS, société par actions simplifiée;1 000  à  1 999;False;False;2008;G;46;46.7;46.71;46.71Z;2011-03-25;;Nanterre;Hauts-de-Seine;Île-de-France;(51.040021, 2.405534);Dunkerque;Nord;Hauts-de-France;;;;;;;;
False;;;True;True;False;attribue;{'StreetName': None, 'AdditionalStreetName': None, 'CityName': 'BAUME LES DAMES', 'PostalZone': '25110', 'Country': 'FRA'};309024867;True;FRANC COMTOISE CARBURANTS COMBUSTIBLES;FRANC COMPTOISE CARBURANTS COMBUSTIBLE F3C;2026-09-22;{'StreetName': '79, boulevard de Dunkerque', 'AdditionalStreetName': None, 'CityName': 'Marseille', 'PostalZone': '13235', 'Country': 'FRA'};059804062;True;REGIE DES TRANSPORTS METROPOLITAINS;RTM - Régie des Transports Métropolitains;;;fournitures;['Analysés compte tenu du montant résultant du Devis Descriptif Estimatif Détaillé (DDED), annexe 1 de l’Invitation à Soumissionner (IS), dont les prix unitaires sont issus du Bordereau des Prix Unitaires (BPU), annexe 1 de l’Acte d’Engagement (AE).', 'Appréciée en fonction du mémoire technique remis par les candidats à l’appui de leur offre et des éléments le constituant. La valeur technique est composée de trois sous-critères, représentant 100% de la valeur technique :\n\n- Sous-critère 1 (60%) : Qualité des moyens humains et matériels affectés à la réalisation des prestations (analysé au vu des éléments remis par les candidats en partie 1 du mémoire technique).\n\n- Sous-critère 2 (30%) : Pertinence du processus proposé pour la gestion des situations exceptionnelles (analysé au vu des éléments remis par les candidats en partie 2 du mémoire technique).\n\n- Sous-critère 3 (10%) : Engagement environnemental du candidat en lien avec les prestations de l’accord-cadre (analysé au vu des éléments remis par les candidats en partie 3 du mémoire technique).'];['prix', 'environnemental & social'];[50.0, 50.0];1460.0;False;0.0;False;{'StreetName': None, 'CityName': None, 'PostalZone': None, 'NUTS': 'FRL04', 'Country': 'FRA'};avec remise en concurrence;;26-90876;;104978728.61;;LOT-0001;09134200;;3;3;;FOURNITURE DE CARBURANTS POUR LE PARC DE VEHICULES DU GROUPEMENT DE COMMANDES : REGIE DES TRANSPORTS METROPOLITAINS (RTM) - METROPOLE AIX MARSEILLE PROVENCE - RTM EST METROPOLE - RTM OUEST METROPOL...;negociee;2025126 (ML);0.0;;;False;False;False;315961409.33;4110.0;Établissement public national à caractère industriel ou commercial doté d'un comptable public ;2 000  à  4 999;False;1959-01-01;49.31Z;2008;5710.0;SAS, société par actions simplifiée;10  à  19;False;<NA>;2008;G;46;46.7;46.71;46.71Z;1976-01-01;;Baume-les-Dames;Doubs;Bourgogne-Franche-Comté;(51.040021, 2.405534);Dunkerque;Nord;Hauts-de-France;;;;;;;;
False;;;True;True;False;attribue;{'StreetName': None, 'AdditionalStreetName': None, 'CityName': 'LYON', 'PostalZone': '69007', 'Country': 'FRA'};969502004;True;ENILIVE FRANCE SARL;ENILIVE FRANCE;2026-09-22;{'StreetName': '79, boulevard de Dunkerque', 'AdditionalStreetName': None, 'CityName': 'Marseille', 'PostalZone': '13235', 'Country': 'FRA'};059804062;True;REGIE DES TRANSPORTS METROPOLITAINS;RTM - Régie des Transports Métropolitains;;;fournitures;['Analysés compte tenu du montant résultant du Devis Descriptif Estimatif Détaillé (DDED), annexe 1 de l’Invitation à Soumissionner (IS), dont les prix unitaires sont issus du Bordereau des Prix Unitaires (BPU), annexe 1 de l’Acte d’Engagement (AE).', 'Appréciée en fonction du mémoire technique remis par les candidats à l’appui de leur offre et des éléments le constituant. La valeur technique est composée de trois sous-critères, représentant 100% de la valeur technique :\n\n- Sous-critère 1 (60%) : Qualité des moyens humains et matériels affectés à la réalisation des prestations (analysé au vu des éléments remis par les candidats en partie 1 du mémoire technique).\n\n- Sous-critère 2 (30%) : Pertinence du processus proposé pour la gestion des situations exceptionnelles (analysé au vu des éléments remis par les candidats en partie 2 du mémoire technique).\n\n- Sous-critère 3 (10%) : Engagement environnemental du candidat en lien avec les prestations de l’accord-cadre (analysé au vu des éléments remis par les candidats en partie 3 du mémoire technique).'];['prix', 'environnemental & social'];[50.0, 50.0];1460.0;False;0.0;False;{'StreetName': None, 'CityName': None, 'PostalZone': None, 'NUTS': 'FRL04', 'Country': 'FRA'};avec remise en concurrence;;26-90876;;104978728.61;;LOT-0001;09134200;;3;3;;FOURNITURE DE CARBURANTS POUR LE PARC DE VEHICULES DU GROUPEMENT DE COMMANDES : REGIE DES TRANSPORTS METROPOLITAINS (RTM) - METROPOLE AIX MARSEILLE PROVENCE - RTM EST METROPOLE - RTM OUEST METROPOL...;negociee;2025126 (ML);0.0;;;False;False;False;315961409.33;4110.0;Établissement public national à caractère industriel ou commercial doté d'un comptable public ;2 000  à  4 999;False;1959-01-01;49.31Z;2008;5499.0;Société à responsabilité limitée (sans autre indication);50  à  99;False;False;2008;G;46;46.7;46.71;46.71Z;1969-01-01;;Lyon;Rhône;Auvergne-Rhône-Alpes;(51.040021, 2.405534);Dunkerque;Nord;Hauts-de-France;;;;;;;;
False;;;True;True;False;attribue;{'StreetName': None, 'AdditionalStreetName': None, 'CityName': 'NANTERRE', 'PostalZone': '92000', 'Country': 'FRA'};531680445;True;TOTALENERGIES MARKETING FRANCE;TOTALENERGIES MARKETING FRANCE;2026-09-22;{'StreetName': '79, boulevard de Dunkerque', 'AdditionalStreetName': None, 'CityName': 'Marseille', 'PostalZone': '13235', 'Country': 'FRA'};059804062;True;REGIE DES TRANSPORTS METROPOLITAINS;RTM - Régie des Transports Métropolitains;;;fournitures;['Analysés compte tenu du montant résultant du Devis Descriptif Estimatif Détaillé (DDED), annexe 1 de l’Invitation à Soumissionner (IS), dont les prix unitaires sont issus du Bordereau des Prix Unitaires (BPU), annexe 1 de l’Acte d’Engagement (AE).', 'Appréciée en fonction du mémoire technique remis par les candidats à l’appui de leur offre et des éléments le constituant. La valeur technique est composée de trois sous-critères, représentant 100% de la valeur technique :\n\n- Sous-critère 1 (60%) : Qualité des moyens humains et matériels affectés à la réalisation des prestations (analysé au vu des éléments remis par les candidats en partie 1 du mémoire technique).\n\n- Sous-critère 2 (30%) : Pertinence du processus proposé pour la gestion des situations exceptionnelles (analysé au vu des éléments remis par les candidats en partie 2 du mémoire technique).\n\n- Sous-critère 3 (10%) : Engagement environnemental du candidat en lien avec les prestations de l’accord-cadre (analysé au vu des éléments remis par les candidats en partie 3 du mémoire technique).'];['prix', 'environnemental & social'];[50.0, 50.0];1460.0;False;0.0;False;{'StreetName': None, 'CityName': None, 'PostalZone': None, 'NUTS': 'FRL04', 'Country': 'FRA'};avec remise en concurrence;;26-90876;;104978728.61;;LOT-0001;09134200;;3;3;;FOURNITURE DE CARBURANTS POUR LE PARC DE VEHICULES DU GROUPEMENT DE COMMANDES : REGIE DES TRANSPORTS METROPOLITAINS (RTM) - METROPOLE AIX MARSEILLE PROVENCE - RTM EST METROPOLE - RTM OUEST METROPOL...;negociee;2025126 (ML);0.0;;;False;False;False;315961409.33;4110.0;Établissement public national à caractère industriel ou commercial doté d'un comptable public ;2 000  à  4 999;False;1959-01-01;49.31Z;2008;5710.0;SAS, société par actions simplifiée;1 000  à  1 999;False;False;2008;G;46;46.7;46.71;46.71Z;2011-03-25;;Nanterre;Hauts-de-Seine;Île-de-France;(51.040021, 2.405534);Dunkerque;Nord;Hauts-de-France;;;;;;;;
False;;;True;True;False;attribue;{'StreetName': None, 'AdditionalStreetName': None, 'CityName': 'BAUME LES DAMES', 'PostalZone': '25110', 'Country': 'FRA'};309024867;True;FRANC COMTOISE CARBURANTS COMBUSTIBLES;FRANC COMPTOISE CARBURANTS COMBUSTIBLE F3C;2026-09-22;{'StreetName': '79, boulevard de Dunkerque', 'AdditionalStreetName': None, 'CityName': 'Marseille', 'PostalZone': '13235', 'Country': 'FRA'};059804062;True;REGIE DES TRANSPORTS METROPOLITAINS;RTM - Régie des Transports Métropolitains;;;fournitures;['Analysés compte tenu du montant résultant du Devis Descriptif Estimatif Détaillé (DDED), annexe 1 de l’Invitation à Soumissionner (IS), dont les prix unitaires sont issus du Bordereau des Prix Unitaires (BPU), annexe 1 de l’Acte d’Engagement (AE).', 'Appréciée en fonction du mémoire technique remis par les candidats à l’appui de leur offre et des éléments le constituant. La valeur technique est composée de trois sous-critères, représentant 100% de la valeur technique :\n\n- Sous-critère 1 (60%) : Qualité des moyens humains et matériels affectés à la réalisation des prestations (analysé au vu des éléments remis par les candidats en partie 1 du mémoire technique).\n\n- Sous-critère 2 (30%) : Pertinence du processus proposé pour la gestion des situations exceptionnelles (analysé au vu des éléments remis par les candidats en partie 2 du mémoire technique).\n\n- Sous-critère 3 (10%) : Engagement environnemental du candidat en lien avec les prestations de l’accord-cadre (analysé au vu des éléments remis par les candidats en partie 3 du mémoire technique).'];['prix', 'environnemental & social'];[50.0, 50.0];1460.0;False;0.0;False;{'StreetName': None, 'CityName': None, 'PostalZone': None, 'NUTS': 'FRL04', 'Country': 'FRA'};avec remise en concurrence;;26-90876;;104978728.61;;LOT-0001;09134200;;3;3;;FOURNITURE DE CARBURANTS POUR LE PARC DE VEHICULES DU GROUPEMENT DE COMMANDES : REGIE DES TRANSPORTS METROPOLITAINS (RTM) - METROPOLE AIX MARSEILLE PROVENCE - RTM EST METROPOLE - RTM OUEST METROPOL...;negociee;2025126 (ML);0.0;;;False;False;False;315961409.33;4110.0;Établissement public national à caractère industriel ou commercial doté d'un comptable public ;2 000  à  4 999;False;1959-01-01;49.31Z;2008;5710.0;SAS, société par actions simplifiée;10  à  19;False;<NA>;2008;G;46;46.7;46.71;46.71Z;1976-01-01;;Baume-les-Dames;Doubs;Bourgogne-Franche-Comté;(51.040021, 2.405534);Dunkerque;Nord;Hauts-de-France;;;;;;;;
False;;;True;True;False;attribue;{'StreetName': None, 'AdditionalStreetName': None, 'CityName': 'LYON', 'PostalZone': '69007', 'Country': 'FRA'};969502004;True;ENILIVE FRANCE SARL;ENILIVE FRANCE;2026-09-22;{'StreetName': '79, boulevard de Dunkerque', 'AdditionalStreetName': None, 'CityName': 'Marseille', 'PostalZone': '13235', 'Country': 'FRA'};059804062;True;REGIE DES TRANSPORTS METROPOLITAINS;RTM - Régie des Transports Métropolitains;;;fournitures;['Analysés compte tenu du montant résultant du Devis Descriptif Estimatif Détaillé (DDED), annexe 1 de l’Invitation à Soumissionner (IS), dont les prix unitaires sont issus du Bordereau des Prix Unitaires (BPU), annexe 1 de l’Acte d’Engagement (AE).', 'Appréciée en fonction du mémoire technique remis par les candidats à l’appui de leur offre et des éléments le constituant. La valeur technique est composée de trois sous-critères, représentant 100% de la valeur technique :\n\n- Sous-critère 1 (60%) : Qualité des moyens humains et matériels affectés à la réalisation des prestations (analysé au vu des éléments remis par les candidats en partie 1 du mémoire technique).\n\n- Sous-critère 2 (30%) : Pertinence du processus proposé pour la gestion des situations exceptionnelles (analysé au vu des éléments remis par les candidats en partie 2 du mémoire technique).\n\n- Sous-critère 3 (10%) : Engagement environnemental du candidat en lien avec les prestations de l’accord-cadre (analysé au vu des éléments remis par les candidats en partie 3 du mémoire technique).'];['prix', 'environnemental & social'];[50.0, 50.0];1460.0;False;0.0;False;{'StreetName': None, 'CityName': None, 'PostalZone': None, 'NUTS': 'FRL04', 'Country': 'FRA'};avec remise en concurrence;;26-90876;;104978728.61;;LOT-0001;09134200;;3;3;;FOURNITURE DE CARBURANTS POUR LE PARC DE VEHICULES DU GROUPEMENT DE COMMANDES : REGIE DES TRANSPORTS METROPOLITAINS (RTM) - METROPOLE AIX MARSEILLE PROVENCE - RTM EST METROPOLE - RTM OUEST METROPOL...;negociee;2025126 (ML);0.0;;;False;False;False;315961409.33;4110.0;Établissement public national à caractère industriel ou commercial doté d'un comptable public ;2 000  à  4 999;False;1959-01-01;49.31Z;2008;5499.0;Société à responsabilité limitée (sans autre indication);50  à  99;False;False;2008;G;46;46.7;46.71;46.71Z;1969-01-01;;Lyon;Rhône;Auvergne-Rhône-Alpes;(51.040021, 2.405534);Dunkerque;Nord;Hauts-de-France;;;;;;;;
False;['71313000'];;True;False;False;attribue;{'StreetName': '9 Rte De Champagne', 'AdditionalStreetName': None, 'CityName': 'Ecully', 'PostalZone': '69130', 'Country': 'FRA'};352885925;False;ALGOE;ALGOE;2026-09-22;{'StreetName': '1277 Route des Crêtes', 'AdditionalStreetName': None, 'CityName': 'Anse', 'PostalZone': '69480', 'Country': 'FRA'};200040574;False;COMMUNAUTE DE COMMUNES BEAUJOLAIS PIERRES DOREES;CC BEAUJOLAIS PIERRES DOREES;;2026-08-03+02:00;services;['Qualité', 'Prix des prestations'];['qualite', 'prix'];[60.0, 40.0];1080.0;False;;False;;;;26-90917;;58600.0;;LOT-0000;71351611;;1;8;;Révision du Plan Climat Eau Energie Territorial et réalisation d'un Bilan des Emissions de Gaz à Effet de Serre;ouverte;26.01;;;;False;False;False;58600.0;7346.0;Communauté de communes ;250  à  499;False;2014-01-01;84.11Z;2008;5710.0;SAS, société par actions simplifiée;100  à  199;False;False;2008;M;70;70.2;70.22;70.22Z;1990-01-01;(45.783258, 4.780917);Écully;Rhône;Auvergne-Rhône-Alpes;(45.938061, 4.688367);Anse;Rhône;Auvergne-Rhône-Alpes;;;;;;;;
False;['03200000'];;True;False;False;attribue;{'StreetName': 'Rue Jacques De Vaucanson', 'AdditionalStreetName': None, 'CityName': 'Mions', 'PostalZone': '69780', 'Country': 'FRA'};552044992;False;POMONA;POMONA;2026-09-22;{'StreetName': '20 rue du Lac', 'AdditionalStreetName': 'Cs 33569', 'CityName': 'Lyon', 'PostalZone': '69505', 'Country': 'FRA'};200046977;False;METROPOLE DE LYON;Métropole de Lyon;;2026-10-20+02:00;fournitures;['Qualité des produits proposés par le candidat', 'Performance en matière de développement durable et de qualité environnementale', 'Qualité de service proposé', 'Prix'];['qualite', 'environnemental', 'qualite', 'prix'];[30.0, 20.0, 10.0, 40.0];720.0;True;760000.0;False;;sans remise en concurrence;;26-90873;;400000.0;;LOT-0002;03200000;400000.0;1;8;;Fourniture de fruits, légumes et légumineuses pour les restaurants de la Métropole de Lyon et de l'Institut Départemental Enfance et Famille (IDEF) : 3 lots;ouverte;26DRHMG015;1.0;;;False;True;False;400000.0;7229.0;(Autre) Collectivité territoriale ;10 000  et plus ;False;2015-01-01;84.11Z;2008;5699.0;SA à directoire (s.a.i.);5 000  à  9 999;False;False;2008;G;46;46.3;46.39;46.39B;1955-01-01;(45.675568, 4.962986);Mions;Rhône;Auvergne-Rhône-Alpes;(45.758093, 4.8544);Lyon;Rhône;Auvergne-Rhône-Alpes;;;;;;;;
False;;;False;False;False;attribue;{'StreetName': '19 Bis Avenue Carnot', 'AdditionalStreetName': '91600 SAVIGNY SUR ORGE', 'CityName': 'SAVIGNY SUR ORGE', 'PostalZone': '91600', 'Country': 'FRA'};501117014;True;ETUDE VERROUILLAGE SECURITE;ETUDE VERROUILAGE SECURITE;2026-09-22;{'StreetName': 'Place du 11 Novembre 1918', 'AdditionalStreetName': '58 Allée Auguste Geneviève\n93390 CLICHY SOUS BOIS', 'CityName': 'Clichy sous bois', 'PostalZone': '93390', 'Country': 'FRA'};219300142;True;COMMUNE DE CLICHY-SOUS-BOIS;Mairie de Clichy-sous-Bois;;;fournitures;[];[];;1440.0;False;;False;{'StreetName': None, 'CityName': None, 'PostalZone': None, 'NUTS': None, 'Country': None};sans remise en concurrence;;26-90991;;;480000.0;LOT-0001;44316500;120000.0;1;5;;FOURNITURE, POSE ET PROGRAMMATION DE SERRURES ET CLÉS ÉLECTRONIQUES;ouverte;2026-17;3.0;;;False;False;False;;7210.0;Commune et commune nouvelle ;1 000  à  1 999;False;1980-01-01;84.11Z;2008;5499.0;Société à responsabilité limitée (sans autre indication);3  à  5;False;<NA>;2008;G;46;46.1;46.18;46.18Z;2007-10-30;(48.677178, 2.349825);Savigny-sur-Orge;Essonne;Île-de-France;(48.91741, 2.543359);Clichy-sous-Bois;Seine-Saint-Denis;Île-de-France;;;;;;;;
False;['92370000'];;True;False;False;attribue;"{'StreetName': ""1 All D''Effiat"", 'AdditionalStreetName': None, 'CityName': 'Longjumeau', 'PostalZone': '91160', 'Country': 'FRA'}";528101991;False;FX CONCEPT SPECIAL EFFECTS;IMPACT EVENEMENT;2026-09-22;{'StreetName': '2, place André Mignot', 'AdditionalStreetName': None, 'CityName': 'Versailles', 'PostalZone': '78012', 'Country': 'FRA'};227806460;False;DEPARTEMENT DES YVELINES;Conseil Départemental des Yvelines;;2026-06-05+02:00;services;['Prix', 'Valeur technique', 'Performance environnementale'];['prix', 'technique', 'environnemental'];[60.0, 30.0, 10.0];360.0;True;;False;;sans remise en concurrence;;26-90966;;55668.57;;LOT-0000;92370000;450000.0;1;7;;Prestation de service audiovisuel scénique et évènementiel;ouverte;20251024;2.0;;;True;True;True;55668.57;7220.0;Département ;2 000  à  4 999;False;1982-01-01;84.11Z;2008;5499.0;Société à responsabilité limitée (sans autre indication);;False;<NA>;2008;R;90;90.0;90.01;90.01Z;2010-10-01;(48.697891, 2.29001);Longjumeau;Essonne;Île-de-France;(48.80248, 2.131327);Versailles;Yvelines;Île-de-France;;;;;;;;
False;['80530000'];;True;True;False;attribue;{'StreetName': '11 Rue Alexis Tocqueville', 'AdditionalStreetName': None, 'CityName': 'Toulouse', 'PostalZone': '31000', 'Country': 'FRA'};903869618;False;APAVE EXPLOITATION FRANCE;APAVE EXPLOITATION FRANCE;2026-09-22;{'StreetName': '23 Rue Balzac', 'AdditionalStreetName': None, 'CityName': 'Paris', 'PostalZone': '75008', 'Country': 'FRA'};309065043;False;UNIFORMATION;OPCO 2i - Direction Appui aux branches et action prospective;;;services;['Critères techniques', 'Prix'];['technique', 'prix'];[70.0, 30.0];;False;7578800.0;False;;sans remise en concurrence;;26-91033;;260000.0;;LOT-0001;80530000;7578800.0;25;1;;POEC Formation aux métiers de l'industrie (usinage, chaudronnerie, soudage, tuyauterie…);ouverte;2026-52;3.0;;;False;False;False;;9220.0;Association déclarée ;250  à  499;False;1900-01-01;94.11Z;2008;5710.0;SAS, société par actions simplifiée;5 000  à  9 999;False;False;2008;M;71;71.2;71.2;71.20B;2021-09-28;(43.645869, 1.456855);Toulouse;Haute-Garonne;Occitanie;(48.875419, 2.302406);Paris;Paris;Île-de-France;;;;;;;;
False;['80530000'];;True;True;False;attribue;{'StreetName': '4 Rue Des Chateaux', 'AdditionalStreetName': None, 'CityName': 'Marcq-En-Baroeul', 'PostalZone': '59700', 'Country': 'FRA'};445312432;False;AFPI ACM FORMATION;AFPI acm Formation;2026-09-22;{'StreetName': '23 Rue Balzac', 'AdditionalStreetName': None, 'CityName': 'Paris', 'PostalZone': '75008', 'Country': 'FRA'};309065043;False;UNIFORMATION;OPCO 2i - Direction Appui aux branches et action prospective;;;services;['Critères techniques', 'Prix'];['technique', 'prix'];[70.0, 30.0];;False;7578800.0;False;;sans remise en concurrence;;26-91033;;220000.0;;LOT-0002;80530000;7578800.0;25;2;;POEC Formation aux métiers de l'industrie (usinage, chaudronnerie, soudage, tuyauterie…);ouverte;2026-52;3.0;;;False;False;False;;9220.0;Association déclarée ;250  à  499;False;1900-01-01;94.11Z;2008;9220.0;Association déclarée ;100  à  199;True;<NA>;2008;P;85;85.5;85.59;85.59A;2003-04-01;(50.655702, 3.081567);Marcq-en-Barœul;Nord;Hauts-de-France;(48.875419, 2.302406);Paris;Paris;Île-de-France;;;;;;;;
False;['80530000'];;True;True;False;attribue;{'StreetName': '1 Avenue Eugene Gazeau', 'AdditionalStreetName': None, 'CityName': 'Senlis', 'PostalZone': '60300', 'Country': 'FRA'};780507349;False;PROMEO ASSOCIATION DE FORMATION PROFESSIONNELLE DE LINDUSTRIE DE PICARDIE PROMEO AFPI PICARDIE;PROMEO ASSOCIATION DE FORMATION POUR LE DEVELOPPEMENT DE L EMPLOI DE PICARDIE - PROMEO AFDE PICARDIE;2026-09-22;{'StreetName': '23 Rue Balzac', 'AdditionalStreetName': None, 'CityName': 'Paris', 'PostalZone': '75008', 'Country': 'FRA'};309065043;False;UNIFORMATION;OPCO 2i - Direction Appui aux branches et action prospective;;;services;['Critères techniques', 'Prix'];['technique', 'prix'];[70.0, 30.0];;False;7578800.0;False;;sans remise en concurrence;;26-91033;;220000.0;;LOT-0003;80530000;7578800.0;25;1;;POEC Formation aux métiers de l'industrie (usinage, chaudronnerie, soudage, tuyauterie…);ouverte;2026-52;3.0;;;False;False;False;;9220.0;Association déclarée ;250  à  499;False;1900-01-01;94.11Z;2008;9220.0;Association déclarée ;100  à  199;True;<NA>;2008;P;85;85.5;85.59;85.59A;1900-01-01;(49.206555, 2.600375);Senlis;Oise;Hauts-de-France;(48.875419, 2.302406);Paris;Paris;Île-de-France;;;;;;;;
False;['80530000'];;True;True;False;attribue;{'StreetName': '4 Rue Des Chateaux', 'AdditionalStreetName': None, 'CityName': 'Marcq-En-Baroeul', 'PostalZone': '59700', 'Country': 'FRA'};445312432;False;AFPI ACM FORMATION;AFPI acm Formation;2026-09-22;{'StreetName': '23 Rue Balzac', 'AdditionalStreetName': None, 'CityName': 'Paris', 'PostalZone': '75008', 'Country': 'FRA'};309065043;False;UNIFORMATION;OPCO 2i - Direction Appui aux branches et action prospective;;;services;['Critères techniques', 'Prix'];['technique', 'prix'];[70.0, 30.0];;False;7578800.0;False;;sans remise en concurrence;;26-91033;;220000.0;;LOT-0004;80530000;7578800.0;25;3;;POEC Formation aux métiers de l'industrie (usinage, chaudronnerie, soudage, tuyauterie…);ouverte;2026-52;3.0;;;False;False;False;;9220.0;Association déclarée ;250  à  499;False;1900-01-01;94.11Z;2008;9220.0;Association déclarée ;100  à  199;True;<NA>;2008;P;85;85.5;85.59;85.59A;2003-04-01;(50.655702, 3.081567);Marcq-en-Barœul;Nord;Hauts-de-France;(48.875419, 2.302406);Paris;Paris;Île-de-France;;;;;;;;
False;['80530000'];;True;True;False;attribue;{'StreetName': '4 Rue Des Chateaux', 'AdditionalStreetName': None, 'CityName': 'Marcq-En-Baroeul', 'PostalZone': '59700', 'Country': 'FRA'};445312432;False;AFPI ACM FORMATION;AFPI acm Formation;2026-09-22;{'StreetName': '23 Rue Balzac', 'AdditionalStreetName': None, 'CityName': 'Paris', 'PostalZone': '75008', 'Country': 'FRA'};309065043;False;UNIFORMATION;OPCO 2i - Direction Appui aux branches et action prospective;;;services;['Critères techniques', 'Prix'];['technique', 'prix'];[70.0, 30.0];;False;7578800.0;False;;sans remise en concurrence;;26-91033;;220000.0;;LOT-0005;80530000;7578800.0;25;2;;POEC Formation aux métiers de l'industrie (usinage, chaudronnerie, soudage, tuyauterie…);ouverte;2026-52;3.0;;;False;False;False;;9220.0;Association déclarée ;250  à  499;False;1900-01-01;94.11Z;2008;9220.0;Association déclarée ;100  à  199;True;<NA>;2008;P;85;85.5;85.59;85.59A;2003-04-01;(50.655702, 3.081567);Marcq-en-Barœul;Nord;Hauts-de-France;(48.875419, 2.302406);Paris;Paris;Île-de-France;;;;;;;;
False;['80530000'];;True;True;False;attribue;{'StreetName': '4 Rue Des Chateaux', 'AdditionalStreetName': None, 'CityName': 'Marcq-En-Baroeul', 'PostalZone': '59700', 'Country': 'FRA'};445312432;False;AFPI ACM FORMATION;AFPI acm Formation;2026-09-22;{'StreetName': '23 Rue Balzac', 'AdditionalStreetName': None, 'CityName': 'Paris', 'PostalZone': '75008', 'Country': 'FRA'};309065043;False;UNIFORMATION;OPCO 2i - Direction Appui aux branches et action prospective;;;services;['Critères techniques', 'Prix'];['technique', 'prix'];[70.0, 30.0];;False;7578800.0;False;;sans remise en concurrence;;26-91033;;220000.0;;LOT-0006;80530000;7578800.0;25;3;;POEC Formation aux métiers de l'industrie (usinage, chaudronnerie, soudage, tuyauterie…);ouverte;2026-52;3.0;;;False;False;False;;9220.0;Association déclarée ;250  à  499;False;1900-01-01;94.11Z;2008;9220.0;Association déclarée ;100  à  199;True;<NA>;2008;P;85;85.5;85.59;85.59A;2003-04-01;(50.655702, 3.081567);Marcq-en-Barœul;Nord;Hauts-de-France;(48.875419, 2.302406);Paris;Paris;Île-de-France;;;;;;;;
False;['80530000'];;True;True;False;attribue;{'StreetName': '4 Rue Des Chateaux', 'AdditionalStreetName': None, 'CityName': 'Marcq-En-Baroeul', 'PostalZone': '59700', 'Country': 'FRA'};445312432;False;AFPI ACM FORMATION;AFPI acm Formation;2026-09-22;{'StreetName': '23 Rue Balzac', 'AdditionalStreetName': None, 'CityName': 'Paris', 'PostalZone': '75008', 'Country': 'FRA'};309065043;False;UNIFORMATION;OPCO 2i - Direction Appui aux branches et action prospective;;;services;['Critères techniques', 'Prix'];['technique', 'prix'];[70.0, 30.0];;False;7578800.0;False;;sans remise en concurrence;;26-91033;;220000.0;;LOT-0007;80530000;7578800.0;25;1;;POEC Formation aux métiers de l'industrie (usinage, chaudronnerie, soudage, tuyauterie…);ouverte;2026-52;3.0;;;False;False;False;;9220.0;Association déclarée ;250  à  499;False;1900-01-01;94.11Z;2008;9220.0;Association déclarée ;100  à  199;True;<NA>;2008;P;85;85.5;85.59;85.59A;2003-04-01;(50.655702, 3.081567);Marcq-en-Barœul;Nord;Hauts-de-France;(48.875419, 2.302406);Paris;Paris;Île-de-France;;;;;;;;
False;['80530000'];;True;True;False;attribue;{'StreetName': '1 Avenue Eugene Gazeau', 'AdditionalStreetName': None, 'CityName': 'Senlis', 'PostalZone': '60300', 'Country': 'FRA'};780507349;False;PROMEO ASSOCIATION DE FORMATION PROFESSIONNELLE DE LINDUSTRIE DE PICARDIE PROMEO AFPI PICARDIE;PROMEO ASSOCIATION DE FORMATION POUR LE DEVELOPPEMENT DE L EMPLOI DE PICARDIE - PROMEO AFDE PICARDIE;2026-09-22;{'StreetName': '23 Rue Balzac', 'AdditionalStreetName': None, 'CityName': 'Paris', 'PostalZone': '75008', 'Country': 'FRA'};309065043;False;UNIFORMATION;OPCO 2i - Direction Appui aux branches et action prospective;;;services;['Critères techniques', 'Prix'];['technique', 'prix'];[70.0, 30.0];;False;7578800.0;False;;sans remise en concurrence;;26-91033;;220000.0;;LOT-0008;80530000;7578800.0;25;2;;POEC Formation aux métiers de l'industrie (usinage, chaudronnerie, soudage, tuyauterie…);ouverte;2026-52;3.0;;;False;False;False;;9220.0;Association déclarée ;250  à  499;False;1900-01-01;94.11Z;2008;9220.0;Association déclarée ;100  à  199;True;<NA>;2008;P;85;85.5;85.59;85.59A;1900-01-01;(49.206555, 2.600375);Senlis;Oise;Hauts-de-France;(48.875419, 2.302406);Paris;Paris;Île-de-France;;;;;;;;
False;['80530000'];;True;True;False;attribue;{'StreetName': '4 Rue Des Chateaux', 'AdditionalStreetName': None, 'CityName': 'Marcq-En-Baroeul', 'PostalZone': '59700', 'Country': 'FRA'};445312432;False;AFPI ACM FORMATION;AFPI acm Formation;2026-09-22;{'StreetName': '23 Rue Balzac', 'AdditionalStreetName': None, 'CityName': 'Paris', 'PostalZone': '75008', 'Country': 'FRA'};309065043;False;UNIFORMATION;OPCO 2i - Direction Appui aux branches et action prospective;;;services;['Critères techniques', 'Prix'];['technique', 'prix'];[70.0, 30.0];;False;7578800.0;False;;sans remise en concurrence;;26-91033;;220000.0;;LOT-0009;80530000;7578800.0;25;1;;POEC Formation aux métiers de l'industrie (usinage, chaudronnerie, soudage, tuyauterie…);ouverte;2026-52;3.0;;;False;False;False;;9220.0;Association déclarée ;250  à  499;False;1900-01-01;94.11Z;2008;9220.0;Association déclarée ;100  à  199;True;<NA>;2008;P;85;85.5;85.59;85.59A;2003-04-01;(50.655702, 3.081567);Marcq-en-Barœul;Nord;Hauts-de-France;(48.875419, 2.302406);Paris;Paris;Île-de-France;;;;;;;;
False;['80530000'];;True;True;False;attribue;{'StreetName': '1 Avenue Eugene Gazeau', 'AdditionalStreetName': None, 'CityName': 'Senlis', 'PostalZone': '60300', 'Country': 'FRA'};780507349;False;PROMEO ASSOCIATION DE FORMATION PROFESSIONNELLE DE LINDUSTRIE DE PICARDIE PROMEO AFPI PICARDIE;PROMEO ASSOCIATION DE FORMATION POUR LE DEVELOPPEMENT DE L EMPLOI DE PICARDIE - PROMEO AFDE PICARDIE;2026-09-22;{'StreetName': '23 Rue Balzac', 'AdditionalStreetName': None, 'CityName': 'Paris', 'PostalZone': '75008', 'Country': 'FRA'};309065043;False;UNIFORMATION;OPCO 2i - Direction Appui aux branches et action prospective;;;services;['Critères techniques', 'Prix'];['technique', 'prix'];[70.0, 30.0];;False;7578800.0;False;;sans remise en concurrence;;26-91033;;200000.0;;LOT-0010;80530000;7578800.0;25;1;;POEC Formation aux métiers de l'industrie (usinage, chaudronnerie, soudage, tuyauterie…);ouverte;2026-52;3.0;;;False;False;False;;9220.0;Association déclarée ;250  à  499;False;1900-01-01;94.11Z;2008;9220.0;Association déclarée ;100  à  199;True;<NA>;2008;P;85;85.5;85.59;85.59A;1900-01-01;(49.206555, 2.600375);Senlis;Oise;Hauts-de-France;(48.875419, 2.302406);Paris;Paris;Île-de-France;;;;;;;;
False;['80530000'];;True;True;False;attribue;{'StreetName': '1 Avenue Eugene Gazeau', 'AdditionalStreetName': None, 'CityName': 'Senlis', 'PostalZone': '60300', 'Country': 'FRA'};780507349;False;PROMEO ASSOCIATION DE FORMATION PROFESSIONNELLE DE LINDUSTRIE DE PICARDIE PROMEO AFPI PICARDIE;PROMEO ASSOCIATION DE FORMATION POUR LE DEVELOPPEMENT DE L EMPLOI DE PICARDIE - PROMEO AFDE PICARDIE;2026-09-22;{'StreetName': '23 Rue Balzac', 'AdditionalStreetName': None, 'CityName': 'Paris', 'PostalZone': '75008', 'Country': 'FRA'};309065043;False;UNIFORMATION;OPCO 2i - Direction Appui aux branches et action prospective;;;services;['Critères techniques', 'Prix'];['technique', 'prix'];[70.0, 30.0];;False;7578800.0;False;;sans remise en concurrence;;26-91033;;220000.0;;LOT-0011;80530000;7578800.0;25;1;;POEC Formation aux métiers de l'industrie (usinage, chaudronnerie, soudage, tuyauterie…);ouverte;2026-52;3.0;;;False;False;False;;9220.0;Association déclarée ;250  à  499;False;1900-01-01;94.11Z;2008;9220.0;Association déclarée ;100  à  199;True;<NA>;2008;P;85;85.5;85.59;85.59A;1900-01-01;(49.206555, 2.600375);Senlis;Oise;Hauts-de-France;(48.875419, 2.302406);Paris;Paris;Île-de-France;;;;;;;;
False;['80530000'];;True;True;False;attribue;{'StreetName': '1 Avenue Eugene Gazeau', 'AdditionalStreetName': None, 'CityName': 'Senlis', 'PostalZone': '60300', 'Country': 'FRA'};780507349;False;PROMEO ASSOCIATION DE FORMATION PROFESSIONNELLE DE LINDUSTRIE DE PICARDIE PROMEO AFPI PICARDIE;PROMEO ASSOCIATION DE FORMATION POUR LE DEVELOPPEMENT DE L EMPLOI DE PICARDIE - PROMEO AFDE PICARDIE;2026-09-22;{'StreetName': '23 Rue Balzac', 'AdditionalStreetName': None, 'CityName': 'Paris', 'PostalZone': '75008', 'Country': 'FRA'};309065043;False;UNIFORMATION;OPCO 2i - Direction Appui aux branches et action prospective;;;services;['Critères techniques', 'Prix'];['technique', 'prix'];[70.0, 30.0];;False;7578800.0;False;;sans remise en concurrence;;26-91033;;200000.0;;LOT-0012;80530000;7578800.0;25;1;;POEC Formation aux métiers de l'industrie (usinage, chaudronnerie, soudage, tuyauterie…);ouverte;2026-52;3.0;;;False;False;False;;9220.0;Association déclarée ;250  à  499;False;1900-01-01;94.11Z;2008;9220.0;Association déclarée ;100  à  199;True;<NA>;2008;P;85;85.5;85.59;85.59A;1900-01-01;(49.206555, 2.600375);Senlis;Oise;Hauts-de-France;(48.875419, 2.302406);Paris;Paris;Île-de-France;;;;;;;;
False;['80530000'];;True;True;False;attribue;{'StreetName': '1 Rue Gaye-Marie', 'AdditionalStreetName': None, 'CityName': 'Toulouse', 'PostalZone': '31300', 'Country': 'FRA'};798150454;False;TESTI;TESTIA;2026-09-22;{'StreetName': '23 Rue Balzac', 'AdditionalStreetName': None, 'CityName': 'Paris', 'PostalZone': '75008', 'Country': 'FRA'};309065043;False;UNIFORMATION;OPCO 2i - Direction Appui aux branches et action prospective;;;services;['Critères techniques', 'Prix'];['technique', 'prix'];[70.0, 30.0];;False;7578800.0;False;;sans remise en concurrence;;26-91033;;180000.0;;LOT-0013;80530000;7578800.0;25;1;;POEC Formation aux métiers de l'industrie (usinage, chaudronnerie, soudage, tuyauterie…);ouverte;2026-52;3.0;;;False;False;False;;9220.0;Association déclarée ;250  à  499;False;1900-01-01;94.11Z;2008;5499.0;Société à responsabilité limitée (sans autre indication);6  à  9;False;<NA>;2008;I;56;56.1;56.1;56.10C;2013-11-01;(43.604298, 1.355788);Toulouse;Haute-Garonne;Occitanie;(48.875419, 2.302406);Paris;Paris;Île-de-France;;;;;;;;
False;['80530000'];;True;True;False;attribue;{'StreetName': '2245 route de Minhotz', 'AdditionalStreetName': None, 'CityName': 'Hasparren', 'PostalZone': '64240', 'Country': 'FRA'};391430121;False;LUR BERRI DISTRIBUTION;OFA;2026-09-22;{'StreetName': '23 Rue Balzac', 'AdditionalStreetName': None, 'CityName': 'Paris', 'PostalZone': '75008', 'Country': 'FRA'};309065043;False;UNIFORMATION;OPCO 2i - Direction Appui aux branches et action prospective;;;services;['Critères techniques', 'Prix'];['technique', 'prix'];[70.0, 30.0];;False;7578800.0;False;;sans remise en concurrence;;26-91033;;630000.0;;LOT-0014;80530000;7578800.0;25;1;;POEC Formation aux métiers de l'industrie (usinage, chaudronnerie, soudage, tuyauterie…);ouverte;2026-52;3.0;;;False;False;False;;9220.0;Association déclarée ;250  à  499;False;1900-01-01;94.11Z;2008;5710.0;SAS, société par actions simplifiée;20  à  49;False;<NA>;2008;G;46;46.2;46.21;46.21Z;1993-07-01;(43.387822, -1.27361);Hasparren;Pyrénées-Atlantiques;Nouvelle-Aquitaine;(48.875419, 2.302406);Paris;Paris;Île-de-France;;;;;;;;
False;['80530000'];;True;True;False;attribue;{'StreetName': '41 Rue Des Metissages', 'AdditionalStreetName': None, 'CityName': 'Tourcoing', 'PostalZone': '59200', 'Country': 'FRA'};306852583;False;INFORMA;INFORMA;2026-09-22;{'StreetName': '23 Rue Balzac', 'AdditionalStreetName': None, 'CityName': 'Paris', 'PostalZone': '75008', 'Country': 'FRA'};309065043;False;UNIFORMATION;OPCO 2i - Direction Appui aux branches et action prospective;;;services;['Critères techniques', 'Prix'];['technique', 'prix'];[70.0, 30.0];;False;7578800.0;False;;sans remise en concurrence;;26-91033;;350000.0;;LOT-0015;80530000;7578800.0;25;1;;POEC Formation aux métiers de l'industrie (usinage, chaudronnerie, soudage, tuyauterie…);ouverte;2026-52;3.0;;;False;False;False;;9220.0;Association déclarée ;250  à  499;False;1900-01-01;94.11Z;2008;9220.0;Association déclarée ;10  à  19;True;<NA>;2008;P;85;85.5;85.59;85.59A;1900-01-01;(50.707183, 3.165628);Tourcoing;Nord;Hauts-de-France;(48.875419, 2.302406);Paris;Paris;Île-de-France;;;;;;;;
False;['80530000'];;True;True;False;attribue;{'StreetName': '9 Rue De L Halbrane', 'AdditionalStreetName': None, 'CityName': 'Bouguenais', 'PostalZone': '44340', 'Country': 'FRA'};788354264;False;AFPI PAYS DE LA LOIRE;AFPI PAYS DE LA LOIRE;2026-09-22;{'StreetName': '23 Rue Balzac', 'AdditionalStreetName': None, 'CityName': 'Paris', 'PostalZone': '75008', 'Country': 'FRA'};309065043;False;UNIFORMATION;OPCO 2i - Direction Appui aux branches et action prospective;;;services;['Critères techniques', 'Prix'];['technique', 'prix'];[70.0, 30.0];;False;7578800.0;False;;sans remise en concurrence;;26-91033;;200000.0;;LOT-0016;80530000;7578800.0;25;1;;POEC Formation aux métiers de l'industrie (usinage, chaudronnerie, soudage, tuyauterie…);ouverte;2026-52;3.0;;;False;False;False;;9220.0;Association déclarée ;250  à  499;False;1900-01-01;94.11Z;2008;9220.0;Association déclarée ;200  à  249;True;<NA>;2008;P;85;85.5;85.59;85.59A;1900-01-01;(47.155254, -1.584175);Bouguenais;Loire-Atlantique;Pays de la Loire;(48.875419, 2.302406);Paris;Paris;Île-de-France;;;;;;;;
False;['80530000'];;True;True;False;attribue;{'StreetName': '1 All Des Tyrandes', 'AdditionalStreetName': None, 'CityName': 'Peronnas', 'PostalZone': '01960', 'Country': 'FRA'};514903608;False;AFPMA FORMATION;AFPMA FORMATION;2026-09-22;{'StreetName': '23 Rue Balzac', 'AdditionalStreetName': None, 'CityName': 'Paris', 'PostalZone': '75008', 'Country': 'FRA'};309065043;False;UNIFORMATION;OPCO 2i - Direction Appui aux branches et action prospective;;;services;['Critères techniques', 'Prix'];['technique', 'prix'];[70.0, 30.0];;False;7578800.0;False;;sans remise en concurrence;;26-91033;;272000.0;;LOT-0017;80530000;7578800.0;25;1;;POEC Formation aux métiers de l'industrie (usinage, chaudronnerie, soudage, tuyauterie…);ouverte;2026-52;3.0;;;False;False;False;;9220.0;Association déclarée ;250  à  499;False;1900-01-01;94.11Z;2008;9220.0;Association déclarée ;20  à  49;True;<NA>;2008;P;85;85.5;85.59;85.59A;2009-09-01;(46.184274, 5.207491);Péronnas;Ain;Auvergne-Rhône-Alpes;(48.875419, 2.302406);Paris;Paris;Île-de-France;;;;;;;;
False;['80530000'];;True;True;False;attribue;{'StreetName': '16 Bd De L Etivalliere', 'AdditionalStreetName': None, 'CityName': 'Saint-Etienne', 'PostalZone': '42000', 'Country': 'FRA'};884793191;False;ASSOCIATION DE FORMATION PROFESSIONNELLE DE L'INDUSTRIE DE LA LOIRE DE LA DROME ET DE L'ARDECHE;ASSOCIATION DE FORMATION PROFESSIONNELLE DE L'INDUSTRIE DE LA LOIRE DE LA DROME ET DE L'ARDECHE;2026-09-22;{'StreetName': '23 Rue Balzac', 'AdditionalStreetName': None, 'CityName': 'Paris', 'PostalZone': '75008', 'Country': 'FRA'};309065043;False;UNIFORMATION;OPCO 2i - Direction Appui aux branches et action prospective;;;services;['Critères techniques', 'Prix'];['technique', 'prix'];[70.0, 30.0];;False;7578800.0;False;;sans remise en concurrence;;26-91033;;364000.0;;LOT-0018;80530000;7578800.0;25;3;;POEC Formation aux métiers de l'industrie (usinage, chaudronnerie, soudage, tuyauterie…);ouverte;2026-52;3.0;;;False;False;False;;9220.0;Association déclarée ;250  à  499;False;1900-01-01;94.11Z;2008;9220.0;Association déclarée ;20  à  49;True;<NA>;2008;P;85;85.5;85.59;85.59A;2020-07-01;(45.457611, 4.400092);Saint-Étienne;Loire;Auvergne-Rhône-Alpes;(48.875419, 2.302406);Paris;Paris;Île-de-France;;;;;;;;
False;['80530000'];;True;True;False;attribue;{'StreetName': '83 Rue Chatagnon', 'AdditionalStreetName': None, 'CityName': 'Moirans', 'PostalZone': '38430', 'Country': 'FRA'};484148879;False;ASS FORMATION PROF INDUSTRIE ISERE;ASS FORMATION PROF INDUSTRIE ISERE;2026-09-22;{'StreetName': '23 Rue Balzac', 'AdditionalStreetName': None, 'CityName': 'Paris', 'PostalZone': '75008', 'Country': 'FRA'};309065043;False;UNIFORMATION;OPCO 2i - Direction Appui aux branches et action prospective;;;services;['Critères techniques', 'Prix'];['technique', 'prix'];[70.0, 30.0];;False;7578800.0;False;;sans remise en concurrence;;26-91033;;268800.0;;LOT-0019;80530000;7578800.0;25;1;;POEC Formation aux métiers de l'industrie (usinage, chaudronnerie, soudage, tuyauterie…);ouverte;2026-52;3.0;;;False;False;False;;9220.0;Association déclarée ;250  à  499;False;1900-01-01;94.11Z;2008;9220.0;Association déclarée ;20  à  49;True;<NA>;2008;P;85;85.5;85.59;85.59A;2005-09-01;(45.319594, 5.589173);Moirans;Isère;Auvergne-Rhône-Alpes;(48.875419, 2.302406);Paris;Paris;Île-de-France;;;;;;;;
False;['80530000'];;True;True;False;attribue;{'StreetName': '16 Bd De L Etivalliere', 'AdditionalStreetName': None, 'CityName': 'Saint-Etienne', 'PostalZone': '42000', 'Country': 'FRA'};884793191;False;ASSOCIATION DE FORMATION PROFESSIONNELLE DE L'INDUSTRIE DE LA LOIRE DE LA DROME ET DE L'ARDECHE;ASSOCIATION DE FORMATION PROFESSIONNELLE DE L'INDUSTRIE DE LA LOIRE DE LA DROME ET DE L'ARDECHE;2026-09-22;{'StreetName': '23 Rue Balzac', 'AdditionalStreetName': None, 'CityName': 'Paris', 'PostalZone': '75008', 'Country': 'FRA'};309065043;False;UNIFORMATION;OPCO 2i - Direction Appui aux branches et action prospective;;;services;['Critères techniques', 'Prix'];['technique', 'prix'];[70.0, 30.0];;False;7578800.0;False;;sans remise en concurrence;;26-91033;;300000.0;;LOT-0020;80530000;7578800.0;25;3;;POEC Formation aux métiers de l'industrie (usinage, chaudronnerie, soudage, tuyauterie…);ouverte;2026-52;3.0;;;False;False;False;;9220.0;Association déclarée ;250  à  499;False;1900-01-01;94.11Z;2008;9220.0;Association déclarée ;20  à  49;True;<NA>;2008;P;85;85.5;85.59;85.59A;2020-07-01;(45.457611, 4.400092);Saint-Étienne;Loire;Auvergne-Rhône-Alpes;(48.875419, 2.302406);Paris;Paris;Île-de-France;;;;;;;;
False;['80530000'];;True;True;False;attribue;{'StreetName': '16 Bd De L Etivalliere', 'AdditionalStreetName': None, 'CityName': 'Saint-Etienne', 'PostalZone': '42000', 'Country': 'FRA'};884793191;False;ASSOCIATION DE FORMATION PROFESSIONNELLE DE L'INDUSTRIE DE LA LOIRE DE LA DROME ET DE L'ARDECHE;ASSOCIATION DE FORMATION PROFESSIONNELLE DE L'INDUSTRIE DE LA LOIRE DE LA DROME ET DE L'ARDECHE;2026-09-22;{'StreetName': '23 Rue Balzac', 'AdditionalStreetName': None, 'CityName': 'Paris', 'PostalZone': '75008', 'Country': 'FRA'};309065043;False;UNIFORMATION;OPCO 2i - Direction Appui aux branches et action prospective;;;services;['Critères techniques', 'Prix'];['technique', 'prix'];[70.0, 30.0];;False;7578800.0;False;;sans remise en concurrence;;26-91033;;364000.0;;LOT-0021;80530000;7578800.0;25;2;;POEC Formation aux métiers de l'industrie (usinage, chaudronnerie, soudage, tuyauterie…);ouverte;2026-52;3.0;;;False;False;False;;9220.0;Association déclarée ;250  à  499;False;1900-01-01;94.11Z;2008;9220.0;Association déclarée ;20  à  49;True;<NA>;2008;P;85;85.5;85.59;85.59A;2020-07-01;(45.457611, 4.400092);Saint-Étienne;Loire;Auvergne-Rhône-Alpes;(48.875419, 2.302406);Paris;Paris;Île-de-France;;;;;;;;
False;['80530000'];;True;True;False;attribue;{'StreetName': '9 Rue Des Marronniers', 'AdditionalStreetName': None, 'CityName': 'Annemasse', 'PostalZone': '74100', 'Country': 'FRA'};197400096;False;LYCEE POLYVALENT DES GLIERES;LYCEE POLYVALENT DES GLIERES;2026-09-22;{'StreetName': '23 Rue Balzac', 'AdditionalStreetName': None, 'CityName': 'Paris', 'PostalZone': '75008', 'Country': 'FRA'};309065043;False;UNIFORMATION;OPCO 2i - Direction Appui aux branches et action prospective;;;services;['Critères techniques', 'Prix'];['technique', 'prix'];[70.0, 30.0];;False;7578800.0;False;;sans remise en concurrence;;26-91033;;365000.0;;LOT-0022;80530000;7578800.0;25;2;;POEC Formation aux métiers de l'industrie (usinage, chaudronnerie, soudage, tuyauterie…);ouverte;2026-52;3.0;;;False;False;False;;9220.0;Association déclarée ;250  à  499;False;1900-01-01;94.11Z;2008;7331.0;Établissement public local d'enseignement ;250  à  499;False;<NA>;2008;P;85;85.3;85.31;85.31Z;1965-05-01;(46.190079, 6.240244);Annemasse;Haute-Savoie;Auvergne-Rhône-Alpes;(48.875419, 2.302406);Paris;Paris;Île-de-France;;;;;;;;
False;['80530000'];;True;True;False;attribue;{'StreetName': '27 Rue Anatole France', 'AdditionalStreetName': None, 'CityName': 'Grenoble Cedex 2', 'PostalZone': '38030', 'Country': 'FRA'};193800331;False;LYCEE POLYVALENT VAUCANSON;GRETA DE GRENOBLE;2026-09-22;{'StreetName': '23 Rue Balzac', 'AdditionalStreetName': None, 'CityName': 'Paris', 'PostalZone': '75008', 'Country': 'FRA'};309065043;False;UNIFORMATION;OPCO 2i - Direction Appui aux branches et action prospective;;;services;['Critères techniques', 'Prix'];['technique', 'prix'];[70.0, 30.0];;False;7578800.0;False;;sans remise en concurrence;;26-91033;;320000.0;;LOT-0023;80530000;7578800.0;25;2;;POEC Formation aux métiers de l'industrie (usinage, chaudronnerie, soudage, tuyauterie…);ouverte;2026-52;3.0;;;False;False;False;;9220.0;Association déclarée ;250  à  499;False;1900-01-01;94.11Z;2008;7331.0;Établissement public local d'enseignement ;1 000  à  1 999;<NA>;<NA>;2008;P;85;85.3;85.31;85.31Z;1965-05-01;(45.172245, 5.708461);Grenoble;Isère;Auvergne-Rhône-Alpes;(48.875419, 2.302406);Paris;Paris;Île-de-France;;;;;;;;
False;['80530000'];;True;True;False;attribue;{'StreetName': '72 Avenue De Bohlen', 'AdditionalStreetName': None, 'CityName': 'Vaulx-En-Velin', 'PostalZone': '69120', 'Country': 'FRA'};434304960;False;OFELIA;OFELIA;2026-09-22;{'StreetName': '23 Rue Balzac', 'AdditionalStreetName': None, 'CityName': 'Paris', 'PostalZone': '75008', 'Country': 'FRA'};309065043;False;UNIFORMATION;OPCO 2i - Direction Appui aux branches et action prospective;;;services;['Critères techniques', 'Prix'];['technique', 'prix'];[70.0, 30.0];;False;7578800.0;False;;sans remise en concurrence;;26-91033;;960000.0;;LOT-0024;80530000;7578800.0;25;2;;POEC Formation aux métiers de l'industrie (usinage, chaudronnerie, soudage, tuyauterie…);ouverte;2026-52;3.0;;;False;False;False;;9220.0;Association déclarée ;250  à  499;False;1900-01-01;94.11Z;2008;9220.0;Association déclarée ;3  à  5;True;<NA>;2008;P;85;85.5;85.59;85.59A;2000-10-12;(45.766277, 4.929412);Vaulx-en-Velin;Rhône;Auvergne-Rhône-Alpes;(48.875419, 2.302406);Paris;Paris;Île-de-France;;;;;;;;
False;['80530000'];;True;True;False;attribue;{'StreetName': '16 Bd De L Etivalliere', 'AdditionalStreetName': None, 'CityName': 'Saint-Etienne', 'PostalZone': '42000', 'Country': 'FRA'};884793191;False;ASSOCIATION DE FORMATION PROFESSIONNELLE DE L'INDUSTRIE DE LA LOIRE DE LA DROME ET DE L'ARDECHE;ASSOCIATION DE FORMATION PROFESSIONNELLE DE L'INDUSTRIE DE LA LOIRE DE LA DROME ET DE L'ARDECHE;2026-09-22;{'StreetName': '23 Rue Balzac', 'AdditionalStreetName': None, 'CityName': 'Paris', 'PostalZone': '75008', 'Country': 'FRA'};309065043;False;UNIFORMATION;OPCO 2i - Direction Appui aux branches et action prospective;;;services;['Critères techniques', 'Prix'];['technique', 'prix'];[70.0, 30.0];;False;7578800.0;False;;sans remise en concurrence;;26-91033;;365000.0;;LOT-0025;80530000;7578800.0;25;2;;POEC Formation aux métiers de l'industrie (usinage, chaudronnerie, soudage, tuyauterie…);ouverte;2026-52;3.0;;;False;False;False;;9220.0;Association déclarée ;250  à  499;False;1900-01-01;94.11Z;2008;9220.0;Association déclarée ;20  à  49;True;<NA>;2008;P;85;85.5;85.59;85.59A;2020-07-01;(45.457611, 4.400092);Saint-Étienne;Loire;Auvergne-Rhône-Alpes;(48.875419, 2.302406);Paris;Paris;Île-de-France;;;;;;;;
False;['50750000'];;True;False;False;attribue;{'StreetName': '5 Rue Dewoitine', 'AdditionalStreetName': None, 'CityName': 'Velizy-Villacoublay', 'PostalZone': '78140', 'Country': 'FRA'};383711678;False;SCHINDLER;SCHINDLER;2026-09-22;{'StreetName': '9 Square du Général Leclerc', 'AdditionalStreetName': None, 'CityName': 'Bolbec', 'PostalZone': '76210', 'Country': 'FRA'};['552081317', '217601145'];False;;Groupement de commandes Commune et CCAS de Bolbec;;2026-09-28+02:00;services;"[""Valeur technique de l'offre appréciée à l'aide du mémoire technique"", 'Valeur environnementale', 'Prix']";['technique', 'environnemental', 'prix'];[30.0, 10.0, 60.0];360.0;True;175000.0;False;;sans remise en concurrence;;26-90854;;160485.28;;LOT-0000;50750000;160485.28;1;6;;MAINTENANCE DU PARC D'ASCENSEURS DE LA COMMUNE ET DU CCAS DE BOLBEC;ouverte;26023;3.0;;;False;True;False;160485.28;;;;;<NA>;<NA>;<NA>;5599.0;SA à conseil d'administration (s.a.i.);2 000  à  4 999;True;False;2008;F;43;43.2;43.29;43.29B;1991-09-12;(48.782919, 2.216942);Vélizy-Villacoublay;Yvelines;Île-de-France;(49.573863, 0.474307);Bolbec;Seine-Maritime;Normandie;;;;;;;;
False;['33141700'];;True;False;False;attribue;{'StreetName': 'Park Avenue - rue Léon Griffon', 'AdditionalStreetName': None, 'CityName': 'Saint Avé', 'PostalZone': '56890', 'Country': 'FRA'};500822127;False;ABILANX;ABILANX;2026-09-22;{'StreetName': '1, boulevard Archimède', 'AdditionalStreetName': 'Champs-sur-Marne', 'CityName': 'Marne La Vallée', 'PostalZone': '77444', 'Country': 'FRA'};776056467;False;UNION DES GROUPEMENTS D'ACHATS PUBLICS;Union des Groupements d'Achats Publics;;;fournitures;"[""Valeur technique de l'offre"", ""Coût d'utilisation"", ""Performance protection de l'environnement"", 'Qualité de service', 'Prix']";['technique', 'qualite', 'environnemental', 'qualite', 'prix'];[40.0, 5.0, 10.0, 15.0, 30.0];;False;3700000.0;False;;;;26-90919;;1400000.0;;LOT-0002;33141700;;1;1;;Orthèse et Contention;restreinte;20U095-001-002;2.0;;;False;False;False;1400000.0;4110.0;Établissement public national à caractère industriel ou commercial doté d'un comptable public ;1 000  à  1 999;False;1900-01-01;46.19A;2008;5710.0;SAS, société par actions simplifiée;10  à  19;False;<NA>;2008;J;62;62.0;62.01;62.01Z;2007-11-01;(47.671719, -2.739136);Saint-Avé;Morbihan;Bretagne;;;;;;;;;;;;
False;['71356200'];;True;True;False;attribue;{'StreetName': '16 rue Simone Veil', 'AdditionalStreetName': None, 'CityName': 'Saint-Ouen', 'PostalZone': '93400', 'Country': 'FRA'};['444523526', '200032779', '351926712'];False;;GROUPEMENT ARTELIA/HARLAY AVOCATS/FCL GERER LA CITE;2026-09-22;{'StreetName': '22 boulevard du Maréchal Juin', 'AdditionalStreetName': None, 'CityName': 'Toulouse', 'PostalZone': '31406', 'Country': 'FRA'};200053791;False;REGION OCCITANIE;Région Occitanie;;;services;[];[];;;True;;False;;sans remise en concurrence;;26-91031;;;;LOT-0001;63711000;10874060.0;2;5;;Mission d'assistance à maîtrise d'ouvrage pour l'exploitation des lignes ferroviaires régionales en Occitanie;ouverte;2026-ETU-0022;0.0;;;True;True;True;;7230.0;Région ;5 000  à  9 999;False;2016-01-01;84.11Z;2008;;;;;;<NA>;;;;;<NA>;<NA>;(48.911534, 2.329696);Saint-Ouen-sur-Seine;Seine-Saint-Denis;Île-de-France;(43.5893, 1.440857);Toulouse;Haute-Garonne;Occitanie;;;;;;;;
False;['71356200'];;True;True;False;attribue;{'StreetName': '21 Rue Brissard', 'AdditionalStreetName': None, 'CityName': 'Clamart', 'PostalZone': '92140', 'Country': 'FRA'};['841376676', '441820982', '434838314', '799681820'];False;;GROUPEMENT OPTEAMISE CONSULTING/ARCADIS ESG/SEBAN & ASSOCIES;2026-09-22;{'StreetName': '22 boulevard du Maréchal Juin', 'AdditionalStreetName': None, 'CityName': 'Toulouse', 'PostalZone': '31406', 'Country': 'FRA'};200053791;False;REGION OCCITANIE;Région Occitanie;;;services;[];[];;;True;;False;;sans remise en concurrence;;26-91031;;;;LOT-0002;63711000;10874060.0;2;4;;Mission d'assistance à maîtrise d'ouvrage pour l'exploitation des lignes ferroviaires régionales en Occitanie;ouverte;2026-ETU-0022;0.0;;;True;True;True;;7230.0;Région ;5 000  à  9 999;False;2016-01-01;84.11Z;2008;;;;;;<NA>;;;;;<NA>;<NA>;(48.811869, 2.265635);Clamart;Hauts-de-Seine;Île-de-France;(43.5893, 1.440857);Toulouse;Haute-Garonne;Occitanie;;;;;;;;
False;;;True;False;False;attribue;{'StreetName': '2120 CHE DES BASTIDONNES', 'AdditionalStreetName': None, 'CityName': 'EGUILLES', 'PostalZone': '13510', 'Country': 'FRA'};377762554;True;MOBILIS;MOBILIS;2026-09-22;{'StreetName': '73 avenue de Paris', 'AdditionalStreetName': None, 'CityName': 'Saint Mande', 'PostalZone': '94165 Cedex', 'Country': 'FRA'};180060030;True;METEO-FRANCE;METEO FRANCE;;;fournitures;"[""Pas de critère d'attribution car marché sans publicité ni mise en concurrence""]";['prix'];[100];1095.0;False;;False;{'StreetName': None, 'CityName': None, 'PostalZone': None, 'NUTS': None, 'Country': 'FRA'};sans remise en concurrence;;26-91079;;;;LOT-0001;38128000;800000.0;1;1;;Fourniture de superstructures avec flotteur pour accueillir les stations automatiques marines de Météo-France et accessoires associés;negociee;METEO-FRANCE 2636F0225;;;;False;False;False;;7389.0;Établissement public national à caractère administratif ;2 000  à  4 999;False;1993-11-01;84.13Z;2008;5710.0;SAS, société par actions simplifiée;20  à  49;False;<NA>;2008;C;30;30.1;30.11;30.11Z;1990-02-22;(43.586278, 5.340694);Éguilles;Bouches-du-Rhône;Provence-Alpes-Côte d'Azur;(48.845726, 2.424573);Saint-Mandé;Val-de-Marne;Île-de-France;;;;;;;;
False;['72225000'];;True;False;False;attribue;{'StreetName': '1, rue Emmanuel ARIN - ZAC Saint Martin Du Touch  Bâtiment Euclide B4 ', 'AdditionalStreetName': None, 'CityName': 'Toulouse', 'PostalZone': '31300', 'Country': 'FRA'};380902569;True;LGM;LGM;2026-09-22;{'StreetName': '73 avenue de Paris', 'AdditionalStreetName': None, 'CityName': 'Saint Mande', 'PostalZone': '94165 Cedex', 'Country': 'FRA'};180060030;True;METEO-FRANCE;METEO-FRANCE;;;services;;;;1460.0;True;500000.0;False;{'StreetName': None, 'CityName': 'Toulouse', 'PostalZone': '31057', 'NUTS': 'FRJ23', 'Country': 'FRA'};sans remise en concurrence;;26-91011;;;;LOT-0001;72220000;500000.0;1;3;;Prestation de responsable d’assurance qualité logicielle (RAQL) aéronautique suivant la norme ED-109A;ouverte;METEO-FRANCE2632F0109;;;;False;False;False;;7389.0;Établissement public national à caractère administratif ;2 000  à  4 999;False;1993-11-01;84.13Z;2008;5710.0;SAS, société par actions simplifiée;1 000  à  1 999;False;<NA>;2008;M;71;71.1;71.12;71.12B;1991-01-29;(43.603753, 1.361581);Toulouse;Haute-Garonne;Occitanie;(48.845726, 2.424573);Saint-Mandé;Val-de-Marne;Île-de-France;;;;;;;;
False;['66510000'];;True;False;False;attribue;{'StreetName': '43 Boulevard Haussmann', 'AdditionalStreetName': None, 'CityName': 'Paris', 'PostalZone': '75009', 'Country': 'FRA'};100103019;False;TEMEN;TEMEN;2026-09-22;{'StreetName': '271 chaussée Jules César', 'AdditionalStreetName': None, 'CityName': 'Beauchamp', 'PostalZone': '95250', 'Country': 'FRA'};200058485;False;CA VAL PARISIS;Communauté d'agglomération Val Parisis;;2026-07-10+02:00;services;"[""Valeur technique de l'offre"", 'Prix']";['technique', 'prix'];[30.0, 70.0];3600.0;False;;False;{'StreetName': '271 chaussée Jules César', 'CityName': 'Beauchamp', 'PostalZone': '95250', 'NUTS': 'FR108', 'Country': 'FRA'};;;26-90968;;170079.37;;LOT-0000;66510000;;1;3;0.0;Services d'Assurances Construction relatifs à la réalisation d'un nouveau siège d'agglomération;ouverte;2026-08;;;;False;False;False;170079.37;7348.0;Communauté d'agglomération ;250  à  499;False;2016-01-01;84.11Z;2008;5710.0;SAS, société par actions simplifiée;;False;False;2008;K;66;66.2;66.22;66.22Z;2026-01-19;(48.873323, 2.329322);Paris;Paris;Île-de-France;(49.015257, 2.179056);Beauchamp;Val-d'Oise;Île-de-France;;;;;;;;
False;;;True;False;False;attribue;{'StreetName': '90A allée Hubert Curien - CS 30028', 'AdditionalStreetName': '90 A allée Hubert Curien', 'CityName': 'LE CREUSOT Cedex', 'PostalZone': '71201', 'Country': 'FRA'};343431615;True;VITARIS;Vitaris;2026-09-22;{'StreetName': 'Département des Alpes-Maritimes - Centre administratif départemental (CADAM)', 'AdditionalStreetName': None, 'CityName': 'NICE CEDEX 3', 'PostalZone': '06201', 'Country': 'FRA'};220600019;True;DEPARTEMENT DES ALPES MARITIMES;Département des Alpes-Maritimes - Direction Développement des Solidarités Humaines;;;services;"['Le prix', ""SC 1 (8 points) : Moyens humains mis à disposition pour la réalisation de la prestation, mentionnant les curriculums vitae du chef de projet et des membres de l'équipe des téléopérateurs\nSC 2 (12 points) : Méthodologie et organisation retenue pour réaliser les différentes prestations : installation, formation, contact avec les bénéficiaires, maintenance de la plate-forme\nSC 3 (12 points) : Pertinence de la réponse technique : technologies utilisées, réseau de communication, anticipation de l’obsolescence des dispositifs, utilisation de l’intelligence artificielle\nSC 4 (8 points) : Pertinence des moyens de communication : moyens et supports de communication, personnalisation des équipements et outils de suivi et d’analyses statistiques"", 'SC 1 (5 points) : Pertinence des moyens de recyclage : modalités de désinstallation du matériel et de son recyclage\nSC 2 (5 points) : Pertinence des moyens de réduction des déchets : emballage et consommation énergétique']";['prix', 'social', 'environnemental'];[50.0, 40.0, 10.0];1440.0;False;;False;;sans remise en concurrence;;26-90973;;5720400.0;8000000.0;LOT-0001;85300000;8000000.0;1;33;;2026A0038 - Fourniture, mise en place et exploitation du dispositif de téléassistance avancée et de services de sécurisation des logements et de suivi à distance des bénéficiaires de l'allocation p...;ouverte;;;;;False;False;False;5720400.0;7220.0;Département ;2 000  à  4 999;False;1982-09-30;84.11Z;2008;5710.0;SAS, société par actions simplifiée;200  à  249;False;<NA>;2008;N;80;80.2;80.2;80.20Z;1988-01-04;(46.795205, 4.452654);Le Creusot;Saône-et-Loire;Bourgogne-Franche-Comté;;;;;;;;;;;;
False;['71200000'];;True;False;False;attribue;{'StreetName': '22 avenue Giacobi', 'AdditionalStreetName': None, 'CityName': 'Nice', 'PostalZone': '06300', 'Country': 'FRA'};793063009;True;ATELIER CORAIL;ATELIER CORAIL;2026-09-22;{'StreetName': '3 Promenade Saint Roch', 'AdditionalStreetName': None, 'CityName': 'Rimplas', 'PostalZone': '06420', 'Country': 'FRA'};210601027;True;COMMUNE DE RIMPLAS;Commune de Rimplas (06);;;services;"['Valeur technique (pondération : 60%) :\n-\tSous critère 1 (SC1) – Qualité et pertinence dédiée à la mission (40%) \n-\tSous critère 2 (SC2) – Qualité de la méthodologie proposée (40%)\n-\tSous critère 3 (SC3) - Qualité de la démarche de développement durable de l’équipe proposé (20%) :', ""Prix (pondération : 40%)\n\nLa note maximum sera attribuée au candidat qui présente la solution la moins chère dans l’acte d’engagement.\nLes autres offres seront affectées d'un coefficient inversement proportionnel à l'écart de prix avec l'offre moins disante.""]";['environnemental', 'prix'];[60.0, 40.0];1260.0;False;;False;{'StreetName': None, 'CityName': 'RIMPLAS', 'PostalZone': '06420', 'NUTS': 'FRL03', 'Country': 'FRA'};;;26-90887;;230400.0;;LOT-0001;71300000;;1;16;;MISSION DE MAITRISE D’ŒUVRE POUR LA REHABILITATION DE LA CASERNE CAUSSADE;ouverte;;;;;False;False;False;230400.0;7210.0;Commune et commune nouvelle ;3  à  5;<NA>;1983-03-01;84.11Z;2008;5499.0;Société à responsabilité limitée (sans autre indication);;False;<NA>;2008;M;71;71.1;71.11;71.11Z;2013-03-01;(43.710858, 7.293849);Nice;Alpes-Maritimes;Provence-Alpes-Côte d'Azur;(44.063754, 7.131671);Rimplas;Alpes-Maritimes;Provence-Alpes-Côte d'Azur;;;;;;;;
False;;;True;False;False;attribue;{'StreetName': 'ZI du Bompas 49120 CHEMILLE EN ANJOU', 'AdditionalStreetName': None, 'CityName': 'CHEMILLE EN ANJOU', 'PostalZone': '49120', 'Country': 'FRA'};330739814;True;SERVIMAC CHEMILLE;SERVIMAC CHEMILLE;2026-09-22;{'StreetName': 'RUE SAINT BONAVENTURE', 'AdditionalStreetName': None, 'CityName': 'CHOLET', 'PostalZone': '49321', 'Country': 'FRA'};214900995;False;COMMUNE DE CHOLET;COMMUNE DE CHOLET;;;fournitures;['Prix du matériel proposé (Pondération : 40 %),', 'Performance technique des matériels (Pondération : 50 %) : caractéristiques techniques du matériel et conditions de garantie [propositions de l’annexe technique et de la fiche constructeur],\nCritères environnementaux (Pondération : 10 %).'];['prix', 'environnemental'];[40.0, 50.0, 10.0];210.0;True;;False;{'StreetName': None, 'CityName': 'Cholet', 'PostalZone': None, 'NUTS': 'FRG02', 'Country': 'FRA'};;;26-90892;;13585.0;;LOT-0001;16310000;;1;1;;La consultation porte sur l'acquisition d'une faucheuse frontale destinée au service Gestion des Espaces Paysagers de la Ville de Cholet;ouverte;26_VdC_faucheuse_frontale;;;;False;False;False;13585.0;7210.0;Commune et commune nouvelle ;200  à  249;False;1981-12-08;84.11Z;2008;5710.0;SAS, société par actions simplifiée;20  à  49;False;<NA>;2008;G;46;46.6;46.61;46.61Z;1985-01-01;(47.210211, -0.718905);Chemillé-en-Anjou;Maine-et-Loire;Pays de la Loire;(47.059451, -0.876506);Cholet;Maine-et-Loire;Pays de la Loire;;;;;;;;
False;['39131100'];;True;True;False;attribue;{'StreetName': '143 Bd Ampère, Cs 90000, Chauray', 'AdditionalStreetName': None, 'CityName': 'Niort', 'PostalZone': '79074', 'Country': 'FRA'};402673560;False;MANUTAN COLLECTIVITES;MANUTAN COLLECTIVITES SAS;2026-09-22;"{'StreetName': ""1 parc de l'étoile"", 'AdditionalStreetName': None, 'CityName': 'Strasbourg', 'PostalZone': '67076', 'Country': 'FRA'}";216704825;False;COMMUNE DE STRASBOURG;Ville de Strasbourg;;;fournitures;"['Valeur technique', ""Performances en matière de protection de l'environnement"", 'Prix des prestations']";['technique', 'environnemental', 'prix'];[35.0, 10.0, 55.0];;True;960000.0;False;;sans remise en concurrence;;26-91078;;320000.0;;LOT-0001;39131100;960000.0;3;8;;26VDS0012 - Acquisition de matériels et équipements de stockage et de rayonnage;ouverte;26VDS0012;4.0;;;False;True;False;;7210.0;Commune et commune nouvelle ;1 000  à  1 999;False;1983-03-01;84.11Z;2008;5710.0;SAS, société par actions simplifiée;100  à  199;False;<NA>;2008;G;46;46.6;46.69;46.69C;1995-11-01;;;;;(48.573465, 7.753399);Strasbourg;Bas-Rhin;Grand Est;;;;;;;;
False;['42400000'];;True;True;False;attribue;{'StreetName': '143 Bd Ampère, Cs 90000, Chauray', 'AdditionalStreetName': None, 'CityName': 'Niort', 'PostalZone': '79074', 'Country': 'FRA'};402673560;False;MANUTAN COLLECTIVITES;MANUTAN COLLECTIVITES SAS;2026-09-22;"{'StreetName': ""1 parc de l'étoile"", 'AdditionalStreetName': None, 'CityName': 'Strasbourg', 'PostalZone': '67076', 'Country': 'FRA'}";216704825;False;COMMUNE DE STRASBOURG;Ville de Strasbourg;;;fournitures;"['Valeur technique', ""Performances en matière de protection de l'environnement"", 'Prix des prestations']";['technique', 'environnemental', 'prix'];[35.0, 10.0, 55.0];;True;960000.0;False;;sans remise en concurrence;;26-91078;;320000.0;;LOT-0002;39131100;960000.0;3;8;;26VDS0012 - Acquisition de matériels et équipements de stockage et de rayonnage;ouverte;26VDS0012;4.0;;;False;True;False;;7210.0;Commune et commune nouvelle ;1 000  à  1 999;False;1983-03-01;84.11Z;2008;5710.0;SAS, société par actions simplifiée;100  à  199;False;<NA>;2008;G;46;46.6;46.69;46.69C;1995-11-01;;;;;(48.573465, 7.753399);Strasbourg;Bas-Rhin;Grand Est;;;;;;;;
False;['44614100'];;True;True;False;attribue;{'StreetName': '1 Rue Lavoisier', 'AdditionalStreetName': None, 'CityName': 'Hoerdt', 'PostalZone': '67720', 'Country': 'FRA'};348214404;False;ADELYA TERRE D'HYGIENE;ADELYA TERRE D'HYGIENE - ALSAPRO HYGIENE;2026-09-22;"{'StreetName': ""1 parc de l'étoile"", 'AdditionalStreetName': None, 'CityName': 'Strasbourg', 'PostalZone': '67076', 'Country': 'FRA'}";216704825;False;COMMUNE DE STRASBOURG;Ville de Strasbourg;;;fournitures;"['Valeur technique', ""Performances en matière de protection de l'environnement"", 'Prix des prestations']";['technique', 'environnemental', 'prix'];[35.0, 10.0, 55.0];;True;960000.0;False;;sans remise en concurrence;;26-91078;;320000.0;;LOT-0003;39131100;960000.0;3;8;;26VDS0012 - Acquisition de matériels et équipements de stockage et de rayonnage;ouverte;26VDS0012;4.0;;;False;True;False;;7210.0;Commune et commune nouvelle ;1 000  à  1 999;False;1983-03-01;84.11Z;2008;5710.0;SAS, société par actions simplifiée;100  à  199;False;False;2008;G;46;46.4;46.44;46.44Z;1988-10-03;(48.677138, 7.796364);Hœrdt;Bas-Rhin;Grand Est;(48.573465, 7.753399);Strasbourg;Bas-Rhin;Grand Est;;;;;;;;
False;['30121100', '30121300'];;True;False;False;attribue;{'StreetName': None, 'AdditionalStreetName': None, 'CityName': '67478', 'PostalZone': '67790', 'Country': 'FRA'};500530316;True;KIRCHNER BUREAUTIQUE;KIRCHNER BUREAUTIQUE;2026-09-22;{'StreetName': '2 Rte Ecospace', 'AdditionalStreetName': None, 'CityName': 'Molsheim', 'PostalZone': '67120', 'Country': 'FRA'};246701064;True;COMMUNAUTE DE COMMUNES DE LA REGION DE MOLSHEIM MUTZIG;COMMUNAUTE DE COMMUNES MOLSHEIM MUTZIG;;;fournitures;['Caractéristiques techniques', 'Prix', 'Prestations', 'Environnement', 'Moyens et références'];['technique', 'prix', 'qualite', 'environnemental', 'qualite'];[30.0, 30.0, 25.0, 10.0, 5.0];1800.0;False;;False;{'StreetName': None, 'CityName': None, 'PostalZone': None, 'NUTS': 'FRF11', 'Country': 'FRA'};sans remise en concurrence;;26-90931;;469715.0;;LOT-0001;30120000;469715.0;1;2;;Mutualisation des systèmes d’impression;ouverte;2026S005;;;;False;False;False;469715.0;7346.0;Communauté de communes ;50  à  99;<NA>;1997-12-31;84.11Z;2008;5499.0;Société à responsabilité limitée (sans autre indication);20  à  49;False;<NA>;2008;G;46;46.6;46.66;46.66Z;2007-09-27;;;;;(48.532673, 7.498443);Molsheim;Bas-Rhin;Grand Est;;;;;;;;
False;['90511000'];;True;True;False;attribue;{'StreetName': '94 Imp Des Trembles', 'AdditionalStreetName': None, 'CityName': 'Perrignier', 'PostalZone': '74550', 'Country': 'FRA'};421302571;False;DURR RECYCLAGE;SARL DURR RECYCLAGE;2026-09-22;"{'StreetName': ""18, route de l'église"", 'AdditionalStreetName': None, 'CityName': 'Le Biot', 'PostalZone': '74430', 'Country': 'FRA'}";247400682;False;HAUT-CHABLAIS INTERCO;HAUT-CHABLAIS INTERCO;;2026-05-18+02:00;services;"['Caractéristiques des véhicules de collecte et de transport', ""Méthodologie d'exécution"", 'Démarches sociale, environnementale et qualité', 'Liste des références similaires', 'Prix']";['qualite', 'technique', 'environnemental & social', 'qualite', 'prix'];[20.0, 20.0, 15.0, 5.0, 40.0];720.0;False;280000.0;False;;;;26-90942;;8336.0;;LOT-0001;90511000;;4;2;1.0;Collecte et transport du verre recyclable;ouverte;26DECS04;1.0;;;False;False;False;280000.0;7346.0;Communauté de communes ;50  à  99;False;1995-01-01;84.11Z;2008;5710.0;SAS, société par actions simplifiée;6  à  9;False;False;2008;E;38;38.3;38.32;38.32Z;1999-01-04;(46.308207, 6.427846);Perrignier;Haute-Savoie;Auvergne-Rhône-Alpes;(46.263244, 6.631443);Le Biot;Haute-Savoie;Auvergne-Rhône-Alpes;;;;;;;;
False;['90511000'];;True;True;False;attribue;{'StreetName': '70 Rte Du Stade', 'AdditionalStreetName': None, 'CityName': 'Villy-Le-Pelloux', 'PostalZone': '74350', 'Country': 'FRA'};327020087;False;EXCOFFIER RECYCLAGE;EXCOFFIER FRERES;2026-09-22;"{'StreetName': ""18, route de l'église"", 'AdditionalStreetName': None, 'CityName': 'Le Biot', 'PostalZone': '74430', 'Country': 'FRA'}";247400682;False;HAUT-CHABLAIS INTERCO;HAUT-CHABLAIS INTERCO;;2026-05-18+02:00;services;"['Caractéristiques des véhicules de collecte et de transport', ""Méthodologie d'exécution"", 'Démarches sociale, environnementale et qualité', 'Liste des références similaires', 'Prix']";['qualite', 'technique', 'environnemental & social', 'qualite', 'prix'];[20.0, 20.0, 15.0, 5.0, 40.0];720.0;False;280000.0;False;;;;26-90942;;30360.0;;LOT-0002;90511000;;4;2;;Collecte et transport du verre recyclable;ouverte;26DECS04;1.0;;;False;False;False;280000.0;7346.0;Communauté de communes ;50  à  99;False;1995-01-01;84.11Z;2008;5710.0;SAS, société par actions simplifiée;250  à  499;False;<NA>;2008;E;38;38.3;38.32;38.32Z;1970-01-01;(45.998321, 6.143658);Villy-le-Pelloux;Haute-Savoie;Auvergne-Rhône-Alpes;(46.263244, 6.631443);Le Biot;Haute-Savoie;Auvergne-Rhône-Alpes;;;;;;;;
False;['90511000'];;True;True;False;attribue;{'StreetName': '70 Rte Du Stade', 'AdditionalStreetName': None, 'CityName': 'Villy-Le-Pelloux', 'PostalZone': '74350', 'Country': 'FRA'};327020087;False;EXCOFFIER RECYCLAGE;EXCOFFIER FRERES;2026-09-22;"{'StreetName': ""18, route de l'église"", 'AdditionalStreetName': None, 'CityName': 'Le Biot', 'PostalZone': '74430', 'Country': 'FRA'}";247400682;False;HAUT-CHABLAIS INTERCO;HAUT-CHABLAIS INTERCO;;2026-05-18+02:00;services;"['Caractéristiques des véhicules de collecte et de transport', ""Méthodologie d'exécution"", 'Démarches sociale, environnementale et qualité', 'Liste des références similaires', 'Prix']";['qualite', 'technique', 'environnemental & social', 'qualite', 'prix'];[20.0, 20.0, 15.0, 5.0, 40.0];720.0;False;280000.0;False;;;;26-90942;;48380.0;;LOT-0003;90511000;;4;2;;Collecte et transport du verre recyclable;ouverte;26DECS04;1.0;;;False;False;False;280000.0;7346.0;Communauté de communes ;50  à  99;False;1995-01-01;84.11Z;2008;5710.0;SAS, société par actions simplifiée;250  à  499;False;<NA>;2008;E;38;38.3;38.32;38.32Z;1970-01-01;(45.998321, 6.143658);Villy-le-Pelloux;Haute-Savoie;Auvergne-Rhône-Alpes;(46.263244, 6.631443);Le Biot;Haute-Savoie;Auvergne-Rhône-Alpes;;;;;;;;
False;['90511000'];;True;True;False;attribue;{'StreetName': '10 Rte De Vovray', 'AdditionalStreetName': None, 'CityName': 'Annecy', 'PostalZone': '74000', 'Country': 'FRA'};326620242;False;TRIGENIUM;TRIGENIUM;2026-09-22;"{'StreetName': ""18, route de l'église"", 'AdditionalStreetName': None, 'CityName': 'Le Biot', 'PostalZone': '74430', 'Country': 'FRA'}";247400682;False;HAUT-CHABLAIS INTERCO;HAUT-CHABLAIS INTERCO;;2026-05-18+02:00;services;"['Caractéristiques des véhicules de collecte et de transport', ""Méthodologie d'exécution"", 'Démarches sociale, environnementale et qualité', 'Liste des références similaires', 'Prix']";['qualite', 'technique', 'environnemental & social', 'qualite', 'prix'];[20.0, 20.0, 15.0, 5.0, 40.0];720.0;False;280000.0;False;;;;26-90942;;153186.0;;LOT-0004;90511000;;4;1;1.0;Collecte et transport du verre recyclable;ouverte;26DECS04;1.0;;;False;False;False;280000.0;7346.0;Communauté de communes ;50  à  99;False;1995-01-01;84.11Z;2008;5710.0;SAS, société par actions simplifiée;20  à  49;<NA>;<NA>;2008;E;38;38.3;38.32;38.32Z;1966-01-01;(45.887256, 6.121123);Annecy;Haute-Savoie;Auvergne-Rhône-Alpes;(46.263244, 6.631443);Le Biot;Haute-Savoie;Auvergne-Rhône-Alpes;;;;;;;;
False;['71241000'];;True;True;False;attribue;{'StreetName': None, 'AdditionalStreetName': None, 'CityName': 'Plougoumelen', 'PostalZone': '56400', 'Country': 'FRA'};484024393;False;TBM ENVIRONNEMENT;TBM ENVIRONNEMENT;2026-09-22;{'StreetName': '2, rue Saint Tropez', 'AdditionalStreetName': None, 'CityName': 'Vannes Cedex', 'PostalZone': '56009', 'Country': 'FRA'};225600014;False;DEPARTEMENT DU MORBIHAN;Conseil Départemental du Morbihan;;;services;"['Valeur technique', ""Performances en termes d'insertion professionnelle par le travail"", ""Performances en matière de protection de l'environnement"", 'Prix']";['technique', 'social', 'environnemental', 'prix'];[40.0, 5.0, 5.0, 50.0];;True;3600000.0;False;;sans remise en concurrence;;26-90969;;1400000.0;;LOT-0001;71335000;3600000.0;4;7;;Accord-cadre à bons de commande pour les études environnementales, missions de maîtrise d'oeuvre et dossiers d'urbanisme concernant les projets d'itinéraires de randonnée ou assimilés;ouverte;26ENS01RAN;3.0;;;True;True;True;;7220.0;Département ;2 000  à  4 999;False;1978-01-01;84.11Z;2008;5710.0;SAS, société par actions simplifiée;20  à  49;False;False;2008;M;74;74.9;74.9;74.90B;2005-09-01;;Plougoumelen;Morbihan;Bretagne;(47.65812, -2.749745);Vannes;Morbihan;Bretagne;;;;;;;;
False;['71241000'];;True;True;False;attribue;{'StreetName': None, 'AdditionalStreetName': None, 'CityName': 'Beaucouze', 'PostalZone': '49070', 'Country': 'FRA'};429302359;False;SYNERGIS ENVIRONNEMENT;SYNERGIS ENVIRONNEMENT;2026-09-22;{'StreetName': '2, rue Saint Tropez', 'AdditionalStreetName': None, 'CityName': 'Vannes Cedex', 'PostalZone': '56009', 'Country': 'FRA'};225600014;False;DEPARTEMENT DU MORBIHAN;Conseil Départemental du Morbihan;;;services;"['Valeur technique', ""Performances en termes d'insertion professionnelle par le travail"", ""Performances en matière de protection de l'environnement"", 'Prix']";['technique', 'social', 'environnemental', 'prix'];[40.0, 5.0, 5.0, 50.0];;True;3600000.0;False;;sans remise en concurrence;;26-90969;;1400000.0;;LOT-0002;71335000;3600000.0;4;7;;Accord-cadre à bons de commande pour les études environnementales, missions de maîtrise d'oeuvre et dossiers d'urbanisme concernant les projets d'itinéraires de randonnée ou assimilés;ouverte;26ENS01RAN;3.0;;;True;True;True;;7220.0;Département ;2 000  à  4 999;False;1978-01-01;84.11Z;2008;5710.0;SAS, société par actions simplifiée;100  à  199;False;<NA>;2008;M;71;71.1;71.12;71.12B;2000-01-01;;Beaucouzé;Maine-et-Loire;Pays de la Loire;(47.65812, -2.749745);Vannes;Morbihan;Bretagne;;;;;;;;
False;['71400000'];;True;True;False;attribue;{'StreetName': None, 'AdditionalStreetName': None, 'CityName': 'Vannes', 'PostalZone': '56000', 'Country': 'FRA'};501476469;False;INSITIS;HORIZONS;2026-09-22;{'StreetName': '2, rue Saint Tropez', 'AdditionalStreetName': None, 'CityName': 'Vannes Cedex', 'PostalZone': '56009', 'Country': 'FRA'};225600014;False;DEPARTEMENT DU MORBIHAN;Conseil Départemental du Morbihan;;;services;"['Valeur technique', ""Performances en termes d'insertion professionnelle par le travail"", ""Performances en matière de protection de l'environnement"", 'Prix']";['technique', 'social', 'environnemental', 'prix'];[40.0, 5.0, 5.0, 50.0];;True;3600000.0;False;;sans remise en concurrence;;26-90969;;400000.0;;LOT-0003;71335000;3600000.0;4;12;;Accord-cadre à bons de commande pour les études environnementales, missions de maîtrise d'oeuvre et dossiers d'urbanisme concernant les projets d'itinéraires de randonnée ou assimilés;ouverte;26ENS01RAN;3.0;;;True;True;True;;7220.0;Département ;2 000  à  4 999;False;1978-01-01;84.11Z;2008;5710.0;SAS, société par actions simplifiée;6  à  9;False;<NA>;2008;C;22;22.2;22.29;22.29B;2008-01-01;;Vannes;Morbihan;Bretagne;(47.65812, -2.749745);Vannes;Morbihan;Bretagne;;;;;;;;
False;['71400000'];;True;True;False;attribue;{'StreetName': None, 'AdditionalStreetName': None, 'CityName': 'Vannes', 'PostalZone': '56000', 'Country': 'FRA'};903590305;False;NAGA;NAGA;2026-09-22;{'StreetName': '2, rue Saint Tropez', 'AdditionalStreetName': None, 'CityName': 'Vannes Cedex', 'PostalZone': '56009', 'Country': 'FRA'};225600014;False;DEPARTEMENT DU MORBIHAN;Conseil Départemental du Morbihan;;;services;"['Valeur technique', ""Performances en termes d'insertion professionnelle par le travail"", ""Performances en matière de protection de l'environnement"", 'Prix']";['technique', 'social', 'environnemental', 'prix'];[40.0, 5.0, 5.0, 50.0];;True;3600000.0;False;;sans remise en concurrence;;26-90969;;400000.0;;LOT-0004;71335000;3600000.0;4;11;;Accord-cadre à bons de commande pour les études environnementales, missions de maîtrise d'oeuvre et dossiers d'urbanisme concernant les projets d'itinéraires de randonnée ou assimilés;ouverte;26ENS01RAN;3.0;;;True;True;True;;7220.0;Département ;2 000  à  4 999;False;1978-01-01;84.11Z;2008;5499.0;Société à responsabilité limitée (sans autre indication);;False;<NA>;2008;M;71;71.1;71.11;71.11Z;2021-10-14;;Vannes;Morbihan;Bretagne;(47.65812, -2.749745);Vannes;Morbihan;Bretagne;;;;;;;;
False;['50531100'];;True;False;False;attribue;{'StreetName': 'Rue Des Tenettes', 'AdditionalStreetName': None, 'CityName': 'Saint-Baldoph', 'PostalZone': '73190', 'Country': 'FRA'};552046955;False;ENGIE ENERGIE SERVICES;ENGIE ENERGIE SERVICES;2026-09-22;{'StreetName': '73 avenue des Thermes', 'AdditionalStreetName': None, 'CityName': 'Divonne Les Bains', 'PostalZone': '01220', 'Country': 'FRA'};210101432;False;COMMUNE DE DIVONNE-LES-BAINS;Commune de Divonne-les-Bains;;2026-11-01+01:00;services;"[""Valeur technique de l'offre appréciée à l'aide du mémoire technique"", 'Prix']";['technique', 'prix'];[40.0, 60.0];;True;;False;;;;26-90918;;1171898.87;;LOT-0000;50721000;;1;1;;Exploitation et maintenance des installations de chauffage, eau chaude sanitaire et ventilation des bâtiments communaux;ouverte;202609;2.0;;;True;True;True;1171898.87;7210.0;Commune et commune nouvelle ;250  à  499;False;1983-03-01;84.11Z;2008;5599.0;SA à conseil d'administration (s.a.i.);10 000  et plus ;False;False;2008;D;35;35.3;35.3;35.30Z;1955-01-01;(45.531009, 5.959321);Saint-Baldoph;Savoie;Auvergne-Rhône-Alpes;(46.357642, 6.136776);Divonne-les-Bains;Ain;Auvergne-Rhône-Alpes;;;;;;;;
False;['51110000'];;True;False;False;attribue;{'StreetName': '10 Rue Des Bonnes Gens', 'AdditionalStreetName': None, 'CityName': 'Colmar', 'PostalZone': '68000', 'Country': 'FRA'};451279848;False;VIALIS;VIALIS;2026-09-22;{'StreetName': '1 place de la Mairie', 'AdditionalStreetName': None, 'CityName': 'Colmar Cedex', 'PostalZone': '68021', 'Country': 'FRA'};216800664;False;COMMUNE DE COLMAR;VILLE DE COLMAR;;2026-10-05+02:00;services;"[""Valeur technique de l'offre"", 'Prise en compte de la notion de développement durable', 'Prix']";['technique', 'environnemental', 'prix'];[40.0, 10.0, 50.0];360.0;True;2000000.0;False;;sans remise en concurrence;;26-90874;25-49954;;;LOT-0000;51110000;2000000.0;1;1;0.0;Montage - démontage, maintenance et stockage des illuminations de Noël (Accord-cadre mono-attributaire à bons de commande);ouverte;Ville de Colmar;3.0;False;False;False;True;False;;7210.0;Commune et commune nouvelle ;1 000  à  1 999;False;1978-01-01;84.11Z;2008;5515.0;SA d'économie mixte à conseil d'administration ;250  à  499;False;<NA>;2008;D;35;35.1;35.14;35.14Z;2003-12-15;(48.083086, 7.369958);Colmar;Haut-Rhin;Grand Est;(48.079439, 7.357938);Colmar;Haut-Rhin;Grand Est;;;;;;;;
False;;;True;True;False;attribue;{'StreetName': '31 rue de la Guadeloupe', 'AdditionalStreetName': 'ZAC Foucherolles', 'CityName': 'Sainte-Clotilde', 'PostalZone': '97490', 'Country': 'FRA'};753119049;True;ASCENSEURS OCEAN INDIEN;ASCENSEURS OCÉAN INDIEN;2026-09-22;{'StreetName': 'Hôtel de Région Pierre Lagourgue', 'AdditionalStreetName': 'Avenue René Cassin - Moufia', 'CityName': 'Sainte-Clotilde', 'PostalZone': '97490', 'Country': 'FRA'};239740012;True;REGION REUNION;RÉGION RÉUNION;;;services;[];[];;1440.0;False;;False;{'StreetName': None, 'CityName': None, 'PostalZone': None, 'NUTS': 'FRY40', 'Country': 'FRA'};sans remise en concurrence;;26-90856;;;;LOT-0001;50000000;16000000.0;3;1;;Maintenance et travaux de maintenance multi-techniques;ouverte;2025-DMG-0704;;;;False;False;False;;7230.0;Région ;2 000  à  4 999;False;1983-01-01;84.11Z;2008;5710.0;SAS, société par actions simplifiée;10  à  19;<NA>;False;2008;F;43;43.2;43.29;43.29B;2012-08-01;(-20.899416, 55.493934);Saint-Denis;La Réunion;;(-20.90339, 55.48602);Saint-Denis;La Réunion;;;;;;;;;
False;;;True;True;False;attribue;{'StreetName': 'ZAC 2000 – Avenue Théodore Drouhet – BP 94', 'AdditionalStreetName': None, 'CityName': 'Le Port CEDEX', 'PostalZone': '97823', 'Country': 'FRA'};310862644;True;CEGELEC LA REUNION;CEGELEC LA REUNION;2026-09-22;{'StreetName': 'Hôtel de Région Pierre Lagourgue', 'AdditionalStreetName': 'Avenue René Cassin - Moufia', 'CityName': 'Sainte-Clotilde', 'PostalZone': '97490', 'Country': 'FRA'};239740012;True;REGION REUNION;RÉGION RÉUNION;;;services;[];[];;1440.0;False;;False;{'StreetName': None, 'CityName': None, 'PostalZone': None, 'NUTS': 'FRY40', 'Country': 'FRA'};sans remise en concurrence;;26-90856;;;;LOT-0018;50000000;16000000.0;3;5;;Maintenance et travaux de maintenance multi-techniques;ouverte;2025-DMG-0704;;;;False;False;False;;7230.0;Région ;2 000  à  4 999;False;1983-01-01;84.11Z;2008;5710.0;SAS, société par actions simplifiée;100  à  199;False;<NA>;2008;F;43;43.2;43.22;43.22B;1972-01-01;(-20.946471, 55.317495);Le Port;La Réunion;;(-20.90339, 55.48602);Saint-Denis;La Réunion;;;;;;;;;
False;;;True;True;False;attribue;{'StreetName': '18 bis avenue Piton Tréport', 'AdditionalStreetName': 'ZA de Cambaie – Atelier n° 5', 'CityName': 'Saint-Paul', 'PostalZone': '97460', 'Country': 'FRA'};940049794;True;S.R.C.A. MAINTENANCE;SRCA MAINTENANCE;2026-09-22;{'StreetName': 'Hôtel de Région Pierre Lagourgue', 'AdditionalStreetName': 'Avenue René Cassin - Moufia', 'CityName': 'Sainte-Clotilde', 'PostalZone': '97490', 'Country': 'FRA'};239740012;True;REGION REUNION;RÉGION RÉUNION;;;services;[];[];;1440.0;False;;False;{'StreetName': None, 'CityName': None, 'PostalZone': None, 'NUTS': 'FRY40', 'Country': 'FRA'};sans remise en concurrence;;26-90856;;;;LOT-0019;50000000;16000000.0;3;8;;Maintenance et travaux de maintenance multi-techniques;ouverte;2025-DMG-0704;;;;False;False;False;;7230.0;Région ;2 000  à  4 999;False;1983-01-01;84.11Z;2008;5499.0;Société à responsabilité limitée (sans autre indication);;False;False;2008;F;43;43.2;43.22;43.22B;2024-12-24;(-20.962122, 55.29608);Saint-Paul;La Réunion;;(-20.90339, 55.48602);Saint-Denis;La Réunion;;;;;;;;;
False;;;True;False;False;attribue;{'StreetName': None, 'AdditionalStreetName': None, 'CityName': 'Frankfurt', 'PostalZone': '60388', 'Country': 'DEU'};;False;;HALM ELEKTRONIK GMBH;2026-09-22;{'StreetName': None, 'AdditionalStreetName': None, 'CityName': 'Saint-Denis Cedex 9', 'PostalZone': '97400 CS 92003', 'Country': 'FRA'};199744780;True;UNIVERSITE DE LA REUNION;Université de L a Réunion;;;fournitures;['Voir documents du marché', 'Voir documents du marché', 'Voir documents du marché', 'Voir documents du marché', 'Voir documents du marché', 'Voir documents du marché'];['qualite', 'prix', 'qualite', 'qualite', 'qualite', 'qualite'];[40.0, 30.0, 10.0, 10.0, 5.0, 5.0];180.0;True;300000.0;True;{'StreetName': None, 'CityName': 'Saint-Pierre', 'PostalZone': '97410', 'NUTS': 'FRY40', 'Country': 'FRA'};;;26-91000;;244039.0;;LOT-0001;09331200;;1;5;;Acquisition d'un simulateur solaire pour modules photovoltaïques;ouverte;2026FPROJEPV06;;;;True;False;False;244039.0;7383.0;Établissement public national à caractère scientifique culturel et professionnel ;1 000  à  1 999;False;1983-01-01;85.42Z;2008;;;;;;<NA>;;;;;<NA>;<NA>;41.4902853;2.1420153;;;;Saint-Denis;La Réunion;;;;;;;;;
False;['79713000'];;True;False;False;attribue;{'StreetName': '505 Pl Des Champs Elysees', 'AdditionalStreetName': None, 'CityName': 'Evry-Courcouronnes', 'PostalZone': '91000', 'Country': 'FRA'};490225737;False;S3M SECURITE;S3M SECURITE;2026-09-22;{'StreetName': 'Service Commande Publique et Achats', 'AdditionalStreetName': '16 avenue François Mitterrand, Cs40010', 'CityName': 'Le Mans', 'PostalZone': '72039', 'Country': 'FRA'};247200132;False;LE MANS METROPOLE COMMUNAUTE URBAINE;Le Mans Métropole;;2026-07-01+02:00;services;"[""Moyens humains et qualité de l'organisation opérationnelle du prestataire"", 'Pertinence de la méthodologie de surveillance adaptée aux sites stratégiques', ""Développement durable ayant un impact sur l'exécution de la prestation"", 'Prix']";['social', 'technique', 'environnemental', 'prix'];[25.0, 15.0, 5.0, 55.0];1440.0;True;1200000.0;False;;sans remise en concurrence;;26-90967;;1200000.0;;LOT-0000;79713000;1200000.0;1;5;3.0;Prestation de gardiennage et de surveillance de l'unité de production d'eau potable de l'Epau et des sites déportés de Le Mans Métropole pour 4 ans;restreinte;26034_FCS_JMD_AC;;;;False;True;False;1200000.0;7343.0;Communauté urbaine ;1 000  à  1 999;False;1971-11-19;84.11Z;2008;5710.0;SAS, société par actions simplifiée;2 000  à  4 999;False;<NA>;2008;N;80;80.1;80.1;80.10Z;2006-05-02;(48.630387, 2.425261);Évry-Courcouronnes;Essonne;Île-de-France;(48.005022, 0.199706);Le Mans;Sarthe;Pays de la Loire;;;;;;;;
False;['75200000'];;True;False;False;attribue;;;False;;;2026-09-22;{'StreetName': '84 Rue Des Carmélites', 'AdditionalStreetName': None, 'CityName': 'Poitiers', 'PostalZone': '86000', 'Country': 'FRA'};200069854;False;GRAND POITIERS COMMUNAUTE URBAINE;GRAND POITIERS CENTRALE D'ACHATS;;2026-05-01+02:00;services;['Valeur technique', 'Performance en matière de développement durable', 'Prix des prestations'];['technique', 'environnemental', 'prix'];[55.0, 5.0, 40.0];1440.0;True;650000.0;False;;;;26-90965;;650000.0;;LOT-0000;75200000;;1;10;;Interprétariat en Langue des Signes Française;ouverte;S-PF-1783362;3.0;;;False;True;False;650000.0;7343.0;Communauté urbaine ;1 000  à  1 999;False;2017-01-01;84.11Z;2008;;;;;;<NA>;;;;;<NA>;<NA>;;;;;(46.584288, 0.338982);Poitiers;Vienne;Nouvelle-Aquitaine;;;;;;;;
False;['71200000'];;True;False;False;attribue;{'StreetName': '18 Rue Alfred Kastler', 'AdditionalStreetName': None, 'CityName': 'Vannes', 'PostalZone': '56000', 'Country': 'FRA'};439439936;False;NOMADE;NOMADE;2026-09-22;{'StreetName': '84 Rue Des Carmélites', 'AdditionalStreetName': None, 'CityName': 'Poitiers', 'PostalZone': '86000', 'Country': 'FRA'};200069854;False;GRAND POITIERS COMMUNAUTE URBAINE;GRAND POITIERS COMMUNAUTÉ URBAINE;;2026-07-15+02:00;services;['Valeur technique', 'Performance en matière de développement durable', 'Prix'];['technique', 'environnemental', 'prix'];[40.0, 5.0, 55.0];1620.0;False;;False;;;;26-90916;;487828.3;;LOT-0000;71200000;;1;3;;Mission de maîtrise d'oeuvre pour la réhabilitation de la salle Lawson Body;negociee;202512100941;;;;False;False;False;487828.3;7343.0;Communauté urbaine ;1 000  à  1 999;False;2017-01-01;84.11Z;2008;5499.0;Société à responsabilité limitée (sans autre indication);20  à  49;False;<NA>;2008;M;71;71.1;71.11;71.11Z;2001-09-25;(47.643466, -2.747594);Vannes;Morbihan;Bretagne;(46.584288, 0.338982);Poitiers;Vienne;Nouvelle-Aquitaine;;;;;;;;
False;;;False;True;False;attribue;{'StreetName': '50 rue de Saint Cyr', 'AdditionalStreetName': 'Pôle Collectivite', 'CityName': 'LYON CEDEX 09', 'PostalZone': '69251', 'Country': 'FRA'};779838366;True;GROUPAMA RHONE ALPES AUVERGNE;GROUPAMA RHONE ALPES AUVERGNE;2026-09-22;{'StreetName': 'BP 75 - 107 rue du cardinal de Fleury', 'AdditionalStreetName': None, 'CityName': 'TOURNUS', 'PostalZone': '71700', 'Country': 'FRA'};200069698;True;CC MACONNAIS - TOURNUGEOIS;CC Mâconnais Tournugeois;;2027-01-01+01:00;services;"[""La note NP, correspondant au critère conditions financières, sera proportionnelle au prix proposé par le candidat. Le meilleur prix se verra attribuer la note la plus élevée, soit 10.\r\nLes notes seront ensuite dégressives proportionnellement à l'offre la plus basse, selon la formule suivante :\r\nOffre la plus basse x 10\r\nOffre analysée"", ""Il est précisé aux candidats qu'une note NT sur 10 sera attribuée en fonction des propositions qui seront faites dans l'offre. Les propositions acceptant l'intégralité des dispositions facultatives du CCTP et délivrant des conditions de gestion optimales se verront attribuer la note de 10/10. Inversement, les offres s'en éloignant ou ne délivrant pas des conditions de gestion suffisantes se verront retirer des points techniques en fonction de l'importance des observations formulées.\r\n- Prix / Conditions financières : coefficient 0,4 (CP).\r\nLa note NP, correspondant au critère conditions financières, sera proportionnelle au prix proposé par le candidat. Le meilleur prix se verra attribuer la note la plus élevée, soit 10.\r\nLes notes seront ensuite dégressives proportionnellement à l'offre la plus basse, selon la formule suivante :\r\nOffre la plus basse x 10\r\nOffre analysée"", ""Il est précisé aux candidats qu'une note NRSE sur 10 sera attribuée en fonction des réponses apportées à l'annexe critère RSE.""]";['prix', 'technique', 'social'];;1460.0;False;380000.0;False;{'StreetName': '107 rue du Cardinal de Fleury', 'CityName': 'TOURNUS', 'PostalZone': '71700', 'NUTS': 'FRC13', 'Country': 'FRA'};;;26-91046;;19688.86;130000.0;LOT-0001;66515200;;4;2;;PRESTATIONS DE SERVICES D'ASSURANCE COMMUNAUTE DE COMMUNES DU MACONNAIS-TOURNUGEOIS;ouverte;202602AOASSU;3.0;;;False;False;False;158103.0;7346.0;Communauté de communes ;50  à  99;<NA>;2017-01-01;84.11Z;2008;8250.0;Assurance mutuelle agricole ;2 000  à  4 999;True;<NA>;2008;K;65;65.1;65.12;65.12Z;1900-01-01;(45.782784, 4.807728);Lyon;Rhône;Auvergne-Rhône-Alpes;(46.556863, 4.913725);Tournus;Saône-et-Loire;Bourgogne-Franche-Comté;;;;;;;;
False;;;False;True;False;attribue;{'StreetName': '141 avenue Salvador Allende', 'AdditionalStreetName': None, 'CityName': 'NIORT', 'PostalZone': '79000', 'Country': 'FRA'};833817224;True;SMACL ASSURANCES SA;SMACL ASSURANCES SARL;2026-09-22;{'StreetName': 'BP 75 - 107 rue du cardinal de Fleury', 'AdditionalStreetName': None, 'CityName': 'TOURNUS', 'PostalZone': '71700', 'Country': 'FRA'};200069698;True;CC MACONNAIS - TOURNUGEOIS;CC Mâconnais Tournugeois;;2027-01-01+01:00;services;"[""La note NP, correspondant au critère conditions financières, sera proportionnelle au prix proposé par le candidat. Le meilleur prix se verra attribuer la note la plus élevée, soit 10.\r\nLes notes seront ensuite dégressives proportionnellement à l'offre la plus basse, selon la formule suivante :\r\nOffre la plus basse x 10\r\nOffre analysée"", ""Il est précisé aux candidats qu'une note NT sur 10 sera attribuée en fonction des propositions qui seront faites dans l'offre. Les propositions acceptant l'intégralité des dispositions facultatives du CCTP et délivrant des conditions de gestion optimales se verront attribuer la note de 10/10. Inversement, les offres s'en éloignant ou ne délivrant pas des conditions de gestion suffisantes se verront retirer des points techniques en fonction de l'importance des observations formulées.\r\n- Prix / Conditions financières : coefficient 0,4 (CP).\r\nLa note NP, correspondant au critère conditions financières, sera proportionnelle au prix proposé par le candidat. Le meilleur prix se verra attribuer la note la plus élevée, soit 10.\r\nLes notes seront ensuite dégressives proportionnellement à l'offre la plus basse, selon la formule suivante :\r\nOffre la plus basse x 10\r\nOffre analysée"", ""Il est précisé aux candidats qu'une note NRSE sur 10 sera attribuée en fonction des réponses apportées à l'annexe critère RSE.\n- Note globale :\nLa note globale (N) du candidat est égale à la somme des produits des notes attribuées multipliées par les coefficients correspondants :\nN = (NT X CT) + (NP X CP) + (NRSE X CRSE)\nNOTA : En cas d'égalité des candidats sur la note globale, l'offre retenue sera l'offre ayant obtenu la meilleure note sur le critère de la valeur technique.""]";['prix', 'technique', 'social'];;1460.0;False;380000.0;False;{'StreetName': '107 rue du Cardinal de Fleury', 'CityName': 'TOURNUS', 'PostalZone': '71700', 'NUTS': 'FRC13', 'Country': 'FRA'};;;26-91046;;4961.07;70000.0;LOT-0002;66516000;;4;3;;PRESTATIONS DE SERVICES D'ASSURANCE COMMUNAUTE DE COMMUNES DU MACONNAIS-TOURNUGEOIS;ouverte;202602AOASSU;;;;False;False;False;158103.0;7346.0;Communauté de communes ;50  à  99;<NA>;2017-01-01;84.11Z;2008;5599.0;SA à conseil d'administration (s.a.i.);500  à  999;False;<NA>;2008;K;65;65.1;65.12;65.12Z;2017-11-28;(46.333546, -0.485756);Niort;Deux-Sèvres;Nouvelle-Aquitaine;(46.556863, 4.913725);Tournus;Saône-et-Loire;Bourgogne-Franche-Comté;;;;;;;;
False;;;False;True;False;attribue;{'StreetName': '141 avenue Salvador Allende', 'AdditionalStreetName': None, 'CityName': 'NIORT', 'PostalZone': '79000', 'Country': 'FRA'};833817224;True;SMACL ASSURANCES SA;SMACL ASSURANCES SARL;2026-09-22;{'StreetName': 'BP 75 - 107 rue du cardinal de Fleury', 'AdditionalStreetName': None, 'CityName': 'TOURNUS', 'PostalZone': '71700', 'Country': 'FRA'};200069698;True;CC MACONNAIS - TOURNUGEOIS;CC Mâconnais Tournugeois;;2027-01-01+01:00;services;"[""La note NP, correspondant au critère conditions financières, sera proportionnelle au prix proposé par le candidat. Le meilleur prix se verra attribuer la note la plus élevée, soit 10.\r\nLes notes seront ensuite dégressives proportionnellement à l'offre la plus basse, selon la formule suivante :\r\nOffre la plus basse x 10\r\nOffre analysée"", ""Il est précisé aux candidats qu'une note NT sur 10 sera attribuée en fonction des propositions qui seront faites dans l'offre. Les propositions acceptant l'intégralité des dispositions facultatives du CCTP et délivrant des conditions de gestion optimales se verront attribuer la note de 10/10. Inversement, les offres s'en éloignant ou ne délivrant pas des conditions de gestion suffisantes se verront retirer des points techniques en fonction de l'importance des observations formulées.\r\n- Prix / Conditions financières : coefficient 0,4 (CP).\r\nLa note NP, correspondant au critère conditions financières, sera proportionnelle au prix proposé par le candidat. Le meilleur prix se verra attribuer la note la plus élevée, soit 10.\r\nLes notes seront ensuite dégressives proportionnellement à l'offre la plus basse, selon la formule suivante :\r\nOffre la plus basse x 10\r\nOffre analysée"", ""Il est précisé aux candidats qu'une note NRSE sur 10 sera attribuée en fonction des réponses apportées à l'annexe critère RSE.\n- Note globale :\nLa note globale (N) du candidat est égale à la somme des produits des notes attribuées multipliées par les coefficients correspondants :\nN = (NT X CT) + (NP X CP) + (NRSE X CRSE)\nNOTA : En cas d'égalité des candidats sur la note globale, l'offre retenue sera l'offre ayant obtenu la meilleure note sur le critère de la valeur technique.""]";['prix', 'technique', 'social'];;1460.0;False;380000.0;False;{'StreetName': '107 rue du Cardinal de Fleury', 'CityName': 'TOURNUS', 'PostalZone': '71700', 'NUTS': 'FRC13', 'Country': 'FRA'};;;26-91046;;13372.91;140000.0;LOT-0003;66514110;;4;3;;PRESTATIONS DE SERVICES D'ASSURANCE COMMUNAUTE DE COMMUNES DU MACONNAIS-TOURNUGEOIS;ouverte;202602AOASSU;;;;False;False;False;158103.0;7346.0;Communauté de communes ;50  à  99;<NA>;2017-01-01;84.11Z;2008;5599.0;SA à conseil d'administration (s.a.i.);500  à  999;False;<NA>;2008;K;65;65.1;65.12;65.12Z;2017-11-28;(46.333546, -0.485756);Niort;Deux-Sèvres;Nouvelle-Aquitaine;(46.556863, 4.913725);Tournus;Saône-et-Loire;Bourgogne-Franche-Comté;;;;;;;;
False;;;False;True;False;attribue;;;False;;;2026-09-22;{'StreetName': 'BP 75 - 107 rue du cardinal de Fleury', 'AdditionalStreetName': None, 'CityName': 'TOURNUS', 'PostalZone': '71700', 'Country': 'FRA'};200069698;True;CC MACONNAIS - TOURNUGEOIS;CC Mâconnais Tournugeois;;2027-01-01+01:00;services;"[""La note NP, correspondant au critère conditions financières, sera proportionnelle au prix proposé par le candidat. Le meilleur prix se verra attribuer la note la plus élevée, soit 10.\r\nLes notes seront ensuite dégressives proportionnellement à l'offre la plus basse, selon la formule suivante :\r\nOffre la plus basse x 10\r\nOffre analysée"", ""Il est précisé aux candidats qu'une note NT sur 10 sera attribuée en fonction des propositions qui seront faites dans l'offre. Les propositions acceptant l'intégralité des dispositions facultatives du CCTP et délivrant des conditions de gestion optimales se verront attribuer la note de 10/10. Inversement, les offres s'en éloignant ou ne délivrant pas des conditions de gestion suffisantes se verront retirer des points techniques en fonction de l'importance des observations formulées.\r\n- Prix / Conditions financières : coefficient 0,4 (CP).\r\nLa note NP, correspondant au critère conditions financières, sera proportionnelle au prix proposé par le candidat. Le meilleur prix se verra attribuer la note la plus élevée, soit 10.\r\nLes notes seront ensuite dégressives proportionnellement à l'offre la plus basse, selon la formule suivante :\r\nOffre la plus basse x 10\r\nOffre analysée"", ""Il est précisé aux candidats qu'une note NRSE sur 10 sera attribuée en fonction des réponses apportées à l'annexe critère RSE.\r\n- Note globale :\r\nLa note globale (N) du candidat est égale à la somme des produits des notes attribuées multipliées par les coefficients correspondants :\r\nN = (NT X CT) + (NP X CP) + (NRSE X CRSE)\r\nNOTA : En cas d'égalité des candidats sur la note globale, l'offre retenue sera l'offre ayant obtenu la meilleure note sur le critère de la valeur technique.""]";['prix', 'technique', 'social'];;1460.0;False;380000.0;False;{'StreetName': '107 rue du Cardinal de Fleury', 'CityName': 'TOURNUS', 'PostalZone': '71700', 'NUTS': 'FRC13', 'Country': 'FRA'};;;26-91046;;1502.91;40000.0;LOT-0004;66515411;;4;1;;PRESTATIONS DE SERVICES D'ASSURANCE COMMUNAUTE DE COMMUNES DU MACONNAIS-TOURNUGEOIS;ouverte;202602AOASSU;;;;False;False;False;158103.0;7346.0;Communauté de communes ;50  à  99;<NA>;2017-01-01;84.11Z;2008;;;;;;<NA>;;;;;<NA>;<NA>;;;;;(46.556863, 4.913725);Tournus;Saône-et-Loire;Bourgogne-Franche-Comté;;;;;;;;
False;;;False;False;False;attribue;{'StreetName': None, 'AdditionalStreetName': None, 'CityName': 'CESSON-SEVIGNE', 'PostalZone': '35510', 'Country': 'FRA'};379065758;True;HOPPEN FRANCE;HOPPEN FRANCE;2026-09-22;{'StreetName': 'Château des GADEAUX 123 avenue François Mitterrand', 'AdditionalStreetName': None, 'CityName': 'Bourges', 'PostalZone': '18000', 'Country': 'FRA'};261800072;True;CENTRE HOSPITALIER JACQUES COEUR;GHT DU CHER;;;services;"['\uf0a7\tCritère 1 : Valeur technique de l’offre 65 %\no\tL’adéquation, la qualité et les performances du matériel et de la technologie proposés : 15 % ;\no\tPluralité et qualité des abonnements proposés : 20 % ;\no\tQualité et aboutissement de la solution concernant la chaîne interne 10 % ;\no\tEntretien des équipements et maintenance : 15 % ;\no\tDélais de mise en œuvre : 5 %\n\n\uf0a7\tCritère 2 : Offre financière 25%\no\tLe montant de la redevance au vu du pourcentage proposé sur le chiffre d’affaires et du montant minimum garanti par an : 15 %\no\tLa grille tarifaire proposée pour les prestations : 10%\n\n\uf0a7\tCritère 3 : Développement durable 10 %\n\uf061\tEvalué sur le classement énergétique des TV proposées\n\uf061\tEvalué sur l’indice de réparabilité des TV proposées\n\uf061\tEvalué sur la capacité du prestataire à proposer des TV reconditionnées et/ou le taux de reconditionnement des pièces composant les téléviseurs']";['environnemental'];[100.0];2555.0;True;0.0;False;{'StreetName': None, 'CityName': 'Bourges', 'PostalZone': None, 'NUTS': 'FRB01', 'Country': 'FRA'};;;26-90930;;35000.0;;LOT-0001;92200000;;1;4;;25GHT110 - Prestation d'abonnements télévision, téléphone, internet et multimédia aux patients du centre hospitalier Jacques Cur;ouverte;25GHT110;;;;False;False;False;35000.0;7364.0;Établissement d'hospitalisation ;2 000  à  4 999;False;1978-01-01;86.10Z;2008;5710.0;SAS, société par actions simplifiée;250  à  499;False;<NA>;2008;N;77;77.2;77.29;77.29Z;1990-08-20;;Cesson-Sévigné;Ille-et-Vilaine;Bretagne;(47.083481, 2.435122);Bourges;Cher;Centre-Val de Loire;;;;;;;;
False;['71240000'];57.0;False;False;False;attribue;{'StreetName': '20 Rue Octavie', 'AdditionalStreetName': None, 'CityName': 'Villeurbanne', 'PostalZone': '69100', 'Country': 'FRA'};327895694;False;AAMCO - ARCHITECTURES SAS;AAMCO - ARCHITECTURES SAS;2026-09-22;{'StreetName': 'Hôtel de Ville - Agora', 'AdditionalStreetName': None, 'CityName': 'Boulazac Isle Manoire Cedex', 'PostalZone': '24755', 'Country': 'FRA'};212403224;False;COMMUNE DE PERIGUEUX;Commune de Boulazac Isle Manoire;2024-07-04;;services;['Qualité de la réponse au programme', 'Compatibilité avec les contraintes financières du projet'];['qualite', 'prix'];[80.0, 20.0];;False;;False;;;;26-91077;24-77820;436387.85;;LOT-0000;71240000;;1;1;1.0;CONCOURS RESTREINT DE MAITRISE D'OEUVRE POUR LA LA RECONSTRUCTION DE LA CUISINE MUNICIPALE DE BOULAZAC ISLE MANOIRE;restreinte;24_0053_CR_S_05;;;False;False;False;False;436387.85;7210.0;Commune et commune nouvelle ;500  à  999;False;1980-01-01;84.11Z;2008;5710.0;SAS, société par actions simplifiée;10  à  19;False;<NA>;2008;M;71;71.1;71.11;71.11Z;1983-11-01;(45.780537, 4.88803);Villeurbanne;Rhône;Auvergne-Rhône-Alpes;(45.181949, 0.761651);Boulazac Isle Manoire;Dordogne;Nouvelle-Aquitaine;;;;;;;;
False;['66512000'];;True;False;False;attribue;"{'StreetName': ""rue de l'octant"", 'AdditionalStreetName': None, 'CityName': 'Echirolles', 'PostalZone': '38431', 'Country': 'FRA'}";311248637;False;WILLIS TOWERS WATSON FRANCE;WILLIS TOWER WATSON;2026-09-22;"{'StreetName': ""Boulevard de l'Hôtel de Ville"", 'AdditionalStreetName': None, 'CityName': 'Lapalisse', 'PostalZone': '03120', 'Country': 'FRA'}";240300491;False;COMMUNAUTE COM PAYS DE LAPALISSE;COMMUNAUTE DE COMMUNES PAYS DE LAPALISSE;;2027-01-01+01:00;services;"[""Valeur technique de l'offre"", 'Prix']";['technique', 'prix'];[40.0, 60.0];;False;;False;"{'StreetName': ""Boulevard De L'Hotel De Ville"", 'CityName': 'Lapalisse', 'PostalZone': '03120', 'NUTS': 'FRK11', 'Country': 'FRA'}";;;26-91032;;325791.0;;LOT-0000;66510000;;1;5;;Marché d'Assurances des prestations statutaires;ouverte;S-PF-1823701;;;;False;False;False;325791.0;7346.0;Communauté de communes ;50  à  99;False;1997-12-20;84.11Z;2008;5710.0;SAS, société par actions simplifiée;2 000  à  4 999;False;False;2008;K;66;66.2;66.22;66.22Z;1900-01-01;(45.149686, 5.728842);Échirolles;Isère;Auvergne-Rhône-Alpes;(46.25005, 3.638766);Lapalisse;Allier;Auvergne-Rhône-Alpes;;;;;;;;
