procedure_acceleree;cpv_supp;publicite;omc;allotissement;modifie;decision;adresse_fournisseur;siren_fournisseur;siren_fournisseur_connu;nom_siren_fournisseur;nom_declare_fournisseur;date_avis_attribution;adresse_acheteur;siren_acheteur;siren_acheteur_connu;nom_siren_acheteur;nom_declare_acheteur;date_avis_marche;debut_contrat;type_contrat;intitule_critere;type_critere;poids_critere;duree;clause_environnementale;valeur_totale_estimee;financement_ue;lieu_execution;type_accord_cadre;nom_fonds_ue;id_boamp_attribution;id_boamp_contrat;prix_attribution_lot;valeur_estimee_lot;id_lot;cpv;valeur_max_totale_accord_cadre;nombre_lots;nombre_offres;nombre_offres_pme;objet;procedure;id_projet;renouvellement;marche_reserve;favorable_pme;clause_sociale;strategique_environnemental;strategique_social;valeur_totale;code_statut_juridique_acheteur;nom_statut_juridique_acheteur;effectif_acheteur;acheteur_ess;date_creation_acheteur;code_activite_principale_acheteur;version_activite_acheteur;code_statut_juridique_fournisseur;nom_statut_juridique_fournisseur;effectif_fournisseur;fournisseur_ess;fournisseur_mission;version_activite_fournisseur;niveau_activite1_fournisseur;niveau_activite2_fournisseur;niveau_activite3_fournisseur;niveau_activite4_fournisseur;niveau_activite5_fournisseur;date_creation_fournisseur;gps_fournisseur;nom_commune_fournisseur;departement_fournisseur;region_fournisseur;gps_acheteur;nom_commune_acheteur;departement_acheteur;region_acheteur;epci_fournisseur;nom_epci_fournisseur;nature_epci_fournisseur;epci_acheteur;nom_epci_acheteur;nature_epci_acheteur;code_commune_fournisseur;code_commune_acheteur
False;;;True;False;False;attribue;{'StreetName': '80, quai Voltaire', 'AdditionalStreetName': 'Immeuble River Ouest', 'CityName': 'Bezons', 'PostalZone': '95870', 'Country': 'FRA'};408024719;True;ATOS FRANCE;Atos France;2026-09-18;{'StreetName': '61-65, rue Dutot', 'AdditionalStreetName': None, 'CityName': 'Paris CEDEX 15', 'PostalZone': '75732', 'Country': 'FRA'};110043015;True; MINISTERE DE L’EDUCATION NATIONALE;Ministère chargé de l’enseignement supérieur, de la recherche et de l’espace;;;services;['Valeur technique', 'Prix des prestations'];['technique', 'prix'];[70.0, 30.0];360.0;True;3000000.0;False;{'StreetName': '61-65, rue Dutot', 'CityName': 'Paris Cedex 15', 'PostalZone': '75732', 'NUTS': 'FR101', 'Country': 'FRA'};sans remise en concurrence;;26-89987;;2585036.88;3000000.0;LOT-0001;72267100;7000000.0;1;6.0;;MEN-SG-AOO-26012;ouverte;MEN-SG-AOO-26012;3.0;;;True;False;False;2585036.88;7113.0;Ministère ;250  à  499;False;1981-06-23;84.11Z;2008;5710.0;SAS, société par actions simplifiée;5 000  à  9 999;False;False;2008;J;62;62.0;62.02;62.02A;1996-06-01;(48.92403, 2.222832);Bezons;Val-d'Oise;Île-de-France;(48.837868, 2.308216);Paris;Paris;Île-de-France;;;;;;;;
False;['79710000', '79713000'];;True;True;False;attribue;{'StreetName': '12 Rue De Cannes', 'AdditionalStreetName': None, 'CityName': 'Lille', 'PostalZone': '59000', 'Country': 'FRA'};834215758;False;EXPERT PROTECT;EXPERT PROTECT;2026-09-18;"{'StreetName': ""19/21 quai d'Austerlitz"", 'AdditionalStreetName': None, 'CityName': 'Paris', 'PostalZone': '75013', 'Country': 'FRA'}";382373116;False;SOLENDI EXPANSION;SOLENDI EXPANSION;;;services;"[""Valeur technique de l'offre"", 'Prix']";['technique', 'prix'];[60.0, 40.0];;False;2030000.0;False;;;;26-89967;;1400000.0;;LOT-0001;79710000;;4;15.0;;Prestations de sécurité et de gardiennage pour les sites de Grand Seine (Paris 13ème), Marseille et Lyon et prestations de sécurité ponctuelles et interventions d'urgence sur d'autres sites Action Log;ouverte;2026-SE-001;3.0;;;False;False;False;2030000.0;5599.0;SA à conseil d'administration (s.a.i.);;False;1991-03-28;64.30Z;2008;5499.0;Société à responsabilité limitée (sans autre indication);50  à  99;False;<NA>;2008;N;80;80.1;80.1;80.10Z;2018-01-02;(50.606009, 3.046285);Lille;Nord;Hauts-de-France;(48.838884, 2.371794);Paris;Paris;Île-de-France;;;;;;;;
False;['79710000', '79713000'];;True;True;False;attribue;{'StreetName': '209 Rue Pina Bausch', 'AdditionalStreetName': None, 'CityName': 'Montpellier', 'PostalZone': '34000', 'Country': 'FRA'};510160161;False;P.S.I EVENEMENTIEL;PROTECTION SECURITE INDUSTRIE;2026-09-18;"{'StreetName': ""19/21 quai d'Austerlitz"", 'AdditionalStreetName': None, 'CityName': 'Paris', 'PostalZone': '75013', 'Country': 'FRA'}";382373116;False;SOLENDI EXPANSION;SOLENDI EXPANSION;;;services;"[""Valeur technique de l'offre"", 'Prix']";['technique', 'prix'];[60.0, 40.0];;False;2030000.0;False;;;;26-89967;;280000.0;;LOT-0002;79710000;;4;5.0;;Prestations de sécurité et de gardiennage pour les sites de Grand Seine (Paris 13ème), Marseille et Lyon et prestations de sécurité ponctuelles et interventions d'urgence sur d'autres sites Action Log;ouverte;2026-SE-001;3.0;;;False;False;False;2030000.0;5599.0;SA à conseil d'administration (s.a.i.);;False;1991-03-28;64.30Z;2008;5499.0;Société à responsabilité limitée (sans autre indication);100  à  199;False;<NA>;2008;N;80;80.1;80.1;80.10Z;2008-12-01;(43.619243, 3.823396);Montpellier;Hérault;Occitanie;(48.838884, 2.371794);Paris;Paris;Île-de-France;;;;;;;;
False;['79710000', '79713000'];;True;True;False;attribue;{'StreetName': '129 Rue Servient', 'AdditionalStreetName': None, 'CityName': 'Lyon 3eme', 'PostalZone': '69003', 'Country': 'FRA'};349911115;False;DERECA;GROUPE PROTECTION RHONE ALPES;2026-09-18;"{'StreetName': ""19/21 quai d'Austerlitz"", 'AdditionalStreetName': None, 'CityName': 'Paris', 'PostalZone': '75013', 'Country': 'FRA'}";382373116;False;SOLENDI EXPANSION;SOLENDI EXPANSION;;;services;"[""Valeur technique de l'offre"", 'Prix']";['technique', 'prix'];[60.0, 40.0];;False;2030000.0;False;;;;26-89967;;250000.0;;LOT-0003;79710000;;4;10.0;;Prestations de sécurité et de gardiennage pour les sites de Grand Seine (Paris 13ème), Marseille et Lyon et prestations de sécurité ponctuelles et interventions d'urgence sur d'autres sites Action Log;ouverte;2026-SE-001;3.0;;;False;False;False;2030000.0;5599.0;SA à conseil d'administration (s.a.i.);;False;1991-03-28;64.30Z;2008;5710.0;SAS, société par actions simplifiée;20  à  49;False;False;2008;G;47;47.1;47.11;47.11D;1989-03-06;(45.760891, 4.8539);Lyon;Rhône;Auvergne-Rhône-Alpes;(48.838884, 2.371794);Paris;Paris;Île-de-France;;;;;;;;
False;['79710000', '79713000'];;True;True;False;attribue;{'StreetName': '55 All Jean Jacques Rousseau', 'AdditionalStreetName': None, 'CityName': 'Les Pavillons-Sous-Bois', 'PostalZone': '93320', 'Country': 'FRA'};919664904;False;LE VIGILANT SECURITE PRIVEE;LE VIGILANT SECURITE PRIVEE;2026-09-18;"{'StreetName': ""19/21 quai d'Austerlitz"", 'AdditionalStreetName': None, 'CityName': 'Paris', 'PostalZone': '75013', 'Country': 'FRA'}";382373116;False;SOLENDI EXPANSION;SOLENDI EXPANSION;;;services;"[""Valeur technique de l'offre"", 'Prix']";['technique', 'prix'];[60.0, 40.0];;False;2030000.0;False;;;;26-89967;;100000.0;;LOT-0004;79710000;;4;3.0;;Prestations de sécurité et de gardiennage pour les sites de Grand Seine (Paris 13ème), Marseille et Lyon et prestations de sécurité ponctuelles et interventions d'urgence sur d'autres sites Action Log;ouverte;2026-SE-001;3.0;;;False;False;False;2030000.0;5599.0;SA à conseil d'administration (s.a.i.);;False;1991-03-28;64.30Z;2008;5710.0;SAS, société par actions simplifiée;6  à  9;False;<NA>;2008;N;80;80.1;80.1;80.10Z;2022-09-22;(48.906974, 2.514261);Les Pavillons-sous-Bois;Seine-Saint-Denis;Île-de-France;(48.838884, 2.371794);Paris;Paris;Île-de-France;;;;;;;;
False;['79000000'];;True;False;False;attribue;{'StreetName': '145 rue Anatole France', 'AdditionalStreetName': None, 'CityName': 'Levallois-Perret', 'PostalZone': '92300', 'Country': 'FRA'};306880592;True;VML;VML;2026-09-18;{'StreetName': '39bis-41 rue de Châteaudun', 'AdditionalStreetName': None, 'CityName': 'Paris', 'PostalZone': '75009', 'Country': 'FRA'};287500078;True;ILE-DE-FRANCE MOBILITES;Ile de France Mobilités;;;services;"[""Critère 1 valeur technique sur 70 points \nSc1 - Cas pratique sur 40 points \nPrésentation des enjeux identifiés par le candidat, afin d'évaluer la compréhension des attentes d'Île-de-France Mobilités et des enjeux liés à cette clientèle.\nExemple de traitement d'un sujet en adéquation avec les problématiques d'Île-de-France Mobilités comme par exemple la valorisation des transports en commun \n\nSc2 - Méthodologie et organisation sur 15 points \nMéthodologie de travail, outils et process mis en place (prise de brief, suivi de production, gestion des demandes urgentes, …) ainsi que les moyens techniques à disposition.\n\nSc3 - Accompagnement d'Île-de- France Mobilités et présentation des équipes en charge de la réalisation des différentes prestations Le candidat présentera la liste et le profil professionnel des membres des équipes spécifiquement dédiées à ces missions ou des sous-traitants envisagés.  Pilotage et articulation entre les différents intervenants qui peuvent être amenés à travailler sur les prestations du présent marché. 15 points"", 'Valeur économique évalué à partir du montant TTC du DQE 30 points']";['technique', 'prix'];[70.0, 30.0];1440.0;True;0.0;False;{'StreetName': None, 'CityName': 'Paris', 'PostalZone': None, 'NUTS': 'FR101', 'Country': 'FRA'};sans remise en concurrence;;26-90018;;;0.0;LOT-0001;79340000;1225000.0;1;4.0;;La consultation concerne un accord-cadre de prestations intellectuelles relatif à l'assistance pour l'accompagnement Marketing et communication Spécial Jeunes.;ouverte;2026-044;;;;True;False;False;;7379.0;(Autre) Établissement public administratif local ;500  à  999;False;2005-07-01;84.13Z;2008;5710.0;SAS, société par actions simplifiée;100  à  199;False;<NA>;2008;M;73;73.1;73.11;73.11Z;1976-08-04;(48.896681, 2.280542);Levallois-Perret;Hauts-de-Seine;Île-de-France;(48.876068, 2.335537);Paris;Paris;Île-de-France;;;;;;;;
False;;;True;False;False;attribue;{'StreetName': '21, hameau de Kervennec', 'AdditionalStreetName': None, 'CityName': 'GUILVINEC', 'PostalZone': '29730', 'Country': 'FRA'};830757647;True;EXPLOSITION;EXPLOSITION;2026-09-18;{'StreetName': '60 Bd du Général Martial Valin', 'AdditionalStreetName': None, 'CityName': 'Paris', 'PostalZone': '75015', 'Country': 'FRA'};130016512;True;;SGA/SDPAMG;;;services;;;;360.0;True;250000.0;False;{'StreetName': None, 'CityName': 'LANESTER', 'PostalZone': '56600', 'NUTS': 'FRH04', 'Country': 'FRA'};;;26-90026;;249992.89;250000.0;LOT-0001;92521100;;1;3.0;;Conception et la réalisation d’une nouvelle scénographie pour le musée de  tradition des fusiliers marins et commandos.;ouverte;DAF_2025_001668_BCOM;;;;True;False;False;249992.89;;;;;<NA>;<NA>;<NA>;5499.0;Société à responsabilité limitée (sans autre indication);;False;<NA>;2008;M;74;74.1;74.1;74.10Z;2017-07-03;(47.805826, -4.284683);Guilvinec;Finistère;Bretagne;(48.836551, 2.27543);Paris;Paris;Île-de-France;;;;;;;;
False;['35120000'];;True;True;False;attribue;{'StreetName': '154 Che De Saint Michel', 'AdditionalStreetName': None, 'CityName': 'Le Bar-Sur-Loup', 'PostalZone': '06620', 'Country': 'FRA'};821064474;False;MY KEEPER;MY KEEPER;2026-09-18;"{'StreetName': ""19/21 quai d'Austerlitz"", 'AdditionalStreetName': None, 'CityName': 'Paris', 'PostalZone': '75013', 'Country': 'FRA'}";824541148;False;ACTION LOGEMENT SERVICES;ACTION LOGEMENT SERVICES;;;fournitures;"[""Valeur technique de l'offre"", 'Prix']";['technique', 'prix'];[60.0, 40.0];;True;3500000.0;False;;sans remise en concurrence;;26-89920;;1000000.0;;LOT-0001;35120000;3500000.0;2;6.0;;Fourniture et mise en place d'un dispositif de Protection de Travailleurs Isolés;ouverte;2026-ALS-007;2.0;;;True;True;True;;5710.0;SAS, société par actions simplifiée;2 000  à  4 999;False;2016-12-31;84.12Z;2008;5710.0;SAS, société par actions simplifiée;20  à  49;False;<NA>;2008;J;58;58.2;58.29;58.29C;2016-06-14;(43.699208, 6.984939);Le Bar-sur-Loup;Alpes-Maritimes;Provence-Alpes-Côte d'Azur;(48.838884, 2.371794);Paris;Paris;Île-de-France;;;;;;;;
False;['35120000'];;True;True;False;attribue;{'StreetName': '65 Rue Henri Depagneux', 'AdditionalStreetName': None, 'CityName': 'Limas', 'PostalZone': '69400', 'Country': 'FRA'};494138589;False;MY SELLING TOOLS;MY ANGEL;2026-09-18;"{'StreetName': ""19/21 quai d'Austerlitz"", 'AdditionalStreetName': None, 'CityName': 'Paris', 'PostalZone': '75013', 'Country': 'FRA'}";824541148;False;ACTION LOGEMENT SERVICES;ACTION LOGEMENT SERVICES;;;fournitures;"[""Valeur technique de l'offre"", 'Prix']";['technique', 'prix'];[60.0, 40.0];;True;3500000.0;False;;sans remise en concurrence;;26-89920;;2500000.0;;LOT-0002;35120000;3500000.0;2;7.0;;Fourniture et mise en place d'un dispositif de Protection de Travailleurs Isolés;ouverte;2026-ALS-007;2.0;;;True;True;True;;5710.0;SAS, société par actions simplifiée;2 000  à  4 999;False;2016-12-31;84.12Z;2008;5710.0;SAS, société par actions simplifiée;10  à  19;False;<NA>;2008;M;73;73.1;73.11;73.11Z;2007-02-01;(45.976247, 4.715562);Limas;Rhône;Auvergne-Rhône-Alpes;(48.838884, 2.371794);Paris;Paris;Île-de-France;;;;;;;;
False;;;True;True;False;attribue;{'StreetName': None, 'AdditionalStreetName': None, 'CityName': 'CRETEIL', 'PostalZone': '94000', 'Country': 'FRA'};843527151;True;KLM METROLOGIE S.A.S;KLM METROLOGIE;2026-09-18;"{'StreetName': ""21 Rue de l'école de médecine"", 'AdditionalStreetName': None, 'CityName': 'PARIS', 'PostalZone': '75006', 'Country': 'FRA'}";130023385;True;SORBONNE UNIVERSITE;Sorbonne Université;;2026-07-21+02:00;services;['prix: 40%'];['prix'];[100];;True;140000.0;False;{'StreetName': None, 'CityName': 'Paris', 'PostalZone': None, 'NUTS': 'FR101', 'Country': 'FRA'};sans remise en concurrence;;26-90030;;103000.0;;LOT-0001;50324200;140000.0;7;2.0;;Maintenance des équipements scientifiques de l'Institut de la Vision;ouverte;SU_2026_AOO_MAINTENANCE_IDV;;;;False;False;False;;7383.0;Établissement public national à caractère scientifique culturel et professionnel ;5 000  à  9 999;False;2018-01-01;85.42Z;2008;5710.0;SAS, société par actions simplifiée;3  à  5;False;<NA>;2008;C;33;33.1;33.13;33.13Z;2018-11-01;;Créteil;Val-de-Marne;Île-de-France;(48.851227, 2.340383);Paris;Paris;Île-de-France;;;;;;;;
False;;;True;True;False;attribue;{'StreetName': None, 'AdditionalStreetName': None, 'CityName': 'Villebon sur Yvette', 'PostalZone': '91140', 'Country': 'FRA'};326556578;True;THERMO ELECTRON SAS;THERMO ELECTRON;2026-09-18;"{'StreetName': ""21 Rue de l'école de médecine"", 'AdditionalStreetName': None, 'CityName': 'PARIS', 'PostalZone': '75006', 'Country': 'FRA'}";130023385;True;SORBONNE UNIVERSITE;Sorbonne Université;;2026-07-21+02:00;services;['prix: 40%'];['prix'];[100];;True;140000.0;False;{'StreetName': None, 'CityName': 'Paris', 'PostalZone': None, 'NUTS': 'FR101', 'Country': 'FRA'};sans remise en concurrence;;26-90030;;25000.0;;LOT-0002;50324200;140000.0;7;1.0;;Maintenance des équipements scientifiques de l'Institut de la Vision;ouverte;SU_2026_AOO_MAINTENANCE_IDV;;;;False;False;False;;7383.0;Établissement public national à caractère scientifique culturel et professionnel ;5 000  à  9 999;False;2018-01-01;85.42Z;2008;5710.0;SAS, société par actions simplifiée;250  à  499;False;<NA>;2008;S;95;95.2;95.21;95.21Z;1983-02-01;;Villebon-sur-Yvette;Essonne;Île-de-France;(48.851227, 2.340383);Paris;Paris;Île-de-France;;;;;;;;
False;;;True;True;False;attribue;;;False;;;2026-09-18;"{'StreetName': ""21 Rue de l'école de médecine"", 'AdditionalStreetName': None, 'CityName': 'PARIS', 'PostalZone': '75006', 'Country': 'FRA'}";130023385;True;SORBONNE UNIVERSITE;Sorbonne Université;;2026-07-21+02:00;services;['Prix: 40%'];['prix'];[100];;True;140000.0;False;{'StreetName': None, 'CityName': 'Paris', 'PostalZone': None, 'NUTS': 'FR101', 'Country': 'FRA'};sans remise en concurrence;;26-90030;;;;LOT-0003;50324200;140000.0;7;2.0;;Maintenance des équipements scientifiques de l'Institut de la Vision;ouverte;SU_2026_AOO_MAINTENANCE_IDV;;;;False;False;False;;7383.0;Établissement public national à caractère scientifique culturel et professionnel ;5 000  à  9 999;False;2018-01-01;85.42Z;2008;;;;;;<NA>;;;;;<NA>;<NA>;;;;;(48.851227, 2.340383);Paris;Paris;Île-de-France;;;;;;;;
False;;;True;True;False;attribue;;;False;;;2026-09-18;"{'StreetName': ""21 Rue de l'école de médecine"", 'AdditionalStreetName': None, 'CityName': 'PARIS', 'PostalZone': '75006', 'Country': 'FRA'}";130023385;True;SORBONNE UNIVERSITE;Sorbonne Université;;2026-07-21+02:00;services;['Prix: 40%'];['prix'];[100];;True;140000.0;False;{'StreetName': None, 'CityName': 'Paris', 'PostalZone': None, 'NUTS': 'FR101', 'Country': 'FRA'};sans remise en concurrence;;26-90030;;;;LOT-0004;50324200;140000.0;7;2.0;;Maintenance des équipements scientifiques de l'Institut de la Vision;ouverte;SU_2026_AOO_MAINTENANCE_IDV;;;;False;False;False;;7383.0;Établissement public national à caractère scientifique culturel et professionnel ;5 000  à  9 999;False;2018-01-01;85.42Z;2008;;;;;;<NA>;;;;;<NA>;<NA>;;;;;(48.851227, 2.340383);Paris;Paris;Île-de-France;;;;;;;;
False;;;True;True;False;attribue;;;False;;;2026-09-18;"{'StreetName': ""21 Rue de l'école de médecine"", 'AdditionalStreetName': None, 'CityName': 'PARIS', 'PostalZone': '75006', 'Country': 'FRA'}";130023385;True;SORBONNE UNIVERSITE;Sorbonne Université;;2026-07-21+02:00;services;['prix: 40%'];['prix'];[100];;True;140000.0;False;{'StreetName': None, 'CityName': 'Paris', 'PostalZone': None, 'NUTS': 'FR101', 'Country': 'FRA'};sans remise en concurrence;;26-90030;;;;LOT-0005;50324200;140000.0;7;1.0;;Maintenance des équipements scientifiques de l'Institut de la Vision;ouverte;SU_2026_AOO_MAINTENANCE_IDV;;;;False;False;False;;7383.0;Établissement public national à caractère scientifique culturel et professionnel ;5 000  à  9 999;False;2018-01-01;85.42Z;2008;;;;;;<NA>;;;;;<NA>;<NA>;;;;;(48.851227, 2.340383);Paris;Paris;Île-de-France;;;;;;;;
False;;;True;True;False;attribue;;;False;;;2026-09-18;"{'StreetName': ""21 Rue de l'école de médecine"", 'AdditionalStreetName': None, 'CityName': 'PARIS', 'PostalZone': '75006', 'Country': 'FRA'}";130023385;True;SORBONNE UNIVERSITE;Sorbonne Université;;2026-07-21+02:00;services;['Prix: 40%'];['prix'];[100];;True;140000.0;False;{'StreetName': None, 'CityName': 'Paris', 'PostalZone': None, 'NUTS': 'FR101', 'Country': 'FRA'};sans remise en concurrence;;26-90030;;;;LOT-0006;50324200;140000.0;7;3.0;;Maintenance des équipements scientifiques de l'Institut de la Vision;ouverte;SU_2026_AOO_MAINTENANCE_IDV;;;;False;False;False;;7383.0;Établissement public national à caractère scientifique culturel et professionnel ;5 000  à  9 999;False;2018-01-01;85.42Z;2008;;;;;;<NA>;;;;;<NA>;<NA>;;;;;(48.851227, 2.340383);Paris;Paris;Île-de-France;;;;;;;;
False;;;True;True;False;non attribue;;;False;;;2026-09-18;"{'StreetName': ""21 Rue de l'école de médecine"", 'AdditionalStreetName': None, 'CityName': 'PARIS', 'PostalZone': '75006', 'Country': 'FRA'}";130023385;True;SORBONNE UNIVERSITE;Sorbonne Université;;;services;"[""Valeur technique de l'offre: 55% Sous critère n°1.1: Moyens mis en oeuvre pour anticiper la planification des interventions préventives: 15% Sous critère n°1.2: Solutions de contournement en cas d'immobilisation prolongée des équipements: 40%"", ""Prix :40%. Le prix des prestations forfaitaires (30%) a partir du montant total du prix tel que résultant de la DPGF, il sera appliqué la formule suivante: Nombre de points =30 5Offre la moins-disante acceptable / Offre considérée) Le prix des prestations à bons de commande (10%) le prix resutant du DQE élaboré par l'acheteur sera affecté de la formule suivante: Note= 10 X (offre la moins disante / offre considérée)"", 'Performance environnementale: 5%. Sous critère n°1 : Reprise déchets après chaque intervention : 3%. Sous critère n°2: La sélection de pièces de recharge ou consommables étiquetés selon les normes environnementales (écolabels ou équivalents), et la réduction des emballages à usage unique : 2%']";['technique', 'prix', 'environnemental'];;;True;140000.0;False;{'StreetName': None, 'CityName': 'Paris', 'PostalZone': None, 'NUTS': 'FR101', 'Country': 'FRA'};sans remise en concurrence;;26-90030;;;;LOT-0007;50324200;140000.0;7;0.0;;Maintenance des équipements scientifiques de l'Institut de la Vision;ouverte;SU_2026_AOO_MAINTENANCE_IDV;;;;False;False;False;;7383.0;Établissement public national à caractère scientifique culturel et professionnel ;5 000  à  9 999;False;2018-01-01;85.42Z;2008;;;;;;<NA>;;;;;<NA>;<NA>;;;;;(48.851227, 2.340383);Paris;Paris;Île-de-France;;;;;;;;
False;;;True;False;False;attribue;{'StreetName': None, 'AdditionalStreetName': None, 'CityName': 'Rennes', 'PostalZone': '35000', 'Country': 'FRA'};439055278;True;NIJI;NIJI;2026-09-18;{'StreetName': '25 quai Panhard et Levassor', 'AdditionalStreetName': None, 'CityName': 'Paris', 'PostalZone': '75013', 'Country': 'FRA'};851296632;True;ATLAS SOUTENIR LES COMPETENCES;OPCO ATLAS;;;services;"[""Qualité technique de l'offre"", 'RSE', 'Sécurité informatique', 'Prix']";['qualite', 'qualite', 'qualite', 'prix'];[55.0, 5.0, 10.0, 30.0];1440.0;True;0.0;False;{'StreetName': None, 'CityName': None, 'PostalZone': None, 'NUTS': None, 'Country': 'FRA'};sans remise en concurrence;;26-89851;;400000.0;0.0;LOT-0001;50324100;400000.0;1;10.0;;Maintenance des 4 sites orientations de l'OPCO ATLAS;ouverte;2026_ATLAS_AO_DCM_17;;;;True;False;False;400000.0;9220.0;Association déclarée ;250  à  499;False;2019-02-28;94.11Z;2008;5710.0;SAS, société par actions simplifiée;1 000  à  1 999;False;<NA>;2008;J;62;62.0;62.01;62.01Z;2001-09-12;;Rennes;Ille-et-Vilaine;Bretagne;(48.828358, 2.384114);Paris;Paris;Île-de-France;;;;;;;;
False;;;True;False;False;attribue;{'StreetName': None, 'AdditionalStreetName': None, 'CityName': 'PARIS', 'PostalZone': '75010', 'Country': 'FRA'};332911841;True;INTERFACE CONSEIL ETUDES ET FORMATION;INTERFACE CONSEIL ETUDES ET FORMATION;2026-09-18;{'StreetName': None, 'AdditionalStreetName': None, 'CityName': 'Paris', 'PostalZone': '75013', 'Country': 'FRA'};851296632;True;ATLAS SOUTENIR LES COMPETENCES;OPCO ATLAS;;;services;"[""Qualité technique de l'offre"", 'Prix']";['qualite', 'prix'];;270.0;False;0.0;False;{'StreetName': None, 'CityName': None, 'PostalZone': None, 'NUTS': None, 'Country': 'FRA'};;;26-89853;;90000.0;0.0;LOT-0001;79311000;;1;19.0;;Comment optimiser la Gestion des Emplois et des Parcours Professionnels (GEPP) pour promouvoir les carrières et retenir les talents dans un contexte de reconnaissance et de fidélisation ?;ouverte;2025_ATLAS_AO_DBP_64;0.0;;;False;False;False;90000.0;9220.0;Association déclarée ;250  à  499;False;2019-02-28;94.11Z;2008;5710.0;SAS, société par actions simplifiée;10  à  19;False;<NA>;2008;M;70;70.2;70.22;70.22Z;1985-05-12;;Paris;Paris;Île-de-France;;Paris;Paris;Île-de-France;;;;;;;;
False;;;True;False;False;attribue;{'StreetName': '5 rue Marcel Langer', 'AdditionalStreetName': None, 'CityName': 'Castanet-Tolosan', 'PostalZone': '31320', 'Country': 'FRA'};822952628;True;MODEL RH;MODEL RH;2026-09-18;{'StreetName': None, 'AdditionalStreetName': None, 'CityName': 'Paris', 'PostalZone': '75013', 'Country': 'FRA'};851296632;True;ATLAS SOUTENIR LES COMPETENCES;OPCO ATLAS;;;services;['Qualité technique', 'Qualité technique RSE', 'Offre financière'];['qualite', 'social', 'prix'];;270.0;True;0.0;False;{'StreetName': None, 'CityName': None, 'PostalZone': None, 'NUTS': None, 'Country': 'FRA'};;;26-89689;;73200.0;0.0;LOT-0001;79311000;;1;11.0;;Réalisation d'une étude sur l'évolution des métiers et des compétences en Aéro/Spatial/Défense;ouverte;2026_ATLAS_AO_DBP_16;0.0;;;True;False;False;73200.0;9220.0;Association déclarée ;250  à  499;False;2019-02-28;94.11Z;2008;5710.0;SAS, société par actions simplifiée;1  ou  2;False;False;2008;M;70;70.2;70.22;70.22Z;2016-10-01;(43.522412, 1.510461);Castanet-Tolosan;Haute-Garonne;Occitanie;;Paris;Paris;Île-de-France;;;;;;;;
False;;;True;True;False;attribue;{'StreetName': None, 'AdditionalStreetName': None, 'CityName': 'GENTILLY', 'PostalZone': '94250', 'Country': 'FRA'};832307128;True;BC MAINTENANCE EQUIPEMENTS MOBILES;BC MAINTENANCE EQUIPEMENTS MOBILES;2026-09-18;"{'StreetName': ""7 AVENUE DE LA PORTE D'IVRY"", 'AdditionalStreetName': None, 'CityName': 'Paris', 'PostalZone': '75013', 'Country': 'FRA'}";217500016;True;VILLE DE PARIS;Ville de Paris - DFA- SDA;;;services;['Prix des prestations', 'Pertinence technique de l’exécution des prestations   o\tSous-critère n° 1 : Pertinence des compétences du personnel affecté à l’exécution des prestations (75 %)   o\tSous-critère n° 2 : Pertinence de l’organisation mise en œuvre pour l’exécution des prestations (25%)', 'Performance environnementale des véhicules'];['prix', 'social', 'environnemental'];[50.0, 40.0, 10.0];720.0;False;;False;;;;26-89729;;1378000.0;;LOT-0001;50000000;;2;1.0;;Maintenance des installations électriques, de télécommande et de télésurveillance des ouvrages du service des canaux;ouverte;2600255;1.0;;;False;False;False;1698000.0;7229.0;(Autre) Collectivité territoriale ;10 000  et plus ;False;1983-03-01;84.11Z;2008;5710.0;SAS, société par actions simplifiée;20  à  49;False;<NA>;2008;C;33;33.1;33.12;33.12Z;2017-10-01;;Gentilly;Val-de-Marne;Île-de-France;(48.819802, 2.372255);Paris;Paris;Île-de-France;;;;;;;;
False;['50000000'];;True;True;False;attribue;{'StreetName': None, 'AdditionalStreetName': None, 'CityName': 'GENTILLY', 'PostalZone': '94250', 'Country': 'FRA'};832307128;True;BC MAINTENANCE EQUIPEMENTS MOBILES;BC MAINTENANCE EQUIPEMENTS MOBILES;2026-09-18;"{'StreetName': ""7 AVENUE DE LA PORTE D'IVRY"", 'AdditionalStreetName': None, 'CityName': 'Paris', 'PostalZone': '75013', 'Country': 'FRA'}";217500016;True;VILLE DE PARIS;Ville de Paris - DFA- SDA;;;services;['Prix des prestations', 'Pertinence technique de l’exécution des prestations   o\tSous-critère n° 1 : Pertinence des compétences du personnel affecté à l’exécution des prestations (75 %)   o\tSous-critère n° 2 : Pertinence de l’organisation mise en œuvre pour l’exécution des prestations (25%)', 'Performance environnementale des véhicules'];['prix', 'social', 'environnemental'];[50.0, 40.0, 10.0];720.0;False;;False;;;;26-89729;;320000.0;;LOT-0002;50000000;;2;1.0;;Maintenance des installations électriques, de télécommande et de télésurveillance des ouvrages du service des canaux;ouverte;2600255;1.0;;;False;False;False;1698000.0;7229.0;(Autre) Collectivité territoriale ;10 000  et plus ;False;1983-03-01;84.11Z;2008;5710.0;SAS, société par actions simplifiée;20  à  49;False;<NA>;2008;C;33;33.1;33.12;33.12Z;2017-10-01;;Gentilly;Val-de-Marne;Île-de-France;(48.819802, 2.372255);Paris;Paris;Île-de-France;;;;;;;;
False;;;True;True;False;attribue;{'StreetName': None, 'AdditionalStreetName': None, 'CityName': 'PARIS', 'PostalZone': '75002', 'Country': 'FRA'};452056906;True;CKS CONSULTING;CKS Consulting;2026-09-18;{'StreetName': None, 'AdditionalStreetName': None, 'CityName': 'Paris', 'PostalZone': '75013', 'Country': 'FRA'};851296632;True;ATLAS SOUTENIR LES COMPETENCES;OPCO ATLAS;;;services;"[""Qualité technique de l'offre"", 'RSE', 'Prix des prestations']";['qualite', 'qualite', 'prix'];;1080.0;True;0.0;False;{'StreetName': None, 'CityName': None, 'PostalZone': None, 'NUTS': None, 'Country': 'FRA'};sans remise en concurrence;;26-89850;;66000.0;0.0;LOT-0001;72267100;730000.0;2;1.0;;Maintien et renouvellement de licences & Prestations de TMA / projets de l'outil de gestion des dépenses de fonctionnement de l'Opco Atlas;ouverte;2026_ATLAS_AO_DAF_29;1.0;;;True;False;False;730000.0;9220.0;Association déclarée ;250  à  499;False;2019-02-28;94.11Z;2008;5710.0;SAS, société par actions simplifiée;6  à  9;False;<NA>;2008;P;85;85.5;85.59;85.59A;2004-01-16;;Paris;Paris;Île-de-France;;Paris;Paris;Île-de-France;;;;;;;;
False;;;True;True;False;attribue;{'StreetName': None, 'AdditionalStreetName': None, 'CityName': 'PARIS', 'PostalZone': '75002', 'Country': 'FRA'};452056906;True;CKS CONSULTING;CKS Consulting;2026-09-18;{'StreetName': None, 'AdditionalStreetName': None, 'CityName': 'Paris', 'PostalZone': '75013', 'Country': 'FRA'};851296632;True;ATLAS SOUTENIR LES COMPETENCES;OPCO ATLAS;;;services;"[""Qualité technique de l'offre"", 'RSE', 'Prix des prestations']";['qualite', 'qualite', 'prix'];;1080.0;True;0.0;False;;sans remise en concurrence;;26-89850;;56800.0;;LOT-0002;72250000;730000.0;2;2.0;;Maintien et renouvellement de licences & Prestations de TMA / projets de l'outil de gestion des dépenses de fonctionnement de l'Opco Atlas;ouverte;2026_ATLAS_AO_DAF_29;1.0;;;True;False;False;730000.0;9220.0;Association déclarée ;250  à  499;False;2019-02-28;94.11Z;2008;5710.0;SAS, société par actions simplifiée;6  à  9;False;<NA>;2008;P;85;85.5;85.59;85.59A;2004-01-16;;Paris;Paris;Île-de-France;;Paris;Paris;Île-de-France;;;;;;;;
False;['48900000'];;True;False;False;attribue;{'StreetName': '35 Av Sainte Foy', 'AdditionalStreetName': None, 'CityName': 'Neuilly-Sur-Seine', 'PostalZone': '92200', 'Country': 'FRA'};840701494;False;PRIME ANALYTICS;PRIME ANALYTICS;2026-09-18;"{'StreetName': ""19/21 quai d'Austerlitz"", 'AdditionalStreetName': None, 'CityName': 'Paris', 'PostalZone': '75013', 'Country': 'FRA'}";824541148;False;ACTION LOGEMENT SERVICES;ACTION LOGEMENT SERVICES;;2026-09-01+02:00;fournitures;"[""Valeur technique de l'offre"", 'Prix']";['technique', 'prix'];[60.0, 40.0];720.0;True;900000.0;False;;sans remise en concurrence;;26-90016;;900000.0;;LOT-0000;48900000;900000.0;1;5.0;;FOURNITURE ET MISE EN OEUVRE D'UNE SOLUTION ETL DEPLOYEE EN ENVIRONNEMENT ON-PREMISE ET DE GESTION DES FLUX DE DONNEES;ouverte;2026-ALS-028;2.0;;;True;True;True;900000.0;5710.0;SAS, société par actions simplifiée;2 000  à  4 999;False;2016-12-31;84.12Z;2008;5710.0;SAS, société par actions simplifiée;20  à  49;False;<NA>;2008;J;62;62.0;62.02;62.02A;2018-06-01;(48.887474, 2.263919);Neuilly-sur-Seine;Hauts-de-Seine;Île-de-France;(48.838884, 2.371794);Paris;Paris;Île-de-France;;;;;;;;
False;;;True;False;False;attribue;{'StreetName': 'ZI des Six Mariannes - Rue Des Entrepreneurs', 'AdditionalStreetName': None, 'CityName': 'Escaudain', 'PostalZone': '59124', 'Country': 'FRA'};568800957;True;SOC APPLIC INDUS ELECTRICITE ELECTRONIQU;SAIEE;2026-09-18;{'StreetName': 'Grand Place', 'AdditionalStreetName': None, 'CityName': 'Raismes', 'PostalZone': '59590', 'Country': 'FRA'};215904913;True;COMMUNE DE RAISMES;Mairie de Raismes;;;services;"['Valeur technique', 'Prix', ""Performance environnementale de l'entreprise""]";['technique', 'prix', 'environnemental'];[50.0, 40.0, 10.0];1440.0;False;900000.0;False;{'StreetName': 'Grand Place', 'CityName': 'Raismes', 'PostalZone': '59590', 'NUTS': 'FRE11', 'Country': 'FRA'};sans remise en concurrence;;26-89874;;371865.92;900000.0;LOT-0001;50232100;900000.0;1;1.0;;Exploitation et entretien des installations d'éclairage public, de signalisation tricolore et illuminations festives;ouverte;PPP1Q7-102/6154/2026017;3.0;;;False;False;False;371865.92;7210.0;Commune et commune nouvelle ;250  à  499;False;1978-01-01;84.11Z;2008;5710.0;SAS, société par actions simplifiée;10  à  19;False;<NA>;2008;F;43;43.2;43.21;43.21A;1956-01-01;(50.324214, 3.339734);Escaudain;Nord;Hauts-de-France;(50.392147, 3.482681);Raismes;Nord;Hauts-de-France;;;;;;;;
False;;;True;True;False;attribue;{'StreetName': None, 'AdditionalStreetName': None, 'CityName': 'LILLE', 'PostalZone': '59800', 'Country': 'FRA'};433428018;True;ADVENS;ADVENS;2026-09-18;{'StreetName': '2 boulevard des Cités Unies – CS 70043', 'AdditionalStreetName': None, 'CityName': 'Lille', 'PostalZone': '59040', 'Country': 'FRA'};200093201;True;METROPOLE EUROPEENNE DE LILLE;Métropole européenne de Lille;;;services;['Valeur Technique', 'Prix', 'Pertinence des propositions sur la prise en compte de la démarche environnementale'];['technique', 'prix', 'environnemental'];[55.0, 40.0, 5.0];1440.0;False;;False;{'StreetName': None, 'CityName': None, 'PostalZone': None, 'NUTS': 'FRE11', 'Country': 'FRA'};sans remise en concurrence;;26-89720;;;;LOT-0001;72810000;5000000.0;2;8.0;;Centrale d’Achat Métropolitaine – Prestations de service en sécurité des systèmes d'information et de mise en conformité au Règlement Général sur la Protection des Données – 2 lots;ouverte;25DN28;;;;False;False;False;;7344.0;Métropole;2 000  à  4 999;False;2020-03-14;84.11Z;2008;5710.0;SAS, société par actions simplifiée;250  à  499;False;<NA>;2008;J;62;62.0;62.02;62.02A;2000-10-30;;Lille;Nord;Hauts-de-France;(50.631189, 3.078497);Lille;Nord;Hauts-de-France;;;;;;;;
False;;;True;True;False;attribue;{'StreetName': None, 'AdditionalStreetName': None, 'CityName': 'WAMBRECHIES', 'PostalZone': '59118', 'Country': 'FRA'};839784980;False;EXTERN DPO;EXTERN DPO;2026-09-18;{'StreetName': '2 boulevard des Cités Unies – CS 70043', 'AdditionalStreetName': None, 'CityName': 'Lille', 'PostalZone': '59040', 'Country': 'FRA'};200093201;True;METROPOLE EUROPEENNE DE LILLE;Métropole européenne de Lille;;;services;['Valeur Technique', 'Prix', 'Pertinence des propositions sur la prise en compte de la démarche environnementale'];['technique', 'prix', 'environnemental'];[55.0, 40.0, 5.0];1440.0;False;;False;{'StreetName': None, 'CityName': None, 'PostalZone': None, 'NUTS': 'FRE11', 'Country': 'FRA'};sans remise en concurrence;;26-89720;;;;LOT-0002;72810000;5000000.0;2;12.0;;Centrale d’Achat Métropolitaine – Prestations de service en sécurité des systèmes d'information et de mise en conformité au Règlement Général sur la Protection des Données – 2 lots;ouverte;25DN28;;;;False;False;False;;7344.0;Métropole;2 000  à  4 999;False;2020-03-14;84.11Z;2008;5710.0;SAS, société par actions simplifiée;3  à  5;False;<NA>;2008;J;62;62.0;62.02;62.02A;2018-05-07;;Wambrechies;Nord;Hauts-de-France;(50.631189, 3.078497);Lille;Nord;Hauts-de-France;;;;;;;;
False;['71336000', '71356200'];;True;False;False;attribue;{'StreetName': '44 Rue Charles Montreuil', 'AdditionalStreetName': None, 'CityName': 'Chambery', 'PostalZone': '73000', 'Country': 'FRA'};485114482;False;EPODE;EPODE;2026-09-18;{'StreetName': '83, Boulevard de Dunkerque', 'AdditionalStreetName': None, 'CityName': 'Marseille', 'PostalZone': '13002', 'Country': 'FRA'};941636342;False;SOCIETE DE LIVRAISON DES OUVRAGES OLYMPIQUES ALPES 2030;SOLIDEO ALPES 2030;;2026-09-07+02:00;services;"[""Valeur technique de l'offre appréciée à l'aide du mémoire technique"", 'Prix']";['technique', 'prix'];[60.0, 40.0];1440.0;False;800000.0;False;;sans remise en concurrence;;26-89843;;1600000.0;;LOT-0000;71311200;1600000.0;1;6.0;;Mission d'assistance technique à maîtrise d'ouvrage (ATMO) pour la mise en oeuvre du projet du projet de liaison téléportée du fort des têtes à Briançon;ouverte;20260733 ATMO TPC Briançon;;;;False;False;False;1600000.0;4110.0;Établissement public national à caractère industriel ou commercial doté d'un comptable public ;;False;2025-02-10;84.13Z;2008;5710.0;SAS, société par actions simplifiée;20  à  49;<NA>;<NA>;2008;M;71;71.1;71.12;71.12B;2005-11-01;(45.581067, 5.910165);Chambéry;Savoie;Auvergne-Rhône-Alpes;(43.310727, 5.368514);Marseille;Bouches-du-Rhône;Provence-Alpes-Côte d'Azur;;;;;;;;
False;;;True;False;False;attribue;{'StreetName': None, 'AdditionalStreetName': None, 'CityName': 'CAVAILLON', 'PostalZone': '84300', 'Country': 'FRA'};349260653;True;GIORGI;Groupement conjoint GIORGI (Mandataire)/SE2M Industres;2026-09-18;{'StreetName': None, 'AdditionalStreetName': None, 'CityName': 'LYON CEDEX 07', 'PostalZone': '69007', 'Country': 'FRA'};130001902;True;;SID Sud-Est;;;travaux;['Les critères de sélection sont mentionnés dans le règlement de la consultation.'];['prix'];[100];360.0;True;;False;{'StreetName': None, 'CityName': 'ISTRES', 'PostalZone': None, 'NUTS': 'FRL04', 'Country': 'FRA'};;;26-90072;;500000.0;;LOT-0001;45310000;;1;3.0;;Istres (13) - Accord-cadre relatif aux travaux sur les installations de distribution et de production d’énergie en haute tension sur le périmètre de l’USID d’Istres.;ouverte;DAF_2025_001629;3.0;;;True;False;False;500000.0;;;;;<NA>;<NA>;<NA>;5710.0;SAS, société par actions simplifiée;20  à  49;False;<NA>;2008;F;42;42.2;42.22;42.22Z;1989-01-01;;Cavaillon;Vaucluse;Provence-Alpes-Côte d'Azur;;;;;;;;;;;;
False;['71336000', '71356200'];;True;False;False;attribue;{'StreetName': None, 'AdditionalStreetName': None, 'CityName': 'Seyssinet-Pariset', 'PostalZone': '38170', 'Country': 'FRA'};313536716;False;ETUDES REALISATIONS INSTALLAT. A CABLES;ETUDES REALISATIONS INSTALLAT. A CABLES;2026-09-18;{'StreetName': '83, Boulevard de Dunkerque', 'AdditionalStreetName': None, 'CityName': 'Marseille', 'PostalZone': '13002', 'Country': 'FRA'};941636342;False;SOCIETE DE LIVRAISON DES OUVRAGES OLYMPIQUES ALPES 2030;SOLIDEO ALPES 2030;;2026-09-07+02:00;services;"[""Valeur technique de l'offre appréciée à l'aide du mémoire technique"", 'Prix']";['technique', 'prix'];[60.0, 40.0];1440.0;False;300000.0;False;;sans remise en concurrence;;26-89885;;600000.0;;LOT-0000;71311200;600000.0;1;3.0;;Mission de Maîtrise d'OEuvre agréée Remontées Mécaniques (MOE RM) pour la mise en oeuvre du projet de liaison téléportée du fort des têtes à Briançon;ouverte;20260732 MOE RM;;;;False;False;False;600000.0;4110.0;Établissement public national à caractère industriel ou commercial doté d'un comptable public ;;False;2025-02-10;84.13Z;2008;5499.0;Société à responsabilité limitée (sans autre indication);10  à  19;False;False;2008;M;71;71.1;71.12;71.12B;1978-01-01;;Seyssinet-Pariset;Isère;Auvergne-Rhône-Alpes;(43.310727, 5.368514);Marseille;Bouches-du-Rhône;Provence-Alpes-Côte d'Azur;;;;;;;;
False;;34.0;True;False;False;attribue;;;False;;;2026-09-18;{'StreetName': '101 cours Charlemagne', 'AdditionalStreetName': None, 'CityName': 'Lyon', 'PostalZone': '69002', 'Country': 'FRA'};200053767;True;REGION AUVERGNE-RHONE-ALPES;Région Auvergne Rhône Alpes;2025-06-05;;services;['prix', 'Qualité, précision, pertinence de la démarche proposée pour la réalisation des diagnostics de situation psychosociale.', 'Capacité, précision et pertinence à répondre aux attentes initiales avec une capacité d’adaptation au contexte professionnel (prise en compte de la spécificité de la FPT).', 'Organisation et composition de l’équipe'];['prix', 'social', 'qualite', 'qualite'];[30.0, 30.0, 20.0, 20.0];1460.0;False;;False;{'StreetName': None, 'CityName': None, 'PostalZone': None, 'NUTS': 'FRK26', 'Country': 'FRA'};sans remise en concurrence;;26-89928;25-62201;1571800.0;;LOT-0001;98342000;940000.0;1;11.0;;Diagnostics de situations psychosociales visant les agents de la Région de la Région Auvergne Rhône-Alpes;ouverte;25A153001;;;False;False;False;False;1571800.0;7230.0;Région ;5 000  à  9 999;False;2016-01-01;84.11Z;2008;;;;;;<NA>;;;;;<NA>;<NA>;;;;;(45.740702, 4.819374);Lyon;Rhône;Auvergne-Rhône-Alpes;;;;;;;;
False;;;True;False;False;attribue;{'StreetName': None, 'AdditionalStreetName': None, 'CityName': 'RUEIL MALMAISON', 'PostalZone': '92500', 'Country': 'FRA'};489626135;True;INGEROP CONSEIL ET INGENIERIE (ICI);INGEROP CONSEIL & INGENIERIE;2026-09-18;{'StreetName': '1 Esplanade François Mitterrand CS20033', 'AdditionalStreetName': None, 'CityName': 'Lyon cedex 2', 'PostalZone': '69269', 'Country': 'FRA'};200053767;True;REGION AUVERGNE-RHONE-ALPES;REGION AUVERGNE-RHONE-ALPES;;;services;"['PERTINENCE DES MOYENS : EQUIPE ET ORGANISATION', ""METHODOLOGIE DE REALISATION DE L'ENSEMBLE DES MISSIONS"", 'ANALYSE CRITIQUE DU PROGRAMME ET DE L’ESTIMATION FINANCIERE DE L’OPERATION', 'Sur la base du total de la DPGF']";['qualite', 'technique', 'technique', 'prix'];[20.0, 30.0, 20.0, 30.0];2520.0;False;3800000.0;False;{'StreetName': None, 'CityName': 'Allier', 'PostalZone': '03', 'NUTS': 'FRK11', 'Country': 'FRA'};;;26-89772;;1981750.0;3800000.0;LOT-0001;71311300;;1;4.0;;Missions de maîtrise d'oeuvre relatives à l'aménagement de la véloroute voie verte V75 Ouest dans le département de l'Allier;negociee;DAF_2025_000489;;;;False;False;False;1981750.0;7230.0;Région ;5 000  à  9 999;False;2016-01-01;84.11Z;2008;5710.0;SAS, société par actions simplifiée;1 000  à  1 999;False;<NA>;2008;M;71;71.1;71.12;71.12B;2006-01-01;;Rueil-Malmaison;Hauts-de-Seine;Île-de-France;(45.740575, 4.820078);Lyon;Rhône;Auvergne-Rhône-Alpes;;;;;;;;
False;['90911200', '90911300'];;True;True;False;attribue;{'StreetName': '12 Rue De La Pierre Bleue', 'AdditionalStreetName': None, 'CityName': 'Chaponost', 'PostalZone': '69630', 'Country': 'FRA'};387891435;False;TOUTECLAT;TOUTECLAT;2026-09-18;{'StreetName': '28 rue du Général de Gaulle', 'AdditionalStreetName': None, 'CityName': 'Brignais', 'PostalZone': '69530', 'Country': 'FRA'};216900274;False;COMMUNE DE BRIGNAIS;Commune de Brignais;;;services;['Qualité', 'Prix des prestations'];['qualite', 'prix'];[60.0, 40.0];;True;2580800.0;False;;sans remise en concurrence;;26-89922;;2500000.0;;LOT-0001;90911200;2580800.0;2;11.0;;Entretien ménager et nettoyage de la vitrerie des bâtiments de la ville et du CCAS de Brignais - Relance suite à déclaration sans suite;ouverte;2026-FCS-ST-0003;3.0;;;False;True;False;;7210.0;Commune et commune nouvelle ;250  à  499;False;1983-03-01;84.11Z;2008;5710.0;SAS, société par actions simplifiée;20  à  49;False;<NA>;2008;N;81;81.1;81.1;81.10Z;1992-07-01;(45.725608, 4.773961);Chaponost;Rhône;Auvergne-Rhône-Alpes;(45.675283, 4.758668);Brignais;Rhône;Auvergne-Rhône-Alpes;;;;;;;;
False;['90911300', '90911300'];;True;True;False;attribue;{'StreetName': '6 Rue Du Mont Guillerme', 'AdditionalStreetName': None, 'CityName': 'Oytier-Saint-Oblas', 'PostalZone': '38780', 'Country': 'FRA'};839931094;False;DHN NETTOYAGE;DHN NETTOYAGE;2026-09-18;{'StreetName': '28 rue du Général de Gaulle', 'AdditionalStreetName': None, 'CityName': 'Brignais', 'PostalZone': '69530', 'Country': 'FRA'};216900274;False;COMMUNE DE BRIGNAIS;Commune de Brignais;;;services;['Qualité', 'Prix des prestations'];['qualite', 'prix'];[40.0, 60.0];;True;2580800.0;False;;sans remise en concurrence;;26-89922;;80800.0;;LOT-0002;90911200;2580800.0;2;10.0;;Entretien ménager et nettoyage de la vitrerie des bâtiments de la ville et du CCAS de Brignais - Relance suite à déclaration sans suite;ouverte;2026-FCS-ST-0003;3.0;;;False;True;False;;7210.0;Commune et commune nouvelle ;250  à  499;False;1983-03-01;84.11Z;2008;5499.0;Société à responsabilité limitée (sans autre indication);20  à  49;False;<NA>;2008;N;81;81.2;81.22;81.22Z;2018-05-17;(45.575391, 5.037585);Oytier-Saint-Oblas;Isère;Auvergne-Rhône-Alpes;(45.675283, 4.758668);Brignais;Rhône;Auvergne-Rhône-Alpes;;;;;;;;
False;['03220000'];;True;False;False;attribue;{'StreetName': 'Rue Jacques De Vaucanson', 'AdditionalStreetName': None, 'CityName': 'Mions', 'PostalZone': '69780', 'Country': 'FRA'};552044992;False;POMONA;POMONA;2026-09-18;{'StreetName': '20 rue du Lac', 'AdditionalStreetName': 'Cs 33569', 'CityName': 'Lyon', 'PostalZone': '69505', 'Country': 'FRA'};200046977;False;METROPOLE DE LYON;Métropole de Lyon;;2026-09-19+02:00;fournitures;['Qualité des produits proposés par le candidat', 'Performance en matière de développement durable et de qualité environnementale :', 'Qualité de service proposé', 'Prix'];['qualite', 'environnemental', 'qualite', 'prix'];[30.0, 20.0, 10.0, 40.0];720.0;True;760000.0;False;;sans remise en concurrence;;26-90011;;600000.0;;LOT-0001;03200000;600000.0;1;4.0;;Fourniture de fruits, légumes et légumineuses pour les restaurants de la Métropole de Lyon et de l'Institut Départemental Enfance et Famille (IDEF) : 3 lots;ouverte;26DRHMG015;1.0;;;False;True;False;600000.0;7229.0;(Autre) Collectivité territoriale ;10 000  et plus ;False;2015-01-01;84.11Z;2008;5699.0;SA à directoire (s.a.i.);5 000  à  9 999;False;False;2008;G;46;46.3;46.39;46.39B;1955-01-01;(45.675568, 4.962986);Mions;Rhône;Auvergne-Rhône-Alpes;(45.758093, 4.8544);Lyon;Rhône;Auvergne-Rhône-Alpes;;;;;;;;
True;['30199000', '30197643'];;True;True;False;attribue;{'StreetName': None, 'AdditionalStreetName': None, 'CityName': 'Corbeil-Essonnes', 'PostalZone': '91100', 'Country': 'FRA'};330440983;True;OVOL FRANCE;OVOL FRANCE;2026-09-18;{'StreetName': '18 Quai Claude Bernard', 'AdditionalStreetName': None, 'CityName': 'Lyon', 'PostalZone': '69007', 'Country': 'FRA'};196917751;True;UNIVERSITE LUMIERE LYON 2;Université Lumière Lyon 2;;;fournitures;['Simulation de commande', 'Valeur technique et organisationnelle \nPerformance environnementale'];['prix', 'environnemental'];;1440.0;True;;False;{'StreetName': None, 'CityName': None, 'PostalZone': None, 'NUTS': 'FRK26', 'Country': 'FRA'};sans remise en concurrence;;26-89769;;;;LOT-0001;30197630;2852000.0;3;2.0;;Fourniture de papiers courants et spécifiques et autres supports pour l’impression et la création graphique;ouverte;2026F26015XXX;;;;False;False;False;;7383.0;Établissement public national à caractère scientifique culturel et professionnel ;2 000  à  4 999;False;1970-06-09;85.42Z;2008;5710.0;SAS, société par actions simplifiée;100  à  199;False;<NA>;2008;G;46;46.7;46.76;46.76Z;1984-07-23;;Corbeil-Essonnes;Essonne;Île-de-France;(45.750784, 4.836275);Lyon;Rhône;Auvergne-Rhône-Alpes;;;;;;;;
True;['30199000', '37823500', '22990000'];;True;True;False;attribue;{'StreetName': None, 'AdditionalStreetName': None, 'CityName': 'Corbeil-Essonnes', 'PostalZone': '91100', 'Country': 'FRA'};330440983;True;OVOL FRANCE;OVOL FRANCE;2026-09-18;{'StreetName': '18 Quai Claude Bernard', 'AdditionalStreetName': None, 'CityName': 'Lyon', 'PostalZone': '69007', 'Country': 'FRA'};196917751;True;UNIVERSITE LUMIERE LYON 2;Université Lumière Lyon 2;;;fournitures;['Simulation de commande', 'Valeur technique et organisationnelle\nPerformance environnementale'];['prix', 'environnemental'];;1440.0;True;;False;{'StreetName': None, 'CityName': None, 'PostalZone': None, 'NUTS': 'FRK26', 'Country': 'FRA'};sans remise en concurrence;;26-89769;;;;LOT-0002;30197630;2852000.0;3;2.0;;Fourniture de papiers courants et spécifiques et autres supports pour l’impression et la création graphique;ouverte;2026F26015XXX;;;;False;False;False;;7383.0;Établissement public national à caractère scientifique culturel et professionnel ;2 000  à  4 999;False;1970-06-09;85.42Z;2008;5710.0;SAS, société par actions simplifiée;100  à  199;False;<NA>;2008;G;46;46.7;46.76;46.76Z;1984-07-23;;Corbeil-Essonnes;Essonne;Île-de-France;(45.750784, 4.836275);Lyon;Rhône;Auvergne-Rhône-Alpes;;;;;;;;
True;['30199000', '30197640', '22990000'];;True;True;False;attribue;{'StreetName': None, 'AdditionalStreetName': None, 'CityName': 'Corbeil-Essonnes', 'PostalZone': '91100', 'Country': 'FRA'};330440983;True;OVOL FRANCE;OVOL FRANCE;2026-09-18;{'StreetName': '18 Quai Claude Bernard', 'AdditionalStreetName': None, 'CityName': 'Lyon', 'PostalZone': '69007', 'Country': 'FRA'};196917751;True;UNIVERSITE LUMIERE LYON 2;Université Lumière Lyon 2;;;fournitures;['Simulation de commande', 'Valeur technique et organisationnelle\nPerformance environnementale'];['prix', 'environnemental'];;1440.0;True;;False;{'StreetName': None, 'CityName': None, 'PostalZone': None, 'NUTS': 'FRK26', 'Country': 'FRA'};sans remise en concurrence;;26-89769;;;;LOT-0003;30197630;2852000.0;3;2.0;;Fourniture de papiers courants et spécifiques et autres supports pour l’impression et la création graphique;ouverte;2026F26015XXX;;;;False;False;False;;7383.0;Établissement public national à caractère scientifique culturel et professionnel ;2 000  à  4 999;False;1970-06-09;85.42Z;2008;5710.0;SAS, société par actions simplifiée;100  à  199;False;<NA>;2008;G;46;46.7;46.76;46.76Z;1984-07-23;;Corbeil-Essonnes;Essonne;Île-de-France;(45.750784, 4.836275);Lyon;Rhône;Auvergne-Rhône-Alpes;;;;;;;;
False;['90911200', '90900000', '90911200', '90911300'];;True;True;False;attribue;{'StreetName': '40 Rue De Bruxelles', 'AdditionalStreetName': None, 'CityName': 'Villeurbanne', 'PostalZone': '69100', 'Country': 'FRA'};848727418;False;SOCLEAN & CO;SOCLEAN SERVICES;2026-09-18;{'StreetName': 'Hôtel de ville - Place Roger Salengro', 'AdditionalStreetName': None, 'CityName': 'Decines-Charpieu', 'PostalZone': '69151', 'Country': 'FRA'};216902759;False;COMMUNE DE DECINES CHARPIEU;Ville de Décines-Charpieu;;;services;['Valeur technique', 'Développement durable', 'Prix'];['technique', 'environnemental', 'prix'];[50.0, 10.0, 40.0];;False;645100.0;False;;sans remise en concurrence;;26-90014;;2100000.0;;LOT-0001;90911000;3820000.0;3;9.0;;"Prestations de services de nettoyage des sites municipaux, sportifs et culturels de la Ville, du Centre culturel ""Le Toboggan"" et des locaux du CCAS";ouverte;2026 01;3.0;;;False;False;False;;7210.0;Commune et commune nouvelle ;500  à  999;False;1982-01-01;84.11Z;2008;5710.0;SAS, société par actions simplifiée;;False;<NA>;2008;N;81;81.2;81.21;81.21Z;2018-12-07;(45.777186, 4.871472);Villeurbanne;Rhône;Auvergne-Rhône-Alpes;(45.76919, 4.957078);Décines-Charpieu;Rhône;Auvergne-Rhône-Alpes;;;;;;;;
False;['90911200', '90900000', '90911200', '90911300'];;True;True;False;attribue;{'StreetName': '54 Rue Raspail', 'AdditionalStreetName': None, 'CityName': 'Decines-Charpieu', 'PostalZone': '69150', 'Country': 'FRA'};328131032;False;DB PROPRETE;DB PROPRETE;2026-09-18;{'StreetName': 'Hôtel de ville - Place Roger Salengro', 'AdditionalStreetName': None, 'CityName': 'Decines-Charpieu', 'PostalZone': '69151', 'Country': 'FRA'};216902759;False;COMMUNE DE DECINES CHARPIEU;Ville de Décines-Charpieu;;;services;['Valeur technique', 'Développement durable', 'Prix'];['technique', 'environnemental', 'prix'];[50.0, 10.0, 40.0];;False;645100.0;False;;sans remise en concurrence;;26-90014;;1500000.0;;LOT-0002;90911000;3820000.0;3;6.0;;"Prestations de services de nettoyage des sites municipaux, sportifs et culturels de la Ville, du Centre culturel ""Le Toboggan"" et des locaux du CCAS";ouverte;2026 01;3.0;;;False;False;False;;7210.0;Commune et commune nouvelle ;500  à  999;False;1982-01-01;84.11Z;2008;5710.0;SAS, société par actions simplifiée;20  à  49;False;<NA>;2008;N;81;81.2;81.21;81.21Z;1983-04-01;(45.761145, 4.946849);Décines-Charpieu;Rhône;Auvergne-Rhône-Alpes;(45.76919, 4.957078);Décines-Charpieu;Rhône;Auvergne-Rhône-Alpes;;;;;;;;
False;['90911300', '90900000', '90911200', '90911300'];;True;True;False;attribue;{'StreetName': '12 Rue De Lombardie', 'AdditionalStreetName': None, 'CityName': 'Decines-Charpieu', 'PostalZone': '69150', 'Country': 'FRA'};482491503;False;GARIC;GARIC;2026-09-18;{'StreetName': 'Hôtel de ville - Place Roger Salengro', 'AdditionalStreetName': None, 'CityName': 'Decines-Charpieu', 'PostalZone': '69151', 'Country': 'FRA'};216902759;False;COMMUNE DE DECINES CHARPIEU;Ville de Décines-Charpieu;;;services;['valeur technique', 'Développement durable', 'Prix'];['technique', 'environnemental', 'prix'];[30.0, 10.0, 60.0];;False;645100.0;False;;sans remise en concurrence;;26-90014;;220000.0;;LOT-0003;90911000;3820000.0;3;5.0;;"Prestations de services de nettoyage des sites municipaux, sportifs et culturels de la Ville, du Centre culturel ""Le Toboggan"" et des locaux du CCAS";ouverte;2026 01;3.0;;;False;False;False;;7210.0;Commune et commune nouvelle ;500  à  999;False;1982-01-01;84.11Z;2008;5710.0;SAS, société par actions simplifiée;20  à  49;<NA>;<NA>;2008;N;81;81.2;81.22;81.22Z;2005-06-01;(45.751244, 4.937837);Décines-Charpieu;Rhône;Auvergne-Rhône-Alpes;(45.76919, 4.957078);Décines-Charpieu;Rhône;Auvergne-Rhône-Alpes;;;;;;;;
False;;;True;True;False;attribue;"{'StreetName': None, 'AdditionalStreetName': None, 'CityName': ""LA CÔTE D'ARBROZ"", 'PostalZone': '74110', 'Country': 'FRA'}";217400910;True;COMMUNE DE LA COTE D ARBROZ;Commune de La Côte d'Arbroz;2026-09-18;{'StreetName': '1 Esplanade François Mitterrand - CS20033', 'AdditionalStreetName': None, 'CityName': 'Lyon cedex 2', 'PostalZone': '69269', 'Country': 'FRA'};200053767;True;REGION AUVERGNE-RHONE-ALPES;DM - Direction des mobilités;;;services;['Critère\xa01\u202f:\xa0Le\xa0niveau\xa0de\xa0motorisation\xa0du\xa0parc\xa0de\xa0véhicules', 'Critère\xa02\u202f:\xa0Autres\xa0formations\xa0des\xa0conducteurs', 'Critère\xa03\u202f:\xa0La\xa0formation\xa0des\xa0conducteurs\xa0à\xa0l’écoconduite', 'Critère\xa04\u202f:\xa0Vérification\xa0du\xa0dernier\xa0passager\u202f:\xa0procédures,\xa0moyens,\xa0…\xa0mis\xa0en\xa0place', 'prix'];['qualite', 'qualite', 'qualite', 'qualite', 'prix'];[9.0, 12.0, 7.0, 12.0, 60.0];1440.0;True;0.0;False;{'StreetName': None, 'CityName': 'Haute-Savoie', 'PostalZone': None, 'NUTS': 'FRK28', 'Country': 'FRA'};sans remise en concurrence;;26-89936;;;0.0;LOT-0001;60130000;1126000.0;3;1.0;;AT74 - Transports scolaires - 3 lots - 2026;ouverte;DAF_2026_000082;;;;False;False;False;;7230.0;Région ;5 000  à  9 999;False;2016-01-01;84.11Z;2008;7210.0;Commune et commune nouvelle ;6  à  9;False;<NA>;2008;O;84;84.1;84.11;84.11Z;1983-03-01;;La Côte-d'Arbroz;Haute-Savoie;Auvergne-Rhône-Alpes;(45.740575, 4.820078);Lyon;Rhône;Auvergne-Rhône-Alpes;;;;;;;;
False;;;True;True;False;attribue;{'StreetName': None, 'AdditionalStreetName': None, 'CityName': 'COMMUNE DE BELLEVAUX', 'PostalZone': '74470', 'Country': 'FRA'};217400324;True;COMMUNE DE BELLEVAUX;COMMUNE DE BELLEVAUX;2026-09-18;{'StreetName': '1 Esplanade François Mitterrand - CS20033', 'AdditionalStreetName': None, 'CityName': 'Lyon cedex 2', 'PostalZone': '69269', 'Country': 'FRA'};200053767;True;REGION AUVERGNE-RHONE-ALPES;DM - Direction des mobilités;;;services;['Critère\xa01\u202f:\xa0Le\xa0niveau\xa0de\xa0motorisation\xa0du\xa0parc\xa0de\xa0véhicules', 'Critère\xa02\u202f:\xa0Autres\xa0formations\xa0des\xa0conducteurs', 'Critère\xa03\u202f:\xa0La\xa0formation\xa0des\xa0conducteurs\xa0à\xa0l’écoconduite', 'Critère\xa04\u202f:\xa0Vérification\xa0du\xa0dernier\xa0passager\u202f:\xa0procédures,\xa0moyens,\xa0…\xa0mis\xa0en\xa0place', 'prix'];['qualite', 'qualite', 'qualite', 'qualite', 'prix'];[9.0, 12.0, 7.0, 12.0, 60.0];1440.0;True;0.0;False;{'StreetName': None, 'CityName': 'Haute-Savoie', 'PostalZone': None, 'NUTS': 'FRK28', 'Country': 'FRA'};sans remise en concurrence;;26-89936;;;0.0;LOT-0004;60130000;1126000.0;3;1.0;;AT74 - Transports scolaires - 3 lots - 2026;ouverte;DAF_2026_000082;;;;False;False;False;;7230.0;Région ;5 000  à  9 999;False;2016-01-01;84.11Z;2008;7210.0;Commune et commune nouvelle ;20  à  49;False;<NA>;2008;O;84;84.1;84.11;84.11Z;1983-03-01;;Cirey;Haute-Saône;Bourgogne-Franche-Comté;(45.740575, 4.820078);Lyon;Rhône;Auvergne-Rhône-Alpes;;;;;;;;
False;;;True;True;False;attribue;{'StreetName': None, 'AdditionalStreetName': None, 'CityName': 'VAILLY', 'PostalZone': '74470', 'Country': 'FRA'};217402874;True;COMMUNE DE VAILLY;COMMUNE DE VAILLY;2026-09-18;{'StreetName': '1 Esplanade François Mitterrand - CS20033', 'AdditionalStreetName': None, 'CityName': 'Lyon cedex 2', 'PostalZone': '69269', 'Country': 'FRA'};200053767;True;REGION AUVERGNE-RHONE-ALPES;DM - Direction des mobilités;;;services;['Critère\xa01\u202f:\xa0Le\xa0niveau\xa0de\xa0motorisation\xa0du\xa0parc\xa0de\xa0véhicules', 'Critère\xa02\u202f:\xa0Autres\xa0formations\xa0des\xa0conducteurs', 'Critère\xa03\u202f:\xa0La\xa0formation\xa0des\xa0conducteurs\xa0à\xa0l’écoconduite', 'Critère\xa04\u202f:\xa0Vérification\xa0du\xa0dernier\xa0passager\u202f:\xa0procédures,\xa0moyens,\xa0…\xa0mis\xa0en\xa0place', 'prix'];['qualite', 'qualite', 'qualite', 'qualite', 'prix'];[9.0, 12.0, 7.0, 12.0, 60.0];1440.0;True;0.0;False;{'StreetName': None, 'CityName': 'Haute-Savoie', 'PostalZone': None, 'NUTS': 'FRK28', 'Country': 'FRA'};sans remise en concurrence;;26-89936;;;0.0;LOT-0005;60130000;1126000.0;3;1.0;;AT74 - Transports scolaires - 3 lots - 2026;ouverte;DAF_2026_000082;;;;False;False;False;;7230.0;Région ;5 000  à  9 999;False;2016-01-01;84.11Z;2008;7210.0;Commune et commune nouvelle ;10  à  19;False;<NA>;2008;O;84;84.1;84.11;84.11Z;1983-03-01;;Alligny-Cosne;Nièvre;Bourgogne-Franche-Comté;(45.740575, 4.820078);Lyon;Rhône;Auvergne-Rhône-Alpes;;;;;;;;
False;['22213000', '22100000', '22120000'];;True;True;False;attribue;{'StreetName': '12 rue Pierre Timbaud', 'AdditionalStreetName': None, 'CityName': 'Vénissieux', 'PostalZone': '69637', 'Country': 'FRA'};966500084;False;PUBLIC IMPRIM;PUBLIC IMPRIM;2026-09-18;{'StreetName': 'Place Charles Jocteur', 'AdditionalStreetName': None, 'CityName': 'Corbas', 'PostalZone': '69960', 'Country': 'FRA'};216902734;False;COMMUNE DE CORBAS;Ville de Corbas;;2026-07-01+02:00;fournitures;"[""Le prix est le seul critère d'attribution.""]";['prix'];[100];360.0;False;;False;;;;26-89810;;112000.0;;LOT-0001;22458000;;2;7.0;;Impression des publications municipales;ouverte;2601FIM;3.0;;;False;False;False;224000.0;7210.0;Commune et commune nouvelle ;250  à  499;False;1983-03-01;84.11Z;2008;5710.0;SAS, société par actions simplifiée;20  à  49;False;<NA>;2008;C;18;18.1;18.12;18.12Z;1966-01-01;(45.693076, 4.904169);Vénissieux;Rhône;Auvergne-Rhône-Alpes;(45.670877, 4.898887);Corbas;Rhône;Auvergne-Rhône-Alpes;;;;;;;;
False;['22100000', '22100000', '22120000'];;True;True;False;attribue;{'StreetName': '4 impasse route de Gode', 'AdditionalStreetName': None, 'CityName': 'Steenvoorde', 'PostalZone': '59114', 'Country': 'FRA'};337529499;False;NORD IMPRIM;NORD IMPRIM;2026-09-18;{'StreetName': 'Place Charles Jocteur', 'AdditionalStreetName': None, 'CityName': 'Corbas', 'PostalZone': '69960', 'Country': 'FRA'};216902734;False;COMMUNE DE CORBAS;Ville de Corbas;;2026-06-01+02:00;fournitures;"[""Le prix est le seul critère d'attribution.""]";['prix'];[100];360.0;False;;False;;;;26-89810;;112000.0;;LOT-0002;22458000;;2;6.0;;Impression des publications municipales;ouverte;2601FIM;3.0;;;False;False;False;224000.0;7210.0;Commune et commune nouvelle ;250  à  499;False;1983-03-01;84.11Z;2008;5710.0;SAS, société par actions simplifiée;50  à  99;False;<NA>;2008;C;18;18.1;18.12;18.12Z;1986-04-01;(50.801899, 2.622915);Steenvoorde;Nord;Hauts-de-France;(45.670877, 4.898887);Corbas;Rhône;Auvergne-Rhône-Alpes;;;;;;;;
False;['72222200'];33.0;True;True;False;attribue;;;False;;;2026-09-18;{'StreetName': '152 Quai de Bacalan - CS41320', 'AdditionalStreetName': None, 'CityName': 'Bordeaux', 'PostalZone': '33082', 'Country': 'FRA'};781804141;True;GRAND PORT MARITIME DE BORDEAUX;GRAND PORT MARITIME DE BORDEAUX;2025-06-12;2026-05-11+02:00;services;"['Prix des prestations (50)', ""L'appréciation de ce critère portera sur : - Compréhension du besoin et du  contexte (5%) - Organisation de l'équipe projet (20 %) - Planification, suivi, évaluation et  reporting (10%) - Gestion des délais et des ressources (5%) - Processus de contrôle des  compétences du personnel dédié à la mission (5%) - Transfert de compétences (5%)""]";['prix', 'social'];[50.0, 50.0];360.0;False;;False;{'StreetName': None, 'CityName': 'Bordeaux', 'PostalZone': '33082', 'NUTS': 'FRI12', 'Country': 'FRA'};sans remise en concurrence;;26-89703;25-64832;;;LOT-0001;72610000;710000.0;2;13.0;;Assistance technique pour la direction et le pilotage de programme et Maintien en condition opérationnelle au profit du GPMB;ouverte;25S04;1.0;;True;False;False;False;;4110.0;Établissement public national à caractère industriel ou commercial doté d'un comptable public ;250  à  499;False;1987-08-21;52.22Z;2008;;;;;;<NA>;;;;;<NA>;<NA>;;;;;(44.863233, -0.550301);Bordeaux;Gironde;Nouvelle-Aquitaine;;;;;;;;
False;['72220000'];33.0;True;True;False;attribue;;;False;;;2026-09-18;{'StreetName': '152 Quai de Bacalan - CS41320', 'AdditionalStreetName': None, 'CityName': 'Bordeaux', 'PostalZone': '33082', 'Country': 'FRA'};781804141;True;GRAND PORT MARITIME DE BORDEAUX;GRAND PORT MARITIME DE BORDEAUX;2025-06-12;2026-05-11+02:00;services;"['Prix des prestations (50)', ""L'appréciation de ce critère portera sur : - Compréhension du besoin et du  contexte (5%) - Organisation de l'équipe projet (20 %) - Planification, suivi, évaluation et  reporting (10%) - Gestion des délais et des ressources (5%) - Processus de contrôle des  compétences du personnel dédié à la mission (5%) - Transfert de compétences (5%)""]";['prix', 'social'];[50.0, 50.0];360.0;False;;False;{'StreetName': None, 'CityName': 'Bordeaux', 'PostalZone': '33082', 'NUTS': 'FRI12', 'Country': 'FRA'};sans remise en concurrence;;26-89703;25-64832;;;LOT-0002;72610000;710000.0;2;13.0;;Assistance technique pour la direction et le pilotage de programme et Maintien en condition opérationnelle au profit du GPMB;ouverte;25S04;1.0;;True;False;False;False;;4110.0;Établissement public national à caractère industriel ou commercial doté d'un comptable public ;250  à  499;False;1987-08-21;52.22Z;2008;;;;;;<NA>;;;;;<NA>;<NA>;;;;;(44.863233, -0.550301);Bordeaux;Gironde;Nouvelle-Aquitaine;;;;;;;;
False;;;True;False;False;non attribue;;;False;;;2026-09-18;{'StreetName': None, 'AdditionalStreetName': None, 'CityName': 'Créteil Cedex', 'PostalZone': '94054', 'Country': 'FRA'};229400288;True;DEPARTEMENT DU VAL DE MARNE;Département du Val-de-Marne;;2026-10-30+02:00;fournitures;;;;1440.0;True;104000.0;False;{'StreetName': None, 'CityName': None, 'PostalZone': None, 'NUTS': 'FR107', 'Country': 'FRA'};sans remise en concurrence;;26-89984;;;104000.0;LOT-0001;33711710;;1;1.0;;Fourniture et livraison de brosses à dents pour la Direction de la protection maternelle et infantile et promotion de la santé;ouverte;DAPM-2026-05;3.0;;;True;False;False;;7220.0;Département ;5 000  à  9 999;False;1980-01-01;84.11Z;2008;;;;;;<NA>;;;;;<NA>;<NA>;;;;;;Créteil;Val-de-Marne;Île-de-France;;;;;;;;
False;;;True;True;False;non attribue;;;False;;;2026-09-18;{'StreetName': 'Hôtel du Département, 2129 avenue du Général de Gaulle', 'AdditionalStreetName': None, 'CityName': 'Créteil cedex', 'PostalZone': '94054', 'Country': 'FRA'};229400288;True;DEPARTEMENT DU VAL DE MARNE;Département du Val de Marne;;2027-02-10+02:00;travaux;"[""Valeur technique de l'offre jugée en particulier au regard des renseignements fournis dans le cadre de mémoire technique"", 'Les prix sont issus de la série BATIPRIX « Edition 2026 »', 'Actions en faveur du développement durable']";['technique', 'prix', 'environnemental'];[60.0, 30.0, 10.0];1440.0;True;41200000.0;False;{'StreetName': None, 'CityName': None, 'PostalZone': None, 'NUTS': 'FR107', 'Country': 'FRA'};sans remise en concurrence;;26-89986;;;40000000.0;LOT-0001;45262522;;2;18.0;;TRAVAUX DE REMISE EN ETAT, DE REPARATIONS ET D'AMENAGEMENTS DIVERS A REALISER DANS LES BATIMENTS DU DEPARTEMENT DU VALDEMARNE CORPS D'ETAT : MAÇONNERIE;ouverte;DBD-2026-625;4.0;;;True;True;True;;7220.0;Département ;5 000  à  9 999;False;1980-01-01;84.11Z;2008;;;;;;<NA>;;;;;<NA>;<NA>;;;;;(48.796223, 2.448015);Créteil;Val-de-Marne;Île-de-France;;;;;;;;
False;;;True;True;False;non attribue;;;False;;;2026-09-18;{'StreetName': 'Hôtel du Département, 2129 avenue du Général de Gaulle', 'AdditionalStreetName': None, 'CityName': 'Créteil cedex', 'PostalZone': '94054', 'Country': 'FRA'};229400288;True;DEPARTEMENT DU VAL DE MARNE;Département du Val de Marne;;2027-02-10+02:00;travaux;"[""Valeur technique de l'offre jugée en particulier au regard des renseignements fournis dans le cadre de mémoire technique"", 'Les prix sont issus de la série BATIPRIX « Edition 2026 »', 'Actions en faveur du développement durable']";['technique', 'prix', 'environnemental'];[60.0, 30.0, 10.0];1440.0;True;41200000.0;False;{'StreetName': None, 'CityName': None, 'PostalZone': None, 'NUTS': 'FR107', 'Country': 'FRA'};sans remise en concurrence;;26-89986;;;1200000.0;LOT-0002;45262522;;2;18.0;;TRAVAUX DE REMISE EN ETAT, DE REPARATIONS ET D'AMENAGEMENTS DIVERS A REALISER DANS LES BATIMENTS DU DEPARTEMENT DU VALDEMARNE CORPS D'ETAT : MAÇONNERIE;ouverte;DBD-2026-625;4.0;;;True;True;True;;7220.0;Département ;5 000  à  9 999;False;1980-01-01;84.11Z;2008;;;;;;<NA>;;;;;<NA>;<NA>;;;;;(48.796223, 2.448015);Créteil;Val-de-Marne;Île-de-France;;;;;;;;
False;['33182200'];;True;True;False;attribue;{'StreetName': '1 Esp Du Foncet', 'AdditionalStreetName': None, 'CityName': 'Issy-Les-Moulineaux', 'PostalZone': '92130', 'Country': 'FRA'};;False;;Site_Issy Les Moulineaux_ABBOTT MEDICAL FRANCE SAS;2026-09-18;{'StreetName': '99 Route de La Bassée', 'AdditionalStreetName': None, 'CityName': 'Lens', 'PostalZone': '62307', 'Country': 'FRA'};266209329;False;CENTRE HOSPITALIER DOCTEUR SCHAFFNER DE LENS;Centre Hospitalier de Lens;;;fournitures;['Qualité produit (conditionnement et étiquetage, valeur technique, performance sur la base des essais ou examens des produits', 'Seuil des conditions commerciales complémentaires', 'Prix des prestations et conditions commerciales complémentaires (voir annexe 6 conditions commerciales complémentaires)'];['qualite', 'qualite', 'prix'];[60.0, 2.0, 38.0];;False;;False;;sans remise en concurrence;;26-89964;;225000.0;;LOT-0001;33182200;10243533.0;13;2.0;;2026-047 - RELANCE DE LA PROCEDURE 2025-150 - FOURNITURE DE DMS DE CARDIOLOGIE ET VASCULAIRE 2026 POUR LES CENTRES HOSPITALIERS DE LENS ET DE BETHUNE;ouverte;2026-047;1.0;;;False;False;False;;7364.0;Établissement d'hospitalisation ;2 000  à  4 999;False;1982-01-01;86.10Z;2008;;;;;;<NA>;;;;;<NA>;<NA>;(48.826709, 2.260925);Issy-les-Moulineaux;Hauts-de-Seine;Île-de-France;(50.439478, 2.82077);Lens;Pas-de-Calais;Hauts-de-France;;;;;;;;
False;['33182200'];;True;True;False;non attribue;;;False;;;2026-09-18;{'StreetName': '99 Route de La Bassée', 'AdditionalStreetName': None, 'CityName': 'Lens', 'PostalZone': '62307', 'Country': 'FRA'};266209329;False;CENTRE HOSPITALIER DOCTEUR SCHAFFNER DE LENS;Centre Hospitalier de Lens;;;fournitures;['Qualité produit (conditionnement et étiquetage, valeur technique, performance sur la base des essais ou examens des produits', 'Seuil des conditions commerciales complémentaires', 'Prix des prestations et conditions commerciales complémentaires (voir annexe 6 conditions commerciales complémentaires)'];['qualite', 'qualite', 'prix'];[60.0, 2.0, 38.0];;False;;False;;sans remise en concurrence;;26-89964;;;;LOT-0002;33182200;10243533.0;13;1.0;;2026-047 - RELANCE DE LA PROCEDURE 2025-150 - FOURNITURE DE DMS DE CARDIOLOGIE ET VASCULAIRE 2026 POUR LES CENTRES HOSPITALIERS DE LENS ET DE BETHUNE;ouverte;2026-047;1.0;;;False;False;False;;7364.0;Établissement d'hospitalisation ;2 000  à  4 999;False;1982-01-01;86.10Z;2008;;;;;;<NA>;;;;;<NA>;<NA>;;;;;(50.439478, 2.82077);Lens;Pas-de-Calais;Hauts-de-France;;;;;;;;
False;['33182200'];;True;True;False;attribue;;;False;;;2026-09-18;{'StreetName': '99 Route de La Bassée', 'AdditionalStreetName': None, 'CityName': 'Lens', 'PostalZone': '62307', 'Country': 'FRA'};266209329;False;CENTRE HOSPITALIER DOCTEUR SCHAFFNER DE LENS;Centre Hospitalier de Lens;;;fournitures;['Qualité produit (conditionnement et étiquetage, valeur technique, performance sur la base des essais ou examens des produits', 'Seuil des conditions commerciales complémentaires', 'Prix des prestations et conditions commerciales complémentaires (voir annexe 6 conditions commerciales complémentaires)'];['qualite', 'qualite', 'prix'];[60.0, 2.0, 38.0];;False;;False;;sans remise en concurrence;;26-89964;;775425.0;;LOT-0003;33182200;10243533.0;13;9.0;1.0;2026-047 - RELANCE DE LA PROCEDURE 2025-150 - FOURNITURE DE DMS DE CARDIOLOGIE ET VASCULAIRE 2026 POUR LES CENTRES HOSPITALIERS DE LENS ET DE BETHUNE;ouverte;2026-047;1.0;;;False;False;False;;7364.0;Établissement d'hospitalisation ;2 000  à  4 999;False;1982-01-01;86.10Z;2008;;;;;;<NA>;;;;;<NA>;<NA>;;;;;(50.439478, 2.82077);Lens;Pas-de-Calais;Hauts-de-France;;;;;;;;
False;['33182200'];;True;True;False;non attribue;;;False;;;2026-09-18;{'StreetName': '99 Route de La Bassée', 'AdditionalStreetName': None, 'CityName': 'Lens', 'PostalZone': '62307', 'Country': 'FRA'};266209329;False;CENTRE HOSPITALIER DOCTEUR SCHAFFNER DE LENS;Centre Hospitalier de Lens;;;fournitures;['Qualité produit (conditionnement et étiquetage, valeur technique, performance sur la base des essais ou examens des produits', 'Seuil des conditions commerciales complémentaires', 'Prix des prestations et conditions commerciales complémentaires (voir annexe 6 conditions commerciales complémentaires)'];['qualite', 'qualite', 'prix'];[60.0, 2.0, 38.0];;False;;False;;sans remise en concurrence;;26-89964;;;;LOT-0004;33182200;10243533.0;13;1.0;;2026-047 - RELANCE DE LA PROCEDURE 2025-150 - FOURNITURE DE DMS DE CARDIOLOGIE ET VASCULAIRE 2026 POUR LES CENTRES HOSPITALIERS DE LENS ET DE BETHUNE;ouverte;2026-047;1.0;;;False;False;False;;7364.0;Établissement d'hospitalisation ;2 000  à  4 999;False;1982-01-01;86.10Z;2008;;;;;;<NA>;;;;;<NA>;<NA>;;;;;(50.439478, 2.82077);Lens;Pas-de-Calais;Hauts-de-France;;;;;;;;
False;['33182200'];;True;True;False;non attribue;;;False;;;2026-09-18;{'StreetName': '99 Route de La Bassée', 'AdditionalStreetName': None, 'CityName': 'Lens', 'PostalZone': '62307', 'Country': 'FRA'};266209329;False;CENTRE HOSPITALIER DOCTEUR SCHAFFNER DE LENS;Centre Hospitalier de Lens;;;fournitures;['Qualité produit (conditionnement et étiquetage, valeur technique, performance sur la base des essais ou examens des produits', 'Seuil des conditions commerciales complémentaires', 'Prix des prestations et conditions commerciales complémentaires (voir annexe 6 conditions commerciales complémentaires)'];['qualite', 'qualite', 'prix'];[60.0, 2.0, 38.0];;False;;False;;sans remise en concurrence;;26-89964;;;;LOT-0005;33182200;10243533.0;13;8.0;;2026-047 - RELANCE DE LA PROCEDURE 2025-150 - FOURNITURE DE DMS DE CARDIOLOGIE ET VASCULAIRE 2026 POUR LES CENTRES HOSPITALIERS DE LENS ET DE BETHUNE;ouverte;2026-047;1.0;;;False;False;False;;7364.0;Établissement d'hospitalisation ;2 000  à  4 999;False;1982-01-01;86.10Z;2008;;;;;;<NA>;;;;;<NA>;<NA>;;;;;(50.439478, 2.82077);Lens;Pas-de-Calais;Hauts-de-France;;;;;;;;
False;['33182200'];;True;True;False;attribue;;;False;;;2026-09-18;{'StreetName': '99 Route de La Bassée', 'AdditionalStreetName': None, 'CityName': 'Lens', 'PostalZone': '62307', 'Country': 'FRA'};266209329;False;CENTRE HOSPITALIER DOCTEUR SCHAFFNER DE LENS;Centre Hospitalier de Lens;;;fournitures;['Qualité produit (conditionnement et étiquetage, valeur technique, performance sur la base des essais ou examens des produits', 'Seuil des conditions commerciales complémentaires', 'Prix des prestations et conditions commerciales complémentaires (voir annexe 6 conditions commerciales complémentaires)'];['qualite', 'qualite', 'prix'];[60.0, 2.0, 38.0];;False;;False;;sans remise en concurrence;;26-89964;;413100.0;;LOT-0006;33182200;10243533.0;13;6.0;1.0;2026-047 - RELANCE DE LA PROCEDURE 2025-150 - FOURNITURE DE DMS DE CARDIOLOGIE ET VASCULAIRE 2026 POUR LES CENTRES HOSPITALIERS DE LENS ET DE BETHUNE;ouverte;2026-047;1.0;;;False;False;False;;7364.0;Établissement d'hospitalisation ;2 000  à  4 999;False;1982-01-01;86.10Z;2008;;;;;;<NA>;;;;;<NA>;<NA>;;;;;(50.439478, 2.82077);Lens;Pas-de-Calais;Hauts-de-France;;;;;;;;
False;['33182200'];;True;True;False;attribue;{'StreetName': '11 Rue Aristide Berges', 'AdditionalStreetName': None, 'CityName': 'Le Pont-De-Claix', 'PostalZone': '38800', 'Country': 'FRA'};056501711;False;BECTON DICKINSON FRANCE;BECTON DICKINSON FRANCE;2026-09-18;{'StreetName': '99 Route de La Bassée', 'AdditionalStreetName': None, 'CityName': 'Lens', 'PostalZone': '62307', 'Country': 'FRA'};266209329;False;CENTRE HOSPITALIER DOCTEUR SCHAFFNER DE LENS;Centre Hospitalier de Lens;;;fournitures;['Qualité produit (conditionnement et étiquetage, valeur technique, performance sur la base des essais ou examens des produits', 'Seuil des conditions commerciales complémentaires', 'Prix des prestations et conditions commerciales complémentaires (voir annexe 6 conditions commerciales complémentaires)'];['qualite', 'qualite', 'prix'];[60.0, 2.0, 38.0];;False;;False;;sans remise en concurrence;;26-89964;;16800.0;;LOT-0007;33182200;10243533.0;13;1.0;;2026-047 - RELANCE DE LA PROCEDURE 2025-150 - FOURNITURE DE DMS DE CARDIOLOGIE ET VASCULAIRE 2026 POUR LES CENTRES HOSPITALIERS DE LENS ET DE BETHUNE;ouverte;2026-047;1.0;;;False;False;False;;7364.0;Établissement d'hospitalisation ;2 000  à  4 999;False;1982-01-01;86.10Z;2008;5710.0;SAS, société par actions simplifiée;2 000  à  4 999;False;<NA>;2008;C;32;32.5;32.5;32.50A;1956-01-01;(45.138898, 5.694311);Le Pont-de-Claix;Isère;Auvergne-Rhône-Alpes;(50.439478, 2.82077);Lens;Pas-de-Calais;Hauts-de-France;;;;;;;;
False;['33182200'];;True;True;False;attribue;{'StreetName': '1 Esp Du Foncet', 'AdditionalStreetName': None, 'CityName': 'Issy-Les-Moulineaux', 'PostalZone': '92130', 'Country': 'FRA'};;False;;Site_Issy Les Moulineaux_ABBOTT MEDICAL FRANCE SAS;2026-09-18;{'StreetName': '99 Route de La Bassée', 'AdditionalStreetName': None, 'CityName': 'Lens', 'PostalZone': '62307', 'Country': 'FRA'};266209329;False;CENTRE HOSPITALIER DOCTEUR SCHAFFNER DE LENS;Centre Hospitalier de Lens;;;fournitures;['Qualité produit (conditionnement et étiquetage, valeur technique, performance sur la base des essais ou examens des produits', 'Seuil des conditions commerciales complémentaires', 'Prix des prestations et conditions commerciales complémentaires (voir annexe 6 conditions commerciales complémentaires)'];['qualite', 'qualite', 'prix'];[60.0, 2.0, 38.0];;False;;False;;sans remise en concurrence;;26-89964;;879167.0;;LOT-0008;33182200;10243533.0;13;8.0;;2026-047 - RELANCE DE LA PROCEDURE 2025-150 - FOURNITURE DE DMS DE CARDIOLOGIE ET VASCULAIRE 2026 POUR LES CENTRES HOSPITALIERS DE LENS ET DE BETHUNE;ouverte;2026-047;1.0;;;False;False;False;;7364.0;Établissement d'hospitalisation ;2 000  à  4 999;False;1982-01-01;86.10Z;2008;;;;;;<NA>;;;;;<NA>;<NA>;(48.826709, 2.260925);Issy-les-Moulineaux;Hauts-de-Seine;Île-de-France;(50.439478, 2.82077);Lens;Pas-de-Calais;Hauts-de-France;;;;;;;;
False;['33182200'];;True;True;False;attribue;{'StreetName': '9 Bd Romain Rolland', 'AdditionalStreetName': None, 'CityName': 'Paris 14', 'PostalZone': '75014', 'Country': 'FRA'};967504945;False;MAINTRONIC;MEDTRONIC;2026-09-18;{'StreetName': '99 Route de La Bassée', 'AdditionalStreetName': None, 'CityName': 'Lens', 'PostalZone': '62307', 'Country': 'FRA'};266209329;False;CENTRE HOSPITALIER DOCTEUR SCHAFFNER DE LENS;Centre Hospitalier de Lens;;;fournitures;['Qualité produit (conditionnement et étiquetage, valeur technique, performance sur la base des essais ou examens des produits', 'Seuil des conditions commerciales complémentaires', 'Prix des prestations et conditions commerciales complémentaires (voir annexe 6 conditions commerciales complémentaires)'];['qualite', 'qualite', 'prix'];[60.0, 2.0, 38.0];;False;;False;;sans remise en concurrence;;26-89964;;1819875.0;;LOT-0009;33182200;10243533.0;13;2.0;;2026-047 - RELANCE DE LA PROCEDURE 2025-150 - FOURNITURE DE DMS DE CARDIOLOGIE ET VASCULAIRE 2026 POUR LES CENTRES HOSPITALIERS DE LENS ET DE BETHUNE;ouverte;2026-047;1.0;;;False;False;False;;7364.0;Établissement d'hospitalisation ;2 000  à  4 999;False;1982-01-01;86.10Z;2008;5710.0;SAS, société par actions simplifiée;100  à  199;False;<NA>;2008;S;95;95.1;95.11;95.11Z;1967-01-01;(48.83712, 2.316932);Paris;Paris;Île-de-France;(50.439478, 2.82077);Lens;Pas-de-Calais;Hauts-de-France;;;;;;;;
False;['33182200'];;True;True;False;attribue;{'StreetName': '1 Rue Arnold Schoenberg', 'AdditionalStreetName': None, 'CityName': 'Guyancourt', 'PostalZone': '78280', 'Country': 'FRA'};429487507;False;EDWARDS LIFESCIENCES SAS;EDWARDS LIFESCIENCES SAS;2026-09-18;{'StreetName': '99 Route de La Bassée', 'AdditionalStreetName': None, 'CityName': 'Lens', 'PostalZone': '62307', 'Country': 'FRA'};266209329;False;CENTRE HOSPITALIER DOCTEUR SCHAFFNER DE LENS;Centre Hospitalier de Lens;;;fournitures;['Qualité produit (conditionnement et étiquetage, valeur technique, performance sur la base des essais ou examens des produits', 'Seuil des conditions commerciales complémentaires', 'Prix des prestations et conditions commerciales complémentaires (voir annexe 6 conditions commerciales complémentaires)'];['qualite', 'qualite', 'prix'];[60.0, 2.0, 38.0];;False;;False;;sans remise en concurrence;;26-89964;;4853000.0;;LOT-0010;33182200;10243533.0;13;1.0;;2026-047 - RELANCE DE LA PROCEDURE 2025-150 - FOURNITURE DE DMS DE CARDIOLOGIE ET VASCULAIRE 2026 POUR LES CENTRES HOSPITALIERS DE LENS ET DE BETHUNE;ouverte;2026-047;1.0;;;False;False;False;;7364.0;Établissement d'hospitalisation ;2 000  à  4 999;False;1982-01-01;86.10Z;2008;5710.0;SAS, société par actions simplifiée;100  à  199;<NA>;<NA>;2008;G;46;46.4;46.46;46.46Z;2000-02-10;(48.784498, 2.059088);Guyancourt;Yvelines;Île-de-France;(50.439478, 2.82077);Lens;Pas-de-Calais;Hauts-de-France;;;;;;;;
False;['33182200'];;True;True;False;attribue;{'StreetName': '1 Avenue Edouard Belin', 'AdditionalStreetName': None, 'CityName': 'Rueil-Malmaison', 'PostalZone': '92500', 'Country': 'FRA'};300573714;False;TERUMO FRANCE SAS;TERUMO FRANCE SAS;2026-09-18;{'StreetName': '99 Route de La Bassée', 'AdditionalStreetName': None, 'CityName': 'Lens', 'PostalZone': '62307', 'Country': 'FRA'};266209329;False;CENTRE HOSPITALIER DOCTEUR SCHAFFNER DE LENS;Centre Hospitalier de Lens;;;fournitures;['Qualité produit (conditionnement et étiquetage, valeur technique, performance sur la base des essais ou examens des produits', 'Seuil des conditions commerciales complémentaires', 'Prix des prestations et conditions commerciales complémentaires (voir annexe 6 conditions commerciales complémentaires)'];['qualite', 'qualite', 'prix'];[60.0, 2.0, 38.0];;False;;False;;sans remise en concurrence;;26-89964;;70000.0;;LOT-0011;33182200;10243533.0;13;4.0;;2026-047 - RELANCE DE LA PROCEDURE 2025-150 - FOURNITURE DE DMS DE CARDIOLOGIE ET VASCULAIRE 2026 POUR LES CENTRES HOSPITALIERS DE LENS ET DE BETHUNE;ouverte;2026-047;1.0;;;False;False;False;;7364.0;Établissement d'hospitalisation ;2 000  à  4 999;False;1982-01-01;86.10Z;2008;5710.0;SAS, société par actions simplifiée;100  à  199;False;<NA>;2008;G;46;46.4;46.46;46.46Z;1973-01-01;(48.887577, 2.169176);Rueil-Malmaison;Hauts-de-Seine;Île-de-France;(50.439478, 2.82077);Lens;Pas-de-Calais;Hauts-de-France;;;;;;;;
False;['33182200'];;True;True;False;non attribue;;;False;;;2026-09-18;{'StreetName': '99 Route de La Bassée', 'AdditionalStreetName': None, 'CityName': 'Lens', 'PostalZone': '62307', 'Country': 'FRA'};266209329;False;CENTRE HOSPITALIER DOCTEUR SCHAFFNER DE LENS;Centre Hospitalier de Lens;;;fournitures;['Qualité produit (conditionnement et étiquetage, valeur technique, performance sur la base des essais ou examens des produits', 'Seuil des conditions commerciales complémentaires', 'Prix des prestations et conditions commerciales complémentaires (voir annexe 6 conditions commerciales complémentaires)'];['qualite', 'qualite', 'prix'];[60.0, 2.0, 38.0];;False;;False;;sans remise en concurrence;;26-89964;;;;LOT-0012;33182200;10243533.0;13;6.0;1.0;2026-047 - RELANCE DE LA PROCEDURE 2025-150 - FOURNITURE DE DMS DE CARDIOLOGIE ET VASCULAIRE 2026 POUR LES CENTRES HOSPITALIERS DE LENS ET DE BETHUNE;ouverte;2026-047;1.0;;;False;False;False;;7364.0;Établissement d'hospitalisation ;2 000  à  4 999;False;1982-01-01;86.10Z;2008;;;;;;<NA>;;;;;<NA>;<NA>;;;;;(50.439478, 2.82077);Lens;Pas-de-Calais;Hauts-de-France;;;;;;;;
False;['33182200'];;True;True;False;attribue;{'StreetName': '9 Bd Romain Rolland', 'AdditionalStreetName': None, 'CityName': 'Paris 14', 'PostalZone': '75014', 'Country': 'FRA'};967504945;False;MAINTRONIC;MEDTRONIC;2026-09-18;{'StreetName': '99 Route de La Bassée', 'AdditionalStreetName': None, 'CityName': 'Lens', 'PostalZone': '62307', 'Country': 'FRA'};266209329;False;CENTRE HOSPITALIER DOCTEUR SCHAFFNER DE LENS;Centre Hospitalier de Lens;;;fournitures;['Qualité produit (conditionnement et étiquetage, valeur technique, performance sur la base des essais ou examens des produits', 'Seuil des conditions commerciales complémentaires', 'Prix des prestations et conditions commerciales complémentaires (voir annexe 6 conditions commerciales complémentaires)'];['qualite', 'qualite', 'prix'];[60.0, 2.0, 38.0];;False;;False;;sans remise en concurrence;;26-89964;;91000.0;;LOT-0013;33182200;10243533.0;13;6.0;1.0;2026-047 - RELANCE DE LA PROCEDURE 2025-150 - FOURNITURE DE DMS DE CARDIOLOGIE ET VASCULAIRE 2026 POUR LES CENTRES HOSPITALIERS DE LENS ET DE BETHUNE;ouverte;2026-047;1.0;;;False;False;False;;7364.0;Établissement d'hospitalisation ;2 000  à  4 999;False;1982-01-01;86.10Z;2008;5710.0;SAS, société par actions simplifiée;100  à  199;False;<NA>;2008;S;95;95.1;95.11;95.11Z;1967-01-01;(48.83712, 2.316932);Paris;Paris;Île-de-France;(50.439478, 2.82077);Lens;Pas-de-Calais;Hauts-de-France;;;;;;;;
False;;;False;False;False;attribue;{'StreetName': None, 'AdditionalStreetName': None, 'CityName': 'MONTLHERY', 'PostalZone': '91310', 'Country': 'FRA'};329338883;True;COLAS FRANCE;Colas France - DAE;2026-09-18;{'StreetName': '9 chemin du Salvert', 'AdditionalStreetName': None, 'CityName': 'VERRIERES LE BUISSON', 'PostalZone': '91370', 'Country': 'FRA'};259100170;True;SYNDICAT MIXTE ASSAINISSEMENT VALLEE DE LA BIEVRE;Syndicat Intercommunal d'Assainissement de la Vallée de la Bièvre (SIAVB);;;travaux;['mémoire justificatif', 'prix des prestations'];['qualite', 'prix'];[60.0, 40.0];270.0;False;1170000.0;False;{'StreetName': None, 'CityName': 'VAUHALLAN', 'PostalZone': '91430', 'NUTS': 'FR104', 'Country': 'FRA'};;;26-89995;;683388.48;1170000.0;LOT-0001;45232410;;1;7.0;;Travaux de réhabilitation du réseau intercommunal d'eaux usées de la RD60 sur la commune de Vauhallan (91);ouverte;N°202601;;;;False;False;False;683388.48;7354.0;Syndicat mixte fermé ;10  à  19;<NA>;1980-01-01;84.12Z;2008;5710.0;SAS, société par actions simplifiée;10 000  et plus ;False;False;2008;F;42;42.1;42.11;42.11Z;1984-01-01;;Montlhéry;Essonne;Île-de-France;(48.744264, 2.231133);Verrières-le-Buisson;Essonne;Île-de-France;;;;;;;;
False;['71222000'];;True;False;False;attribue;{'StreetName': '14 Rue Pere Andre Jarlan', 'AdditionalStreetName': None, 'CityName': 'Evry-Courcouronnes', 'PostalZone': '91000', 'Country': 'FRA'};['775666530', '987949435'];False;;ATELIER A/CONCEPT;2026-09-18;{'StreetName': '3 avenue de Villiers', 'AdditionalStreetName': None, 'CityName': 'Draveil', 'PostalZone': '91211', 'Country': 'FRA'};219102019;False;COMMUNE DE DRAVEIL;VILLE DE DRAVEIL;;2026-08-03+02:00;services;"[""Le prix est le seul critère d'attribution.""]";['prix'];[100];720.0;False;2155000.0;False;;;;26-89921;;274762.5;;LOT-0000;71222000;;1;3.0;3.0;MAITRISE D'OEUVRE POUR LA REHABILITATION DU CINEMA MUNICIPAL DE LA VILLE DE DRAVEIL;restreinte;26ST03;;;;False;False;False;274762.5;7210.0;Commune et commune nouvelle ;500  à  999;False;1980-01-01;84.11Z;2008;;;;;;<NA>;;;;;<NA>;<NA>;(48.622867, 2.426234);Évry-Courcouronnes;Essonne;Île-de-France;(48.68217, 2.405606);Draveil;Essonne;Île-de-France;;;;;;;;
False;['71310000'];;True;False;False;attribue;;;False;;;2026-09-18;{'StreetName': 'Hôtel du Département', 'AdditionalStreetName': 'Quai Jean Moulin , Cs 56101', 'CityName': 'Rouen Cedex', 'PostalZone': '76101', 'Country': 'FRA'};227605409;False;DEPARTEMENT DE LA SEINE MARITIME;Département de la Seine-Maritime;;2026-01-05+01:00;services;"[""Valeur technique de l'offre"", ""Le prix de l'offre sera jugé sur la base du montant total global Ttc du Dqe""]";['technique', 'prix'];[60.0, 40.0];1440.0;False;800000.0;False;;;;26-89963;;800000.0;;LOT-0000;71310000;;1;15.0;15.0;Assistance à Maîtrise d'ouvrage pour des études de diagnostic, programmation et estimation financière;negociee;202507281626;3.0;;;False;False;False;800000.0;7220.0;Département ;5 000  à  9 999;False;1961-01-01;84.11Z;2008;;;;;;<NA>;;;;;<NA>;<NA>;;;;;;;;;;;;;;;;
False;['72260000'];30.0;True;False;False;attribue;{'StreetName': '959 Rue De La Bergeresse', 'AdditionalStreetName': None, 'CityName': 'Olivet', 'PostalZone': '45160', 'Country': 'FRA'};489022491;False;ONTOMANTICS SAS;ONTOMANTICS SAS;2026-09-18;"{'StreetName': 'Mairie du Havre', 'AdditionalStreetName': ""1517 place de l'hôtel de Ville, Cs 40 051"", 'CityName': 'Le Havre', 'PostalZone': '76084', 'Country': 'FRA'}";217603513;False;COMMUNE DE LE HAVRE;Ville du Havre;2025-03-15;2026-06-01+02:00;services;"[""Valeur technique de l'offre"", 'Prix']";['technique', 'prix'];[60.0, 40.0];1440.0;False;;False;;;;26-89806;25-28694;592800.0;;LOT-0000;72262000;;1;3.0;;Mise en oeuvre d'un outil métier pour la Direction Propreté et Interventions Urbaines;dialogue competitif;25FS-VDH-1789-K;;False;False;False;False;False;592800.0;7210.0;Commune et commune nouvelle ;2 000  à  4 999;False;1981-09-01;84.11Z;2008;5710.0;SAS, société par actions simplifiée;10  à  19;False;<NA>;2008;J;58;58.2;58.29;58.29B;2006-03-01;(47.847852, 1.913565);Olivet;Loiret;Centre-Val de Loire;(49.494266, 0.106813);Le Havre;Seine-Maritime;Normandie;;;;;;;;
False;['71400000'];43.0;False;False;False;attribue;{'StreetName': '90, rue Rébeval', 'AdditionalStreetName': None, 'CityName': 'Paris', 'PostalZone': '75019', 'Country': 'FRA'};['180089013', '488862368', '409338597', '798891974', '325100782'];False;;GROUPEMENT NU ARCHITECTURE/NU INGENIERIE /URBICUS/ECR/TADASHI KAWAMATA;2026-09-18;{'StreetName': 'Le 108', 'AdditionalStreetName': '108 allée François Mitterrand', 'CityName': 'Rouen', 'PostalZone': '76176', 'Country': 'FRA'};200023414;False;METROPOLE ROUEN NORMANDIE;Metropole Rouen Normandie;2024-11-20;;services;"['Esthétique du projet et qualité paysagère', 'Qualité du projet au regard des exigences du programme général, qualité et faisabilité de la proposition technique', 'Qualité du projet au regard de la prise en compte des différents usages', ""Compatibilité du projet avec l'enveloppe financière prévisionnelle affectée aux travaux""]";['qualite', 'qualite', 'qualite', 'prix'];;;True;;False;;;;26-89697;24-130751;271000.0;;LOT-0000;71300000;;1;3.0;;Concours d'architecture pour l'aménagement paysager et artistique du pont Boieldieu à Rouen;restreinte;24-EPMD-KMDB-MoePontBoieldieu;;;False;True;True;True;271000.0;7344.0;Métropole;2 000  à  4 999;<NA>;2010-01-01;84.11Z;2008;;;;;;<NA>;;;;;<NA>;<NA>;(48.873751, 2.382765);Paris;Paris;Île-de-France;(49.441434, 1.070565);Rouen;Seine-Maritime;Normandie;;;;;;;;
False;['34114200', '34113000'];;True;True;False;attribue;{'StreetName': None, 'AdditionalStreetName': None, 'CityName': 'CERGY-PONTOISE', 'PostalZone': '95042', 'Country': 'FRA'};442165718;True;MAXIAVENUE;MAXI AVENUE;2026-09-18;{'StreetName': 'rue Grande André Cabasse', 'AdditionalStreetName': None, 'CityName': 'Roquebrune sur Argens', 'PostalZone': '83520', 'Country': 'FRA'};218301075;True;COMMUNE DE ROQUEBRUNE SUR ARGENS;Mairie de Roquebrune sur Argens;;;fournitures;['pondérée à 60%', 'pondéré à 40%'];['qualite', 'prix'];[60.0, 40.0];240.0;False;;False;{'StreetName': None, 'CityName': None, 'PostalZone': None, 'NUTS': 'FRL05', 'Country': 'FRA'};;;26-90094;;32176.18;32500.0;LOT-0001;34100000;;4;3.0;;ACQUISITION DE VÉHICULES NEUFS 2026;ouverte;ACHAT VEHIC 9 2026;;;;False;False;False;116886.34;7210.0;Commune et commune nouvelle ;500  à  999;False;1983-03-01;84.11Z;2008;5499.0;Société à responsabilité limitée (sans autre indication);10  à  19;False;<NA>;2008;N;82;82.1;82.11;82.11Z;2002-05-02;;Cergy;Val-d'Oise;Île-de-France;(43.44395, 6.637721);Roquebrune-sur-Argens;Var;Provence-Alpes-Côte d'Azur;;;;;;;;
False;['34136100'];;True;True;False;attribue;{'StreetName': None, 'AdditionalStreetName': None, 'CityName': 'PUGET SUR ARGENS', 'PostalZone': '83480', 'Country': 'FRA'};314723149;True;VAGNEUR S.A.S;SAS VAGNEUR;2026-09-18;{'StreetName': 'rue Grande André Cabasse', 'AdditionalStreetName': None, 'CityName': 'Roquebrune sur Argens', 'PostalZone': '83520', 'Country': 'FRA'};218301075;True;COMMUNE DE ROQUEBRUNE SUR ARGENS;Mairie de Roquebrune sur Argens;;;fournitures;['pondéré à 60%', '.'];['prix', 'qualite'];;240.0;False;;False;{'StreetName': None, 'CityName': None, 'PostalZone': None, 'NUTS': 'FRL05', 'Country': 'FRA'};;;26-90094;;17581.0;20000.0;LOT-0002;34100000;;4;4.0;;ACQUISITION DE VÉHICULES NEUFS 2026;ouverte;ACHAT VEHIC 9 2026;;;;False;False;False;116886.34;7210.0;Commune et commune nouvelle ;500  à  999;False;1983-03-01;84.11Z;2008;5710.0;SAS, société par actions simplifiée;50  à  99;False;<NA>;2008;G;45;45.1;45.11;45.11Z;1979-01-01;;Puget-sur-Argens;Var;Provence-Alpes-Côte d'Azur;(43.44395, 6.637721);Roquebrune-sur-Argens;Var;Provence-Alpes-Côte d'Azur;;;;;;;;
False;['34110000'];;True;True;False;attribue;{'StreetName': None, 'AdditionalStreetName': None, 'CityName': 'LA GARDE', 'PostalZone': '83130', 'Country': 'FRA'};454066481;True;AUTO SERVICE VAROIS AS 83;AUTO SERVICE VAROIS (AS83);2026-09-18;{'StreetName': 'rue Grande André Cabasse', 'AdditionalStreetName': None, 'CityName': 'Roquebrune sur Argens', 'PostalZone': '83520', 'Country': 'FRA'};218301075;True;COMMUNE DE ROQUEBRUNE SUR ARGENS;Mairie de Roquebrune sur Argens;;;fournitures;['pondéré à 60%', 'pondérée à 40%'];['prix', 'qualite'];[60.0, 40.0];240.0;False;;False;{'StreetName': None, 'CityName': None, 'PostalZone': None, 'NUTS': 'FRL05', 'Country': 'FRA'};;;26-90094;;47757.5;60000.0;LOT-0003;34100000;;4;3.0;;ACQUISITION DE VÉHICULES NEUFS 2026;ouverte;ACHAT VEHIC 9 2026;;;;False;False;False;116886.34;7210.0;Commune et commune nouvelle ;500  à  999;False;1983-03-01;84.11Z;2008;5710.0;SAS, société par actions simplifiée;10  à  19;False;<NA>;2008;G;45;45.1;45.11;45.11Z;2004-06-15;;Lamballe-Armor;Côtes-d'Armor;Bretagne;(43.44395, 6.637721);Roquebrune-sur-Argens;Var;Provence-Alpes-Côte d'Azur;;;;;;;;
False;['34110000'];;True;True;False;attribue;{'StreetName': None, 'AdditionalStreetName': None, 'CityName': 'FREJUS', 'PostalZone': '83600', 'Country': 'FRA'};952646057;True;PRESTIGE AUTOMOBILE;SAS PRESTIGE AUTOMOBILE;2026-09-18;{'StreetName': 'rue Grande André Cabasse', 'AdditionalStreetName': None, 'CityName': 'Roquebrune sur Argens', 'PostalZone': '83520', 'Country': 'FRA'};218301075;True;COMMUNE DE ROQUEBRUNE SUR ARGENS;Mairie de Roquebrune sur Argens;;;fournitures;['pondérée à 60%', 'pondéré à 40%'];['qualite', 'prix'];[60.0, 40.0];240.0;False;;False;{'StreetName': None, 'CityName': None, 'PostalZone': None, 'NUTS': 'FRL05', 'Country': 'FRA'};;;26-90094;;19401.66;25800.0;LOT-0004;34100000;;4;4.0;;ACQUISITION DE VÉHICULES NEUFS 2026;ouverte;ACHAT VEHIC 9 2026;;;;False;False;False;116886.34;7210.0;Commune et commune nouvelle ;500  à  999;False;1983-03-01;84.11Z;2008;5710.0;SAS, société par actions simplifiée;50  à  99;False;<NA>;2008;G;45;45.2;45.2;45.20A;2023-05-17;;Fréjus;Var;Provence-Alpes-Côte d'Azur;(43.44395, 6.637721);Roquebrune-sur-Argens;Var;Provence-Alpes-Côte d'Azur;;;;;;;;
False;;;True;False;False;attribue;{'StreetName': None, 'AdditionalStreetName': None, 'CityName': 'LA GARDE', 'PostalZone': '83130', 'Country': 'FRA'};309124311;True;SOCIETE TECHNIQUE D'EXPLOITATION ET DE COMPTAGE;TECHNIQUE D’EXPLOITATION ET DE COMPTAGE - TEC;2026-09-18;{'StreetName': None, 'AdditionalStreetName': None, 'CityName': 'LYON CEDEX 07', 'PostalZone': '69007', 'Country': 'FRA'};130001902;True;;SID Sud-Est;;;services;['Les critères de sélection sont mentionnés dans le règlement de la consultation.'];['prix'];[100];360.0;True;;False;{'StreetName': None, 'CityName': None, 'PostalZone': None, 'NUTS': 'FRL05', 'Country': 'FRA'};;;26-90041;;668000.0;;LOT-0001;50000000;;1;1.0;;Exploitation et maintenance préventive et corrective de niveau 1 à 4 des installations d'eau potable, d'assainissement et des stations de lavage de la base de Défense de Draguignan;ouverte;DAF_2025_001320;2.0;;;True;False;False;668000.0;;;;;<NA>;<NA>;<NA>;5499.0;Société à responsabilité limitée (sans autre indication);20  à  49;False;<NA>;2008;E;36;36.0;36.0;36.00Z;1900-01-01;;Lamballe-Armor;Côtes-d'Armor;Bretagne;;;;;;;;;;;;
False;['39713400', '39224300'];;True;True;False;attribue;{'StreetName': '5 Avenue Des Coquelicots - Zac Des Petits Carreaux', 'AdditionalStreetName': None, 'CityName': 'Bonneuil-Sur-Marne', 'PostalZone': '94380', 'Country': 'FRA'};775702673;False;KARCHER SAS;KARCHER;2026-09-18;{'StreetName': '1, boulevard Archimède', 'AdditionalStreetName': 'Champs-sur-Marne', 'CityName': 'Marne La Vallée', 'PostalZone': '77444', 'Country': 'FRA'};776056467;False;UNION DES GROUPEMENTS D'ACHATS PUBLICS;Union des Groupements d'Achats Publics;;;fournitures;"[""Valeur technique de l'offre"", 'Qualité de service', 'Performance en matière de développement durable', 'Prix']";['technique', 'qualite', 'environnemental', 'prix'];[35.0, 25.0, 10.0, 30.0];;True;28300000.0;False;;sans remise en concurrence;;26-90012;;12500000.0;;LOT-0001;39713400;28300000.0;6;6.0;3.0;Matériels de nettoyage et d'entretien professionnel des sols et des surfaces avec exécution de prestations annexes;ouverte;26U024;2.0;;;True;True;True;;4110.0;Établissement public national à caractère industriel ou commercial doté d'un comptable public ;1 000  à  1 999;False;1900-01-01;46.19A;2008;5710.0;SAS, société par actions simplifiée;500  à  999;False;<NA>;2008;G;46;46.6;46.69;46.69B;1900-01-01;(48.771037, 2.492086);Bonneuil-sur-Marne;Val-de-Marne;Île-de-France;;;;;;;;;;;;
False;['39713400', '39224300'];;True;True;False;attribue;{'StreetName': '5 Avenue Des Coquelicots - Zac Des Petits Carreaux', 'AdditionalStreetName': None, 'CityName': 'Bonneuil-Sur-Marne', 'PostalZone': '94380', 'Country': 'FRA'};775702673;False;KARCHER SAS;KARCHER;2026-09-18;{'StreetName': '1, boulevard Archimède', 'AdditionalStreetName': 'Champs-sur-Marne', 'CityName': 'Marne La Vallée', 'PostalZone': '77444', 'Country': 'FRA'};776056467;False;UNION DES GROUPEMENTS D'ACHATS PUBLICS;Union des Groupements d'Achats Publics;;;fournitures;"[""Valeur technique de l'offre"", 'Qualité de service', 'Performance en matière de développement durable', 'Prix']";['technique', 'qualite', 'environnemental', 'prix'];[35.0, 20.0, 10.0, 35.0];;True;28300000.0;False;;sans remise en concurrence;;26-90012;;4000000.0;;LOT-0002;39713400;28300000.0;6;5.0;3.0;Matériels de nettoyage et d'entretien professionnel des sols et des surfaces avec exécution de prestations annexes;ouverte;26U024;2.0;;;True;True;True;;4110.0;Établissement public national à caractère industriel ou commercial doté d'un comptable public ;1 000  à  1 999;False;1900-01-01;46.19A;2008;5710.0;SAS, société par actions simplifiée;500  à  999;False;<NA>;2008;G;46;46.6;46.69;46.69B;1900-01-01;(48.771037, 2.492086);Bonneuil-sur-Marne;Val-de-Marne;Île-de-France;;;;;;;;;;;;
False;['39713400', '39224300'];;True;True;False;attribue;{'StreetName': '26 Av De La Baltique', 'AdditionalStreetName': None, 'CityName': 'Villebon Sur Yvette', 'PostalZone': '91140', 'Country': 'FRA'};353606197;False;NILFISK;NILFISK;2026-09-18;{'StreetName': '1, boulevard Archimède', 'AdditionalStreetName': 'Champs-sur-Marne', 'CityName': 'Marne La Vallée', 'PostalZone': '77444', 'Country': 'FRA'};776056467;False;UNION DES GROUPEMENTS D'ACHATS PUBLICS;Union des Groupements d'Achats Publics;;;fournitures;"[""Valeur technique de l'offre"", 'Qualité de service', 'Performance en matière de développement durable', 'Prix']";['technique', 'qualite', 'environnemental', 'prix'];[35.0, 25.0, 10.0, 30.0];;True;28300000.0;False;;sans remise en concurrence;;26-90012;;2500000.0;;LOT-0003;39713400;28300000.0;6;4.0;2.0;Matériels de nettoyage et d'entretien professionnel des sols et des surfaces avec exécution de prestations annexes;ouverte;26U024;2.0;;;True;True;True;;4110.0;Établissement public national à caractère industriel ou commercial doté d'un comptable public ;1 000  à  1 999;False;1900-01-01;46.19A;2008;5710.0;SAS, société par actions simplifiée;200  à  249;False;<NA>;2008;G;46;46.6;46.69;46.69B;1990-01-31;(48.68999, 2.212347);Villebon-sur-Yvette;Essonne;Île-de-France;;;;;;;;;;;;
False;['39713400', '39224300'];;True;True;False;attribue;{'StreetName': '5 Avenue Des Coquelicots - Zac Des Petits Carreaux', 'AdditionalStreetName': None, 'CityName': 'Bonneuil-Sur-Marne', 'PostalZone': '94380', 'Country': 'FRA'};775702673;False;KARCHER SAS;KARCHER;2026-09-18;{'StreetName': '1, boulevard Archimède', 'AdditionalStreetName': 'Champs-sur-Marne', 'CityName': 'Marne La Vallée', 'PostalZone': '77444', 'Country': 'FRA'};776056467;False;UNION DES GROUPEMENTS D'ACHATS PUBLICS;Union des Groupements d'Achats Publics;;;fournitures;"[""Valeur technique de l'offre"", 'Qualité de service', 'Performance en matière de développement durable', 'Prix']";['technique', 'qualite', 'environnemental', 'prix'];[35.0, 20.0, 10.0, 35.0];;True;28300000.0;False;;sans remise en concurrence;;26-90012;;1300000.0;;LOT-0004;39713400;28300000.0;6;3.0;1.0;Matériels de nettoyage et d'entretien professionnel des sols et des surfaces avec exécution de prestations annexes;ouverte;26U024;2.0;;;True;True;True;;4110.0;Établissement public national à caractère industriel ou commercial doté d'un comptable public ;1 000  à  1 999;False;1900-01-01;46.19A;2008;5710.0;SAS, société par actions simplifiée;500  à  999;False;<NA>;2008;G;46;46.6;46.69;46.69B;1900-01-01;(48.771037, 2.492086);Bonneuil-sur-Marne;Val-de-Marne;Île-de-France;;;;;;;;;;;;
False;['39224300', '39224300'];;True;True;False;attribue;{'StreetName': '13 Rue Des Pays Bas', 'AdditionalStreetName': None, 'CityName': 'Wittelsheim', 'PostalZone': '6810', 'Country': 'FRA'};414995241;False;DME;DME;2026-09-18;{'StreetName': '1, boulevard Archimède', 'AdditionalStreetName': 'Champs-sur-Marne', 'CityName': 'Marne La Vallée', 'PostalZone': '77444', 'Country': 'FRA'};776056467;False;UNION DES GROUPEMENTS D'ACHATS PUBLICS;Union des Groupements d'Achats Publics;;;fournitures;"[""Valeur technique de l'offre"", 'Qualité de service', 'Performance en matière de développement durable', 'Prix']";['technique', 'qualite', 'environnemental', 'prix'];[30.0, 20.0, 10.0, 40.0];;True;28300000.0;False;;sans remise en concurrence;;26-90012;;2200000.0;;LOT-0005;39713400;28300000.0;6;3.0;1.0;Matériels de nettoyage et d'entretien professionnel des sols et des surfaces avec exécution de prestations annexes;ouverte;26U024;2.0;;;True;True;True;;4110.0;Établissement public national à caractère industriel ou commercial doté d'un comptable public ;1 000  à  1 999;False;1900-01-01;46.19A;2008;5710.0;SAS, société par actions simplifiée;20  à  49;False;<NA>;2008;G;46;46.6;46.69;46.69B;1997-12-11;(47.776076, 7.229845);Wittelsheim;Haut-Rhin;Grand Est;;;;;;;;;;;;
False;['39713400', '39224300'];;True;True;False;attribue;{'StreetName': '391 Rue Louis Arnal', 'AdditionalStreetName': None, 'CityName': 'Lozanne', 'PostalZone': '69380', 'Country': 'FRA'};399567338;False;SANIVAP;SANIVAP;2026-09-18;{'StreetName': '1, boulevard Archimède', 'AdditionalStreetName': 'Champs-sur-Marne', 'CityName': 'Marne La Vallée', 'PostalZone': '77444', 'Country': 'FRA'};776056467;False;UNION DES GROUPEMENTS D'ACHATS PUBLICS;Union des Groupements d'Achats Publics;;;fournitures;"[""Valeur technique de l'offre"", 'Qualité de service', 'Performance en matière de développement durable', 'Prix']";['technique', 'qualite', 'environnemental', 'prix'];[35.0, 25.0, 10.0, 30.0];;True;28300000.0;False;;sans remise en concurrence;;26-90012;;5800000.0;;LOT-0006;39713400;28300000.0;6;1.0;1.0;Matériels de nettoyage et d'entretien professionnel des sols et des surfaces avec exécution de prestations annexes;ouverte;26U024;2.0;;;True;True;True;;4110.0;Établissement public national à caractère industriel ou commercial doté d'un comptable public ;1 000  à  1 999;False;1900-01-01;46.19A;2008;5710.0;SAS, société par actions simplifiée;20  à  49;False;<NA>;2008;C;28;28.2;28.29;28.29B;1995-01-05;(45.853246, 4.697288);Lozanne;Rhône;Auvergne-Rhône-Alpes;;;;;;;;;;;;
False;['79212500'];;True;False;False;attribue;{'StreetName': '23 rue de Raguse', 'AdditionalStreetName': None, 'CityName': 'Montpellier', 'PostalZone': '34000', 'Country': 'FRA'};798189536;False;EURO CONSEIL;EUROSUB CONSEIL;2026-09-18;{'StreetName': '10 Avenue Marc Pélegrin', 'AdditionalStreetName': None, 'CityName': 'Toulouse', 'PostalZone': '31055', 'Country': 'FRA'};130004278;False;INSTITUT SUPERIEUR DE L'AERONAUTIQUE ET DE L'ESPACE;Institut Supérieur de l'Aéronautique et de l'Espace;;2026-07-15+02:00;services;"[""Valeur technique de l'offre"", ""Prix des prestations sur la base d'un Dqe""]";['technique', 'prix'];[60.0, 40.0];360.0;False;;False;;avec remise en concurrence;;26-89700;;;;LOT-0000;79212500;360000.0;1;5.0;3.0;REALISATION DE CONTROLES ET CERTIFICATIONS DES DEPENSES DES PROJETS FINANCÉS PAR DES FONDS PUBLICS POUR L'INSA, L'ENAC, LA COMUE ET L'ISAE-SUPAERO;ouverte;2025ETU0017;3.0;;;False;False;False;;7383.0;Établissement public national à caractère scientifique culturel et professionnel ;1 000  à  1 999;False;2007-10-01;85.42Z;2008;5499.0;Société à responsabilité limitée (sans autre indication);1  ou  2;False;<NA>;2008;M;70;70.2;70.22;70.22Z;2013-11-02;(43.600358, 3.900144);Montpellier;Hérault;Occitanie;(43.566653, 1.474597);Toulouse;Haute-Garonne;Occitanie;;;;;;;;
False;;;True;True;False;attribue;;;False;;;2026-09-18;{'StreetName': '2 cours Champ de Mars', 'AdditionalStreetName': None, 'CityName': 'NANTES', 'PostalZone': '44000', 'Country': 'FRA'};244400404;True;METROPOLE NANTES METROPOLE;Nantes Métropole;;;services;['Coefficient : 40', 'Coefficient : 15', 'Coefficient : 45'];['qualite', 'qualite', 'prix'];[40.0, 15.0, 45.0];1460.0;False;;False;{'StreetName': None, 'CityName': None, 'PostalZone': None, 'NUTS': 'FRG01', 'Country': 'FRA'};avec remise en concurrence;;26-89820;24-140072;;;LOT-0001;72314000;3300000.0;5;7.0;;Prestations d'acquisition des données patrimoniales viaires et de mises à jour du système d'information géographique sur le territoire de Nantes Métropole;ouverte;2024NM006057;;False;False;False;False;False;;7344.0;Métropole;2 000  à  4 999;<NA>;1991-12-06;84.11Z;2008;;;;;;<NA>;;;;;<NA>;<NA>;;;;;(47.224291, -1.56518);Nantes;Loire-Atlantique;Pays de la Loire;;;;;;;;
False;;;True;True;False;attribue;;;False;;;2026-09-18;{'StreetName': '2 cours Champ de Mars', 'AdditionalStreetName': None, 'CityName': 'NANTES', 'PostalZone': '44000', 'Country': 'FRA'};244400404;True;METROPOLE NANTES METROPOLE;Nantes Métropole;;;services;['Coefficient : 40', 'Coefficient : 15', 'Coefficient : 45'];['qualite', 'qualite', 'prix'];[40.0, 15.0, 45.0];1460.0;False;;False;{'StreetName': None, 'CityName': None, 'PostalZone': None, 'NUTS': 'FRG01', 'Country': 'FRA'};avec remise en concurrence;;26-89820;24-140072;;;LOT-0002;72314000;3300000.0;5;2.0;;Prestations d'acquisition des données patrimoniales viaires et de mises à jour du système d'information géographique sur le territoire de Nantes Métropole;ouverte;2024NM006057;;False;False;False;False;False;;7344.0;Métropole;2 000  à  4 999;<NA>;1991-12-06;84.11Z;2008;;;;;;<NA>;;;;;<NA>;<NA>;;;;;(47.224291, -1.56518);Nantes;Loire-Atlantique;Pays de la Loire;;;;;;;;
False;;;True;True;False;attribue;;;False;;;2026-09-18;{'StreetName': '2 cours Champ de Mars', 'AdditionalStreetName': None, 'CityName': 'NANTES', 'PostalZone': '44000', 'Country': 'FRA'};244400404;True;METROPOLE NANTES METROPOLE;Nantes Métropole;;;services;['Coefficient : 40', 'Coefficient : 15', 'Coefficient : 45'];['qualite', 'qualite', 'prix'];[40.0, 15.0, 45.0];1460.0;False;;False;{'StreetName': None, 'CityName': None, 'PostalZone': None, 'NUTS': 'FRG01', 'Country': 'FRA'};avec remise en concurrence;;26-89820;24-140072;;;LOT-0003;72314000;3300000.0;5;5.0;;Prestations d'acquisition des données patrimoniales viaires et de mises à jour du système d'information géographique sur le territoire de Nantes Métropole;ouverte;2024NM006057;;False;False;False;False;False;;7344.0;Métropole;2 000  à  4 999;<NA>;1991-12-06;84.11Z;2008;;;;;;<NA>;;;;;<NA>;<NA>;;;;;(47.224291, -1.56518);Nantes;Loire-Atlantique;Pays de la Loire;;;;;;;;
False;;;True;True;False;attribue;;;False;;;2026-09-18;{'StreetName': '2 cours Champ de Mars', 'AdditionalStreetName': None, 'CityName': 'NANTES', 'PostalZone': '44000', 'Country': 'FRA'};244400404;True;METROPOLE NANTES METROPOLE;Nantes Métropole;;;services;['Coefficient : 40', 'Coefficient : 15', 'Coefficient : 45'];['qualite', 'qualite', 'prix'];[40.0, 15.0, 45.0];1460.0;False;;False;{'StreetName': None, 'CityName': None, 'PostalZone': None, 'NUTS': 'FRG01', 'Country': 'FRA'};avec remise en concurrence;;26-89820;24-140072;;;LOT-0004;72314000;3300000.0;5;3.0;;Prestations d'acquisition des données patrimoniales viaires et de mises à jour du système d'information géographique sur le territoire de Nantes Métropole;ouverte;2024NM006057;;False;False;False;False;False;;7344.0;Métropole;2 000  à  4 999;<NA>;1991-12-06;84.11Z;2008;;;;;;<NA>;;;;;<NA>;<NA>;;;;;(47.224291, -1.56518);Nantes;Loire-Atlantique;Pays de la Loire;;;;;;;;
False;;;True;True;False;attribue;;;False;;;2026-09-18;{'StreetName': '2 cours Champ de Mars', 'AdditionalStreetName': None, 'CityName': 'NANTES', 'PostalZone': '44000', 'Country': 'FRA'};244400404;True;METROPOLE NANTES METROPOLE;Nantes Métropole;;;services;['Coefficient : 40', 'Coefficient : 15', 'Coefficient : 45'];['qualite', 'qualite', 'prix'];[40.0, 15.0, 45.0];1460.0;False;;False;{'StreetName': None, 'CityName': None, 'PostalZone': None, 'NUTS': 'FRG01', 'Country': 'FRA'};avec remise en concurrence;;26-89820;24-140072;;;LOT-0005;72314000;3300000.0;5;4.0;;Prestations d'acquisition des données patrimoniales viaires et de mises à jour du système d'information géographique sur le territoire de Nantes Métropole;ouverte;2024NM006057;;False;False;False;False;False;;7344.0;Métropole;2 000  à  4 999;<NA>;1991-12-06;84.11Z;2008;;;;;;<NA>;;;;;<NA>;<NA>;;;;;(47.224291, -1.56518);Nantes;Loire-Atlantique;Pays de la Loire;;;;;;;;
False;;;True;False;False;attribue;{'StreetName': None, 'AdditionalStreetName': None, 'CityName': 'ORVAULT', 'PostalZone': '44700', 'Country': 'FRA'};429123771;True;GEOSAT;GEOSAT SELAS;2026-09-18;{'StreetName': '2 cours Champ de Mars', 'AdditionalStreetName': None, 'CityName': 'NANTES', 'PostalZone': '44000', 'Country': 'FRA'};244400404;True;METROPOLE NANTES METROPOLE;Nantes Métropole;;;fournitures;['Coefficient : 45', 'Coefficient : 55'];['qualite', 'prix'];[45.0, 55.0];1440.0;False;;False;{'StreetName': None, 'CityName': None, 'PostalZone': None, 'NUTS': 'FRG01', 'Country': 'FRA'};sans remise en concurrence;;26-89747;;;;LOT-0001;48326100;1300000.0;1;4.0;;Prestations d acquisitions des données patrimoniales viaires et des mises à jour du système d information géographique sur le territoire de Nantes Métropole;negociee;2021-2110;;;;False;False;False;;7344.0;Métropole;2 000  à  4 999;<NA>;1991-12-06;84.11Z;2008;5785.0;Société d'exercice libéral par action simplifiée ;250  à  499;False;<NA>;2008;M;71;71.1;71.12;71.12A;2000-01-10;;Guémené-Penfao;Loire-Atlantique;Pays de la Loire;(47.224291, -1.56518);Nantes;Loire-Atlantique;Pays de la Loire;;;;;;;;
False;['92111260'];;True;True;False;attribue;;;False;;;2026-09-18;{'StreetName': '1 place Adrien Zeller', 'AdditionalStreetName': None, 'CityName': 'Strasbourg', 'PostalZone': '67067', 'Country': 'FRA'};200052264;False;REGION GRAND EST;Région Grand Est;;2026-05-15+02:00;services;['Qualité et adéquation des moyens humains mobilisés', 'Qualité et adéquation des moyens techniques mobilisés', 'Qualité et pertinence de la méthodologie proposée', 'Prix'];['social', 'qualite', 'qualite', 'prix'];[30.0, 30.0, 10.0, 30.0];1440.0;False;1550000.0;False;;sans remise en concurrence;;26-89807;;950000.0;;LOT-0001;92111260;1550000.0;2;24.0;;Réalisation de vidéos pour la Région Grand Est;ouverte;2026A0050;3.0;;;False;False;False;;7230.0;Région ;5 000  à  9 999;False;2016-01-01;84.11Z;2008;;;;;;<NA>;;;;;<NA>;<NA>;;;;;(48.598792, 7.760417);Strasbourg;Bas-Rhin;Grand Est;;;;;;;;
False;['92111260'];;True;True;False;attribue;{'StreetName': '35 Rue Du Fosse Des Treize', 'AdditionalStreetName': None, 'CityName': 'Strasbourg', 'PostalZone': '67000', 'Country': 'FRA'};442447132;False;SEPPIA;SEPPIA;2026-09-18;{'StreetName': '1 place Adrien Zeller', 'AdditionalStreetName': None, 'CityName': 'Strasbourg', 'PostalZone': '67067', 'Country': 'FRA'};200052264;False;REGION GRAND EST;Région Grand Est;;2026-05-15+02:00;services;['Qualité et adéquation des moyens humains mobilisés', 'Qualité et adéquation des moyens techniques mobilisés', 'Qualité et pertinence de la méthodologie proposée', 'Prix'];['social', 'qualite', 'qualite', 'prix'];[30.0, 30.0, 10.0, 30.0];1440.0;False;1550000.0;False;;sans remise en concurrence;;26-89807;;600000.0;;LOT-0002;92111260;1550000.0;2;12.0;;Réalisation de vidéos pour la Région Grand Est;ouverte;2026A0050;3.0;;;False;False;False;;7230.0;Région ;5 000  à  9 999;False;2016-01-01;84.11Z;2008;5710.0;SAS, société par actions simplifiée;10  à  19;False;<NA>;2008;J;59;59.1;59.11;59.11A;2002-07-01;(48.589394, 7.746462);Strasbourg;Bas-Rhin;Grand Est;(48.598792, 7.760417);Strasbourg;Bas-Rhin;Grand Est;;;;;;;;
False;['65300000'];;True;False;False;attribue;;;False;;;2026-09-18;{'StreetName': '36 rue des Romains', 'AdditionalStreetName': '36 rue des Romains', 'CityName': 'AMNEVILLE', 'PostalZone': '57360', 'Country': 'FRA'};215700196;True;COMMUNE D AMNEVILLE;VILLE D'AMNEVILLE;;;fournitures;"[""Valeur technique de l'offre sur 70 points :\n-qualité d'exécution des prestations sur 30 points,\n-qualité de l'accès et suivi des consommations sur 20 points,\n-facturation et gestion administrative sur 20 points.\nLa valeur technique sera jugée au regard du mémoire technique transmis par le candidat."", 'La performance environnementale de l’offre sur 20 points.\nLa performance environnementale sera jugée au regard du mémoire technique transmis par le candidat.', ""Prix/coût global de l'offre sur 10 points.\nLe prix ou coût global de l'offre sera apprécié sur la base du coût global, exprimé en euros hors taxes par MWh consommé sur la période de livraison demandée.\nAu stade de la cotation indicative, le coût global demandé comprend le coût de l'énergie active, le coût des CEE et CEE précaires, le mécanisme de capacité.""]";['qualite', 'environnemental', 'delai'];[70.0, 20.0, 10.0];1440.0;True;3461844.0;False;{'StreetName': None, 'CityName': None, 'PostalZone': None, 'NUTS': 'FRF33', 'Country': 'FRA'};avec remise en concurrence;;26-90091;;421241.0;3461844.0;LOT-0001;09310000;3461844.0;1;3.0;;FOURNITURE ET ACHEMINEMENT D'ELECTRICITE POUR DIVERS SITES DE LA VILLE D'AMNEVILLE;ouverte;1/2026;;;;False;False;False;421241.0;7210.0;Commune et commune nouvelle ;250  à  499;False;1980-01-01;84.11Z;2008;;;;;;<NA>;;;;;<NA>;<NA>;;;;;(49.260563, 6.142194);Amnéville;Moselle;Grand Est;;;;;;;;
False;;;True;True;False;attribue;{'StreetName': 'ZAC Belle Fontaine', 'AdditionalStreetName': None, 'CityName': 'CLOUANGE', 'PostalZone': '57185', 'Country': 'FRA'};450518964;True;LE FOURNIL DE LA VALLEE DE L'ORNE;LE FOURNIL DE LA VALLEE DE L'ORNE;2026-09-18;{'StreetName': 'PLATE-FORME COMMISSARIAT EST', 'AdditionalStreetName': 'DIVISION ACHATS PUBLICS', 'CityName': 'METZ CEDEX 1', 'PostalZone': '57044', 'Country': 'FRA'};130015357;True;;Plate-Forme Commissariat Est PLATE-FORME COMMISSARIAT EST;;2026-08-28+02:00;fournitures;['Le prix a été noté sur 20 points. La note maximale a été attribuée au candidat présentant le prix le plus bas. L’étude des prix a été faite par application des prix unitaires multipliés par les quantités estimatives annuelles de pains et viennoiseries pour chaque site.', 'Le critère technique a été évalué en attribuant 20 points pour chacun des sous critères suivants : les échantillons et la livraison le weekend.'];['prix', 'technique'];[70.0, 30.0];270.0;True;663761.74;False;{'StreetName': None, 'CityName': None, 'PostalZone': None, 'NUTS': None, 'Country': 'FRA'};sans remise en concurrence;;26-89904;;189764.0;197911.3;LOT-0001;15811000;2032000.0;5;1.0;;Approvisionnement en pains et viennoiseries à l'état frais au profit des restaurants des cercles de Metz, Thionville, Lunéville, Toul et Ochey;ouverte;DAF_2025_001199;3.0;;;True;False;False;;;;;;<NA>;<NA>;<NA>;5710.0;SAS, société par actions simplifiée;20  à  49;False;<NA>;2008;C;10;10.7;10.71;10.71C;2003-10-13;(49.261255, 6.09424);Clouange;Moselle;Grand Est;;;;;;;;;;;;
False;;;True;True;False;attribue;{'StreetName': 'ZAC Belle Fontaine', 'AdditionalStreetName': None, 'CityName': 'CLOUANGE', 'PostalZone': '57185', 'Country': 'FRA'};450518964;True;LE FOURNIL DE LA VALLEE DE L'ORNE;LE FOURNIL DE LA VALLEE DE L'ORNE;2026-09-18;{'StreetName': 'PLATE-FORME COMMISSARIAT EST', 'AdditionalStreetName': 'DIVISION ACHATS PUBLICS', 'CityName': 'METZ CEDEX 1', 'PostalZone': '57044', 'Country': 'FRA'};130015357;True;;Plate-Forme Commissariat Est PLATE-FORME COMMISSARIAT EST;;2026-08-28+02:00;fournitures;['Le prix a été noté sur 20 points. La note maximale a été attribuée au candidat présentant le prix le plus bas. L’étude des prix a été faite par application des prix unitaires multipliés par les quantités estimatives annuelles de pains et viennoiseries pour chaque site.', 'Le critère technique a été évalué en attribuant 20 points pour chacun des sous critères suivants : les échantillons et la livraison le weekend.'];['prix', 'technique'];[70.0, 30.0];270.0;True;663761.74;False;{'StreetName': '1, Boulevard du XXème Corps ', 'CityName': 'THIONVILLE', 'PostalZone': '57100', 'NUTS': 'FRF33', 'Country': 'FRA'};sans remise en concurrence;;26-89904;;98004.8;101274.62;LOT-0002;15811000;2032000.0;5;1.0;;Approvisionnement en pains et viennoiseries à l'état frais au profit des restaurants des cercles de Metz, Thionville, Lunéville, Toul et Ochey;ouverte;DAF_2025_001199;3.0;;;True;False;False;;;;;;<NA>;<NA>;<NA>;5710.0;SAS, société par actions simplifiée;20  à  49;False;<NA>;2008;C;10;10.7;10.71;10.71C;2003-10-13;(49.261255, 6.09424);Clouange;Moselle;Grand Est;;;;;;;;;;;;
False;;;True;True;False;attribue;{'StreetName': '14 RUE DE HAM', 'AdditionalStreetName': None, 'CityName': 'HAM-SOUS-VARSBERG', 'PostalZone': '57880', 'Country': 'FRA'};800725962;True;LE PAIN CROUSTILLANT;LE PAIN CROUSTILLANT;2026-09-18;{'StreetName': 'PLATE-FORME COMMISSARIAT EST', 'AdditionalStreetName': 'DIVISION ACHATS PUBLICS', 'CityName': 'METZ CEDEX 1', 'PostalZone': '57044', 'Country': 'FRA'};130015357;True;;Plate-Forme Commissariat Est PLATE-FORME COMMISSARIAT EST;;2026-09-01+02:00;fournitures;['Le prix a été noté sur 20 points. La note maximale a été attribuée au candidat présentant le prix le plus bas. L’étude des prix a été faite par application des prix unitaires multipliés par les quantités estimatives annuelles de pains et viennoiseries pour chaque site.', 'Le critère technique a été évalué en attribuant 20 points pour chacun des sous critères suivants : les échantillons et la livraison le weekend.'];['prix', 'technique'];[70.0, 30.0];270.0;True;663761.74;False;{'StreetName': 'Quartier Treuille de Beaulieu', 'CityName': 'LUNEVILLE', 'PostalZone': '54300', 'NUTS': 'FRF31', 'Country': 'FRA'};sans remise en concurrence;;26-89904;;145600.0;145886.4;LOT-0003;15811000;2032000.0;5;1.0;;Approvisionnement en pains et viennoiseries à l'état frais au profit des restaurants des cercles de Metz, Thionville, Lunéville, Toul et Ochey;ouverte;DAF_2025_001199;3.0;;;True;False;False;;;;;;<NA>;<NA>;<NA>;5710.0;SAS, société par actions simplifiée;20  à  49;False;<NA>;2008;C;10;10.7;10.71;10.71C;2014-03-01;(49.191825, 6.662844);Ham-sous-Varsberg;Moselle;Grand Est;;;;;;;;;;;;
False;;;True;True;False;attribue;{'StreetName': '14 RUE DE HAM', 'AdditionalStreetName': None, 'CityName': 'HAM-SOUS-VARSBERG', 'PostalZone': '57880', 'Country': 'FRA'};800725962;True;LE PAIN CROUSTILLANT;LE PAIN CROUSTILLANT;2026-09-18;{'StreetName': 'PLATE-FORME COMMISSARIAT EST', 'AdditionalStreetName': 'DIVISION ACHATS PUBLICS', 'CityName': 'METZ CEDEX 1', 'PostalZone': '57044', 'Country': 'FRA'};130015357;True;;Plate-Forme Commissariat Est PLATE-FORME COMMISSARIAT EST;;2026-09-01+02:00;fournitures;['Le prix a été noté sur 20 points. La note maximale a été attribuée au candidat présentant le prix le plus bas. L’étude des prix a été faite par application des prix unitaires multipliés par les quantités estimatives annuelles de pains et viennoiseries pour chaque site.', 'Le critère technique a été évalué en attribuant 20 points pour chacun des sous critères suivants : les échantillons et la livraison le weekend.'];['prix', 'technique'];[70.0, 30.0];270.0;True;663761.74;False;{'StreetName': 'Quartier Fabvier', 'CityName': 'Ecrouves', 'PostalZone': '54201', 'NUTS': 'FRF31', 'Country': 'FRA'};sans remise en concurrence;;26-89904;;57936.0;52376.54;LOT-0004;15811000;2032000.0;5;1.0;;Approvisionnement en pains et viennoiseries à l'état frais au profit des restaurants des cercles de Metz, Thionville, Lunéville, Toul et Ochey;ouverte;DAF_2025_001199;3.0;;;True;False;False;;;;;;<NA>;<NA>;<NA>;5710.0;SAS, société par actions simplifiée;20  à  49;False;<NA>;2008;C;10;10.7;10.71;10.71C;2014-03-01;(49.191825, 6.662844);Ham-sous-Varsberg;Moselle;Grand Est;;;;;;;;;;;;
False;;;True;True;False;attribue;{'StreetName': '14 RUE DE HAM', 'AdditionalStreetName': None, 'CityName': 'HAM-SOUS-VARSBERG', 'PostalZone': '57880', 'Country': 'FRA'};800725962;True;LE PAIN CROUSTILLANT;LE PAIN CROUSTILLANT;2026-09-18;{'StreetName': 'PLATE-FORME COMMISSARIAT EST', 'AdditionalStreetName': 'DIVISION ACHATS PUBLICS', 'CityName': 'METZ CEDEX 1', 'PostalZone': '57044', 'Country': 'FRA'};130015357;True;;Plate-Forme Commissariat Est PLATE-FORME COMMISSARIAT EST;;2026-09-01+02:00;fournitures;['Le prix a été noté sur 20 points. La note maximale a été attribuée au candidat présentant le prix le plus bas. L’étude des prix a été faite par application des prix unitaires multipliés par les quantités estimatives annuelles de pains et viennoiseries pour chaque site.', 'Le critère technique a été évalué en attribuant 20 points pour chacun des sous critères suivants : les échantillons et la livraison le weekend.'];['prix', 'technique'];[70.0, 30.0];270.0;True;663761.74;False;{'StreetName': 'Base aérienne 133', 'CityName': 'TOUL', 'PostalZone': '54201', 'NUTS': 'FRF31', 'Country': 'FRA'};sans remise en concurrence;;26-89904;;141720.0;166312.87;LOT-0005;15811000;2032000.0;5;1.0;;Approvisionnement en pains et viennoiseries à l'état frais au profit des restaurants des cercles de Metz, Thionville, Lunéville, Toul et Ochey;ouverte;DAF_2025_001199;3.0;;;True;False;False;;;;;;<NA>;<NA>;<NA>;5710.0;SAS, société par actions simplifiée;20  à  49;False;<NA>;2008;C;10;10.7;10.71;10.71C;2014-03-01;(49.191825, 6.662844);Ham-sous-Varsberg;Moselle;Grand Est;;;;;;;;;;;;
False;;;True;False;False;attribue;{'StreetName': None, 'AdditionalStreetName': None, 'CityName': 'heudincourt', 'PostalZone': '27860', 'Country': 'FRA'};841767478;True;TCAP ENERGIE;TCAP ENERGIES;2026-09-18;{'StreetName': '9 rue Henri Breuil', 'AdditionalStreetName': None, 'CityName': 'Clermont', 'PostalZone': '60600', 'Country': 'FRA'};246000376;True;COMMUNAUTE DE COMMUNES DU CLERMONTOIS;CC du Clermontois;;;services;['Prix des prestations et décomposition détaillées des prix', 'Valeur technique apprécié au regard de la qualité et de la pertinence du mémoire technique qui décrira les différentes procédures et moyens humains mis en œuvre pour l’exécution du marché,'];['prix', 'social'];;1440.0;False;0.0;False;{'StreetName': 'Communauté de communes du Clermontois', 'CityName': 'Clermont', 'PostalZone': '60600', 'NUTS': 'FRE22', 'Country': 'FRA'};;;26-89939;;360000.0;360000.0;LOT-0002;50720000;;1;4.0;;Accord-cadre à bons de commandes -  Maintenance, Exploitation et Entretien des installations de chauffage, de ventilation, de rafraîchissement et de plomberie des bâtiments de la Communauté de comm...;ouverte;2026-10;;;;False;False;False;360000.0;7346.0;Communauté de communes ;100  à  199;<NA>;1980-04-25;84.11Z;2008;5710.0;SAS, société par actions simplifiée;10  à  19;<NA>;<NA>;2008;D;35;35.3;35.3;35.30Z;2018-09-01;;Audincourt;Doubs;Bourgogne-Franche-Comté;(49.384821, 2.409461);Clermont;Oise;Hauts-de-France;;;;;;;;
False;['45232420'];;True;False;False;attribue;{'StreetName': '75 rue des Longues Rayes', 'AdditionalStreetName': None, 'CityName': 'Lacroix-Saint-Ouen', 'PostalZone': '60610', 'Country': 'FRA'};['389074261', '504982406', '381818558', '495147092'];False;;Groupement HYDREA / PINTO / LHOTELLIER TP / OSTINATO;2026-09-18;{'StreetName': '6 rue Bertinot Juel', 'AdditionalStreetName': 'Espace Vexin Thelle n° 5', 'CityName': 'Chaumont En Vexin', 'PostalZone': '60240', 'Country': 'FRA'};246000707;False;COMMUNAUTE DE COMMUNES DU VEXIN THELLE;COMMUNAUTE DE COMMUNES DU VEXIN THELLE;;2026-09-01+02:00;travaux;"[""Valeur technique de l'offre"", 'Critères environnementaux', ""Coût d'utilisation""]";['technique', 'environnemental', 'prix'];[41.0, 5.0, 54.0];660.0;False;;False;;;;26-90059;;4772100.0;;LOT-0000;45232420;;1;4.0;;Travaux de reconstruction de la station d'épuration de Chaumont en Vexin;ouverte;64975 / 26-120;;;;False;False;False;4772100.0;7346.0;Communauté de communes ;20  à  49;False;1993-12-09;84.11Z;2008;;;;;;<NA>;;;;;<NA>;<NA>;(49.356159, 2.772192);Lacroix-Saint-Ouen;Oise;Hauts-de-France;(49.267875, 1.888985);Chaumont-en-Vexin;Oise;Hauts-de-France;;;;;;;;
False;;;True;True;False;attribue;{'StreetName': '29B ROUTE DE CHAMVRES', 'AdditionalStreetName': None, 'CityName': 'JOIGNY', 'PostalZone': '89300', 'Country': 'FRA'};507250223;True;SAS BERTRAND;SAS BERTRAND;2026-09-18;{'StreetName': 'CSTA RUE SAINTE CATHERINE', 'AdditionalStreetName': None, 'CityName': 'Nancy', 'PostalZone': '54000', 'Country': 'FRA'};151000031;True;;Centre de soutien technique et administratif;;;services;['montant des prestations', 'critère technique'];['prix', 'technique'];;360.0;False;2976500.0;False;{'StreetName': None, 'CityName': None, 'PostalZone': None, 'NUTS': 'FRF33', 'Country': 'FRA'};sans remise en concurrence;;26-90101;;7899.0;;LOT-0001;90000000;;6;3.0;;Nettoyage, dégazage de capacités/réseaux divers avec destruction des déchets et pompage d'autres déchets ou eau (regards chambres à vannes/bouches des hydrants system) dans les établissements du SEO..;ouverte;DAF_2025_000251;3.0;;;False;False;False;45727.0;;;;;<NA>;<NA>;<NA>;5710.0;SAS, société par actions simplifiée;10  à  19;False;<NA>;2008;E;37;37.0;37.0;37.00Z;1972-01-01;(47.972115, 3.383926);Joigny;Yonne;Bourgogne-Franche-Comté;(48.694583, 6.186618);Nancy;Meurthe-et-Moselle;Grand Est;;;;;;;;
False;;;True;True;False;attribue;{'StreetName': '29B ROUTE DE CHAMVRES', 'AdditionalStreetName': None, 'CityName': 'JOIGNY', 'PostalZone': '89300', 'Country': 'FRA'};507250223;True;SAS BERTRAND;SAS BERTRAND;2026-09-18;{'StreetName': 'CSTA RUE SAINTE CATHERINE', 'AdditionalStreetName': None, 'CityName': 'Nancy', 'PostalZone': '54000', 'Country': 'FRA'};151000031;True;;Centre de soutien technique et administratif;;;services;['montant des prestations', 'critère technique'];['prix', 'technique'];;360.0;False;2976500.0;False;{'StreetName': None, 'CityName': None, 'PostalZone': None, 'NUTS': 'FRF31', 'Country': 'FRA'};avec remise en concurrence;;26-90101;;7646.0;;LOT-0002;90000000;;6;3.0;;Nettoyage, dégazage de capacités/réseaux divers avec destruction des déchets et pompage d'autres déchets ou eau (regards chambres à vannes/bouches des hydrants system) dans les établissements du SEO..;ouverte;DAF_2025_000251;3.0;;;False;False;False;45727.0;;;;;<NA>;<NA>;<NA>;5710.0;SAS, société par actions simplifiée;10  à  19;False;<NA>;2008;E;37;37.0;37.0;37.00Z;1972-01-01;(47.972115, 3.383926);Joigny;Yonne;Bourgogne-Franche-Comté;(48.694583, 6.186618);Nancy;Meurthe-et-Moselle;Grand Est;;;;;;;;
False;;;True;True;False;attribue;{'StreetName': 'Parc de Pichaury - 550 Rue Pierre Berthier', 'AdditionalStreetName': None, 'CityName': 'Aix-en-Provence', 'PostalZone': '13290', 'Country': 'FRA'};389675018;True;ORTEC ENVIRONNEMENT;ORTEC ENVIRONNEMENT;2026-09-18;{'StreetName': 'CSTA RUE SAINTE CATHERINE', 'AdditionalStreetName': None, 'CityName': 'Nancy', 'PostalZone': '54000', 'Country': 'FRA'};151000031;True;;Centre de soutien technique et administratif;;;services;['Montant des prestations', 'critère technique'];['prix', 'technique'];;360.0;False;2976500.0;False;{'StreetName': None, 'CityName': None, 'PostalZone': None, 'NUTS': 'FRH02', 'Country': 'FRA'};sans remise en concurrence;;26-90101;;7292.0;;LOT-0003;90000000;;6;3.0;;Nettoyage, dégazage de capacités/réseaux divers avec destruction des déchets et pompage d'autres déchets ou eau (regards chambres à vannes/bouches des hydrants system) dans les établissements du SEO..;ouverte;DAF_2025_000251;3.0;;;False;False;False;45727.0;;;;;<NA>;<NA>;<NA>;5710.0;SAS, société par actions simplifiée;1 000  à  1 999;False;False;2008;E;38;38.1;38.11;38.11Z;1993-01-01;(43.477556, 5.374893);Aix-en-Provence;Bouches-du-Rhône;Provence-Alpes-Côte d'Azur;(48.694583, 6.186618);Nancy;Meurthe-et-Moselle;Grand Est;;;;;;;;
False;;;True;True;False;attribue;{'StreetName': 'Parc de Pichaury - 550 Rue Pierre Berthier', 'AdditionalStreetName': None, 'CityName': 'Aix-en-Provence', 'PostalZone': '13290', 'Country': 'FRA'};389675018;True;ORTEC ENVIRONNEMENT;ORTEC ENVIRONNEMENT;2026-09-18;{'StreetName': 'CSTA RUE SAINTE CATHERINE', 'AdditionalStreetName': None, 'CityName': 'Nancy', 'PostalZone': '54000', 'Country': 'FRA'};151000031;True;;Centre de soutien technique et administratif;;;services;['montant des prestations', 'critère technique'];['prix', 'technique'];;360.0;False;2976500.0;False;{'StreetName': None, 'CityName': None, 'PostalZone': None, 'NUTS': 'FRI31', 'Country': 'FRA'};sans remise en concurrence;;26-90101;;7450.0;;LOT-0004;90000000;;6;3.0;;Nettoyage, dégazage de capacités/réseaux divers avec destruction des déchets et pompage d'autres déchets ou eau (regards chambres à vannes/bouches des hydrants system) dans les établissements du SEO..;ouverte;DAF_2025_000251;3.0;;;False;False;False;45727.0;;;;;<NA>;<NA>;<NA>;5710.0;SAS, société par actions simplifiée;1 000  à  1 999;False;False;2008;E;38;38.1;38.11;38.11Z;1993-01-01;(43.477556, 5.374893);Aix-en-Provence;Bouches-du-Rhône;Provence-Alpes-Côte d'Azur;(48.694583, 6.186618);Nancy;Meurthe-et-Moselle;Grand Est;;;;;;;;
False;;;True;True;False;attribue;{'StreetName': 'Parc de Pichaury - 550 Rue Pierre Berthier', 'AdditionalStreetName': None, 'CityName': 'Aix-en-Provence', 'PostalZone': '13290', 'Country': 'FRA'};389675018;True;ORTEC ENVIRONNEMENT;ORTEC ENVIRONNEMENT;2026-09-18;{'StreetName': 'CSTA RUE SAINTE CATHERINE', 'AdditionalStreetName': None, 'CityName': 'Nancy', 'PostalZone': '54000', 'Country': 'FRA'};151000031;True;;Centre de soutien technique et administratif;;;services;['montant des prestations', 'critère technique'];['prix', 'technique'];;360.0;False;2976500.0;False;{'StreetName': None, 'CityName': None, 'PostalZone': None, 'NUTS': 'FRL04', 'Country': 'FRA'};sans remise en concurrence;;26-90101;;7323.0;;LOT-0005;90000000;;6;4.0;;Nettoyage, dégazage de capacités/réseaux divers avec destruction des déchets et pompage d'autres déchets ou eau (regards chambres à vannes/bouches des hydrants system) dans les établissements du SEO..;ouverte;DAF_2025_000251;3.0;;;False;False;False;45727.0;;;;;<NA>;<NA>;<NA>;5710.0;SAS, société par actions simplifiée;1 000  à  1 999;False;False;2008;E;38;38.1;38.11;38.11Z;1993-01-01;(43.477556, 5.374893);Aix-en-Provence;Bouches-du-Rhône;Provence-Alpes-Côte d'Azur;(48.694583, 6.186618);Nancy;Meurthe-et-Moselle;Grand Est;;;;;;;;
False;;;True;True;False;attribue;{'StreetName': 'ZA DE FOLELLI', 'AdditionalStreetName': None, 'CityName': 'PENTA DI CASINCA', 'PostalZone': '20213', 'Country': 'FRA'};499606707;True;;CORSE PETROLE NETTOYAGE;2026-09-18;{'StreetName': 'CSTA RUE SAINTE CATHERINE', 'AdditionalStreetName': None, 'CityName': 'Nancy', 'PostalZone': '54000', 'Country': 'FRA'};151000031;True;;Centre de soutien technique et administratif;;;services;['montant des prestations', 'critère technique'];['prix', 'technique'];;360.0;False;2976500.0;False;{'StreetName': None, 'CityName': None, 'PostalZone': None, 'NUTS': 'FRM01', 'Country': 'FRA'};sans remise en concurrence;;26-90101;;8115.0;;LOT-0006;90000000;;6;1.0;;Nettoyage, dégazage de capacités/réseaux divers avec destruction des déchets et pompage d'autres déchets ou eau (regards chambres à vannes/bouches des hydrants system) dans les établissements du SEO..;ouverte;DAF_2025_000251;3.0;;;False;False;False;45727.0;;;;;<NA>;<NA>;<NA>;;;;;;<NA>;;;;;<NA>;<NA>;(42.459914, 9.501147);Penta-di-Casinca;Haute-Corse;Corse;(48.694583, 6.186618);Nancy;Meurthe-et-Moselle;Grand Est;;;;;;;;
False;;;True;True;False;attribue;{'StreetName': None, 'AdditionalStreetName': None, 'CityName': 'Nîmes', 'PostalZone': '30900', 'Country': 'FRA'};534210554;True;GROUPE ECS;GROUPE ECS;2026-09-18;{'StreetName': '1 Rue du Colisée - Colisée 2', 'AdditionalStreetName': None, 'CityName': 'Nîmes', 'PostalZone': '30947', 'Country': 'FRA'};213001894;True;COMMUNE DE NIMES;Ville de Nîmes;;;services;"['Prix des prestations : 40%', ""Valeur technique de l'offre : 60%""]";['prix', 'technique'];[40.0, 60.0];1440.0;False;;False;{'StreetName': None, 'CityName': None, 'PostalZone': None, 'NUTS': 'FRJ12', 'Country': 'FRA'};sans remise en concurrence;;26-90366;;7249366.0;;LOT-0001;90919300;1920000.0;4;4.0;4.0;Nettoiement des locaux scolaires, des accueils de loisirs sans hébergement, des conservatoires de musique et des maisons de quartier;ouverte;26S016KM;3.0;;;False;False;False;;7210.0;Commune et commune nouvelle ;2 000  à  4 999;False;1982-01-01;84.11Z;2008;5710.0;SAS, société par actions simplifiée;6  à  9;False;<NA>;2008;K;64;64.2;64.2;64.20Z;2011-08-04;;Nîmes;Gard;Occitanie;(43.820417, 4.357143);Nîmes;Gard;Occitanie;;;;;;;;
False;;;True;True;False;attribue;{'StreetName': None, 'AdditionalStreetName': None, 'CityName': 'Nîmes', 'PostalZone': '30900', 'Country': 'FRA'};534210554;True;GROUPE ECS;GROUPE ECS;2026-09-18;{'StreetName': '1 Rue du Colisée - Colisée 2', 'AdditionalStreetName': None, 'CityName': 'Nîmes', 'PostalZone': '30947', 'Country': 'FRA'};213001894;True;COMMUNE DE NIMES;Ville de Nîmes;;;services;"['Prix des prestations : 40%', ""Valeur technique de l'offre : 60%""]";['prix', 'technique'];[40.0, 60.0];1440.0;False;;False;{'StreetName': None, 'CityName': None, 'PostalZone': None, 'NUTS': 'FRJ12', 'Country': 'FRA'};sans remise en concurrence;;26-90366;;7280229.0;;LOT-0002;90919300;1920000.0;4;3.0;3.0;Nettoiement des locaux scolaires, des accueils de loisirs sans hébergement, des conservatoires de musique et des maisons de quartier;ouverte;26S016KM;3.0;;;False;False;False;;7210.0;Commune et commune nouvelle ;2 000  à  4 999;False;1982-01-01;84.11Z;2008;5710.0;SAS, société par actions simplifiée;6  à  9;False;<NA>;2008;K;64;64.2;64.2;64.20Z;2011-08-04;;Nîmes;Gard;Occitanie;(43.820417, 4.357143);Nîmes;Gard;Occitanie;;;;;;;;
False;;;True;True;False;attribue;{'StreetName': None, 'AdditionalStreetName': None, 'CityName': 'Castelnau le Lez', 'PostalZone': '34171', 'Country': 'FRA'};343952859;True;SUD SERVICE SAS;SUD SERVICE;2026-09-18;{'StreetName': '1 Rue du Colisée - Colisée 2', 'AdditionalStreetName': None, 'CityName': 'Nîmes', 'PostalZone': '30947', 'Country': 'FRA'};213001894;True;COMMUNE DE NIMES;Ville de Nîmes;;;services;"['Prix des prestations : 40%', ""Valeur technique de l'offre : 60%""]";['prix', 'technique'];[40.0, 60.0];1440.0;False;;False;{'StreetName': None, 'CityName': None, 'PostalZone': None, 'NUTS': 'FRJ12', 'Country': 'FRA'};sans remise en concurrence;;26-90366;;1639419.0;;LOT-0003;90919300;1920000.0;4;1.0;1.0;Nettoiement des locaux scolaires, des accueils de loisirs sans hébergement, des conservatoires de musique et des maisons de quartier;ouverte;26S016KM;3.0;;;False;False;False;;7210.0;Commune et commune nouvelle ;2 000  à  4 999;False;1982-01-01;84.11Z;2008;5710.0;SAS, société par actions simplifiée;2 000  à  4 999;False;False;2008;N;81;81.2;81.21;81.21Z;1988-02-01;;Castelnau-le-Lez;Hérault;Occitanie;(43.820417, 4.357143);Nîmes;Gard;Occitanie;;;;;;;;
False;;;True;True;False;attribue;{'StreetName': None, 'AdditionalStreetName': None, 'CityName': 'Nîmes', 'PostalZone': '30900', 'Country': 'FRA'};500222708;True;EUREKA;EUREKA;2026-09-18;{'StreetName': '1 Rue du Colisée - Colisée 2', 'AdditionalStreetName': None, 'CityName': 'Nîmes', 'PostalZone': '30947', 'Country': 'FRA'};213001894;True;COMMUNE DE NIMES;Ville de Nîmes;;;services;"['Prix des prestations : 40%', ""Valeur technique de l'offre : 60%""]";['prix', 'technique'];[40.0, 60.0];1440.0;False;;False;{'StreetName': None, 'CityName': None, 'PostalZone': None, 'NUTS': 'FRJ12', 'Country': 'FRA'};sans remise en concurrence;;26-90366;;451635.0;;LOT-0004;90919300;1920000.0;4;2.0;2.0;Nettoiement des locaux scolaires, des accueils de loisirs sans hébergement, des conservatoires de musique et des maisons de quartier;ouverte;26S016KM;3.0;;;False;False;False;;7210.0;Commune et commune nouvelle ;2 000  à  4 999;False;1982-01-01;84.11Z;2008;5499.0;Société à responsabilité limitée (sans autre indication);20  à  49;False;<NA>;2008;N;81;81.2;81.21;81.21Z;2007-09-06;;Nîmes;Gard;Occitanie;(43.820417, 4.357143);Nîmes;Gard;Occitanie;;;;;;;;
False;['50531300', '50700000', '50730000'];;True;False;False;attribue;{'StreetName': '1 RUE DES ENTREPRISES', 'AdditionalStreetName': None, 'CityName': 'MIGNE-AUXANCES', 'PostalZone': '86440', 'Country': 'FRA'};538700022;True;SPIE FACILITIES;SAS SPIE Facilities;2026-09-18;{'StreetName': '23 avenue Albert Einstein', 'AdditionalStreetName': None, 'CityName': 'La Rochelle', 'PostalZone': '17031', 'Country': 'FRA'};191700327;True;LA ROCHELLE UNIVERSITE;Université de La Rochelle;;;services;"[""Valeur technique de l'offre"", 'Prix', 'Délais d’exécution et de livraison', 'Critères environnementaux']";['technique', 'prix', 'delai', 'environnemental'];[53.0, 35.0, 10.0, 2.0];1440.0;False;;False;;sans remise en concurrence;;26-90063;;719601.2;;LOT-0001;50531100;1000000.0;1;6.0;;Exploitation et maintenance des installations de chauffage, de ventilation et de rafraichissement de La Rochelle Université;ouverte;PPP25Q-53/6085/2026.00018.00.17.00;3.0;;;False;False;False;719601.2;7383.0;Établissement public national à caractère scientifique culturel et professionnel ;1 000  à  1 999;False;1993-01-28;85.42Z;2008;5710.0;SAS, société par actions simplifiée;2 000  à  4 999;False;<NA>;2008;F;43;43.2;43.21;43.21A;2011-12-19;(46.614595, 0.309091);Migné-Auxances;Vienne;Nouvelle-Aquitaine;(46.148176, -1.154897);La Rochelle;Charente-Maritime;Nouvelle-Aquitaine;;;;;;;;
False;;;True;False;False;attribue;{'StreetName': '120 Bd Amiral Mouchez ', 'AdditionalStreetName': None, 'CityName': 'Le Havre', 'PostalZone': ' 76600 ', 'Country': 'FRA'};481595288;True;COCO ARCHITECTURE;COCO ARCHITECTURE;2026-09-18;{'StreetName': 'AVENUE DE LA COTE DE NACRE', 'AdditionalStreetName': None, 'CityName': 'CAEN CEDEX 9', 'PostalZone': '14033', 'Country': 'FRA'};261400931;True;CENTRE HOSPITALIER UNIVERSITAIRE DE CAEN NORMANDIE;CHU CAEN;;2026-08-24+02:00;services;"[""1. Qualité de l'approche fonctionnelle (25%) - Qualité technique et Environnementale (25%) - Qualité de l'approche architecturale (20%) - Délai de l’opération (10%)"", 'Maîtrise des coûts du projet (20%)']";['environnemental', 'prix'];;;False;704000.0;False;{'StreetName': None, 'CityName': 'Lisieux', 'PostalZone': '14100', 'NUTS': 'FRD11', 'Country': 'FRA'};;;26-89931;;844800.0;;LOT-0001;71200000;;1;3.0;;Concours restreint de maîtrise d’œuvre sur ESQUISSE pour la Réhabilitation et l’extension de l’IFPS du Centre Hospitalier de Lisieux;autre;2026 0 005 001 000;;;;True;False;False;844800.0;7364.0;Établissement d'hospitalisation ;5 000  à  9 999;False;1983-03-01;86.10Z;2008;5499.0;Société à responsabilité limitée (sans autre indication);10  à  19;False;<NA>;2008;M;71;71.1;71.11;71.11Z;2005-03-24;(49.487421, 0.146091);Le Havre;Seine-Maritime;Normandie;(49.199977, -0.360767);Caen;Calvados;Normandie;;;;;;;;
False;['45111000'];;True;False;False;attribue;{'StreetName': '317chemin des Bruyères', 'AdditionalStreetName': None, 'CityName': 'Saint Didier De Formans', 'PostalZone': '01600', 'Country': 'FRA'};344181474;False;GIMET OPTIQUE;GIMET SAS;2026-09-18;{'StreetName': '45, avenue Alsace-Lorraine Cs10114', 'AdditionalStreetName': None, 'CityName': 'Bourg-en-Bresse', 'PostalZone': '01003', 'Country': 'FRA'};220100010;False;DEPARTEMENT DE L AIN;Département de l'Ain;;2026-08-17+02:00;travaux;['Valeur technique', 'Critère environnemental', 'Prix des prestations'];['technique', 'environnemental', 'prix'];[40.0, 10.0, 50.0];30.0;True;;False;;;;26-89969;;18900.0;;LOT-0000;45111000;;1;1.0;;Refonte de la scénographie du Domaine des Saveurs - Lot 1 : Dépose / démolition de la scénographie de la grande halle du Domaine des Saveurs - Les Planons;ouverte;2026083A;;;;False;True;False;18900.0;7220.0;Département ;2 000  à  4 999;False;1983-03-01;84.11Z;2008;5710.0;SAS, société par actions simplifiée;10  à  19;False;<NA>;2008;G;47;47.7;47.78;47.78A;1988-01-01;(45.947764, 4.791897);Saint-Didier-de-Formans;Ain;Auvergne-Rhône-Alpes;(46.202569, 5.221891);Bourg-en-Bresse;Ain;Auvergne-Rhône-Alpes;;;;;;;;
False;['30163100'];;True;False;False;attribue;{'StreetName': '72 Rue Du Faubourg Saint-Honore', 'AdditionalStreetName': None, 'CityName': 'Paris', 'PostalZone': '75008', 'Country': 'FRA'};818620783;False;MOONGROUP;MOONGROUP;2026-09-18;{'StreetName': '143 Avenue du Brezet', 'AdditionalStreetName': 'Cs 90280', 'CityName': 'Clermont Ferrand', 'PostalZone': '63008', 'Country': 'FRA'};784656423;False;AMBASSADE REPUBLIQUE ALGERIENNE DEMO POP;SDIS 63;;2026-09-21+02:00;fournitures;"['Valeur technique', ""Responsabilité Sociale de l'entreprise (Rse)"", 'Prix des prestations']";['technique', 'social', 'prix'];[60.0, 5.0, 35.0];;False;3200000.0;False;;sans remise en concurrence;;26-89699;;2752418.68;;LOT-0000;30163100;2752418.68;1;5.0;;FOURNITURE DE CARTES ACCREDITIVES MULTI-ENSEIGNES POUR CARBURANTS ET SERVICES ANNEXES POUR LE SERVICE DÉPARTEMENTAL D'INCENDIE ET DE SECOURS DU PUY-DE-DÔME;ouverte;26SD08;3.0;;;False;False;False;2752418.68;3210.0;État, collectivité ou établissement public étranger;250  à  499;<NA>;1900-01-01;99.00Z;2008;5710.0;SAS, société par actions simplifiée;100  à  199;False;<NA>;2008;J;58;58.2;58.29;58.29C;2016-03-01;(48.870273, 2.317957);Paris;Paris;Île-de-France;(45.77894, 3.154615);Clermont-Ferrand;Puy-de-Dôme;Auvergne-Rhône-Alpes;;;;;;;;
False;['64121100'];;True;False;False;attribue;{'StreetName': '9 Rue Du Colonel Pierre Avia', 'AdditionalStreetName': None, 'CityName': 'Paris 15', 'PostalZone': '75015', 'Country': 'FRA'};356000000;False;LA POSTE;LA POSTE;2026-09-18;{'StreetName': '24, rue Saint Esprit', 'AdditionalStreetName': None, 'CityName': 'Clermont-Ferrand', 'PostalZone': '63033', 'Country': 'FRA'};226300010;False;DEPARTEMENT DU PUY DE DOME;Département du Puy-de-Dôme;;2026-09-01+02:00;services;"[""Valeur technique de l'offre"", 'Prix']";['technique', 'prix'];[70.0, 30.0];360.0;True;384000.0;False;{'StreetName': '24, rue Saint Esprit', 'CityName': 'Clermont-Ferrand', 'PostalZone': '63033', 'NUTS': 'FRK14', 'Country': 'FRA'};sans remise en concurrence;;26-90060;;300000.0;;LOT-0000;64121100;300000.0;1;2.0;;"Distribution du magazine ""Puy-de-Dôme en mouvement""";ouverte;2026-COM-0003;3.0;;;False;True;False;300000.0;7220.0;Département ;2 000  à  4 999;False;1982-01-01;84.11Z;2008;5510.0;SA nationale à conseil d'administration ;10 000  et plus ;False;False;2008;H;53;53.1;53.1;53.10Z;1991-01-01;(48.830428, 2.275337);Paris;Paris;Île-de-France;(45.776248, 3.085147);Clermont-Ferrand;Puy-de-Dôme;Auvergne-Rhône-Alpes;;;;;;;;
False;;;False;True;False;attribue;{'StreetName': None, 'AdditionalStreetName': None, 'CityName': 'LE PORT', 'PostalZone': '97420', 'Country': 'FRA'};349186601;True;SGM LOCATION DE VOITURES;AVIS - SGM LOCATION DE VOITURE;2026-09-18;{'StreetName': '24 rue de la source', 'AdditionalStreetName': 'CS11048', 'CityName': 'SAINT-DENIS CEDEX', 'PostalZone': '97404', 'Country': 'FRA'};189741119;True;CHAMBRE D'AGRICULTURE DE LA REUNION;Chambre Agriculture de la Réunion;;;fournitures;"[""Montant global et forfaitaire de l'offre""]";['prix'];[100];1095.0;False;;False;{'StreetName': None, 'CityName': None, 'PostalZone': None, 'NUTS': 'FRY40', 'Country': 'FRA'};;;26-90046;;43465.0;;LOT-0001;34100000;;4;4.0;;MARCHE DE FOURNITURE DE VEHICULES EN LOCATION LONGUE DUREE;ouverte;;;;;False;False;False;619361.0;7381.0;Organisme consulaire ;100  à  199;False;1983-01-01;94.11Z;2008;5710.0;SAS, société par actions simplifiée;20  à  49;False;<NA>;2008;N;77;77.1;77.11;77.11A;1989-01-01;;Pornic;Loire-Atlantique;Pays de la Loire;;;;;;;;;;;;
False;;;False;True;False;attribue;{'StreetName': None, 'AdditionalStreetName': None, 'CityName': 'SAINT PIERRE', 'PostalZone': '97410', 'Country': 'FRA'};824959530;True;WEIN LEASE;WEIN LEASE;2026-09-18;{'StreetName': '24 rue de la source', 'AdditionalStreetName': 'CS11048', 'CityName': 'SAINT-DENIS CEDEX', 'PostalZone': '97404', 'Country': 'FRA'};189741119;True;CHAMBRE D'AGRICULTURE DE LA REUNION;Chambre Agriculture de la Réunion;;;fournitures;"[""Montant global et forfaitaire de l'offre""]";['prix'];[100];1095.0;False;;False;{'StreetName': None, 'CityName': None, 'PostalZone': None, 'NUTS': 'FRY40', 'Country': 'FRA'};;;26-90046;;215785.0;;LOT-0002;34100000;;4;4.0;;MARCHE DE FOURNITURE DE VEHICULES EN LOCATION LONGUE DUREE;ouverte;;;;;False;False;False;619361.0;7381.0;Organisme consulaire ;100  à  199;False;1983-01-01;94.11Z;2008;5499.0;Société à responsabilité limitée (sans autre indication);6  à  9;False;<NA>;2008;N;77;77.1;77.11;77.11B;2017-01-03;;Thionville;Moselle;Grand Est;;;;;;;;;;;;
False;;;False;True;False;attribue;{'StreetName': None, 'AdditionalStreetName': None, 'CityName': 'SAINT DENIS', 'PostalZone': '97490', 'Country': 'FRA'};448647388;True;M.A RUN;M.A RUN;2026-09-18;{'StreetName': '24 rue de la source', 'AdditionalStreetName': 'CS11048', 'CityName': 'SAINT-DENIS CEDEX', 'PostalZone': '97404', 'Country': 'FRA'};189741119;True;CHAMBRE D'AGRICULTURE DE LA REUNION;Chambre Agriculture de la Réunion;;;fournitures;"[""Montant global et forfaitaire de l'offre""]";['prix'];[100];1095.0;False;;False;{'StreetName': None, 'CityName': None, 'PostalZone': None, 'NUTS': 'FRY40', 'Country': 'FRA'};;;26-90046;;360111.0;;LOT-0003;34100000;;4;4.0;;MARCHE DE FOURNITURE DE VEHICULES EN LOCATION LONGUE DUREE;ouverte;;;;;False;False;False;619361.0;7381.0;Organisme consulaire ;100  à  199;False;1983-01-01;94.11Z;2008;5499.0;Société à responsabilité limitée (sans autre indication);20  à  49;<NA>;<NA>;2008;N;77;77.1;77.11;77.11A;2003-06-15;;Saint-Denis;La Réunion;;;;;;;;;;;;;
False;;;False;True;False;non attribue;;;False;;;2026-09-18;{'StreetName': '24 rue de la source', 'AdditionalStreetName': 'CS11048', 'CityName': 'SAINT-DENIS CEDEX', 'PostalZone': '97404', 'Country': 'FRA'};189741119;True;CHAMBRE D'AGRICULTURE DE LA REUNION;Chambre Agriculture de la Réunion;;;fournitures;['Montant global et forfaitaire'];['prix'];[100];1095.0;False;;False;{'StreetName': None, 'CityName': None, 'PostalZone': None, 'NUTS': 'FRY40', 'Country': 'FRA'};;;26-90046;;;;LOT-0004;34100000;;4;1.0;;MARCHE DE FOURNITURE DE VEHICULES EN LOCATION LONGUE DUREE;ouverte;;;;;False;False;False;619361.0;7381.0;Organisme consulaire ;100  à  199;False;1983-01-01;94.11Z;2008;;;;;;<NA>;;;;;<NA>;<NA>;;;;;;;;;;;;;;;;
False;['30199770'];;True;False;False;attribue;{'StreetName': '561 Rue Georges Melies', 'AdditionalStreetName': None, 'CityName': 'Montpellier', 'PostalZone': '34000', 'Country': 'FRA'};824012173;False;SWILE;LUNCHR;2026-09-18;{'StreetName': 'Place de la Préfecture', 'AdditionalStreetName': None, 'CityName': 'Tours', 'PostalZone': '37927', 'Country': 'FRA'};223700014;False;DEPARTEMENT DE L'INDRE ET LOIRE;Conseil départemental d'Indre et Loire;;2026-09-01+02:00;fournitures;['Qualité technique (technologie de la carte et fonctionnalités de la solution dématérialisée 25 pts, moyens humains et organisationnels 25 pts, espaces des bénéficiaires et avantages annexes 25 pts)', 'Démarche sociale, environnementale et économique (volet environnemental 5 pts, engagements Rse 5 pts, protection des données Rgpd 5 pts)', 'Prix'];['social', 'environnemental & social', 'prix'];[75.0, 15.0, 10.0];720.0;True;1650000.0;False;;sans remise en concurrence;;26-89966;;;;LOT-0000;30199770;3330000.0;1;5.0;;Fournitures de titres restaurant pour le personnel du Conseil départemental d'Indre-et-Loire;ouverte;F2026_0008;2.0;;;False;True;False;;7220.0;Département ;2 000  à  4 999;False;1978-01-01;84.11Z;2008;5710.0;SAS, société par actions simplifiée;250  à  499;False;<NA>;2008;K;66;66.1;66.19;66.19B;2016-11-24;(43.605828, 3.920351);Montpellier;Hérault;Occitanie;(50.292481, 2.766359);Arras;Pas-de-Calais;Hauts-de-France;;;;;;;;
False;['45300000'];;True;False;False;attribue;{'StreetName': '11 Rue Des Ailes', 'AdditionalStreetName': None, 'CityName': 'Parcay-Meslay', 'PostalZone': '37210', 'Country': 'FRA'};501402457;False;SOGEA CENTRE;SOGEA CENTRE;2026-09-18;{'StreetName': '9 Rue Saint Pierre Lentin', 'AdditionalStreetName': None, 'CityName': 'Orleans', 'PostalZone': '45051', 'Country': 'FRA'};775501364;False;ORDRE DES EXPERTS COMPTABLES REGION CENTRE VAL DE LOIRE;REGION CENTRE-VAL DE LOIRE;;2026-06-08+02:00;travaux;"[""Valeur technique de l'offre"", 'Prix']";['technique', 'prix'];[60.0, 40.0];900.0;False;6613190.0;False;{'StreetName': '9 rue Saint Pierre Lentin', 'CityName': 'Orleans', 'PostalZone': '45041', 'NUTS': 'FRB06', 'Country': 'FRA'};;;26-89698;;7185686.0;;LOT-0000;45300000;;1;2.0;;"Marché de travaux pour la mise en conformité ""accessibilité"" de 19 sites du patrimoine régional selon la loi
n°2005-102 du 11 février 2005 et sur la base de l'AD'AP - Période 2
Procédure d'a";ouverte;T-PF-1797378;;;;False;False;False;7185686.0;8450.0;Ordre professionnel ou assimilé ;3  à  5;False;1900-01-01;94.12Z;2008;5710.0;SAS, société par actions simplifiée;100  à  199;False;<NA>;2008;F;41;41.2;41.2;41.20B;2007-11-30;(47.437291, 0.712433);Parçay-Meslay;Indre-et-Loire;Centre-Val de Loire;(47.901162, 1.909564);Orléans;Loiret;Centre-Val de Loire;;;;;;;;
False;['55521200'];;False;True;False;attribue;{'StreetName': '4 Mail De La Papoterie', 'AdditionalStreetName': None, 'CityName': 'Chambray-Les-Tours', 'PostalZone': '37170', 'Country': 'FRA'};442687679;False;CONVIVIO-LTR;CONVIVIO-LTR;2026-09-18;{'StreetName': '60 rue de la Concorde', 'AdditionalStreetName': None, 'CityName': 'Amboise', 'PostalZone': '37400', 'Country': 'FRA'};213700032;False;COMMUNE D'AMBOISE;MAIRIE D'AMBOISE;;;services;"[""Valeur technique de l'offre appréciée à l'aide du mémoire technique"", ""Valeur environnementale de l'offre du candidat"", 'Prix']";['technique', 'environnemental', 'prix'];[50.0, 10.0, 40.0];;True;;False;;sans remise en concurrence;;26-89965;;2800000.0;;LOT-0001;55521200;3280000.0;2;4.0;;Confection, livraison de repas et prestations associées pour les écoles de la  Ville d'Amboise, les accueils de loisirs sans hébergement et les structures  petite enfance de la Communauté de communes;ouverte;1498-26;3.0;;;False;True;False;;7210.0;Commune et commune nouvelle ;250  à  499;False;1978-01-01;84.11Z;2008;5710.0;SAS, société par actions simplifiée;200  à  249;False;False;2008;I;56;56.2;56.29;56.29A;2017-02-20;(47.337765, 0.736281);Chambray-lès-Tours;Indre-et-Loire;Centre-Val de Loire;(47.413209, 0.984493);Amboise;Indre-et-Loire;Centre-Val de Loire;;;;;;;;
False;['55521200'];;False;True;False;attribue;{'StreetName': '4 Mail De La Papoterie', 'AdditionalStreetName': None, 'CityName': 'Chambray-Les-Tours', 'PostalZone': '37170', 'Country': 'FRA'};442687679;False;CONVIVIO-LTR;CONVIVIO-LTR;2026-09-18;{'StreetName': '60 rue de la Concorde', 'AdditionalStreetName': None, 'CityName': 'Amboise', 'PostalZone': '37400', 'Country': 'FRA'};213700032;False;COMMUNE D'AMBOISE;MAIRIE D'AMBOISE;;;services;"[""Valeur technique de l'offre appréciée à l'aide du mémoire technique"", ""Valeur environnementale de l'offre du candidat"", 'Prix']";['technique', 'environnemental', 'prix'];[50.0, 10.0, 40.0];;True;;False;;sans remise en concurrence;;26-89965;;480000.0;;LOT-0002;55521200;3280000.0;2;3.0;;Confection, livraison de repas et prestations associées pour les écoles de la  Ville d'Amboise, les accueils de loisirs sans hébergement et les structures  petite enfance de la Communauté de communes;ouverte;1498-26;3.0;;;False;True;False;;7210.0;Commune et commune nouvelle ;250  à  499;False;1978-01-01;84.11Z;2008;5710.0;SAS, société par actions simplifiée;200  à  249;False;False;2008;I;56;56.2;56.29;56.29A;2017-02-20;(47.337765, 0.736281);Chambray-lès-Tours;Indre-et-Loire;Centre-Val de Loire;(47.413209, 0.984493);Amboise;Indre-et-Loire;Centre-Val de Loire;;;;;;;;
False;['32321300'];;True;False;False;attribue;;;False;;;2026-09-18;{'StreetName': '40 rue du Maréchal Foch', 'AdditionalStreetName': None, 'CityName': 'La Roche Sur Yon', 'PostalZone': '85923', 'Country': 'FRA'};228500013;False;DEPARTEMENT DE VENDEE;Département de la Vendée;;2026-05-11+02:00;fournitures;"['Organisation mise en place pour exécuter les prestations', 'Valeur technique', ""Performances en matière de protection de l'environnement"", 'Prix']";['qualite', 'technique', 'environnemental', 'prix'];[45.0, 30.0, 10.0, 15.0];1440.0;True;700000.0;False;;avec remise en concurrence;;26-89883;;1000000.0;;LOT-0000;32342410;1000000.0;1;6.0;;Mise en oeuvre de prestations de sonorisation et d'éclairage scéniques au Vendéspace;ouverte;2025CG-A0184;;;;False;True;False;1000000.0;7220.0;Département ;2 000  à  4 999;False;1978-01-01;84.11Z;2008;;;;;;<NA>;;;;;<NA>;<NA>;;;;;(50.605905, 3.089468);Ronchin;Nord;Hauts-de-France;;;;;;;;
False;;;True;False;False;attribue;{'StreetName': '8 avenue des Saules', 'AdditionalStreetName': None, 'CityName': 'LILLE LOMME', 'PostalZone': '59160', 'Country': 'FRA'};379890726;True;IANORD;IANORD;2026-09-18;{'StreetName': None, 'AdditionalStreetName': None, 'CityName': 'MONT-DE-MARSAN', 'PostalZone': '40000', 'Country': 'FRA'};224000018;True;DEPARTEMENT DES LANDES;Conseil Départemental des Landes;;;services;"[""Ce critère est noté selon la formule de notation : Note du Prix = (Montant TTC de l'offre la plus basse / Montant TTC de l'offre examinée) x Nombre de point de la pondération."", 'Ce critère est noté comme indiqué au CRT']";['prix', 'qualite'];[30.0, 70.0];1440.0;True;;False;{'StreetName': None, 'CityName': None, 'PostalZone': None, 'NUTS': 'FRI13', 'Country': 'FRA'};sans remise en concurrence;;26-89971;;;200000.0;LOT-0001;72260000;200000.0;1;1.0;;Logiciel de gestion de restauration scolaire des collèges pour le Département des Landes (40);negociee;2026CP039A;;;;False;False;False;;7220.0;Département ;2 000  à  4 999;False;1982-01-01;84.11Z;2008;5710.0;SAS, société par actions simplifiée;20  à  49;False;<NA>;2008;J;62;62.0;62.01;62.01Z;1990-11-01;(50.633141, 3.018804);Lille;Nord;Hauts-de-France;;Mont-de-Marsan;Landes;Nouvelle-Aquitaine;;;;;;;;
False;['71631400', '71311300', '71631000'];;True;False;False;attribue;{'StreetName': None, 'AdditionalStreetName': None, 'CityName': '86007', 'PostalZone': '86100', 'Country': 'FRA'};487632390;True;ESIRIS ASO;ESIRIS ASO;2026-09-18;{'StreetName': '19, rue Bernard Palissy', 'AdditionalStreetName': None, 'CityName': 'LIMOGES CEDEX', 'PostalZone': '87031', 'Country': 'FRA'};248719312;True;CU LIMOGES METROPOLE;LIMOGES METROPOLE - Communauté urbaine;;;services;['valeur technique', 'prix'];['technique', 'prix'];[60.0, 40.0];360.0;False;;False;{'StreetName': None, 'CityName': None, 'PostalZone': None, 'NUTS': 'FRI23', 'Country': 'FRA'};sans remise en concurrence;;26-89888;;1000000.0;;LOT-0001;71300000;1000000.0;1;5.0;;Prestations de visites, inspections, auscultations et études d’ouvrages d’art sur le territoire de Limoges Métropole;ouverte;2026-F046;3.0;;;False;False;False;1000000.0;7343.0;Communauté urbaine ;1 000  à  1 999;False;2002-01-01;84.11Z;2008;5710.0;SAS, société par actions simplifiée;;False;<NA>;2008;M;71;71.2;71.2;71.20B;2006-01-01;;;;;(45.833921, 1.25212);Limoges;Haute-Vienne;Nouvelle-Aquitaine;;;;;;;;
False;['45112450'];;True;False;False;attribue;{'StreetName': None, 'AdditionalStreetName': None, 'CityName': '31561', 'PostalZone': '31240', 'Country': 'FRA'};394785034;True;HADES;HADES;2026-09-18;{'StreetName': '19, rue Bernard Palissy', 'AdditionalStreetName': None, 'CityName': 'LIMOGES CEDEX', 'PostalZone': '87031', 'Country': 'FRA'};248719312;True;CU LIMOGES METROPOLE;LIMOGES METROPOLE - Communauté urbaine;;;services;"['Valeur technique des prestations', ""Délai d'exécution de la tranche ferme"", 'Prix des prestations']";['technique', 'delai', 'prix'];[40.0, 30.0, 30.0];990.0;False;;False;{'StreetName': None, 'CityName': None, 'PostalZone': None, 'NUTS': 'FRI23', 'Country': 'FRA'};;;26-89982;;441147.0;;LOT-0001;71351914;;1;3.0;;BOULEVARD DE LA CITE, RUE NEUVE SAINT-ETIENNE ET RUE DU MAUPAS A LIMOGES FOUILLES ARCHEOLOGIQUES DU CHANTIER DE REAMENAGEMENT DE LA VOIE (ASSAINISSEMENT, EAU POTABLE, EFFACEMENT DE RESEAUX, VOIRIE, TR;ouverte;2026-F0570001-00;;;;False;False;False;441147.0;7343.0;Communauté urbaine ;1 000  à  1 999;False;2002-01-01;84.11Z;2008;5710.0;SAS, société par actions simplifiée;50  à  99;False;<NA>;2008;M;74;74.9;74.9;74.90B;1994-05-02;;;;;(45.833921, 1.25212);Limoges;Haute-Vienne;Nouvelle-Aquitaine;;;;;;;;
False;;;;True;False;attribue;{'StreetName': '13 rue Pierre Gilles de Genne', 'AdditionalStreetName': None, 'CityName': 'La Ferté-Bernard', 'PostalZone': '72400', 'Country': 'FRA'};481842888;False;GAUTHIER FILS;SARL GAUTHIER FILS;2026-09-18;{'StreetName': 'Place des halles', 'AdditionalStreetName': None, 'CityName': 'Chartres', 'PostalZone': '28019', 'Country': 'FRA'};212800858;True;COMMUNE DE CHARTRES;Ville de Chartres (28);;;services;['Prix', 'Valeur technique/Menus/Dégustation', 'Moyens humains et logistiques et méthodologie pour la réduction des déchets'];['prix', 'technique', 'social'];[50.0, 40.0, 10.0];540.0;True;;False;{'StreetName': None, 'CityName': None, 'PostalZone': None, 'NUTS': 'FRB02', 'Country': 'FRA'};;;26-89989;;90000.0;90000.0;LOT-0001;55520000;;5;1.0;;Affaire 26V022- Prestations de type traiteurs pour la Ville de Chartres et Chartres métropole;autre;;2.0;;;False;True;False;1890000.0;7210.0;Commune et commune nouvelle ;500  à  999;False;1978-01-01;84.11Z;2008;5710.0;SAS, société par actions simplifiée;50  à  99;False;<NA>;2008;I;56;56.2;56.21;56.21Z;2005-04-01;(48.163907, 0.640833);La Ferté-Bernard;Sarthe;Pays de la Loire;(48.44393, 1.487962);Chartres;Eure-et-Loir;Centre-Val de Loire;;;;;;;;
False;;;;True;False;attribue;{'StreetName': '13 rue Pierre Gilles de Genne', 'AdditionalStreetName': None, 'CityName': 'La Ferté-Bernard', 'PostalZone': '72400', 'Country': 'FRA'};481842888;False;GAUTHIER FILS;SARL GAUTHIER FILS;2026-09-18;{'StreetName': 'Place des halles', 'AdditionalStreetName': None, 'CityName': 'Chartres', 'PostalZone': '28019', 'Country': 'FRA'};212800858;True;COMMUNE DE CHARTRES;Ville de Chartres (28);;;services;['Prix', 'Valeur technique/Menus/Dégustation', 'Moyens humains et logistiques et méthodologie pour la réduction des déchets'];['prix', 'technique', 'social'];[50.0, 40.0, 10.0];540.0;True;;False;{'StreetName': None, 'CityName': None, 'PostalZone': None, 'NUTS': 'FRB02', 'Country': 'FRA'};;;26-89989;;450000.0;450000.0;LOT-0002;55520000;;5;1.0;;Affaire 26V022- Prestations de type traiteurs pour la Ville de Chartres et Chartres métropole;autre;;2.0;;;False;True;False;1890000.0;7210.0;Commune et commune nouvelle ;500  à  999;False;1978-01-01;84.11Z;2008;5710.0;SAS, société par actions simplifiée;50  à  99;False;<NA>;2008;I;56;56.2;56.21;56.21Z;2005-04-01;(48.163907, 0.640833);La Ferté-Bernard;Sarthe;Pays de la Loire;(48.44393, 1.487962);Chartres;Eure-et-Loir;Centre-Val de Loire;;;;;;;;
False;;;;True;False;attribue;{'StreetName': '13 rue Pierre Gilles de Genne', 'AdditionalStreetName': None, 'CityName': 'La Ferté-Bernard', 'PostalZone': '72400', 'Country': 'FRA'};481842888;False;GAUTHIER FILS;SARL GAUTHIER FILS;2026-09-18;{'StreetName': 'Place des halles', 'AdditionalStreetName': None, 'CityName': 'Chartres', 'PostalZone': '28019', 'Country': 'FRA'};212800858;True;COMMUNE DE CHARTRES;Ville de Chartres (28);;;services;['Prix', 'Valeur technique/Menus/Dégustation', 'Moyens humains et logistiques et méthodologie pour la réduction des déchets'];['prix', 'technique', 'social'];[50.0, 40.0, 10.0];540.0;True;;False;{'StreetName': None, 'CityName': None, 'PostalZone': None, 'NUTS': 'FRB02', 'Country': 'FRA'};;;26-89989;;900000.0;900000.0;LOT-0003;55520000;;5;1.0;;Affaire 26V022- Prestations de type traiteurs pour la Ville de Chartres et Chartres métropole;autre;;2.0;;;False;True;False;1890000.0;7210.0;Commune et commune nouvelle ;500  à  999;False;1978-01-01;84.11Z;2008;5710.0;SAS, société par actions simplifiée;50  à  99;False;<NA>;2008;I;56;56.2;56.21;56.21Z;2005-04-01;(48.163907, 0.640833);La Ferté-Bernard;Sarthe;Pays de la Loire;(48.44393, 1.487962);Chartres;Eure-et-Loir;Centre-Val de Loire;;;;;;;;
False;;;;True;False;attribue;{'StreetName': '13 rue Pierre Gilles de Genne', 'AdditionalStreetName': None, 'CityName': 'La Ferté-Bernard', 'PostalZone': '72400', 'Country': 'FRA'};481842888;False;GAUTHIER FILS;SARL GAUTHIER FILS;2026-09-18;{'StreetName': 'Place des halles', 'AdditionalStreetName': None, 'CityName': 'Chartres', 'PostalZone': '28019', 'Country': 'FRA'};212800858;True;COMMUNE DE CHARTRES;Ville de Chartres (28);;;services;['Prix', 'Valeur technique/Menus/Dégustation', 'Moyens logistiques et méthodologie pour la réduction des déchets'];['prix', 'technique', 'technique'];[50.0, 40.0, 10.0];540.0;True;;False;{'StreetName': None, 'CityName': None, 'PostalZone': None, 'NUTS': 'FRB02', 'Country': 'FRA'};;;26-89989;;450000.0;450000.0;LOT-0004;55520000;;5;1.0;;Affaire 26V022- Prestations de type traiteurs pour la Ville de Chartres et Chartres métropole;autre;;2.0;;;False;True;False;1890000.0;7210.0;Commune et commune nouvelle ;500  à  999;False;1978-01-01;84.11Z;2008;5710.0;SAS, société par actions simplifiée;50  à  99;False;<NA>;2008;I;56;56.2;56.21;56.21Z;2005-04-01;(48.163907, 0.640833);La Ferté-Bernard;Sarthe;Pays de la Loire;(48.44393, 1.487962);Chartres;Eure-et-Loir;Centre-Val de Loire;;;;;;;;
False;;;;True;False;non attribue;;;False;;;2026-09-18;{'StreetName': 'Place des halles', 'AdditionalStreetName': None, 'CityName': 'Chartres', 'PostalZone': '28019', 'Country': 'FRA'};212800858;True;COMMUNE DE CHARTRES;Ville de Chartres (28);;;services;['Prix', 'Valeur technique'];['prix', 'technique'];[50.0, 50.0];540.0;True;;False;{'StreetName': None, 'CityName': None, 'PostalZone': None, 'NUTS': 'FRB02', 'Country': 'FRA'};;;26-89989;;;90000.0;LOT-0005;55520000;;5;;;Affaire 26V022- Prestations de type traiteurs pour la Ville de Chartres et Chartres métropole;autre;;2.0;;;False;True;False;1890000.0;7210.0;Commune et commune nouvelle ;500  à  999;False;1978-01-01;84.11Z;2008;;;;;;<NA>;;;;;<NA>;<NA>;;;;;(48.44393, 1.487962);Chartres;Eure-et-Loir;Centre-Val de Loire;;;;;;;;
False;;;True;False;False;attribue;{'StreetName': '2 route de la noue', 'AdditionalStreetName': None, 'CityName': 'gif sur yvette', 'PostalZone': '91190', 'Country': 'FRA'};430358101;True;HEAD ACOUSTICS SARL;Head acoustics SARL;2026-09-18;{'StreetName': 'avenue olivier messiaen', 'AdditionalStreetName': None, 'CityName': 'le mans', 'PostalZone': '72085', 'Country': 'FRA'};197209166;True;UNIVERSITE DU MANS;Le mans université;;2026-08-20+02:00;fournitures;"['Prix des prestations', 'Caractéristiques techniques(performance, fonctionnalitéet evolutivité)', ""Logiciel (simplicité d'utilisation, fonctionnalité...)"", 'Délais de livraison', ""Performance de l'offre en matière de développement durable""]";['prix', 'technique', 'technique', 'delai', 'environnemental'];[40.0, 30.0, 10.0, 10.0, 10.0];60.0;True;95000.0;True;{'StreetName': 'avenue olivier messiaen', 'CityName': 'le mans', 'PostalZone': '72085', 'NUTS': 'FRG04', 'Country': 'FRA'};;;26-90038;;89353.6;;LOT-0001;32342400;;1;1.0;;Système d’acquisition sonore binaurale _suite marché infructueux 2026_024;ouverte;2026_029;;;;True;False;False;89353.6;7383.0;Établissement public national à caractère scientifique culturel et professionnel ;1 000  à  1 999;False;1965-05-16;85.42Z;2008;5499.0;Société à responsabilité limitée (sans autre indication);3  à  5;<NA>;<NA>;2008;G;46;46.5;46.52;46.52Z;2000-03-30;(48.70189, 2.101298);Gif-sur-Yvette;Essonne;Île-de-France;(48.015179, 0.157092);Le Mans;Sarthe;Pays de la Loire;;;;;;;;
False;['66515000', '66514110', '66515000', '66513100'];;True;True;False;attribue;{'StreetName': None, 'AdditionalStreetName': None, 'CityName': 'Niort', 'PostalZone': '79000', 'Country': 'FRA'};301309605;False;SMACL ASSURANCES;SMACL;2026-09-18;{'StreetName': '29 rue des Monts du Matin', 'AdditionalStreetName': None, 'CityName': 'Chatuzange le Goubet', 'PostalZone': '26300', 'Country': 'FRA'};212600886;False;COMMUNE DE CHATUZANGE-LE-GOUBET;Mairie de Chatuzange le Goubet;;;services;['Valeur Technique', 'Prix'];['technique', 'prix'];[45.0, 55.0];;False;;False;;;;26-89754;;120000.0;;LOT-0001;66510000;;5;2.0;;Assurances pour les besoins de la Commune de Chatuzange-Le-Goubet et son CCAS;ouverte;26 2 001;;;;False;False;False;424000.0;7210.0;Commune et commune nouvelle ;100  à  199;False;1983-03-01;84.11Z;2008;6411.0;Société d'assurance à forme mutuelle;20  à  49;False;<NA>;2008;K;65;65.1;65.12;65.12Z;1972-10-21;;Niort;Deux-Sèvres;Nouvelle-Aquitaine;(45.006296, 5.09072);Chatuzange-le-Goubet;Drôme;Auvergne-Rhône-Alpes;;;;;;;;
False;['66514110', '66514110', '66515000', '66513100'];;True;True;False;attribue;{'StreetName': None, 'AdditionalStreetName': None, 'CityName': 'Niort', 'PostalZone': '79000', 'Country': 'FRA'};301309605;False;SMACL ASSURANCES;SMACL;2026-09-18;{'StreetName': '29 rue des Monts du Matin', 'AdditionalStreetName': None, 'CityName': 'Chatuzange le Goubet', 'PostalZone': '26300', 'Country': 'FRA'};212600886;False;COMMUNE DE CHATUZANGE-LE-GOUBET;Mairie de Chatuzange le Goubet;;;services;['Valeur Technique', 'Prix'];['technique', 'prix'];[45.0, 55.0];;False;;False;;;;26-89754;;38050.0;;LOT-0002;66510000;;5;3.0;;Assurances pour les besoins de la Commune de Chatuzange-Le-Goubet et son CCAS;ouverte;26 2 001;;;;False;False;False;424000.0;7210.0;Commune et commune nouvelle ;100  à  199;False;1983-03-01;84.11Z;2008;6411.0;Société d'assurance à forme mutuelle;20  à  49;False;<NA>;2008;K;65;65.1;65.12;65.12Z;1972-10-21;;Niort;Deux-Sèvres;Nouvelle-Aquitaine;(45.006296, 5.09072);Chatuzange-le-Goubet;Drôme;Auvergne-Rhône-Alpes;;;;;;;;
False;['66513100', '66514110', '66515000', '66513100'];;True;True;False;attribue;{'StreetName': None, 'AdditionalStreetName': None, 'CityName': 'Vasselay', 'PostalZone': '18110', 'Country': 'FRA'};335171096;False;RELYENS SPS;RELYENS;2026-09-18;{'StreetName': '29 rue des Monts du Matin', 'AdditionalStreetName': None, 'CityName': 'Chatuzange le Goubet', 'PostalZone': '26300', 'Country': 'FRA'};212600886;False;COMMUNE DE CHATUZANGE-LE-GOUBET;Mairie de Chatuzange le Goubet;;;services;['Valeur Technique', 'Prix'];['technique', 'prix'];[45.0, 55.0];;False;;False;;;;26-89754;;1474.0;;LOT-0003;66510000;;5;5.0;;Assurances pour les besoins de la Commune de Chatuzange-Le-Goubet et son CCAS;ouverte;26 2 001;;;;False;False;False;424000.0;7210.0;Commune et commune nouvelle ;100  à  199;False;1983-03-01;84.11Z;2008;5599.0;SA à conseil d'administration (s.a.i.);1  ou  2;False;<NA>;2008;K;66;66.2;66.22;66.22Z;1986-01-01;;Vasselay;Cher;Centre-Val de Loire;(45.006296, 5.09072);Chatuzange-le-Goubet;Drôme;Auvergne-Rhône-Alpes;;;;;;;;
False;['66513100', '66514110', '66515000', '66513100'];;True;True;False;attribue;{'StreetName': None, 'AdditionalStreetName': None, 'CityName': 'Niort', 'PostalZone': '79000', 'Country': 'FRA'};301309605;False;SMACL ASSURANCES;SMACL;2026-09-18;{'StreetName': '29 rue des Monts du Matin', 'AdditionalStreetName': None, 'CityName': 'Chatuzange le Goubet', 'PostalZone': '26300', 'Country': 'FRA'};212600886;False;COMMUNE DE CHATUZANGE-LE-GOUBET;Mairie de Chatuzange le Goubet;;;services;['Valeur Technique', 'Prix'];['technique', 'prix'];[45.0, 55.0];;False;;False;;;;26-89754;;2020.0;;LOT-0004;66510000;;5;2.0;;Assurances pour les besoins de la Commune de Chatuzange-Le-Goubet et son CCAS;ouverte;26 2 001;;;;False;False;False;424000.0;7210.0;Commune et commune nouvelle ;100  à  199;False;1983-03-01;84.11Z;2008;6411.0;Société d'assurance à forme mutuelle;20  à  49;False;<NA>;2008;K;65;65.1;65.12;65.12Z;1972-10-21;;Niort;Deux-Sèvres;Nouvelle-Aquitaine;(45.006296, 5.09072);Chatuzange-le-Goubet;Drôme;Auvergne-Rhône-Alpes;;;;;;;;
False;['66512000', '66514110', '66515000', '66513100'];;True;True;False;attribue;{'StreetName': None, 'AdditionalStreetName': None, 'CityName': 'Vasselay', 'PostalZone': '18110', 'Country': 'FRA'};335171096;False;RELYENS SPS;RELYENS;2026-09-18;{'StreetName': '29 rue des Monts du Matin', 'AdditionalStreetName': None, 'CityName': 'Chatuzange le Goubet', 'PostalZone': '26300', 'Country': 'FRA'};212600886;False;COMMUNE DE CHATUZANGE-LE-GOUBET;Mairie de Chatuzange le Goubet;;;services;['Valeur Technique', 'Prix'];['technique', 'prix'];[60.0, 40.0];;False;;False;;;;26-89754;;261984.0;;LOT-0005;66510000;;5;4.0;;Assurances pour les besoins de la Commune de Chatuzange-Le-Goubet et son CCAS;ouverte;26 2 001;;;;False;False;False;424000.0;7210.0;Commune et commune nouvelle ;100  à  199;False;1983-03-01;84.11Z;2008;5599.0;SA à conseil d'administration (s.a.i.);1  ou  2;False;<NA>;2008;K;66;66.2;66.22;66.22Z;1986-01-01;;Vasselay;Cher;Centre-Val de Loire;(45.006296, 5.09072);Chatuzange-le-Goubet;Drôme;Auvergne-Rhône-Alpes;;;;;;;;
False;['18100000'];;True;False;False;attribue;{'StreetName': '955 Av Julien Panchot', 'AdditionalStreetName': None, 'CityName': 'Perpignan', 'PostalZone': '66000', 'Country': 'FRA'};403294275;False;SARL VETIPRO;VETIPRO SARL;2026-09-18;{'StreetName': '11 Boulevard Saint Assiscle', 'AdditionalStreetName': None, 'CityName': 'Perpignan', 'PostalZone': '66006', 'Country': 'FRA'};200027183;False;PERPIGNAN MEDITERRANEE METROPOLE COMMUNAUTE URBAINE;Perpignan Méditerranée Métropole Communauté Urbaine;;2026-10-05+02:00;fournitures;['Valeur technique', 'Développement durable', 'Prix'];['technique', 'environnemental', 'prix'];[40.0, 10.0, 50.0];;False;;False;;sans remise en concurrence;;26-89696;;200000.0;;LOT-0000;18100000;200000.0;1;3.0;;Acquisition d'équipements de protection de corps et de vêtements de travail des agents de la communauté urbaine de Perpignan Méditerranée Métropole;ouverte;2026045;;;;False;False;False;200000.0;7343.0;Communauté urbaine ;500  à  999;False;2011-01-01;84.11Z;2008;5499.0;Société à responsabilité limitée (sans autre indication);10  à  19;<NA>;<NA>;2008;G;46;46.4;46.42;46.42Z;1996-01-03;(42.688688, 2.877118);Perpignan;Pyrénées-Orientales;Occitanie;(42.69605, 2.878076);Perpignan;Pyrénées-Orientales;Occitanie;;;;;;;;
False;['55521200'];;True;True;False;en cours;;;False;;;2026-09-18;{'StreetName': '1 PLACE SAINT-JEAN', 'AdditionalStreetName': None, 'CityName': 'LOUHANS-CHATEAURENAUD', 'PostalZone': '71500', 'Country': 'FRA'};200071579;True;CC BRESSE LOUHANNAISE INTERCOM';CC BRESSE LOUHANNAISE INTERCOM;;;fournitures;['Qualité des prestations (45%)', 'Prix (40%)', 'Performance en matière environnementale(15%)'];['qualite', 'prix', 'environnemental'];[45.0, 40.0, 15.0];1440.0;False;;False;{'StreetName': None, 'CityName': None, 'PostalZone': None, 'NUTS': 'FRC13', 'Country': 'FRA'};;;26-89811;;;;LOT-0001;15894200;;3;;;Fourniture de repas en liaison froide et de goûters pour les services de la petite enfance et enfance jeunesse de la Communauté de Communes Bresse Louhannaise Intercom’;ouverte;2026700REPASEJ;3.0;;;False;False;False;;7346.0;Communauté de communes ;100  à  199;<NA>;2017-01-01;84.11Z;2008;;;;;;<NA>;;;;;<NA>;<NA>;;;;;(46.624425, 5.232215);Louhans-Châteaurenaud;Saône-et-Loire;Bourgogne-Franche-Comté;;;;;;;;
False;['55521200'];;True;True;False;en cours;;;False;;;2026-09-18;{'StreetName': '1 PLACE SAINT-JEAN', 'AdditionalStreetName': None, 'CityName': 'LOUHANS-CHATEAURENAUD', 'PostalZone': '71500', 'Country': 'FRA'};200071579;True;CC BRESSE LOUHANNAISE INTERCOM';CC BRESSE LOUHANNAISE INTERCOM;;;fournitures;"['Qualité des prestations (45%)', 'Prix (40%)', ""Performance en matière de protection de l'environnement (15%)""]";['qualite', 'prix', 'environnemental'];[45.0, 40.0, 15.0];1440.0;False;;False;{'StreetName': None, 'CityName': None, 'PostalZone': None, 'NUTS': 'FRC13', 'Country': 'FRA'};;;26-89811;;;;LOT-0002;15894200;;3;;;Fourniture de repas en liaison froide et de goûters pour les services de la petite enfance et enfance jeunesse de la Communauté de Communes Bresse Louhannaise Intercom’;ouverte;2026700REPASEJ;3.0;;;False;False;False;;7346.0;Communauté de communes ;100  à  199;<NA>;2017-01-01;84.11Z;2008;;;;;;<NA>;;;;;<NA>;<NA>;;;;;(46.624425, 5.232215);Louhans-Châteaurenaud;Saône-et-Loire;Bourgogne-Franche-Comté;;;;;;;;
False;['55521200'];;True;True;False;en cours;;;False;;;2026-09-18;{'StreetName': '1 PLACE SAINT-JEAN', 'AdditionalStreetName': None, 'CityName': 'LOUHANS-CHATEAURENAUD', 'PostalZone': '71500', 'Country': 'FRA'};200071579;True;CC BRESSE LOUHANNAISE INTERCOM';CC BRESSE LOUHANNAISE INTERCOM;;;fournitures;"['Qualité des prestations (45%)', '(40%)', ""Performance en matière de la protection de l'environnement (15%)""]";['qualite', 'prix', 'environnemental'];[45.0, 40.0, 15.0];1440.0;False;;False;{'StreetName': None, 'CityName': None, 'PostalZone': None, 'NUTS': 'FRC13', 'Country': 'FRA'};;;26-89811;;;;LOT-0003;15894200;;3;;;Fourniture de repas en liaison froide et de goûters pour les services de la petite enfance et enfance jeunesse de la Communauté de Communes Bresse Louhannaise Intercom’;ouverte;2026700REPASEJ;3.0;;;False;False;False;;7346.0;Communauté de communes ;100  à  199;<NA>;2017-01-01;84.11Z;2008;;;;;;<NA>;;;;;<NA>;<NA>;;;;;(46.624425, 5.232215);Louhans-Châteaurenaud;Saône-et-Loire;Bourgogne-Franche-Comté;;;;;;;;
False;;;True;True;False;attribue;{'StreetName': '26 AVENUE DE SAINT MARCELLIN', 'AdditionalStreetName': None, 'CityName': 'BONSON', 'PostalZone': '42560', 'Country': 'FRA'};537468803;True;MOBIDECOR;MOBIDECOR;2026-09-18;{'StreetName': '18 RUE DE FLACE', 'AdditionalStreetName': None, 'CityName': 'MACON', 'PostalZone': '71000', 'Country': 'FRA'};227100013;True;DEPARTEMENT DE SAONE ET LOIRE;DEPARTEMENT DE SAONE ET LOIRE;;;fournitures;"['PRIX DES PRESTATIONS', ""VALEUR TECHNIQUE DE L'OFFRE""]";['prix', 'technique'];[40.0, 60.0];1440.0;False;;False;{'StreetName': None, 'CityName': None, 'PostalZone': None, 'NUTS': 'FRC13', 'Country': 'FRA'};sans remise en concurrence;;26-89924;;696020.0;;LOT-0001;39160000;1940000.0;7;3.0;;Acquisition, livraison, montage et installation de mobiliers et d'équipements pour les collèges publics et les services du Département de Saône-et-Loire;ouverte;DIME-26-024-NS;;;;False;False;False;;7220.0;Département ;2 000  à  4 999;False;1978-01-01;84.11Z;2008;5710.0;SAS, société par actions simplifiée;250  à  499;False;<NA>;2008;C;31;31.0;31.01;31.01Z;2011-10-12;(45.520426, 4.208271);Bonson;Loire;Auvergne-Rhône-Alpes;(46.313092, 4.831035);Mâcon;Saône-et-Loire;Bourgogne-Franche-Comté;;;;;;;;
False;;;True;True;False;attribue;{'StreetName': '143 BOULEVARD AMPERE', 'AdditionalStreetName': None, 'CityName': 'NIORT', 'PostalZone': '79074', 'Country': 'FRA'};402673560;True;MANUTAN COLLECTIVITES;MANUTAN;2026-09-18;{'StreetName': '18 RUE DE FLACE', 'AdditionalStreetName': None, 'CityName': 'MACON', 'PostalZone': '71000', 'Country': 'FRA'};227100013;True;DEPARTEMENT DE SAONE ET LOIRE;DEPARTEMENT DE SAONE ET LOIRE;;;fournitures;"['PRIX DE LA PRESTATION', ""VALEUR TECHNIQUE DE L'OFFRE""]";['prix', 'technique'];[40.0, 60.0];1440.0;False;;False;{'StreetName': None, 'CityName': None, 'PostalZone': None, 'NUTS': 'FRC13', 'Country': 'FRA'};sans remise en concurrence;;26-89924;;56967.0;;LOT-0002;30192170;1940000.0;7;2.0;;Acquisition, livraison, montage et installation de mobiliers et d'équipements pour les collèges publics et les services du Département de Saône-et-Loire;ouverte;DIME-26-024-NS;;;;False;False;False;;7220.0;Département ;2 000  à  4 999;False;1978-01-01;84.11Z;2008;5710.0;SAS, société par actions simplifiée;100  à  199;False;<NA>;2008;G;46;46.6;46.69;46.69C;1995-11-01;(46.31378, -0.475093);Niort;Deux-Sèvres;Nouvelle-Aquitaine;(46.313092, 4.831035);Mâcon;Saône-et-Loire;Bourgogne-Franche-Comté;;;;;;;;
False;;;True;True;False;attribue;{'StreetName': '1 RUE PIERRE ET MARIE CURIE', 'AdditionalStreetName': None, 'CityName': 'BRESSUIRE', 'PostalZone': '79300', 'Country': 'FRA'};383653938;True;DENIS PAPIN COLLECTIVITES;DENIS PAPIN COLLECTIVITES-DPC;2026-09-18;{'StreetName': '18 RUE DE FLACE', 'AdditionalStreetName': None, 'CityName': 'MACON', 'PostalZone': '71000', 'Country': 'FRA'};227100013;True;DEPARTEMENT DE SAONE ET LOIRE;DEPARTEMENT DE SAONE ET LOIRE;;;fournitures;"['PRIX DE LA PRESTATION', ""VALEUR TECHNIQUE DE L'OFFRE""]";['prix', 'technique'];[40.0, 60.0];1440.0;False;;False;{'StreetName': None, 'CityName': None, 'PostalZone': None, 'NUTS': 'FRC13', 'Country': 'FRA'};sans remise en concurrence;;26-89924;;226340.0;;LOT-0003;39155000;1940000.0;7;1.0;;Acquisition, livraison, montage et installation de mobiliers et d'équipements pour les collèges publics et les services du Département de Saône-et-Loire;ouverte;DIME-26-024-NS;;;;False;False;False;;7220.0;Département ;2 000  à  4 999;False;1978-01-01;84.11Z;2008;5710.0;SAS, société par actions simplifiée;50  à  99;False;<NA>;2008;G;46;46.6;46.65;46.65Z;1991-11-01;(46.846104, -0.46897);Bressuire;Deux-Sèvres;Nouvelle-Aquitaine;(46.313092, 4.831035);Mâcon;Saône-et-Loire;Bourgogne-Franche-Comté;;;;;;;;
False;['39156000'];;True;True;False;attribue;{'StreetName': None, 'AdditionalStreetName': None, 'CityName': 'AURILLAC', 'PostalZone': '15000', 'Country': 'FRA'};749981684;True;LAFA COLLECTIVITES;LAFA COLLECTIVITES;2026-09-18;{'StreetName': '18 RUE DE FLACE', 'AdditionalStreetName': None, 'CityName': 'MACON', 'PostalZone': '71000', 'Country': 'FRA'};227100013;True;DEPARTEMENT DE SAONE ET LOIRE;DEPARTEMENT DE SAONE ET LOIRE;;;fournitures;"['PRIX DE LA PRESTATION', ""VALEUR TECHNIQUE DE L'OFFRE""]";['prix', 'technique'];[40.0, 60.0];1440.0;False;;False;{'StreetName': None, 'CityName': None, 'PostalZone': None, 'NUTS': 'FRC13', 'Country': 'FRA'};sans remise en concurrence;;26-89924;;348606.0;;LOT-0004;39143200;1940000.0;7;1.0;;Acquisition, livraison, montage et installation de mobiliers et d'équipements pour les collèges publics et les services du Département de Saône-et-Loire;ouverte;DIME-26-024-NS;;;;False;False;False;;7220.0;Département ;2 000  à  4 999;False;1978-01-01;84.11Z;2008;5710.0;SAS, société par actions simplifiée;200  à  249;False;<NA>;2008;C;31;31.0;31.01;31.01Z;2011-10-01;;Aurillac;Cantal;Auvergne-Rhône-Alpes;(46.313092, 4.831035);Mâcon;Saône-et-Loire;Bourgogne-Franche-Comté;;;;;;;;
False;;;True;True;False;en cours;;;False;;;2026-09-18;{'StreetName': '18 RUE DE FLACE', 'AdditionalStreetName': None, 'CityName': 'MACON', 'PostalZone': '71000', 'Country': 'FRA'};227100013;True;DEPARTEMENT DE SAONE ET LOIRE;DEPARTEMENT DE SAONE ET LOIRE;;;fournitures;['PRIX DE LA PRESTATION', 'VALEUR TECHNIQUE'];['prix', 'technique'];[40.0, 60.0];1440.0;False;;False;{'StreetName': None, 'CityName': None, 'PostalZone': None, 'NUTS': 'FRC13', 'Country': 'FRA'};;;26-89924;;;;LOT-0005;39122100;1940000.0;7;;;Acquisition, livraison, montage et installation de mobiliers et d'équipements pour les collèges publics et les services du Département de Saône-et-Loire;ouverte;DIME-26-024-NS;;;;False;False;False;;7220.0;Département ;2 000  à  4 999;False;1978-01-01;84.11Z;2008;;;;;;<NA>;;;;;<NA>;<NA>;;;;;(46.313092, 4.831035);Mâcon;Saône-et-Loire;Bourgogne-Franche-Comté;;;;;;;;
False;['43800000'];;True;True;False;en cours;;;False;;;2026-09-18;{'StreetName': '18 RUE DE FLACE', 'AdditionalStreetName': None, 'CityName': 'MACON', 'PostalZone': '71000', 'Country': 'FRA'};227100013;True;DEPARTEMENT DE SAONE ET LOIRE;DEPARTEMENT DE SAONE ET LOIRE;;;fournitures;['PRIX DE LA PRESTATION', 'VALEUR TECHNIQUE'];['prix', 'technique'];[40.0, 60.0];1440.0;False;;False;{'StreetName': None, 'CityName': None, 'PostalZone': None, 'NUTS': 'FRC13', 'Country': 'FRA'};sans remise en concurrence;;26-89924;;;;LOT-0006;39131000;1940000.0;7;;;Acquisition, livraison, montage et installation de mobiliers et d'équipements pour les collèges publics et les services du Département de Saône-et-Loire;ouverte;DIME-26-024-NS;;;;False;False;False;;7220.0;Département ;2 000  à  4 999;False;1978-01-01;84.11Z;2008;;;;;;<NA>;;;;;<NA>;<NA>;;;;;(46.313092, 4.831035);Mâcon;Saône-et-Loire;Bourgogne-Franche-Comté;;;;;;;;
False;['39162100'];;True;True;False;attribue;{'StreetName': '468 RUE JACQUES MONOD ZI N°1', 'AdditionalStreetName': None, 'CityName': 'EVREUX', 'PostalZone': '27000', 'Country': 'FRA'};344652490;True;JEULIN;JEULIN SAS;2026-09-18;{'StreetName': '18 RUE DE FLACE', 'AdditionalStreetName': None, 'CityName': 'MACON', 'PostalZone': '71000', 'Country': 'FRA'};227100013;True;DEPARTEMENT DE SAONE ET LOIRE;DEPARTEMENT DE SAONE ET LOIRE;;;fournitures;"['PRIX DE LA PRESTATION', ""VALEUR DE L'OFFRE""]";['prix', 'qualite'];[40.0, 60.0];1440.0;False;;False;{'StreetName': None, 'CityName': None, 'PostalZone': None, 'NUTS': 'FRC13', 'Country': 'FRA'};sans remise en concurrence;;26-89924;;229732.0;;LOT-0007;39180000;1940000.0;7;2.0;;Acquisition, livraison, montage et installation de mobiliers et d'équipements pour les collèges publics et les services du Département de Saône-et-Loire;ouverte;DIME-26-024-NS;;;;False;False;False;;7220.0;Département ;2 000  à  4 999;False;1978-01-01;84.11Z;2008;5710.0;SAS, société par actions simplifiée;100  à  199;False;<NA>;2008;G;46;46.6;46.69;46.69C;1988-04-26;(49.024204, 1.180652);Évreux;Eure;Normandie;(46.313092, 4.831035);Mâcon;Saône-et-Loire;Bourgogne-Franche-Comté;;;;;;;;
False;;;True;True;False;attribue;{'StreetName': '1 AVENUE DE LA GARE TGV', 'AdditionalStreetName': None, 'CityName': 'MEROUX-MOVAL', 'PostalZone': '90400', 'Country': 'FRA'};542016951;True;ONET PROPRETE ET FACILITY SERVICES;ONET PROPRETE ET FACILITY SERVICES;2026-09-18;{'StreetName': '8 rue de la préfecture', 'AdditionalStreetName': None, 'CityName': 'Epinal', 'PostalZone': '88000', 'Country': 'FRA'};228800017;True;DEPARTEMENT DES VOSGES;Conseil Départemental des Vosges;;;services;['PRIX', 'VALEUR TECHNIQUE'];['prix', 'technique'];[70.0, 30.0];1440.0;False;;False;;hybride;;26-89873;;40000.0;;LOT-0001;90900000;140000.0;2;1.0;0.0;Entretien ménager de 9 bâtiments culturels et touristiques du Conseil départemental des Vosges;ouverte;S26004;;;;False;False;False;;7220.0;Département ;2 000  à  4 999;False;1955-10-01;84.11Z;2008;5710.0;SAS, société par actions simplifiée;10 000  et plus ;False;<NA>;2008;N;81;81.2;81.22;81.22Z;1954-01-01;(47.585301, 6.897936);Meroux-Moval;Territoire de Belfort;Bourgogne-Franche-Comté;(48.171531, 6.449633);Épinal;Vosges;Grand Est;;;;;;;;
False;;;True;True;False;attribue;{'StreetName': '1 AVENUE DE LA GARE TGV', 'AdditionalStreetName': None, 'CityName': 'MEROUX-MOVAL', 'PostalZone': '90400', 'Country': 'FRA'};542016951;True;ONET PROPRETE ET FACILITY SERVICES;ONET PROPRETE ET FACILITY SERVICES;2026-09-18;{'StreetName': '8 rue de la préfecture', 'AdditionalStreetName': None, 'CityName': 'Epinal', 'PostalZone': '88000', 'Country': 'FRA'};228800017;True;DEPARTEMENT DES VOSGES;Conseil Départemental des Vosges;;;services;['PRIX', 'VALEUR TECHNIQUE'];['prix', 'technique'];[70.0, 30.0];1440.0;False;;False;;hybride;;26-89873;;10000.0;;LOT-0002;90900000;140000.0;2;1.0;0.0;Entretien ménager de 9 bâtiments culturels et touristiques du Conseil départemental des Vosges;ouverte;S26004;;;;False;False;False;;7220.0;Département ;2 000  à  4 999;False;1955-10-01;84.11Z;2008;5710.0;SAS, société par actions simplifiée;10 000  et plus ;False;<NA>;2008;N;81;81.2;81.22;81.22Z;1954-01-01;(47.585301, 6.897936);Meroux-Moval;Territoire de Belfort;Bourgogne-Franche-Comté;(48.171531, 6.449633);Épinal;Vosges;Grand Est;;;;;;;;
False;['71200000'];29.0;;False;False;attribue;{'StreetName': 'rue Lagrive - Bp 493', 'AdditionalStreetName': None, 'CityName': 'Reims', 'PostalZone': '51067', 'Country': 'FRA'};384045712;False;BLPRRC;BLPRRC;2026-09-18;{'StreetName': '1 place Adrien Zeller', 'AdditionalStreetName': None, 'CityName': 'Strasbourg', 'PostalZone': '67067', 'Country': 'FRA'};200052264;False;REGION GRAND EST;Région Grand Est;2025-01-23;;services;[];[];;;True;;False;;;;26-89882;25-7444;;;LOT-0000;71200000;;1;4.0;;Construction d'un gymnase et déconstruction de l'ancien gymnase au lycée LES LOMBARDS à TROYES (10000);restreinte;2024M0825;;;False;True;True;True;;7230.0;Région ;5 000  à  9 999;False;2016-01-01;84.11Z;2008;5499.0;Société à responsabilité limitée (sans autre indication);10  à  19;False;<NA>;2008;M;71;71.1;71.11;71.11Z;1992-01-01;(49.249868, 4.04438);Reims;Marne;Grand Est;(48.598792, 7.760417);Strasbourg;Bas-Rhin;Grand Est;;;;;;;;
False;;;True;True;False;attribue;{'StreetName': 'ZI de la Jambette - Immeuble LUC ELISABETH', 'AdditionalStreetName': None, 'CityName': 'LE LAMENTIN', 'PostalZone': '97232 LE LAMENTIN', 'Country': 'FRA'};481006799;True;KAKI;EURL KAKI;2026-09-18;{'StreetName': '4, rue Jacques Cazotte - B.P. 522', 'AdditionalStreetName': None, 'CityName': 'Fort-de-France', 'PostalZone': '97200', 'Country': 'FRA'};289720013;True;SERVICE D'INCENDIE ET DE SECOURS DE MARTINIQUE;Service d'Incendie et de Secours de Martinique;;;fournitures;"['Les éléments de jugement des propositions sont énoncés à l\'article ""VII- Jugement des offres et attribution de l\'accord-cadre"" du Règlement de Consultation.', 'Les éléments de jugement des propositions sont énoncés à l\'article ""VII- Jugement des offres et attribution de l\'accord-cadre"" du Règlement de Consultation.', 'Les éléments de jugement des propositions sont énoncés à l\'article ""VII- Jugement des offres et attribution de l\'accord-cadre"" du Règlement de Consultation.', 'Les éléments de jugement des propositions sont énoncés à l\'article ""VII- Jugement des offres et attribution de l\'accord-cadre"" du Règlement de Consultation.']";['qualite', 'prix', 'qualite', 'qualite'];;365.0;True;;False;"{'StreetName': ""Magasin Départemental du Service d'Incendie et de Secours de Martinique\nCentre de Secours de Fort-de-France\nZac l'Etang Z'abricots"", 'CityName': 'Fort-de-France', 'PostalZone': '97200', 'NUTS': 'FRY20', 'Country': 'FRA'}";sans remise en concurrence;;26-89821;;;;LOT-0001;18800000;796300.0;2;1.0;;AO pour l'acquisition de chaussures d'intervention pour les sapeurs- pompiers du SIS 972;ouverte;2026ST01;3.0;;;False;False;False;;7372.0;Service départemental d'incendie et de secours (SDIS);250  à  499;<NA>;1956-11-07;84.25Z;2008;5499.0;Société à responsabilité limitée (sans autre indication);3  à  5;False;<NA>;2008;G;47;47.7;47.71;47.71Z;2005-03-22;(14.61576, -61.035279);Le Lamentin;Martinique;;(14.604871, -61.066145);Fort-de-France;Martinique;;;;;;;;;
False;;;True;True;False;attribue;{'StreetName': 'ZI de la Jambette - Immeuble LUC ELISABETH', 'AdditionalStreetName': None, 'CityName': 'LE LAMENTIN', 'PostalZone': '97232 LE LAMENTIN', 'Country': 'FRA'};481006799;True;KAKI;EURL KAKI;2026-09-18;{'StreetName': '4, rue Jacques Cazotte - B.P. 522', 'AdditionalStreetName': None, 'CityName': 'Fort-de-France', 'PostalZone': '97200', 'Country': 'FRA'};289720013;True;SERVICE D'INCENDIE ET DE SECOURS DE MARTINIQUE;Service d'Incendie et de Secours de Martinique;;;fournitures;"['Les éléments de jugement des propositions sont énoncés à l\'article ""VII- Jugement des offres et attribution de l\'accord-cadre"" du Règlement de Consultation.', 'Les éléments de jugement des propositions sont énoncés à l\'article ""VII- Jugement des offres et attribution de l\'accord-cadre"" du Règlement de Consultation.', 'Les éléments de jugement des propositions sont énoncés à l\'article ""VII- Jugement des offres et attribution de l\'accord-cadre"" du Règlement de Consultation.', 'Les éléments de jugement des propositions sont énoncés à l\'article ""VII- Jugement des offres et attribution de l\'accord-cadre"" du Règlement de Consultation.']";['qualite', 'prix', 'qualite', 'qualite'];;365.0;True;;False;"{'StreetName': ""Magasin Départemental du Service d'Incendie et de Secours de Martinique\nCentre de Secours de Fort-de-France\nZac l'Etang Z'abricots"", 'CityName': 'Fort-de-France', 'PostalZone': '97200', 'NUTS': 'FRY20', 'Country': 'FRA'}";sans remise en concurrence;;26-89821;;;;LOT-0003;18800000;796300.0;2;3.0;;AO pour l'acquisition de chaussures d'intervention pour les sapeurs- pompiers du SIS 972;ouverte;2026ST01;3.0;;;False;False;False;;7372.0;Service départemental d'incendie et de secours (SDIS);250  à  499;<NA>;1956-11-07;84.25Z;2008;5499.0;Société à responsabilité limitée (sans autre indication);3  à  5;False;<NA>;2008;G;47;47.7;47.71;47.71Z;2005-03-22;(14.61576, -61.035279);Le Lamentin;Martinique;;(14.604871, -61.066145);Fort-de-France;Martinique;;;;;;;;;
False;['34913000'];;True;True;False;attribue;{'StreetName': 'Purettone', 'AdditionalStreetName': None, 'CityName': 'Borgo', 'PostalZone': '20290', 'Country': 'FRA'};340296748;False;SAVEMAT BTP;SAVEMAT BTP;2026-09-18;{'StreetName': 'Direction des achats publics', 'AdditionalStreetName': 'Hôtel de la Collectivité de Corse, 22 cours Grandval', 'CityName': 'Ajaccio', 'PostalZone': '20187', 'Country': 'FRA'};200076958;False;COLLECTIVITE DE CORSE;Collectivité de Corse;;;fournitures;['Délai de livraison', 'Délai de prise en charge', 'Prix'];['delai', 'delai', 'prix'];[15.0, 15.0, 70.0];;True;;False;;sans remise en concurrence;;26-89884;;480000.0;;LOT-0003;34913000;2160000.0;16;1.0;1.0;Achat de pièces détachées d'origine (ou équivalent) et achat de prestations de maintenance pour les engins de la Collectivité de Corse (18 lots);ouverte;2026-1DGM-0041;3.0;;;False;True;False;;7229.0;(Autre) Collectivité territoriale ;2 000  à  4 999;False;2018-01-01;84.11Z;2008;5499.0;Société à responsabilité limitée (sans autre indication);6  à  9;<NA>;<NA>;2008;G;46;46.6;46.63;46.63Z;1987-02-06;(42.586385, 9.452538);Borgo;Haute-Corse;Corse;;;;;;;;;;;;
False;['34913000'];;True;True;False;attribue;{'StreetName': 'Purettone', 'AdditionalStreetName': None, 'CityName': 'Borgo', 'PostalZone': '20290', 'Country': 'FRA'};340296748;False;SAVEMAT BTP;SAVEMAT BTP;2026-09-18;{'StreetName': 'Direction des achats publics', 'AdditionalStreetName': 'Hôtel de la Collectivité de Corse, 22 cours Grandval', 'CityName': 'Ajaccio', 'PostalZone': '20187', 'Country': 'FRA'};200076958;False;COLLECTIVITE DE CORSE;Collectivité de Corse;;;fournitures;['Délai de livraison', 'Délai de prise en charge', 'Prix'];['delai', 'delai', 'prix'];[15.0, 15.0, 70.0];;True;;False;;sans remise en concurrence;;26-89884;;480000.0;;LOT-0004;34913000;2160000.0;16;1.0;1.0;Achat de pièces détachées d'origine (ou équivalent) et achat de prestations de maintenance pour les engins de la Collectivité de Corse (18 lots);ouverte;2026-1DGM-0041;3.0;;;False;True;False;;7229.0;(Autre) Collectivité territoriale ;2 000  à  4 999;False;2018-01-01;84.11Z;2008;5499.0;Société à responsabilité limitée (sans autre indication);6  à  9;<NA>;<NA>;2008;G;46;46.6;46.63;46.63Z;1987-02-06;(42.586385, 9.452538);Borgo;Haute-Corse;Corse;;;;;;;;;;;;
False;['34913000'];;True;True;False;attribue;{'StreetName': 'Prunete', 'AdditionalStreetName': None, 'CityName': 'Cervione', 'PostalZone': '20221', 'Country': 'FRA'};325856185;False;ROSSI DIFFUSION;ROSSI DIFFUSION;2026-09-18;{'StreetName': 'Direction des achats publics', 'AdditionalStreetName': 'Hôtel de la Collectivité de Corse, 22 cours Grandval', 'CityName': 'Ajaccio', 'PostalZone': '20187', 'Country': 'FRA'};200076958;False;COLLECTIVITE DE CORSE;Collectivité de Corse;;;fournitures;['Délai de livraison', 'Délai de prise en charge', 'Prix'];['delai', 'delai', 'prix'];[15.0, 15.0, 70.0];;True;;False;;sans remise en concurrence;;26-89884;;200000.0;;LOT-0005;34913000;2160000.0;16;2.0;2.0;Achat de pièces détachées d'origine (ou équivalent) et achat de prestations de maintenance pour les engins de la Collectivité de Corse (18 lots);ouverte;2026-1DGM-0041;3.0;;;False;True;False;;7229.0;(Autre) Collectivité territoriale ;2 000  à  4 999;False;2018-01-01;84.11Z;2008;5710.0;SAS, société par actions simplifiée;20  à  49;False;<NA>;2008;G;46;46.6;46.61;46.61Z;1982-11-05;(42.320725, 9.540293);Cervione;Haute-Corse;Corse;;;;;;;;;;;;
False;['34913000'];;True;True;False;attribue;{'StreetName': 'Prunete', 'AdditionalStreetName': None, 'CityName': 'Cervione', 'PostalZone': '20221', 'Country': 'FRA'};325856185;False;ROSSI DIFFUSION;ROSSI DIFFUSION;2026-09-18;{'StreetName': 'Direction des achats publics', 'AdditionalStreetName': 'Hôtel de la Collectivité de Corse, 22 cours Grandval', 'CityName': 'Ajaccio', 'PostalZone': '20187', 'Country': 'FRA'};200076958;False;COLLECTIVITE DE CORSE;Collectivité de Corse;;;fournitures;['Délai de livraison', 'Délai de prise en charge', 'Prix'];['delai', 'delai', 'prix'];[15.0, 15.0, 70.0];;True;;False;;sans remise en concurrence;;26-89884;;360000.0;;LOT-0006;34913000;2160000.0;16;2.0;2.0;Achat de pièces détachées d'origine (ou équivalent) et achat de prestations de maintenance pour les engins de la Collectivité de Corse (18 lots);ouverte;2026-1DGM-0041;3.0;;;False;True;False;;7229.0;(Autre) Collectivité territoriale ;2 000  à  4 999;False;2018-01-01;84.11Z;2008;5710.0;SAS, société par actions simplifiée;20  à  49;False;<NA>;2008;G;46;46.6;46.61;46.61Z;1982-11-05;(42.320725, 9.540293);Cervione;Haute-Corse;Corse;;;;;;;;;;;;
False;['34913000'];;True;True;False;attribue;{'StreetName': 'Purettone', 'AdditionalStreetName': None, 'CityName': 'Borgo', 'PostalZone': '20290', 'Country': 'FRA'};340296748;False;SAVEMAT BTP;SAVEMAT BTP;2026-09-18;{'StreetName': 'Direction des achats publics', 'AdditionalStreetName': 'Hôtel de la Collectivité de Corse, 22 cours Grandval', 'CityName': 'Ajaccio', 'PostalZone': '20187', 'Country': 'FRA'};200076958;False;COLLECTIVITE DE CORSE;Collectivité de Corse;;;fournitures;['Délai de livraison', 'Délai de prise en charge', 'Prix'];['delai', 'delai', 'prix'];[15.0, 15.0, 70.0];;True;;False;;sans remise en concurrence;;26-89884;;200000.0;;LOT-0007;34913000;2160000.0;16;3.0;3.0;Achat de pièces détachées d'origine (ou équivalent) et achat de prestations de maintenance pour les engins de la Collectivité de Corse (18 lots);ouverte;2026-1DGM-0041;3.0;;;False;True;False;;7229.0;(Autre) Collectivité territoriale ;2 000  à  4 999;False;2018-01-01;84.11Z;2008;5499.0;Société à responsabilité limitée (sans autre indication);6  à  9;<NA>;<NA>;2008;G;46;46.6;46.63;46.63Z;1987-02-06;(42.586385, 9.452538);Borgo;Haute-Corse;Corse;;;;;;;;;;;;
False;['34913000'];;True;True;False;attribue;{'StreetName': 'Purettone', 'AdditionalStreetName': None, 'CityName': 'Borgo', 'PostalZone': '20290', 'Country': 'FRA'};340296748;False;SAVEMAT BTP;SAVEMAT BTP;2026-09-18;{'StreetName': 'Direction des achats publics', 'AdditionalStreetName': 'Hôtel de la Collectivité de Corse, 22 cours Grandval', 'CityName': 'Ajaccio', 'PostalZone': '20187', 'Country': 'FRA'};200076958;False;COLLECTIVITE DE CORSE;Collectivité de Corse;;;fournitures;['Délai de livraison', 'Délai de prise en charge', 'Prix'];['delai', 'delai', 'prix'];[15.0, 15.0, 70.0];;True;;False;;sans remise en concurrence;;26-89884;;440000.0;;LOT-0008;34913000;2160000.0;16;3.0;3.0;Achat de pièces détachées d'origine (ou équivalent) et achat de prestations de maintenance pour les engins de la Collectivité de Corse (18 lots);ouverte;2026-1DGM-0041;3.0;;;False;True;False;;7229.0;(Autre) Collectivité territoriale ;2 000  à  4 999;False;2018-01-01;84.11Z;2008;5499.0;Société à responsabilité limitée (sans autre indication);6  à  9;<NA>;<NA>;2008;G;46;46.6;46.63;46.63Z;1987-02-06;(42.586385, 9.452538);Borgo;Haute-Corse;Corse;;;;;;;;;;;;
False;['34913000'];;True;True;False;non attribue;;;False;;;2026-09-18;{'StreetName': 'Direction des achats publics', 'AdditionalStreetName': 'Hôtel de la Collectivité de Corse, 22 cours Grandval', 'CityName': 'Ajaccio', 'PostalZone': '20187', 'Country': 'FRA'};200076958;False;COLLECTIVITE DE CORSE;Collectivité de Corse;;;fournitures;['Délai de livraison', 'Délai de prise en charge', 'Prix'];['delai', 'delai', 'prix'];[15.0, 15.0, 70.0];;True;;False;;sans remise en concurrence;;26-89884;;;;LOT-0009;34913000;2160000.0;16;1.0;1.0;Achat de pièces détachées d'origine (ou équivalent) et achat de prestations de maintenance pour les engins de la Collectivité de Corse (18 lots);ouverte;2026-1DGM-0041;3.0;;;False;True;False;;7229.0;(Autre) Collectivité territoriale ;2 000  à  4 999;False;2018-01-01;84.11Z;2008;;;;;;<NA>;;;;;<NA>;<NA>;;;;;;;;;;;;;;;;
False;['34913000'];;True;True;False;non attribue;;;False;;;2026-09-18;{'StreetName': 'Direction des achats publics', 'AdditionalStreetName': 'Hôtel de la Collectivité de Corse, 22 cours Grandval', 'CityName': 'Ajaccio', 'PostalZone': '20187', 'Country': 'FRA'};200076958;False;COLLECTIVITE DE CORSE;Collectivité de Corse;;;fournitures;['Délai de livraison', 'Délai de prise en charge', 'Prix'];['delai', 'delai', 'prix'];[15.0, 15.0, 70.0];;True;;False;;sans remise en concurrence;;26-89884;;;;LOT-0010;34913000;2160000.0;16;1.0;1.0;Achat de pièces détachées d'origine (ou équivalent) et achat de prestations de maintenance pour les engins de la Collectivité de Corse (18 lots);ouverte;2026-1DGM-0041;3.0;;;False;True;False;;7229.0;(Autre) Collectivité territoriale ;2 000  à  4 999;False;2018-01-01;84.11Z;2008;;;;;;<NA>;;;;;<NA>;<NA>;;;;;;;;;;;;;;;;
False;['34913000'];;True;True;False;non attribue;;;False;;;2026-09-18;{'StreetName': 'Direction des achats publics', 'AdditionalStreetName': 'Hôtel de la Collectivité de Corse, 22 cours Grandval', 'CityName': 'Ajaccio', 'PostalZone': '20187', 'Country': 'FRA'};200076958;False;COLLECTIVITE DE CORSE;Collectivité de Corse;;;fournitures;['Délai de livraison', 'Délai de prise en charge', 'Prix'];['delai', 'delai', 'prix'];[15.0, 15.0, 70.0];;True;;False;;sans remise en concurrence;;26-89884;;;;LOT-0011;34913000;2160000.0;16;0.0;0.0;Achat de pièces détachées d'origine (ou équivalent) et achat de prestations de maintenance pour les engins de la Collectivité de Corse (18 lots);ouverte;2026-1DGM-0041;3.0;;;False;True;False;;7229.0;(Autre) Collectivité territoriale ;2 000  à  4 999;False;2018-01-01;84.11Z;2008;;;;;;<NA>;;;;;<NA>;<NA>;;;;;;;;;;;;;;;;
False;['34913000'];;True;True;False;non attribue;;;False;;;2026-09-18;{'StreetName': 'Direction des achats publics', 'AdditionalStreetName': 'Hôtel de la Collectivité de Corse, 22 cours Grandval', 'CityName': 'Ajaccio', 'PostalZone': '20187', 'Country': 'FRA'};200076958;False;COLLECTIVITE DE CORSE;Collectivité de Corse;;;fournitures;['Délai de livraison', 'Délai de prise en charge', 'Prix'];['delai', 'delai', 'prix'];[15.0, 15.0, 70.0];;True;;False;;sans remise en concurrence;;26-89884;;;;LOT-0012;34913000;2160000.0;16;1.0;1.0;Achat de pièces détachées d'origine (ou équivalent) et achat de prestations de maintenance pour les engins de la Collectivité de Corse (18 lots);ouverte;2026-1DGM-0041;3.0;;;False;True;False;;7229.0;(Autre) Collectivité territoriale ;2 000  à  4 999;False;2018-01-01;84.11Z;2008;;;;;;<NA>;;;;;<NA>;<NA>;;;;;;;;;;;;;;;;
False;['34913000'];;True;True;False;non attribue;;;False;;;2026-09-18;{'StreetName': 'Direction des achats publics', 'AdditionalStreetName': 'Hôtel de la Collectivité de Corse, 22 cours Grandval', 'CityName': 'Ajaccio', 'PostalZone': '20187', 'Country': 'FRA'};200076958;False;COLLECTIVITE DE CORSE;Collectivité de Corse;;;fournitures;['Délai de livraison', 'Délai de prise en charge', 'Prix'];['delai', 'delai', 'prix'];[15.0, 15.0, 70.0];;True;;False;;sans remise en concurrence;;26-89884;;;;LOT-0013;34913000;2160000.0;16;1.0;1.0;Achat de pièces détachées d'origine (ou équivalent) et achat de prestations de maintenance pour les engins de la Collectivité de Corse (18 lots);ouverte;2026-1DGM-0041;3.0;;;False;True;False;;7229.0;(Autre) Collectivité territoriale ;2 000  à  4 999;False;2018-01-01;84.11Z;2008;;;;;;<NA>;;;;;<NA>;<NA>;;;;;;;;;;;;;;;;
False;['34913000'];;True;True;False;non attribue;;;False;;;2026-09-18;{'StreetName': 'Direction des achats publics', 'AdditionalStreetName': 'Hôtel de la Collectivité de Corse, 22 cours Grandval', 'CityName': 'Ajaccio', 'PostalZone': '20187', 'Country': 'FRA'};200076958;False;COLLECTIVITE DE CORSE;Collectivité de Corse;;;fournitures;['Délai de livraison', 'Délai de prise en charge', 'Prix'];['delai', 'delai', 'prix'];[15.0, 15.0, 70.0];;True;;False;;sans remise en concurrence;;26-89884;;;;LOT-0014;34913000;2160000.0;16;1.0;1.0;Achat de pièces détachées d'origine (ou équivalent) et achat de prestations de maintenance pour les engins de la Collectivité de Corse (18 lots);ouverte;2026-1DGM-0041;3.0;;;False;True;False;;7229.0;(Autre) Collectivité territoriale ;2 000  à  4 999;False;2018-01-01;84.11Z;2008;;;;;;<NA>;;;;;<NA>;<NA>;;;;;;;;;;;;;;;;
False;['34913000'];;True;True;False;non attribue;;;False;;;2026-09-18;{'StreetName': 'Direction des achats publics', 'AdditionalStreetName': 'Hôtel de la Collectivité de Corse, 22 cours Grandval', 'CityName': 'Ajaccio', 'PostalZone': '20187', 'Country': 'FRA'};200076958;False;COLLECTIVITE DE CORSE;Collectivité de Corse;;;fournitures;['Délai de livraison', 'Délai de prise en charge', 'Prix'];['delai', 'delai', 'prix'];[15.0, 15.0, 70.0];;True;;False;;sans remise en concurrence;;26-89884;;;;LOT-0015;34913000;2160000.0;16;0.0;0.0;Achat de pièces détachées d'origine (ou équivalent) et achat de prestations de maintenance pour les engins de la Collectivité de Corse (18 lots);ouverte;2026-1DGM-0041;3.0;;;False;True;False;;7229.0;(Autre) Collectivité territoriale ;2 000  à  4 999;False;2018-01-01;84.11Z;2008;;;;;;<NA>;;;;;<NA>;<NA>;;;;;;;;;;;;;;;;
False;['34913000'];;True;True;False;non attribue;;;False;;;2026-09-18;{'StreetName': 'Direction des achats publics', 'AdditionalStreetName': 'Hôtel de la Collectivité de Corse, 22 cours Grandval', 'CityName': 'Ajaccio', 'PostalZone': '20187', 'Country': 'FRA'};200076958;False;COLLECTIVITE DE CORSE;Collectivité de Corse;;;fournitures;['Délai de livraison', 'Délai de prise en charge', 'Prix'];['delai', 'delai', 'prix'];[15.0, 15.0, 70.0];;True;;False;;sans remise en concurrence;;26-89884;;;;LOT-0016;34913000;2160000.0;16;0.0;0.0;Achat de pièces détachées d'origine (ou équivalent) et achat de prestations de maintenance pour les engins de la Collectivité de Corse (18 lots);ouverte;2026-1DGM-0041;3.0;;;False;True;False;;7229.0;(Autre) Collectivité territoriale ;2 000  à  4 999;False;2018-01-01;84.11Z;2008;;;;;;<NA>;;;;;<NA>;<NA>;;;;;;;;;;;;;;;;
False;['34913000'];;True;True;False;non attribue;;;False;;;2026-09-18;{'StreetName': 'Direction des achats publics', 'AdditionalStreetName': 'Hôtel de la Collectivité de Corse, 22 cours Grandval', 'CityName': 'Ajaccio', 'PostalZone': '20187', 'Country': 'FRA'};200076958;False;COLLECTIVITE DE CORSE;Collectivité de Corse;;;fournitures;['Délai de livraison', 'Délai de prise en charge', 'Prix'];['delai', 'delai', 'prix'];[15.0, 15.0, 70.0];;True;;False;;sans remise en concurrence;;26-89884;;;;LOT-0017;34913000;2160000.0;16;1.0;1.0;Achat de pièces détachées d'origine (ou équivalent) et achat de prestations de maintenance pour les engins de la Collectivité de Corse (18 lots);ouverte;2026-1DGM-0041;3.0;;;False;True;False;;7229.0;(Autre) Collectivité territoriale ;2 000  à  4 999;False;2018-01-01;84.11Z;2008;;;;;;<NA>;;;;;<NA>;<NA>;;;;;;;;;;;;;;;;
False;['34913000'];;True;True;False;non attribue;;;False;;;2026-09-18;{'StreetName': 'Direction des achats publics', 'AdditionalStreetName': 'Hôtel de la Collectivité de Corse, 22 cours Grandval', 'CityName': 'Ajaccio', 'PostalZone': '20187', 'Country': 'FRA'};200076958;False;COLLECTIVITE DE CORSE;Collectivité de Corse;;;fournitures;['Délai de livraison', 'Délai de prise en charge', 'Prix'];['delai', 'delai', 'prix'];[15.0, 15.0, 70.0];;True;;False;;sans remise en concurrence;;26-89884;;;;LOT-0018;34913000;2160000.0;16;1.0;1.0;Achat de pièces détachées d'origine (ou équivalent) et achat de prestations de maintenance pour les engins de la Collectivité de Corse (18 lots);ouverte;2026-1DGM-0041;3.0;;;False;True;False;;7229.0;(Autre) Collectivité territoriale ;2 000  à  4 999;False;2018-01-01;84.11Z;2008;;;;;;<NA>;;;;;<NA>;<NA>;;;;;;;;;;;;;;;;
False;['45421000'];;True;True;False;non attribue;;;False;;;2026-09-18;{'StreetName': 'Avenue des flamboyants', 'AdditionalStreetName': 'Cellule des marchés publics', 'CityName': 'Cayenne Cedex', 'PostalZone': '97306', 'Country': 'FRA'};498262393;False;FORCE OUVRIERE DU CENTRE HOSPITALIER ANDREE ROSEMON;"Centre Hospitalier de Cayenne ""Andrée ROSEMON""";;;travaux;['Valeur technique appréciée au regard du mémoire technique', 'Prix des prestations'];['technique', 'prix'];[60.0, 40.0];;True;;False;;;;26-89809;;;;LOT-0001;45210000;;4;1.0;;CONSTRUCTION DU CENTRE DELOCALISE DE PREVENTION ET DE SOINS (CDPS) ET DE 5 LOGEMENTS DE FONCTION A APATOU;ouverte;CHU/2025_TX_006 A;;;;False;True;False;;8410.0;Syndicat de salariés ;;<NA>;1981-10-01;94.20Z;2008;;;;;;<NA>;;;;;<NA>;<NA>;;;;;;;;;;;;;;;;
False;['45223110'];;True;True;False;non attribue;;;False;;;2026-09-18;{'StreetName': 'Avenue des flamboyants', 'AdditionalStreetName': 'Cellule des marchés publics', 'CityName': 'Cayenne Cedex', 'PostalZone': '97306', 'Country': 'FRA'};498262393;False;FORCE OUVRIERE DU CENTRE HOSPITALIER ANDREE ROSEMON;"Centre Hospitalier de Cayenne ""Andrée ROSEMON""";;;travaux;['Valeur technique appréciée au regard du mémoire technique', 'Prix des prestations'];['technique', 'prix'];[60.0, 40.0];;True;;False;;;;26-89809;;;;LOT-0002;45210000;;4;1.0;;CONSTRUCTION DU CENTRE DELOCALISE DE PREVENTION ET DE SOINS (CDPS) ET DE 5 LOGEMENTS DE FONCTION A APATOU;ouverte;CHU/2025_TX_006 A;;;;False;True;False;;8410.0;Syndicat de salariés ;;<NA>;1981-10-01;94.20Z;2008;;;;;;<NA>;;;;;<NA>;<NA>;;;;;;;;;;;;;;;;
False;['45421152'];;True;True;False;non attribue;;;False;;;2026-09-18;{'StreetName': 'Avenue des flamboyants', 'AdditionalStreetName': 'Cellule des marchés publics', 'CityName': 'Cayenne Cedex', 'PostalZone': '97306', 'Country': 'FRA'};498262393;False;FORCE OUVRIERE DU CENTRE HOSPITALIER ANDREE ROSEMON;"Centre Hospitalier de Cayenne ""Andrée ROSEMON""";;;travaux;['Valeur technique appréciée au regard du mémoire technique', 'Prix des prestations'];['technique', 'prix'];[60.0, 40.0];;True;;False;;;;26-89809;;;;LOT-0003;45210000;;4;3.0;;CONSTRUCTION DU CENTRE DELOCALISE DE PREVENTION ET DE SOINS (CDPS) ET DE 5 LOGEMENTS DE FONCTION A APATOU;ouverte;CHU/2025_TX_006 A;;;;False;True;False;;8410.0;Syndicat de salariés ;;<NA>;1981-10-01;94.20Z;2008;;;;;;<NA>;;;;;<NA>;<NA>;;;;;;;;;;;;;;;;
False;['45421000'];;True;True;False;non attribue;;;False;;;2026-09-18;{'StreetName': 'Avenue des flamboyants', 'AdditionalStreetName': 'Cellule des marchés publics', 'CityName': 'Cayenne Cedex', 'PostalZone': '97306', 'Country': 'FRA'};498262393;False;FORCE OUVRIERE DU CENTRE HOSPITALIER ANDREE ROSEMON;"Centre Hospitalier de Cayenne ""Andrée ROSEMON""";;;travaux;['Valeur technique appréciée au regard du mémoire technique', 'Prix des prestations'];['technique', 'prix'];[60.0, 40.0];;True;;False;;;;26-89809;;;;LOT-0004;45210000;;4;0.0;;CONSTRUCTION DU CENTRE DELOCALISE DE PREVENTION ET DE SOINS (CDPS) ET DE 5 LOGEMENTS DE FONCTION A APATOU;ouverte;CHU/2025_TX_006 A;;;;False;True;False;;8410.0;Syndicat de salariés ;;<NA>;1981-10-01;94.20Z;2008;;;;;;<NA>;;;;;<NA>;<NA>;;;;;;;;;;;;;;;;
False;['45112710'];;True;True;False;non attribue;;;False;;;2026-09-18;{'StreetName': 'Avenue des flamboyants', 'AdditionalStreetName': 'Cellule des marchés publics', 'CityName': 'Cayenne Cedex', 'PostalZone': '97306', 'Country': 'FRA'};498262393;False;FORCE OUVRIERE DU CENTRE HOSPITALIER ANDREE ROSEMON;"Centre Hospitalier de Cayenne ""Andrée ROSEMON""";;;travaux;['Valeur technique appréciée au regard du mémoire technique', 'Prix des prestationsce critère sera noté sur la base du montant indiqué au Dpgf, avec application de la formule suivante :(Offre la moins disante / Offre du candidat examinée) x 40'];['technique', 'prix'];[60.0, 40.0];;True;;False;;;;26-89808;;;;LOT-0001;45210000;;13;2.0;;CONSTRUCTION DU CENTRE DELOCALISE DE PREVENTION ET DE SOINS (CDPS) ET DE 5 LOGEMENTS DE FONCTION A APATOU;ouverte;CHU/2026_TX_006;;;;True;True;True;;8410.0;Syndicat de salariés ;;<NA>;1981-10-01;94.20Z;2008;;;;;;<NA>;;;;;<NA>;<NA>;;;;;;;;;;;;;;;;
False;['45223220'];;True;True;False;non attribue;;;False;;;2026-09-18;{'StreetName': 'Avenue des flamboyants', 'AdditionalStreetName': 'Cellule des marchés publics', 'CityName': 'Cayenne Cedex', 'PostalZone': '97306', 'Country': 'FRA'};498262393;False;FORCE OUVRIERE DU CENTRE HOSPITALIER ANDREE ROSEMON;"Centre Hospitalier de Cayenne ""Andrée ROSEMON""";;;travaux;['Valeur technique appréciée au regard du mémoire technique', 'Prix des prestationsce critère sera noté sur la base du montant indiqué au Dpgf, avec application de la formule suivante :(Offre la moins disante / Offre du candidat examinée) x 40'];['technique', 'prix'];[60.0, 40.0];;True;;False;;;;26-89808;;;;LOT-0002;45210000;;13;2.0;;CONSTRUCTION DU CENTRE DELOCALISE DE PREVENTION ET DE SOINS (CDPS) ET DE 5 LOGEMENTS DE FONCTION A APATOU;ouverte;CHU/2026_TX_006;;;;True;True;True;;8410.0;Syndicat de salariés ;;<NA>;1981-10-01;94.20Z;2008;;;;;;<NA>;;;;;<NA>;<NA>;;;;;;;;;;;;;;;;
False;['45261100'];;True;True;False;non attribue;;;False;;;2026-09-18;{'StreetName': 'Avenue des flamboyants', 'AdditionalStreetName': 'Cellule des marchés publics', 'CityName': 'Cayenne Cedex', 'PostalZone': '97306', 'Country': 'FRA'};498262393;False;FORCE OUVRIERE DU CENTRE HOSPITALIER ANDREE ROSEMON;"Centre Hospitalier de Cayenne ""Andrée ROSEMON""";;;travaux;['Valeur technique appréciée au regard du mémoire technique', 'Prix des prestationsce critère sera noté sur la base du montant indiqué au Dpgf, avec application de la formule suivante :(Offre la moins disante / Offre du candidat examinée) x 40'];['technique', 'prix'];[60.0, 40.0];;True;;False;;;;26-89808;;;;LOT-0003;45210000;;13;1.0;;CONSTRUCTION DU CENTRE DELOCALISE DE PREVENTION ET DE SOINS (CDPS) ET DE 5 LOGEMENTS DE FONCTION A APATOU;ouverte;CHU/2026_TX_006;;;;True;True;True;;8410.0;Syndicat de salariés ;;<NA>;1981-10-01;94.20Z;2008;;;;;;<NA>;;;;;<NA>;<NA>;;;;;;;;;;;;;;;;
False;['45261420'];;True;True;False;non attribue;;;False;;;2026-09-18;{'StreetName': 'Avenue des flamboyants', 'AdditionalStreetName': 'Cellule des marchés publics', 'CityName': 'Cayenne Cedex', 'PostalZone': '97306', 'Country': 'FRA'};498262393;False;FORCE OUVRIERE DU CENTRE HOSPITALIER ANDREE ROSEMON;"Centre Hospitalier de Cayenne ""Andrée ROSEMON""";;;travaux;['Valeur technique appréciée au regard du mémoire technique', 'Prix des prestationsce critère sera noté sur la base du montant indiqué au Dpgf, avec application de la formule suivante :(Offre la moins disante / Offre du candidat examinée) x 40'];['technique', 'prix'];[60.0, 40.0];;True;;False;;;;26-89808;;;;LOT-0004;45210000;;13;3.0;;CONSTRUCTION DU CENTRE DELOCALISE DE PREVENTION ET DE SOINS (CDPS) ET DE 5 LOGEMENTS DE FONCTION A APATOU;ouverte;CHU/2026_TX_006;;;;True;True;True;;8410.0;Syndicat de salariés ;;<NA>;1981-10-01;94.20Z;2008;;;;;;<NA>;;;;;<NA>;<NA>;;;;;;;;;;;;;;;;
False;['45431000'];;True;True;False;non attribue;;;False;;;2026-09-18;{'StreetName': 'Avenue des flamboyants', 'AdditionalStreetName': 'Cellule des marchés publics', 'CityName': 'Cayenne Cedex', 'PostalZone': '97306', 'Country': 'FRA'};498262393;False;FORCE OUVRIERE DU CENTRE HOSPITALIER ANDREE ROSEMON;"Centre Hospitalier de Cayenne ""Andrée ROSEMON""";;;travaux;['Valeur technique appréciée au regard du mémoire technique', 'Prix des prestationsce critère sera noté sur la base du montant indiqué au Dpgf, avec application de la formule suivante :(Offre la moins disante / Offre du candidat examinée) x 40'];['technique', 'prix'];[60.0, 40.0];;True;;False;;;;26-89808;;;;LOT-0005;45210000;;13;3.0;;CONSTRUCTION DU CENTRE DELOCALISE DE PREVENTION ET DE SOINS (CDPS) ET DE 5 LOGEMENTS DE FONCTION A APATOU;ouverte;CHU/2026_TX_006;;;;True;True;True;;8410.0;Syndicat de salariés ;;<NA>;1981-10-01;94.20Z;2008;;;;;;<NA>;;;;;<NA>;<NA>;;;;;;;;;;;;;;;;
False;['45442100'];;True;True;False;non attribue;;;False;;;2026-09-18;{'StreetName': 'Avenue des flamboyants', 'AdditionalStreetName': 'Cellule des marchés publics', 'CityName': 'Cayenne Cedex', 'PostalZone': '97306', 'Country': 'FRA'};498262393;False;FORCE OUVRIERE DU CENTRE HOSPITALIER ANDREE ROSEMON;"Centre Hospitalier de Cayenne ""Andrée ROSEMON""";;;travaux;['Valeur technique appréciée au regard du mémoire technique', 'Prix des prestationsce critère sera noté sur la base du montant indiqué au Dpgf, avec application de la formule suivante :(Offre la moins disante / Offre du candidat examinée) x 40'];['technique', 'prix'];[60.0, 40.0];;True;;False;;;;26-89808;;;;LOT-0006;45210000;;13;3.0;;CONSTRUCTION DU CENTRE DELOCALISE DE PREVENTION ET DE SOINS (CDPS) ET DE 5 LOGEMENTS DE FONCTION A APATOU;ouverte;CHU/2026_TX_006;;;;True;True;True;;8410.0;Syndicat de salariés ;;<NA>;1981-10-01;94.20Z;2008;;;;;;<NA>;;;;;<NA>;<NA>;;;;;;;;;;;;;;;;
False;['45421146'];;True;True;False;non attribue;;;False;;;2026-09-18;{'StreetName': 'Avenue des flamboyants', 'AdditionalStreetName': 'Cellule des marchés publics', 'CityName': 'Cayenne Cedex', 'PostalZone': '97306', 'Country': 'FRA'};498262393;False;FORCE OUVRIERE DU CENTRE HOSPITALIER ANDREE ROSEMON;"Centre Hospitalier de Cayenne ""Andrée ROSEMON""";;;travaux;['Valeur technique appréciée au regard du mémoire technique', 'Prix des prestationsce critère sera noté sur la base du montant indiqué au Dpgf, avec application de la formule suivante :(Offre la moins disante / Offre du candidat examinée) x 40'];['technique', 'prix'];[60.0, 40.0];;True;;False;;;;26-89808;;;;LOT-0007;45210000;;13;4.0;;CONSTRUCTION DU CENTRE DELOCALISE DE PREVENTION ET DE SOINS (CDPS) ET DE 5 LOGEMENTS DE FONCTION A APATOU;ouverte;CHU/2026_TX_006;;;;True;True;True;;8410.0;Syndicat de salariés ;;<NA>;1981-10-01;94.20Z;2008;;;;;;<NA>;;;;;<NA>;<NA>;;;;;;;;;;;;;;;;
False;['45312100'];;True;True;False;non attribue;;;False;;;2026-09-18;{'StreetName': 'Avenue des flamboyants', 'AdditionalStreetName': 'Cellule des marchés publics', 'CityName': 'Cayenne Cedex', 'PostalZone': '97306', 'Country': 'FRA'};498262393;False;FORCE OUVRIERE DU CENTRE HOSPITALIER ANDREE ROSEMON;"Centre Hospitalier de Cayenne ""Andrée ROSEMON""";;;travaux;['Valeur technique appréciée au regard du mémoire technique', 'Prix des prestationsce critère sera noté sur la base du montant indiqué au Dpgf, avec application de la formule suivante :(Offre la moins disante / Offre du candidat examinée) x 40'];['technique', 'prix'];[60.0, 40.0];;True;;False;;;;26-89808;;;;LOT-0008;45210000;;13;3.0;;CONSTRUCTION DU CENTRE DELOCALISE DE PREVENTION ET DE SOINS (CDPS) ET DE 5 LOGEMENTS DE FONCTION A APATOU;ouverte;CHU/2026_TX_006;;;;True;True;True;;8410.0;Syndicat de salariés ;;<NA>;1981-10-01;94.20Z;2008;;;;;;<NA>;;;;;<NA>;<NA>;;;;;;;;;;;;;;;;
False;['45331200'];;True;True;False;non attribue;;;False;;;2026-09-18;{'StreetName': 'Avenue des flamboyants', 'AdditionalStreetName': 'Cellule des marchés publics', 'CityName': 'Cayenne Cedex', 'PostalZone': '97306', 'Country': 'FRA'};498262393;False;FORCE OUVRIERE DU CENTRE HOSPITALIER ANDREE ROSEMON;"Centre Hospitalier de Cayenne ""Andrée ROSEMON""";;;travaux;['Valeur technique appréciée au regard du mémoire technique', 'Prix des prestationsce critère sera noté sur la base du montant indiqué au Dpgf, avec application de la formule suivante :(Offre la moins disante / Offre du candidat examinée) x 40'];['technique', 'prix'];[60.0, 40.0];;True;;False;;;;26-89808;;;;LOT-0009;45210000;;13;0.0;;CONSTRUCTION DU CENTRE DELOCALISE DE PREVENTION ET DE SOINS (CDPS) ET DE 5 LOGEMENTS DE FONCTION A APATOU;ouverte;CHU/2026_TX_006;;;;True;True;True;;8410.0;Syndicat de salariés ;;<NA>;1981-10-01;94.20Z;2008;;;;;;<NA>;;;;;<NA>;<NA>;;;;;;;;;;;;;;;;
False;['45330000'];;True;True;False;non attribue;;;False;;;2026-09-18;{'StreetName': 'Avenue des flamboyants', 'AdditionalStreetName': 'Cellule des marchés publics', 'CityName': 'Cayenne Cedex', 'PostalZone': '97306', 'Country': 'FRA'};498262393;False;FORCE OUVRIERE DU CENTRE HOSPITALIER ANDREE ROSEMON;"Centre Hospitalier de Cayenne ""Andrée ROSEMON""";;;travaux;['Valeur technique appréciée au regard du mémoire technique', 'Prix des prestationsce critère sera noté sur la base du montant indiqué au Dpgf, avec application de la formule suivante :(Offre la moins disante / Offre du candidat examinée) x 40'];['technique', 'prix'];[60.0, 40.0];;True;;False;;;;26-89808;;;;LOT-0010;45210000;;13;3.0;;CONSTRUCTION DU CENTRE DELOCALISE DE PREVENTION ET DE SOINS (CDPS) ET DE 5 LOGEMENTS DE FONCTION A APATOU;ouverte;CHU/2026_TX_006;;;;True;True;True;;8410.0;Syndicat de salariés ;;<NA>;1981-10-01;94.20Z;2008;;;;;;<NA>;;;;;<NA>;<NA>;;;;;;;;;;;;;;;;
False;['45215100'];;True;True;False;non attribue;;;False;;;2026-09-18;{'StreetName': 'Avenue des flamboyants', 'AdditionalStreetName': 'Cellule des marchés publics', 'CityName': 'Cayenne Cedex', 'PostalZone': '97306', 'Country': 'FRA'};498262393;False;FORCE OUVRIERE DU CENTRE HOSPITALIER ANDREE ROSEMON;"Centre Hospitalier de Cayenne ""Andrée ROSEMON""";;;travaux;['Valeur technique appréciée au regard du mémoire technique', 'Prix des prestationsce critère sera noté sur la base du montant indiqué au Dpgf, avec application de la formule suivante :(Offre la moins disante / Offre du candidat examinée) x 40'];['technique', 'prix'];[60.0, 40.0];;True;;False;;;;26-89808;;;;LOT-0011;45210000;;13;0.0;;CONSTRUCTION DU CENTRE DELOCALISE DE PREVENTION ET DE SOINS (CDPS) ET DE 5 LOGEMENTS DE FONCTION A APATOU;ouverte;CHU/2026_TX_006;;;;True;True;True;;8410.0;Syndicat de salariés ;;<NA>;1981-10-01;94.20Z;2008;;;;;;<NA>;;;;;<NA>;<NA>;;;;;;;;;;;;;;;;
False;['79822500'];;True;True;False;non attribue;;;False;;;2026-09-18;{'StreetName': 'Avenue des flamboyants', 'AdditionalStreetName': 'Cellule des marchés publics', 'CityName': 'Cayenne Cedex', 'PostalZone': '97306', 'Country': 'FRA'};498262393;False;FORCE OUVRIERE DU CENTRE HOSPITALIER ANDREE ROSEMON;"Centre Hospitalier de Cayenne ""Andrée ROSEMON""";;;travaux;['Valeur technique appréciée au regard du mémoire technique', 'Prix des prestationsce critère sera noté sur la base du montant indiqué au Dpgf, avec application de la formule suivante :(Offre la moins disante / Offre du candidat examinée) x 40'];['technique', 'prix'];[60.0, 40.0];;True;;False;;;;26-89808;;;;LOT-0012;45210000;;13;0.0;;CONSTRUCTION DU CENTRE DELOCALISE DE PREVENTION ET DE SOINS (CDPS) ET DE 5 LOGEMENTS DE FONCTION A APATOU;ouverte;CHU/2026_TX_006;;;;True;True;True;;8410.0;Syndicat de salariés ;;<NA>;1981-10-01;94.20Z;2008;;;;;;<NA>;;;;;<NA>;<NA>;;;;;;;;;;;;;;;;
False;['09331000'];;True;True;False;non attribue;;;False;;;2026-09-18;{'StreetName': 'Avenue des flamboyants', 'AdditionalStreetName': 'Cellule des marchés publics', 'CityName': 'Cayenne Cedex', 'PostalZone': '97306', 'Country': 'FRA'};498262393;False;FORCE OUVRIERE DU CENTRE HOSPITALIER ANDREE ROSEMON;"Centre Hospitalier de Cayenne ""Andrée ROSEMON""";;;travaux;['Valeur technique appréciée au regard du mémoire technique', 'Prix des prestationsce critère sera noté sur la base du montant indiqué au Dpgf, avec application de la formule suivante :(Offre la moins disante / Offre du candidat examinée) x 40'];['technique', 'prix'];[60.0, 40.0];;True;;False;;;;26-89808;;;;LOT-0013;45210000;;13;2.0;;CONSTRUCTION DU CENTRE DELOCALISE DE PREVENTION ET DE SOINS (CDPS) ET DE 5 LOGEMENTS DE FONCTION A APATOU;ouverte;CHU/2026_TX_006;;;;True;True;True;;8410.0;Syndicat de salariés ;;<NA>;1981-10-01;94.20Z;2008;;;;;;<NA>;;;;;<NA>;<NA>;;;;;;;;;;;;;;;;
False;['79710000', '79714000'];;True;True;False;attribue;{'StreetName': '230 Rue Francis Perrin', 'AdditionalStreetName': None, 'CityName': 'Monts', 'PostalZone': '37260', 'Country': 'FRA'};802547463;False;EPSILON SURVEILLANCE;EPSILON SURVEILLANCE;2026-09-18;{'StreetName': '40 avenue Charles de Gaulle', 'AdditionalStreetName': 'Cs 70600', 'CityName': 'Niort', 'PostalZone': '79021', 'Country': 'FRA'};['267900017', '267900017'];False;;Groupement Hospitalier de Territoire 79 - CH NIORT;;;services;"[""Valeur technique de l'offre"", 'Prix']";['technique', 'prix'];[60.0, 40.0];;False;4720000.0;False;;;;26-89701;;2520000.0;;LOT-0001;79710000;;3;9.0;;"Prestations de Surveillance et de Sécurité sur sites hospitaliers
CENTRE HOSPITALIER NORD DEUX-SEVRES";ouverte;S-PF-1814709;3.0;;;False;False;False;4720000.0;;;;;<NA>;<NA>;<NA>;5499.0;Société à responsabilité limitée (sans autre indication);20  à  49;False;<NA>;2008;N;80;80.1;80.1;80.10Z;2014-06-16;(47.298795, 0.64023);Monts;Indre-et-Loire;Centre-Val de Loire;(46.315555, -0.458516);Niort;Deux-Sèvres;Nouvelle-Aquitaine;;;;;;;;
False;['79714000', '79714000'];;True;True;False;attribue;{'StreetName': '230 Rue Francis Perrin', 'AdditionalStreetName': None, 'CityName': 'Monts', 'PostalZone': '37260', 'Country': 'FRA'};802547463;False;EPSILON SURVEILLANCE;EPSILON SURVEILLANCE;2026-09-18;{'StreetName': '40 avenue Charles de Gaulle', 'AdditionalStreetName': 'Cs 70600', 'CityName': 'Niort', 'PostalZone': '79021', 'Country': 'FRA'};['267900017', '267900017'];False;;Groupement Hospitalier de Territoire 79 - CH NIORT;;;services;"[""Valeur technique de l'offre"", 'Prix']";['technique', 'prix'];[60.0, 40.0];;False;4720000.0;False;;;;26-89701;;800000.0;;LOT-0002;79710000;;3;9.0;;"Prestations de Surveillance et de Sécurité sur sites hospitaliers
CENTRE HOSPITALIER NORD DEUX-SEVRES";ouverte;S-PF-1814709;3.0;;;False;False;False;4720000.0;;;;;<NA>;<NA>;<NA>;5499.0;Société à responsabilité limitée (sans autre indication);20  à  49;False;<NA>;2008;N;80;80.1;80.1;80.10Z;2014-06-16;(47.298795, 0.64023);Monts;Indre-et-Loire;Centre-Val de Loire;(46.315555, -0.458516);Niort;Deux-Sèvres;Nouvelle-Aquitaine;;;;;;;;
False;['79714000', '79714000'];;True;True;False;attribue;{'StreetName': '230 Rue Francis Perrin', 'AdditionalStreetName': None, 'CityName': 'Monts', 'PostalZone': '37260', 'Country': 'FRA'};802547463;False;EPSILON SURVEILLANCE;EPSILON SURVEILLANCE;2026-09-18;{'StreetName': '40 avenue Charles de Gaulle', 'AdditionalStreetName': 'Cs 70600', 'CityName': 'Niort', 'PostalZone': '79021', 'Country': 'FRA'};['267900017', '267900017'];False;;Groupement Hospitalier de Territoire 79 - CH NIORT;;;services;"[""Valeur technique de l'offre"", 'Prix']";['technique', 'prix'];[60.0, 40.0];;False;4720000.0;False;;;;26-89701;;1400000.0;;LOT-0003;79710000;;3;9.0;;"Prestations de Surveillance et de Sécurité sur sites hospitaliers
CENTRE HOSPITALIER NORD DEUX-SEVRES";ouverte;S-PF-1814709;3.0;;;False;False;False;4720000.0;;;;;<NA>;<NA>;<NA>;5499.0;Société à responsabilité limitée (sans autre indication);20  à  49;False;<NA>;2008;N;80;80.1;80.1;80.10Z;2014-06-16;(47.298795, 0.64023);Monts;Indre-et-Loire;Centre-Val de Loire;(46.315555, -0.458516);Niort;Deux-Sèvres;Nouvelle-Aquitaine;;;;;;;;
False;['77310000'];;True;True;False;attribue;{'StreetName': '416 impasse Jean Moulin', 'AdditionalStreetName': None, 'CityName': 'Montauban', 'PostalZone': '82000', 'Country': 'FRA'};450154554;False;ENVIRONNEMENT MULTI SERVICES;ENVIRONNEMENT MULTI SERVICES;2026-09-18;"{'StreetName': ""9 rue de l'hôtel de ville"", 'AdditionalStreetName': None, 'CityName': 'Montauban Cedex', 'PostalZone': '82000', 'Country': 'FRA'}";248200099;False;GRAND MONTAUBAN COMMUNAUTE D AGGLOMERATION;Grand Montauban Communauté d'Agglomeration;;;services;['Valeur technique', 'Prix des prestations'];['technique', 'prix'];[60.0, 40.0];;False;;False;;;;26-89923;;280000.0;;LOT-0001;75231240;;2;1.0;;Prestations de services de qualification et d'insertion professionnelle réalisée sous la forme de prestations d'appui et d'accompagnement à l'emploi;ouverte;26/020;3.0;;;False;False;False;680000.0;7348.0;Communauté d'agglomération ;500  à  999;<NA>;1998-01-01;84.11Z;2008;5460.0;Autre SARL coopérative ;20  à  49;True;<NA>;2008;N;81;81.3;81.3;81.30Z;2003-09-25;(44.022479, 1.3755);Montauban;Tarn-et-Garonne;Occitanie;(44.016376, 1.352761);Montauban;Tarn-et-Garonne;Occitanie;;;;;;;;
False;['85312510'];;True;True;False;attribue;{'StreetName': '10 rue Jean Carmet', 'AdditionalStreetName': None, 'CityName': 'Montauban', 'PostalZone': '82000', 'Country': 'FRA'};399439603;False;ASSOCIATION MONTAUBAN SERVICES;ASSOCIATION MONTAUBAN SERVICES;2026-09-18;"{'StreetName': ""9 rue de l'hôtel de ville"", 'AdditionalStreetName': None, 'CityName': 'Montauban Cedex', 'PostalZone': '82000', 'Country': 'FRA'}";248200099;False;GRAND MONTAUBAN COMMUNAUTE D AGGLOMERATION;Grand Montauban Communauté d'Agglomeration;;;services;['Valeur technique', 'Prix des prestations'];['technique', 'prix'];[60.0, 40.0];;False;;False;;;;26-89923;;400000.0;;LOT-0002;75231240;;2;1.0;;Prestations de services de qualification et d'insertion professionnelle réalisée sous la forme de prestations d'appui et d'accompagnement à l'emploi;ouverte;26/020;3.0;;;False;False;False;680000.0;7348.0;Communauté d'agglomération ;500  à  999;<NA>;1998-01-01;84.11Z;2008;9220.0;Association déclarée ;50  à  99;True;<NA>;2008;Q;88;88.9;88.99;88.99B;1994-11-01;(44.009701, 1.377713);Montauban;Tarn-et-Garonne;Occitanie;(44.016376, 1.352761);Montauban;Tarn-et-Garonne;Occitanie;;;;;;;;
