procedure_acceleree;cpv_supp;publicite;omc;allotissement;modifie;decision;adresse_fournisseur;siren_fournisseur;siren_fournisseur_connu;nom_siren_fournisseur;nom_declare_fournisseur;date_avis_attribution;adresse_acheteur;siren_acheteur;siren_acheteur_connu;nom_siren_acheteur;nom_declare_acheteur;date_avis_marche;debut_contrat;type_contrat;intitule_critere;type_critere;poids_critere;duree;clause_environnementale;valeur_totale_estimee;financement_ue;lieu_execution;type_accord_cadre;nom_fonds_ue;id_boamp_attribution;id_boamp_contrat;prix_attribution_lot;valeur_estimee_lot;id_lot;cpv;valeur_max_totale_accord_cadre;nombre_lots;nombre_offres;nombre_offres_pme;objet;procedure;id_projet;renouvellement;marche_reserve;favorable_pme;clause_sociale;strategique_environnemental;strategique_social;valeur_totale;code_statut_juridique_acheteur;nom_statut_juridique_acheteur;effectif_acheteur;acheteur_ess;date_creation_acheteur;code_activite_principale_acheteur;version_activite_acheteur;code_statut_juridique_fournisseur;nom_statut_juridique_fournisseur;effectif_fournisseur;fournisseur_ess;fournisseur_mission;version_activite_fournisseur;niveau_activite1_fournisseur;niveau_activite2_fournisseur;niveau_activite3_fournisseur;niveau_activite4_fournisseur;niveau_activite5_fournisseur;date_creation_fournisseur;gps_fournisseur;nom_commune_fournisseur;departement_fournisseur;region_fournisseur;gps_acheteur;nom_commune_acheteur;departement_acheteur;region_acheteur;epci_fournisseur;nom_epci_fournisseur;nature_epci_fournisseur;epci_acheteur;nom_epci_acheteur;nature_epci_acheteur;code_commune_fournisseur;code_commune_acheteur
False;['39221000'];;False;True;False;attribue;{'StreetName': '17 Rue des Frères Lumières - Zi Mitry Compans', 'AdditionalStreetName': None, 'CityName': 'Mitry-Mory', 'PostalZone': '77290', 'Country': 'FRA'};378186787;False;HORIS;HORIS;2026-09-17;{'StreetName': '39 avenue Georges Bernanos', 'AdditionalStreetName': None, 'CityName': 'Paris', 'PostalZone': '75005', 'Country': 'FRA'};187500061;False;CENTRE REGIONAL OEUVRES UNIV SCOLAIRES;Crous de Paris;;2026-07-06+02:00;fournitures;"[""Valeur technique de l'offre"", 'Prix']";['technique', 'prix'];[40.0, 60.0];90.0;False;;False;;;;26-89367;;427887.0;;LOT-0001;39221000;;2;5.0;;Achat de matériels de restauration - Campus Pierre et Marie CURIE (Restaurant Administratif JUSSIEU et Restaurant Universitaire CUVIER) PARIS 5ème;ouverte;2026-09;;;;False;False;False;427887.0;7385;Autre établissement public national administratif à compétence territoriale limitée ;500  à  999;False;1966-01-06;88.99B;2008;5710.0;SAS, société par actions simplifiée;250  à  499;False;<NA>;2008;G;46;46.6;46.69;46.69B;1990-05-01;(48.978079, 2.630283);Mitry-Mory;Seine-et-Marne;Île-de-France;(48.840075, 2.337413);Paris;Paris;Île-de-France;;;;;;;;
False;['39221000'];;False;True;False;non attribue;;;False;;;2026-09-17;{'StreetName': '39 avenue Georges Bernanos', 'AdditionalStreetName': None, 'CityName': 'Paris', 'PostalZone': '75005', 'Country': 'FRA'};187500061;False;CENTRE REGIONAL OEUVRES UNIV SCOLAIRES;Crous de Paris;;2026-07-06+02:00;fournitures;"[""Valeur technique de l'offre"", 'Prix']";['technique', 'prix'];[40.0, 60.0];90.0;False;;False;;;;26-89367;;;;LOT-0002;39221000;;2;4.0;;Achat de matériels de restauration - Campus Pierre et Marie CURIE (Restaurant Administratif JUSSIEU et Restaurant Universitaire CUVIER) PARIS 5ème;ouverte;2026-09;;;;False;False;False;427887.0;7385;Autre établissement public national administratif à compétence territoriale limitée ;500  à  999;False;1966-01-06;88.99B;2008;;;;;;<NA>;;;;;<NA>;<NA>;;;;;(48.840075, 2.337413);Paris;Paris;Île-de-France;;;;;;;;
False;['50750000'];;True;False;False;attribue;{'StreetName': 'Campus Arboretum - Bâtiment Cèdre - 1, place des Papeteries', 'AdditionalStreetName': None, 'CityName': 'Nanterre', 'PostalZone': '92000', 'Country': 'FRA'};542107800;False;OTIS;OTIS - Région Tertiaire Marchés Publics et Privés;2026-09-17;{'StreetName': '39 avenue Georges Bernanos', 'AdditionalStreetName': None, 'CityName': 'Paris', 'PostalZone': '75005', 'Country': 'FRA'};187500061;False;CENTRE REGIONAL OEUVRES UNIV SCOLAIRES;Crous de Paris;;2026-07-01+02:00;services;"[""Valeur technique de l'offre"", 'Prix']";['technique', 'prix'];[45.0, 55.0];1440.0;False;;False;;;;26-89368;;529600.0;;LOT-0000;50750000;;1;5.0;;Marché de maintenance des ascenseurs et portes automatiques des sites du Crous de Paris;ouverte;2026-21;3.0;;;False;False;False;529600.0;7385;Autre établissement public national administratif à compétence territoriale limitée ;500  à  999;False;1966-01-06;88.99B;2008;5306.0;Société en commandite simple ;2 000  à  4 999;True;<NA>;2008;F;43;43.2;43.29;43.29B;1954-01-01;(48.903771, 2.203918);Nanterre;Hauts-de-Seine;Île-de-France;(48.840075, 2.337413);Paris;Paris;Île-de-France;;;;;;;;
False;;;True;False;False;attribue;{'StreetName': None, 'AdditionalStreetName': None, 'CityName': '21231', 'PostalZone': '21000', 'Country': 'FRA'};409867942;True;INEO INFRACOM;INEO INFRACOM;2026-09-17;"{'StreetName': ""7 avenue de la porte d'Ivry"", 'AdditionalStreetName': None, 'CityName': 'Paris', 'PostalZone': '75013', 'Country': 'FRA'}";217500016;True;VILLE DE PARIS;VILLE de PARIS - DFA - SDA;;;services;['Prix des prestations', 'Pertinence des moyens dédiés à l’exécution des prestations', 'Pertinence de la méthode de réalisation des prestations', 'Performance environnementale des prestations'];['prix', 'technique', 'technique', 'environnemental'];[45.0, 25.0, 20.0, 10.0];720.0;False;;False;{'StreetName': None, 'CityName': None, 'PostalZone': None, 'NUTS': 'FR101', 'Country': 'FRA'};;;26-89577;;4196804.0;;LOT-0001;50331000;;1;5.0;;Entretien, rénovation et extension des équipements de vidéo surveillance, des postes d’appel d’urgence et des câbles de transmission des équipements sur le périphérique, les tunnels et les voies sur b;ouverte;2026S077290000;1.0;;;False;False;False;4196804.0;7229;(Autre) Collectivité territoriale ;10 000  et plus ;False;1983-03-01;84.11Z;2008;5710.0;SAS, société par actions simplifiée;1 000  à  1 999;False;<NA>;2008;F;42;42.2;42.22;42.22Z;1996-11-19;;;;;(48.819802, 2.372255);Paris;Paris;Île-de-France;;;;;;;;
False;['90900000', '90911000', '90911200', '90919200'];;True;True;False;attribue;{'StreetName': '9 rue des Sablons', 'AdditionalStreetName': None, 'CityName': 'Echarcon', 'PostalZone': '91540', 'Country': 'FRA'};303354732;False;SOCIETE GENERALE DE NETTOYAGE ET D'ENTRETIEN;SOCIETE GENERALE DE NETTOYAGE ET D'ENTRETIEN;2026-09-17;{'StreetName': '39 avenue Georges Bernanos', 'AdditionalStreetName': None, 'CityName': 'Paris', 'PostalZone': '75005', 'Country': 'FRA'};187500061;False;CENTRE REGIONAL OEUVRES UNIV SCOLAIRES;Crous de Paris;;;services;"[""Valeur technique de l'offre"", 'Prix']";['technique', 'prix'];[40.0, 60.0];;False;;False;;;;26-89424;;93400.0;;LOT-0001;90910000;;9;10.0;;Prestations de nettoyage des sites du Crous de Paris;ouverte;2026-08;3.0;;;False;False;False;4614590.0;7385;Autre établissement public national administratif à compétence territoriale limitée ;500  à  999;False;1966-01-06;88.99B;2008;5710.0;SAS, société par actions simplifiée;250  à  499;False;<NA>;2008;N;81;81.2;81.21;81.21Z;1975-01-01;(48.572343, 2.412804);Écharcon;Essonne;Île-de-France;(48.840075, 2.337413);Paris;Paris;Île-de-France;;;;;;;;
False;['90900000', '90911000', '90911200', '90919200'];;True;True;False;attribue;{'StreetName': '9 Rue Des Sablons', 'AdditionalStreetName': None, 'CityName': 'Echarcon', 'PostalZone': '91540', 'Country': 'FRA'};303354732;False;SOCIETE GENERALE DE NETTOYAGE ET D'ENTRETIEN;SOCIETE GENERALE DE NETTOYAGE ET D'ENTRETIEN;2026-09-17;{'StreetName': '39 avenue Georges Bernanos', 'AdditionalStreetName': None, 'CityName': 'Paris', 'PostalZone': '75005', 'Country': 'FRA'};187500061;False;CENTRE REGIONAL OEUVRES UNIV SCOLAIRES;Crous de Paris;;;services;"[""Valeur technique de l'offre"", 'Prix']";['technique', 'prix'];[40.0, 60.0];;False;;False;;;;26-89424;;166644.0;;LOT-0002;90910000;;9;9.0;;Prestations de nettoyage des sites du Crous de Paris;ouverte;2026-08;3.0;;;False;False;False;4614590.0;7385;Autre établissement public national administratif à compétence territoriale limitée ;500  à  999;False;1966-01-06;88.99B;2008;5710.0;SAS, société par actions simplifiée;250  à  499;False;<NA>;2008;N;81;81.2;81.21;81.21Z;1975-01-01;(48.572343, 2.412804);Écharcon;Essonne;Île-de-France;(48.840075, 2.337413);Paris;Paris;Île-de-France;;;;;;;;
False;['90900000', '90911000', '90911200', '90919200'];;True;True;False;attribue;{'StreetName': '16b Avenue des Marronniers', 'AdditionalStreetName': None, 'CityName': 'Asnières-sur-Seine', 'PostalZone': '92600', 'Country': 'FRA'};419705900;False;B M SERVICES;France CLEAN;2026-09-17;{'StreetName': '39 avenue Georges Bernanos', 'AdditionalStreetName': None, 'CityName': 'Paris', 'PostalZone': '75005', 'Country': 'FRA'};187500061;False;CENTRE REGIONAL OEUVRES UNIV SCOLAIRES;Crous de Paris;;;services;"[""Valeur technique de l'offre"", 'Prix']";['technique', 'prix'];[40.0, 60.0];;False;;False;;;;26-89424;;149132.0;;LOT-0003;90910000;;9;11.0;;Prestations de nettoyage des sites du Crous de Paris;ouverte;2026-08;3.0;;;False;False;False;4614590.0;7385;Autre établissement public national administratif à compétence territoriale limitée ;500  à  999;False;1966-01-06;88.99B;2008;5499.0;Société à responsabilité limitée (sans autre indication);1  ou  2;False;<NA>;2008;S;96;96.0;96.01;96.01B;1998-07-24;(48.912061, 2.279181);Asnières-sur-Seine;Hauts-de-Seine;Île-de-France;(48.840075, 2.337413);Paris;Paris;Île-de-France;;;;;;;;
False;['90900000', '90911000', '90911200', '90919200'];;True;True;False;attribue;{'StreetName': '9 rue des Sablons', 'AdditionalStreetName': None, 'CityName': 'écharcon', 'PostalZone': '91540', 'Country': 'FRA'};;False;;MAÎTRISE DE L'HIGIÈNE ET DE LA PROPRETE;2026-09-17;{'StreetName': '39 avenue Georges Bernanos', 'AdditionalStreetName': None, 'CityName': 'Paris', 'PostalZone': '75005', 'Country': 'FRA'};187500061;False;CENTRE REGIONAL OEUVRES UNIV SCOLAIRES;Crous de Paris;;;services;"[""Valeur technique de l'offre"", 'Prix']";['technique', 'prix'];[40.0, 60.0];;False;;False;;;;26-89424;;150057.0;;LOT-0004;90910000;;9;12.0;;Prestations de nettoyage des sites du Crous de Paris;ouverte;2026-08;3.0;;;False;False;False;4614590.0;7385;Autre établissement public national administratif à compétence territoriale limitée ;500  à  999;False;1966-01-06;88.99B;2008;;;;;;<NA>;;;;;<NA>;<NA>;(48.572343, 2.412804);Écharcon;Essonne;Île-de-France;(48.840075, 2.337413);Paris;Paris;Île-de-France;;;;;;;;
False;['90900000', '90911000', '90911200', '90919200'];;True;True;False;attribue;{'StreetName': '134 Avenue Henri Barbusse', 'AdditionalStreetName': None, 'CityName': 'Bondy', 'PostalZone': '93140', 'Country': 'FRA'};745851303;False;GUILBERT PROPRETE;GUILBERT PROPRETÉ;2026-09-17;{'StreetName': '39 avenue Georges Bernanos', 'AdditionalStreetName': None, 'CityName': 'Paris', 'PostalZone': '75005', 'Country': 'FRA'};187500061;False;CENTRE REGIONAL OEUVRES UNIV SCOLAIRES;Crous de Paris;;;services;"[""Valeur technique de l'offre"", 'Prix']";['technique', 'prix'];[40.0, 60.0];;False;;False;;;;26-89424;;209059.0;;LOT-0005;90910000;;9;12.0;;Prestations de nettoyage des sites du Crous de Paris;ouverte;2026-08;3.0;;;False;False;False;4614590.0;7385;Autre établissement public national administratif à compétence territoriale limitée ;500  à  999;False;1966-01-06;88.99B;2008;5710.0;SAS, société par actions simplifiée;2 000  à  4 999;False;<NA>;2008;N;81;81.2;81.21;81.21Z;1958-01-01;(48.900015, 2.492489);Bondy;Seine-Saint-Denis;Île-de-France;(48.840075, 2.337413);Paris;Paris;Île-de-France;;;;;;;;
False;['90900000', '90911000', '90911200', '90919200'];;True;True;False;attribue;{'StreetName': '9 Rue Des Sablons', 'AdditionalStreetName': None, 'CityName': 'Echarcon', 'PostalZone': '91540', 'Country': 'FRA'};315982470;False;LES PROFESSIONNELS DU NETTOYAGE;LES PROFESSIONNELS DU NETTOYAGE;2026-09-17;{'StreetName': '39 avenue Georges Bernanos', 'AdditionalStreetName': None, 'CityName': 'Paris', 'PostalZone': '75005', 'Country': 'FRA'};187500061;False;CENTRE REGIONAL OEUVRES UNIV SCOLAIRES;Crous de Paris;;;services;"[""Valeur technique de l'offre"", 'Prix']";['technique', 'prix'];[40.0, 60.0];;False;;False;;;;26-89424;;110156.0;;LOT-0006;90910000;;9;10.0;;Prestations de nettoyage des sites du Crous de Paris;ouverte;2026-08;3.0;;;False;False;False;4614590.0;7385;Autre établissement public national administratif à compétence territoriale limitée ;500  à  999;False;1966-01-06;88.99B;2008;5710.0;SAS, société par actions simplifiée;100  à  199;False;<NA>;2008;N;81;81.2;81.21;81.21Z;1979-01-01;(48.572343, 2.412804);Écharcon;Essonne;Île-de-France;(48.840075, 2.337413);Paris;Paris;Île-de-France;;;;;;;;
False;['90900000', '90911000', '90911200', '90919200'];;True;True;False;attribue;{'StreetName': '9 Rue Des Sablons', 'AdditionalStreetName': None, 'CityName': 'Echarcon', 'PostalZone': '91540', 'Country': 'FRA'};315982470;False;LES PROFESSIONNELS DU NETTOYAGE;LES PROFESSIONNELS DU NETTOYAGE;2026-09-17;{'StreetName': '39 avenue Georges Bernanos', 'AdditionalStreetName': None, 'CityName': 'Paris', 'PostalZone': '75005', 'Country': 'FRA'};187500061;False;CENTRE REGIONAL OEUVRES UNIV SCOLAIRES;Crous de Paris;;;services;"[""Valeur technique de l'offre"", 'Prix']";['technique', 'prix'];[40.0, 60.0];;False;;False;;;;26-89424;;175658.0;;LOT-0007;90910000;;9;13.0;;Prestations de nettoyage des sites du Crous de Paris;ouverte;2026-08;3.0;;;False;False;False;4614590.0;7385;Autre établissement public national administratif à compétence territoriale limitée ;500  à  999;False;1966-01-06;88.99B;2008;5710.0;SAS, société par actions simplifiée;100  à  199;False;<NA>;2008;N;81;81.2;81.21;81.21Z;1979-01-01;(48.572343, 2.412804);Écharcon;Essonne;Île-de-France;(48.840075, 2.337413);Paris;Paris;Île-de-France;;;;;;;;
False;['90900000', '90911000', '90911200', '90919200'];;True;True;False;attribue;{'StreetName': '10 rue Augustin Fresnel', 'AdditionalStreetName': None, 'CityName': 'Goussainville', 'PostalZone': '95190', 'Country': 'FRA'};394657712;False;AGENOR CDG;AGENOR SUPPORT;2026-09-17;{'StreetName': '39 avenue Georges Bernanos', 'AdditionalStreetName': None, 'CityName': 'Paris', 'PostalZone': '75005', 'Country': 'FRA'};187500061;False;CENTRE REGIONAL OEUVRES UNIV SCOLAIRES;Crous de Paris;;;services;"[""Valeur technique de l'offre"", 'Prix']";['technique', 'prix'];[40.0, 60.0];;False;;False;;;;26-89424;;75918.0;;LOT-0008;90910000;;9;12.0;;Prestations de nettoyage des sites du Crous de Paris;ouverte;2026-08;3.0;;;False;False;False;4614590.0;7385;Autre établissement public national administratif à compétence territoriale limitée ;500  à  999;False;1966-01-06;88.99B;2008;5710.0;SAS, société par actions simplifiée;200  à  249;<NA>;<NA>;2008;N;81;81.2;81.21;81.21Z;1994-03-09;(49.023373, 2.454881);Goussainville;Val-d'Oise;Île-de-France;(48.840075, 2.337413);Paris;Paris;Île-de-France;;;;;;;;
False;['90900000', '90911000', '90911200', '90919200'];;True;True;False;non attribue;;;False;;;2026-09-17;{'StreetName': '39 avenue Georges Bernanos', 'AdditionalStreetName': None, 'CityName': 'Paris', 'PostalZone': '75005', 'Country': 'FRA'};187500061;False;CENTRE REGIONAL OEUVRES UNIV SCOLAIRES;Crous de Paris;;;services;"[""Valeur technique de l'offre"", 'Prix']";['technique', 'prix'];[40.0, 60.0];;False;;False;;;;26-89424;;;;LOT-0009;90910000;;9;2.0;;Prestations de nettoyage des sites du Crous de Paris;ouverte;2026-08;3.0;;;False;False;False;4614590.0;7385;Autre établissement public national administratif à compétence territoriale limitée ;500  à  999;False;1966-01-06;88.99B;2008;;;;;;<NA>;;;;;<NA>;<NA>;;;;;(48.840075, 2.337413);Paris;Paris;Île-de-France;;;;;;;;
False;['39152000'];;True;True;False;attribue;{'StreetName': '183 avenue Georges Clémenceau', 'AdditionalStreetName': None, 'CityName': 'Nanterre', 'PostalZone': '92000', 'Country': 'FRA'};331102434;True;SAMODEF FORSTER SARL;SAMODEF FORSTER;2026-09-17;{'StreetName': '4 rue Brantôme', 'AdditionalStreetName': None, 'CityName': 'Paris', 'PostalZone': '75004', 'Country': 'FRA'};180046021;True;CENTRE NATIONAL D'ART ET DE CULTURE GEORGES POMPIDOU;CENTRE POMPIDOU;;;fournitures;"[""Valeur technique de l'offre"", ""Valeur financière de l'offre"", ""Mesures mises en place pour réduire l'impact environnemental des prestations objet de l'accord-cadre""]";['technique', 'prix', 'environnemental'];[45.0, 50.0, 5.0];1440.0;True;;False;{'StreetName': None, 'CityName': 'Paris', 'PostalZone': None, 'NUTS': 'FR101', 'Country': 'FRA'};sans remise en concurrence;;26-89344;;2121181.0;;LOT-0001;39151000;3700000.0;3;3.0;;Acquisition, livraison, montage et installation d'équipements de stockage pour les réserves du Centre Pompidou francilien à Massy (3 lots);ouverte;26-CP13-039_A_041-AC;3.0;;;False;False;False;;7389;Établissement public national à caractère administratif ;1 000  à  1 999;<NA>;1971-12-31;91.03Z;2008;5499.0;Société à responsabilité limitée (sans autre indication);6  à  9;False;<NA>;2008;F;43;43.3;43.32;43.32B;1984-11-16;(48.886447, 2.214336);Nanterre;Hauts-de-Seine;Île-de-France;(48.851533, 2.355463);Paris;Paris;Île-de-France;;;;;;;;
False;['39173000'];;True;True;False;attribue;{'StreetName': '13 rue Jacobi Netter', 'AdditionalStreetName': None, 'CityName': 'Strasbourg', 'PostalZone': '67200', 'Country': 'FRA'};438240590;True;BRUYNZEEL RANGEMENTS;BRUYNZEEL RANGEMENTS;2026-09-17;{'StreetName': '4 rue Brantôme', 'AdditionalStreetName': None, 'CityName': 'Paris', 'PostalZone': '75004', 'Country': 'FRA'};180046021;True;CENTRE NATIONAL D'ART ET DE CULTURE GEORGES POMPIDOU;CENTRE POMPIDOU;;;fournitures;"[""Valeur technique de l'offre"", ""Valeur financière de l'offre"", 'Mesures mises en place pour réduire l’impact environnemental des prestations objet de l’accord-cadre']";['technique', 'prix', 'environnemental'];[45.0, 50.0, 5.0];1440.0;True;;False;{'StreetName': None, 'CityName': 'Paris', 'PostalZone': None, 'NUTS': 'FR101', 'Country': 'FRA'};sans remise en concurrence;;26-89344;;496753.0;;LOT-0002;39151000;3700000.0;3;2.0;;Acquisition, livraison, montage et installation d'équipements de stockage pour les réserves du Centre Pompidou francilien à Massy (3 lots);ouverte;26-CP13-039_A_041-AC;3.0;;;False;False;False;;7389;Établissement public national à caractère administratif ;1 000  à  1 999;<NA>;1971-12-31;91.03Z;2008;5710.0;SAS, société par actions simplifiée;20  à  49;False;<NA>;2008;F;43;43.3;43.32;43.32B;2001-06-01;(48.587002, 7.705017);Strasbourg;Bas-Rhin;Grand Est;(48.851533, 2.355463);Paris;Paris;Île-de-France;;;;;;;;
False;['39151100'];;True;True;False;attribue;{'StreetName': '13 rue Jacobi Netter', 'AdditionalStreetName': None, 'CityName': 'Strasbourg', 'PostalZone': '67200', 'Country': 'FRA'};438240590;True;BRUYNZEEL RANGEMENTS;BRUYNZEEL RANGEMENTS;2026-09-17;{'StreetName': '4 rue Brantôme', 'AdditionalStreetName': None, 'CityName': 'Paris', 'PostalZone': '75004', 'Country': 'FRA'};180046021;True;CENTRE NATIONAL D'ART ET DE CULTURE GEORGES POMPIDOU;CENTRE POMPIDOU;;;fournitures;"[""Valeur technique de l'offre"", ""Valeur financière de l'offre"", 'Mesures mises en place pour réduire l’impact environnemental des prestations objet de l’accord-cadre']";['technique', 'prix', 'environnemental'];[45.0, 50.0, 5.0];1440.0;True;;False;{'StreetName': None, 'CityName': 'Paris', 'PostalZone': None, 'NUTS': 'FR101', 'Country': 'FRA'};sans remise en concurrence;;26-89344;;390289.0;;LOT-0003;39151000;3700000.0;3;1.0;;Acquisition, livraison, montage et installation d'équipements de stockage pour les réserves du Centre Pompidou francilien à Massy (3 lots);ouverte;26-CP13-039_A_041-AC;3.0;;;False;False;False;;7389;Établissement public national à caractère administratif ;1 000  à  1 999;<NA>;1971-12-31;91.03Z;2008;5710.0;SAS, société par actions simplifiée;20  à  49;False;<NA>;2008;F;43;43.3;43.32;43.32B;2001-06-01;(48.587002, 7.705017);Strasbourg;Bas-Rhin;Grand Est;(48.851533, 2.355463);Paris;Paris;Île-de-France;;;;;;;;
False;['71410000', '71356200'];;False;False;False;attribue;{'StreetName': None, 'AdditionalStreetName': None, 'CityName': 'PARIS 9', 'PostalZone': '75009', 'Country': 'FRA'};322315292;True;FORMATION RECHERCHES ETUDES NEGOCIEES;Groupement FRENE (Mandataire),SEPHIA (Co-traitant);2026-09-17;"{'StreetName': ""7 avenue de la porte d'Ivry"", 'AdditionalStreetName': None, 'CityName': 'PARIS', 'PostalZone': '75013', 'Country': 'FRA'}";217500016;True;VILLE DE PARIS;VILLE de PARIS - DFA - SDA;;;services;"[""Pertinence des moyens humains dédiés à l'exécution des prestations et de l’organisation de l’équipe dédiée"", ""Pertinence de la méthodologie proposée pour conduire l'ensemble des prestations"", 'Prix']";['social', 'technique', 'prix'];[40.0, 30.0, 30.0];1440.0;False;;False;{'StreetName': None, 'CityName': None, 'PostalZone': None, 'NUTS': 'FR101', 'Country': 'FRA'};sans remise en concurrence;;26-89663;;152400.0;;LOT-0001;79311000;220400.0;1;4.0;;Maitrise d’OEuvre Urbaine et Sociale (MOUS) à destination des résidents des Aires d’Accueil des Gens du Voyage de Paris (relance);ouverte;2600040;;;;False;False;False;152400.0;7229;(Autre) Collectivité territoriale ;10 000  et plus ;False;1983-03-01;84.11Z;2008;5458.0;SARL coopérative de production (SCOP);20  à  49;True;<NA>;2008;M;70;70.2;70.22;70.22Z;1981-09-01;;Paris;Paris;Île-de-France;(48.819802, 2.372255);Paris;Paris;Île-de-France;;;;;;;;
False;;;True;False;False;attribue;{'StreetName': '145 – 147 quai du Président Roosevelt', 'AdditionalStreetName': None, 'CityName': 'Issy-Les-Moulineaux', 'PostalZone': '92130', 'Country': 'FRA'};479766842;True;CAPGEMINI TECHNOLOGY SERVICES;CAPGEMINI TECHNOLOGY SERVICES;2026-09-17;{'StreetName': '61-65 rue Dutot', 'AdditionalStreetName': None, 'CityName': 'Paris', 'PostalZone': '75015', 'Country': 'FRA'};110043015;True; MINISTERE DE L’EDUCATION NATIONALE;SG-SAAM-Mission des achats;;2026-08-20+02:00;services;['Valeur technique', 'Prix des prestations', 'Qualité environnementale'];['technique', 'prix', 'environnemental'];[60.0, 35.0, 5.0];720.0;True;19000000.0;False;{'StreetName': None, 'CityName': 'Paris', 'PostalZone': '75015', 'NUTS': 'FR101', 'Country': 'FRA'};sans remise en concurrence;;26-89386;;17783034.0;19000000.0;LOT-0001;72267000;38000000.0;1;3.0;;Prestations de tierce maintenance applicative, et prestations associées, relatives aux applications de technologie web;ouverte;MEN-SG-AOO-26004;2.0;;;True;False;False;17783034.0;7113;Ministère ;250  à  499;False;1981-06-23;84.11Z;2008;5710.0;SAS, société par actions simplifiée;10 000  et plus ;False;<NA>;2008;J;62;62.0;62.02;62.02A;2004-11-16;(48.828054, 2.260875);Issy-les-Moulineaux;Hauts-de-Seine;Île-de-France;(48.837868, 2.308216);Paris;Paris;Île-de-France;;;;;;;;
False;['71353000', '71353200'];;True;False;False;attribue;{'StreetName': '2 Rue De La Mare A Tissier', 'AdditionalStreetName': None, 'CityName': 'Saint-Pierre-Du-Perray', 'PostalZone': '91280', 'Country': 'FRA'};552017386;False;ATGT GEOMETRE-EXPERT;ATGT INGENIERIE;2026-09-17;{'StreetName': 'Avenue Franklin D. Roosevelt', 'AdditionalStreetName': None, 'CityName': 'Paris', 'PostalZone': '75008', 'Country': 'FRA'};519587851;False;ETABLISSEMENT PUBLIC PALAIS DE LA DECOUVERTE ET CITE DES SCIENCES ET DE L'INDUSTRIE;EPPDCSI - UNIVERSCIENCE Etablissement public à caractère industriel et commercial créé par décret interministériel du 3 décembre 2009;;2026-07-01+02:00;services;"[""Valeur technique de l'offre"", 'Mesures environnementales', 'Prix']";['technique', 'environnemental', 'prix'];[50.0, 10.0, 40.0];360.0;False;;False;;sans remise en concurrence;;26-89573;;;;LOT-0000;71351810;2000000.0;1;10.0;;MISSIONS DE GEOMETRE RELEVANT DU RECUEIL DES PRESTATIONS DE L'ORDRE DES GEOMETRES EXPERTS DATANT D'OCTOBRE 2018;ouverte;26FS-DMODP-19587-A;3.0;;;False;False;False;;4110;Établissement public national à caractère industriel ou commercial doté d'un comptable public ;1 000  à  1 999;False;2010-01-01;91.02Z;2008;5558.0;SA coopérative de production  (SCOP) à conseil d'administration;50  à  99;False;<NA>;2008;M;71;71.1;71.12;71.12A;1955-01-01;(48.627878, 2.515774);Saint-Pierre-du-Perray;Essonne;Île-de-France;(48.869398, 2.310038);Paris;Paris;Île-de-France;;;;;;;;
False;;;False;False;False;attribue;{'StreetName': '70 rue des Gravilliers', 'AdditionalStreetName': None, 'CityName': 'Paris', 'PostalZone': '75003', 'Country': 'FRA'};902831882;True;OCTOPUS;OCTOPUS;2026-09-17;{'StreetName': '13 avenue du président wilson', 'AdditionalStreetName': None, 'CityName': 'Paris', 'PostalZone': '75116', 'Country': 'FRA'};533994059;True;PALAIS DE TOKYO;Palais de Tokyo;;;services;['Dans le cadre de l’analyse du prix des prestations, les offres seront appréciées en fonction des prix proposés dans l’Acte d’engagement, et plus précisément des deux coefficients (de « gestion simple », d’une part, et de « délégation », d’autre part)\n\nLa règle de calcul utilisée pour juger chacun des deux prix (coefficients) de la proposition tarifaire est la suivante :\nCoefficient considéré de référence = coefficient le plus bas (en numéraire) indiqué pour le coefficient considéré parmi les offres des soumissionnaires\nNote du coefficient considéré = 20 x (Coefficient de référence / Coefficient du soumissionnaire indiqué dans son acte d’engagement)\n\nLes notes correspondant à chacun des deux coefficients sont additionnées pour chacune des offres des soumissionnaires. Le résultat de l’addition constitue la note du prix de l’offre du soumissionnaire (sur 40).'];['technique'];;1440.0;False;;False;{'StreetName': None, 'CityName': None, 'PostalZone': None, 'NUTS': 'FR101', 'Country': 'FRA'};sans remise en concurrence;;26-89578;;;;LOT-0001;79620000;6000000.0;1;9.0;;mise à disposition ponctuelle de personnels intérimaires dans le cadre de montages et de démontages des expositions d’art contemporain du Palais de Tokyo;ouverte;;;;;False;False;False;;5710;SAS, société par actions simplifiée;100  à  199;False;2011-09-01;91.02Z;2008;5710.0;SAS, société par actions simplifiée;3  à  5;True;<NA>;2008;N;78;78.2;78.2;78.20Z;2021-08-17;(48.864434, 2.354742);Paris;Paris;Île-de-France;(48.864383, 2.293534);Paris;Paris;Île-de-France;;;;;;;;
False;['15910000', '15961000', '15982000'];;True;False;False;attribue;{'StreetName': 'Route du Fief Cordelier, 94380 Bonneuil-sur-Marne', 'AdditionalStreetName': None, 'CityName': 'Bonneuil-sur-Marne', 'PostalZone': '94380', 'Country': 'FRA'};572079069;False;FRANCE BOISSONS ILE DE FRANCE;FRANCE BOISSONS IDF;2026-09-17;{'StreetName': '39 avenue Georges Bernanos', 'AdditionalStreetName': None, 'CityName': 'Paris', 'PostalZone': '75005', 'Country': 'FRA'};187500061;False;CENTRE REGIONAL OEUVRES UNIV SCOLAIRES;Crous de Paris;;2026-09-01+02:00;fournitures;"[""Valeur technique de l'offre"", 'Prix']";['technique', 'prix'];[25.0, 75.0];360.0;False;;False;;;;26-89425;;1627276.0;;LOT-0000;15900000;;1;2.0;;Marché de denrées alimentaires à température ambiante : Boissons;ouverte;I2026-31;3.0;;;False;False;False;1627276.0;7385;Autre établissement public national administratif à compétence territoriale limitée ;500  à  999;False;1966-01-06;88.99B;2008;5710.0;SAS, société par actions simplifiée;500  à  999;False;<NA>;2008;G;46;46.3;46.34;46.34Z;1957-01-01;(48.775668, 2.49128);Bonneuil-sur-Marne;Val-de-Marne;Île-de-France;(48.840075, 2.337413);Paris;Paris;Île-de-France;;;;;;;;
False;['85143000'];;True;True;False;attribue;;;False;;;2026-09-17;{'StreetName': '2 Avenue Oscar Lambret', 'AdditionalStreetName': None, 'CityName': 'Lille', 'PostalZone': '59037', 'Country': 'FRA'};265906719;False;CENTRE HOSPITALIER UNIVERSITAIRE DE LILLE;CHU de Lille - ES du GHT HPGL;;;services;"[""Valeur technique de l'offre"", ""Performance environnementale de l'offre"", 'Prix']";['technique', 'environnemental', 'prix'];[45.0, 10.0, 45.0];;False;;False;;avec remise en concurrence;;26-89366;;;;LOT-0001;85143000;6648000.0;2;5.0;;Prestations de transports sanitaires dans le cadre de l'article 80 du code de la sécurité sociale pour l'ensemble des Etablissements des Hôpitaux Publics Grand Lille - Relance lots 18 et 19;negociee;PAN-2026-005;2.0;;;False;False;False;;7364;Établissement d'hospitalisation ;10 000  et plus ;<NA>;1974-05-07;86.10Z;2008;;;;;;<NA>;;;;;<NA>;<NA>;;;;;(50.609928, 3.037536);Lille;Nord;Hauts-de-France;;;;;;;;
False;['85143000'];;True;True;False;attribue;;;False;;;2026-09-17;{'StreetName': '2 Avenue Oscar Lambret', 'AdditionalStreetName': None, 'CityName': 'Lille', 'PostalZone': '59037', 'Country': 'FRA'};265906719;False;CENTRE HOSPITALIER UNIVERSITAIRE DE LILLE;CHU de Lille - ES du GHT HPGL;;;services;"[""Valeur technique de l'offre"", ""Performance environnementale de l'offre"", 'Prix']";['technique', 'environnemental', 'prix'];[45.0, 10.0, 45.0];;False;;False;;avec remise en concurrence;;26-89366;;;;LOT-0002;85143000;6648000.0;2;3.0;;Prestations de transports sanitaires dans le cadre de l'article 80 du code de la sécurité sociale pour l'ensemble des Etablissements des Hôpitaux Publics Grand Lille - Relance lots 18 et 19;negociee;PAN-2026-005;2.0;;;False;False;False;;7364;Établissement d'hospitalisation ;10 000  et plus ;<NA>;1974-05-07;86.10Z;2008;;;;;;<NA>;;;;;<NA>;<NA>;;;;;(50.609928, 3.037536);Lille;Nord;Hauts-de-France;;;;;;;;
False;['33696500'];;True;False;False;attribue;{'StreetName': 'Batiment le Noyer', 'AdditionalStreetName': None, 'CityName': 'Busy-St-Martin', 'PostalZone': '77600', 'Country': 'FRA'};692031115;False;REVVITY;Revvity;2026-09-17;{'StreetName': '2 Avenue Oscar Lambret', 'AdditionalStreetName': None, 'CityName': 'Lille', 'PostalZone': '59037', 'Country': 'FRA'};265906719;False;CENTRE HOSPITALIER UNIVERSITAIRE DE LILLE;CHU de Lille - ES du GHT HPGL;;;fournitures;"[""Le prix est le seul critère d'attribution.""]";['prix'];[100];;False;;False;;sans remise en concurrence;;26-89292;;1400000.0;;LOT-0000;33696500;1400000.0;1;1.0;;Acquisition des consommables et réactifs associés à l'automate d'immunoanalyse Genetic Screening Processor (GSP);negociee;MSMC-2026-036;3.0;;;False;False;False;1400000.0;7364;Établissement d'hospitalisation ;10 000  et plus ;<NA>;1974-05-07;86.10Z;2008;5710.0;SAS, société par actions simplifiée;50  à  99;False;<NA>;2008;C;33;33.1;33.13;33.13Z;1900-01-01;(48.847606, 2.723674);Bussy-Saint-Georges;Seine-et-Marne;Île-de-France;(50.609928, 3.037536);Lille;Nord;Hauts-de-France;;;;;;;;
False;['33100000', '33184100'];;True;True;False;en cours;;;False;;;2026-09-17;{'StreetName': 'https://www.chu-amiens.fr/', 'AdditionalStreetName': None, 'CityName': 'AMIENS', 'PostalZone': '80000', 'Country': 'FRA'};268000148;False;CENTRE HOSPITALIER UNIVERSITAIRE;CENTRE HOSPITALIER UNIVERSITAIRE;;;fournitures;['CRITERE 3 : PRIX (AU REGARD DU DQE) 25%\nCe critère sera évalué pour chaque lot et au regard des prix proposés par les candidats dans le BPU valant DQE, soit le prix au regard du montant total DQE HT.', 'CRITERE 1 : QUALITE TECHNIQUE 70%\nLe critère sera évalué pour chaque lot sur les éléments suivants sur la base des fiches techniques fournies et du bordereau des prix unitaires :\n- Qualité technique des produits proposés au BPU\n- Etendue de gamme au regard du complément de gamme renseigné dans le BPU\n\nCRITERE 2 : PRESTATIONS DU FOURNISSEUR 5%\nLe critère sera évalué pour chaque lot sur les éléments suivants : Prestations du fournisseur sur la base du cadre de mémoire technique et développement durable (annexe 3 à l’acte d’engagement : prestations associées du fournisseur, logistique et gestion des ruptures, gestion des dépôts le cas échant, conditions commerciales complémentaires et développement durable).'];['prix', 'environnemental'];;1440.0;True;;False;;sans remise en concurrence;;26-89560;;;;LOT-0001;33000000;;95;;;DISPOSITIFS MEDICAUX POUR ABORD DIGESTIF;ouverte;25PS0232;;;;False;False;False;;7364;Établissement d'hospitalisation ;5 000  à  9 999;False;1953-09-02;86.10Z;2008;;;;;;<NA>;;;;;<NA>;<NA>;;;;;;;;;;;;;;;;
False;['33100000', '33184100'];;True;True;False;en cours;;;False;;;2026-09-17;{'StreetName': 'https://www.chu-amiens.fr/', 'AdditionalStreetName': None, 'CityName': 'AMIENS', 'PostalZone': '80000', 'Country': 'FRA'};268000148;False;CENTRE HOSPITALIER UNIVERSITAIRE;CENTRE HOSPITALIER UNIVERSITAIRE;;;fournitures;['CRITERE 3 : PRIX (AU REGARD DU DQE) 25%\nCe critère sera évalué pour chaque lot et au regard des prix proposés par les candidats dans le BPU valant DQE, soit le prix au regard du montant total DQE HT.', 'CRITERE 1 : QUALITE TECHNIQUE 70%\nLe critère sera évalué pour chaque lot sur les éléments suivants sur la base des fiches techniques fournies et du bordereau des prix unitaires :\n- Qualité technique des produits proposés au BPU\n- Etendue de gamme au regard du complément de gamme renseigné dans le BPU\n\nCRITERE 2 : PRESTATIONS DU FOURNISSEUR 5%\nLe critère sera évalué pour chaque lot sur les éléments suivants : Prestations du fournisseur sur la base du cadre de mémoire technique et développement durable (annexe 3 à l’acte d’engagement : prestations associées du fournisseur, logistique et gestion des ruptures, gestion des dépôts le cas échant, conditions commerciales complémentaires et développement durable).'];['prix', 'environnemental'];;1440.0;True;;False;;sans remise en concurrence;;26-89560;;;;LOT-0002;33000000;;95;;;DISPOSITIFS MEDICAUX POUR ABORD DIGESTIF;ouverte;25PS0232;;;;False;False;False;;7364;Établissement d'hospitalisation ;5 000  à  9 999;False;1953-09-02;86.10Z;2008;;;;;;<NA>;;;;;<NA>;<NA>;;;;;;;;;;;;;;;;
False;['33100000', '33184100'];;True;True;False;non attribue;;;False;;;2026-09-17;{'StreetName': 'https://www.chu-amiens.fr/', 'AdditionalStreetName': None, 'CityName': 'AMIENS', 'PostalZone': '80000', 'Country': 'FRA'};268000148;False;CENTRE HOSPITALIER UNIVERSITAIRE;CENTRE HOSPITALIER UNIVERSITAIRE;;;fournitures;['CRITERE 3 : PRIX (AU REGARD DU DQE) 25%\nCe critère sera évalué pour chaque lot et au regard des prix proposés par les candidats dans le BPU valant DQE, soit le prix au regard du montant total DQE HT.', 'CRITERE 1 : QUALITE TECHNIQUE 70%\nLe critère sera évalué pour chaque lot sur les éléments suivants sur la base des fiches techniques fournies et du bordereau des prix unitaires :\n- Qualité technique des produits proposés au BPU\n- Etendue de gamme au regard du complément de gamme renseigné dans le BPU\n\nCRITERE 2 : PRESTATIONS DU FOURNISSEUR 5%\nLe critère sera évalué pour chaque lot sur les éléments suivants : Prestations du fournisseur sur la base du cadre de mémoire technique et développement durable (annexe 3 à l’acte d’engagement : prestations associées du fournisseur, logistique et gestion des ruptures, gestion des dépôts le cas échant, conditions commerciales complémentaires et développement durable).'];['prix', 'environnemental'];;1440.0;True;;False;;sans remise en concurrence;;26-89560;;;;LOT-0003;33000000;;95;0.0;;DISPOSITIFS MEDICAUX POUR ABORD DIGESTIF;ouverte;25PS0232;;;;False;False;False;;7364;Établissement d'hospitalisation ;5 000  à  9 999;False;1953-09-02;86.10Z;2008;;;;;;<NA>;;;;;<NA>;<NA>;;;;;;;;;;;;;;;;
False;['33100000', '33184100'];;True;True;False;en cours;;;False;;;2026-09-17;{'StreetName': 'https://www.chu-amiens.fr/', 'AdditionalStreetName': None, 'CityName': 'AMIENS', 'PostalZone': '80000', 'Country': 'FRA'};268000148;False;CENTRE HOSPITALIER UNIVERSITAIRE;CENTRE HOSPITALIER UNIVERSITAIRE;;;fournitures;['CRITERE 3 : PRIX (AU REGARD DU DQE) 25%\nCe critère sera évalué pour chaque lot et au regard des prix proposés par les candidats dans le BPU valant DQE, soit le prix au regard du montant total DQE HT.', 'CRITERE 1 : QUALITE TECHNIQUE 70%\nLe critère sera évalué pour chaque lot sur les éléments suivants sur la base des fiches techniques fournies et du bordereau des prix unitaires :\n- Qualité technique des produits proposés au BPU\n- Etendue de gamme au regard du complément de gamme renseigné dans le BPU\n\nCRITERE 2 : PRESTATIONS DU FOURNISSEUR 5%\nLe critère sera évalué pour chaque lot sur les éléments suivants : Prestations du fournisseur sur la base du cadre de mémoire technique et développement durable (annexe 3 à l’acte d’engagement : prestations associées du fournisseur, logistique et gestion des ruptures, gestion des dépôts le cas échant, conditions commerciales complémentaires et développement durable).'];['prix', 'environnemental'];;1440.0;True;;False;;sans remise en concurrence;;26-89560;;;;LOT-0004;33000000;;95;;;DISPOSITIFS MEDICAUX POUR ABORD DIGESTIF;ouverte;25PS0232;;;;False;False;False;;7364;Établissement d'hospitalisation ;5 000  à  9 999;False;1953-09-02;86.10Z;2008;;;;;;<NA>;;;;;<NA>;<NA>;;;;;;;;;;;;;;;;
False;['33100000', '33184100'];;True;True;False;non attribue;;;False;;;2026-09-17;{'StreetName': 'https://www.chu-amiens.fr/', 'AdditionalStreetName': None, 'CityName': 'AMIENS', 'PostalZone': '80000', 'Country': 'FRA'};268000148;False;CENTRE HOSPITALIER UNIVERSITAIRE;CENTRE HOSPITALIER UNIVERSITAIRE;;;fournitures;['CRITERE 3 : PRIX (AU REGARD DU DQE) 25%\nCe critère sera évalué pour chaque lot et au regard des prix proposés par les candidats dans le BPU valant DQE, soit le prix au regard du montant total DQE HT.', 'CRITERE 1 : QUALITE TECHNIQUE 70%\nLe critère sera évalué pour chaque lot sur les éléments suivants sur la base des fiches techniques fournies et du bordereau des prix unitaires :\n- Qualité technique des produits proposés au BPU\n- Etendue de gamme au regard du complément de gamme renseigné dans le BPU\n\nCRITERE 2 : PRESTATIONS DU FOURNISSEUR 5%\nLe critère sera évalué pour chaque lot sur les éléments suivants : Prestations du fournisseur sur la base du cadre de mémoire technique et développement durable (annexe 3 à l’acte d’engagement : prestations associées du fournisseur, logistique et gestion des ruptures, gestion des dépôts le cas échant, conditions commerciales complémentaires et développement durable).'];['prix', 'environnemental'];;1440.0;True;;False;;sans remise en concurrence;;26-89560;;;;LOT-0005;33000000;;95;0.0;;DISPOSITIFS MEDICAUX POUR ABORD DIGESTIF;ouverte;25PS0232;;;;False;False;False;;7364;Établissement d'hospitalisation ;5 000  à  9 999;False;1953-09-02;86.10Z;2008;;;;;;<NA>;;;;;<NA>;<NA>;;;;;;;;;;;;;;;;
False;['33100000', '33184100'];;True;True;False;en cours;;;False;;;2026-09-17;{'StreetName': 'https://www.chu-amiens.fr/', 'AdditionalStreetName': None, 'CityName': 'AMIENS', 'PostalZone': '80000', 'Country': 'FRA'};268000148;False;CENTRE HOSPITALIER UNIVERSITAIRE;CENTRE HOSPITALIER UNIVERSITAIRE;;;fournitures;['CRITERE 3 : PRIX (AU REGARD DU DQE) 25%\nCe critère sera évalué pour chaque lot et au regard des prix proposés par les candidats dans le BPU valant DQE, soit le prix au regard du montant total DQE HT.', 'CRITERE 1 : QUALITE TECHNIQUE 70%\nLe critère sera évalué pour chaque lot sur les éléments suivants sur la base des fiches techniques fournies et du bordereau des prix unitaires :\n- Qualité technique des produits proposés au BPU\n- Etendue de gamme au regard du complément de gamme renseigné dans le BPU\n\nCRITERE 2 : PRESTATIONS DU FOURNISSEUR 5%\nLe critère sera évalué pour chaque lot sur les éléments suivants : Prestations du fournisseur sur la base du cadre de mémoire technique et développement durable (annexe 3 à l’acte d’engagement : prestations associées du fournisseur, logistique et gestion des ruptures, gestion des dépôts le cas échant, conditions commerciales complémentaires et développement durable).'];['prix', 'environnemental'];;1440.0;True;;False;;sans remise en concurrence;;26-89560;;;;LOT-0006;33000000;;95;;;DISPOSITIFS MEDICAUX POUR ABORD DIGESTIF;ouverte;25PS0232;;;;False;False;False;;7364;Établissement d'hospitalisation ;5 000  à  9 999;False;1953-09-02;86.10Z;2008;;;;;;<NA>;;;;;<NA>;<NA>;;;;;;;;;;;;;;;;
False;['33100000', '33184100'];;True;True;False;en cours;;;False;;;2026-09-17;{'StreetName': 'https://www.chu-amiens.fr/', 'AdditionalStreetName': None, 'CityName': 'AMIENS', 'PostalZone': '80000', 'Country': 'FRA'};268000148;False;CENTRE HOSPITALIER UNIVERSITAIRE;CENTRE HOSPITALIER UNIVERSITAIRE;;;fournitures;['CRITERE 3 : PRIX (AU REGARD DU DQE) 25%\nCe critère sera évalué pour chaque lot et au regard des prix proposés par les candidats dans le BPU valant DQE, soit le prix au regard du montant total DQE HT.', 'CRITERE 1 : QUALITE TECHNIQUE 70%\nLe critère sera évalué pour chaque lot sur les éléments suivants sur la base des fiches techniques fournies et du bordereau des prix unitaires :\n- Qualité technique des produits proposés au BPU\n- Etendue de gamme au regard du complément de gamme renseigné dans le BPU\n\nCRITERE 2 : PRESTATIONS DU FOURNISSEUR 5%\nLe critère sera évalué pour chaque lot sur les éléments suivants : Prestations du fournisseur sur la base du cadre de mémoire technique et développement durable (annexe 3 à l’acte d’engagement : prestations associées du fournisseur, logistique et gestion des ruptures, gestion des dépôts le cas échant, conditions commerciales complémentaires et développement durable).'];['prix', 'environnemental'];;1440.0;True;;False;;sans remise en concurrence;;26-89560;;;;LOT-0007;33000000;;95;;;DISPOSITIFS MEDICAUX POUR ABORD DIGESTIF;ouverte;25PS0232;;;;False;False;False;;7364;Établissement d'hospitalisation ;5 000  à  9 999;False;1953-09-02;86.10Z;2008;;;;;;<NA>;;;;;<NA>;<NA>;;;;;;;;;;;;;;;;
False;['33100000', '33184100'];;True;True;False;en cours;;;False;;;2026-09-17;{'StreetName': 'https://www.chu-amiens.fr/', 'AdditionalStreetName': None, 'CityName': 'AMIENS', 'PostalZone': '80000', 'Country': 'FRA'};268000148;False;CENTRE HOSPITALIER UNIVERSITAIRE;CENTRE HOSPITALIER UNIVERSITAIRE;;;fournitures;['CRITERE 3 : PRIX (AU REGARD DU DQE) 25%\nCe critère sera évalué pour chaque lot et au regard des prix proposés par les candidats dans le BPU valant DQE, soit le prix au regard du montant total DQE HT.', 'CRITERE 1 : QUALITE TECHNIQUE 70%\nLe critère sera évalué pour chaque lot sur les éléments suivants sur la base des fiches techniques fournies et du bordereau des prix unitaires :\n- Qualité technique des produits proposés au BPU\n- Etendue de gamme au regard du complément de gamme renseigné dans le BPU\n\nCRITERE 2 : PRESTATIONS DU FOURNISSEUR 5%\nLe critère sera évalué pour chaque lot sur les éléments suivants : Prestations du fournisseur sur la base du cadre de mémoire technique et développement durable (annexe 3 à l’acte d’engagement : prestations associées du fournisseur, logistique et gestion des ruptures, gestion des dépôts le cas échant, conditions commerciales complémentaires et développement durable).'];['prix', 'environnemental'];;1440.0;True;;False;;sans remise en concurrence;;26-89560;;;;LOT-0008;33000000;;95;;;DISPOSITIFS MEDICAUX POUR ABORD DIGESTIF;ouverte;25PS0232;;;;False;False;False;;7364;Établissement d'hospitalisation ;5 000  à  9 999;False;1953-09-02;86.10Z;2008;;;;;;<NA>;;;;;<NA>;<NA>;;;;;;;;;;;;;;;;
False;['33100000', '33184100'];;True;True;False;non attribue;;;False;;;2026-09-17;{'StreetName': 'https://www.chu-amiens.fr/', 'AdditionalStreetName': None, 'CityName': 'AMIENS', 'PostalZone': '80000', 'Country': 'FRA'};268000148;False;CENTRE HOSPITALIER UNIVERSITAIRE;CENTRE HOSPITALIER UNIVERSITAIRE;;;fournitures;['CRITERE 3 : PRIX (AU REGARD DU DQE) 25%\nCe critère sera évalué pour chaque lot et au regard des prix proposés par les candidats dans le BPU valant DQE, soit le prix au regard du montant total DQE HT.', 'CRITERE 1 : QUALITE TECHNIQUE 70%\nLe critère sera évalué pour chaque lot sur les éléments suivants sur la base des fiches techniques fournies et du bordereau des prix unitaires :\n- Qualité technique des produits proposés au BPU\n- Etendue de gamme au regard du complément de gamme renseigné dans le BPU\n\nCRITERE 2 : PRESTATIONS DU FOURNISSEUR 5%\nLe critère sera évalué pour chaque lot sur les éléments suivants : Prestations du fournisseur sur la base du cadre de mémoire technique et développement durable (annexe 3 à l’acte d’engagement : prestations associées du fournisseur, logistique et gestion des ruptures, gestion des dépôts le cas échant, conditions commerciales complémentaires et développement durable).'];['prix', 'environnemental'];;1440.0;True;;False;;sans remise en concurrence;;26-89560;;;;LOT-0009;33000000;;95;0.0;;DISPOSITIFS MEDICAUX POUR ABORD DIGESTIF;ouverte;25PS0232;;;;False;False;False;;7364;Établissement d'hospitalisation ;5 000  à  9 999;False;1953-09-02;86.10Z;2008;;;;;;<NA>;;;;;<NA>;<NA>;;;;;;;;;;;;;;;;
False;['33100000', '33184100'];;True;True;False;en cours;;;False;;;2026-09-17;{'StreetName': 'https://www.chu-amiens.fr/', 'AdditionalStreetName': None, 'CityName': 'AMIENS', 'PostalZone': '80000', 'Country': 'FRA'};268000148;False;CENTRE HOSPITALIER UNIVERSITAIRE;CENTRE HOSPITALIER UNIVERSITAIRE;;;fournitures;['CRITERE 3 : PRIX (AU REGARD DU DQE) 25%\nCe critère sera évalué pour chaque lot et au regard des prix proposés par les candidats dans le BPU valant DQE, soit le prix au regard du montant total DQE HT.', 'CRITERE 1 : QUALITE TECHNIQUE 70%\nLe critère sera évalué pour chaque lot sur les éléments suivants sur la base des fiches techniques fournies et du bordereau des prix unitaires :\n- Qualité technique des produits proposés au BPU\n- Etendue de gamme au regard du complément de gamme renseigné dans le BPU\n\nCRITERE 2 : PRESTATIONS DU FOURNISSEUR 5%\nLe critère sera évalué pour chaque lot sur les éléments suivants : Prestations du fournisseur sur la base du cadre de mémoire technique et développement durable (annexe 3 à l’acte d’engagement : prestations associées du fournisseur, logistique et gestion des ruptures, gestion des dépôts le cas échant, conditions commerciales complémentaires et développement durable).'];['prix', 'environnemental'];;1440.0;True;;False;;sans remise en concurrence;;26-89560;;;;LOT-0010;33000000;;95;;;DISPOSITIFS MEDICAUX POUR ABORD DIGESTIF;ouverte;25PS0232;;;;False;False;False;;7364;Établissement d'hospitalisation ;5 000  à  9 999;False;1953-09-02;86.10Z;2008;;;;;;<NA>;;;;;<NA>;<NA>;;;;;;;;;;;;;;;;
False;['33100000', '33184100'];;True;True;False;en cours;;;False;;;2026-09-17;{'StreetName': 'https://www.chu-amiens.fr/', 'AdditionalStreetName': None, 'CityName': 'AMIENS', 'PostalZone': '80000', 'Country': 'FRA'};268000148;False;CENTRE HOSPITALIER UNIVERSITAIRE;CENTRE HOSPITALIER UNIVERSITAIRE;;;fournitures;['CRITERE 3 : PRIX (AU REGARD DU DQE) 25%\nCe critère sera évalué pour chaque lot et au regard des prix proposés par les candidats dans le BPU valant DQE, soit le prix au regard du montant total DQE HT.', 'CRITERE 1 : QUALITE TECHNIQUE 70%\nLe critère sera évalué pour chaque lot sur les éléments suivants sur la base des fiches techniques fournies et du bordereau des prix unitaires :\n- Qualité technique des produits proposés au BPU\n- Etendue de gamme au regard du complément de gamme renseigné dans le BPU\n\nCRITERE 2 : PRESTATIONS DU FOURNISSEUR 5%\nLe critère sera évalué pour chaque lot sur les éléments suivants : Prestations du fournisseur sur la base du cadre de mémoire technique et développement durable (annexe 3 à l’acte d’engagement : prestations associées du fournisseur, logistique et gestion des ruptures, gestion des dépôts le cas échant, conditions commerciales complémentaires et développement durable).'];['prix', 'environnemental'];;1440.0;True;;False;;sans remise en concurrence;;26-89560;;;;LOT-0011;33000000;;95;;;DISPOSITIFS MEDICAUX POUR ABORD DIGESTIF;ouverte;25PS0232;;;;False;False;False;;7364;Établissement d'hospitalisation ;5 000  à  9 999;False;1953-09-02;86.10Z;2008;;;;;;<NA>;;;;;<NA>;<NA>;;;;;;;;;;;;;;;;
False;['33100000', '33184100'];;True;True;False;en cours;;;False;;;2026-09-17;{'StreetName': 'https://www.chu-amiens.fr/', 'AdditionalStreetName': None, 'CityName': 'AMIENS', 'PostalZone': '80000', 'Country': 'FRA'};268000148;False;CENTRE HOSPITALIER UNIVERSITAIRE;CENTRE HOSPITALIER UNIVERSITAIRE;;;fournitures;['CRITERE 3 : PRIX (AU REGARD DU DQE) 25%\nCe critère sera évalué pour chaque lot et au regard des prix proposés par les candidats dans le BPU valant DQE, soit le prix au regard du montant total DQE HT.', 'CRITERE 1 : QUALITE TECHNIQUE 70%\nLe critère sera évalué pour chaque lot sur les éléments suivants sur la base des fiches techniques fournies et du bordereau des prix unitaires :\n- Qualité technique des produits proposés au BPU\n- Etendue de gamme au regard du complément de gamme renseigné dans le BPU\n\nCRITERE 2 : PRESTATIONS DU FOURNISSEUR 5%\nLe critère sera évalué pour chaque lot sur les éléments suivants : Prestations du fournisseur sur la base du cadre de mémoire technique et développement durable (annexe 3 à l’acte d’engagement : prestations associées du fournisseur, logistique et gestion des ruptures, gestion des dépôts le cas échant, conditions commerciales complémentaires et développement durable).'];['prix', 'environnemental'];;1440.0;True;;False;;sans remise en concurrence;;26-89560;;;;LOT-0012;33000000;;95;;;DISPOSITIFS MEDICAUX POUR ABORD DIGESTIF;ouverte;25PS0232;;;;False;False;False;;7364;Établissement d'hospitalisation ;5 000  à  9 999;False;1953-09-02;86.10Z;2008;;;;;;<NA>;;;;;<NA>;<NA>;;;;;;;;;;;;;;;;
False;['33100000', '33184100'];;True;True;False;non attribue;;;False;;;2026-09-17;{'StreetName': 'https://www.chu-amiens.fr/', 'AdditionalStreetName': None, 'CityName': 'AMIENS', 'PostalZone': '80000', 'Country': 'FRA'};268000148;False;CENTRE HOSPITALIER UNIVERSITAIRE;CENTRE HOSPITALIER UNIVERSITAIRE;;;fournitures;['CRITERE 3 : PRIX (AU REGARD DU DQE) 25%\nCe critère sera évalué pour chaque lot et au regard des prix proposés par les candidats dans le BPU valant DQE, soit le prix au regard du montant total DQE HT.', 'CRITERE 1 : QUALITE TECHNIQUE 70%\nLe critère sera évalué pour chaque lot sur les éléments suivants sur la base des fiches techniques fournies et du bordereau des prix unitaires :\n- Qualité technique des produits proposés au BPU\n- Etendue de gamme au regard du complément de gamme renseigné dans le BPU\n\nCRITERE 2 : PRESTATIONS DU FOURNISSEUR 5%\nLe critère sera évalué pour chaque lot sur les éléments suivants : Prestations du fournisseur sur la base du cadre de mémoire technique et développement durable (annexe 3 à l’acte d’engagement : prestations associées du fournisseur, logistique et gestion des ruptures, gestion des dépôts le cas échant, conditions commerciales complémentaires et développement durable).'];['prix', 'environnemental'];;1440.0;True;;False;;sans remise en concurrence;;26-89560;;;;LOT-0013;33000000;;95;0.0;;DISPOSITIFS MEDICAUX POUR ABORD DIGESTIF;ouverte;25PS0232;;;;False;False;False;;7364;Établissement d'hospitalisation ;5 000  à  9 999;False;1953-09-02;86.10Z;2008;;;;;;<NA>;;;;;<NA>;<NA>;;;;;;;;;;;;;;;;
False;['33100000', '33184100'];;True;True;False;non attribue;;;False;;;2026-09-17;{'StreetName': 'https://www.chu-amiens.fr/', 'AdditionalStreetName': None, 'CityName': 'AMIENS', 'PostalZone': '80000', 'Country': 'FRA'};268000148;False;CENTRE HOSPITALIER UNIVERSITAIRE;CENTRE HOSPITALIER UNIVERSITAIRE;;;fournitures;['CRITERE 3 : PRIX (AU REGARD DU DQE) 25%\nCe critère sera évalué pour chaque lot et au regard des prix proposés par les candidats dans le BPU valant DQE, soit le prix au regard du montant total DQE HT.', 'CRITERE 1 : QUALITE TECHNIQUE 70%\nLe critère sera évalué pour chaque lot sur les éléments suivants sur la base des fiches techniques fournies et du bordereau des prix unitaires :\n- Qualité technique des produits proposés au BPU\n- Etendue de gamme au regard du complément de gamme renseigné dans le BPU\n\nCRITERE 2 : PRESTATIONS DU FOURNISSEUR 5%\nLe critère sera évalué pour chaque lot sur les éléments suivants : Prestations du fournisseur sur la base du cadre de mémoire technique et développement durable (annexe 3 à l’acte d’engagement : prestations associées du fournisseur, logistique et gestion des ruptures, gestion des dépôts le cas échant, conditions commerciales complémentaires et développement durable).'];['prix', 'environnemental'];;1440.0;True;;False;;sans remise en concurrence;;26-89560;;;;LOT-0014;33000000;;95;1.0;;DISPOSITIFS MEDICAUX POUR ABORD DIGESTIF;ouverte;25PS0232;;;;False;False;False;;7364;Établissement d'hospitalisation ;5 000  à  9 999;False;1953-09-02;86.10Z;2008;;;;;;<NA>;;;;;<NA>;<NA>;;;;;;;;;;;;;;;;
False;['33100000', '33184100'];;True;True;False;non attribue;;;False;;;2026-09-17;{'StreetName': 'https://www.chu-amiens.fr/', 'AdditionalStreetName': None, 'CityName': 'AMIENS', 'PostalZone': '80000', 'Country': 'FRA'};268000148;False;CENTRE HOSPITALIER UNIVERSITAIRE;CENTRE HOSPITALIER UNIVERSITAIRE;;;fournitures;['CRITERE 3 : PRIX (AU REGARD DU DQE) 25%\nCe critère sera évalué pour chaque lot et au regard des prix proposés par les candidats dans le BPU valant DQE, soit le prix au regard du montant total DQE HT.', 'CRITERE 1 : QUALITE TECHNIQUE 70%\nLe critère sera évalué pour chaque lot sur les éléments suivants sur la base des fiches techniques fournies et du bordereau des prix unitaires :\n- Qualité technique des produits proposés au BPU\n- Etendue de gamme au regard du complément de gamme renseigné dans le BPU\n\nCRITERE 2 : PRESTATIONS DU FOURNISSEUR 5%\nLe critère sera évalué pour chaque lot sur les éléments suivants : Prestations du fournisseur sur la base du cadre de mémoire technique et développement durable (annexe 3 à l’acte d’engagement : prestations associées du fournisseur, logistique et gestion des ruptures, gestion des dépôts le cas échant, conditions commerciales complémentaires et développement durable).'];['prix', 'environnemental'];;1440.0;True;;False;;sans remise en concurrence;;26-89560;;;;LOT-0015;33000000;;95;0.0;;DISPOSITIFS MEDICAUX POUR ABORD DIGESTIF;ouverte;25PS0232;;;;False;False;False;;7364;Établissement d'hospitalisation ;5 000  à  9 999;False;1953-09-02;86.10Z;2008;;;;;;<NA>;;;;;<NA>;<NA>;;;;;;;;;;;;;;;;
False;['33100000', '33184100'];;True;True;False;non attribue;;;False;;;2026-09-17;{'StreetName': 'https://www.chu-amiens.fr/', 'AdditionalStreetName': None, 'CityName': 'AMIENS', 'PostalZone': '80000', 'Country': 'FRA'};268000148;False;CENTRE HOSPITALIER UNIVERSITAIRE;CENTRE HOSPITALIER UNIVERSITAIRE;;;fournitures;['CRITERE 3 : PRIX (AU REGARD DU DQE) 25%\nCe critère sera évalué pour chaque lot et au regard des prix proposés par les candidats dans le BPU valant DQE, soit le prix au regard du montant total DQE HT.', 'CRITERE 1 : QUALITE TECHNIQUE 70%\nLe critère sera évalué pour chaque lot sur les éléments suivants sur la base des fiches techniques fournies et du bordereau des prix unitaires :\n- Qualité technique des produits proposés au BPU\n- Etendue de gamme au regard du complément de gamme renseigné dans le BPU\n\nCRITERE 2 : PRESTATIONS DU FOURNISSEUR 5%\nLe critère sera évalué pour chaque lot sur les éléments suivants : Prestations du fournisseur sur la base du cadre de mémoire technique et développement durable (annexe 3 à l’acte d’engagement : prestations associées du fournisseur, logistique et gestion des ruptures, gestion des dépôts le cas échant, conditions commerciales complémentaires et développement durable).'];['prix', 'environnemental'];;1440.0;True;;False;;sans remise en concurrence;;26-89560;;;;LOT-0016;33000000;;95;0.0;;DISPOSITIFS MEDICAUX POUR ABORD DIGESTIF;ouverte;25PS0232;;;;False;False;False;;7364;Établissement d'hospitalisation ;5 000  à  9 999;False;1953-09-02;86.10Z;2008;;;;;;<NA>;;;;;<NA>;<NA>;;;;;;;;;;;;;;;;
False;['33100000', '33184100'];;True;True;False;en cours;;;False;;;2026-09-17;{'StreetName': 'https://www.chu-amiens.fr/', 'AdditionalStreetName': None, 'CityName': 'AMIENS', 'PostalZone': '80000', 'Country': 'FRA'};268000148;False;CENTRE HOSPITALIER UNIVERSITAIRE;CENTRE HOSPITALIER UNIVERSITAIRE;;;fournitures;['CRITERE 3 : PRIX (AU REGARD DU DQE) 25%\nCe critère sera évalué pour chaque lot et au regard des prix proposés par les candidats dans le BPU valant DQE, soit le prix au regard du montant total DQE HT.', 'CRITERE 1 : QUALITE TECHNIQUE 70%\nLe critère sera évalué pour chaque lot sur les éléments suivants sur la base des fiches techniques fournies et du bordereau des prix unitaires :\n- Qualité technique des produits proposés au BPU\n- Etendue de gamme au regard du complément de gamme renseigné dans le BPU\n\nCRITERE 2 : PRESTATIONS DU FOURNISSEUR 5%\nLe critère sera évalué pour chaque lot sur les éléments suivants : Prestations du fournisseur sur la base du cadre de mémoire technique et développement durable (annexe 3 à l’acte d’engagement : prestations associées du fournisseur, logistique et gestion des ruptures, gestion des dépôts le cas échant, conditions commerciales complémentaires et développement durable).'];['prix', 'environnemental'];;1440.0;True;;False;;sans remise en concurrence;;26-89560;;;;LOT-0017;33000000;;95;;;DISPOSITIFS MEDICAUX POUR ABORD DIGESTIF;ouverte;25PS0232;;;;False;False;False;;7364;Établissement d'hospitalisation ;5 000  à  9 999;False;1953-09-02;86.10Z;2008;;;;;;<NA>;;;;;<NA>;<NA>;;;;;;;;;;;;;;;;
False;['33100000', '33184100'];;True;True;False;non attribue;;;False;;;2026-09-17;{'StreetName': 'https://www.chu-amiens.fr/', 'AdditionalStreetName': None, 'CityName': 'AMIENS', 'PostalZone': '80000', 'Country': 'FRA'};268000148;False;CENTRE HOSPITALIER UNIVERSITAIRE;CENTRE HOSPITALIER UNIVERSITAIRE;;;fournitures;['CRITERE 3 : PRIX (AU REGARD DU DQE) 25%\nCe critère sera évalué pour chaque lot et au regard des prix proposés par les candidats dans le BPU valant DQE, soit le prix au regard du montant total DQE HT.', 'CRITERE 1 : QUALITE TECHNIQUE 70%\nLe critère sera évalué pour chaque lot sur les éléments suivants sur la base des fiches techniques fournies et du bordereau des prix unitaires :\n- Qualité technique des produits proposés au BPU\n- Etendue de gamme au regard du complément de gamme renseigné dans le BPU\n\nCRITERE 2 : PRESTATIONS DU FOURNISSEUR 5%\nLe critère sera évalué pour chaque lot sur les éléments suivants : Prestations du fournisseur sur la base du cadre de mémoire technique et développement durable (annexe 3 à l’acte d’engagement : prestations associées du fournisseur, logistique et gestion des ruptures, gestion des dépôts le cas échant, conditions commerciales complémentaires et développement durable).'];['prix', 'environnemental'];;1440.0;True;;False;;sans remise en concurrence;;26-89560;;;;LOT-0018;33000000;;95;1.0;;DISPOSITIFS MEDICAUX POUR ABORD DIGESTIF;ouverte;25PS0232;;;;False;False;False;;7364;Établissement d'hospitalisation ;5 000  à  9 999;False;1953-09-02;86.10Z;2008;;;;;;<NA>;;;;;<NA>;<NA>;;;;;;;;;;;;;;;;
False;['33100000', '33184100'];;True;True;False;en cours;;;False;;;2026-09-17;{'StreetName': 'https://www.chu-amiens.fr/', 'AdditionalStreetName': None, 'CityName': 'AMIENS', 'PostalZone': '80000', 'Country': 'FRA'};268000148;False;CENTRE HOSPITALIER UNIVERSITAIRE;CENTRE HOSPITALIER UNIVERSITAIRE;;;fournitures;['CRITERE 3 : PRIX (AU REGARD DU DQE) 25%\nCe critère sera évalué pour chaque lot et au regard des prix proposés par les candidats dans le BPU valant DQE, soit le prix au regard du montant total DQE HT.', 'CRITERE 1 : QUALITE TECHNIQUE 70%\nLe critère sera évalué pour chaque lot sur les éléments suivants sur la base des fiches techniques fournies et du bordereau des prix unitaires :\n- Qualité technique des produits proposés au BPU\n- Etendue de gamme au regard du complément de gamme renseigné dans le BPU\n\nCRITERE 2 : PRESTATIONS DU FOURNISSEUR 5%\nLe critère sera évalué pour chaque lot sur les éléments suivants : Prestations du fournisseur sur la base du cadre de mémoire technique et développement durable (annexe 3 à l’acte d’engagement : prestations associées du fournisseur, logistique et gestion des ruptures, gestion des dépôts le cas échant, conditions commerciales complémentaires et développement durable).'];['prix', 'environnemental'];;1440.0;True;;False;;sans remise en concurrence;;26-89560;;;;LOT-0019;33000000;;95;;;DISPOSITIFS MEDICAUX POUR ABORD DIGESTIF;ouverte;25PS0232;;;;False;False;False;;7364;Établissement d'hospitalisation ;5 000  à  9 999;False;1953-09-02;86.10Z;2008;;;;;;<NA>;;;;;<NA>;<NA>;;;;;;;;;;;;;;;;
False;['33100000', '33184100'];;True;True;False;non attribue;;;False;;;2026-09-17;{'StreetName': 'https://www.chu-amiens.fr/', 'AdditionalStreetName': None, 'CityName': 'AMIENS', 'PostalZone': '80000', 'Country': 'FRA'};268000148;False;CENTRE HOSPITALIER UNIVERSITAIRE;CENTRE HOSPITALIER UNIVERSITAIRE;;;fournitures;['CRITERE 3 : PRIX (AU REGARD DU DQE) 25%\nCe critère sera évalué pour chaque lot et au regard des prix proposés par les candidats dans le BPU valant DQE, soit le prix au regard du montant total DQE HT.', 'CRITERE 1 : QUALITE TECHNIQUE 70%\nLe critère sera évalué pour chaque lot sur les éléments suivants sur la base des fiches techniques fournies et du bordereau des prix unitaires :\n- Qualité technique des produits proposés au BPU\n- Etendue de gamme au regard du complément de gamme renseigné dans le BPU\n\nCRITERE 2 : PRESTATIONS DU FOURNISSEUR 5%\nLe critère sera évalué pour chaque lot sur les éléments suivants : Prestations du fournisseur sur la base du cadre de mémoire technique et développement durable (annexe 3 à l’acte d’engagement : prestations associées du fournisseur, logistique et gestion des ruptures, gestion des dépôts le cas échant, conditions commerciales complémentaires et développement durable).'];['prix', 'environnemental'];;1440.0;True;;False;;sans remise en concurrence;;26-89560;;;;LOT-0020;33000000;;95;1.0;;DISPOSITIFS MEDICAUX POUR ABORD DIGESTIF;ouverte;25PS0232;;;;False;False;False;;7364;Établissement d'hospitalisation ;5 000  à  9 999;False;1953-09-02;86.10Z;2008;;;;;;<NA>;;;;;<NA>;<NA>;;;;;;;;;;;;;;;;
False;['33100000', '33184100'];;True;True;False;en cours;;;False;;;2026-09-17;{'StreetName': 'https://www.chu-amiens.fr/', 'AdditionalStreetName': None, 'CityName': 'AMIENS', 'PostalZone': '80000', 'Country': 'FRA'};268000148;False;CENTRE HOSPITALIER UNIVERSITAIRE;CENTRE HOSPITALIER UNIVERSITAIRE;;;fournitures;['CRITERE 3 : PRIX (AU REGARD DU DQE) 25%\nCe critère sera évalué pour chaque lot et au regard des prix proposés par les candidats dans le BPU valant DQE, soit le prix au regard du montant total DQE HT.', 'CRITERE 1 : QUALITE TECHNIQUE 70%\nLe critère sera évalué pour chaque lot sur les éléments suivants sur la base des fiches techniques fournies et du bordereau des prix unitaires :\n- Qualité technique des produits proposés au BPU\n- Etendue de gamme au regard du complément de gamme renseigné dans le BPU\n\nCRITERE 2 : PRESTATIONS DU FOURNISSEUR 5%\nLe critère sera évalué pour chaque lot sur les éléments suivants : Prestations du fournisseur sur la base du cadre de mémoire technique et développement durable (annexe 3 à l’acte d’engagement : prestations associées du fournisseur, logistique et gestion des ruptures, gestion des dépôts le cas échant, conditions commerciales complémentaires et développement durable).'];['prix', 'environnemental'];;1440.0;True;;False;;sans remise en concurrence;;26-89560;;;;LOT-0021;33000000;;95;;;DISPOSITIFS MEDICAUX POUR ABORD DIGESTIF;ouverte;25PS0232;;;;False;False;False;;7364;Établissement d'hospitalisation ;5 000  à  9 999;False;1953-09-02;86.10Z;2008;;;;;;<NA>;;;;;<NA>;<NA>;;;;;;;;;;;;;;;;
False;['33100000', '33184100'];;True;True;False;en cours;;;False;;;2026-09-17;{'StreetName': 'https://www.chu-amiens.fr/', 'AdditionalStreetName': None, 'CityName': 'AMIENS', 'PostalZone': '80000', 'Country': 'FRA'};268000148;False;CENTRE HOSPITALIER UNIVERSITAIRE;CENTRE HOSPITALIER UNIVERSITAIRE;;;fournitures;['CRITERE 3 : PRIX (AU REGARD DU DQE) 25%\nCe critère sera évalué pour chaque lot et au regard des prix proposés par les candidats dans le BPU valant DQE, soit le prix au regard du montant total DQE HT.', 'CRITERE 1 : QUALITE TECHNIQUE 70%\nLe critère sera évalué pour chaque lot sur les éléments suivants sur la base des fiches techniques fournies et du bordereau des prix unitaires :\n- Qualité technique des produits proposés au BPU\n- Etendue de gamme au regard du complément de gamme renseigné dans le BPU\n\nCRITERE 2 : PRESTATIONS DU FOURNISSEUR 5%\nLe critère sera évalué pour chaque lot sur les éléments suivants : Prestations du fournisseur sur la base du cadre de mémoire technique et développement durable (annexe 3 à l’acte d’engagement : prestations associées du fournisseur, logistique et gestion des ruptures, gestion des dépôts le cas échant, conditions commerciales complémentaires et développement durable).'];['prix', 'environnemental'];;1440.0;True;;False;;sans remise en concurrence;;26-89560;;;;LOT-0022;33000000;;95;;;DISPOSITIFS MEDICAUX POUR ABORD DIGESTIF;ouverte;25PS0232;;;;False;False;False;;7364;Établissement d'hospitalisation ;5 000  à  9 999;False;1953-09-02;86.10Z;2008;;;;;;<NA>;;;;;<NA>;<NA>;;;;;;;;;;;;;;;;
False;['33100000', '33184100'];;True;True;False;en cours;;;False;;;2026-09-17;{'StreetName': 'https://www.chu-amiens.fr/', 'AdditionalStreetName': None, 'CityName': 'AMIENS', 'PostalZone': '80000', 'Country': 'FRA'};268000148;False;CENTRE HOSPITALIER UNIVERSITAIRE;CENTRE HOSPITALIER UNIVERSITAIRE;;;fournitures;['CRITERE 3 : PRIX (AU REGARD DU DQE) 25%\nCe critère sera évalué pour chaque lot et au regard des prix proposés par les candidats dans le BPU valant DQE, soit le prix au regard du montant total DQE HT.', 'CRITERE 1 : QUALITE TECHNIQUE 70%\nLe critère sera évalué pour chaque lot sur les éléments suivants sur la base des fiches techniques fournies et du bordereau des prix unitaires :\n- Qualité technique des produits proposés au BPU\n- Etendue de gamme au regard du complément de gamme renseigné dans le BPU\n\nCRITERE 2 : PRESTATIONS DU FOURNISSEUR 5%\nLe critère sera évalué pour chaque lot sur les éléments suivants : Prestations du fournisseur sur la base du cadre de mémoire technique et développement durable (annexe 3 à l’acte d’engagement : prestations associées du fournisseur, logistique et gestion des ruptures, gestion des dépôts le cas échant, conditions commerciales complémentaires et développement durable).'];['prix', 'environnemental'];;1440.0;True;;False;;sans remise en concurrence;;26-89560;;;;LOT-0023;33000000;;95;;;DISPOSITIFS MEDICAUX POUR ABORD DIGESTIF;ouverte;25PS0232;;;;False;False;False;;7364;Établissement d'hospitalisation ;5 000  à  9 999;False;1953-09-02;86.10Z;2008;;;;;;<NA>;;;;;<NA>;<NA>;;;;;;;;;;;;;;;;
False;['33100000', '33184100'];;True;True;False;non attribue;;;False;;;2026-09-17;{'StreetName': 'https://www.chu-amiens.fr/', 'AdditionalStreetName': None, 'CityName': 'AMIENS', 'PostalZone': '80000', 'Country': 'FRA'};268000148;False;CENTRE HOSPITALIER UNIVERSITAIRE;CENTRE HOSPITALIER UNIVERSITAIRE;;;fournitures;['CRITERE 3 : PRIX (AU REGARD DU DQE) 25%\nCe critère sera évalué pour chaque lot et au regard des prix proposés par les candidats dans le BPU valant DQE, soit le prix au regard du montant total DQE HT.', 'CRITERE 1 : QUALITE TECHNIQUE 70%\nLe critère sera évalué pour chaque lot sur les éléments suivants sur la base des fiches techniques fournies et du bordereau des prix unitaires :\n- Qualité technique des produits proposés au BPU\n- Etendue de gamme au regard du complément de gamme renseigné dans le BPU\n\nCRITERE 2 : PRESTATIONS DU FOURNISSEUR 5%\nLe critère sera évalué pour chaque lot sur les éléments suivants : Prestations du fournisseur sur la base du cadre de mémoire technique et développement durable (annexe 3 à l’acte d’engagement : prestations associées du fournisseur, logistique et gestion des ruptures, gestion des dépôts le cas échant, conditions commerciales complémentaires et développement durable).'];['prix', 'environnemental'];;1440.0;True;;False;;sans remise en concurrence;;26-89560;;;;LOT-0024;33000000;;95;1.0;;DISPOSITIFS MEDICAUX POUR ABORD DIGESTIF;ouverte;25PS0232;;;;False;False;False;;7364;Établissement d'hospitalisation ;5 000  à  9 999;False;1953-09-02;86.10Z;2008;;;;;;<NA>;;;;;<NA>;<NA>;;;;;;;;;;;;;;;;
False;['33100000', '33184100'];;True;True;False;en cours;;;False;;;2026-09-17;{'StreetName': 'https://www.chu-amiens.fr/', 'AdditionalStreetName': None, 'CityName': 'AMIENS', 'PostalZone': '80000', 'Country': 'FRA'};268000148;False;CENTRE HOSPITALIER UNIVERSITAIRE;CENTRE HOSPITALIER UNIVERSITAIRE;;;fournitures;['CRITERE 3 : PRIX (AU REGARD DU DQE) 25%\nCe critère sera évalué pour chaque lot et au regard des prix proposés par les candidats dans le BPU valant DQE, soit le prix au regard du montant total DQE HT.', 'CRITERE 1 : QUALITE TECHNIQUE 70%\nLe critère sera évalué pour chaque lot sur les éléments suivants sur la base des fiches techniques fournies et du bordereau des prix unitaires :\n- Qualité technique des produits proposés au BPU\n- Etendue de gamme au regard du complément de gamme renseigné dans le BPU\n\nCRITERE 2 : PRESTATIONS DU FOURNISSEUR 5%\nLe critère sera évalué pour chaque lot sur les éléments suivants : Prestations du fournisseur sur la base du cadre de mémoire technique et développement durable (annexe 3 à l’acte d’engagement : prestations associées du fournisseur, logistique et gestion des ruptures, gestion des dépôts le cas échant, conditions commerciales complémentaires et développement durable).'];['prix', 'environnemental'];;1440.0;True;;False;;sans remise en concurrence;;26-89560;;;;LOT-0025;33000000;;95;;;DISPOSITIFS MEDICAUX POUR ABORD DIGESTIF;ouverte;25PS0232;;;;False;False;False;;7364;Établissement d'hospitalisation ;5 000  à  9 999;False;1953-09-02;86.10Z;2008;;;;;;<NA>;;;;;<NA>;<NA>;;;;;;;;;;;;;;;;
False;['33100000', '33184100'];;True;True;False;en cours;;;False;;;2026-09-17;{'StreetName': 'https://www.chu-amiens.fr/', 'AdditionalStreetName': None, 'CityName': 'AMIENS', 'PostalZone': '80000', 'Country': 'FRA'};268000148;False;CENTRE HOSPITALIER UNIVERSITAIRE;CENTRE HOSPITALIER UNIVERSITAIRE;;;fournitures;['CRITERE 3 : PRIX (AU REGARD DU DQE) 25%\nCe critère sera évalué pour chaque lot et au regard des prix proposés par les candidats dans le BPU valant DQE, soit le prix au regard du montant total DQE HT.', 'CRITERE 1 : QUALITE TECHNIQUE 70%\nLe critère sera évalué pour chaque lot sur les éléments suivants sur la base des fiches techniques fournies et du bordereau des prix unitaires :\n- Qualité technique des produits proposés au BPU\n- Etendue de gamme au regard du complément de gamme renseigné dans le BPU\n\nCRITERE 2 : PRESTATIONS DU FOURNISSEUR 5%\nLe critère sera évalué pour chaque lot sur les éléments suivants : Prestations du fournisseur sur la base du cadre de mémoire technique et développement durable (annexe 3 à l’acte d’engagement : prestations associées du fournisseur, logistique et gestion des ruptures, gestion des dépôts le cas échant, conditions commerciales complémentaires et développement durable).'];['prix', 'environnemental'];;1440.0;True;;False;;sans remise en concurrence;;26-89560;;;;LOT-0026;33000000;;95;;;DISPOSITIFS MEDICAUX POUR ABORD DIGESTIF;ouverte;25PS0232;;;;False;False;False;;7364;Établissement d'hospitalisation ;5 000  à  9 999;False;1953-09-02;86.10Z;2008;;;;;;<NA>;;;;;<NA>;<NA>;;;;;;;;;;;;;;;;
False;['33100000', '33184100'];;True;True;False;en cours;;;False;;;2026-09-17;{'StreetName': 'https://www.chu-amiens.fr/', 'AdditionalStreetName': None, 'CityName': 'AMIENS', 'PostalZone': '80000', 'Country': 'FRA'};268000148;False;CENTRE HOSPITALIER UNIVERSITAIRE;CENTRE HOSPITALIER UNIVERSITAIRE;;;fournitures;['CRITERE 3 : PRIX (AU REGARD DU DQE) 25%\nCe critère sera évalué pour chaque lot et au regard des prix proposés par les candidats dans le BPU valant DQE, soit le prix au regard du montant total DQE HT.', 'CRITERE 1 : QUALITE TECHNIQUE 70%\nLe critère sera évalué pour chaque lot sur les éléments suivants sur la base des fiches techniques fournies et du bordereau des prix unitaires :\n- Qualité technique des produits proposés au BPU\n- Etendue de gamme au regard du complément de gamme renseigné dans le BPU\n\nCRITERE 2 : PRESTATIONS DU FOURNISSEUR 5%\nLe critère sera évalué pour chaque lot sur les éléments suivants : Prestations du fournisseur sur la base du cadre de mémoire technique et développement durable (annexe 3 à l’acte d’engagement : prestations associées du fournisseur, logistique et gestion des ruptures, gestion des dépôts le cas échant, conditions commerciales complémentaires et développement durable).'];['prix', 'environnemental'];;1440.0;True;;False;;sans remise en concurrence;;26-89560;;;;LOT-0027;33000000;;95;;;DISPOSITIFS MEDICAUX POUR ABORD DIGESTIF;ouverte;25PS0232;;;;False;False;False;;7364;Établissement d'hospitalisation ;5 000  à  9 999;False;1953-09-02;86.10Z;2008;;;;;;<NA>;;;;;<NA>;<NA>;;;;;;;;;;;;;;;;
False;['33100000', '33184100'];;True;True;False;en cours;;;False;;;2026-09-17;{'StreetName': 'https://www.chu-amiens.fr/', 'AdditionalStreetName': None, 'CityName': 'AMIENS', 'PostalZone': '80000', 'Country': 'FRA'};268000148;False;CENTRE HOSPITALIER UNIVERSITAIRE;CENTRE HOSPITALIER UNIVERSITAIRE;;;fournitures;['CRITERE 3 : PRIX (AU REGARD DU DQE) 25%\nCe critère sera évalué pour chaque lot et au regard des prix proposés par les candidats dans le BPU valant DQE, soit le prix au regard du montant total DQE HT.', 'CRITERE 1 : QUALITE TECHNIQUE 70%\nLe critère sera évalué pour chaque lot sur les éléments suivants sur la base des fiches techniques fournies et du bordereau des prix unitaires :\n- Qualité technique des produits proposés au BPU\n- Etendue de gamme au regard du complément de gamme renseigné dans le BPU\n\nCRITERE 2 : PRESTATIONS DU FOURNISSEUR 5%\nLe critère sera évalué pour chaque lot sur les éléments suivants : Prestations du fournisseur sur la base du cadre de mémoire technique et développement durable (annexe 3 à l’acte d’engagement : prestations associées du fournisseur, logistique et gestion des ruptures, gestion des dépôts le cas échant, conditions commerciales complémentaires et développement durable).'];['prix', 'environnemental'];;1440.0;True;;False;;sans remise en concurrence;;26-89560;;;;LOT-0028;33000000;;95;;;DISPOSITIFS MEDICAUX POUR ABORD DIGESTIF;ouverte;25PS0232;;;;False;False;False;;7364;Établissement d'hospitalisation ;5 000  à  9 999;False;1953-09-02;86.10Z;2008;;;;;;<NA>;;;;;<NA>;<NA>;;;;;;;;;;;;;;;;
False;['33100000', '33184100'];;True;True;False;en cours;;;False;;;2026-09-17;{'StreetName': 'https://www.chu-amiens.fr/', 'AdditionalStreetName': None, 'CityName': 'AMIENS', 'PostalZone': '80000', 'Country': 'FRA'};268000148;False;CENTRE HOSPITALIER UNIVERSITAIRE;CENTRE HOSPITALIER UNIVERSITAIRE;;;fournitures;['CRITERE 3 : PRIX (AU REGARD DU DQE) 25%\nCe critère sera évalué pour chaque lot et au regard des prix proposés par les candidats dans le BPU valant DQE, soit le prix au regard du montant total DQE HT.', 'CRITERE 1 : QUALITE TECHNIQUE 70%\nLe critère sera évalué pour chaque lot sur les éléments suivants sur la base des fiches techniques fournies et du bordereau des prix unitaires :\n- Qualité technique des produits proposés au BPU\n- Etendue de gamme au regard du complément de gamme renseigné dans le BPU\n\nCRITERE 2 : PRESTATIONS DU FOURNISSEUR 5%\nLe critère sera évalué pour chaque lot sur les éléments suivants : Prestations du fournisseur sur la base du cadre de mémoire technique et développement durable (annexe 3 à l’acte d’engagement : prestations associées du fournisseur, logistique et gestion des ruptures, gestion des dépôts le cas échant, conditions commerciales complémentaires et développement durable).'];['prix', 'environnemental'];;1440.0;True;;False;;sans remise en concurrence;;26-89560;;;;LOT-0029;33000000;;95;;;DISPOSITIFS MEDICAUX POUR ABORD DIGESTIF;ouverte;25PS0232;;;;False;False;False;;7364;Établissement d'hospitalisation ;5 000  à  9 999;False;1953-09-02;86.10Z;2008;;;;;;<NA>;;;;;<NA>;<NA>;;;;;;;;;;;;;;;;
False;['33100000', '33184100'];;True;True;False;en cours;;;False;;;2026-09-17;{'StreetName': 'https://www.chu-amiens.fr/', 'AdditionalStreetName': None, 'CityName': 'AMIENS', 'PostalZone': '80000', 'Country': 'FRA'};268000148;False;CENTRE HOSPITALIER UNIVERSITAIRE;CENTRE HOSPITALIER UNIVERSITAIRE;;;fournitures;['CRITERE 3 : PRIX (AU REGARD DU DQE) 25%\nCe critère sera évalué pour chaque lot et au regard des prix proposés par les candidats dans le BPU valant DQE, soit le prix au regard du montant total DQE HT.', 'CRITERE 1 : QUALITE TECHNIQUE 70%\nLe critère sera évalué pour chaque lot sur les éléments suivants sur la base des fiches techniques fournies et du bordereau des prix unitaires :\n- Qualité technique des produits proposés au BPU\n- Etendue de gamme au regard du complément de gamme renseigné dans le BPU\n\nCRITERE 2 : PRESTATIONS DU FOURNISSEUR 5%\nLe critère sera évalué pour chaque lot sur les éléments suivants : Prestations du fournisseur sur la base du cadre de mémoire technique et développement durable (annexe 3 à l’acte d’engagement : prestations associées du fournisseur, logistique et gestion des ruptures, gestion des dépôts le cas échant, conditions commerciales complémentaires et développement durable).'];['prix', 'environnemental'];;1440.0;True;;False;;sans remise en concurrence;;26-89560;;;;LOT-0030;33000000;;95;;;DISPOSITIFS MEDICAUX POUR ABORD DIGESTIF;ouverte;25PS0232;;;;False;False;False;;7364;Établissement d'hospitalisation ;5 000  à  9 999;False;1953-09-02;86.10Z;2008;;;;;;<NA>;;;;;<NA>;<NA>;;;;;;;;;;;;;;;;
False;['33100000', '33184100'];;True;True;False;non attribue;;;False;;;2026-09-17;{'StreetName': 'https://www.chu-amiens.fr/', 'AdditionalStreetName': None, 'CityName': 'AMIENS', 'PostalZone': '80000', 'Country': 'FRA'};268000148;False;CENTRE HOSPITALIER UNIVERSITAIRE;CENTRE HOSPITALIER UNIVERSITAIRE;;;fournitures;['CRITERE 3 : PRIX (AU REGARD DU DQE) 25%\nCe critère sera évalué pour chaque lot et au regard des prix proposés par les candidats dans le BPU valant DQE, soit le prix au regard du montant total DQE HT.', 'CRITERE 1 : QUALITE TECHNIQUE 70%\nLe critère sera évalué pour chaque lot sur les éléments suivants sur la base des fiches techniques fournies et du bordereau des prix unitaires :\n- Qualité technique des produits proposés au BPU\n- Etendue de gamme au regard du complément de gamme renseigné dans le BPU\n\nCRITERE 2 : PRESTATIONS DU FOURNISSEUR 5%\nLe critère sera évalué pour chaque lot sur les éléments suivants : Prestations du fournisseur sur la base du cadre de mémoire technique et développement durable (annexe 3 à l’acte d’engagement : prestations associées du fournisseur, logistique et gestion des ruptures, gestion des dépôts le cas échant, conditions commerciales complémentaires et développement durable).'];['prix', 'environnemental'];;1440.0;True;;False;;sans remise en concurrence;;26-89560;;;;LOT-0031;33000000;;95;0.0;;DISPOSITIFS MEDICAUX POUR ABORD DIGESTIF;ouverte;25PS0232;;;;False;False;False;;7364;Établissement d'hospitalisation ;5 000  à  9 999;False;1953-09-02;86.10Z;2008;;;;;;<NA>;;;;;<NA>;<NA>;;;;;;;;;;;;;;;;
False;['33100000', '33184100'];;True;True;False;en cours;;;False;;;2026-09-17;{'StreetName': 'https://www.chu-amiens.fr/', 'AdditionalStreetName': None, 'CityName': 'AMIENS', 'PostalZone': '80000', 'Country': 'FRA'};268000148;False;CENTRE HOSPITALIER UNIVERSITAIRE;CENTRE HOSPITALIER UNIVERSITAIRE;;;fournitures;['CRITERE 3 : PRIX (AU REGARD DU DQE) 25%\nCe critère sera évalué pour chaque lot et au regard des prix proposés par les candidats dans le BPU valant DQE, soit le prix au regard du montant total DQE HT.', 'CRITERE 1 : QUALITE TECHNIQUE 70%\nLe critère sera évalué pour chaque lot sur les éléments suivants sur la base des fiches techniques fournies et du bordereau des prix unitaires :\n- Qualité technique des produits proposés au BPU\n- Etendue de gamme au regard du complément de gamme renseigné dans le BPU\n\nCRITERE 2 : PRESTATIONS DU FOURNISSEUR 5%\nLe critère sera évalué pour chaque lot sur les éléments suivants : Prestations du fournisseur sur la base du cadre de mémoire technique et développement durable (annexe 3 à l’acte d’engagement : prestations associées du fournisseur, logistique et gestion des ruptures, gestion des dépôts le cas échant, conditions commerciales complémentaires et développement durable).'];['prix', 'environnemental'];;1440.0;True;;False;;sans remise en concurrence;;26-89560;;;;LOT-0032;33000000;;95;;;DISPOSITIFS MEDICAUX POUR ABORD DIGESTIF;ouverte;25PS0232;;;;False;False;False;;7364;Établissement d'hospitalisation ;5 000  à  9 999;False;1953-09-02;86.10Z;2008;;;;;;<NA>;;;;;<NA>;<NA>;;;;;;;;;;;;;;;;
False;['33100000', '33184100'];;True;True;False;en cours;;;False;;;2026-09-17;{'StreetName': 'https://www.chu-amiens.fr/', 'AdditionalStreetName': None, 'CityName': 'AMIENS', 'PostalZone': '80000', 'Country': 'FRA'};268000148;False;CENTRE HOSPITALIER UNIVERSITAIRE;CENTRE HOSPITALIER UNIVERSITAIRE;;;fournitures;['CRITERE 3 : PRIX (AU REGARD DU DQE) 25%\nCe critère sera évalué pour chaque lot et au regard des prix proposés par les candidats dans le BPU valant DQE, soit le prix au regard du montant total DQE HT.', 'CRITERE 1 : QUALITE TECHNIQUE 70%\nLe critère sera évalué pour chaque lot sur les éléments suivants sur la base des fiches techniques fournies et du bordereau des prix unitaires :\n- Qualité technique des produits proposés au BPU\n- Etendue de gamme au regard du complément de gamme renseigné dans le BPU\n\nCRITERE 2 : PRESTATIONS DU FOURNISSEUR 5%\nLe critère sera évalué pour chaque lot sur les éléments suivants : Prestations du fournisseur sur la base du cadre de mémoire technique et développement durable (annexe 3 à l’acte d’engagement : prestations associées du fournisseur, logistique et gestion des ruptures, gestion des dépôts le cas échant, conditions commerciales complémentaires et développement durable).'];['prix', 'environnemental'];;1440.0;True;;False;;sans remise en concurrence;;26-89560;;;;LOT-0033;33000000;;95;;;DISPOSITIFS MEDICAUX POUR ABORD DIGESTIF;ouverte;25PS0232;;;;False;False;False;;7364;Établissement d'hospitalisation ;5 000  à  9 999;False;1953-09-02;86.10Z;2008;;;;;;<NA>;;;;;<NA>;<NA>;;;;;;;;;;;;;;;;
False;['33100000', '33184100'];;True;True;False;en cours;;;False;;;2026-09-17;{'StreetName': 'https://www.chu-amiens.fr/', 'AdditionalStreetName': None, 'CityName': 'AMIENS', 'PostalZone': '80000', 'Country': 'FRA'};268000148;False;CENTRE HOSPITALIER UNIVERSITAIRE;CENTRE HOSPITALIER UNIVERSITAIRE;;;fournitures;['CRITERE 3 : PRIX (AU REGARD DU DQE) 25%\nCe critère sera évalué pour chaque lot et au regard des prix proposés par les candidats dans le BPU valant DQE, soit le prix au regard du montant total DQE HT.', 'CRITERE 1 : QUALITE TECHNIQUE 70%\nLe critère sera évalué pour chaque lot sur les éléments suivants sur la base des fiches techniques fournies et du bordereau des prix unitaires :\n- Qualité technique des produits proposés au BPU\n- Etendue de gamme au regard du complément de gamme renseigné dans le BPU\n\nCRITERE 2 : PRESTATIONS DU FOURNISSEUR 5%\nLe critère sera évalué pour chaque lot sur les éléments suivants : Prestations du fournisseur sur la base du cadre de mémoire technique et développement durable (annexe 3 à l’acte d’engagement : prestations associées du fournisseur, logistique et gestion des ruptures, gestion des dépôts le cas échant, conditions commerciales complémentaires et développement durable).'];['prix', 'environnemental'];;1440.0;True;;False;;sans remise en concurrence;;26-89560;;;;LOT-0034;33000000;;95;;;DISPOSITIFS MEDICAUX POUR ABORD DIGESTIF;ouverte;25PS0232;;;;False;False;False;;7364;Établissement d'hospitalisation ;5 000  à  9 999;False;1953-09-02;86.10Z;2008;;;;;;<NA>;;;;;<NA>;<NA>;;;;;;;;;;;;;;;;
False;['33100000', '33184100'];;True;True;False;en cours;;;False;;;2026-09-17;{'StreetName': 'https://www.chu-amiens.fr/', 'AdditionalStreetName': None, 'CityName': 'AMIENS', 'PostalZone': '80000', 'Country': 'FRA'};268000148;False;CENTRE HOSPITALIER UNIVERSITAIRE;CENTRE HOSPITALIER UNIVERSITAIRE;;;fournitures;['CRITERE 3 : PRIX (AU REGARD DU DQE) 25%\nCe critère sera évalué pour chaque lot et au regard des prix proposés par les candidats dans le BPU valant DQE, soit le prix au regard du montant total DQE HT.', 'CRITERE 1 : QUALITE TECHNIQUE 70%\nLe critère sera évalué pour chaque lot sur les éléments suivants sur la base des fiches techniques fournies et du bordereau des prix unitaires :\n- Qualité technique des produits proposés au BPU\n- Etendue de gamme au regard du complément de gamme renseigné dans le BPU\n\nCRITERE 2 : PRESTATIONS DU FOURNISSEUR 5%\nLe critère sera évalué pour chaque lot sur les éléments suivants : Prestations du fournisseur sur la base du cadre de mémoire technique et développement durable (annexe 3 à l’acte d’engagement : prestations associées du fournisseur, logistique et gestion des ruptures, gestion des dépôts le cas échant, conditions commerciales complémentaires et développement durable).'];['prix', 'environnemental'];;1440.0;True;;False;;sans remise en concurrence;;26-89560;;;;LOT-0035;33000000;;95;;;DISPOSITIFS MEDICAUX POUR ABORD DIGESTIF;ouverte;25PS0232;;;;False;False;False;;7364;Établissement d'hospitalisation ;5 000  à  9 999;False;1953-09-02;86.10Z;2008;;;;;;<NA>;;;;;<NA>;<NA>;;;;;;;;;;;;;;;;
False;['33100000', '33184100'];;True;True;False;en cours;;;False;;;2026-09-17;{'StreetName': 'https://www.chu-amiens.fr/', 'AdditionalStreetName': None, 'CityName': 'AMIENS', 'PostalZone': '80000', 'Country': 'FRA'};268000148;False;CENTRE HOSPITALIER UNIVERSITAIRE;CENTRE HOSPITALIER UNIVERSITAIRE;;;fournitures;['CRITERE 3 : PRIX (AU REGARD DU DQE) 25%\nCe critère sera évalué pour chaque lot et au regard des prix proposés par les candidats dans le BPU valant DQE, soit le prix au regard du montant total DQE HT.', 'CRITERE 1 : QUALITE TECHNIQUE 70%\nLe critère sera évalué pour chaque lot sur les éléments suivants sur la base des fiches techniques fournies et du bordereau des prix unitaires :\n- Qualité technique des produits proposés au BPU\n- Etendue de gamme au regard du complément de gamme renseigné dans le BPU\n\nCRITERE 2 : PRESTATIONS DU FOURNISSEUR 5%\nLe critère sera évalué pour chaque lot sur les éléments suivants : Prestations du fournisseur sur la base du cadre de mémoire technique et développement durable (annexe 3 à l’acte d’engagement : prestations associées du fournisseur, logistique et gestion des ruptures, gestion des dépôts le cas échant, conditions commerciales complémentaires et développement durable).'];['prix', 'environnemental'];;1440.0;True;;False;;sans remise en concurrence;;26-89560;;;;LOT-0036;33000000;;95;;;DISPOSITIFS MEDICAUX POUR ABORD DIGESTIF;ouverte;25PS0232;;;;False;False;False;;7364;Établissement d'hospitalisation ;5 000  à  9 999;False;1953-09-02;86.10Z;2008;;;;;;<NA>;;;;;<NA>;<NA>;;;;;;;;;;;;;;;;
False;['33100000', '33184100'];;True;True;False;en cours;;;False;;;2026-09-17;{'StreetName': 'https://www.chu-amiens.fr/', 'AdditionalStreetName': None, 'CityName': 'AMIENS', 'PostalZone': '80000', 'Country': 'FRA'};268000148;False;CENTRE HOSPITALIER UNIVERSITAIRE;CENTRE HOSPITALIER UNIVERSITAIRE;;;fournitures;['CRITERE 3 : PRIX (AU REGARD DU DQE) 25%\nCe critère sera évalué pour chaque lot et au regard des prix proposés par les candidats dans le BPU valant DQE, soit le prix au regard du montant total DQE HT.', 'CRITERE 1 : QUALITE TECHNIQUE 70%\nLe critère sera évalué pour chaque lot sur les éléments suivants sur la base des fiches techniques fournies et du bordereau des prix unitaires :\n- Qualité technique des produits proposés au BPU\n- Etendue de gamme au regard du complément de gamme renseigné dans le BPU\n\nCRITERE 2 : PRESTATIONS DU FOURNISSEUR 5%\nLe critère sera évalué pour chaque lot sur les éléments suivants : Prestations du fournisseur sur la base du cadre de mémoire technique et développement durable (annexe 3 à l’acte d’engagement : prestations associées du fournisseur, logistique et gestion des ruptures, gestion des dépôts le cas échant, conditions commerciales complémentaires et développement durable).'];['prix', 'environnemental'];;1440.0;True;;False;;sans remise en concurrence;;26-89560;;;;LOT-0037;33000000;;95;;;DISPOSITIFS MEDICAUX POUR ABORD DIGESTIF;ouverte;25PS0232;;;;False;False;False;;7364;Établissement d'hospitalisation ;5 000  à  9 999;False;1953-09-02;86.10Z;2008;;;;;;<NA>;;;;;<NA>;<NA>;;;;;;;;;;;;;;;;
False;['33100000', '33184100'];;True;True;False;en cours;;;False;;;2026-09-17;{'StreetName': 'https://www.chu-amiens.fr/', 'AdditionalStreetName': None, 'CityName': 'AMIENS', 'PostalZone': '80000', 'Country': 'FRA'};268000148;False;CENTRE HOSPITALIER UNIVERSITAIRE;CENTRE HOSPITALIER UNIVERSITAIRE;;;fournitures;['CRITERE 3 : PRIX (AU REGARD DU DQE) 25%\nCe critère sera évalué pour chaque lot et au regard des prix proposés par les candidats dans le BPU valant DQE, soit le prix au regard du montant total DQE HT.', 'CRITERE 1 : QUALITE TECHNIQUE 70%\nLe critère sera évalué pour chaque lot sur les éléments suivants sur la base des fiches techniques fournies et du bordereau des prix unitaires :\n- Qualité technique des produits proposés au BPU\n- Etendue de gamme au regard du complément de gamme renseigné dans le BPU\n\nCRITERE 2 : PRESTATIONS DU FOURNISSEUR 5%\nLe critère sera évalué pour chaque lot sur les éléments suivants : Prestations du fournisseur sur la base du cadre de mémoire technique et développement durable (annexe 3 à l’acte d’engagement : prestations associées du fournisseur, logistique et gestion des ruptures, gestion des dépôts le cas échant, conditions commerciales complémentaires et développement durable).'];['prix', 'environnemental'];;1440.0;True;;False;;sans remise en concurrence;;26-89560;;;;LOT-0038;33000000;;95;;;DISPOSITIFS MEDICAUX POUR ABORD DIGESTIF;ouverte;25PS0232;;;;False;False;False;;7364;Établissement d'hospitalisation ;5 000  à  9 999;False;1953-09-02;86.10Z;2008;;;;;;<NA>;;;;;<NA>;<NA>;;;;;;;;;;;;;;;;
False;['33100000', '33184100'];;True;True;False;en cours;;;False;;;2026-09-17;{'StreetName': 'https://www.chu-amiens.fr/', 'AdditionalStreetName': None, 'CityName': 'AMIENS', 'PostalZone': '80000', 'Country': 'FRA'};268000148;False;CENTRE HOSPITALIER UNIVERSITAIRE;CENTRE HOSPITALIER UNIVERSITAIRE;;;fournitures;['CRITERE 3 : PRIX (AU REGARD DU DQE) 25%\nCe critère sera évalué pour chaque lot et au regard des prix proposés par les candidats dans le BPU valant DQE, soit le prix au regard du montant total DQE HT.', 'CRITERE 1 : QUALITE TECHNIQUE 70%\nLe critère sera évalué pour chaque lot sur les éléments suivants sur la base des fiches techniques fournies et du bordereau des prix unitaires :\n- Qualité technique des produits proposés au BPU\n- Etendue de gamme au regard du complément de gamme renseigné dans le BPU\n\nCRITERE 2 : PRESTATIONS DU FOURNISSEUR 5%\nLe critère sera évalué pour chaque lot sur les éléments suivants : Prestations du fournisseur sur la base du cadre de mémoire technique et développement durable (annexe 3 à l’acte d’engagement : prestations associées du fournisseur, logistique et gestion des ruptures, gestion des dépôts le cas échant, conditions commerciales complémentaires et développement durable).'];['prix', 'environnemental'];;1440.0;True;;False;;sans remise en concurrence;;26-89560;;;;LOT-0039;33000000;;95;;;DISPOSITIFS MEDICAUX POUR ABORD DIGESTIF;ouverte;25PS0232;;;;False;False;False;;7364;Établissement d'hospitalisation ;5 000  à  9 999;False;1953-09-02;86.10Z;2008;;;;;;<NA>;;;;;<NA>;<NA>;;;;;;;;;;;;;;;;
False;['33100000', '33184100'];;True;True;False;en cours;;;False;;;2026-09-17;{'StreetName': 'https://www.chu-amiens.fr/', 'AdditionalStreetName': None, 'CityName': 'AMIENS', 'PostalZone': '80000', 'Country': 'FRA'};268000148;False;CENTRE HOSPITALIER UNIVERSITAIRE;CENTRE HOSPITALIER UNIVERSITAIRE;;;fournitures;['CRITERE 3 : PRIX (AU REGARD DU DQE) 25%\nCe critère sera évalué pour chaque lot et au regard des prix proposés par les candidats dans le BPU valant DQE, soit le prix au regard du montant total DQE HT.', 'CRITERE 1 : QUALITE TECHNIQUE 70%\nLe critère sera évalué pour chaque lot sur les éléments suivants sur la base des fiches techniques fournies et du bordereau des prix unitaires :\n- Qualité technique des produits proposés au BPU\n- Etendue de gamme au regard du complément de gamme renseigné dans le BPU\n\nCRITERE 2 : PRESTATIONS DU FOURNISSEUR 5%\nLe critère sera évalué pour chaque lot sur les éléments suivants : Prestations du fournisseur sur la base du cadre de mémoire technique et développement durable (annexe 3 à l’acte d’engagement : prestations associées du fournisseur, logistique et gestion des ruptures, gestion des dépôts le cas échant, conditions commerciales complémentaires et développement durable).'];['prix', 'environnemental'];;1440.0;True;;False;;sans remise en concurrence;;26-89560;;;;LOT-0040;33000000;;95;;;DISPOSITIFS MEDICAUX POUR ABORD DIGESTIF;ouverte;25PS0232;;;;False;False;False;;7364;Établissement d'hospitalisation ;5 000  à  9 999;False;1953-09-02;86.10Z;2008;;;;;;<NA>;;;;;<NA>;<NA>;;;;;;;;;;;;;;;;
False;['33100000', '33184100'];;True;True;False;en cours;;;False;;;2026-09-17;{'StreetName': 'https://www.chu-amiens.fr/', 'AdditionalStreetName': None, 'CityName': 'AMIENS', 'PostalZone': '80000', 'Country': 'FRA'};268000148;False;CENTRE HOSPITALIER UNIVERSITAIRE;CENTRE HOSPITALIER UNIVERSITAIRE;;;fournitures;['CRITERE 3 : PRIX (AU REGARD DU DQE) 25%\nCe critère sera évalué pour chaque lot et au regard des prix proposés par les candidats dans le BPU valant DQE, soit le prix au regard du montant total DQE HT.', 'CRITERE 1 : QUALITE TECHNIQUE 70%\nLe critère sera évalué pour chaque lot sur les éléments suivants sur la base des fiches techniques fournies et du bordereau des prix unitaires :\n- Qualité technique des produits proposés au BPU\n- Etendue de gamme au regard du complément de gamme renseigné dans le BPU\n\nCRITERE 2 : PRESTATIONS DU FOURNISSEUR 5%\nLe critère sera évalué pour chaque lot sur les éléments suivants : Prestations du fournisseur sur la base du cadre de mémoire technique et développement durable (annexe 3 à l’acte d’engagement : prestations associées du fournisseur, logistique et gestion des ruptures, gestion des dépôts le cas échant, conditions commerciales complémentaires et développement durable).'];['prix', 'environnemental'];;1440.0;True;;False;;sans remise en concurrence;;26-89560;;;;LOT-0041;33000000;;95;;;DISPOSITIFS MEDICAUX POUR ABORD DIGESTIF;ouverte;25PS0232;;;;False;False;False;;7364;Établissement d'hospitalisation ;5 000  à  9 999;False;1953-09-02;86.10Z;2008;;;;;;<NA>;;;;;<NA>;<NA>;;;;;;;;;;;;;;;;
False;['33100000', '33184100'];;True;True;False;en cours;;;False;;;2026-09-17;{'StreetName': 'https://www.chu-amiens.fr/', 'AdditionalStreetName': None, 'CityName': 'AMIENS', 'PostalZone': '80000', 'Country': 'FRA'};268000148;False;CENTRE HOSPITALIER UNIVERSITAIRE;CENTRE HOSPITALIER UNIVERSITAIRE;;;fournitures;['CRITERE 3 : PRIX (AU REGARD DU DQE) 25%\nCe critère sera évalué pour chaque lot et au regard des prix proposés par les candidats dans le BPU valant DQE, soit le prix au regard du montant total DQE HT.', 'CRITERE 1 : QUALITE TECHNIQUE 70%\nLe critère sera évalué pour chaque lot sur les éléments suivants sur la base des fiches techniques fournies et du bordereau des prix unitaires :\n- Qualité technique des produits proposés au BPU\n- Etendue de gamme au regard du complément de gamme renseigné dans le BPU\n\nCRITERE 2 : PRESTATIONS DU FOURNISSEUR 5%\nLe critère sera évalué pour chaque lot sur les éléments suivants : Prestations du fournisseur sur la base du cadre de mémoire technique et développement durable (annexe 3 à l’acte d’engagement : prestations associées du fournisseur, logistique et gestion des ruptures, gestion des dépôts le cas échant, conditions commerciales complémentaires et développement durable).'];['prix', 'environnemental'];;1440.0;True;;False;;sans remise en concurrence;;26-89560;;;;LOT-0042;33000000;;95;;;DISPOSITIFS MEDICAUX POUR ABORD DIGESTIF;ouverte;25PS0232;;;;False;False;False;;7364;Établissement d'hospitalisation ;5 000  à  9 999;False;1953-09-02;86.10Z;2008;;;;;;<NA>;;;;;<NA>;<NA>;;;;;;;;;;;;;;;;
False;['33100000', '33184100'];;True;True;False;en cours;;;False;;;2026-09-17;{'StreetName': 'https://www.chu-amiens.fr/', 'AdditionalStreetName': None, 'CityName': 'AMIENS', 'PostalZone': '80000', 'Country': 'FRA'};268000148;False;CENTRE HOSPITALIER UNIVERSITAIRE;CENTRE HOSPITALIER UNIVERSITAIRE;;;fournitures;['CRITERE 3 : PRIX (AU REGARD DU DQE) 25%\nCe critère sera évalué pour chaque lot et au regard des prix proposés par les candidats dans le BPU valant DQE, soit le prix au regard du montant total DQE HT.', 'CRITERE 1 : QUALITE TECHNIQUE 70%\nLe critère sera évalué pour chaque lot sur les éléments suivants sur la base des fiches techniques fournies et du bordereau des prix unitaires :\n- Qualité technique des produits proposés au BPU\n- Etendue de gamme au regard du complément de gamme renseigné dans le BPU\n\nCRITERE 2 : PRESTATIONS DU FOURNISSEUR 5%\nLe critère sera évalué pour chaque lot sur les éléments suivants : Prestations du fournisseur sur la base du cadre de mémoire technique et développement durable (annexe 3 à l’acte d’engagement : prestations associées du fournisseur, logistique et gestion des ruptures, gestion des dépôts le cas échant, conditions commerciales complémentaires et développement durable).'];['prix', 'environnemental'];;1440.0;True;;False;;sans remise en concurrence;;26-89560;;;;LOT-0043;33000000;;95;;;DISPOSITIFS MEDICAUX POUR ABORD DIGESTIF;ouverte;25PS0232;;;;False;False;False;;7364;Établissement d'hospitalisation ;5 000  à  9 999;False;1953-09-02;86.10Z;2008;;;;;;<NA>;;;;;<NA>;<NA>;;;;;;;;;;;;;;;;
False;['33100000', '33184100'];;True;True;False;en cours;;;False;;;2026-09-17;{'StreetName': 'https://www.chu-amiens.fr/', 'AdditionalStreetName': None, 'CityName': 'AMIENS', 'PostalZone': '80000', 'Country': 'FRA'};268000148;False;CENTRE HOSPITALIER UNIVERSITAIRE;CENTRE HOSPITALIER UNIVERSITAIRE;;;fournitures;['CRITERE 3 : PRIX (AU REGARD DU DQE) 25%\nCe critère sera évalué pour chaque lot et au regard des prix proposés par les candidats dans le BPU valant DQE, soit le prix au regard du montant total DQE HT.', 'CRITERE 1 : QUALITE TECHNIQUE 70%\nLe critère sera évalué pour chaque lot sur les éléments suivants sur la base des fiches techniques fournies et du bordereau des prix unitaires :\n- Qualité technique des produits proposés au BPU\n- Etendue de gamme au regard du complément de gamme renseigné dans le BPU\n\nCRITERE 2 : PRESTATIONS DU FOURNISSEUR 5%\nLe critère sera évalué pour chaque lot sur les éléments suivants : Prestations du fournisseur sur la base du cadre de mémoire technique et développement durable (annexe 3 à l’acte d’engagement : prestations associées du fournisseur, logistique et gestion des ruptures, gestion des dépôts le cas échant, conditions commerciales complémentaires et développement durable).'];['prix', 'environnemental'];;1440.0;True;;False;;sans remise en concurrence;;26-89560;;;;LOT-0044;33000000;;95;;;DISPOSITIFS MEDICAUX POUR ABORD DIGESTIF;ouverte;25PS0232;;;;False;False;False;;7364;Établissement d'hospitalisation ;5 000  à  9 999;False;1953-09-02;86.10Z;2008;;;;;;<NA>;;;;;<NA>;<NA>;;;;;;;;;;;;;;;;
False;['33100000', '33184100'];;True;True;False;en cours;;;False;;;2026-09-17;{'StreetName': 'https://www.chu-amiens.fr/', 'AdditionalStreetName': None, 'CityName': 'AMIENS', 'PostalZone': '80000', 'Country': 'FRA'};268000148;False;CENTRE HOSPITALIER UNIVERSITAIRE;CENTRE HOSPITALIER UNIVERSITAIRE;;;fournitures;['CRITERE 3 : PRIX (AU REGARD DU DQE) 25%\nCe critère sera évalué pour chaque lot et au regard des prix proposés par les candidats dans le BPU valant DQE, soit le prix au regard du montant total DQE HT.', 'CRITERE 1 : QUALITE TECHNIQUE 70%\nLe critère sera évalué pour chaque lot sur les éléments suivants sur la base des fiches techniques fournies et du bordereau des prix unitaires :\n- Qualité technique des produits proposés au BPU\n- Etendue de gamme au regard du complément de gamme renseigné dans le BPU\n\nCRITERE 2 : PRESTATIONS DU FOURNISSEUR 5%\nLe critère sera évalué pour chaque lot sur les éléments suivants : Prestations du fournisseur sur la base du cadre de mémoire technique et développement durable (annexe 3 à l’acte d’engagement : prestations associées du fournisseur, logistique et gestion des ruptures, gestion des dépôts le cas échant, conditions commerciales complémentaires et développement durable).'];['prix', 'environnemental'];;1440.0;True;;False;;sans remise en concurrence;;26-89560;;;;LOT-0045;33000000;;95;;;DISPOSITIFS MEDICAUX POUR ABORD DIGESTIF;ouverte;25PS0232;;;;False;False;False;;7364;Établissement d'hospitalisation ;5 000  à  9 999;False;1953-09-02;86.10Z;2008;;;;;;<NA>;;;;;<NA>;<NA>;;;;;;;;;;;;;;;;
False;['33100000', '33184100'];;True;True;False;en cours;;;False;;;2026-09-17;{'StreetName': 'https://www.chu-amiens.fr/', 'AdditionalStreetName': None, 'CityName': 'AMIENS', 'PostalZone': '80000', 'Country': 'FRA'};268000148;False;CENTRE HOSPITALIER UNIVERSITAIRE;CENTRE HOSPITALIER UNIVERSITAIRE;;;fournitures;['CRITERE 3 : PRIX (AU REGARD DU DQE) 25%\nCe critère sera évalué pour chaque lot et au regard des prix proposés par les candidats dans le BPU valant DQE, soit le prix au regard du montant total DQE HT.', 'CRITERE 1 : QUALITE TECHNIQUE 70%\nLe critère sera évalué pour chaque lot sur les éléments suivants sur la base des fiches techniques fournies et du bordereau des prix unitaires :\n- Qualité technique des produits proposés au BPU\n- Etendue de gamme au regard du complément de gamme renseigné dans le BPU\n\nCRITERE 2 : PRESTATIONS DU FOURNISSEUR 5%\nLe critère sera évalué pour chaque lot sur les éléments suivants : Prestations du fournisseur sur la base du cadre de mémoire technique et développement durable (annexe 3 à l’acte d’engagement : prestations associées du fournisseur, logistique et gestion des ruptures, gestion des dépôts le cas échant, conditions commerciales complémentaires et développement durable).'];['prix', 'environnemental'];;1440.0;True;;False;;sans remise en concurrence;;26-89560;;;;LOT-0046;33000000;;95;;;DISPOSITIFS MEDICAUX POUR ABORD DIGESTIF;ouverte;25PS0232;;;;False;False;False;;7364;Établissement d'hospitalisation ;5 000  à  9 999;False;1953-09-02;86.10Z;2008;;;;;;<NA>;;;;;<NA>;<NA>;;;;;;;;;;;;;;;;
False;['33100000', '33184100'];;True;True;False;en cours;;;False;;;2026-09-17;{'StreetName': 'https://www.chu-amiens.fr/', 'AdditionalStreetName': None, 'CityName': 'AMIENS', 'PostalZone': '80000', 'Country': 'FRA'};268000148;False;CENTRE HOSPITALIER UNIVERSITAIRE;CENTRE HOSPITALIER UNIVERSITAIRE;;;fournitures;['CRITERE 3 : PRIX (AU REGARD DU DQE) 25%\nCe critère sera évalué pour chaque lot et au regard des prix proposés par les candidats dans le BPU valant DQE, soit le prix au regard du montant total DQE HT.', 'CRITERE 1 : QUALITE TECHNIQUE 70%\nLe critère sera évalué pour chaque lot sur les éléments suivants sur la base des fiches techniques fournies et du bordereau des prix unitaires :\n- Qualité technique des produits proposés au BPU\n- Etendue de gamme au regard du complément de gamme renseigné dans le BPU\n\nCRITERE 2 : PRESTATIONS DU FOURNISSEUR 5%\nLe critère sera évalué pour chaque lot sur les éléments suivants : Prestations du fournisseur sur la base du cadre de mémoire technique et développement durable (annexe 3 à l’acte d’engagement : prestations associées du fournisseur, logistique et gestion des ruptures, gestion des dépôts le cas échant, conditions commerciales complémentaires et développement durable).'];['prix', 'environnemental'];;1440.0;True;;False;;sans remise en concurrence;;26-89560;;;;LOT-0047;33000000;;95;;;DISPOSITIFS MEDICAUX POUR ABORD DIGESTIF;ouverte;25PS0232;;;;False;False;False;;7364;Établissement d'hospitalisation ;5 000  à  9 999;False;1953-09-02;86.10Z;2008;;;;;;<NA>;;;;;<NA>;<NA>;;;;;;;;;;;;;;;;
False;['33100000', '33184100'];;True;True;False;en cours;;;False;;;2026-09-17;{'StreetName': 'https://www.chu-amiens.fr/', 'AdditionalStreetName': None, 'CityName': 'AMIENS', 'PostalZone': '80000', 'Country': 'FRA'};268000148;False;CENTRE HOSPITALIER UNIVERSITAIRE;CENTRE HOSPITALIER UNIVERSITAIRE;;;fournitures;['CRITERE 3 : PRIX (AU REGARD DU DQE) 25%\nCe critère sera évalué pour chaque lot et au regard des prix proposés par les candidats dans le BPU valant DQE, soit le prix au regard du montant total DQE HT.', 'CRITERE 1 : QUALITE TECHNIQUE 70%\nLe critère sera évalué pour chaque lot sur les éléments suivants sur la base des fiches techniques fournies et du bordereau des prix unitaires :\n- Qualité technique des produits proposés au BPU\n- Etendue de gamme au regard du complément de gamme renseigné dans le BPU\n\nCRITERE 2 : PRESTATIONS DU FOURNISSEUR 5%\nLe critère sera évalué pour chaque lot sur les éléments suivants : Prestations du fournisseur sur la base du cadre de mémoire technique et développement durable (annexe 3 à l’acte d’engagement : prestations associées du fournisseur, logistique et gestion des ruptures, gestion des dépôts le cas échant, conditions commerciales complémentaires et développement durable).'];['prix', 'environnemental'];;1440.0;True;;False;;sans remise en concurrence;;26-89560;;;;LOT-0048;33000000;;95;;;DISPOSITIFS MEDICAUX POUR ABORD DIGESTIF;ouverte;25PS0232;;;;False;False;False;;7364;Établissement d'hospitalisation ;5 000  à  9 999;False;1953-09-02;86.10Z;2008;;;;;;<NA>;;;;;<NA>;<NA>;;;;;;;;;;;;;;;;
False;['33100000', '33184100'];;True;True;False;en cours;;;False;;;2026-09-17;{'StreetName': 'https://www.chu-amiens.fr/', 'AdditionalStreetName': None, 'CityName': 'AMIENS', 'PostalZone': '80000', 'Country': 'FRA'};268000148;False;CENTRE HOSPITALIER UNIVERSITAIRE;CENTRE HOSPITALIER UNIVERSITAIRE;;;fournitures;['CRITERE 3 : PRIX (AU REGARD DU DQE) 25%\nCe critère sera évalué pour chaque lot et au regard des prix proposés par les candidats dans le BPU valant DQE, soit le prix au regard du montant total DQE HT.', 'CRITERE 1 : QUALITE TECHNIQUE 70%\nLe critère sera évalué pour chaque lot sur les éléments suivants sur la base des fiches techniques fournies et du bordereau des prix unitaires :\n- Qualité technique des produits proposés au BPU\n- Etendue de gamme au regard du complément de gamme renseigné dans le BPU\n\nCRITERE 2 : PRESTATIONS DU FOURNISSEUR 5%\nLe critère sera évalué pour chaque lot sur les éléments suivants : Prestations du fournisseur sur la base du cadre de mémoire technique et développement durable (annexe 3 à l’acte d’engagement : prestations associées du fournisseur, logistique et gestion des ruptures, gestion des dépôts le cas échant, conditions commerciales complémentaires et développement durable).'];['prix', 'environnemental'];;1440.0;True;;False;;sans remise en concurrence;;26-89560;;;;LOT-0049;33000000;;95;;;DISPOSITIFS MEDICAUX POUR ABORD DIGESTIF;ouverte;25PS0232;;;;False;False;False;;7364;Établissement d'hospitalisation ;5 000  à  9 999;False;1953-09-02;86.10Z;2008;;;;;;<NA>;;;;;<NA>;<NA>;;;;;;;;;;;;;;;;
False;['33100000', '33184100'];;True;True;False;en cours;;;False;;;2026-09-17;{'StreetName': 'https://www.chu-amiens.fr/', 'AdditionalStreetName': None, 'CityName': 'AMIENS', 'PostalZone': '80000', 'Country': 'FRA'};268000148;False;CENTRE HOSPITALIER UNIVERSITAIRE;CENTRE HOSPITALIER UNIVERSITAIRE;;;fournitures;['CRITERE 3 : PRIX (AU REGARD DU DQE) 25%\nCe critère sera évalué pour chaque lot et au regard des prix proposés par les candidats dans le BPU valant DQE, soit le prix au regard du montant total DQE HT.', 'CRITERE 1 : QUALITE TECHNIQUE 70%\nLe critère sera évalué pour chaque lot sur les éléments suivants sur la base des fiches techniques fournies et du bordereau des prix unitaires :\n- Qualité technique des produits proposés au BPU\n- Etendue de gamme au regard du complément de gamme renseigné dans le BPU\n\nCRITERE 2 : PRESTATIONS DU FOURNISSEUR 5%\nLe critère sera évalué pour chaque lot sur les éléments suivants : Prestations du fournisseur sur la base du cadre de mémoire technique et développement durable (annexe 3 à l’acte d’engagement : prestations associées du fournisseur, logistique et gestion des ruptures, gestion des dépôts le cas échant, conditions commerciales complémentaires et développement durable).'];['prix', 'environnemental'];;1440.0;True;;False;;sans remise en concurrence;;26-89560;;;;LOT-0050;33000000;;95;;;DISPOSITIFS MEDICAUX POUR ABORD DIGESTIF;ouverte;25PS0232;;;;False;False;False;;7364;Établissement d'hospitalisation ;5 000  à  9 999;False;1953-09-02;86.10Z;2008;;;;;;<NA>;;;;;<NA>;<NA>;;;;;;;;;;;;;;;;
False;['33100000', '33184100'];;True;True;False;en cours;;;False;;;2026-09-17;{'StreetName': 'https://www.chu-amiens.fr/', 'AdditionalStreetName': None, 'CityName': 'AMIENS', 'PostalZone': '80000', 'Country': 'FRA'};268000148;False;CENTRE HOSPITALIER UNIVERSITAIRE;CENTRE HOSPITALIER UNIVERSITAIRE;;;fournitures;['CRITERE 3 : PRIX (AU REGARD DU DQE) 25%\nCe critère sera évalué pour chaque lot et au regard des prix proposés par les candidats dans le BPU valant DQE, soit le prix au regard du montant total DQE HT.', 'CRITERE 1 : QUALITE TECHNIQUE 70%\nLe critère sera évalué pour chaque lot sur les éléments suivants sur la base des fiches techniques fournies et du bordereau des prix unitaires :\n- Qualité technique des produits proposés au BPU\n- Etendue de gamme au regard du complément de gamme renseigné dans le BPU\n\nCRITERE 2 : PRESTATIONS DU FOURNISSEUR 5%\nLe critère sera évalué pour chaque lot sur les éléments suivants : Prestations du fournisseur sur la base du cadre de mémoire technique et développement durable (annexe 3 à l’acte d’engagement : prestations associées du fournisseur, logistique et gestion des ruptures, gestion des dépôts le cas échant, conditions commerciales complémentaires et développement durable).'];['prix', 'environnemental'];;1440.0;True;;False;;sans remise en concurrence;;26-89560;;;;LOT-0051;33000000;;95;;;DISPOSITIFS MEDICAUX POUR ABORD DIGESTIF;ouverte;25PS0232;;;;False;False;False;;7364;Établissement d'hospitalisation ;5 000  à  9 999;False;1953-09-02;86.10Z;2008;;;;;;<NA>;;;;;<NA>;<NA>;;;;;;;;;;;;;;;;
False;['33100000', '33184100'];;True;True;False;en cours;;;False;;;2026-09-17;{'StreetName': 'https://www.chu-amiens.fr/', 'AdditionalStreetName': None, 'CityName': 'AMIENS', 'PostalZone': '80000', 'Country': 'FRA'};268000148;False;CENTRE HOSPITALIER UNIVERSITAIRE;CENTRE HOSPITALIER UNIVERSITAIRE;;;fournitures;['CRITERE 3 : PRIX (AU REGARD DU DQE) 25%\nCe critère sera évalué pour chaque lot et au regard des prix proposés par les candidats dans le BPU valant DQE, soit le prix au regard du montant total DQE HT.', 'CRITERE 1 : QUALITE TECHNIQUE 70%\nLe critère sera évalué pour chaque lot sur les éléments suivants sur la base des fiches techniques fournies et du bordereau des prix unitaires :\n- Qualité technique des produits proposés au BPU\n- Etendue de gamme au regard du complément de gamme renseigné dans le BPU\n\nCRITERE 2 : PRESTATIONS DU FOURNISSEUR 5%\nLe critère sera évalué pour chaque lot sur les éléments suivants : Prestations du fournisseur sur la base du cadre de mémoire technique et développement durable (annexe 3 à l’acte d’engagement : prestations associées du fournisseur, logistique et gestion des ruptures, gestion des dépôts le cas échant, conditions commerciales complémentaires et développement durable).'];['prix', 'environnemental'];;1440.0;True;;False;;sans remise en concurrence;;26-89560;;;;LOT-0052;33000000;;95;;;DISPOSITIFS MEDICAUX POUR ABORD DIGESTIF;ouverte;25PS0232;;;;False;False;False;;7364;Établissement d'hospitalisation ;5 000  à  9 999;False;1953-09-02;86.10Z;2008;;;;;;<NA>;;;;;<NA>;<NA>;;;;;;;;;;;;;;;;
False;['33100000', '33184100'];;True;True;False;en cours;;;False;;;2026-09-17;{'StreetName': 'https://www.chu-amiens.fr/', 'AdditionalStreetName': None, 'CityName': 'AMIENS', 'PostalZone': '80000', 'Country': 'FRA'};268000148;False;CENTRE HOSPITALIER UNIVERSITAIRE;CENTRE HOSPITALIER UNIVERSITAIRE;;;fournitures;['CRITERE 3 : PRIX (AU REGARD DU DQE) 25%\nCe critère sera évalué pour chaque lot et au regard des prix proposés par les candidats dans le BPU valant DQE, soit le prix au regard du montant total DQE HT.', 'CRITERE 1 : QUALITE TECHNIQUE 70%\nLe critère sera évalué pour chaque lot sur les éléments suivants sur la base des fiches techniques fournies et du bordereau des prix unitaires :\n- Qualité technique des produits proposés au BPU\n- Etendue de gamme au regard du complément de gamme renseigné dans le BPU\n\nCRITERE 2 : PRESTATIONS DU FOURNISSEUR 5%\nLe critère sera évalué pour chaque lot sur les éléments suivants : Prestations du fournisseur sur la base du cadre de mémoire technique et développement durable (annexe 3 à l’acte d’engagement : prestations associées du fournisseur, logistique et gestion des ruptures, gestion des dépôts le cas échant, conditions commerciales complémentaires et développement durable).'];['prix', 'environnemental'];;1440.0;True;;False;;sans remise en concurrence;;26-89560;;;;LOT-0053;33000000;;95;;;DISPOSITIFS MEDICAUX POUR ABORD DIGESTIF;ouverte;25PS0232;;;;False;False;False;;7364;Établissement d'hospitalisation ;5 000  à  9 999;False;1953-09-02;86.10Z;2008;;;;;;<NA>;;;;;<NA>;<NA>;;;;;;;;;;;;;;;;
False;['33100000', '33184100'];;True;True;False;en cours;;;False;;;2026-09-17;{'StreetName': 'https://www.chu-amiens.fr/', 'AdditionalStreetName': None, 'CityName': 'AMIENS', 'PostalZone': '80000', 'Country': 'FRA'};268000148;False;CENTRE HOSPITALIER UNIVERSITAIRE;CENTRE HOSPITALIER UNIVERSITAIRE;;;fournitures;['CRITERE 3 : PRIX (AU REGARD DU DQE) 25%\nCe critère sera évalué pour chaque lot et au regard des prix proposés par les candidats dans le BPU valant DQE, soit le prix au regard du montant total DQE HT.', 'CRITERE 1 : QUALITE TECHNIQUE 70%\nLe critère sera évalué pour chaque lot sur les éléments suivants sur la base des fiches techniques fournies et du bordereau des prix unitaires :\n- Qualité technique des produits proposés au BPU\n- Etendue de gamme au regard du complément de gamme renseigné dans le BPU\n\nCRITERE 2 : PRESTATIONS DU FOURNISSEUR 5%\nLe critère sera évalué pour chaque lot sur les éléments suivants : Prestations du fournisseur sur la base du cadre de mémoire technique et développement durable (annexe 3 à l’acte d’engagement : prestations associées du fournisseur, logistique et gestion des ruptures, gestion des dépôts le cas échant, conditions commerciales complémentaires et développement durable).'];['prix', 'environnemental'];;1440.0;True;;False;;sans remise en concurrence;;26-89560;;;;LOT-0054;33000000;;95;;;DISPOSITIFS MEDICAUX POUR ABORD DIGESTIF;ouverte;25PS0232;;;;False;False;False;;7364;Établissement d'hospitalisation ;5 000  à  9 999;False;1953-09-02;86.10Z;2008;;;;;;<NA>;;;;;<NA>;<NA>;;;;;;;;;;;;;;;;
False;['33100000', '33184100'];;True;True;False;en cours;;;False;;;2026-09-17;{'StreetName': 'https://www.chu-amiens.fr/', 'AdditionalStreetName': None, 'CityName': 'AMIENS', 'PostalZone': '80000', 'Country': 'FRA'};268000148;False;CENTRE HOSPITALIER UNIVERSITAIRE;CENTRE HOSPITALIER UNIVERSITAIRE;;;fournitures;['CRITERE 3 : PRIX (AU REGARD DU DQE) 25%\nCe critère sera évalué pour chaque lot et au regard des prix proposés par les candidats dans le BPU valant DQE, soit le prix au regard du montant total DQE HT.', 'CRITERE 1 : QUALITE TECHNIQUE 70%\nLe critère sera évalué pour chaque lot sur les éléments suivants sur la base des fiches techniques fournies et du bordereau des prix unitaires :\n- Qualité technique des produits proposés au BPU\n- Etendue de gamme au regard du complément de gamme renseigné dans le BPU\n\nCRITERE 2 : PRESTATIONS DU FOURNISSEUR 5%\nLe critère sera évalué pour chaque lot sur les éléments suivants : Prestations du fournisseur sur la base du cadre de mémoire technique et développement durable (annexe 3 à l’acte d’engagement : prestations associées du fournisseur, logistique et gestion des ruptures, gestion des dépôts le cas échant, conditions commerciales complémentaires et développement durable).'];['prix', 'environnemental'];;1440.0;True;;False;;sans remise en concurrence;;26-89560;;;;LOT-0055;33000000;;95;;;DISPOSITIFS MEDICAUX POUR ABORD DIGESTIF;ouverte;25PS0232;;;;False;False;False;;7364;Établissement d'hospitalisation ;5 000  à  9 999;False;1953-09-02;86.10Z;2008;;;;;;<NA>;;;;;<NA>;<NA>;;;;;;;;;;;;;;;;
False;['33100000', '33184100'];;True;True;False;en cours;;;False;;;2026-09-17;{'StreetName': 'https://www.chu-amiens.fr/', 'AdditionalStreetName': None, 'CityName': 'AMIENS', 'PostalZone': '80000', 'Country': 'FRA'};268000148;False;CENTRE HOSPITALIER UNIVERSITAIRE;CENTRE HOSPITALIER UNIVERSITAIRE;;;fournitures;['CRITERE 3 : PRIX (AU REGARD DU DQE) 25%\nCe critère sera évalué pour chaque lot et au regard des prix proposés par les candidats dans le BPU valant DQE, soit le prix au regard du montant total DQE HT.', 'CRITERE 1 : QUALITE TECHNIQUE 70%\nLe critère sera évalué pour chaque lot sur les éléments suivants sur la base des fiches techniques fournies et du bordereau des prix unitaires :\n- Qualité technique des produits proposés au BPU\n- Etendue de gamme au regard du complément de gamme renseigné dans le BPU\n\nCRITERE 2 : PRESTATIONS DU FOURNISSEUR 5%\nLe critère sera évalué pour chaque lot sur les éléments suivants : Prestations du fournisseur sur la base du cadre de mémoire technique et développement durable (annexe 3 à l’acte d’engagement : prestations associées du fournisseur, logistique et gestion des ruptures, gestion des dépôts le cas échant, conditions commerciales complémentaires et développement durable).'];['prix', 'environnemental'];;1440.0;True;;False;;sans remise en concurrence;;26-89560;;;;LOT-0056;33000000;;95;;;DISPOSITIFS MEDICAUX POUR ABORD DIGESTIF;ouverte;25PS0232;;;;False;False;False;;7364;Établissement d'hospitalisation ;5 000  à  9 999;False;1953-09-02;86.10Z;2008;;;;;;<NA>;;;;;<NA>;<NA>;;;;;;;;;;;;;;;;
False;['33100000', '33184100'];;True;True;False;en cours;;;False;;;2026-09-17;{'StreetName': 'https://www.chu-amiens.fr/', 'AdditionalStreetName': None, 'CityName': 'AMIENS', 'PostalZone': '80000', 'Country': 'FRA'};268000148;False;CENTRE HOSPITALIER UNIVERSITAIRE;CENTRE HOSPITALIER UNIVERSITAIRE;;;fournitures;['CRITERE 3 : PRIX (AU REGARD DU DQE) 25%\nCe critère sera évalué pour chaque lot et au regard des prix proposés par les candidats dans le BPU valant DQE, soit le prix au regard du montant total DQE HT.', 'CRITERE 1 : QUALITE TECHNIQUE 70%\nLe critère sera évalué pour chaque lot sur les éléments suivants sur la base des fiches techniques fournies et du bordereau des prix unitaires :\n- Qualité technique des produits proposés au BPU\n- Etendue de gamme au regard du complément de gamme renseigné dans le BPU\n\nCRITERE 2 : PRESTATIONS DU FOURNISSEUR 5%\nLe critère sera évalué pour chaque lot sur les éléments suivants : Prestations du fournisseur sur la base du cadre de mémoire technique et développement durable (annexe 3 à l’acte d’engagement : prestations associées du fournisseur, logistique et gestion des ruptures, gestion des dépôts le cas échant, conditions commerciales complémentaires et développement durable).'];['prix', 'environnemental'];;1440.0;True;;False;;sans remise en concurrence;;26-89560;;;;LOT-0057;33000000;;95;;;DISPOSITIFS MEDICAUX POUR ABORD DIGESTIF;ouverte;25PS0232;;;;False;False;False;;7364;Établissement d'hospitalisation ;5 000  à  9 999;False;1953-09-02;86.10Z;2008;;;;;;<NA>;;;;;<NA>;<NA>;;;;;;;;;;;;;;;;
False;['33100000', '33184100'];;True;True;False;en cours;;;False;;;2026-09-17;{'StreetName': 'https://www.chu-amiens.fr/', 'AdditionalStreetName': None, 'CityName': 'AMIENS', 'PostalZone': '80000', 'Country': 'FRA'};268000148;False;CENTRE HOSPITALIER UNIVERSITAIRE;CENTRE HOSPITALIER UNIVERSITAIRE;;;fournitures;['CRITERE 3 : PRIX (AU REGARD DU DQE) 25%\nCe critère sera évalué pour chaque lot et au regard des prix proposés par les candidats dans le BPU valant DQE, soit le prix au regard du montant total DQE HT.', 'CRITERE 1 : QUALITE TECHNIQUE 70%\nLe critère sera évalué pour chaque lot sur les éléments suivants sur la base des fiches techniques fournies et du bordereau des prix unitaires :\n- Qualité technique des produits proposés au BPU\n- Etendue de gamme au regard du complément de gamme renseigné dans le BPU\n\nCRITERE 2 : PRESTATIONS DU FOURNISSEUR 5%\nLe critère sera évalué pour chaque lot sur les éléments suivants : Prestations du fournisseur sur la base du cadre de mémoire technique et développement durable (annexe 3 à l’acte d’engagement : prestations associées du fournisseur, logistique et gestion des ruptures, gestion des dépôts le cas échant, conditions commerciales complémentaires et développement durable).'];['prix', 'environnemental'];;1440.0;True;;False;;sans remise en concurrence;;26-89560;;;;LOT-0058;33000000;;95;;;DISPOSITIFS MEDICAUX POUR ABORD DIGESTIF;ouverte;25PS0232;;;;False;False;False;;7364;Établissement d'hospitalisation ;5 000  à  9 999;False;1953-09-02;86.10Z;2008;;;;;;<NA>;;;;;<NA>;<NA>;;;;;;;;;;;;;;;;
False;['33100000', '33184100'];;True;True;False;en cours;;;False;;;2026-09-17;{'StreetName': 'https://www.chu-amiens.fr/', 'AdditionalStreetName': None, 'CityName': 'AMIENS', 'PostalZone': '80000', 'Country': 'FRA'};268000148;False;CENTRE HOSPITALIER UNIVERSITAIRE;CENTRE HOSPITALIER UNIVERSITAIRE;;;fournitures;['CRITERE 3 : PRIX (AU REGARD DU DQE) 25%\nCe critère sera évalué pour chaque lot et au regard des prix proposés par les candidats dans le BPU valant DQE, soit le prix au regard du montant total DQE HT.', 'CRITERE 1 : QUALITE TECHNIQUE 70%\nLe critère sera évalué pour chaque lot sur les éléments suivants sur la base des fiches techniques fournies et du bordereau des prix unitaires :\n- Qualité technique des produits proposés au BPU\n- Etendue de gamme au regard du complément de gamme renseigné dans le BPU\n\nCRITERE 2 : PRESTATIONS DU FOURNISSEUR 5%\nLe critère sera évalué pour chaque lot sur les éléments suivants : Prestations du fournisseur sur la base du cadre de mémoire technique et développement durable (annexe 3 à l’acte d’engagement : prestations associées du fournisseur, logistique et gestion des ruptures, gestion des dépôts le cas échant, conditions commerciales complémentaires et développement durable).'];['prix', 'environnemental'];;1440.0;True;;False;;sans remise en concurrence;;26-89560;;;;LOT-0059;33000000;;95;;;DISPOSITIFS MEDICAUX POUR ABORD DIGESTIF;ouverte;25PS0232;;;;False;False;False;;7364;Établissement d'hospitalisation ;5 000  à  9 999;False;1953-09-02;86.10Z;2008;;;;;;<NA>;;;;;<NA>;<NA>;;;;;;;;;;;;;;;;
False;['33100000', '33184100'];;True;True;False;en cours;;;False;;;2026-09-17;{'StreetName': 'https://www.chu-amiens.fr/', 'AdditionalStreetName': None, 'CityName': 'AMIENS', 'PostalZone': '80000', 'Country': 'FRA'};268000148;False;CENTRE HOSPITALIER UNIVERSITAIRE;CENTRE HOSPITALIER UNIVERSITAIRE;;;fournitures;['CRITERE 3 : PRIX (AU REGARD DU DQE) 25%\nCe critère sera évalué pour chaque lot et au regard des prix proposés par les candidats dans le BPU valant DQE, soit le prix au regard du montant total DQE HT.', 'CRITERE 1 : QUALITE TECHNIQUE 70%\nLe critère sera évalué pour chaque lot sur les éléments suivants sur la base des fiches techniques fournies et du bordereau des prix unitaires :\n- Qualité technique des produits proposés au BPU\n- Etendue de gamme au regard du complément de gamme renseigné dans le BPU\n\nCRITERE 2 : PRESTATIONS DU FOURNISSEUR 5%\nLe critère sera évalué pour chaque lot sur les éléments suivants : Prestations du fournisseur sur la base du cadre de mémoire technique et développement durable (annexe 3 à l’acte d’engagement : prestations associées du fournisseur, logistique et gestion des ruptures, gestion des dépôts le cas échant, conditions commerciales complémentaires et développement durable).'];['prix', 'environnemental'];;1440.0;True;;False;;sans remise en concurrence;;26-89560;;;;LOT-0060;33000000;;95;;;DISPOSITIFS MEDICAUX POUR ABORD DIGESTIF;ouverte;25PS0232;;;;False;False;False;;7364;Établissement d'hospitalisation ;5 000  à  9 999;False;1953-09-02;86.10Z;2008;;;;;;<NA>;;;;;<NA>;<NA>;;;;;;;;;;;;;;;;
False;['33100000', '33184100'];;True;True;False;en cours;;;False;;;2026-09-17;{'StreetName': 'https://www.chu-amiens.fr/', 'AdditionalStreetName': None, 'CityName': 'AMIENS', 'PostalZone': '80000', 'Country': 'FRA'};268000148;False;CENTRE HOSPITALIER UNIVERSITAIRE;CENTRE HOSPITALIER UNIVERSITAIRE;;;fournitures;['CRITERE 3 : PRIX (AU REGARD DU DQE) 25%\nCe critère sera évalué pour chaque lot et au regard des prix proposés par les candidats dans le BPU valant DQE, soit le prix au regard du montant total DQE HT.', 'CRITERE 1 : QUALITE TECHNIQUE 70%\nLe critère sera évalué pour chaque lot sur les éléments suivants sur la base des fiches techniques fournies et du bordereau des prix unitaires :\n- Qualité technique des produits proposés au BPU\n- Etendue de gamme au regard du complément de gamme renseigné dans le BPU\n\nCRITERE 2 : PRESTATIONS DU FOURNISSEUR 5%\nLe critère sera évalué pour chaque lot sur les éléments suivants : Prestations du fournisseur sur la base du cadre de mémoire technique et développement durable (annexe 3 à l’acte d’engagement : prestations associées du fournisseur, logistique et gestion des ruptures, gestion des dépôts le cas échant, conditions commerciales complémentaires et développement durable).'];['prix', 'environnemental'];;1440.0;True;;False;;sans remise en concurrence;;26-89560;;;;LOT-0061;33000000;;95;;;DISPOSITIFS MEDICAUX POUR ABORD DIGESTIF;ouverte;25PS0232;;;;False;False;False;;7364;Établissement d'hospitalisation ;5 000  à  9 999;False;1953-09-02;86.10Z;2008;;;;;;<NA>;;;;;<NA>;<NA>;;;;;;;;;;;;;;;;
False;['33100000', '33184100'];;True;True;False;en cours;;;False;;;2026-09-17;{'StreetName': 'https://www.chu-amiens.fr/', 'AdditionalStreetName': None, 'CityName': 'AMIENS', 'PostalZone': '80000', 'Country': 'FRA'};268000148;False;CENTRE HOSPITALIER UNIVERSITAIRE;CENTRE HOSPITALIER UNIVERSITAIRE;;;fournitures;['CRITERE 3 : PRIX (AU REGARD DU DQE) 25%\nCe critère sera évalué pour chaque lot et au regard des prix proposés par les candidats dans le BPU valant DQE, soit le prix au regard du montant total DQE HT.', 'CRITERE 1 : QUALITE TECHNIQUE 70%\nLe critère sera évalué pour chaque lot sur les éléments suivants sur la base des fiches techniques fournies et du bordereau des prix unitaires :\n- Qualité technique des produits proposés au BPU\n- Etendue de gamme au regard du complément de gamme renseigné dans le BPU\n\nCRITERE 2 : PRESTATIONS DU FOURNISSEUR 5%\nLe critère sera évalué pour chaque lot sur les éléments suivants : Prestations du fournisseur sur la base du cadre de mémoire technique et développement durable (annexe 3 à l’acte d’engagement : prestations associées du fournisseur, logistique et gestion des ruptures, gestion des dépôts le cas échant, conditions commerciales complémentaires et développement durable).'];['prix', 'environnemental'];;1440.0;True;;False;;sans remise en concurrence;;26-89560;;;;LOT-0062;33000000;;95;;;DISPOSITIFS MEDICAUX POUR ABORD DIGESTIF;ouverte;25PS0232;;;;False;False;False;;7364;Établissement d'hospitalisation ;5 000  à  9 999;False;1953-09-02;86.10Z;2008;;;;;;<NA>;;;;;<NA>;<NA>;;;;;;;;;;;;;;;;
False;['33100000', '33184100'];;True;True;False;en cours;;;False;;;2026-09-17;{'StreetName': 'https://www.chu-amiens.fr/', 'AdditionalStreetName': None, 'CityName': 'AMIENS', 'PostalZone': '80000', 'Country': 'FRA'};268000148;False;CENTRE HOSPITALIER UNIVERSITAIRE;CENTRE HOSPITALIER UNIVERSITAIRE;;;fournitures;['CRITERE 3 : PRIX (AU REGARD DU DQE) 25%\nCe critère sera évalué pour chaque lot et au regard des prix proposés par les candidats dans le BPU valant DQE, soit le prix au regard du montant total DQE HT.', 'CRITERE 1 : QUALITE TECHNIQUE 70%\nLe critère sera évalué pour chaque lot sur les éléments suivants sur la base des fiches techniques fournies et du bordereau des prix unitaires :\n- Qualité technique des produits proposés au BPU\n- Etendue de gamme au regard du complément de gamme renseigné dans le BPU\n\nCRITERE 2 : PRESTATIONS DU FOURNISSEUR 5%\nLe critère sera évalué pour chaque lot sur les éléments suivants : Prestations du fournisseur sur la base du cadre de mémoire technique et développement durable (annexe 3 à l’acte d’engagement : prestations associées du fournisseur, logistique et gestion des ruptures, gestion des dépôts le cas échant, conditions commerciales complémentaires et développement durable).'];['prix', 'environnemental'];;1440.0;True;;False;;sans remise en concurrence;;26-89560;;;;LOT-0063;33000000;;95;;;DISPOSITIFS MEDICAUX POUR ABORD DIGESTIF;ouverte;25PS0232;;;;False;False;False;;7364;Établissement d'hospitalisation ;5 000  à  9 999;False;1953-09-02;86.10Z;2008;;;;;;<NA>;;;;;<NA>;<NA>;;;;;;;;;;;;;;;;
False;['33100000', '33184100'];;True;True;False;en cours;;;False;;;2026-09-17;{'StreetName': 'https://www.chu-amiens.fr/', 'AdditionalStreetName': None, 'CityName': 'AMIENS', 'PostalZone': '80000', 'Country': 'FRA'};268000148;False;CENTRE HOSPITALIER UNIVERSITAIRE;CENTRE HOSPITALIER UNIVERSITAIRE;;;fournitures;['CRITERE 3 : PRIX (AU REGARD DU DQE) 25%\nCe critère sera évalué pour chaque lot et au regard des prix proposés par les candidats dans le BPU valant DQE, soit le prix au regard du montant total DQE HT.', 'CRITERE 1 : QUALITE TECHNIQUE 70%\nLe critère sera évalué pour chaque lot sur les éléments suivants sur la base des fiches techniques fournies et du bordereau des prix unitaires :\n- Qualité technique des produits proposés au BPU\n- Etendue de gamme au regard du complément de gamme renseigné dans le BPU\n\nCRITERE 2 : PRESTATIONS DU FOURNISSEUR 5%\nLe critère sera évalué pour chaque lot sur les éléments suivants : Prestations du fournisseur sur la base du cadre de mémoire technique et développement durable (annexe 3 à l’acte d’engagement : prestations associées du fournisseur, logistique et gestion des ruptures, gestion des dépôts le cas échant, conditions commerciales complémentaires et développement durable).'];['prix', 'environnemental'];;1440.0;True;;False;;sans remise en concurrence;;26-89560;;;;LOT-0064;33000000;;95;;;DISPOSITIFS MEDICAUX POUR ABORD DIGESTIF;ouverte;25PS0232;;;;False;False;False;;7364;Établissement d'hospitalisation ;5 000  à  9 999;False;1953-09-02;86.10Z;2008;;;;;;<NA>;;;;;<NA>;<NA>;;;;;;;;;;;;;;;;
False;['33100000', '33184100'];;True;True;False;en cours;;;False;;;2026-09-17;{'StreetName': 'https://www.chu-amiens.fr/', 'AdditionalStreetName': None, 'CityName': 'AMIENS', 'PostalZone': '80000', 'Country': 'FRA'};268000148;False;CENTRE HOSPITALIER UNIVERSITAIRE;CENTRE HOSPITALIER UNIVERSITAIRE;;;fournitures;['CRITERE 3 : PRIX (AU REGARD DU DQE) 25%\nCe critère sera évalué pour chaque lot et au regard des prix proposés par les candidats dans le BPU valant DQE, soit le prix au regard du montant total DQE HT.', 'CRITERE 1 : QUALITE TECHNIQUE 70%\nLe critère sera évalué pour chaque lot sur les éléments suivants sur la base des fiches techniques fournies et du bordereau des prix unitaires :\n- Qualité technique des produits proposés au BPU\n- Etendue de gamme au regard du complément de gamme renseigné dans le BPU\n\nCRITERE 2 : PRESTATIONS DU FOURNISSEUR 5%\nLe critère sera évalué pour chaque lot sur les éléments suivants : Prestations du fournisseur sur la base du cadre de mémoire technique et développement durable (annexe 3 à l’acte d’engagement : prestations associées du fournisseur, logistique et gestion des ruptures, gestion des dépôts le cas échant, conditions commerciales complémentaires et développement durable).'];['prix', 'environnemental'];;1440.0;True;;False;;sans remise en concurrence;;26-89560;;;;LOT-0065;33000000;;95;;;DISPOSITIFS MEDICAUX POUR ABORD DIGESTIF;ouverte;25PS0232;;;;False;False;False;;7364;Établissement d'hospitalisation ;5 000  à  9 999;False;1953-09-02;86.10Z;2008;;;;;;<NA>;;;;;<NA>;<NA>;;;;;;;;;;;;;;;;
False;['33100000', '33184100'];;True;True;False;en cours;;;False;;;2026-09-17;{'StreetName': 'https://www.chu-amiens.fr/', 'AdditionalStreetName': None, 'CityName': 'AMIENS', 'PostalZone': '80000', 'Country': 'FRA'};268000148;False;CENTRE HOSPITALIER UNIVERSITAIRE;CENTRE HOSPITALIER UNIVERSITAIRE;;;fournitures;['CRITERE 3 : PRIX (AU REGARD DU DQE) 25%\nCe critère sera évalué pour chaque lot et au regard des prix proposés par les candidats dans le BPU valant DQE, soit le prix au regard du montant total DQE HT.', 'CRITERE 1 : QUALITE TECHNIQUE 70%\nLe critère sera évalué pour chaque lot sur les éléments suivants sur la base des fiches techniques fournies et du bordereau des prix unitaires :\n- Qualité technique des produits proposés au BPU\n- Etendue de gamme au regard du complément de gamme renseigné dans le BPU\n\nCRITERE 2 : PRESTATIONS DU FOURNISSEUR 5%\nLe critère sera évalué pour chaque lot sur les éléments suivants : Prestations du fournisseur sur la base du cadre de mémoire technique et développement durable (annexe 3 à l’acte d’engagement : prestations associées du fournisseur, logistique et gestion des ruptures, gestion des dépôts le cas échant, conditions commerciales complémentaires et développement durable).'];['prix', 'environnemental'];;1440.0;True;;False;;sans remise en concurrence;;26-89560;;;;LOT-0066;33000000;;95;;;DISPOSITIFS MEDICAUX POUR ABORD DIGESTIF;ouverte;25PS0232;;;;False;False;False;;7364;Établissement d'hospitalisation ;5 000  à  9 999;False;1953-09-02;86.10Z;2008;;;;;;<NA>;;;;;<NA>;<NA>;;;;;;;;;;;;;;;;
False;['33100000', '33184100'];;True;True;False;en cours;;;False;;;2026-09-17;{'StreetName': 'https://www.chu-amiens.fr/', 'AdditionalStreetName': None, 'CityName': 'AMIENS', 'PostalZone': '80000', 'Country': 'FRA'};268000148;False;CENTRE HOSPITALIER UNIVERSITAIRE;CENTRE HOSPITALIER UNIVERSITAIRE;;;fournitures;['CRITERE 3 : PRIX (AU REGARD DU DQE) 25%\nCe critère sera évalué pour chaque lot et au regard des prix proposés par les candidats dans le BPU valant DQE, soit le prix au regard du montant total DQE HT.', 'CRITERE 1 : QUALITE TECHNIQUE 70%\nLe critère sera évalué pour chaque lot sur les éléments suivants sur la base des fiches techniques fournies et du bordereau des prix unitaires :\n- Qualité technique des produits proposés au BPU\n- Etendue de gamme au regard du complément de gamme renseigné dans le BPU\n\nCRITERE 2 : PRESTATIONS DU FOURNISSEUR 5%\nLe critère sera évalué pour chaque lot sur les éléments suivants : Prestations du fournisseur sur la base du cadre de mémoire technique et développement durable (annexe 3 à l’acte d’engagement : prestations associées du fournisseur, logistique et gestion des ruptures, gestion des dépôts le cas échant, conditions commerciales complémentaires et développement durable).'];['prix', 'environnemental'];;1440.0;True;;False;;sans remise en concurrence;;26-89560;;;;LOT-0067;33000000;;95;;;DISPOSITIFS MEDICAUX POUR ABORD DIGESTIF;ouverte;25PS0232;;;;False;False;False;;7364;Établissement d'hospitalisation ;5 000  à  9 999;False;1953-09-02;86.10Z;2008;;;;;;<NA>;;;;;<NA>;<NA>;;;;;;;;;;;;;;;;
False;['33100000', '33184100'];;True;True;False;en cours;;;False;;;2026-09-17;{'StreetName': 'https://www.chu-amiens.fr/', 'AdditionalStreetName': None, 'CityName': 'AMIENS', 'PostalZone': '80000', 'Country': 'FRA'};268000148;False;CENTRE HOSPITALIER UNIVERSITAIRE;CENTRE HOSPITALIER UNIVERSITAIRE;;;fournitures;['CRITERE 3 : PRIX (AU REGARD DU DQE) 25%\nCe critère sera évalué pour chaque lot et au regard des prix proposés par les candidats dans le BPU valant DQE, soit le prix au regard du montant total DQE HT.', 'CRITERE 1 : QUALITE TECHNIQUE 70%\nLe critère sera évalué pour chaque lot sur les éléments suivants sur la base des fiches techniques fournies et du bordereau des prix unitaires :\n- Qualité technique des produits proposés au BPU\n- Etendue de gamme au regard du complément de gamme renseigné dans le BPU\n\nCRITERE 2 : PRESTATIONS DU FOURNISSEUR 5%\nLe critère sera évalué pour chaque lot sur les éléments suivants : Prestations du fournisseur sur la base du cadre de mémoire technique et développement durable (annexe 3 à l’acte d’engagement : prestations associées du fournisseur, logistique et gestion des ruptures, gestion des dépôts le cas échant, conditions commerciales complémentaires et développement durable).'];['prix', 'environnemental'];;1440.0;True;;False;;sans remise en concurrence;;26-89560;;;;LOT-0068;33000000;;95;;;DISPOSITIFS MEDICAUX POUR ABORD DIGESTIF;ouverte;25PS0232;;;;False;False;False;;7364;Établissement d'hospitalisation ;5 000  à  9 999;False;1953-09-02;86.10Z;2008;;;;;;<NA>;;;;;<NA>;<NA>;;;;;;;;;;;;;;;;
False;['33100000', '33184100'];;True;True;False;en cours;;;False;;;2026-09-17;{'StreetName': 'https://www.chu-amiens.fr/', 'AdditionalStreetName': None, 'CityName': 'AMIENS', 'PostalZone': '80000', 'Country': 'FRA'};268000148;False;CENTRE HOSPITALIER UNIVERSITAIRE;CENTRE HOSPITALIER UNIVERSITAIRE;;;fournitures;['CRITERE 3 : PRIX (AU REGARD DU DQE) 25%\nCe critère sera évalué pour chaque lot et au regard des prix proposés par les candidats dans le BPU valant DQE, soit le prix au regard du montant total DQE HT.', 'CRITERE 1 : QUALITE TECHNIQUE 70%\nLe critère sera évalué pour chaque lot sur les éléments suivants sur la base des fiches techniques fournies et du bordereau des prix unitaires :\n- Qualité technique des produits proposés au BPU\n- Etendue de gamme au regard du complément de gamme renseigné dans le BPU\n\nCRITERE 2 : PRESTATIONS DU FOURNISSEUR 5%\nLe critère sera évalué pour chaque lot sur les éléments suivants : Prestations du fournisseur sur la base du cadre de mémoire technique et développement durable (annexe 3 à l’acte d’engagement : prestations associées du fournisseur, logistique et gestion des ruptures, gestion des dépôts le cas échant, conditions commerciales complémentaires et développement durable).'];['prix', 'environnemental'];;1440.0;True;;False;;sans remise en concurrence;;26-89560;;;;LOT-0069;33000000;;95;;;DISPOSITIFS MEDICAUX POUR ABORD DIGESTIF;ouverte;25PS0232;;;;False;False;False;;7364;Établissement d'hospitalisation ;5 000  à  9 999;False;1953-09-02;86.10Z;2008;;;;;;<NA>;;;;;<NA>;<NA>;;;;;;;;;;;;;;;;
False;['33100000', '33184100'];;True;True;False;en cours;;;False;;;2026-09-17;{'StreetName': 'https://www.chu-amiens.fr/', 'AdditionalStreetName': None, 'CityName': 'AMIENS', 'PostalZone': '80000', 'Country': 'FRA'};268000148;False;CENTRE HOSPITALIER UNIVERSITAIRE;CENTRE HOSPITALIER UNIVERSITAIRE;;;fournitures;['CRITERE 3 : PRIX (AU REGARD DU DQE) 25%\nCe critère sera évalué pour chaque lot et au regard des prix proposés par les candidats dans le BPU valant DQE, soit le prix au regard du montant total DQE HT.', 'CRITERE 1 : QUALITE TECHNIQUE 70%\nLe critère sera évalué pour chaque lot sur les éléments suivants sur la base des fiches techniques fournies et du bordereau des prix unitaires :\n- Qualité technique des produits proposés au BPU\n- Etendue de gamme au regard du complément de gamme renseigné dans le BPU\n\nCRITERE 2 : PRESTATIONS DU FOURNISSEUR 5%\nLe critère sera évalué pour chaque lot sur les éléments suivants : Prestations du fournisseur sur la base du cadre de mémoire technique et développement durable (annexe 3 à l’acte d’engagement : prestations associées du fournisseur, logistique et gestion des ruptures, gestion des dépôts le cas échant, conditions commerciales complémentaires et développement durable).'];['prix', 'environnemental'];;1440.0;True;;False;;sans remise en concurrence;;26-89560;;;;LOT-0070;33000000;;95;;;DISPOSITIFS MEDICAUX POUR ABORD DIGESTIF;ouverte;25PS0232;;;;False;False;False;;7364;Établissement d'hospitalisation ;5 000  à  9 999;False;1953-09-02;86.10Z;2008;;;;;;<NA>;;;;;<NA>;<NA>;;;;;;;;;;;;;;;;
False;['33100000', '33184100'];;True;True;False;en cours;;;False;;;2026-09-17;{'StreetName': 'https://www.chu-amiens.fr/', 'AdditionalStreetName': None, 'CityName': 'AMIENS', 'PostalZone': '80000', 'Country': 'FRA'};268000148;False;CENTRE HOSPITALIER UNIVERSITAIRE;CENTRE HOSPITALIER UNIVERSITAIRE;;;fournitures;['CRITERE 3 : PRIX (AU REGARD DU DQE) 25%\nCe critère sera évalué pour chaque lot et au regard des prix proposés par les candidats dans le BPU valant DQE, soit le prix au regard du montant total DQE HT.', 'CRITERE 1 : QUALITE TECHNIQUE 70%\nLe critère sera évalué pour chaque lot sur les éléments suivants sur la base des fiches techniques fournies et du bordereau des prix unitaires :\n- Qualité technique des produits proposés au BPU\n- Etendue de gamme au regard du complément de gamme renseigné dans le BPU\n\nCRITERE 2 : PRESTATIONS DU FOURNISSEUR 5%\nLe critère sera évalué pour chaque lot sur les éléments suivants : Prestations du fournisseur sur la base du cadre de mémoire technique et développement durable (annexe 3 à l’acte d’engagement : prestations associées du fournisseur, logistique et gestion des ruptures, gestion des dépôts le cas échant, conditions commerciales complémentaires et développement durable).'];['prix', 'environnemental'];;1440.0;True;;False;;sans remise en concurrence;;26-89560;;;;LOT-0071;33000000;;95;;;DISPOSITIFS MEDICAUX POUR ABORD DIGESTIF;ouverte;25PS0232;;;;False;False;False;;7364;Établissement d'hospitalisation ;5 000  à  9 999;False;1953-09-02;86.10Z;2008;;;;;;<NA>;;;;;<NA>;<NA>;;;;;;;;;;;;;;;;
False;['33100000', '33184100'];;True;True;False;en cours;;;False;;;2026-09-17;{'StreetName': 'https://www.chu-amiens.fr/', 'AdditionalStreetName': None, 'CityName': 'AMIENS', 'PostalZone': '80000', 'Country': 'FRA'};268000148;False;CENTRE HOSPITALIER UNIVERSITAIRE;CENTRE HOSPITALIER UNIVERSITAIRE;;;fournitures;['CRITERE 3 : PRIX (AU REGARD DU DQE) 25%\nCe critère sera évalué pour chaque lot et au regard des prix proposés par les candidats dans le BPU valant DQE, soit le prix au regard du montant total DQE HT.', 'CRITERE 1 : QUALITE TECHNIQUE 70%\nLe critère sera évalué pour chaque lot sur les éléments suivants sur la base des fiches techniques fournies et du bordereau des prix unitaires :\n- Qualité technique des produits proposés au BPU\n- Etendue de gamme au regard du complément de gamme renseigné dans le BPU\n\nCRITERE 2 : PRESTATIONS DU FOURNISSEUR 5%\nLe critère sera évalué pour chaque lot sur les éléments suivants : Prestations du fournisseur sur la base du cadre de mémoire technique et développement durable (annexe 3 à l’acte d’engagement : prestations associées du fournisseur, logistique et gestion des ruptures, gestion des dépôts le cas échant, conditions commerciales complémentaires et développement durable).'];['prix', 'environnemental'];;1440.0;True;;False;;sans remise en concurrence;;26-89560;;;;LOT-0072;33000000;;95;;;DISPOSITIFS MEDICAUX POUR ABORD DIGESTIF;ouverte;25PS0232;;;;False;False;False;;7364;Établissement d'hospitalisation ;5 000  à  9 999;False;1953-09-02;86.10Z;2008;;;;;;<NA>;;;;;<NA>;<NA>;;;;;;;;;;;;;;;;
False;['33100000', '33184100'];;True;True;False;en cours;;;False;;;2026-09-17;{'StreetName': 'https://www.chu-amiens.fr/', 'AdditionalStreetName': None, 'CityName': 'AMIENS', 'PostalZone': '80000', 'Country': 'FRA'};268000148;False;CENTRE HOSPITALIER UNIVERSITAIRE;CENTRE HOSPITALIER UNIVERSITAIRE;;;fournitures;['CRITERE 3 : PRIX (AU REGARD DU DQE) 25%\nCe critère sera évalué pour chaque lot et au regard des prix proposés par les candidats dans le BPU valant DQE, soit le prix au regard du montant total DQE HT.', 'CRITERE 1 : QUALITE TECHNIQUE 70%\nLe critère sera évalué pour chaque lot sur les éléments suivants sur la base des fiches techniques fournies et du bordereau des prix unitaires :\n- Qualité technique des produits proposés au BPU\n- Etendue de gamme au regard du complément de gamme renseigné dans le BPU\n\nCRITERE 2 : PRESTATIONS DU FOURNISSEUR 5%\nLe critère sera évalué pour chaque lot sur les éléments suivants : Prestations du fournisseur sur la base du cadre de mémoire technique et développement durable (annexe 3 à l’acte d’engagement : prestations associées du fournisseur, logistique et gestion des ruptures, gestion des dépôts le cas échant, conditions commerciales complémentaires et développement durable).'];['prix', 'environnemental'];;1440.0;True;;False;;sans remise en concurrence;;26-89560;;;;LOT-0073;33000000;;95;;;DISPOSITIFS MEDICAUX POUR ABORD DIGESTIF;ouverte;25PS0232;;;;False;False;False;;7364;Établissement d'hospitalisation ;5 000  à  9 999;False;1953-09-02;86.10Z;2008;;;;;;<NA>;;;;;<NA>;<NA>;;;;;;;;;;;;;;;;
False;['33100000', '33184100'];;True;True;False;en cours;;;False;;;2026-09-17;{'StreetName': 'https://www.chu-amiens.fr/', 'AdditionalStreetName': None, 'CityName': 'AMIENS', 'PostalZone': '80000', 'Country': 'FRA'};268000148;False;CENTRE HOSPITALIER UNIVERSITAIRE;CENTRE HOSPITALIER UNIVERSITAIRE;;;fournitures;['CRITERE 3 : PRIX (AU REGARD DU DQE) 25%\nCe critère sera évalué pour chaque lot et au regard des prix proposés par les candidats dans le BPU valant DQE, soit le prix au regard du montant total DQE HT.', 'CRITERE 1 : QUALITE TECHNIQUE 70%\nLe critère sera évalué pour chaque lot sur les éléments suivants sur la base des fiches techniques fournies et du bordereau des prix unitaires :\n- Qualité technique des produits proposés au BPU\n- Etendue de gamme au regard du complément de gamme renseigné dans le BPU\n\nCRITERE 2 : PRESTATIONS DU FOURNISSEUR 5%\nLe critère sera évalué pour chaque lot sur les éléments suivants : Prestations du fournisseur sur la base du cadre de mémoire technique et développement durable (annexe 3 à l’acte d’engagement : prestations associées du fournisseur, logistique et gestion des ruptures, gestion des dépôts le cas échant, conditions commerciales complémentaires et développement durable).'];['prix', 'environnemental'];;1440.0;True;;False;;sans remise en concurrence;;26-89560;;;;LOT-0074;33000000;;95;;;DISPOSITIFS MEDICAUX POUR ABORD DIGESTIF;ouverte;25PS0232;;;;False;False;False;;7364;Établissement d'hospitalisation ;5 000  à  9 999;False;1953-09-02;86.10Z;2008;;;;;;<NA>;;;;;<NA>;<NA>;;;;;;;;;;;;;;;;
False;['33100000', '33184100'];;True;True;False;en cours;;;False;;;2026-09-17;{'StreetName': 'https://www.chu-amiens.fr/', 'AdditionalStreetName': None, 'CityName': 'AMIENS', 'PostalZone': '80000', 'Country': 'FRA'};268000148;False;CENTRE HOSPITALIER UNIVERSITAIRE;CENTRE HOSPITALIER UNIVERSITAIRE;;;fournitures;['CRITERE 3 : PRIX (AU REGARD DU DQE) 25%\nCe critère sera évalué pour chaque lot et au regard des prix proposés par les candidats dans le BPU valant DQE, soit le prix au regard du montant total DQE HT.', 'CRITERE 1 : QUALITE TECHNIQUE 70%\nLe critère sera évalué pour chaque lot sur les éléments suivants sur la base des fiches techniques fournies et du bordereau des prix unitaires :\n- Qualité technique des produits proposés au BPU\n- Etendue de gamme au regard du complément de gamme renseigné dans le BPU\n\nCRITERE 2 : PRESTATIONS DU FOURNISSEUR 5%\nLe critère sera évalué pour chaque lot sur les éléments suivants : Prestations du fournisseur sur la base du cadre de mémoire technique et développement durable (annexe 3 à l’acte d’engagement : prestations associées du fournisseur, logistique et gestion des ruptures, gestion des dépôts le cas échant, conditions commerciales complémentaires et développement durable).'];['prix', 'environnemental'];;1440.0;True;;False;;sans remise en concurrence;;26-89560;;;;LOT-0075;33000000;;95;;;DISPOSITIFS MEDICAUX POUR ABORD DIGESTIF;ouverte;25PS0232;;;;False;False;False;;7364;Établissement d'hospitalisation ;5 000  à  9 999;False;1953-09-02;86.10Z;2008;;;;;;<NA>;;;;;<NA>;<NA>;;;;;;;;;;;;;;;;
False;['33100000', '33184100'];;True;True;False;en cours;;;False;;;2026-09-17;{'StreetName': 'https://www.chu-amiens.fr/', 'AdditionalStreetName': None, 'CityName': 'AMIENS', 'PostalZone': '80000', 'Country': 'FRA'};268000148;False;CENTRE HOSPITALIER UNIVERSITAIRE;CENTRE HOSPITALIER UNIVERSITAIRE;;;fournitures;['CRITERE 3 : PRIX (AU REGARD DU DQE) 25%\nCe critère sera évalué pour chaque lot et au regard des prix proposés par les candidats dans le BPU valant DQE, soit le prix au regard du montant total DQE HT.', 'CRITERE 1 : QUALITE TECHNIQUE 70%\nLe critère sera évalué pour chaque lot sur les éléments suivants sur la base des fiches techniques fournies et du bordereau des prix unitaires :\n- Qualité technique des produits proposés au BPU\n- Etendue de gamme au regard du complément de gamme renseigné dans le BPU\n\nCRITERE 2 : PRESTATIONS DU FOURNISSEUR 5%\nLe critère sera évalué pour chaque lot sur les éléments suivants : Prestations du fournisseur sur la base du cadre de mémoire technique et développement durable (annexe 3 à l’acte d’engagement : prestations associées du fournisseur, logistique et gestion des ruptures, gestion des dépôts le cas échant, conditions commerciales complémentaires et développement durable).'];['prix', 'environnemental'];;1440.0;True;;False;;sans remise en concurrence;;26-89560;;;;LOT-0076;33000000;;95;;;DISPOSITIFS MEDICAUX POUR ABORD DIGESTIF;ouverte;25PS0232;;;;False;False;False;;7364;Établissement d'hospitalisation ;5 000  à  9 999;False;1953-09-02;86.10Z;2008;;;;;;<NA>;;;;;<NA>;<NA>;;;;;;;;;;;;;;;;
False;['33100000', '33184100'];;True;True;False;en cours;;;False;;;2026-09-17;{'StreetName': 'https://www.chu-amiens.fr/', 'AdditionalStreetName': None, 'CityName': 'AMIENS', 'PostalZone': '80000', 'Country': 'FRA'};268000148;False;CENTRE HOSPITALIER UNIVERSITAIRE;CENTRE HOSPITALIER UNIVERSITAIRE;;;fournitures;['CRITERE 3 : PRIX (AU REGARD DU DQE) 25%\nCe critère sera évalué pour chaque lot et au regard des prix proposés par les candidats dans le BPU valant DQE, soit le prix au regard du montant total DQE HT.', 'CRITERE 1 : QUALITE TECHNIQUE 70%\nLe critère sera évalué pour chaque lot sur les éléments suivants sur la base des fiches techniques fournies et du bordereau des prix unitaires :\n- Qualité technique des produits proposés au BPU\n- Etendue de gamme au regard du complément de gamme renseigné dans le BPU\n\nCRITERE 2 : PRESTATIONS DU FOURNISSEUR 5%\nLe critère sera évalué pour chaque lot sur les éléments suivants : Prestations du fournisseur sur la base du cadre de mémoire technique et développement durable (annexe 3 à l’acte d’engagement : prestations associées du fournisseur, logistique et gestion des ruptures, gestion des dépôts le cas échant, conditions commerciales complémentaires et développement durable).'];['prix', 'environnemental'];;1440.0;True;;False;;sans remise en concurrence;;26-89560;;;;LOT-0077;33000000;;95;;;DISPOSITIFS MEDICAUX POUR ABORD DIGESTIF;ouverte;25PS0232;;;;False;False;False;;7364;Établissement d'hospitalisation ;5 000  à  9 999;False;1953-09-02;86.10Z;2008;;;;;;<NA>;;;;;<NA>;<NA>;;;;;;;;;;;;;;;;
False;['33100000', '33184100'];;True;True;False;en cours;;;False;;;2026-09-17;{'StreetName': 'https://www.chu-amiens.fr/', 'AdditionalStreetName': None, 'CityName': 'AMIENS', 'PostalZone': '80000', 'Country': 'FRA'};268000148;False;CENTRE HOSPITALIER UNIVERSITAIRE;CENTRE HOSPITALIER UNIVERSITAIRE;;;fournitures;['CRITERE 3 : PRIX (AU REGARD DU DQE) 25%\nCe critère sera évalué pour chaque lot et au regard des prix proposés par les candidats dans le BPU valant DQE, soit le prix au regard du montant total DQE HT.', 'CRITERE 1 : QUALITE TECHNIQUE 70%\nLe critère sera évalué pour chaque lot sur les éléments suivants sur la base des fiches techniques fournies et du bordereau des prix unitaires :\n- Qualité technique des produits proposés au BPU\n- Etendue de gamme au regard du complément de gamme renseigné dans le BPU\n\nCRITERE 2 : PRESTATIONS DU FOURNISSEUR 5%\nLe critère sera évalué pour chaque lot sur les éléments suivants : Prestations du fournisseur sur la base du cadre de mémoire technique et développement durable (annexe 3 à l’acte d’engagement : prestations associées du fournisseur, logistique et gestion des ruptures, gestion des dépôts le cas échant, conditions commerciales complémentaires et développement durable).'];['prix', 'environnemental'];;1440.0;True;;False;;sans remise en concurrence;;26-89560;;;;LOT-0078;33000000;;95;;;DISPOSITIFS MEDICAUX POUR ABORD DIGESTIF;ouverte;25PS0232;;;;False;False;False;;7364;Établissement d'hospitalisation ;5 000  à  9 999;False;1953-09-02;86.10Z;2008;;;;;;<NA>;;;;;<NA>;<NA>;;;;;;;;;;;;;;;;
False;['33100000', '33184100'];;True;True;False;en cours;;;False;;;2026-09-17;{'StreetName': 'https://www.chu-amiens.fr/', 'AdditionalStreetName': None, 'CityName': 'AMIENS', 'PostalZone': '80000', 'Country': 'FRA'};268000148;False;CENTRE HOSPITALIER UNIVERSITAIRE;CENTRE HOSPITALIER UNIVERSITAIRE;;;fournitures;['CRITERE 3 : PRIX (AU REGARD DU DQE) 25%\nCe critère sera évalué pour chaque lot et au regard des prix proposés par les candidats dans le BPU valant DQE, soit le prix au regard du montant total DQE HT.', 'CRITERE 1 : QUALITE TECHNIQUE 70%\nLe critère sera évalué pour chaque lot sur les éléments suivants sur la base des fiches techniques fournies et du bordereau des prix unitaires :\n- Qualité technique des produits proposés au BPU\n- Etendue de gamme au regard du complément de gamme renseigné dans le BPU\n\nCRITERE 2 : PRESTATIONS DU FOURNISSEUR 5%\nLe critère sera évalué pour chaque lot sur les éléments suivants : Prestations du fournisseur sur la base du cadre de mémoire technique et développement durable (annexe 3 à l’acte d’engagement : prestations associées du fournisseur, logistique et gestion des ruptures, gestion des dépôts le cas échant, conditions commerciales complémentaires et développement durable).'];['prix', 'environnemental'];;1440.0;True;;False;;sans remise en concurrence;;26-89560;;;;LOT-0079;33000000;;95;;;DISPOSITIFS MEDICAUX POUR ABORD DIGESTIF;ouverte;25PS0232;;;;False;False;False;;7364;Établissement d'hospitalisation ;5 000  à  9 999;False;1953-09-02;86.10Z;2008;;;;;;<NA>;;;;;<NA>;<NA>;;;;;;;;;;;;;;;;
False;['33100000', '33184100'];;True;True;False;en cours;;;False;;;2026-09-17;{'StreetName': 'https://www.chu-amiens.fr/', 'AdditionalStreetName': None, 'CityName': 'AMIENS', 'PostalZone': '80000', 'Country': 'FRA'};268000148;False;CENTRE HOSPITALIER UNIVERSITAIRE;CENTRE HOSPITALIER UNIVERSITAIRE;;;fournitures;['CRITERE 3 : PRIX (AU REGARD DU DQE) 25%\nCe critère sera évalué pour chaque lot et au regard des prix proposés par les candidats dans le BPU valant DQE, soit le prix au regard du montant total DQE HT.', 'CRITERE 1 : QUALITE TECHNIQUE 70%\nLe critère sera évalué pour chaque lot sur les éléments suivants sur la base des fiches techniques fournies et du bordereau des prix unitaires :\n- Qualité technique des produits proposés au BPU\n- Etendue de gamme au regard du complément de gamme renseigné dans le BPU\n\nCRITERE 2 : PRESTATIONS DU FOURNISSEUR 5%\nLe critère sera évalué pour chaque lot sur les éléments suivants : Prestations du fournisseur sur la base du cadre de mémoire technique et développement durable (annexe 3 à l’acte d’engagement : prestations associées du fournisseur, logistique et gestion des ruptures, gestion des dépôts le cas échant, conditions commerciales complémentaires et développement durable).'];['prix', 'environnemental'];;1440.0;True;;False;;sans remise en concurrence;;26-89560;;;;LOT-0080;33000000;;95;;;DISPOSITIFS MEDICAUX POUR ABORD DIGESTIF;ouverte;25PS0232;;;;False;False;False;;7364;Établissement d'hospitalisation ;5 000  à  9 999;False;1953-09-02;86.10Z;2008;;;;;;<NA>;;;;;<NA>;<NA>;;;;;;;;;;;;;;;;
False;['33100000', '33184100'];;True;True;False;en cours;;;False;;;2026-09-17;{'StreetName': 'https://www.chu-amiens.fr/', 'AdditionalStreetName': None, 'CityName': 'AMIENS', 'PostalZone': '80000', 'Country': 'FRA'};268000148;False;CENTRE HOSPITALIER UNIVERSITAIRE;CENTRE HOSPITALIER UNIVERSITAIRE;;;fournitures;['CRITERE 3 : PRIX (AU REGARD DU DQE) 25%\nCe critère sera évalué pour chaque lot et au regard des prix proposés par les candidats dans le BPU valant DQE, soit le prix au regard du montant total DQE HT.', 'CRITERE 1 : QUALITE TECHNIQUE 70%\nLe critère sera évalué pour chaque lot sur les éléments suivants sur la base des fiches techniques fournies et du bordereau des prix unitaires :\n- Qualité technique des produits proposés au BPU\n- Etendue de gamme au regard du complément de gamme renseigné dans le BPU\n\nCRITERE 2 : PRESTATIONS DU FOURNISSEUR 5%\nLe critère sera évalué pour chaque lot sur les éléments suivants : Prestations du fournisseur sur la base du cadre de mémoire technique et développement durable (annexe 3 à l’acte d’engagement : prestations associées du fournisseur, logistique et gestion des ruptures, gestion des dépôts le cas échant, conditions commerciales complémentaires et développement durable).'];['prix', 'environnemental'];;1440.0;True;;False;;sans remise en concurrence;;26-89560;;;;LOT-0081;33000000;;95;;;DISPOSITIFS MEDICAUX POUR ABORD DIGESTIF;ouverte;25PS0232;;;;False;False;False;;7364;Établissement d'hospitalisation ;5 000  à  9 999;False;1953-09-02;86.10Z;2008;;;;;;<NA>;;;;;<NA>;<NA>;;;;;;;;;;;;;;;;
False;['33100000', '33184100'];;True;True;False;en cours;;;False;;;2026-09-17;{'StreetName': 'https://www.chu-amiens.fr/', 'AdditionalStreetName': None, 'CityName': 'AMIENS', 'PostalZone': '80000', 'Country': 'FRA'};268000148;False;CENTRE HOSPITALIER UNIVERSITAIRE;CENTRE HOSPITALIER UNIVERSITAIRE;;;fournitures;['CRITERE 3 : PRIX (AU REGARD DU DQE) 25%\nCe critère sera évalué pour chaque lot et au regard des prix proposés par les candidats dans le BPU valant DQE, soit le prix au regard du montant total DQE HT.', 'CRITERE 1 : QUALITE TECHNIQUE 70%\nLe critère sera évalué pour chaque lot sur les éléments suivants sur la base des fiches techniques fournies et du bordereau des prix unitaires :\n- Qualité technique des produits proposés au BPU\n- Etendue de gamme au regard du complément de gamme renseigné dans le BPU\n\nCRITERE 2 : PRESTATIONS DU FOURNISSEUR 5%\nLe critère sera évalué pour chaque lot sur les éléments suivants : Prestations du fournisseur sur la base du cadre de mémoire technique et développement durable (annexe 3 à l’acte d’engagement : prestations associées du fournisseur, logistique et gestion des ruptures, gestion des dépôts le cas échant, conditions commerciales complémentaires et développement durable).'];['prix', 'environnemental'];;1440.0;True;;False;;sans remise en concurrence;;26-89560;;;;LOT-0082;33000000;;95;;;DISPOSITIFS MEDICAUX POUR ABORD DIGESTIF;ouverte;25PS0232;;;;False;False;False;;7364;Établissement d'hospitalisation ;5 000  à  9 999;False;1953-09-02;86.10Z;2008;;;;;;<NA>;;;;;<NA>;<NA>;;;;;;;;;;;;;;;;
False;['33100000', '33184100'];;True;True;False;en cours;;;False;;;2026-09-17;{'StreetName': 'https://www.chu-amiens.fr/', 'AdditionalStreetName': None, 'CityName': 'AMIENS', 'PostalZone': '80000', 'Country': 'FRA'};268000148;False;CENTRE HOSPITALIER UNIVERSITAIRE;CENTRE HOSPITALIER UNIVERSITAIRE;;;fournitures;['CRITERE 3 : PRIX (AU REGARD DU DQE) 25%\nCe critère sera évalué pour chaque lot et au regard des prix proposés par les candidats dans le BPU valant DQE, soit le prix au regard du montant total DQE HT.', 'CRITERE 1 : QUALITE TECHNIQUE 70%\nLe critère sera évalué pour chaque lot sur les éléments suivants sur la base des fiches techniques fournies et du bordereau des prix unitaires :\n- Qualité technique des produits proposés au BPU\n- Etendue de gamme au regard du complément de gamme renseigné dans le BPU\n\nCRITERE 2 : PRESTATIONS DU FOURNISSEUR 5%\nLe critère sera évalué pour chaque lot sur les éléments suivants : Prestations du fournisseur sur la base du cadre de mémoire technique et développement durable (annexe 3 à l’acte d’engagement : prestations associées du fournisseur, logistique et gestion des ruptures, gestion des dépôts le cas échant, conditions commerciales complémentaires et développement durable).'];['prix', 'environnemental'];;1440.0;True;;False;;sans remise en concurrence;;26-89560;;;;LOT-0083;33000000;;95;;;DISPOSITIFS MEDICAUX POUR ABORD DIGESTIF;ouverte;25PS0232;;;;False;False;False;;7364;Établissement d'hospitalisation ;5 000  à  9 999;False;1953-09-02;86.10Z;2008;;;;;;<NA>;;;;;<NA>;<NA>;;;;;;;;;;;;;;;;
False;['33100000', '33184100'];;True;True;False;en cours;;;False;;;2026-09-17;{'StreetName': 'https://www.chu-amiens.fr/', 'AdditionalStreetName': None, 'CityName': 'AMIENS', 'PostalZone': '80000', 'Country': 'FRA'};268000148;False;CENTRE HOSPITALIER UNIVERSITAIRE;CENTRE HOSPITALIER UNIVERSITAIRE;;;fournitures;['CRITERE 3 : PRIX (AU REGARD DU DQE) 25%\nCe critère sera évalué pour chaque lot et au regard des prix proposés par les candidats dans le BPU valant DQE, soit le prix au regard du montant total DQE HT.', 'CRITERE 1 : QUALITE TECHNIQUE 70%\nLe critère sera évalué pour chaque lot sur les éléments suivants sur la base des fiches techniques fournies et du bordereau des prix unitaires :\n- Qualité technique des produits proposés au BPU\n- Etendue de gamme au regard du complément de gamme renseigné dans le BPU\n\nCRITERE 2 : PRESTATIONS DU FOURNISSEUR 5%\nLe critère sera évalué pour chaque lot sur les éléments suivants : Prestations du fournisseur sur la base du cadre de mémoire technique et développement durable (annexe 3 à l’acte d’engagement : prestations associées du fournisseur, logistique et gestion des ruptures, gestion des dépôts le cas échant, conditions commerciales complémentaires et développement durable).'];['prix', 'environnemental'];;1440.0;True;;False;;sans remise en concurrence;;26-89560;;;;LOT-0084;33000000;;95;;;DISPOSITIFS MEDICAUX POUR ABORD DIGESTIF;ouverte;25PS0232;;;;False;False;False;;7364;Établissement d'hospitalisation ;5 000  à  9 999;False;1953-09-02;86.10Z;2008;;;;;;<NA>;;;;;<NA>;<NA>;;;;;;;;;;;;;;;;
False;['33100000', '33184100'];;True;True;False;en cours;;;False;;;2026-09-17;{'StreetName': 'https://www.chu-amiens.fr/', 'AdditionalStreetName': None, 'CityName': 'AMIENS', 'PostalZone': '80000', 'Country': 'FRA'};268000148;False;CENTRE HOSPITALIER UNIVERSITAIRE;CENTRE HOSPITALIER UNIVERSITAIRE;;;fournitures;['CRITERE 3 : PRIX (AU REGARD DU DQE) 25%\nCe critère sera évalué pour chaque lot et au regard des prix proposés par les candidats dans le BPU valant DQE, soit le prix au regard du montant total DQE HT.', 'CRITERE 1 : QUALITE TECHNIQUE 70%\nLe critère sera évalué pour chaque lot sur les éléments suivants sur la base des fiches techniques fournies et du bordereau des prix unitaires :\n- Qualité technique des produits proposés au BPU\n- Etendue de gamme au regard du complément de gamme renseigné dans le BPU\n\nCRITERE 2 : PRESTATIONS DU FOURNISSEUR 5%\nLe critère sera évalué pour chaque lot sur les éléments suivants : Prestations du fournisseur sur la base du cadre de mémoire technique et développement durable (annexe 3 à l’acte d’engagement : prestations associées du fournisseur, logistique et gestion des ruptures, gestion des dépôts le cas échant, conditions commerciales complémentaires et développement durable).'];['prix', 'environnemental'];;1440.0;True;;False;;sans remise en concurrence;;26-89560;;;;LOT-0085;33000000;;95;;;DISPOSITIFS MEDICAUX POUR ABORD DIGESTIF;ouverte;25PS0232;;;;False;False;False;;7364;Établissement d'hospitalisation ;5 000  à  9 999;False;1953-09-02;86.10Z;2008;;;;;;<NA>;;;;;<NA>;<NA>;;;;;;;;;;;;;;;;
False;['33100000', '33184100'];;True;True;False;en cours;;;False;;;2026-09-17;{'StreetName': 'https://www.chu-amiens.fr/', 'AdditionalStreetName': None, 'CityName': 'AMIENS', 'PostalZone': '80000', 'Country': 'FRA'};268000148;False;CENTRE HOSPITALIER UNIVERSITAIRE;CENTRE HOSPITALIER UNIVERSITAIRE;;;fournitures;['CRITERE 3 : PRIX (AU REGARD DU DQE) 25%\nCe critère sera évalué pour chaque lot et au regard des prix proposés par les candidats dans le BPU valant DQE, soit le prix au regard du montant total DQE HT.', 'CRITERE 1 : QUALITE TECHNIQUE 70%\nLe critère sera évalué pour chaque lot sur les éléments suivants sur la base des fiches techniques fournies et du bordereau des prix unitaires :\n- Qualité technique des produits proposés au BPU\n- Etendue de gamme au regard du complément de gamme renseigné dans le BPU\n\nCRITERE 2 : PRESTATIONS DU FOURNISSEUR 5%\nLe critère sera évalué pour chaque lot sur les éléments suivants : Prestations du fournisseur sur la base du cadre de mémoire technique et développement durable (annexe 3 à l’acte d’engagement : prestations associées du fournisseur, logistique et gestion des ruptures, gestion des dépôts le cas échant, conditions commerciales complémentaires et développement durable).'];['prix', 'environnemental'];;1440.0;True;;False;;sans remise en concurrence;;26-89560;;;;LOT-0086;33000000;;95;;;DISPOSITIFS MEDICAUX POUR ABORD DIGESTIF;ouverte;25PS0232;;;;False;False;False;;7364;Établissement d'hospitalisation ;5 000  à  9 999;False;1953-09-02;86.10Z;2008;;;;;;<NA>;;;;;<NA>;<NA>;;;;;;;;;;;;;;;;
False;['33100000', '33184100'];;True;True;False;en cours;;;False;;;2026-09-17;{'StreetName': 'https://www.chu-amiens.fr/', 'AdditionalStreetName': None, 'CityName': 'AMIENS', 'PostalZone': '80000', 'Country': 'FRA'};268000148;False;CENTRE HOSPITALIER UNIVERSITAIRE;CENTRE HOSPITALIER UNIVERSITAIRE;;;fournitures;['CRITERE 3 : PRIX (AU REGARD DU DQE) 25%\nCe critère sera évalué pour chaque lot et au regard des prix proposés par les candidats dans le BPU valant DQE, soit le prix au regard du montant total DQE HT.', 'CRITERE 1 : QUALITE TECHNIQUE 70%\nLe critère sera évalué pour chaque lot sur les éléments suivants sur la base des fiches techniques fournies et du bordereau des prix unitaires :\n- Qualité technique des produits proposés au BPU\n- Etendue de gamme au regard du complément de gamme renseigné dans le BPU\n\nCRITERE 2 : PRESTATIONS DU FOURNISSEUR 5%\nLe critère sera évalué pour chaque lot sur les éléments suivants : Prestations du fournisseur sur la base du cadre de mémoire technique et développement durable (annexe 3 à l’acte d’engagement : prestations associées du fournisseur, logistique et gestion des ruptures, gestion des dépôts le cas échant, conditions commerciales complémentaires et développement durable).'];['prix', 'environnemental'];;1440.0;True;;False;;sans remise en concurrence;;26-89560;;;;LOT-0087;33000000;;95;;;DISPOSITIFS MEDICAUX POUR ABORD DIGESTIF;ouverte;25PS0232;;;;False;False;False;;7364;Établissement d'hospitalisation ;5 000  à  9 999;False;1953-09-02;86.10Z;2008;;;;;;<NA>;;;;;<NA>;<NA>;;;;;;;;;;;;;;;;
False;['33100000', '33184100'];;True;True;False;en cours;;;False;;;2026-09-17;{'StreetName': 'https://www.chu-amiens.fr/', 'AdditionalStreetName': None, 'CityName': 'AMIENS', 'PostalZone': '80000', 'Country': 'FRA'};268000148;False;CENTRE HOSPITALIER UNIVERSITAIRE;CENTRE HOSPITALIER UNIVERSITAIRE;;;fournitures;['CRITERE 3 : PRIX (AU REGARD DU DQE) 25%\nCe critère sera évalué pour chaque lot et au regard des prix proposés par les candidats dans le BPU valant DQE, soit le prix au regard du montant total DQE HT.', 'CRITERE 1 : QUALITE TECHNIQUE 70%\nLe critère sera évalué pour chaque lot sur les éléments suivants sur la base des fiches techniques fournies et du bordereau des prix unitaires :\n- Qualité technique des produits proposés au BPU\n- Etendue de gamme au regard du complément de gamme renseigné dans le BPU\n\nCRITERE 2 : PRESTATIONS DU FOURNISSEUR 5%\nLe critère sera évalué pour chaque lot sur les éléments suivants : Prestations du fournisseur sur la base du cadre de mémoire technique et développement durable (annexe 3 à l’acte d’engagement : prestations associées du fournisseur, logistique et gestion des ruptures, gestion des dépôts le cas échant, conditions commerciales complémentaires et développement durable).'];['prix', 'environnemental'];;1440.0;True;;False;;sans remise en concurrence;;26-89560;;;;LOT-0088;33000000;;95;;;DISPOSITIFS MEDICAUX POUR ABORD DIGESTIF;ouverte;25PS0232;;;;False;False;False;;7364;Établissement d'hospitalisation ;5 000  à  9 999;False;1953-09-02;86.10Z;2008;;;;;;<NA>;;;;;<NA>;<NA>;;;;;;;;;;;;;;;;
False;['33100000', '33184100'];;True;True;False;en cours;;;False;;;2026-09-17;{'StreetName': 'https://www.chu-amiens.fr/', 'AdditionalStreetName': None, 'CityName': 'AMIENS', 'PostalZone': '80000', 'Country': 'FRA'};268000148;False;CENTRE HOSPITALIER UNIVERSITAIRE;CENTRE HOSPITALIER UNIVERSITAIRE;;;fournitures;['CRITERE 3 : PRIX (AU REGARD DU DQE) 25%\nCe critère sera évalué pour chaque lot et au regard des prix proposés par les candidats dans le BPU valant DQE, soit le prix au regard du montant total DQE HT.', 'CRITERE 1 : QUALITE TECHNIQUE 70%\nLe critère sera évalué pour chaque lot sur les éléments suivants sur la base des fiches techniques fournies et du bordereau des prix unitaires :\n- Qualité technique des produits proposés au BPU\n- Etendue de gamme au regard du complément de gamme renseigné dans le BPU\n\nCRITERE 2 : PRESTATIONS DU FOURNISSEUR 5%\nLe critère sera évalué pour chaque lot sur les éléments suivants : Prestations du fournisseur sur la base du cadre de mémoire technique et développement durable (annexe 3 à l’acte d’engagement : prestations associées du fournisseur, logistique et gestion des ruptures, gestion des dépôts le cas échant, conditions commerciales complémentaires et développement durable).'];['prix', 'environnemental'];;1440.0;True;;False;;sans remise en concurrence;;26-89560;;;;LOT-0089;33000000;;95;;;DISPOSITIFS MEDICAUX POUR ABORD DIGESTIF;ouverte;25PS0232;;;;False;False;False;;7364;Établissement d'hospitalisation ;5 000  à  9 999;False;1953-09-02;86.10Z;2008;;;;;;<NA>;;;;;<NA>;<NA>;;;;;;;;;;;;;;;;
False;['33100000', '33184100'];;True;True;False;en cours;;;False;;;2026-09-17;{'StreetName': 'https://www.chu-amiens.fr/', 'AdditionalStreetName': None, 'CityName': 'AMIENS', 'PostalZone': '80000', 'Country': 'FRA'};268000148;False;CENTRE HOSPITALIER UNIVERSITAIRE;CENTRE HOSPITALIER UNIVERSITAIRE;;;fournitures;['CRITERE 3 : PRIX (AU REGARD DU DQE) 25%\nCe critère sera évalué pour chaque lot et au regard des prix proposés par les candidats dans le BPU valant DQE, soit le prix au regard du montant total DQE HT.', 'CRITERE 1 : QUALITE TECHNIQUE 70%\nLe critère sera évalué pour chaque lot sur les éléments suivants sur la base des fiches techniques fournies et du bordereau des prix unitaires :\n- Qualité technique des produits proposés au BPU\n- Etendue de gamme au regard du complément de gamme renseigné dans le BPU\n\nCRITERE 2 : PRESTATIONS DU FOURNISSEUR 5%\nLe critère sera évalué pour chaque lot sur les éléments suivants : Prestations du fournisseur sur la base du cadre de mémoire technique et développement durable (annexe 3 à l’acte d’engagement : prestations associées du fournisseur, logistique et gestion des ruptures, gestion des dépôts le cas échant, conditions commerciales complémentaires et développement durable).'];['prix', 'environnemental'];;1440.0;True;;False;;sans remise en concurrence;;26-89560;;;;LOT-0090;33000000;;95;;;DISPOSITIFS MEDICAUX POUR ABORD DIGESTIF;ouverte;25PS0232;;;;False;False;False;;7364;Établissement d'hospitalisation ;5 000  à  9 999;False;1953-09-02;86.10Z;2008;;;;;;<NA>;;;;;<NA>;<NA>;;;;;;;;;;;;;;;;
False;['33100000', '33184100'];;True;True;False;en cours;;;False;;;2026-09-17;{'StreetName': 'https://www.chu-amiens.fr/', 'AdditionalStreetName': None, 'CityName': 'AMIENS', 'PostalZone': '80000', 'Country': 'FRA'};268000148;False;CENTRE HOSPITALIER UNIVERSITAIRE;CENTRE HOSPITALIER UNIVERSITAIRE;;;fournitures;['CRITERE 3 : PRIX (AU REGARD DU DQE) 25%\nCe critère sera évalué pour chaque lot et au regard des prix proposés par les candidats dans le BPU valant DQE, soit le prix au regard du montant total DQE HT.', 'CRITERE 1 : QUALITE TECHNIQUE 70%\nLe critère sera évalué pour chaque lot sur les éléments suivants sur la base des fiches techniques fournies et du bordereau des prix unitaires :\n- Qualité technique des produits proposés au BPU\n- Etendue de gamme au regard du complément de gamme renseigné dans le BPU\n\nCRITERE 2 : PRESTATIONS DU FOURNISSEUR 5%\nLe critère sera évalué pour chaque lot sur les éléments suivants : Prestations du fournisseur sur la base du cadre de mémoire technique et développement durable (annexe 3 à l’acte d’engagement : prestations associées du fournisseur, logistique et gestion des ruptures, gestion des dépôts le cas échant, conditions commerciales complémentaires et développement durable).'];['prix', 'environnemental'];;1440.0;True;;False;;sans remise en concurrence;;26-89560;;;;LOT-0091;33000000;;95;;;DISPOSITIFS MEDICAUX POUR ABORD DIGESTIF;ouverte;25PS0232;;;;False;False;False;;7364;Établissement d'hospitalisation ;5 000  à  9 999;False;1953-09-02;86.10Z;2008;;;;;;<NA>;;;;;<NA>;<NA>;;;;;;;;;;;;;;;;
False;['33100000', '33184100'];;True;True;False;en cours;;;False;;;2026-09-17;{'StreetName': 'https://www.chu-amiens.fr/', 'AdditionalStreetName': None, 'CityName': 'AMIENS', 'PostalZone': '80000', 'Country': 'FRA'};268000148;False;CENTRE HOSPITALIER UNIVERSITAIRE;CENTRE HOSPITALIER UNIVERSITAIRE;;;fournitures;['CRITERE 3 : PRIX (AU REGARD DU DQE) 25%\nCe critère sera évalué pour chaque lot et au regard des prix proposés par les candidats dans le BPU valant DQE, soit le prix au regard du montant total DQE HT.', 'CRITERE 1 : QUALITE TECHNIQUE 70%\nLe critère sera évalué pour chaque lot sur les éléments suivants sur la base des fiches techniques fournies et du bordereau des prix unitaires :\n- Qualité technique des produits proposés au BPU\n- Etendue de gamme au regard du complément de gamme renseigné dans le BPU\n\nCRITERE 2 : PRESTATIONS DU FOURNISSEUR 5%\nLe critère sera évalué pour chaque lot sur les éléments suivants : Prestations du fournisseur sur la base du cadre de mémoire technique et développement durable (annexe 3 à l’acte d’engagement : prestations associées du fournisseur, logistique et gestion des ruptures, gestion des dépôts le cas échant, conditions commerciales complémentaires et développement durable).'];['prix', 'environnemental'];;1440.0;True;;False;;sans remise en concurrence;;26-89560;;;;LOT-0092;33000000;;95;;;DISPOSITIFS MEDICAUX POUR ABORD DIGESTIF;ouverte;25PS0232;;;;False;False;False;;7364;Établissement d'hospitalisation ;5 000  à  9 999;False;1953-09-02;86.10Z;2008;;;;;;<NA>;;;;;<NA>;<NA>;;;;;;;;;;;;;;;;
False;['33100000', '33184100'];;True;True;False;en cours;;;False;;;2026-09-17;{'StreetName': 'https://www.chu-amiens.fr/', 'AdditionalStreetName': None, 'CityName': 'AMIENS', 'PostalZone': '80000', 'Country': 'FRA'};268000148;False;CENTRE HOSPITALIER UNIVERSITAIRE;CENTRE HOSPITALIER UNIVERSITAIRE;;;fournitures;['CRITERE 3 : PRIX (AU REGARD DU DQE) 25%\nCe critère sera évalué pour chaque lot et au regard des prix proposés par les candidats dans le BPU valant DQE, soit le prix au regard du montant total DQE HT.', 'CRITERE 1 : QUALITE TECHNIQUE 70%\nLe critère sera évalué pour chaque lot sur les éléments suivants sur la base des fiches techniques fournies et du bordereau des prix unitaires :\n- Qualité technique des produits proposés au BPU\n- Etendue de gamme au regard du complément de gamme renseigné dans le BPU\n\nCRITERE 2 : PRESTATIONS DU FOURNISSEUR 5%\nLe critère sera évalué pour chaque lot sur les éléments suivants : Prestations du fournisseur sur la base du cadre de mémoire technique et développement durable (annexe 3 à l’acte d’engagement : prestations associées du fournisseur, logistique et gestion des ruptures, gestion des dépôts le cas échant, conditions commerciales complémentaires et développement durable).'];['prix', 'environnemental'];;1440.0;True;;False;;sans remise en concurrence;;26-89560;;;;LOT-0093;33000000;;95;;;DISPOSITIFS MEDICAUX POUR ABORD DIGESTIF;ouverte;25PS0232;;;;False;False;False;;7364;Établissement d'hospitalisation ;5 000  à  9 999;False;1953-09-02;86.10Z;2008;;;;;;<NA>;;;;;<NA>;<NA>;;;;;;;;;;;;;;;;
False;['33100000', '33184100'];;True;True;False;en cours;;;False;;;2026-09-17;{'StreetName': 'https://www.chu-amiens.fr/', 'AdditionalStreetName': None, 'CityName': 'AMIENS', 'PostalZone': '80000', 'Country': 'FRA'};268000148;False;CENTRE HOSPITALIER UNIVERSITAIRE;CENTRE HOSPITALIER UNIVERSITAIRE;;;fournitures;['CRITERE 3 : PRIX (AU REGARD DU DQE) 25%\nCe critère sera évalué pour chaque lot et au regard des prix proposés par les candidats dans le BPU valant DQE, soit le prix au regard du montant total DQE HT.', 'CRITERE 1 : QUALITE TECHNIQUE 70%\nLe critère sera évalué pour chaque lot sur les éléments suivants sur la base des fiches techniques fournies et du bordereau des prix unitaires :\n- Qualité technique des produits proposés au BPU\n- Etendue de gamme au regard du complément de gamme renseigné dans le BPU\n\nCRITERE 2 : PRESTATIONS DU FOURNISSEUR 5%\nLe critère sera évalué pour chaque lot sur les éléments suivants : Prestations du fournisseur sur la base du cadre de mémoire technique et développement durable (annexe 3 à l’acte d’engagement : prestations associées du fournisseur, logistique et gestion des ruptures, gestion des dépôts le cas échant, conditions commerciales complémentaires et développement durable).'];['prix', 'environnemental'];;1440.0;True;;False;;sans remise en concurrence;;26-89560;;;;LOT-0094;33000000;;95;;;DISPOSITIFS MEDICAUX POUR ABORD DIGESTIF;ouverte;25PS0232;;;;False;False;False;;7364;Établissement d'hospitalisation ;5 000  à  9 999;False;1953-09-02;86.10Z;2008;;;;;;<NA>;;;;;<NA>;<NA>;;;;;;;;;;;;;;;;
False;['33100000', '33184100'];;True;True;False;en cours;;;False;;;2026-09-17;{'StreetName': 'https://www.chu-amiens.fr/', 'AdditionalStreetName': None, 'CityName': 'AMIENS', 'PostalZone': '80000', 'Country': 'FRA'};268000148;False;CENTRE HOSPITALIER UNIVERSITAIRE;CENTRE HOSPITALIER UNIVERSITAIRE;;;fournitures;['CRITERE 3 : PRIX (AU REGARD DU DQE) 25%\nCe critère sera évalué pour chaque lot et au regard des prix proposés par les candidats dans le BPU valant DQE, soit le prix au regard du montant total DQE HT.', 'CRITERE 1 : QUALITE TECHNIQUE 70%\nLe critère sera évalué pour chaque lot sur les éléments suivants sur la base des fiches techniques fournies et du bordereau des prix unitaires :\n- Qualité technique des produits proposés au BPU\n- Etendue de gamme au regard du complément de gamme renseigné dans le BPU\n\nCRITERE 2 : PRESTATIONS DU FOURNISSEUR 5%\nLe critère sera évalué pour chaque lot sur les éléments suivants : Prestations du fournisseur sur la base du cadre de mémoire technique et développement durable (annexe 3 à l’acte d’engagement : prestations associées du fournisseur, logistique et gestion des ruptures, gestion des dépôts le cas échant, conditions commerciales complémentaires et développement durable).'];['prix', 'environnemental'];;1440.0;True;;False;;sans remise en concurrence;;26-89560;;;;LOT-0095;33000000;;95;;;DISPOSITIFS MEDICAUX POUR ABORD DIGESTIF;ouverte;25PS0232;;;;False;False;False;;7364;Établissement d'hospitalisation ;5 000  à  9 999;False;1953-09-02;86.10Z;2008;;;;;;<NA>;;;;;<NA>;<NA>;;;;;;;;;;;;;;;;
False;;;True;True;False;attribue;{'StreetName': None, 'AdditionalStreetName': None, 'CityName': 'PARIS 11', 'PostalZone': '75011', 'Country': 'FRA'};793489204;True;ENTREPRENEURS DU CHANGEMENT;ENTREPRENEURS DU CHANGEMENT;2026-09-17;{'StreetName': '58 BD CHARLES LIVON', 'AdditionalStreetName': None, 'CityName': 'Marseille', 'PostalZone': '13007', 'Country': 'FRA'};200054807;True;METROPOLE D'AIX-MARSEILLE-PROVENCE;Métropole Aix Marseille Provence;;;services;['Le critère prix sera calculé en prenant en compte le montant global des prix en euros TTC', 'Valeur technique :  Sous-critère 1 : pondération : 60 % Intitulé : Adéquations des moyens humains dédiés à la réalisation des différents aspects de la mission Sous-critère 2 : pondération : 40 % Intitulé : Adéquation et pertinence de la méthodologie envisagée en cohérence avec le calendrier prévisionnel des interventions figurant au CCTP, les autres partenaires du projet et le travail réalisé sur le Plan Climat Air Energie Métropolitain.'];['prix', 'environnemental & social'];[60.0, 40.0];1080.0;False;;False;;;;26-89518;;216325.0;;LOT-0001;71313000;;2;7.0;;Assistance à maitrise d’ouvrage pour l’élaboration du Plan Climat Air Energie et appui à la réalisation du schéma directeur des énergies de la Métropole Aix-Marseille Provence;ouverte;74260054;;;;False;False;False;299850.0;7344;Métropole;5 000  à  9 999;False;2016-01-01;84.11Z;2008;5458.0;SARL coopérative de production (SCOP);50  à  99;True;<NA>;2008;M;70;70.2;70.22;70.22Z;2013-06-01;;Paris 11e Arrondissement;Paris;Île-de-France;(43.292154, 5.359134);Marseille;Bouches-du-Rhône;Provence-Alpes-Côte d'Azur;;;;;;;;
False;;;True;True;False;attribue;{'StreetName': None, 'AdditionalStreetName': None, 'CityName': 'PARIS', 'PostalZone': '75012', 'Country': 'FRA'};702005901;True;SETEC ORGANISATION;SETEC ORGANISATION;2026-09-17;{'StreetName': '58 BD CHARLES LIVON', 'AdditionalStreetName': None, 'CityName': 'Marseille', 'PostalZone': '13007', 'Country': 'FRA'};200054807;True;METROPOLE D'AIX-MARSEILLE-PROVENCE;Métropole Aix Marseille Provence;;;services;['Le critère prix sera calculé en prenant en compte le montant global des prix en TTC', 'Valeur technique :   Sous-critère 1 : pondération : 60 % Intitulé : Adéquations des moyens humains dédiés à la réalisation des différents aspects de la mission Sous-critère 2 : pondération : 40 % Intitulé : Adéquation et pertinence de la méthodologie envisagée en cohérence avec le calendrier prévisionnel des interventions figurant au CCTP les autres partenaires du projet et le travail réalisé sur le schéma directeur de l’énergie.'];['prix', 'social'];[60.0, 40.0];1080.0;False;;False;;;;26-89518;;83525.0;;LOT-0002;71313000;;2;3.0;;Assistance à maitrise d’ouvrage pour l’élaboration du Plan Climat Air Energie et appui à la réalisation du schéma directeur des énergies de la Métropole Aix-Marseille Provence;ouverte;74260054;;;;False;False;False;299850.0;7344;Métropole;5 000  à  9 999;False;2016-01-01;84.11Z;2008;5710.0;SAS, société par actions simplifiée;200  à  249;False;<NA>;2008;M;71;71.1;71.12;71.12B;1970-01-01;;Paris;Paris;Île-de-France;(43.292154, 5.359134);Marseille;Bouches-du-Rhône;Provence-Alpes-Côte d'Azur;;;;;;;;
False;['42130000', '44163130', '44470000'];;True;False;False;non attribue;;;False;;;2026-09-17;{'StreetName': '23 avenue des Joncades Basses', 'AdditionalStreetName': None, 'CityName': 'SRP', 'PostalZone': '13210', 'Country': 'FRA'};241300375;True;CC  VALLEE DES BAUX-ALPILLES (CC VBA);Cc  Vallee Des Baux-Alpilles (cc Vba);;;fournitures;"['Le critère "" Prix"" sera noté de la manière suivante :\r\nUne note de 10 est affectée à l\'offres la moins disante (OMD) en fonction de la somme des DQE.\r\nLa note de l\'offre de prix de chaque candidat (OPC) sera calculée comme suit :\r\n(OMD /OPC) x 10\r\nCette note sera ensuite pondérée par le coefficient de pondération du critère de 40%, pour obtenir une note sur 40.', 'Le critère "" valeur technique "" de l\'offre sera apprécié au vu du cadre de mémoire technique et environnemental. Il sera noté sur 10 sur la base des sous-critères et coefficients de pondérations suivants :\r\n- Sous-critère 1- Organisation logistique et respect des délais de livraison : 4 points\r\n- Sous-critère 2- Qualité technique et conformité normative des produits : 3 points\r\n- Sous-critère 3- Assistance et support technique : 3 points\r\n\r\nLa note valeur technique globale sera calculée en additionnant les notes pondérées obtenues pour chacun des sous-critères. Elle sera ensuite pondérée par le coefficient de pondération du critère de 50%, pour obtenir une note sur 50.', 'Le critère "" Environnement et Développement durable "" de l\'offre sera apprécié au vu du cadre de mémoire technique et environnemental. Il sera noté sur 10 sur la base des sous-critères et coefficients de pondérations suivants :\r\n- Sous-critère 1- Produits ou gamme de produits proposés pour le marché ayant une caractéristique environnementale : 5 points\r\n- Sous-critère 2 : Actions mises en oeuvre dans l\'exécution du marché : 5 points\r\n\r\nLa note Environnement et Développement durable sera calculée en additionnant les notes pondérées obtenues pour chacun des sous-critères. Elle sera ensuite pondérée par le coefficient de pondération du critère de 10%, pour obtenir une note sur 10.']";['technique', 'environnemental', 'environnemental'];[40.0, 50.0, 10.0];1460.0;False;;False;{'StreetName': '23 avenue des joncades basses', 'CityName': 'SAINT-REMY-DE-PROVENCE', 'PostalZone': '13210', 'NUTS': 'FRL04', 'Country': 'FRA'};sans remise en concurrence;;26-89381;;;;LOT-0001;44165000;;1;;;Fourniture et livraison de pièces destinées à l'entretien des réseaux d'eau potable et d'assainissement collectif de la CCVBA;ouverte;2026-03;;;;False;False;False;;7346;Communauté de communes ;100  à  199;False;1995-12-29;84.11Z;2008;;;;;;<NA>;;;;;<NA>;<NA>;;;;;(43.794216, 4.777969);Saint-Rémy-de-Provence;Bouches-du-Rhône;Provence-Alpes-Côte d'Azur;;;;;;;;
False;['79810000', '79820000'];;True;True;False;attribue;{'StreetName': '80, chemin de la Parette', 'AdditionalStreetName': None, 'CityName': 'Marseille', 'PostalZone': '13012', 'Country': 'FRA'};324743673;True;SPOT IMPRIMERIE;SPOT IMPRIMERIE SARL-LOT1;2026-09-17;{'StreetName': '52 avenue de saint Just', 'AdditionalStreetName': None, 'CityName': 'Marseille', 'PostalZone': '13256', 'Country': 'FRA'};221300015;True;DEPARTEMENT DES BOUCHES DU RHONE;DEPARTEMENT DES BOUCHES DU RHONE;;;services;"['Le critère 1 est pondéré à 60%. Pour le détail , se référer au Réglement de la Consultation (RC).', 'Le critère 2 Qualité des échantillons est pondéré à 30%. Pour le détail , se référer au Règlement de la Consultation (RC).', 'Le critère 3 "" Performances en matière d\'environnement"" est pondéré à 5%. Pour le détail, se référer au Règlement de la Consultation (RC).', 'Le critère 4 ""Performances sociales""est pondéré à 5%. Pour le détail , se référer au Réglement de la Consultation (RC).']";['prix', 'qualite', 'environnemental', 'social'];[60.0, 30.0, 5.0, 5.0];360.0;True;219381.4;False;{'StreetName': 'HOTEL DU DEPARTEMENT DES BOUCHES DU RHONE', 'CityName': 'Marseille', 'PostalZone': '13256', 'NUTS': 'FRL04', 'Country': 'FRA'};sans remise en concurrence;;26-89574;;7208.2;39586.0;LOT-0001;79800000;720000.0;3;4.0;;"ACCORD-CADRE A BONS DE COMMANDE POUR L'IMPRESSION ET LA LIVRAISON DES IMPRIMES 
DE COMMUNICATION POUR LES BESOINS DU CONSEIL DEPARTEMENTAL DES BOUCHES-DU-RHONE - 4 LOTS";ouverte;2026_0141;3.0;;;True;True;False;;7220;Département ;5 000  à  9 999;False;1968-09-01;84.11Z;2008;5499.0;Société à responsabilité limitée (sans autre indication);10  à  19;<NA>;<NA>;2008;C;18;18.1;18.12;18.12Z;1982-05-21;(43.293215, 5.423997);Marseille;Bouches-du-Rhône;Provence-Alpes-Côte d'Azur;(48.99039, 2.417732);Arnouville;Val-d'Oise;Île-de-France;;;;;;;;
False;['79810000', '79820000'];;True;True;False;attribue;{'StreetName': '57 MONTEE DE ST MENET – ZI DELTA INDUSTRIE', 'AdditionalStreetName': None, 'CityName': 'Marseille', 'PostalZone': '13011', 'Country': 'FRA'};392658134;True;IMPRIMERIE CARACTERE;SAS IMPRIMERIE CARACTERE-LOT2;2026-09-17;{'StreetName': '52 avenue de saint Just', 'AdditionalStreetName': None, 'CityName': 'Marseille', 'PostalZone': '13256', 'Country': 'FRA'};221300015;True;DEPARTEMENT DES BOUCHES DU RHONE;DEPARTEMENT DES BOUCHES DU RHONE;;;services;"['Le critère 1 est pondéré à 60%. Pour le détail , se référer au Réglement de la Consultation (RC).', 'Le critère 2 Qualité des échantillons est pondéré à 30%. Pour le détail , se référer au Règlement de la Consultation (RC).', 'Le critère 3 "" Performances en matière d\'environnement""est pondéré à 5%. Pour le détail , se référer au Réglement de la Consultation (RC).', 'Le critère 4 ""Performances sociales""est pondéré à 5%. Pour le détail , se référer au Réglement de la Consultation (RC).']";['prix', 'qualite', 'environnemental', 'social'];[60.0, 30.0, 5.0, 5.0];360.0;True;219381.4;False;{'StreetName': 'HOTEL DU DEPARTEMENT DES BOUCHES DU RHONE', 'CityName': 'Marseille', 'PostalZone': '13256', 'NUTS': 'FRL04', 'Country': 'FRA'};sans remise en concurrence;;26-89574;;15959.1;110842.0;LOT-0002;79800000;720000.0;3;2.0;;"ACCORD-CADRE A BONS DE COMMANDE POUR L'IMPRESSION ET LA LIVRAISON DES IMPRIMES 
DE COMMUNICATION POUR LES BESOINS DU CONSEIL DEPARTEMENTAL DES BOUCHES-DU-RHONE - 4 LOTS";ouverte;2026_0141;3.0;;;True;True;False;;7220;Département ;5 000  à  9 999;False;1968-09-01;84.11Z;2008;5710.0;SAS, société par actions simplifiée;20  à  49;<NA>;<NA>;2008;C;18;18.1;18.12;18.12Z;1993-10-01;(43.293894, 5.493366);Marseille;Bouches-du-Rhône;Provence-Alpes-Côte d'Azur;(48.99039, 2.417732);Arnouville;Val-d'Oise;Île-de-France;;;;;;;;
False;['79810000', '79820000'];;True;True;False;attribue;{'StreetName': '57 MONTEE DE ST MENET – ZI DELTA INDUSTRIE', 'AdditionalStreetName': None, 'CityName': 'Marseille', 'PostalZone': '13011', 'Country': 'FRA'};392658134;True;IMPRIMERIE CARACTERE;LOT3-SAS IMPRIMERIE CARACTERE;2026-09-17;{'StreetName': '52 avenue de saint Just', 'AdditionalStreetName': None, 'CityName': 'Marseille', 'PostalZone': '13256', 'Country': 'FRA'};221300015;True;DEPARTEMENT DES BOUCHES DU RHONE;DEPARTEMENT DES BOUCHES DU RHONE;;;services;"['Le critère 1 est pondéré à 60%. Pour le détail, se référer au Règlement de la Consultation (RC).', 'Le critère 2 Qualité des échantillons est pondéré à 30%. Pour le détail, se référer au Règlement de la Consultation (RC).', 'Le critère 3 "" Performances en matière d\'environnement""est pondéré à 5%. Pour le détail , se référer au Réglement de la Consultation (RC).', 'Le critère 4 ""Performances sociales""est pondéré à 5%. Pour le détail , se référer au Réglement de la Consultation (RC).']";['prix', 'qualite', 'environnemental', 'social'];[60.0, 30.0, 5.0, 5.0];360.0;True;219381.4;False;{'StreetName': 'HOTEL DU DEPARTEMENT DES BOUCHES DU RHONE', 'CityName': 'Marseille', 'PostalZone': '13256', 'NUTS': 'FRL04', 'Country': 'FRA'};sans remise en concurrence;;26-89574;;150450.0;68952.0;LOT-0003;79800000;720000.0;3;2.0;;"ACCORD-CADRE A BONS DE COMMANDE POUR L'IMPRESSION ET LA LIVRAISON DES IMPRIMES 
DE COMMUNICATION POUR LES BESOINS DU CONSEIL DEPARTEMENTAL DES BOUCHES-DU-RHONE - 4 LOTS";ouverte;2026_0141;3.0;;;True;True;False;;7220;Département ;5 000  à  9 999;False;1968-09-01;84.11Z;2008;5710.0;SAS, société par actions simplifiée;20  à  49;<NA>;<NA>;2008;C;18;18.1;18.12;18.12Z;1993-10-01;(43.293894, 5.493366);Marseille;Bouches-du-Rhône;Provence-Alpes-Côte d'Azur;(48.99039, 2.417732);Arnouville;Val-d'Oise;Île-de-France;;;;;;;;
False;['45233294'];;True;False;False;attribue;{'StreetName': '842 Che De Cabrieres', 'AdditionalStreetName': None, 'CityName': 'Lambesc', 'PostalZone': '13410', 'Country': 'FRA'};530465327;False;ZIGZAG SIGNALISATION;ZIGZAG SIGNALISATION;2026-09-17;{'StreetName': 'Hôtel de Ville', 'AdditionalStreetName': 'Cours de la république', 'CityName': 'Gardanne', 'PostalZone': '13120', 'Country': 'FRA'};211300413;False;COMMUNE DE GARDANNE;Ville de Gardanne;;2026-08-20+02:00;fournitures;['Valeur technique', 'Prix des prestations (Dqe)'];['technique', 'prix'];[40.0, 60.0];360.0;True;640000.0;False;;sans remise en concurrence;;26-89297;;640000.0;;LOT-0000;34992200;640000.0;1;6.0;;Fourniture et pose de signalisation verticale;ouverte;26030CT;3.0;;;True;True;True;640000.0;7210;Commune et commune nouvelle ;500  à  999;False;1983-03-01;84.11Z;2008;5710.0;SAS, société par actions simplifiée;20  à  49;False;<NA>;2008;F;42;42.1;42.11;42.11Z;2011-02-16;(43.64118, 5.287733);Lambesc;Bouches-du-Rhône;Provence-Alpes-Côte d'Azur;(43.455771, 5.471313);Gardanne;Bouches-du-Rhône;Provence-Alpes-Côte d'Azur;;;;;;;;
False;;;True;True;False;attribue;{'StreetName': None, 'AdditionalStreetName': None, 'CityName': 'ISSY LES MOULINEAUX', 'PostalZone': '92442', 'Country': 'FRA'};399663905;True;TRANSAMO;TRANSAMO;2026-09-17;{'StreetName': '58 Boulevard Charles Livon', 'AdditionalStreetName': None, 'CityName': 'Marseille', 'PostalZone': '13007', 'Country': 'FRA'};200054807;True;METROPOLE D'AIX-MARSEILLE-PROVENCE;Métropole Aix Marseille Provence;;;services;['Le critère prix sera calculé en prenant en compte le montant global des prix en TTC', 'Valeur technique\nSous-critère A : Qualité et cohérence des moyens humains pour réaliser les missions 1a et 1b - 50%\nSous-critère B : Qualité et cohérence des moyens humains pour réaliser les missions 6b, 6c et 6d - 50%', 'Valeur environnementale\nPerformance environnementale des modes de déplacement du médiateur dans le cadre de sa mission de médiation de chantier (Famille de prix 5 du DQE) pour un bilan carbone optimisé depuis son lieu de travail jusqu’au lieu d’exécution des missions sur le chantier'];['prix', 'social', 'environnemental'];[60.0, 30.0, 10.0];2920.0;True;1668750.0;False;{'StreetName': 'Territoire de la Métropole', 'CityName': 'Aix en Provence', 'PostalZone': '13100', 'NUTS': 'FRL04', 'Country': 'FRA'};sans remise en concurrence;;26-89508;;458275.55;548150.0;LOT-0001;71311200;1660000.0;3;7.0;;AMO pour l’extension du BHNS l’AIXPRESS sur la commune d’Aix en Provence du Jas de Bouffan au Val St André;ouverte;73260014;;;;False;False;False;;7344;Métropole;5 000  à  9 999;False;2016-01-01;84.11Z;2008;5599.0;SA à conseil d'administration (s.a.i.);100  à  199;False;<NA>;2008;M;71;71.1;71.12;71.12B;1994-12-01;;Issy-les-Moulineaux;Hauts-de-Seine;Île-de-France;(43.292154, 5.359134);Marseille;Bouches-du-Rhône;Provence-Alpes-Côte d'Azur;;;;;;;;
False;;;True;True;False;attribue;{'StreetName': None, 'AdditionalStreetName': None, 'CityName': 'AIX-EN-PROVENCE', 'PostalZone': '13856', 'Country': 'FRA'};421455312;True;STRATIS;STRATIS;2026-09-17;{'StreetName': '58 Boulevard Charles Livon', 'AdditionalStreetName': None, 'CityName': 'Marseille', 'PostalZone': '13007', 'Country': 'FRA'};200054807;True;METROPOLE D'AIX-MARSEILLE-PROVENCE;Métropole Aix Marseille Provence;;;services;"['Le critère prix sera calculé en prenant en compte le montant global des prix en TTC', ""Valeur technique\nSous-critère A : La pertinence de l'organigramme et du chronogramme des moyens en lien avec le planning de l'opération 40%\nSous-critère B : Qualité de la méthodologie proposée pour la mission de concertation et de communication 30%\nSous-critère C : Qualité de la méthodologie proposée pour la mission de médiation de chantier 30%"", 'Valeur environnementale\nPerformance environnementale des modes de déplacement du médiateur dans le cadre de sa mission de médiation de chantier (Famille de prix 5 du DQE) pour un bilan carbone optimisé depuis son lieu de travail  jusqu’au lieu d’exécution des missions sur le chantier']";['prix', 'delai', 'environnemental'];[60.0, 30.0, 10.0];2920.0;True;1668750.0;False;{'StreetName': 'Territoire de la Métropole', 'CityName': 'Aix en Provence', 'PostalZone': '13100', 'NUTS': 'FRL04', 'Country': 'FRA'};sans remise en concurrence;;26-89508;;264100.0;437500.0;LOT-0002;71311200;1660000.0;3;4.0;;AMO pour l’extension du BHNS l’AIXPRESS sur la commune d’Aix en Provence du Jas de Bouffan au Val St André;ouverte;73260014;;;;False;False;False;;7344;Métropole;5 000  à  9 999;False;2016-01-01;84.11Z;2008;5710.0;SAS, société par actions simplifiée;20  à  49;False;<NA>;2008;M;73;73.1;73.11;73.11Z;1999-01-15;;Aix-en-Provence;Bouches-du-Rhône;Provence-Alpes-Côte d'Azur;(43.292154, 5.359134);Marseille;Bouches-du-Rhône;Provence-Alpes-Côte d'Azur;;;;;;;;
False;;;True;True;False;attribue;{'StreetName': None, 'AdditionalStreetName': None, 'CityName': 'AIX-EN-PROVENCE', 'PostalZone': '13100', 'Country': 'FRA'};342174018;True;GEOFIT;GEOFIT;2026-09-17;{'StreetName': '58 Boulevard Charles Livon', 'AdditionalStreetName': None, 'CityName': 'Marseille', 'PostalZone': '13007', 'Country': 'FRA'};200054807;True;METROPOLE D'AIX-MARSEILLE-PROVENCE;Métropole Aix Marseille Provence;;;services;['Le critère prix sera calculé en prenant en compte le montant global des prix en TTC', 'Valeur technique\nSous-critère A : Qualité organisationnelle et moyens humains en vue de l’objectif de la mise en service de la ligne en fin d’année 2031 - 50%\nSous-critère B : Pertinence de la méthodologie au vu des notes proposées par les candidats pour l’acquisition à l’amiable des parcelles nécessaires au projet et par voie d’expropriation - 50%'];['prix', 'social'];[70.0, 30.0];2920.0;True;1668750.0;False;{'StreetName': 'Territoire de la Métropole', 'CityName': 'Aix en Provence', 'PostalZone': '13100', 'NUTS': 'FRL04', 'Country': 'FRA'};sans remise en concurrence;;26-89508;;298565.0;683100.0;LOT-0003;71311200;1660000.0;3;3.0;;AMO pour l’extension du BHNS l’AIXPRESS sur la commune d’Aix en Provence du Jas de Bouffan au Val St André;ouverte;73260014;;;;False;False;False;;7344;Métropole;5 000  à  9 999;False;2016-01-01;84.11Z;2008;5785.0;Société d'exercice libéral par action simplifiée ;250  à  499;False;<NA>;2008;M;71;71.1;71.12;71.12A;1987-08-01;;Aix-en-Provence;Bouches-du-Rhône;Provence-Alpes-Côte d'Azur;(43.292154, 5.359134);Marseille;Bouches-du-Rhône;Provence-Alpes-Côte d'Azur;;;;;;;;
False;;;True;False;False;attribue;{'StreetName': '14 rue de la Garenne', 'AdditionalStreetName': None, 'CityName': 'BOISEMONT', 'PostalZone': '95000', 'Country': 'FRA'};530203744;True;NC3D ENVIRONNEMENT;NC3D;2026-09-17;{'StreetName': '1 bis, rue la Paix', 'AdditionalStreetName': None, 'CityName': 'Gennevilliers', 'PostalZone': '92230', 'Country': 'FRA'};200057990;True;BOUCLE NORD DE SEINE;EPT BOUCLE NORD DE SEINE;;;services;;;;1200.0;True;0.0;False;"{'StreetName': '1 bis rue de la Paix', 'CityName': ""Hauts-de-Seine, Val-d'Oise"", 'PostalZone': '92230', 'NUTS': 'FR105', 'Country': 'FRA'}";sans remise en concurrence;;26-89542;;;0.0;LOT-0001;90923000;800000.0;1;8.0;;Dératisation préventive et curative des réseaux d'assainissement dans les communes d'Argenteuil, Bois-Colombes, Clichy la Garenne et Gennevilliers;ouverte;EP2621;;;;False;False;False;;7345;Syndicat intercommunal à vocation multiple (SIVOM) ;50  à  99;<NA>;2016-01-01;84.11Z;2008;5710.0;SAS, société par actions simplifiée;6  à  9;<NA>;<NA>;2008;N;81;81.2;81.29;81.29A;2011-02-02;(49.020794, 1.995571);Boisemont;Val-d'Oise;Île-de-France;(48.934439, 2.297124);Gennevilliers;Hauts-de-Seine;Île-de-France;;;;;;;;
False;;;True;False;False;attribue;{'StreetName': '303 rue du Chat Botté ZAC des Malettes', 'AdditionalStreetName': None, 'CityName': 'BEYNOST CEDEX', 'PostalZone': '01700', 'Country': 'FRA'};793797283;True;ISERBA;ISERBA;2026-09-17;{'StreetName': '5 rue Paul-Vaillant-Couturier', 'AdditionalStreetName': None, 'CityName': 'Clamart', 'PostalZone': '92140', 'Country': 'FRA'};451576656;True;OFFICE PUBLIC DE L'HABITAT VALLEE SUD HABITAT;Vallée Sud Habitat;;;services;['40 points répartis comme suit : 35 points sur la DPGF et 5 points sur le BPU', 'Valeur technique appréciée au regard du mémoire technique et selon des sous critères'];['prix', 'technique'];[40.0, 60.0];1440.0;True;;False;{'StreetName': None, 'CityName': None, 'PostalZone': None, 'NUTS': 'FR105', 'Country': 'FRA'};sans remise en concurrence;;26-89596;26-89363;490000.0;;LOT-0001;50513000;490000.0;1;8.0;;Accord-cadre de prestations d'entretien robinetterie p2/p3 avec garantie totale, p3r, ainsi que toutes prestations de services associées;ouverte;2026-05;3.0;;False;True;False;False;490000.0;4140;Établissement public local à caractère industriel ou commercial ;100  à  199;False;2004-01-05;68.20A;2008;5710.0;SAS, société par actions simplifiée;500  à  999;False;<NA>;2008;F;43;43.2;43.22;43.22B;2013-06-20;(45.82866, 4.991254);Beynost;Ain;Auvergne-Rhône-Alpes;(48.801566, 2.266389);Clamart;Hauts-de-Seine;Île-de-France;;;;;;;;
False;;;True;False;False;attribue;{'StreetName': '6 impasse de Toulouse', 'AdditionalStreetName': None, 'CityName': 'VERSAILLES', 'PostalZone': '78000', 'Country': 'FRA'};345174221;True;ROUGE VIF;ROUGE VIF;2026-09-17;{'StreetName': '15 rue Louis Lejeune', 'AdditionalStreetName': None, 'CityName': 'Montrouge', 'PostalZone': '92120', 'Country': 'FRA'};130001803;True;AUTORITE DE SURETE NUCLEAIRE ET DE RADIOPROTECTION;AUTORITE DE SURETE NUCLEAIRE ET DE RADIOPROTECTION;;;services;['Apprécié au regard du montant total indiqué au DQE', 'Sous critère 1 - Méthodologie proposée pour l’exécution des prestations (45%) Sous critère 2 - Moyens humains, expérience et adéquation des profils avec les compétences attendues (45%) Sous critère 3 -Organisation du phasage pour l’élaboration d’un numéro sur 6 mois (10%).', 'Éco-conception éditoriale et graphique, mesures prises en faveur du handicap visuel : le soumissionnaire peut démontrer comment il minimalise l’impact environnemental dès la phase de conception en respectant les exigences techniques de l’accord-cadre'];['prix', 'social', 'environnemental'];[30.0, 60.0, 10.0];360.0;True;;False;{'StreetName': None, 'CityName': None, 'PostalZone': None, 'NUTS': 'FR105', 'Country': 'FRA'};sans remise en concurrence;;26-89640;;;;LOT-0001;79822500;200000.0;1;;;Conception éditoriale, graphique et la réalisation pré-presse de la publication Les Cahiers de l’ASNR.;ouverte;2026-020;3.0;;;False;False;False;;7112;Autorité administrative ou publique indépendante;200  à  249;<NA>;2006-06-14;71.20B;2008;5710.0;SAS, société par actions simplifiée;20  à  49;False;<NA>;2008;M;70;70.2;70.21;70.21Z;1988-06-01;(48.806451, 2.129763);Versailles;Yvelines;Île-de-France;(48.818314, 2.326837);Montrouge;Hauts-de-Seine;Île-de-France;;;;;;;;
False;;;True;True;False;attribue;{'StreetName': None, 'AdditionalStreetName': None, 'CityName': 'Paris', 'PostalZone': '75017', 'Country': 'FRA'};399506641;True;ATALIAN PROPRETE;ATALIAN Propreté;2026-09-17;{'StreetName': '18 avenue Georges Pompidou', 'AdditionalStreetName': None, 'CityName': 'Lyon', 'PostalZone': '69003', 'Country': 'FRA'};775648231;True;CAISSE D ASSURANCE RETRAITE ET DE SANTE AU TRAVAIL RHONE ALPES;CARSAT RHONE ALPES;;2026-10-01+02:00;services;['Valeur technique (50%)', 'Mesures environnementales et sociales adoptées dans le cadre du marché (10%)', 'Proposition financière en TTC (40%)'];['technique', 'environnemental & social', 'prix'];[50.0, 10.0, 40.0];1460.0;True;2240000.0;False;"{'StreetName': ""26 rue d'Aubigny, 69003 LYON"", 'CityName': 'LYON', 'PostalZone': '69000', 'NUTS': 'FRK26', 'Country': 'FRA'}";sans remise en concurrence;;26-89598;;;1600000.0;LOT-0001;90911200;2240000.0;5;11.0;;NETTOYAGE DES IMMEUBLES DE LA CARSAT RHÔNE ALPES;ouverte;2026-206-APOO008-009-010-011-012;3.0;;;False;True;True;;8110;Régime général de la Sécurité Sociale;1 000  à  1 999;False;1900-01-01;84.30A;2008;5710.0;SAS, société par actions simplifiée;10 000  et plus ;False;False;2008;N;81;81.2;81.21;81.21Z;1999-06-22;;Paris;Paris;Île-de-France;(45.759056, 4.863798);Lyon;Rhône;Auvergne-Rhône-Alpes;;;;;;;;
False;;;True;True;False;attribue;{'StreetName': None, 'AdditionalStreetName': None, 'CityName': 'Saint-Denis', 'PostalZone': '93200', 'Country': 'FRA'};572053833;True;ENTREPRISE GUY CHALLANCIN;GUY CHALLANCIN;2026-09-17;{'StreetName': '18 avenue Georges Pompidou', 'AdditionalStreetName': None, 'CityName': 'Lyon', 'PostalZone': '69003', 'Country': 'FRA'};775648231;True;CAISSE D ASSURANCE RETRAITE ET DE SANTE AU TRAVAIL RHONE ALPES;CARSAT RHONE ALPES;;2026-10-01+02:00;services;['Valeur technique (50%)', 'Mesures environnementales et sociales adoptées dans le cadre du marché (10%)', 'Proposition financière en TTC (40%)'];['technique', 'environnemental & social', 'prix'];[50.0, 10.0, 40.0];1460.0;True;2240000.0;False;"{'StreetName': ""133 Route de St Cyr, 69370 ST DIDIER AU MONT D'OR"", 'CityName': ""LYON, VENISSIEUX, ST DIDIER AU MONT D'OR"", 'PostalZone': '69370, 69200, 69009', 'NUTS': 'FRK26', 'Country': 'FRA'}";sans remise en concurrence;;26-89598;;;130000.0;LOT-0013;90911200;2240000.0;5;11.0;;NETTOYAGE DES IMMEUBLES DE LA CARSAT RHÔNE ALPES;ouverte;2026-206-APOO008-009-010-011-012;3.0;;;False;True;True;;8110;Régime général de la Sécurité Sociale;1 000  à  1 999;False;1900-01-01;84.30A;2008;5710.0;SAS, société par actions simplifiée;5 000  à  9 999;False;<NA>;2008;N;81;81.2;81.21;81.21Z;1957-01-01;;Saint-Denis;La Réunion;;(45.759056, 4.863798);Lyon;Rhône;Auvergne-Rhône-Alpes;;;;;;;;
False;;;True;True;False;attribue;{'StreetName': None, 'AdditionalStreetName': None, 'CityName': 'Saint-Denis', 'PostalZone': '93200', 'Country': 'FRA'};572053833;True;ENTREPRISE GUY CHALLANCIN;GUY CHALLANCIN;2026-09-17;{'StreetName': '18 avenue Georges Pompidou', 'AdditionalStreetName': None, 'CityName': 'Lyon', 'PostalZone': '69003', 'Country': 'FRA'};775648231;True;CAISSE D ASSURANCE RETRAITE ET DE SANTE AU TRAVAIL RHONE ALPES;CARSAT RHONE ALPES;;2026-10-01+02:00;services;['Valeur technique (50%)', 'Mesures environnementales et sociales adoptées dans le cadre du marché (10%)', 'Proposition financière en TTC (40%)'];['technique', 'environnemental & social', 'prix'];[50.0, 10.0, 40.0];1460.0;True;2240000.0;False;{'StreetName': '3 Rue du Dr Nodet ,01000 BOURG EN BRESSE', 'CityName': 'ROANNE, ST ETIENNE, VILLEFRANCHE, BOURG EN BRESSE', 'PostalZone': '01000, 69264, 42000, 42300', 'NUTS': 'FRK26', 'Country': 'FRA'};sans remise en concurrence;;26-89598;;;170000.0;LOT-0014;90911200;2240000.0;5;3.0;;NETTOYAGE DES IMMEUBLES DE LA CARSAT RHÔNE ALPES;ouverte;2026-206-APOO008-009-010-011-012;3.0;;;False;True;True;;8110;Régime général de la Sécurité Sociale;1 000  à  1 999;False;1900-01-01;84.30A;2008;5710.0;SAS, société par actions simplifiée;5 000  à  9 999;False;<NA>;2008;N;81;81.2;81.21;81.21Z;1957-01-01;;Saint-Denis;La Réunion;;(45.759056, 4.863798);Lyon;Rhône;Auvergne-Rhône-Alpes;;;;;;;;
False;;;True;True;False;attribue;{'StreetName': None, 'AdditionalStreetName': None, 'CityName': 'Bron', 'PostalZone': '69500', 'Country': 'FRA'};428685358;True;SAMSIC II;SAMSIC II;2026-09-17;{'StreetName': '18 avenue Georges Pompidou', 'AdditionalStreetName': None, 'CityName': 'Lyon', 'PostalZone': '69003', 'Country': 'FRA'};775648231;True;CAISSE D ASSURANCE RETRAITE ET DE SANTE AU TRAVAIL RHONE ALPES;CARSAT RHONE ALPES;;2026-10-01+02:00;services;['Valeur technique (50%)', 'Mesures environnementales et sociales adoptées dans le cadre du marché (10%)', 'Proposition financière en TTC (40%)'];['technique', 'environnemental & social', 'prix'];[50.0, 10.0, 40.0];1460.0;True;2240000.0;False;{'StreetName': 'Allée du Concept, 26500 BOURG LES VALENCE', 'CityName': 'BOURG LES VALENCE, GRENOBLE, BOURGOIN JALLIEU', 'PostalZone': '26500, 38000, 38300', 'NUTS': 'FRK26', 'Country': 'FRA'};sans remise en concurrence;;26-89598;;;170000.0;LOT-0015;90911200;2240000.0;5;3.0;;NETTOYAGE DES IMMEUBLES DE LA CARSAT RHÔNE ALPES;ouverte;2026-206-APOO008-009-010-011-012;3.0;;;False;True;True;;8110;Régime général de la Sécurité Sociale;1 000  à  1 999;False;1900-01-01;84.30A;2008;5710.0;SAS, société par actions simplifiée;10 000  et plus ;False;False;2008;N;81;81.2;81.21;81.21Z;1999-12-22;;Bron;Rhône;Auvergne-Rhône-Alpes;(45.759056, 4.863798);Lyon;Rhône;Auvergne-Rhône-Alpes;;;;;;;;
False;;;True;True;False;attribue;{'StreetName': None, 'AdditionalStreetName': None, 'CityName': 'Bron', 'PostalZone': '69500', 'Country': 'FRA'};428685358;True;SAMSIC II;SAMSIC II;2026-09-17;{'StreetName': '18 avenue Georges Pompidou', 'AdditionalStreetName': None, 'CityName': 'Lyon', 'PostalZone': '69003', 'Country': 'FRA'};775648231;True;CAISSE D ASSURANCE RETRAITE ET DE SANTE AU TRAVAIL RHONE ALPES;CARSAT RHONE ALPES;;2026-10-01+02:00;services;['Valeur technique (50%)', 'Mesures environnementales et sociales adoptées dans le cadre du marché (10%)', 'Proposition financière en TTC (40%)'];['technique', 'environnemental & social', 'prix'];[50.0, 10.0, 40.0];1460.0;True;2240000.0;False;{'StreetName': '53 Place de l hotel de ville\n73600 MOUTIERS', 'CityName': 'MOUTIERS, CHAMBERY, POISY', 'PostalZone': '73600, 73000, 74330', 'NUTS': 'FRK26', 'Country': 'FRA'};sans remise en concurrence;;26-89598;;;170000.0;LOT-0016;90911200;2240000.0;5;3.0;;NETTOYAGE DES IMMEUBLES DE LA CARSAT RHÔNE ALPES;ouverte;2026-206-APOO008-009-010-011-012;3.0;;;False;True;True;;8110;Régime général de la Sécurité Sociale;1 000  à  1 999;False;1900-01-01;84.30A;2008;5710.0;SAS, société par actions simplifiée;10 000  et plus ;False;False;2008;N;81;81.2;81.21;81.21Z;1999-12-22;;Bron;Rhône;Auvergne-Rhône-Alpes;(45.759056, 4.863798);Lyon;Rhône;Auvergne-Rhône-Alpes;;;;;;;;
False;['71310000', '71336000'];;True;False;False;attribue;{'StreetName': '2 Av Lacassagne', 'AdditionalStreetName': None, 'CityName': 'Lyon 3eme', 'PostalZone': '69003', 'Country': 'FRA'};['444523526', '200046977'];False;;ARTELIA / SELAS Laetitia PARISI;2026-09-17;{'StreetName': '20 rue du Lac', 'AdditionalStreetName': 'Cs 33569', 'CityName': 'Lyon', 'PostalZone': '69505', 'Country': 'FRA'};200046977;False;METROPOLE DE LYON;Métropole de Lyon;;2026-08-03+02:00;services;['Valeur technique', 'Pertinence de la méthodologie, en lien avec la transition environnementale et énergétique', 'Prix des prestations'];['technique', 'environnemental', 'prix'];[50.0, 10.0, 40.0];2280.0;True;620000.0;False;;;;26-89423;;925848.0;;LOT-0000;71241000;;1;2.0;;Assistance à maîtrise d'ouvrage (AMO) pour les travaux de rénovation de la filière biologique de la station de traitement des eaux usées de Saint Fons;ouverte;26-EAU-033;;;;False;True;False;925848.0;7229;(Autre) Collectivité territoriale ;10 000  et plus ;False;2015-01-01;84.11Z;2008;;;;;;<NA>;;;;;<NA>;<NA>;(45.756756, 4.862634);Lyon;Rhône;Auvergne-Rhône-Alpes;(45.758093, 4.8544);Lyon;Rhône;Auvergne-Rhône-Alpes;;;;;;;;
False;['90911200', '90911300', '90919000'];;True;True;False;attribue;{'StreetName': '134 Av Henri Barbusse', 'AdditionalStreetName': None, 'CityName': 'Bondy', 'PostalZone': '93140', 'Country': 'FRA'};745851303;False;GUILBERT PROPRETE;GUILBERT PROPRETE;2026-09-17;{'StreetName': '96 rue de Paris', 'AdditionalStreetName': None, 'CityName': 'Les Lilas Cedex', 'PostalZone': '93261', 'Country': 'FRA'};219300456;False;COMMUNE DES LILAS;MAIRIE DES LILAS;;;services;"[""Valeur technique de l'offre appréciée à l'aide du mémoire technique"", 'Prix']";['technique', 'prix'];[40.0, 60.0];;True;2908000.0;False;;;;26-89637;;2513833.2;;LOT-0001;90911200;;2;2.0;;Nettoyage des vitres et entretien des bâtiments communaux (Administratifs, Culturels, Scolaires, Sportifs et Autres);ouverte;12-26;3.0;;;True;True;True;2575887.0;7210;Commune et commune nouvelle ;500  à  999;False;1980-01-01;84.11Z;2008;5710.0;SAS, société par actions simplifiée;2 000  à  4 999;False;<NA>;2008;N;81;81.2;81.21;81.21Z;1958-01-01;(48.900015, 2.492489);Bondy;Seine-Saint-Denis;Île-de-France;(48.87948, 2.415368);Les Lilas;Seine-Saint-Denis;Île-de-France;;;;;;;;
False;['90911300', '90911300', '90919000'];;True;True;False;attribue;{'StreetName': '134 Av Henri Barbusse', 'AdditionalStreetName': None, 'CityName': 'Bondy', 'PostalZone': '93140', 'Country': 'FRA'};745851303;False;GUILBERT PROPRETE;GUILBERT PROPRETE;2026-09-17;{'StreetName': '96 rue de Paris', 'AdditionalStreetName': None, 'CityName': 'Les Lilas Cedex', 'PostalZone': '93261', 'Country': 'FRA'};219300456;False;COMMUNE DES LILAS;MAIRIE DES LILAS;;;services;"[""Valeur technique de l'offre appréciée à l'aide du mémoire technique"", 'Prix']";['technique', 'prix'];[40.0, 60.0];;True;2908000.0;False;;;;26-89637;;62054.32;;LOT-0002;90911200;;2;3.0;;Nettoyage des vitres et entretien des bâtiments communaux (Administratifs, Culturels, Scolaires, Sportifs et Autres);ouverte;12-26;3.0;;;True;True;True;2575887.0;7210;Commune et commune nouvelle ;500  à  999;False;1980-01-01;84.11Z;2008;5710.0;SAS, société par actions simplifiée;2 000  à  4 999;False;<NA>;2008;N;81;81.2;81.21;81.21Z;1958-01-01;(48.900015, 2.492489);Bondy;Seine-Saint-Denis;Île-de-France;(48.87948, 2.415368);Les Lilas;Seine-Saint-Denis;Île-de-France;;;;;;;;
False;;;False;False;False;attribue;;;False;;;2026-09-17;{'StreetName': 'Place de la Laïcité', 'AdditionalStreetName': None, 'CityName': 'Romainville', 'PostalZone': '93230', 'Country': 'FRA'};219300639;True;COMMUNE DE ROMAINVILLE;MAIRIE DE ROMAINVILLE;;;travaux;;;;1460.0;True;0.0;False;;avec remise en concurrence;;26-89450;;0.0;0.0;LOT-0013;45000000;250000.0;1;6.0;;Accord-cadre pour les Travaux d'entretien courant, de mises aux normes, neufs et divers, tout corps d'état sur le patrimoine de la Ville de Romainville;ouverte;2026_014;;;;True;False;False;0.0;7210;Commune et commune nouvelle ;1 000  à  1 999;False;1980-01-01;84.11Z;2008;;;;;;<NA>;;;;;<NA>;<NA>;;;;;(48.8764, 2.445021);Romainville;Seine-Saint-Denis;Île-de-France;;;;;;;;
False;;;;False;False;attribue;{'StreetName': 'Immeuble Grand Horizon 2, Parc de la Duranne, 260 Rue René Descartes', 'AdditionalStreetName': None, 'CityName': 'Aix-en-Provence', 'PostalZone': '13290', 'Country': 'FRA'};487681520;True;PMS MEDICALISATION;PMS MEDICALISATION;2026-09-17;{'StreetName': '143/147 boulevard Anatole France', 'AdditionalStreetName': None, 'CityName': 'Saint-Denis cedex', 'PostalZone': '93285', 'Country': 'FRA'};180036113;True;AGENCE NATIONALE DE SECURITE DU MEDICAMENT ET DES PRODUITS DE SANTE;Agence Nationale de Sécurité du Médicament et des Produits de Santé;;2026-10-12+02:00;services;"['Critère ""prix"".', 'Critère ""valeur technique"" décomposé en deux sous-critères : 1 - Qualité des moyens humains pour la réalisation des prestations (18 points) et 2 - Organisation de la prestation (32 points).', 'Critère ""Démarche RSE"" décomposé en 2 sous-critères : 1 - Actions en lien avec le pilier social de la RSE (sur 7 points) et 2 - Actions en faveur de la réduction de l\'empreinte environnementale de la prestation et des activités du candidat (sur 3 points).']";['prix', 'social', 'environnemental & social'];[40.0, 50.0, 10.0];365.0;False;;False;{'StreetName': '143-147 boulevard Anatole France', 'CityName': 'Saint-Denis', 'PostalZone': '93200', 'NUTS': 'FR106', 'Country': 'FRA'};;;26-89513;;335568.0;;LOT-0001;85141200;;1;2.0;;Services en infirmerie pour le compte de l’ANSM sur son site de Saint-Denis.;ouverte;2026-106-PAM-DAF-ANSM;3.0;;;False;False;False;335568.0;7389;Établissement public national à caractère administratif ;1 000  à  1 999;<NA>;1993-03-08;84.12Z;2008;5710.0;SAS, société par actions simplifiée;250  à  499;False;<NA>;2008;M;70;70.2;70.22;70.22Z;2006-01-02;(43.494088, 5.346541);Aix-en-Provence;Bouches-du-Rhône;Provence-Alpes-Côte d'Azur;(48.920688, 2.344789);Saint-Denis;Seine-Saint-Denis;Île-de-France;;;;;;;;
False;;;True;True;False;attribue;{'StreetName': '10 rue du Moulin de la Prée', 'AdditionalStreetName': None, 'CityName': 'Rochefort', 'PostalZone': '17300', 'Country': 'FRA'};312936974;True;SOLINET 17;SOLINET 17;2026-09-17;{'StreetName': '89 cours Dupré-de-Saint-Maur', 'AdditionalStreetName': None, 'CityName': 'Bordeaux', 'PostalZone': '33041', 'Country': 'FRA'};130020324;True;SECRETARIAT GENERAL POUR L'ADMINISTRATION DU MINISTERE DE L'INTERIEUR SUD-OUEST;SGAMI Sud-Ouest;;2026-10-01+01:00;services;"['Prise en compte du prix total des prestations forfaitaires annuelles et des prix des prestations à bons de commande.', ""Prise en compte de l'organisation, des moyens humains, des moyens matériels mis en place et l'organisation relative à la gestion des stocks de consommables, des considérations sociales et environnementales.""]";['prix', 'environnemental & social'];;1440.0;True;;False;{'StreetName': None, 'CityName': 'La Rochelle', 'PostalZone': None, 'NUTS': 'FRI32', 'Country': 'FRA'};;;26-89601;;201610.74;;LOT-0001;90911200;;4;9.0;;Accords-cadres relatifs à des prestations de nettoyage courant des locaux et des surfaces vitrées des services de police de la Charente-Maritime (17);ouverte;SGAMI33-2025-42-FCS;;;;True;False;False;251067.45;7179;(Autre) Service déconcentré de l'État à compétence territoriale ;1 000  à  1 999;False;2014-05-01;84.24Z;2008;5499.0;Société à responsabilité limitée (sans autre indication);50  à  99;False;<NA>;2008;N;81;81.2;81.21;81.21Z;1970-01-01;(45.940956, -0.985246);Rochefort;Charente-Maritime;Nouvelle-Aquitaine;(44.872399, -0.554466);Bordeaux;Gironde;Nouvelle-Aquitaine;;;;;;;;
False;;;True;True;False;attribue;{'StreetName': '10 rue du Moulin de la Prée', 'AdditionalStreetName': None, 'CityName': 'Rochefort', 'PostalZone': '17300', 'Country': 'FRA'};312936974;True;SOLINET 17;SOLINET 17;2026-09-17;{'StreetName': '89 cours Dupré-de-Saint-Maur', 'AdditionalStreetName': None, 'CityName': 'Bordeaux', 'PostalZone': '33041', 'Country': 'FRA'};130020324;True;SECRETARIAT GENERAL POUR L'ADMINISTRATION DU MINISTERE DE L'INTERIEUR SUD-OUEST;SGAMI Sud-Ouest;;2026-10-01+01:00;services;"['Prise en compte du prix total des prestations forfaitaires annuelles et des prix des prestations à bons de commande.', ""Prise en compte de l'organisation, des moyens humains, des moyens matériels mis en place et l'organisation relative à la gestion des stocks de consommables, des considérations sociales et environnementales.""]";['prix', 'environnemental & social'];;1440.0;True;;False;{'StreetName': None, 'CityName': None, 'PostalZone': None, 'NUTS': 'FRI32', 'Country': 'FRA'};;;26-89601;;25546.02;;LOT-0002;90911200;;4;8.0;;Accords-cadres relatifs à des prestations de nettoyage courant des locaux et des surfaces vitrées des services de police de la Charente-Maritime (17);ouverte;SGAMI33-2025-42-FCS;;;;True;False;False;251067.45;7179;(Autre) Service déconcentré de l'État à compétence territoriale ;1 000  à  1 999;False;2014-05-01;84.24Z;2008;5499.0;Société à responsabilité limitée (sans autre indication);50  à  99;False;<NA>;2008;N;81;81.2;81.21;81.21Z;1970-01-01;(45.940956, -0.985246);Rochefort;Charente-Maritime;Nouvelle-Aquitaine;(44.872399, -0.554466);Bordeaux;Gironde;Nouvelle-Aquitaine;;;;;;;;
False;['90911300'];;True;True;False;attribue;{'StreetName': '10 rue du Moulin de la Prée', 'AdditionalStreetName': None, 'CityName': 'Rochefort', 'PostalZone': '17300', 'Country': 'FRA'};312936974;True;SOLINET 17;SOLINET 17;2026-09-17;{'StreetName': '89 cours Dupré-de-Saint-Maur', 'AdditionalStreetName': None, 'CityName': 'Bordeaux', 'PostalZone': '33041', 'Country': 'FRA'};130020324;True;SECRETARIAT GENERAL POUR L'ADMINISTRATION DU MINISTERE DE L'INTERIEUR SUD-OUEST;SGAMI Sud-Ouest;;2026-10-01+01:00;services;"['Prise en compte du prix total des prestations forfaitaires annuelles et des prix des prestations à bons de commande.', ""Prise en compte de l'organisation, des moyens humains, des moyens matériels mis en place et l'organisation relative à la gestion des stocks de consommables, des considérations sociales et environnementales.""]";['prix', 'environnemental & social'];;1440.0;True;;False;{'StreetName': None, 'CityName': 'Royan', 'PostalZone': None, 'NUTS': 'FRI32', 'Country': 'FRA'};;;26-89601;;42392.25;;LOT-0003;90911200;;4;7.0;;Accords-cadres relatifs à des prestations de nettoyage courant des locaux et des surfaces vitrées des services de police de la Charente-Maritime (17);ouverte;SGAMI33-2025-42-FCS;;;;True;False;False;251067.45;7179;(Autre) Service déconcentré de l'État à compétence territoriale ;1 000  à  1 999;False;2014-05-01;84.24Z;2008;5499.0;Société à responsabilité limitée (sans autre indication);50  à  99;False;<NA>;2008;N;81;81.2;81.21;81.21Z;1970-01-01;(45.940956, -0.985246);Rochefort;Charente-Maritime;Nouvelle-Aquitaine;(44.872399, -0.554466);Bordeaux;Gironde;Nouvelle-Aquitaine;;;;;;;;
False;['90911300'];;True;True;False;attribue;{'StreetName': '10 rue du Moulin de la Prée', 'AdditionalStreetName': None, 'CityName': 'Rochefort', 'PostalZone': '17300', 'Country': 'FRA'};312936974;True;SOLINET 17;SOLINET 17;2026-09-17;{'StreetName': '89 cours Dupré-de-Saint-Maur', 'AdditionalStreetName': None, 'CityName': 'Bordeaux', 'PostalZone': '33041', 'Country': 'FRA'};130020324;True;SECRETARIAT GENERAL POUR L'ADMINISTRATION DU MINISTERE DE L'INTERIEUR SUD-OUEST;SGAMI Sud-Ouest;;2026-10-01+01:00;services;"['Prise en compte du prix total des prestations forfaitaires annuelles et des prix des prestations à bons de commande.', ""Prise en compte de l'organisation, des moyens humains, des moyens matériels mis en place et l'organisation relative à la gestion des stocks de consommables, des considérations sociales et environnementales.""]";['prix', 'environnemental & social'];;1440.0;True;;False;{'StreetName': None, 'CityName': 'Saintes', 'PostalZone': None, 'NUTS': 'FRI32', 'Country': 'FRA'};;;26-89601;;31731.93;;LOT-0004;90911200;;4;7.0;;Accords-cadres relatifs à des prestations de nettoyage courant des locaux et des surfaces vitrées des services de police de la Charente-Maritime (17);ouverte;SGAMI33-2025-42-FCS;;;;True;False;False;251067.45;7179;(Autre) Service déconcentré de l'État à compétence territoriale ;1 000  à  1 999;False;2014-05-01;84.24Z;2008;5499.0;Société à responsabilité limitée (sans autre indication);50  à  99;False;<NA>;2008;N;81;81.2;81.21;81.21Z;1970-01-01;(45.940956, -0.985246);Rochefort;Charente-Maritime;Nouvelle-Aquitaine;(44.872399, -0.554466);Bordeaux;Gironde;Nouvelle-Aquitaine;;;;;;;;
False;['60172000', '34121500', '60170000'];;True;True;False;attribue;{'StreetName': '48 Che De Groslay', 'AdditionalStreetName': None, 'CityName': 'Bondy', 'PostalZone': '93140', 'Country': 'FRA'};504546706;False;VIC;VIC;2026-09-17;{'StreetName': '14 rue Louis Talamoni', 'AdditionalStreetName': None, 'CityName': 'Champigny-sur-Marne', 'PostalZone': '94507', 'Country': 'FRA'};219400173;False;COMMUNE DE CHAMPIGNY SUR MARNE;Mairie de Champigny-sur-Marne;;;services;"[""Valeur technique de l'offre"", ""Délai d'intervention"", 'Prix']";['technique', 'delai', 'prix'];[50.0, 10.0, 40.0];;True;;False;;sans remise en concurrence;;26-89294;;1600000.0;;LOT-0001;60172000;2920000.0;3;3.0;;Location d'autocars avec chauffeurs pour le transport en commun de personnes ( adultes et enfants);ouverte;26F029-031;3.0;;;False;True;False;;7210;Commune et commune nouvelle ;2 000  à  4 999;False;1980-01-01;84.11Z;2008;5710.0;SAS, société par actions simplifiée;100  à  199;False;<NA>;2008;H;49;49.3;49.39;49.39A;2008-02-01;(48.907617, 2.471674);Bondy;Seine-Saint-Denis;Île-de-France;(48.813453, 2.510912);Champigny-sur-Marne;Val-de-Marne;Île-de-France;;;;;;;;
False;['60172000', '34121500', '60170000'];;True;True;False;attribue;{'StreetName': '48 Che De Groslay', 'AdditionalStreetName': None, 'CityName': 'Bondy', 'PostalZone': '93140', 'Country': 'FRA'};504546706;False;VIC;VIC;2026-09-17;{'StreetName': '14 rue Louis Talamoni', 'AdditionalStreetName': None, 'CityName': 'Champigny-sur-Marne', 'PostalZone': '94507', 'Country': 'FRA'};219400173;False;COMMUNE DE CHAMPIGNY SUR MARNE;Mairie de Champigny-sur-Marne;;;services;"[""Valeur technique de l'offre"", ""Délai d'intervention"", 'Prix']";['technique', 'delai', 'prix'];[50.0, 10.0, 40.0];;True;;False;;sans remise en concurrence;;26-89294;;1000000.0;;LOT-0002;60172000;2920000.0;3;4.0;;Location d'autocars avec chauffeurs pour le transport en commun de personnes ( adultes et enfants);ouverte;26F029-031;3.0;;;False;True;False;;7210;Commune et commune nouvelle ;2 000  à  4 999;False;1980-01-01;84.11Z;2008;5710.0;SAS, société par actions simplifiée;100  à  199;False;<NA>;2008;H;49;49.3;49.39;49.39A;2008-02-01;(48.907617, 2.471674);Bondy;Seine-Saint-Denis;Île-de-France;(48.813453, 2.510912);Champigny-sur-Marne;Val-de-Marne;Île-de-France;;;;;;;;
False;['60172000', '34121500', '60170000'];;True;True;False;attribue;{'StreetName': '4 Av Winston Churchill', 'AdditionalStreetName': None, 'CityName': 'Villeneuve-Saint-Georges', 'PostalZone': '94190', 'Country': 'FRA'};303995054;False;AUTOCARS R. SUZANNE SA;AUTOCARS R. SUZANNE SA;2026-09-17;{'StreetName': '14 rue Louis Talamoni', 'AdditionalStreetName': None, 'CityName': 'Champigny-sur-Marne', 'PostalZone': '94507', 'Country': 'FRA'};219400173;False;COMMUNE DE CHAMPIGNY SUR MARNE;Mairie de Champigny-sur-Marne;;;services;"[""Valeur technique de l'offre"", ""Délai d'intervention"", 'Prix']";['technique', 'delai', 'prix'];[50.0, 10.0, 40.0];;True;;False;;sans remise en concurrence;;26-89294;;320000.0;;LOT-0003;60172000;2920000.0;3;3.0;;Location d'autocars avec chauffeurs pour le transport en commun de personnes ( adultes et enfants);ouverte;26F029-031;3.0;;;False;True;False;;7210;Commune et commune nouvelle ;2 000  à  4 999;False;1980-01-01;84.11Z;2008;5599.0;SA à conseil d'administration (s.a.i.);50  à  99;False;<NA>;2008;H;49;49.3;49.39;49.39A;1975-01-01;(48.755099, 2.445362);Villeneuve-Saint-Georges;Val-de-Marne;Île-de-France;(48.813453, 2.510912);Champigny-sur-Marne;Val-de-Marne;Île-de-France;;;;;;;;
False;['71330000', '79311000'];;True;False;False;attribue;{'StreetName': '42 Quai De La Rapee', 'AdditionalStreetName': None, 'CityName': 'Paris 12', 'PostalZone': '75012', 'Country': 'FRA'};['301392569', '542021829'];False;;Groupement SETEC HYDRATEC / SAFEGE;2026-09-17;{'StreetName': 'Le 108', 'AdditionalStreetName': '108 allée François Mitterrand', 'CityName': 'Rouen', 'PostalZone': '76176', 'Country': 'FRA'};200023414;False;METROPOLE ROUEN NORMANDIE;Metropole Rouen Normandie;;2026-05-04+02:00;services;"['Valeur technique', ""Performances en matière de protection de l'environnement"", 'Prix des prestations']";['technique', 'environnemental', 'prix'];[50.0, 10.0, 40.0];720.0;True;359600.0;False;;;;26-89291;;309810.0;;LOT-0000;71335000;;1;5.0;;Elaboration du schema directeur de gestion des eaux pluviales de la Métropole Rouen Normandie;ouverte;26-Assain-CCNC-SDEP;;;;True;True;True;309810.0;7344;Métropole;2 000  à  4 999;<NA>;2010-01-01;84.11Z;2008;;;;;;<NA>;;;;;<NA>;<NA>;(48.841808, 2.372956);Paris;Paris;Île-de-France;(49.441434, 1.070565);Rouen;Seine-Maritime;Normandie;;;;;;;;
False;['90611000', '34928200', '34928500', '90611000'];;True;True;False;attribue;{'StreetName': '4, rue du champ des bruyères', 'AdditionalStreetName': None, 'CityName': 'Saint-Etienne-Du-Rouvray', 'PostalZone': '76800', 'Country': 'FRA'};096920103;False;VIAFRANCE NORMANDIE;VIAFRANCE NORMANDIE;2026-09-17;{'StreetName': 'Le 108', 'AdditionalStreetName': '108 allée François Mitterrand', 'CityName': 'Rouen', 'PostalZone': '76176', 'Country': 'FRA'};200023414;False;METROPOLE ROUEN NORMANDIE;Metropole Rouen Normandie;;;travaux;"['Valeur technique', ""Performances en matière de protection de l'environnement"", 'Prix des prestations']";['technique', 'environnemental', 'prix'];[40.0, 10.0, 50.0];;True;1502158.0;False;;;;26-89477;;559432.05;;LOT-0001;45213313;;4;7.0;;Aménagement d'une aire familiale locative des gens du voyage au Mesnil Esnard;ouverte;26-TP-KMDN-AireGDVME;;;;True;True;True;1397778.05;7344;Métropole;2 000  à  4 999;<NA>;2010-01-01;84.11Z;2008;5710.0;SAS, société par actions simplifiée;250  à  499;False;<NA>;2008;F;42;42.1;42.11;42.11Z;1969-01-01;(49.390291, 1.083517);Saint-Étienne-du-Rouvray;Seine-Maritime;Normandie;(49.441434, 1.070565);Rouen;Seine-Maritime;Normandie;;;;;;;;
False;['34928200', '34928200', '34928500', '90611000'];;True;True;False;attribue;"{'StreetName': ""437 A rue d'Honguemare"", 'AdditionalStreetName': None, 'CityName': 'Bourg Achard', 'PostalZone': '27310', 'Country': 'FRA'}";909082018;False;LUCKY GREEN NORMANDIE;Lucky Green Normandie;2026-09-17;{'StreetName': 'Le 108', 'AdditionalStreetName': '108 allée François Mitterrand', 'CityName': 'Rouen', 'PostalZone': '76176', 'Country': 'FRA'};200023414;False;METROPOLE ROUEN NORMANDIE;Metropole Rouen Normandie;;;travaux;"['Valeur technique', ""Performances en matière de protection de l'environnement"", 'Prix des prestations']";['technique', 'environnemental', 'prix'];[40.0, 10.0, 50.0];;True;1502158.0;False;;;;26-89477;;46198.0;;LOT-0002;45213313;;4;6.0;;Aménagement d'une aire familiale locative des gens du voyage au Mesnil Esnard;ouverte;26-TP-KMDN-AireGDVME;;;;True;True;True;1397778.05;7344;Métropole;2 000  à  4 999;<NA>;2010-01-01;84.11Z;2008;5710.0;SAS, société par actions simplifiée;6  à  9;False;<NA>;2008;N;81;81.3;81.3;81.30Z;2021-12-16;(49.358019, 0.81403);Bourg-Achard;Eure;Normandie;(49.441434, 1.070565);Rouen;Seine-Maritime;Normandie;;;;;;;;
False;['45213313', '34928200', '34928500', '90611000'];;True;True;False;attribue;{'StreetName': '8b Avenue Jean Rondeaux', 'AdditionalStreetName': None, 'CityName': 'Rouen', 'PostalZone': '76000', 'Country': 'FRA'};['321006892', '513843631'];False;;Groupement BOUYGUES BATIMENT GRAND OUEST/DURAND FILS;2026-09-17;{'StreetName': 'Le 108', 'AdditionalStreetName': '108 allée François Mitterrand', 'CityName': 'Rouen', 'PostalZone': '76176', 'Country': 'FRA'};200023414;False;METROPOLE ROUEN NORMANDIE;Metropole Rouen Normandie;;;travaux;"['Valeur technique', ""Performances en matière de protection de l'environnement"", 'Prix des prestations']";['technique', 'environnemental', 'prix'];[40.0, 10.0, 50.0];;True;1502158.0;False;;;;26-89477;;771018.0;;LOT-0003;45213313;;4;6.0;;Aménagement d'une aire familiale locative des gens du voyage au Mesnil Esnard;ouverte;26-TP-KMDN-AireGDVME;;;;True;True;True;1397778.05;7344;Métropole;2 000  à  4 999;<NA>;2010-01-01;84.11Z;2008;;;;;;<NA>;;;;;<NA>;<NA>;(49.43608, 1.07723);Rouen;Seine-Maritime;Normandie;(49.441434, 1.070565);Rouen;Seine-Maritime;Normandie;;;;;;;;
False;['34928500', '34928200', '34928500', '90611000'];;True;True;False;attribue;{'StreetName': '2 Rue su Stade', 'AdditionalStreetName': None, 'CityName': 'Le Petit-Quevilly', 'PostalZone': '76140', 'Country': 'FRA'};311946404;False;ETABLISSEMENTS FOURMENT;ETABLISSEMENTS FOURMENT;2026-09-17;{'StreetName': 'Le 108', 'AdditionalStreetName': '108 allée François Mitterrand', 'CityName': 'Rouen', 'PostalZone': '76176', 'Country': 'FRA'};200023414;False;METROPOLE ROUEN NORMANDIE;Metropole Rouen Normandie;;;travaux;"['Valeur technique', ""Performances en matière de protection de l'environnement"", 'Prix des prestations']";['technique', 'environnemental', 'prix'];[40.0, 10.0, 50.0];;True;1502158.0;False;;;;26-89477;;21130.0;;LOT-0004;45213313;;4;7.0;;Aménagement d'une aire familiale locative des gens du voyage au Mesnil Esnard;ouverte;26-TP-KMDN-AireGDVME;;;;True;True;True;1397778.05;7344;Métropole;2 000  à  4 999;<NA>;2010-01-01;84.11Z;2008;5710.0;SAS, société par actions simplifiée;50  à  99;False;<NA>;2008;F;43;43.2;43.29;43.29B;1978-01-01;(49.426837, 1.050735);Le Petit-Quevilly;Seine-Maritime;Normandie;(49.441434, 1.070565);Rouen;Seine-Maritime;Normandie;;;;;;;;
False;['34928480', '44112100'];;True;False;False;attribue;{'StreetName': '1 rue du Débarcadère', 'AdditionalStreetName': None, 'CityName': 'Colombes', 'PostalZone': '92700', 'Country': 'FRA'};778151944;False;SULO FRANCE;SULO FRANCE;2026-09-17;{'StreetName': 'Le 108', 'AdditionalStreetName': '108 allée François Mitterrand', 'CityName': 'Rouen', 'PostalZone': '76176', 'Country': 'FRA'};200023414;False;METROPOLE ROUEN NORMANDIE;Metropole Rouen Normandie;;2026-04-01+02:00;fournitures;"['Valeur technique', ""Performances en matière de protection de l'environnement"", 'Prix des prestations']";['technique', 'environnemental', 'prix'];[50.0, 10.0, 40.0];360.0;False;;False;;sans remise en concurrence;;26-89365;;2830000.0;;LOT-0000;44613800;2830000.0;1;4.0;;Fourniture et livraison de conteneurs d'apport volontaire Aériens;ouverte;25-DMD-VJDN-FoConteneurs;3.0;;;False;False;False;2830000.0;7344;Métropole;2 000  à  4 999;<NA>;2010-01-01;84.11Z;2008;5710.0;SAS, société par actions simplifiée;500  à  999;False;False;2008;C;22;22.2;22.22;22.22Z;1960-01-01;(48.908702, 2.235645);Colombes;Hauts-de-Seine;Île-de-France;(49.441434, 1.070565);Rouen;Seine-Maritime;Normandie;;;;;;;;
False;['39224000'];;True;True;False;attribue;{'StreetName': None, 'AdditionalStreetName': None, 'CityName': 'ROSIERES près TROYES', 'PostalZone': '10430', 'Country': 'FRA'};407995505;True;PAREDES DISTRIBUTION FRANCE;PAREDES;2026-09-17;{'StreetName': '56 AVENUE DE CORBEIL', 'AdditionalStreetName': None, 'CityName': 'MELUN', 'PostalZone': '77000', 'Country': 'FRA'};287708317;True;SCE DEPARTEMENTAL INCENDIE ET SECOURS;SDIS77;;;fournitures;['prix des prestations : 70 points', 'modalités de traitement des commandes : 21 points\ndémarche environnementale : 9 points'];['prix', 'environnemental'];[70.0, 21.0, 9.0];1080.0;True;;False;{'StreetName': None, 'CityName': None, 'PostalZone': None, 'NUTS': 'FR102', 'Country': 'FRA'};sans remise en concurrence;;26-89426;;;60000.0;LOT-0004;39830000;435000.0;4;6.0;;FOURNITURE DE PRODUITS D’ENTRETIEN POUR LES BESOINS DU SDIS77;ouverte;084;;;;True;False;False;;7372;Service départemental d'incendie et de secours (SDIS);1 000  à  1 999;False;1970-11-10;84.25Z;2008;5710.0;SAS, société par actions simplifiée;200  à  249;False;<NA>;2008;G;46;46.6;46.69;46.69C;1996-07-01;;Rosières-près-Troyes;Aube;Grand Est;(48.552599, 2.632099);Melun;Seine-et-Marne;Île-de-France;;;;;;;;
False;['39510000'];;True;True;False;attribue;{'StreetName': None, 'AdditionalStreetName': None, 'CityName': 'LES AVENIERES', 'PostalZone': '38630', 'Country': 'FRA'};510246580;True;L'ENTREPRISE ADAPTEE;SARL L’Entreprise Adaptée L’E.A.;2026-09-17;{'StreetName': '56 AVENUE DE CORBEIL', 'AdditionalStreetName': None, 'CityName': 'MELUN', 'PostalZone': '77000', 'Country': 'FRA'};287708317;True;SCE DEPARTEMENTAL INCENDIE ET SECOURS;SDIS77;;;fournitures;['modalités de traitement des commandes : 21 points\ndémarche environnementale : 9 points'];['environnemental'];;1080.0;True;;False;{'StreetName': None, 'CityName': None, 'PostalZone': None, 'NUTS': 'FR102', 'Country': 'FRA'};sans remise en concurrence;;26-89426;;;60000.0;LOT-0003;19640000;435000.0;4;4.0;;FOURNITURE DE PRODUITS D’ENTRETIEN POUR LES BESOINS DU SDIS77;ouverte;084;;;;True;False;False;;7372;Service départemental d'incendie et de secours (SDIS);1 000  à  1 999;False;1970-11-10;84.25Z;2008;5499.0;Société à responsabilité limitée (sans autre indication);50  à  99;<NA>;<NA>;2008;N;82;82.9;82.92;82.92Z;2009-02-15;;Megève;Haute-Savoie;Auvergne-Rhône-Alpes;(48.552599, 2.632099);Melun;Seine-et-Marne;Île-de-France;;;;;;;;
False;;;True;True;False;attribue;{'StreetName': None, 'AdditionalStreetName': None, 'CityName': 'GARGES-LES-GONESSE', 'PostalZone': '95140', 'Country': 'FRA'};533264784;True;SANOGIA IDF;SANOGIA;2026-09-17;{'StreetName': '56 AVENUE DE CORBEIL', 'AdditionalStreetName': None, 'CityName': 'MELUN', 'PostalZone': '77000', 'Country': 'FRA'};287708317;True;SCE DEPARTEMENTAL INCENDIE ET SECOURS;SDIS77;;;fournitures;['prix des prestations : 70 points', 'modalités de traitement des commandes : 21 points\ndémarche environnementale : 9 points'];['prix', 'environnemental'];[70.0, 21.0, 9.0];1080.0;True;;False;{'StreetName': None, 'CityName': None, 'PostalZone': None, 'NUTS': 'FR102', 'Country': 'FRA'};sans remise en concurrence;;26-89426;;;105000.0;LOT-0002;39830000;435000.0;4;8.0;;FOURNITURE DE PRODUITS D’ENTRETIEN POUR LES BESOINS DU SDIS77;ouverte;084;3.0;;;True;False;False;;7372;Service départemental d'incendie et de secours (SDIS);1 000  à  1 999;False;1970-11-10;84.25Z;2008;5710.0;SAS, société par actions simplifiée;6  à  9;False;<NA>;2008;G;46;46.4;46.44;46.44Z;2011-06-01;;Garges-lès-Gonesse;Val-d'Oise;Île-de-France;(48.552599, 2.632099);Melun;Seine-et-Marne;Île-de-France;;;;;;;;
False;['39224000'];;True;True;False;attribue;{'StreetName': None, 'AdditionalStreetName': None, 'CityName': 'ENTRAIGUES', 'PostalZone': '84320', 'Country': 'FRA'};722620549;True;COLDIS;COLDIS;2026-09-17;{'StreetName': '56 AVENUE DE CORBEIL', 'AdditionalStreetName': None, 'CityName': 'MELUN', 'PostalZone': '77000', 'Country': 'FRA'};287708317;True;SCE DEPARTEMENTAL INCENDIE ET SECOURS;SDIS77;;;fournitures;['prix des prestations : 70 points', 'modalités de traitement des commandes : 21 points\ndémarche environnementale : 9 points'];['prix', 'environnemental'];[70.0, 21.0, 9.0];1080.0;True;;False;{'StreetName': None, 'CityName': None, 'PostalZone': None, 'NUTS': 'FR102', 'Country': 'FRA'};sans remise en concurrence;;26-89426;;;210000.0;LOT-0001;39830000;435000.0;4;8.0;;FOURNITURE DE PRODUITS D’ENTRETIEN POUR LES BESOINS DU SDIS77;ouverte;084;;;;True;False;False;;7372;Service départemental d'incendie et de secours (SDIS);1 000  à  1 999;False;1970-11-10;84.25Z;2008;5710.0;SAS, société par actions simplifiée;50  à  99;False;<NA>;2008;G;46;46.4;46.44;46.44Z;1972-01-01;;Évaux-les-Bains;Creuse;Nouvelle-Aquitaine;(48.552599, 2.632099);Melun;Seine-et-Marne;Île-de-France;;;;;;;;
False;;;True;True;False;non attribue;{'StreetName': '18 impasse Camille LANGALDE', 'AdditionalStreetName': None, 'CityName': 'TOULOUSE', 'PostalZone': '31100', 'Country': 'FRA'};395350358;True;TRANSPORTS A.FAUR;Lot 1-TRANSPORTS A FAUR;2026-09-17;{'StreetName': '31029', 'AdditionalStreetName': None, 'CityName': 'TOULOUSE', 'PostalZone': '31029', 'Country': 'FRA'};193113818;True;INSTITUT NATIONAL POLYTECHNIQUE DE TOULOUSE;TOULOUSE INP;;2026-09-01+02:00;services;['Prix des prestations, calculé sur la base du montant estimé du marché donné par le DQE.', 'Valeur technique', 'Critères de développement durable'];['prix', 'technique', 'environnemental'];;;False;;False;{'StreetName': '6 Emile Monso', 'CityName': 'Toulouse', 'PostalZone': '31029', 'NUTS': 'FRJ23', 'Country': 'FRA'};sans remise en concurrence;;26-89389;;;60000.0;LOT-0001;60130000;120000.0;3;1.0;;Réalisation de prestations de transport collectif de personnes en autocar et en autobus avec mise à disposition d’un chauffeur : INP-AGROTOULOUSE, INP-ENSEEIHT, INP-ENSIACET et INP-LA PREPA.;ouverte;2026SERV000004;3.0;;;False;False;False;;7383;Établissement public national à caractère scientifique culturel et professionnel ;1 000  à  1 999;False;1983-01-01;85.42Z;2008;5499.0;Société à responsabilité limitée (sans autre indication);20  à  49;False;False;2008;H;49;49.3;49.39;49.39A;1993-10-01;(43.570898, 1.426275);Toulouse;Haute-Garonne;Occitanie;;;;;;;;;;;;
False;;;True;True;False;attribue;{'StreetName': 'ZA HERS SUD', 'AdditionalStreetName': None, 'CityName': 'VILLEFRANCHE DE LAURAGAIS', 'PostalZone': '31290', 'Country': 'FRA'};438020612;True;TRANSPORTS EN LAURAGAIS-TEL;Lot-2-TRANSPORT EN LAURAGAIS;2026-09-17;{'StreetName': '31029', 'AdditionalStreetName': None, 'CityName': 'TOULOUSE', 'PostalZone': '31029', 'Country': 'FRA'};193113818;True;INSTITUT NATIONAL POLYTECHNIQUE DE TOULOUSE;TOULOUSE INP;;2026-09-01+02:00;services;['Prix des prestations, calculé sur la base du montant estimé du marché donné par le DQE.', 'Valeur technique', 'Critères de développement durable'];['prix', 'technique', 'environnemental'];;;False;;False;{'StreetName': None, 'CityName': 'Auzeville-Tolosane', 'PostalZone': '31320', 'NUTS': 'FRJ23', 'Country': 'FRA'};sans remise en concurrence;;26-89389;;80000.0;80000.0;LOT-0002;60130000;120000.0;3;4.0;;Réalisation de prestations de transport collectif de personnes en autocar et en autobus avec mise à disposition d’un chauffeur : INP-AGROTOULOUSE, INP-ENSEEIHT, INP-ENSIACET et INP-LA PREPA.;ouverte;2026SERV000004;3.0;;;False;False;False;;7383;Établissement public national à caractère scientifique culturel et professionnel ;1 000  à  1 999;False;1983-01-01;85.42Z;2008;5710.0;SAS, société par actions simplifiée;50  à  99;False;<NA>;2008;H;49;49.3;49.39;49.39A;2001-06-05;(43.398233, 1.70197);Villefranche-de-Lauragais;Haute-Garonne;Occitanie;;;;;;;;;;;;
False;;;True;True;False;attribue;{'StreetName': 'Route de Rodez', 'AdditionalStreetName': None, 'CityName': 'RIEUPEYROUX', 'PostalZone': '12240', 'Country': 'FRA'};315412577;True;AUTOCARS CHAUCHARD;Lot 3-AUTOCARS CHAUCHARD;2026-09-17;{'StreetName': '31029', 'AdditionalStreetName': None, 'CityName': 'TOULOUSE', 'PostalZone': '31029', 'Country': 'FRA'};193113818;True;INSTITUT NATIONAL POLYTECHNIQUE DE TOULOUSE;TOULOUSE INP;;2026-09-01+02:00;services;['Prix des prestations, calculé sur la base du montant estimé du marché donné par le DQE.', 'Valeur technique', 'Critères de développement durable'];['prix', 'technique', 'environnemental'];;;False;;False;{'StreetName': '2 allée du Professeur Camille Soula', 'CityName': 'Toulouse', 'PostalZone': '31400', 'NUTS': 'FRJ23', 'Country': 'FRA'};sans remise en concurrence;;26-89389;;40000.0;40000.0;LOT-0003;63712000;120000.0;3;4.0;;Réalisation de prestations de transport collectif de personnes en autocar et en autobus avec mise à disposition d’un chauffeur : INP-AGROTOULOUSE, INP-ENSEEIHT, INP-ENSIACET et INP-LA PREPA.;ouverte;2026SERV000004;3.0;;;False;False;False;;7383;Établissement public national à caractère scientifique culturel et professionnel ;1 000  à  1 999;False;1983-01-01;85.42Z;2008;5499.0;Société à responsabilité limitée (sans autre indication);100  à  199;False;<NA>;2008;H;49;49.3;49.39;49.39B;1979-01-01;(44.30499, 2.253731);Rieupeyroux;Aveyron;Occitanie;;;;;;;;;;;;
False;['50720000'];;True;False;False;attribue;{'StreetName': '5 Av Jean Alfonsea', 'AdditionalStreetName': None, 'CityName': 'Floirac', 'PostalZone': '33270', 'Country': 'FRA'};315871640;False;IDEX ENERGIES;IDEX ENERGIES;2026-09-17;{'StreetName': '1 Place des Arts', 'AdditionalStreetName': None, 'CityName': 'Blagnac', 'PostalZone': '31700', 'Country': 'FRA'};213100696;False;COMMUNE DE BLAGNAC;MAIRIE DE BLAGNAC;;2026-10-01+02:00;services;"['Valeur technique appréciée au vu des éléments du cadre de réponse technique', ""Gestion de l'énergie et impact environnemental appréciés au vu des éléments du cadre de réponse technique"", 'Prix des prestations']";['technique', 'environnemental', 'prix'];[46.0, 14.0, 40.0];2880.0;True;;False;;;;26-89369;;2125984.0;;LOT-0000;50720000;;1;4.0;0.0;Exploitation et maintenance des équipements CVC (chauffage, ventilation, climatisation) des bâtiments communaux de la Ville de Blagnac - P2 - P3;ouverte;202606;;;;False;True;False;2125984.0;7210;Commune et commune nouvelle ;1 000  à  1 999;False;1978-01-01;84.11Z;2008;5710.0;SAS, société par actions simplifiée;2 000  à  4 999;False;False;2008;C;33;33.1;33.11;33.11Z;1976-01-01;(44.826414, -0.526186);Floirac;Gironde;Nouvelle-Aquitaine;(43.635016, 1.397352);Blagnac;Haute-Garonne;Occitanie;;;;;;;;
False;['71313000', '71336000', '71240000'];;True;True;False;attribue;;;False;;;2026-09-17;"{'StreetName': ""Place de l'Hôtel de Ville\nCS 50044"", 'AdditionalStreetName': None, 'CityName': 'Cannes Cedex', 'PostalZone': '06414', 'Country': 'FRA'}";200039915;True;COMMUNAUTE D'AGGLOMERATION CANNES PAYS DE LERINS;Communauté d'Agglomération des Pays de Lérins (06);;;services;['Valeur technique', 'Prix des prestations'];['technique', 'prix'];[55.0, 45.0];1440.0;False;;False;{'StreetName': 'Territoire de la CACPL et du SICASIL', 'CityName': 'Cannes', 'PostalZone': '06400', 'NUTS': 'FRL03', 'Country': 'FRA'};sans remise en concurrence;;26-89402;;;3400000.0;LOT-0001;71300000;4000000.0;4;10.0;;MARCHE PUBLIC DE MAITRISE D'OEUVRE;ouverte;26.015;;;;False;False;False;;7348;Communauté d'agglomération ;500  à  999;False;2014-01-01;84.11Z;2008;;;;;;<NA>;;;;;<NA>;<NA>;;;;;;;;;;;;;;;;
False;['71313000', '71336000', '71240000'];;True;True;False;attribue;;;False;;;2026-09-17;"{'StreetName': ""Place de l'Hôtel de Ville\nCS 50044"", 'AdditionalStreetName': None, 'CityName': 'Cannes Cedex', 'PostalZone': '06414', 'Country': 'FRA'}";200039915;True;COMMUNAUTE D'AGGLOMERATION CANNES PAYS DE LERINS;Communauté d'Agglomération des Pays de Lérins (06);;;services;['Valeur technique', 'Prix des prestations'];['technique', 'prix'];[55.0, 45.0];1440.0;False;;False;{'StreetName': 'Territoire de la CACPL et du SICASIL', 'CityName': 'Cannes', 'PostalZone': '06400', 'NUTS': 'FRL03', 'Country': 'FRA'};sans remise en concurrence;;26-89402;;;3400000.0;LOT-0001;71300000;4000000.0;4;10.0;;MARCHE PUBLIC DE MAITRISE D'OEUVRE;ouverte;26.015;;;;False;False;False;;7348;Communauté d'agglomération ;500  à  999;False;2014-01-01;84.11Z;2008;;;;;;<NA>;;;;;<NA>;<NA>;;;;;;;;;;;;;;;;
False;['71313000', '71336000', '71240000'];;True;True;False;attribue;;;False;;;2026-09-17;"{'StreetName': ""Place de l'Hôtel de Ville\nCS 50044"", 'AdditionalStreetName': None, 'CityName': 'Cannes Cedex', 'PostalZone': '06414', 'Country': 'FRA'}";200039915;True;COMMUNAUTE D'AGGLOMERATION CANNES PAYS DE LERINS;Communauté d'Agglomération des Pays de Lérins (06);;;services;['Valeur technique', 'Prix des prestations'];['technique', 'prix'];[55.0, 45.0];1440.0;False;;False;{'StreetName': 'Territoire de la CACPL et du SICASIL', 'CityName': 'Cannes', 'PostalZone': '06400', 'NUTS': 'FRL03', 'Country': 'FRA'};sans remise en concurrence;;26-89402;;;3400000.0;LOT-0001;71300000;4000000.0;4;10.0;;MARCHE PUBLIC DE MAITRISE D'OEUVRE;ouverte;26.015;;;;False;False;False;;7348;Communauté d'agglomération ;500  à  999;False;2014-01-01;84.11Z;2008;;;;;;<NA>;;;;;<NA>;<NA>;;;;;;;;;;;;;;;;
False;['71313000', '71336000', '71240000'];;True;True;False;attribue;;;False;;;2026-09-17;"{'StreetName': ""Place de l'Hôtel de Ville\nCS 50044"", 'AdditionalStreetName': None, 'CityName': 'Cannes Cedex', 'PostalZone': '06414', 'Country': 'FRA'}";200039915;True;COMMUNAUTE D'AGGLOMERATION CANNES PAYS DE LERINS;Communauté d'Agglomération des Pays de Lérins (06);;;services;['Valeur technique', 'Prix des prestations'];['technique', 'prix'];[55.0, 45.0];1440.0;False;;False;{'StreetName': 'Territoire de la CACPL et du SICASIL', 'CityName': 'Cannes', 'PostalZone': '06400', 'NUTS': 'FRL03', 'Country': 'FRA'};sans remise en concurrence;;26-89402;;;3400000.0;LOT-0001;71300000;4000000.0;4;10.0;;MARCHE PUBLIC DE MAITRISE D'OEUVRE;ouverte;26.015;;;;False;False;False;;7348;Communauté d'agglomération ;500  à  999;False;2014-01-01;84.11Z;2008;;;;;;<NA>;;;;;<NA>;<NA>;;;;;;;;;;;;;;;;
False;;;;False;False;attribue;{'StreetName': None, 'AdditionalStreetName': None, 'CityName': 'Vélizy-Villacoublay', 'PostalZone': '78140', 'Country': 'FRA'};709802094;True;EIFFAGE;EIFFAGE SA;2026-09-17;{'StreetName': 'place de la république', 'AdditionalStreetName': 'hôtel de ville', 'CityName': 'Villeneuve-Loubet', 'PostalZone': '06270', 'Country': 'FRA'};210601613;True;COMMUNE DE VILLENEUVE LOUBET;Mairie de Villeneuve Loubet;;2021-01-01+02:00;services;"[""Pertinence du programme d'investissement proposé"", 'Cohérence, fiabilité et pertinence des équilibres financiers proposés sur la durée du contrat de délégation de service public', ""Moyens proposés par le candidat pour assurer la qualité du service rendu aux usagers et l'exploitation technique du service"", ""Qualité des moyens proposés pour garantir à la commune d'assurer un contrôle efficient sur la gestion du service délégué""]";['prix', 'delai', 'qualite', 'qualite'];[35.0, 30.0, 25.0, 10.0];;True;200000000.0;False;{'StreetName': None, 'CityName': None, 'PostalZone': None, 'NUTS': 'FRL03', 'Country': 'FRA'};;;26-89388;;176085000.0;;LOT-0001;63721200;;1;7.0;;Concession emportant Délégation de Service Public pour l exploitation, l entretien et la gestion du port de plaisance de Marina Baie des Anges;negociee;01/DSP/2019;;;;False;False;False;176085000.0;7210;Commune et commune nouvelle ;500  à  999;False;1971-04-19;84.11Z;2008;5599.0;SA à conseil d'administration (s.a.i.);;False;<NA>;2008;M;70;70.1;70.1;70.10Z;1970-06-01;;Vélizy-Villacoublay;Yvelines;Île-de-France;(43.658004, 7.121837);Villeneuve-Loubet;Alpes-Maritimes;Provence-Alpes-Côte d'Azur;;;;;;;;
False;;;True;False;False;attribue;"{'StreetName': ""1 avenue de l'Atlantique"", 'AdditionalStreetName': None, 'CityName': 'Les Ulis', 'PostalZone': '91940', 'Country': 'FRA'}";775720238;True;TEKTRONIX;TEKTRONIX;2026-09-17;{'StreetName': '4 rue Alfred Kastler - La Chantrerie', 'AdditionalStreetName': None, 'CityName': 'Nantes', 'PostalZone': '44300', 'Country': 'FRA'};180092025;True;INSTITUT MINES-TELECOM;IMT Atlantique;;2026-07-31+01:00;fournitures;"['Prix ; 30 %\nRègle de trois ; Note offre = (prix de l’offre la plus basse / prix de l’offre) * pondération du critère prix', ""Valeur du descriptif technique et quantitatif détaillé ; 60 %\nBarème de notation pour la valeur technique (note de 1 à 5*pondération) :\n. Irrecevable : offre irrégulière (non conforme), inacceptable ou inappropriée\n. Insuffisant : contenu ne répondant pas aux attentes - Réserves significatives attachées à la proposition : 1 point\n. Partiellement suffisant : Contenu ne répondant que partiellement aux attentes : 2 points\n. Suffisant : Contenu répondant aux attentes minimales, mais ne présentant aucun avantage particulier par rapport aux autres candidats et aux besoins (surqualification) : 3 points\n. Bon et avantageux : Contenu répondant aux attentes et présentant un minimum d'avantages particuliers par rapport aux autres candidats : 4 points\n. Très intéressant : Proposition très avantageuse sans tomber dans la surqualification : 5 points\n2.1 Fonctionnalités en adéquation au CCTP ; 35 %\n2.2 Date de livraison ; 20 %\n2.3 Garantie et service après-vente ; 5 %"", ""Considérations environnementales ; 10 %\nBarème de notation pour la valeur technique (note de 1 à 5*pondération) :\n. Irrecevable : offre irrégulière (non conforme), inacceptable ou inappropriée\n. Insuffisant : contenu ne répondant pas aux attentes - Réserves significatives attachées à la proposition : 1 point\n. Partiellement suffisant : Contenu ne répondant que partiellement aux attentes : 2 points\n. Suffisant : Contenu répondant aux attentes minimales, mais ne présentant aucun avantage particulier par rapport aux autres candidats et aux besoins (surqualification) : 3 points\n. Bon et avantageux : Contenu répondant aux attentes et présentant un minimum d'avantages particuliers par rapport aux autres candidats : 4 points\n. Très intéressant : Proposition très avantageuse sans tomber dans la surqualification : 5 points\n3.1 Durée de vie du matériel 5\n3.2 Réparabilité du matériel 5\nPourcentage de pièces réparables/interchangeables dans le matériel, disponibilité des pièces détachées (durée et quantité)""]";['prix', 'technique', 'environnemental'];;180.0;True;;True;{'StreetName': None, 'CityName': None, 'PostalZone': None, 'NUTS': 'FRH02', 'Country': 'FRA'};;;26-89384;;168816.27;;LOT-0001;38340000;;1;3.0;;Acquisition d'un oscilloscope large bande numérique à échantillonnage pour le département optique à IMT ATLANTIQUE;ouverte;26MTA033M;;;;False;False;False;168816.27;7383;Établissement public national à caractère scientifique culturel et professionnel ;2 000  à  4 999;False;1996-12-29;85.42Z;2008;5710.0;SAS, société par actions simplifiée;20  à  49;False;<NA>;2008;G;46;46.6;46.69;46.69A;1969-01-01;(48.683614, 2.19954);Les Ulis;Essonne;Île-de-France;(47.281955, -1.520016);Nantes;Loire-Atlantique;Pays de la Loire;;;;;;;;
False;['71222200', '71351810'];;True;False;False;attribue;{'StreetName': 'Ld La Pointe', 'AdditionalStreetName': None, 'CityName': 'Canejan', 'PostalZone': '33610', 'Country': 'FRA'};429123771;False;GEOSAT;GEOSAT;2026-09-17;{'StreetName': '4 Avenue Alexandre Grammont', 'AdditionalStreetName': None, 'CityName': 'Charvieu-Chavagneux', 'PostalZone': '38230', 'Country': 'FRA'};243800935;False;COMMUNAUTE DE COMMUNES LYON SAINT EXUPERY EN DAUPHINE;Communauté de communes Lyon Saint Exupéry en Dauphiné;;2026-06-30+02:00;services;['Valeur technique jugée sur un mémoire technique', 'Prix'];['technique', 'prix'];[60.0, 40.0];1440.0;False;660000.0;False;;sans remise en concurrence;;26-89536;;660000.0;;LOT-0000;71354100;660000.0;1;15.0;;Accord-cadre pour des prestations de détection, localisation et géoréférencement de réseaux d'eau potable, d'assainissement et d'éclairage public;ouverte;26COMCOM04;;;;False;False;False;660000.0;7346;Communauté de communes ;20  à  49;False;1993-12-21;84.11Z;2008;5785.0;Société d'exercice libéral par action simplifiée ;250  à  499;False;<NA>;2008;M;71;71.1;71.12;71.12A;2000-01-10;(44.776676, -0.648349);Canéjan;Gironde;Nouvelle-Aquitaine;(45.746162, 5.162079);Charvieu-Chavagneux;Isère;Auvergne-Rhône-Alpes;;;;;;;;
False;;;True;False;False;attribue;{'StreetName': None, 'AdditionalStreetName': None, 'CityName': 'FEGERSHAIM', 'PostalZone': '67640', 'Country': 'FRA'};409867942;False;INEO INFRACOM;INEO INFRACOM;2026-09-17;{'StreetName': 'Place du Quartier Blanc', 'AdditionalStreetName': None, 'CityName': 'Strasbourg cedex', 'PostalZone': '67964', 'Country': 'FRA'};200094332;True;COLLECTIVITE EUROPEENNE D'ALSACE;Collectivité européenne d Alsace;;;fournitures;['Prix', 'Valeur technique'];['prix', 'technique'];[70.0, 30.0];1440.0;False;;False;;sans remise en concurrence;;26-89319;;;;LOT-0001;32323500;1300000.0;1;2.0;;Maintenance et acquisition de matériels dédiés au dispositif de vidéoprotection de la CeA;ouverte;26101;;;;False;False;False;;7220;Département ;5 000  à  9 999;False;2021-01-01;84.11Z;2008;5710.0;SAS, société par actions simplifiée;1 000  à  1 999;False;<NA>;2008;F;42;42.2;42.22;42.22Z;1996-11-19;;Fegersheim;Bas-Rhin;Grand Est;(48.579079, 7.739224);Strasbourg;Bas-Rhin;Grand Est;;;;;;;;
False;['34928500'];;True;True;False;attribue;{'StreetName': None, 'AdditionalStreetName': None, 'CityName': 'Brindas', 'PostalZone': '69126', 'Country': 'FRA'};488795345;False;ARCOM;ARCOM - CITYLONE;2026-09-17;{'StreetName': '4, avenue Henri Fréville', 'AdditionalStreetName': 'Cs 93111', 'CityName': 'Rennes', 'PostalZone': '35031', 'Country': 'FRA'};243500139;False;RENNES METROPOLE;Rennes Métropole;;2026-04-01+02:00;fournitures;"[""Valeur technique de l'offre"", 'Prix']";['technique', 'prix'];[60.0, 40.0];360.0;False;;False;;sans remise en concurrence;;26-89290;;805700.0;;LOT-0001;34928500;839210.0;2;5.0;;Fourniture, livraison et mise en service de contrôleurs d'armoires pour l'éclairage public - Programme 2026-2029;ouverte;251532011_AO;1.0;;;False;False;False;;7344;Métropole;2 000  à  4 999;False;1970-07-09;84.11Z;2008;5710.0;SAS, société par actions simplifiée;20  à  49;False;<NA>;2008;C;27;27.1;27.12;27.12Z;2006-01-26;;Brindas;Rhône;Auvergne-Rhône-Alpes;(48.093066, -1.67494);Rennes;Ille-et-Vilaine;Bretagne;;;;;;;;
False;['34928500'];;True;True;False;attribue;{'StreetName': None, 'AdditionalStreetName': None, 'CityName': 'Les Cheres', 'PostalZone': '69380', 'Country': 'FRA'};321262446;False;LACROIX SMART LIGHTING FRANCE;LACROIX SMART LIGHTING FRANCE;2026-09-17;{'StreetName': '4, avenue Henri Fréville', 'AdditionalStreetName': 'Cs 93111', 'CityName': 'Rennes', 'PostalZone': '35031', 'Country': 'FRA'};243500139;False;RENNES METROPOLE;Rennes Métropole;;2026-04-01+02:00;fournitures;"[""Valeur technique de l'offre"", 'Prix']";['technique', 'prix'];[60.0, 40.0];360.0;False;;False;;sans remise en concurrence;;26-89290;;33510.0;;LOT-0002;34928500;839210.0;2;4.0;;Fourniture, livraison et mise en service de contrôleurs d'armoires pour l'éclairage public - Programme 2026-2029;ouverte;251532011_AO;1.0;;;False;False;False;;7344;Métropole;2 000  à  4 999;False;1970-07-09;84.11Z;2008;5710.0;SAS, société par actions simplifiée;50  à  99;False;<NA>;2008;C;27;27.3;27.33;27.33Z;1981-04-01;;Ville-sous-Anjou;Isère;Auvergne-Rhône-Alpes;(48.093066, -1.67494);Rennes;Ille-et-Vilaine;Bretagne;;;;;;;;
False;['50721000'];;True;False;False;attribue;{'StreetName': '8 Rue Des Drapiers', 'AdditionalStreetName': None, 'CityName': 'Metz', 'PostalZone': '57070', 'Country': 'FRA'};627220049;False;HERVE THERMIQUE;HERVE THERMIQUE;2026-09-17;{'StreetName': '160 rue de Pont-à-Mousson', 'AdditionalStreetName': None, 'CityName': 'Montigny-Les-Metz', 'PostalZone': '57950', 'Country': 'FRA'};215704800;False;COMMUNE DE MONTIGNY LES METZ;VILLE DE MONTIGNY-LES-METZ;;2026-10-01+02:00;services;"[""Valeur technique de l'offre"", 'Prix']";['technique', 'prix'];[50.0, 50.0];360.0;False;;False;;;;26-89491;;43423.0;;LOT-0000;50531100;;1;4.0;;Exploitation des installations thermiques des bâtiments communaux;ouverte;BC 006;3.0;;;False;False;False;43423.0;7210;Commune et commune nouvelle ;250  à  499;False;1980-01-01;84.11Z;2008;5710.0;SAS, société par actions simplifiée;2 000  à  4 999;False;False;2008;F;43;43.2;43.22;43.22B;1972-01-01;(49.111059, 6.247494);Metz;Moselle;Grand Est;(49.099927, 6.152924);Montigny-lès-Metz;Moselle;Grand Est;;;;;;;;
False;['03116000', '37416000', '44112200'];;True;False;False;attribue;{'StreetName': '8 Rue Lavoisier', 'AdditionalStreetName': None, 'CityName': 'Basse-Ham', 'PostalZone': '57970', 'Country': 'FRA'};532310646;False;CHEVAL HABITAT;CHEVAL HABITAT;2026-09-17;"{'StreetName': ""1 place de l'Eglise"", 'AdditionalStreetName': 'Cs20025', 'CityName': 'Morzine', 'PostalZone': '74110', 'Country': 'FRA'}";217401918;False;COMMUNE DE MORZINE;Mairie de MORZINE;;2026-07-31+02:00;fournitures;['Valeur Technique', 'Prix'];['technique', 'prix'];[60.0, 40.0];112.0;False;;False;;;;26-89270;;56586.89;;LOT-0000;39531000;;1;3.0;;Construction des écuries d'Avoriaz : Aménagements intérieurs - Fourniture des tapis de confort pour chevaux;ouverte;AO2607;;;;False;False;False;56586.89;7210;Commune et commune nouvelle ;100  à  199;False;1983-03-01;84.11Z;2008;5710.0;SAS, société par actions simplifiée;;False;<NA>;2008;G;47;47.7;47.78;47.78C;2011-05-09;(49.375654, 6.225213);Basse-Ham;Moselle;Grand Est;(46.179128, 6.708744);Morzine;Haute-Savoie;Auvergne-Rhône-Alpes;;;;;;;;
False;;;True;False;False;attribue;{'StreetName': None, 'AdditionalStreetName': None, 'CityName': 'Toulouse', 'PostalZone': '31000', 'Country': 'FRA'};450046297;True;CITY ONE EVENTS;City One;2026-09-17;{'StreetName': 'Colisée 2\n1 rue du Colisée,  1er étage', 'AdditionalStreetName': None, 'CityName': 'Nîmes Cedex 9', 'PostalZone': '30947', 'Country': 'FRA'};213001894;True;COMMUNE DE NIMES;Ville de Nîmes (30);;;services;['Valeur technique', 'Prix des prestations'];['technique', 'prix'];[60.0, 40.0];1440.0;False;;False;{'StreetName': None, 'CityName': 'Nîmes', 'PostalZone': '30900', 'NUTS': 'FRJ12', 'Country': 'FRA'};sans remise en concurrence;;26-89539;;2131518.0;2520000.0;LOT-0001;92521000;240000.0;1;2.0;;Accueil des publics dans les espaces d'exposition du Carré d'Art;autre;;;;;False;False;False;2131518.0;7210;Commune et commune nouvelle ;2 000  à  4 999;False;1982-01-01;84.11Z;2008;5710.0;SAS, société par actions simplifiée;250  à  499;False;<NA>;2008;N;82;82.9;82.99;82.99Z;2003-09-01;;Toulouse;Haute-Garonne;Occitanie;(43.820417, 4.357143);Nîmes;Gard;Occitanie;;;;;;;;
False;['66114000'];;True;False;False;attribue;{'StreetName': '561 Rue Georges Melies', 'AdditionalStreetName': None, 'CityName': 'Montpellier', 'PostalZone': '34000', 'Country': 'FRA'};824012173;False;SWILE;LUNCHR;2026-09-17;{'StreetName': 'Hôtel du département', 'AdditionalStreetName': '2 rue Charles de Gaulle', 'CityName': 'Saint-Etienne', 'PostalZone': '42022', 'Country': 'FRA'};224200014;False;DEPARTEMENT DE LA LOIRE;Département de la Loire;;2026-09-01+02:00;services;"['Valeur technique, notée sur 20 points', ""Performance de l'offre en matière environnementale et sociale, notée sur 20 points"", 'Prix, noté sur 20 points']";['technique', 'environnemental & social', 'prix'];[55.0, 15.0, 30.0];570.0;True;452000.0;False;;sans remise en concurrence;;26-89266;;0.0;;LOT-0000;66114000;0.0;1;1.0;;Emission, gestion et distribution de cartes à puce rechargeables alimentées en dotations cadeaux en faveur du personnel du Département de la Loire;ouverte;26FS-DAJCP-2358-W;;;;True;True;True;0.0;7220;Département ;2 000  à  4 999;False;1983-03-01;84.11Z;2008;5710.0;SAS, société par actions simplifiée;250  à  499;False;<NA>;2008;K;66;66.1;66.19;66.19B;2016-11-24;(43.605828, 3.920351);Montpellier;Hérault;Occitanie;(45.442185, 4.386432);Saint-Étienne;Loire;Auvergne-Rhône-Alpes;;;;;;;;
False;['39155000'];;False;False;False;attribue;{'StreetName': '68 avenue Camus', 'AdditionalStreetName': None, 'CityName': 'Nantes', 'PostalZone': '44000', 'Country': 'FRA'};487789489;False;IDM;IDM;2026-09-17;{'StreetName': 'Hôtel de ville', 'AdditionalStreetName': None, 'CityName': 'Saint Etienne', 'PostalZone': '42007', 'Country': 'FRA'};214202186;False;COMMUNE DE SAINT ETIENNE;Ville de Saint Etienne;;2026-06-01+02:00;fournitures;['Valeur technique', 'Valeur environnementale', 'Prix'];['technique', 'environnemental', 'prix'];[50.0, 10.0, 40.0];360.0;True;;False;;;;26-89605;;172700.99;;LOT-0000;39155000;;1;3.0;;Aménagement, fabrication et installation du mobilier de la médiathèque de Beaulieu;ouverte;202667161;;;;False;True;False;172700.99;7210;Commune et commune nouvelle ;2 000  à  4 999;False;1982-01-01;84.11Z;2008;5710.0;SAS, société par actions simplifiée;10  à  19;False;<NA>;2008;G;46;46.6;46.65;46.65Z;2006-01-01;(47.220037, -1.575106);Nantes;Loire-Atlantique;Pays de la Loire;(45.438977, 4.38759);Saint-Étienne;Loire;Auvergne-Rhône-Alpes;;;;;;;;
False;['71620000'];;True;False;False;attribue;{'StreetName': '20 Rue Aime Rudel', 'AdditionalStreetName': None, 'CityName': 'Lempdes', 'PostalZone': '63370', 'Country': 'FRA'};130021637;False;GIP TERANA;TERANA;2026-09-17;{'StreetName': 'Hôtel du département', 'AdditionalStreetName': '2 rue Charles de Gaulle', 'CityName': 'Saint-Etienne', 'PostalZone': '42022', 'Country': 'FRA'};224200014;False;DEPARTEMENT DE LA LOIRE;Département de la Loire;;2026-09-01+02:00;services;"['Valeur environnementale, notée sur 20 points', ""Performance de l'offre en matière environnementale, notée sur 20 points"", 'Prix, noté sur 20 points']";['environnemental', 'environnemental', 'prix'];[60.0, 15.0, 25.0];360.0;False;280000.0;False;;sans remise en concurrence;;26-89267;;59305.0;;LOT-0000;71620000;59305.0;1;6.0;;Réalisation de bilans 24h dans le cadre de la réglementation d'autosurveillance des stations d'épuration;ouverte;26FS-DAJCP-2362-H;3.0;;;False;False;False;59305.0;7220;Département ;2 000  à  4 999;False;1983-03-01;84.11Z;2008;7410.0;Groupement d'intérêt public (GIP) ;250  à  499;False;<NA>;2008;M;71;71.2;71.2;71.20B;2015-12-04;(45.77525, 3.172324);Lempdes;Puy-de-Dôme;Auvergne-Rhône-Alpes;(45.442185, 4.386432);Saint-Étienne;Loire;Auvergne-Rhône-Alpes;;;;;;;;
False;['71313000'];42.0;True;False;False;attribue;{'StreetName': '67 Che Du Raty', 'AdditionalStreetName': None, 'CityName': 'Montrottier', 'PostalZone': '69770', 'Country': 'FRA'};801156985;False;ATELIER DE MONTROTTIER LOIC PARMENTIER ET ASSOCIES;atelier  de montrottier;2026-09-17;{'StreetName': '49 rue de la Montat', 'AdditionalStreetName': None, 'CityName': 'Saint-Etienne', 'PostalZone': '42100', 'Country': 'FRA'};497714071;False;ETABLISSEMENT PUBLIC D'AMENAGEMENT DE ST ETIENNE;ETABLISSEMENT PUBLIC D'AMENAGEMENT DE SAINT-ETIENNE;2025-05-16;2026-03-01+01:00;services;"[""Valeur technique de l'offre"", 'Prix']";['technique', 'prix'];[70.0, 30.0];2520.0;False;0.0;False;{'StreetName': '49 rue de la Montat', 'CityName': 'Saint-Etienne', 'PostalZone': '42100', 'NUTS': 'FRK25', 'Country': 'FRA'};sans remise en concurrence;;26-89289;25-54395;4000000.0;0.0;LOT-0000;71240000;6000000.0;1;5.0;4.0;Accord-cadre de Maitrise d'oeuvre urbaine des quartiers péricentraux du périmètre de l'EPA de Saint-Etienne;negociee;25FS-DA-0481-X;;;False;False;False;False;4000000.0;4140;Établissement public local à caractère industriel ou commercial ;20  à  49;False;2007-01-25;84.13Z;2008;5710.0;SAS, société par actions simplifiée;10  à  19;False;<NA>;2008;M;71;71.1;71.11;71.11Z;2014-04-01;(45.789381, 4.464713);Montrottier;Rhône;Auvergne-Rhône-Alpes;(45.441041, 4.403051);Saint-Étienne;Loire;Auvergne-Rhône-Alpes;;;;;;;;
False;['32323500', '35125300', '45233292'];;True;False;False;attribue;{'StreetName': '304 rue de la Voyette-Crt 2-Bp 90218', 'AdditionalStreetName': None, 'CityName': 'Lesquin Cedex', 'PostalZone': '59812', 'Country': 'FRA'};409867942;False;INEO INFRACOM;INEO INFRACOM;2026-09-17;"{'StreetName': ""Place de l'hotel de ville"", 'AdditionalStreetName': None, 'CityName': 'Amiens', 'PostalZone': '80027', 'Country': 'FRA'}";248000531;False;COMMUNAUTE AGGLO AMIENS METROPOLE;Centrale d'achat d'amiens metropole;;2026-08-28+02:00;services;"[""Valeur technique de l'offre"", 'Prix des prestations']";['technique', 'prix'];[40.0, 60.0];;False;14000000.0;False;;sans remise en concurrence;;26-89293;;144463.65;;LOT-0000;50324200;14000000.0;1;4.0;;"SECONDE CONSULTATION - RELANCE DU LOT 29 : MAINTENANCE, EXTENSION ET MODERNISATION DES SYSTEMES DE SURETE, DE VIDEOPROTECTION ET DE VIDEOSURVEILLANCE -
PRESTATIONS DE MAINTENANCES, CONTROLES REGL";ouverte;26-013-AO;3.0;;;False;False;False;144463.65;7348;Communauté d'agglomération ;2 000  à  4 999;False;1993-12-21;84.11Z;2008;5710.0;SAS, société par actions simplifiée;1 000  à  1 999;False;<NA>;2008;F;42;42.2;42.22;42.22Z;1996-11-19;;;;;(49.893238, 2.295394);Amiens;Somme;Hauts-de-France;;;;;;;;
False;['79710000'];;True;False;False;attribue;{'StreetName': 'Rue De La Terre Adelie', 'AdditionalStreetName': None, 'CityName': 'Saint-Gregoire', 'PostalZone': '35760', 'Country': 'FRA'};324613678;False;BRINK'S EVOLUTION;BRINK'S EVOLUTION;2026-09-17;"{'StreetName': ""Place de l'Hôtel de Ville"", 'AdditionalStreetName': 'Service Commande Publique', 'CityName': 'La Rochelle', 'PostalZone': '17086', 'Country': 'FRA'}";211703004;False;COMMUNE DE LA ROCHELLE;Ville de La Rochelle;;2026-10-01+02:00;services;"['Valeur technique au vu du mémoire technique', ""Performances en matière de protection de l'environnement au vu du mémoire environnemental"", 'Prix des prestations au vu du Dqe']";['technique', 'environnemental', 'prix'];[45.0, 5.0, 50.0];360.0;True;600000.0;False;{'StreetName': 'Régies de recettes de La Rochelle', 'CityName': 'La Rochelle', 'PostalZone': '17000', 'NUTS': 'FRI32', 'Country': 'FRA'};sans remise en concurrence;;26-89295;;600000.0;;LOT-0000;79710000;600000.0;1;1.0;;COLLECTES, RECONNAISSANCE, COMPTAGES, VERSEMENTS DE FONDS ET REASSORTS POUR LES REGIES DE RECETTES MUNICIPALES DE LA VILLE DE LA ROCHELLE;ouverte;2026.FCS.VLR.0093;3.0;;;False;True;False;600000.0;7210;Commune et commune nouvelle ;2 000  à  4 999;False;1978-01-01;84.11Z;2008;5710.0;SAS, société par actions simplifiée;2 000  à  4 999;False;<NA>;2008;N;80;80.1;80.1;80.10Z;1982-05-01;(48.152253, -1.698977);Saint-Grégoire;Ille-et-Vilaine;Bretagne;(46.159777, -1.151888);La Rochelle;Charente-Maritime;Nouvelle-Aquitaine;;;;;;;;
False;['34144700'];;True;True;False;attribue;{'StreetName': '213 Rte De Marseille', 'AdditionalStreetName': None, 'CityName': 'Avignon', 'PostalZone': '84000', 'Country': 'FRA'};337944623;False;S.N.M.A.;AVIGNON SERVICE AUTOMOBILES;2026-09-17;{'StreetName': '320 Chemin des Meinajaries', 'AdditionalStreetName': None, 'CityName': 'Avignon', 'PostalZone': '84911', 'Country': 'FRA'};248400251;False;COMMUNAUTE D'AGGLOMERATION DU GRAND AVIGNON;Grand Avignon;;;fournitures;['Délai de livraison', 'Prix'];['delai', 'prix'];[30.0, 70.0];;True;;False;;;;26-89296;;84191.22;;LOT-0001;34100000;;4;9.0;;ACQUISITION DE VEHICULES LEGERS;ouverte;26FC024;;;;False;True;False;276324.44;7348;Communauté d'agglomération ;500  à  999;False;1995-01-01;84.11Z;2008;5710.0;SAS, société par actions simplifiée;100  à  199;False;<NA>;2008;G;45;45.1;45.11;45.11Z;1986-04-01;(43.948256, 4.847);Avignon;Vaucluse;Provence-Alpes-Côte d'Azur;(43.909494, 4.887038);Avignon;Vaucluse;Provence-Alpes-Côte d'Azur;;;;;;;;
False;['34110000'];;True;True;False;attribue;{'StreetName': 'Avenue Charles Valente', 'AdditionalStreetName': None, 'CityName': 'Avignon', 'PostalZone': '84000', 'Country': 'FRA'};982962268;False;ABCIS PROVENCE BY AUTOSPHERE;ABCIS PROVENCE BY AUTOSPHERE;2026-09-17;{'StreetName': '320 Chemin des Meinajaries', 'AdditionalStreetName': None, 'CityName': 'Avignon', 'PostalZone': '84911', 'Country': 'FRA'};248400251;False;COMMUNAUTE D'AGGLOMERATION DU GRAND AVIGNON;Grand Avignon;;;fournitures;['Délai de livraison', 'Prix'];['delai', 'prix'];[30.0, 70.0];;True;;False;;;;26-89296;;16639.46;;LOT-0002;34100000;;4;4.0;;ACQUISITION DE VEHICULES LEGERS;ouverte;26FC024;;;;False;True;False;276324.44;7348;Communauté d'agglomération ;500  à  999;False;1995-01-01;84.11Z;2008;5710.0;SAS, société par actions simplifiée;;False;<NA>;2008;G;45;45.1;45.11;45.11Z;2023-12-28;(43.918839, 4.874333);Avignon;Vaucluse;Provence-Alpes-Côte d'Azur;(43.909494, 4.887038);Avignon;Vaucluse;Provence-Alpes-Côte d'Azur;;;;;;;;
False;['34144900'];;True;True;False;attribue;{'StreetName': '213 Rte De Marseille', 'AdditionalStreetName': None, 'CityName': 'Avignon', 'PostalZone': '84000', 'Country': 'FRA'};337944623;False;S.N.M.A.;AVIGNON SERVICE AUTOMOBILES;2026-09-17;{'StreetName': '320 Chemin des Meinajaries', 'AdditionalStreetName': None, 'CityName': 'Avignon', 'PostalZone': '84911', 'Country': 'FRA'};248400251;False;COMMUNAUTE D'AGGLOMERATION DU GRAND AVIGNON;Grand Avignon;;;fournitures;['Délai de livraison', 'Prix'];['delai', 'prix'];[30.0, 70.0];;True;;False;;;;26-89296;;32212.76;;LOT-0003;34100000;;4;4.0;;ACQUISITION DE VEHICULES LEGERS;ouverte;26FC024;;;;False;True;False;276324.44;7348;Communauté d'agglomération ;500  à  999;False;1995-01-01;84.11Z;2008;5710.0;SAS, société par actions simplifiée;100  à  199;False;<NA>;2008;G;45;45.1;45.11;45.11Z;1986-04-01;(43.948256, 4.847);Avignon;Vaucluse;Provence-Alpes-Côte d'Azur;(43.909494, 4.887038);Avignon;Vaucluse;Provence-Alpes-Côte d'Azur;;;;;;;;
False;['34144900'];;True;True;False;attribue;{'StreetName': '213 Rte De Marseille', 'AdditionalStreetName': None, 'CityName': 'Avignon', 'PostalZone': '84000', 'Country': 'FRA'};337944623;False;S.N.M.A.;AVIGNON SERVICE AUTOMOBILES;2026-09-17;{'StreetName': '320 Chemin des Meinajaries', 'AdditionalStreetName': None, 'CityName': 'Avignon', 'PostalZone': '84911', 'Country': 'FRA'};248400251;False;COMMUNAUTE D'AGGLOMERATION DU GRAND AVIGNON;Grand Avignon;;;fournitures;['Délai de livraison', 'Prix'];['delai', 'prix'];[30.0, 70.0];;True;;False;;;;26-89296;;143281.0;;LOT-0004;34100000;;4;6.0;;ACQUISITION DE VEHICULES LEGERS;ouverte;26FC024;;;;False;True;False;276324.44;7348;Communauté d'agglomération ;500  à  999;False;1995-01-01;84.11Z;2008;5710.0;SAS, société par actions simplifiée;100  à  199;False;<NA>;2008;G;45;45.1;45.11;45.11Z;1986-04-01;(43.948256, 4.847);Avignon;Vaucluse;Provence-Alpes-Côte d'Azur;(43.909494, 4.887038);Avignon;Vaucluse;Provence-Alpes-Côte d'Azur;;;;;;;;
False;;;True;False;False;attribue;{'StreetName': '53 AVENUE DES LANGORIES', 'AdditionalStreetName': None, 'CityName': 'VALENCE', 'PostalZone': '26000', 'Country': 'FRA'};381228386;True;KOESIO AURA;KOESIO AURA;2026-09-17;{'StreetName': 'Place Maurice Mollard CS 20348', 'AdditionalStreetName': None, 'CityName': 'Aix les bains', 'PostalZone': '73103', 'Country': 'FRA'};217300086;True;COMMUNE D AIX LES BAINS;Ville d'Aix les Bains;;;fournitures;['Critère prix analysé à partir du montant indiqué au DQE (50 points).\nL’offre présentant le prix le plus bas disposera de la note maximale (sauf offre anormalement basse), pour les autres offres, la formule suivante sera appliquée\xa0:\nNote de Y = (note maximale x prix le moins cher) / prix de Y, sans que cette note soit inférieure à zéro.', 'Critère qualité technique de l’offre, apprécié à partir du mémoire technique et des fiches techniques (50 points).\nSous-critères (SC)\xa0: \n    • SC1\xa0: Qualité du Matériel\xa0: caractéristiques techniques et écologiques des matériels, âge\xa0: 20 points\n    • SC2\xa0: Qualité processus CDS (Centre de Support = SAV Maintenance)\xa0: 20 points\n    • SC3\xa0: Planning, méthodologie et déploiement\xa0: 10 points'];['prix', 'environnemental'];[50.0, 50.0];1460.0;True;0.0;False;{'StreetName': None, 'CityName': 'Aix-les-Bains', 'PostalZone': '73100', 'NUTS': 'FRK27', 'Country': 'FRA'};sans remise en concurrence;;26-89551;;600000.0;600000.0;LOT-0001;30120000;600000.0;1;1.0;;Location maintenance du parc d'impression;ouverte;2026017L00;;;;False;False;False;600000.0;7210;Commune et commune nouvelle ;500  à  999;False;1983-03-01;84.11Z;2008;5710.0;SAS, société par actions simplifiée;250  à  499;False;False;2008;S;95;95.1;95.11;95.11Z;1991-03-05;(44.904869, 4.90541);Valence;Drôme;Auvergne-Rhône-Alpes;(45.688799, 5.91559);Aix-les-Bains;Savoie;Auvergne-Rhône-Alpes;;;;;;;;
False;['90620000', '34143000'];;True;True;False;non attribue;;;False;;;2026-09-17;{'StreetName': 'Plateforme du tunnel du Fréjus', 'AdditionalStreetName': None, 'CityName': 'Modane', 'PostalZone': '73500', 'Country': 'FRA'};962504049;False;SOC FRANCAISE TUNNEL ROUTIER DE FREJUS;SFTRF;;;services;"[""Valeur technique de l'offre appréciée à l'aide du mémoire technique"", ""Valeur environnementale de l'offre appréciée à l'aide du mémoire environnemental"", 'Prix']";['technique', 'environnemental', 'prix'];[10.0, 10.0, 80.0];;True;;False;;sans remise en concurrence;;26-89620;;;;LOT-0003;90620000;;2;1.0;;Prestations de viabilité hivernale;ouverte;2026AOSV12;3.0;;;False;True;False;;5515;SA d'économie mixte à conseil d'administration ;250  à  499;False;1962-01-01;52.21Z;2008;;;;;;<NA>;;;;;<NA>;<NA>;;;;;(45.20086, 6.676765);Modane;Savoie;Auvergne-Rhône-Alpes;;;;;;;;
False;['90620000', '34143000'];;True;True;False;non attribue;;;False;;;2026-09-17;{'StreetName': 'Plateforme du tunnel du Fréjus', 'AdditionalStreetName': None, 'CityName': 'Modane', 'PostalZone': '73500', 'Country': 'FRA'};962504049;False;SOC FRANCAISE TUNNEL ROUTIER DE FREJUS;SFTRF;;;services;"[""Valeur technique de l'offre appréciée à l'aide du mémoire technique"", ""Valeur environnementale de l'offre appréciée à l'aide du mémoire environnemental"", 'Prix']";['technique', 'environnemental', 'prix'];[10.0, 10.0, 80.0];;True;;False;;sans remise en concurrence;;26-89620;;;;LOT-0005;90620000;;2;2.0;;Prestations de viabilité hivernale;ouverte;2026AOSV12;3.0;;;False;True;False;;5515;SA d'économie mixte à conseil d'administration ;250  à  499;False;1962-01-01;52.21Z;2008;;;;;;<NA>;;;;;<NA>;<NA>;;;;;(45.20086, 6.676765);Modane;Savoie;Auvergne-Rhône-Alpes;;;;;;;;
False;;;True;True;False;attribue;{'StreetName': '1 Rue Jean Antoine Chaptal', 'AdditionalStreetName': None, 'CityName': 'METZ', 'PostalZone': '57070', 'Country': 'FRA'};351812698;True;BUREAU ALPES CONTROLES;BUREAU ALPES CONTROLES;2026-09-17;{'StreetName': 'Place Max Rousseau', 'AdditionalStreetName': None, 'CityName': 'REIMS', 'PostalZone': '51100', 'Country': 'FRA'};215104217;True;COMMUNE DE REIMS;C3C services urbains;;;services;"[""Valeur technique de l'offre"", 'Valeur environnementale', ""Prix de l'offre""]";['technique', 'environnemental', 'prix'];[45.0, 5.0, 50.0];2100.0;False;;False;;hybride;;26-89339;;14880.0;;LOT-0001;71631300;91238.0;3;6.0;0.0;Construction du bâtiment administratif / club house et réhabilitation de la tour chrono du stade Georges Hébert;ouverte;2026-VI_8B-0009;;;;False;False;False;;7210;Commune et commune nouvelle ;2 000  à  4 999;False;1969-03-01;84.11Z;2008;5710.0;SAS, société par actions simplifiée;500  à  999;False;<NA>;2008;M;71;71.2;71.2;71.20B;1989-07-20;(49.103647, 6.208882);Metz;Moselle;Grand Est;(49.264348, 4.009625);Reims;Marne;Grand Est;;;;;;;;
False;;;True;True;False;attribue;{'StreetName': '8 rue Jules Méline - Immeuble Terranova', 'AdditionalStreetName': None, 'CityName': 'BEZANNES', 'PostalZone': '51430', 'Country': 'FRA'};834157513;True;SOCOTEC CONSTRUCTION;SOCOTEC CONSTRUCTION;2026-09-17;{'StreetName': 'Place Max Rousseau', 'AdditionalStreetName': None, 'CityName': 'REIMS', 'PostalZone': '51100', 'Country': 'FRA'};215104217;True;COMMUNE DE REIMS;C3C services urbains;;;services;"[""Valeur technique de l'offre"", 'Valeur environnementale', ""Prix de l'offre""]";['technique', 'environnemental', 'prix'];[45.0, 5.0, 50.0];2100.0;False;;False;;hybride;;26-89339;;6400.0;;LOT-0002;71317210;91238.0;3;4.0;0.0;Construction du bâtiment administratif / club house et réhabilitation de la tour chrono du stade Georges Hébert;ouverte;2026-VI_8B-0009;;;;False;False;False;;7210;Commune et commune nouvelle ;2 000  à  4 999;False;1969-03-01;84.11Z;2008;5710.0;SAS, société par actions simplifiée;1 000  à  1 999;False;<NA>;2008;M;71;71.2;71.2;71.20B;2017-12-12;(49.216062, 4.000192);Bezannes;Marne;Grand Est;(49.264348, 4.009625);Reims;Marne;Grand Est;;;;;;;;
False;;;True;True;False;attribue;{'StreetName': '41 PL SAINT PIERRE', 'AdditionalStreetName': None, 'CityName': 'REIMS', 'PostalZone': '51100', 'Country': 'FRA'};350069274;True;BTC;BTC;2026-09-17;{'StreetName': 'Place Max Rousseau', 'AdditionalStreetName': None, 'CityName': 'REIMS', 'PostalZone': '51100', 'Country': 'FRA'};215104217;True;COMMUNE DE REIMS;C3C services urbains;;;services;"[""Valeur technique de l'offre"", 'Valeur environnementale', ""Prix de l'offre""]";['technique', 'environnemental', 'prix'];[45.0, 5.0, 50.0];2100.0;False;;False;;hybride;;26-89339;;58298.6;;LOT-0003;71315210;91238.0;3;3.0;0.0;Construction du bâtiment administratif / club house et réhabilitation de la tour chrono du stade Georges Hébert;ouverte;2026-VI_8B-0009;;;;False;False;False;;7210;Commune et commune nouvelle ;2 000  à  4 999;False;1969-03-01;84.11Z;2008;5710.0;SAS, société par actions simplifiée;20  à  49;False;<NA>;2008;M;71;71.1;71.12;71.12B;1989-03-01;(49.245349, 4.007844);Reims;Marne;Grand Est;(49.264348, 4.009625);Reims;Marne;Grand Est;;;;;;;;
False;['90522400'];;True;False;False;attribue;{'StreetName': '13 rue Aimée Cotton', 'AdditionalStreetName': None, 'CityName': 'Bourg en Bresse', 'PostalZone': '01000', 'Country': 'FRA'};829925288;True;EFFICACE CLEAN;EFFICACE CLEAN;2026-09-17;{'StreetName': '143 rue du Château', 'AdditionalStreetName': None, 'CityName': '01150', 'PostalZone': 'CHAZEY SUR AIN', 'Country': 'FRA'};240100883;True;CTE DE COMMUNES DE LA PLAINE DE L'AIN;Communauté de Communes de la Plaine de l'Ain;;2026-10-01+02:00;services;;;;;True;;False;{'StreetName': None, 'CityName': None, 'PostalZone': None, 'NUTS': 'FRK21', 'Country': 'FRA'};sans remise en concurrence;;26-89646;;;;LOT-0001;90911200;520000.0;1;2.0;;Nettoyage des bâtiments intercommunaux - Lot n°1 - Nettoyage des bâtiments - Reconsultation;ouverte;2025-12-01;1.0;;;True;False;False;;7346;Communauté de communes ;100  à  199;<NA>;2002-10-25;84.11Z;2008;5710.0;SAS, société par actions simplifiée;10  à  19;False;<NA>;2008;N;81;81.2;81.21;81.21Z;2017-05-01;(46.191168, 5.234013);Bourg-en-Bresse;Ain;Auvergne-Rhône-Alpes;(45.895089, 5.253527);Chazey-sur-Ain;Ain;Auvergne-Rhône-Alpes;;;;;;;;
False;;;True;True;False;non attribue;;;False;;;2026-09-17;{'StreetName': '39 avenue de la Liberté', 'AdditionalStreetName': None, 'CityName': 'Colmar', 'PostalZone': '68024', 'Country': 'FRA'};266800903;True;CENTRE HOSPITALIER DE COLMAR;Hôpitaux Civils de Colmar (68);;;fournitures;['Offre financière', 'Valeur technique et performance clinique', 'Valorisation des prestations fournies'];['prix', 'technique', 'qualite'];[30.0, 50.0, 20.0];990.0;False;;False;{'StreetName': None, 'CityName': 'COLMAR', 'PostalZone': '68000', 'NUTS': 'FRF12', 'Country': 'FRA'};sans remise en concurrence;;26-89603;;;;LOT-0019;33141000;;2;;;Procédure avec négociation et publicité - GAPSCA - Fourniture de dispositifs médicaux pour les spécialités chirurgicales (2026/2029) - Lots 19 et 23;negociee;FC.2026.011;;;;False;False;False;;7364;Établissement d'hospitalisation ;2 000  à  4 999;<NA>;1983-03-01;86.10Z;2008;;;;;;<NA>;;;;;<NA>;<NA>;;;;;(48.076851, 7.336788);Colmar;Haut-Rhin;Grand Est;;;;;;;;
False;;;True;True;False;attribue;{'StreetName': '    ESPACE QUARTIER LIBRE', 'AdditionalStreetName': None, 'CityName': 'MELESSE', 'PostalZone': '35520', 'Country': 'FRA'};345170039;True;LABORATOIRE BENEWMEDICAL;Laboratoire BENEWMEDICAL;2026-09-17;{'StreetName': '39 avenue de la Liberté', 'AdditionalStreetName': None, 'CityName': 'Colmar', 'PostalZone': '68024', 'Country': 'FRA'};266800903;True;CENTRE HOSPITALIER DE COLMAR;Hôpitaux Civils de Colmar (68);;;fournitures;['Offre financière', 'Valeur technique et performance clinique', 'Valorisation des prestations fournies'];['prix', 'technique', 'qualite'];[30.0, 50.0, 20.0];990.0;False;;False;{'StreetName': None, 'CityName': 'COLMAR', 'PostalZone': '68000', 'NUTS': 'FRF12', 'Country': 'FRA'};sans remise en concurrence;;26-89603;;3180.0;;LOT-0023;33141000;;2;1.0;;Procédure avec négociation et publicité - GAPSCA - Fourniture de dispositifs médicaux pour les spécialités chirurgicales (2026/2029) - Lots 19 et 23;negociee;FC.2026.011;;;;False;False;False;;7364;Établissement d'hospitalisation ;2 000  à  4 999;<NA>;1983-03-01;86.10Z;2008;5710.0;SAS, société par actions simplifiée;20  à  49;False;<NA>;2008;G;46;46.4;46.46;46.46Z;1988-05-10;(48.214991, -1.695675);Melesse;Ille-et-Vilaine;Bretagne;(48.076851, 7.336788);Colmar;Haut-Rhin;Grand Est;;;;;;;;
False;['80550000'];;True;False;False;attribue;{'StreetName': '33 Boulevard Berthelot', 'AdditionalStreetName': None, 'CityName': 'Chamalieres', 'PostalZone': '63400', 'Country': 'FRA'};815351937;False;ATOUT SYNERGIA ERGONOMIE ET FORMATION;ATOUT SYNERGIA ERGONOMIE ET FORMATION;2026-09-17;{'StreetName': '24, rue Saint Esprit', 'AdditionalStreetName': None, 'CityName': 'Clermont-Ferrand', 'PostalZone': '63033', 'Country': 'FRA'};226300010;False;DEPARTEMENT DU PUY DE DOME;Département du Puy-de-Dôme;;;services;"[""Valeur technique de l'offre"", 'Prix']";['technique', 'prix'];[60.0, 40.0];;False;;False;{'StreetName': 'Département du Puy-de-Dôme', 'CityName': 'Clermont-ferrand', 'PostalZone': '63000', 'NUTS': 'FRK14', 'Country': 'FRA'};sans remise en concurrence;;26-89618;25-72146;17000.0;40000.0;LOT-0011;80550000;17000.0;1;7.0;;"Formations ""Prévention des risques professionnels"" - Lot 11 : Sauveteurs Secouristes du Travail (SST)";ouverte;2025-SQVS-0002;2.0;;False;False;False;False;17000.0;7220;Département ;2 000  à  4 999;False;1982-01-01;84.11Z;2008;5710.0;SAS, société par actions simplifiée;6  à  9;False;<NA>;2008;M;74;74.9;74.9;74.90B;2015-12-18;(45.779823, 3.070645);Chamalières;Puy-de-Dôme;Auvergne-Rhône-Alpes;(45.776248, 3.085147);Clermont-Ferrand;Puy-de-Dôme;Auvergne-Rhône-Alpes;;;;;;;;
False;;;True;True;False;attribue;{'StreetName': None, 'AdditionalStreetName': None, 'CityName': 'SAINT GILLES LES HAUTS', 'PostalZone': '97435', 'Country': 'FRA'};529654725;True;SOCIETE BOURBON CONSTRUCTION VRD;Société Bourbon Construction VRD (SBCV);2026-09-17;{'StreetName': None, 'AdditionalStreetName': None, 'CityName': '3 RUE DE LA SOLIDARITE', 'PostalZone': '97490 - Sainte-Clotilde CEDEX', 'Country': 'FRA'};249740119;True;COMMUNAUTE INTERCOMMUNALE NORD REUNION;COMMUNAUTE INTERCOMMUNALE NORD REUNION;;;travaux;['Prix', 'Valeur Technique', 'Responsabilité Sociétale des Entreprises (RSE)'];['prix', 'technique', 'social'];[35.0, 45.0, 20.0];120.0;True;6850000.0;True;{'StreetName': None, 'CityName': None, 'PostalZone': None, 'NUTS': 'FRY40', 'Country': 'FRA'};;;26-89480;;353760.0;;LOT-0001;45232150;;8;11.0;;Renouvellement du réseau d'Alimentation en Eau Potable - Programme 2026;ouverte;;;;;True;False;False;5638100.27;7348;Communauté d'agglomération ;250  à  499;<NA>;1997-10-22;84.11Z;2008;5499.0;Société à responsabilité limitée (sans autre indication);20  à  49;<NA>;<NA>;2008;F;43;43.1;43.12;43.12A;2011-01-03;;Saint-Paul;La Réunion;;;Toulouse;Haute-Garonne;Occitanie;;;;;;;;
False;;;True;True;False;attribue;{'StreetName': None, 'AdditionalStreetName': None, 'CityName': 'SAINT ANDRE', 'PostalZone': '97440', 'Country': 'FRA'};922455738;True;STPE;STPE;2026-09-17;{'StreetName': None, 'AdditionalStreetName': None, 'CityName': '3 RUE DE LA SOLIDARITE', 'PostalZone': '97490 - Sainte-Clotilde CEDEX', 'Country': 'FRA'};249740119;True;COMMUNAUTE INTERCOMMUNALE NORD REUNION;COMMUNAUTE INTERCOMMUNALE NORD REUNION;;;travaux;['Prix', 'Valeur Technique', 'Responsabilité Sociétale des Entreprises (RSE)'];['prix', 'technique', 'social'];[35.0, 45.0, 20.0];210.0;True;6850000.0;True;{'StreetName': None, 'CityName': None, 'PostalZone': None, 'NUTS': 'FRY40', 'Country': 'FRA'};;;26-89480;;544880.0;;LOT-0002;45232150;;8;10.0;;Renouvellement du réseau d'Alimentation en Eau Potable - Programme 2026;ouverte;;;;;True;False;False;5638100.27;7348;Communauté d'agglomération ;250  à  499;<NA>;1997-10-22;84.11Z;2008;5710.0;SAS, société par actions simplifiée;10  à  19;False;<NA>;2008;F;43;43.1;43.12;43.12A;2022-12-23;;Saint-André;La Réunion;;;Toulouse;Haute-Garonne;Occitanie;;;;;;;;
False;;;True;True;False;attribue;{'StreetName': None, 'AdditionalStreetName': None, 'CityName': 'SAINTE CLOTILDE', 'PostalZone': '97490', 'Country': 'FRA'};880826045;False;MDM INTERNATIONAL EXCHANGE;SAMNA;2026-09-17;{'StreetName': None, 'AdditionalStreetName': None, 'CityName': '3 RUE DE LA SOLIDARITE', 'PostalZone': '97490 - Sainte-Clotilde CEDEX', 'Country': 'FRA'};249740119;True;COMMUNAUTE INTERCOMMUNALE NORD REUNION;COMMUNAUTE INTERCOMMUNALE NORD REUNION;;;travaux;['Prix', 'Valeur Technique', 'Responsabilité Sociétale des Entreprises (RSE)'];['prix', 'technique', 'social'];[35.0, 45.0, 20.0];270.0;True;6850000.0;True;{'StreetName': None, 'CityName': None, 'PostalZone': None, 'NUTS': 'FRY40', 'Country': 'FRA'};;;26-89480;;1281330.0;;LOT-0003;45232150;;8;9.0;;Renouvellement du réseau d'Alimentation en Eau Potable - Programme 2026;ouverte;;;;;True;False;False;5638100.27;7348;Communauté d'agglomération ;250  à  499;<NA>;1997-10-22;84.11Z;2008;5499.0;Société à responsabilité limitée (sans autre indication);3  à  5;False;False;2008;G;46;46.9;46.9;46.90Z;2020-01-17;;Gujan-Mestras;Gironde;Nouvelle-Aquitaine;;Toulouse;Haute-Garonne;Occitanie;;;;;;;;
False;;;True;True;False;attribue;{'StreetName': None, 'AdditionalStreetName': None, 'CityName': 'STE CLOTILDE CEDEX', 'PostalZone': '97495', 'Country': 'FRA'};407484732;True;PICO OCEAN INDIEN;PICO OCEAN INDIEN;2026-09-17;{'StreetName': None, 'AdditionalStreetName': None, 'CityName': '3 RUE DE LA SOLIDARITE', 'PostalZone': '97490 - Sainte-Clotilde CEDEX', 'Country': 'FRA'};249740119;True;COMMUNAUTE INTERCOMMUNALE NORD REUNION;COMMUNAUTE INTERCOMMUNALE NORD REUNION;;;travaux;['Prix', 'Valeur Technique', 'Responsabilité Sociétale des Entreprises (RSE)'];['prix', 'technique', 'social'];[35.0, 45.0, 20.0];210.0;True;6850000.0;True;{'StreetName': None, 'CityName': None, 'PostalZone': None, 'NUTS': 'FRY40', 'Country': 'FRA'};;;26-89480;;641030.35;;LOT-0004;45232150;;8;9.0;;Renouvellement du réseau d'Alimentation en Eau Potable - Programme 2026;ouverte;;;;;True;False;False;5638100.27;7348;Communauté d'agglomération ;250  à  499;<NA>;1997-10-22;84.11Z;2008;5710.0;SAS, société par actions simplifiée;20  à  49;False;<NA>;2008;F;42;42.1;42.11;42.11Z;1996-04-01;;Reims;Marne;Grand Est;;Toulouse;Haute-Garonne;Occitanie;;;;;;;;
False;;;True;True;False;attribue;{'StreetName': None, 'AdditionalStreetName': None, 'CityName': 'SAINT DENIS CEDEX 9', 'PostalZone': '97743', 'Country': 'FRA'};817502453;True;RUNEO;RUNEO;2026-09-17;{'StreetName': None, 'AdditionalStreetName': None, 'CityName': '3 RUE DE LA SOLIDARITE', 'PostalZone': '97490 - Sainte-Clotilde CEDEX', 'Country': 'FRA'};249740119;True;COMMUNAUTE INTERCOMMUNALE NORD REUNION;COMMUNAUTE INTERCOMMUNALE NORD REUNION;;;travaux;['Prix', 'Valeur Technique', 'Responsabilité Sociétale des Entreprises (RSE)'];['prix', 'technique', 'social'];[35.0, 45.0, 20.0];150.0;True;6850000.0;True;{'StreetName': None, 'CityName': None, 'PostalZone': None, 'NUTS': 'FRY40', 'Country': 'FRA'};;;26-89480;;336156.96;;LOT-0005;45232150;;8;10.0;;Renouvellement du réseau d'Alimentation en Eau Potable - Programme 2026;ouverte;;;;;True;False;False;5638100.27;7348;Communauté d'agglomération ;250  à  499;<NA>;1997-10-22;84.11Z;2008;5710.0;SAS, société par actions simplifiée;200  à  249;False;<NA>;2008;E;36;36.0;36.0;36.00Z;2015-12-24;;Saint-Denis;La Réunion;;;Toulouse;Haute-Garonne;Occitanie;;;;;;;;
False;;;True;True;False;attribue;{'StreetName': None, 'AdditionalStreetName': None, 'CityName': 'SAINT GILLES LES HAUTS', 'PostalZone': '97435', 'Country': 'FRA'};529654725;True;SOCIETE BOURBON CONSTRUCTION VRD;Société Bourbon Construction VRD (SBCV);2026-09-17;{'StreetName': None, 'AdditionalStreetName': None, 'CityName': '3 RUE DE LA SOLIDARITE', 'PostalZone': '97490 - Sainte-Clotilde CEDEX', 'Country': 'FRA'};249740119;True;COMMUNAUTE INTERCOMMUNALE NORD REUNION;COMMUNAUTE INTERCOMMUNALE NORD REUNION;;;travaux;['Prix', 'Valeur Technique', 'Responsabilité Sociétale des Entreprises (RSE)'];['prix', 'technique', 'social'];[35.0, 45.0, 20.0];180.0;True;6850000.0;True;{'StreetName': None, 'CityName': None, 'PostalZone': None, 'NUTS': 'FRY40', 'Country': 'FRA'};;;26-89480;;381371.0;;LOT-0006;45232150;;8;8.0;;Renouvellement du réseau d'Alimentation en Eau Potable - Programme 2026;ouverte;;;;;True;False;False;5638100.27;7348;Communauté d'agglomération ;250  à  499;<NA>;1997-10-22;84.11Z;2008;5499.0;Société à responsabilité limitée (sans autre indication);20  à  49;<NA>;<NA>;2008;F;43;43.1;43.12;43.12A;2011-01-03;;Saint-Paul;La Réunion;;;Toulouse;Haute-Garonne;Occitanie;;;;;;;;
False;;;True;True;False;attribue;{'StreetName': None, 'AdditionalStreetName': None, 'CityName': 'SAINT DENIS CEDEX 9', 'PostalZone': '97743', 'Country': 'FRA'};817502453;True;RUNEO;RUNEO;2026-09-17;{'StreetName': None, 'AdditionalStreetName': None, 'CityName': '3 RUE DE LA SOLIDARITE', 'PostalZone': '97490 - Sainte-Clotilde CEDEX', 'Country': 'FRA'};249740119;True;COMMUNAUTE INTERCOMMUNALE NORD REUNION;COMMUNAUTE INTERCOMMUNALE NORD REUNION;;;travaux;['Prix', 'Valeur Technique', 'Responsabilité Sociétale des Entreprises (RSE)'];['prix', 'technique', 'social'];[35.0, 45.0, 20.0];210.0;True;6850000.0;True;{'StreetName': None, 'CityName': None, 'PostalZone': None, 'NUTS': 'FRY40', 'Country': 'FRA'};;;26-89480;;520334.96;;LOT-0007;45232150;;8;7.0;;Renouvellement du réseau d'Alimentation en Eau Potable - Programme 2026;ouverte;;;;;True;False;False;5638100.27;7348;Communauté d'agglomération ;250  à  499;<NA>;1997-10-22;84.11Z;2008;5710.0;SAS, société par actions simplifiée;200  à  249;False;<NA>;2008;E;36;36.0;36.0;36.00Z;2015-12-24;;Saint-Denis;La Réunion;;;Toulouse;Haute-Garonne;Occitanie;;;;;;;;
False;;;True;True;False;attribue;{'StreetName': None, 'AdditionalStreetName': None, 'CityName': 'LA POSSESSION', 'PostalZone': '97419', 'Country': 'FRA'};381605583;True;HYDROTECH;GROUPEMENT HYDROTECH/ENROBES REUNION;2026-09-17;{'StreetName': None, 'AdditionalStreetName': None, 'CityName': '3 RUE DE LA SOLIDARITE', 'PostalZone': '97490 - Sainte-Clotilde CEDEX', 'Country': 'FRA'};249740119;True;COMMUNAUTE INTERCOMMUNALE NORD REUNION;COMMUNAUTE INTERCOMMUNALE NORD REUNION;;;travaux;['Prix', 'Valeur Technique', 'Responsabilité Sociétale des Entreprises (RSE)'];['prix', 'technique', 'social'];[35.0, 45.0, 20.0];270.0;True;6850000.0;True;{'StreetName': None, 'CityName': None, 'PostalZone': None, 'NUTS': 'FRY40', 'Country': 'FRA'};;;26-89480;;1579237.0;;LOT-0008;45232150;;8;6.0;;Renouvellement du réseau d'Alimentation en Eau Potable - Programme 2026;ouverte;;;;;True;False;False;5638100.27;7348;Communauté d'agglomération ;250  à  499;<NA>;1997-10-22;84.11Z;2008;5710.0;SAS, société par actions simplifiée;100  à  199;<NA>;<NA>;2008;F;42;42.2;42.21;42.21Z;1991-03-01;;La Possession;La Réunion;;;Toulouse;Haute-Garonne;Occitanie;;;;;;;;
False;;;True;True;False;attribue;{'StreetName': '19 Rue du Soleil - ZAE de la Mare 2', 'AdditionalStreetName': None, 'CityName': 'sainte marie', 'PostalZone': '97438', 'Country': 'FRA'};353478522;True;NICOLLIN REUNION;NICOLLIN REUNION;2026-09-17;{'StreetName': '13 Allée Maureau - ZI Du Chaudron', 'AdditionalStreetName': None, 'CityName': 'Ste clotilde', 'PostalZone': '97490', 'Country': 'FRA'};200045250;True;SYNDICAT MIXTE DU PARC ROUTIER DE LA REUNION;Syndicat Mixte Parc Routier de la Réunion;;;services;[];[];;1440.0;False;0.0;False;{'StreetName': None, 'CityName': 'LA REUNION', 'PostalZone': None, 'NUTS': 'FRY40', 'Country': 'FRA'};sans remise en concurrence;;26-89519;;;0.0;LOT-0001;90610000;460000.0;2;1.0;;Prestations de balayage sur chaussées pour le Syndicat Mixte du Parc Routier de La Réunion;ouverte;26S0004;;;;False;False;False;;7355;Syndicat mixte ouvert;50  à  99;False;2014-01-01;84.13Z;2008;5710.0;SAS, société par actions simplifiée;200  à  249;False;<NA>;2008;E;38;38.1;38.11;38.11Z;1990-01-01;(-20.901811, 55.534899);Sainte-Marie;La Réunion;;(-20.890317, 55.492593);Saint-Denis;La Réunion;;;;;;;;;
False;;;True;True;False;attribue;{'StreetName': '19 Rue du Soleil - ZAE de la Mare 2', 'AdditionalStreetName': None, 'CityName': 'sainte marie', 'PostalZone': '97438', 'Country': 'FRA'};353478522;True;NICOLLIN REUNION;NICOLLIN REUNION;2026-09-17;{'StreetName': '13 Allée Maureau - ZI Du Chaudron', 'AdditionalStreetName': None, 'CityName': 'Ste clotilde', 'PostalZone': '97490', 'Country': 'FRA'};200045250;True;SYNDICAT MIXTE DU PARC ROUTIER DE LA REUNION;Syndicat Mixte Parc Routier de la Réunion;;;services;[];[];;1440.0;False;0.0;False;{'StreetName': None, 'CityName': 'LA REUNION', 'PostalZone': None, 'NUTS': 'FRY40', 'Country': 'FRA'};sans remise en concurrence;;26-89519;;;;LOT-0002;90610000;460000.0;2;1.0;;Prestations de balayage sur chaussées pour le Syndicat Mixte du Parc Routier de La Réunion;ouverte;26S0004;;;;False;False;False;;7355;Syndicat mixte ouvert;50  à  99;False;2014-01-01;84.13Z;2008;5710.0;SAS, société par actions simplifiée;200  à  249;False;<NA>;2008;E;38;38.1;38.11;38.11Z;1990-01-01;(-20.901811, 55.534899);Sainte-Marie;La Réunion;;(-20.890317, 55.492593);Saint-Denis;La Réunion;;;;;;;;;
False;;;True;False;False;attribue;{'StreetName': 'Immeuble le Village by CA - Parc Technor - 20 rue Maxime Rivière', 'AdditionalStreetName': None, 'CityName': 'Sainte-Clotilde', 'PostalZone': '97490', 'Country': 'FRA'};484163704;True;ISODOM;SAS ISODOM;2026-09-17;{'StreetName': '14 rue Gabriel de Kerveguen', 'AdditionalStreetName': None, 'CityName': 'SAINTE-CLOTILDE', 'PostalZone': '97490', 'Country': 'FRA'};379994734;True;SOCIETE DYONISIENNE GESTION EQUIPEMENTS;SODIPARC;;;services;['Noté sur 40%', 'Noté sur 60%'];['prix', 'qualite'];[40.0, 60.0];1460.0;False;;False;{'StreetName': None, 'CityName': None, 'PostalZone': None, 'NUTS': 'FRY40', 'Country': 'FRA'};sans remise en concurrence;;26-89476;;;;LOT-0001;72200000;800000.0;1;8.0;;MISE EN PLACE DE REPORTING SUR LA PLATEFORME BI DE LA SAEM SODIPARC;ouverte;2026.7.01;;;;False;False;False;;5599;SA à conseil d'administration (s.a.i.);250  à  499;False;1990-10-30;49.31Z;2008;5710.0;SAS, société par actions simplifiée;6  à  9;False;<NA>;2008;J;62;62.0;62.02;62.02A;2005-09-01;(-20.905573, 55.500876);Saint-Denis;La Réunion;;(-20.891967, 55.497035);Saint-Denis;La Réunion;;;;;;;;;
False;['44613800'];;True;False;False;attribue;{'StreetName': '79a Rue De La Plaine Des Bouchers', 'AdditionalStreetName': None, 'CityName': 'Strasbourg', 'PostalZone': '67100', 'Country': 'FRA'};388820235;False;COLLECTAL;Collectal;2026-09-17;{'StreetName': 'Hotel de ville', 'AdditionalStreetName': None, 'CityName': 'Coutances', 'PostalZone': '50207', 'Country': 'FRA'};200067023;False;CC COUTANCES MER ET BOCAGE;Communauté communes Coutances mer et bocage;;2026-07-20+02:00;fournitures;"['Organisation globale du candidat intégrant la prise de côtes, la fabrication, le transport et la mise en place des dispositifs, le service après-vente', 'Sous-critère 2.1 : Caractéristiques techniques des produits proposés au vu des fiches produites', ""Adéquation du délai de livraison proposé courant entre réception du bon de commande et livraison effective sur site au regard de l'organisation de l'entreprise et de l'étendue de la commande"", 'Prix']";['qualite', 'technique', 'delai', 'prix'];[25.0, 15.0, 10.0, 50.0];360.0;False;;False;;sans remise en concurrence;;26-89461;;;;LOT-0000;44613800;2000000.0;1;4.0;;Fourniture et pose de colonnes enterrées pour apport volontaire en rétrofit;ouverte;CMB-2026-01;3.0;;;False;False;False;;7346;Communauté de communes ;500  à  999;False;2017-01-01;84.11Z;2008;5499.0;Société à responsabilité limitée (sans autre indication);6  à  9;<NA>;<NA>;2008;G;46;46.6;46.69;46.69C;1992-10-01;(48.560147, 7.738277);Strasbourg;Bas-Rhin;Grand Est;(49.071226, -1.428976);Coutances;Manche;Normandie;;;;;;;;
False;;;;False;False;attribue;{'StreetName': '13 rue Joseph Pujol', 'AdditionalStreetName': None, 'CityName': 'Bordeaux bastise', 'PostalZone': '33100', 'Country': 'FRA'};490714730;True;ATELIER GIET ARCHITECTURE;Atelier Giet Architecure;2026-09-17;{'StreetName': '33 rue François Mitterrand', 'AdditionalStreetName': None, 'CityName': 'Limoges', 'PostalZone': '87000', 'Country': 'FRA'};198706699;True;UNIVERSITE DE LIMOGES;Université de Limoges;;;services;[];[];;;False;;False;{'StreetName': '16 rue Atlantis', 'CityName': 'Limoges', 'PostalZone': '87000', 'NUTS': 'FRI23', 'Country': 'FRA'};;;26-89496;;;;LOT-0001;71000000;;1;3.0;;Concours de maîtrise d’œuvre pour l’opération d’agrandissement de l’école ENSIL-ENSCI sur le campus Ester à Limoges (87);restreinte;9132623;;;;True;False;False;;7383;Établissement public national à caractère scientifique culturel et professionnel ;2 000  à  4 999;False;1970-06-10;85.42Z;2008;5499.0;Société à responsabilité limitée (sans autre indication);10  à  19;<NA>;<NA>;2008;M;71;71.1;71.11;71.11Z;2006-07-01;(44.847278, -0.546393);Bordeaux;Gironde;Nouvelle-Aquitaine;(45.82638, 1.258518);Limoges;Haute-Vienne;Nouvelle-Aquitaine;;;;;;;;
False;;;True;True;False;attribue;{'StreetName': '24 RUE DES BORDES\nZI SUD NONNNES - CS 60223', 'AdditionalStreetName': None, 'CityName': 'CHATELLERAULT', 'PostalZone': '86102', 'Country': 'FRA'};329338883;False;COLAS FRANCE;COLAS FRANCE ETS CHATELLERAULT;2026-09-17;{'StreetName': '78 avenue Jacques Coeur', 'AdditionalStreetName': None, 'CityName': 'Poitiers Cedex 9', 'PostalZone': '86068', 'Country': 'FRA'};450889225;True;SOREGIES;Société d'Economie Mixte Locale Sorégies (86);;;travaux;['cf : règlement de consultation', 'cf : règlement de consultation', 'cf : règlement de consultation'];['qualite', 'prix', 'qualite'];;720.0;True;;False;{'StreetName': None, 'CityName': None, 'PostalZone': None, 'NUTS': 'FRI34', 'Country': 'FRA'};;;26-89437;;480000.0;;LOT-0001;45311200;;2;7.0;;Travaux de construction d’une centrale photovoltaïque au sol hybride avec batteries - NAINTRE;negociee;;;;;True;False;False;6699987.0;5615;SA d'économie mixte à directoire ;250  à  499;False;2003-11-07;35.14Z;2008;5710.0;SAS, société par actions simplifiée;10 000  et plus ;False;False;2008;F;42;42.1;42.11;42.11Z;1984-01-01;(46.791286, 0.536671);Châtellerault;Vienne;Nouvelle-Aquitaine;(46.569595, 0.371906);Poitiers;Vienne;Nouvelle-Aquitaine;;;;;;;;
False;;;True;True;False;attribue;{'StreetName': '10 IMPASSE ANDRE MARESTAN\nBP 44795', 'AdditionalStreetName': None, 'CityName': 'TOULOUSE CEDEX 01', 'PostalZone': '31047', 'Country': 'FRA'};414719534;True;INEO MIDI PYRENEES LANGUEDOC ROUSSILLON ET PAR ABREVIATION INEO MPLR;INEO MPLR - Agences Energies Nouvelles;2026-09-17;{'StreetName': '78 avenue Jacques Coeur', 'AdditionalStreetName': None, 'CityName': 'Poitiers Cedex 9', 'PostalZone': '86068', 'Country': 'FRA'};450889225;True;SOREGIES;Société d'Economie Mixte Locale Sorégies (86);;;travaux;['cf : règlement de consultation', 'cf : règlement de consultation', 'cf : règlement de consultation'];['qualite', 'prix', 'qualite'];;720.0;True;;False;{'StreetName': None, 'CityName': None, 'PostalZone': None, 'NUTS': 'FRI34', 'Country': 'FRA'};;;26-89437;;6219987.0;;LOT-0002;45311200;;2;5.0;;Travaux de construction d’une centrale photovoltaïque au sol hybride avec batteries - NAINTRE;negociee;;;;;True;False;False;6699987.0;5615;SA d'économie mixte à directoire ;250  à  499;False;2003-11-07;35.14Z;2008;5710.0;SAS, société par actions simplifiée;500  à  999;False;<NA>;2008;F;43;43.2;43.21;43.21A;1997-12-05;(43.565083, 1.407069);Toulouse;Haute-Garonne;Occitanie;(46.569595, 0.371906);Poitiers;Vienne;Nouvelle-Aquitaine;;;;;;;;
False;['71210000', '71311000', '71410000'];;True;False;False;attribue;{'StreetName': '1 Pl Des Allies', 'AdditionalStreetName': None, 'CityName': 'Beziers', 'PostalZone': '34500', 'Country': 'FRA'};312411648;False;CABINET D'ETUDES RENE GAXIEU;CABINET D'ETUDES RENE GAXIEU;2026-09-17;{'StreetName': 'avenue du tech', 'AdditionalStreetName': None, 'CityName': 'latour bas elne', 'PostalZone': '66200', 'Country': 'FRA'};216600940;False;COMMUNE DE LATOUR-BAS-ELNE;Commune de LATOUR BAS ELNE;;2027-01-01+01:00;services;"[""Valeur technique de l'offre"", 'Prix']";['technique', 'prix'];[70.0, 30.0];1440.0;False;600000.0;False;;sans remise en concurrence;;26-89272;;600000.0;;LOT-0000;71240000;600000.0;1;3.0;;Missions conseil, d'études, d'assistance à maitrise d'ouvrage et maitrise d'oeuvre dans les domaines des infrastructures, des VRD, de l'hydraulique, de l'urbanisme du paysage et des bâtiments;ouverte;S-PF-23570;;;;False;False;False;600000.0;7210;Commune et commune nouvelle ;20  à  49;False;1982-01-01;84.11Z;2008;5710.0;SAS, société par actions simplifiée;100  à  199;False;<NA>;2008;M;71;71.1;71.12;71.12B;1978-01-01;(43.338121, 3.208101);Béziers;Hérault;Occitanie;(42.603366, 3.001393);Latour-Bas-Elne;Pyrénées-Orientales;Occitanie;;;;;;;;
False;['44163000'];;True;True;False;attribue;{'StreetName': '109 Che Des Pres Seigneurs', 'AdditionalStreetName': None, 'CityName': 'Montluel', 'PostalZone': '01120', 'Country': 'FRA'};071501936;False;GALLIN SA;GALLIN SA;2026-09-17;{'StreetName': '1 rue du Lieutenant Gourbault', 'AdditionalStreetName': None, 'CityName': 'Perpignan', 'PostalZone': '66962', 'Country': 'FRA'};286600010;False;SCE DEPARTEMENTAL INCENDIE ET SECOURS;Service Départemental d'Incendie et de Secours des Pyrénées-Orientales;;;fournitures;"[""Valeur technique de l'offre"", 'Prix']";['technique', 'prix'];[65.0, 35.0];;False;1550000.0;False;;sans remise en concurrence;;26-89660;;500000.0;;LOT-0001;35111000;1350000.0;6;2.0;;"Acquisition de matériels pour équiper les véhicules d'incendie et de secours du SDIS 66.
Cette consultation est décomposée en 6 lots";ouverte;2026FF04;3.0;;;False;False;False;;7372;Service départemental d'incendie et de secours (SDIS);250  à  499;<NA>;1983-08-10;84.25Z;2008;5710.0;SAS, société par actions simplifiée;20  à  49;False;<NA>;2008;C;29;29.2;29.2;29.20Z;1971-01-01;(45.848099, 5.06027);Montluel;Ain;Auvergne-Rhône-Alpes;(42.707406, 2.885088);Perpignan;Pyrénées-Orientales;Occitanie;;;;;;;;
False;['44163000'];;True;True;False;attribue;{'StreetName': '2 Che Rural Numero 34', 'AdditionalStreetName': None, 'CityName': 'Octeville-Sur-Mer', 'PostalZone': '76930', 'Country': 'FRA'};828584722;False;VESTA;LEADER;2026-09-17;{'StreetName': '1 rue du Lieutenant Gourbault', 'AdditionalStreetName': None, 'CityName': 'Perpignan', 'PostalZone': '66962', 'Country': 'FRA'};286600010;False;SCE DEPARTEMENTAL INCENDIE ET SECOURS;Service Départemental d'Incendie et de Secours des Pyrénées-Orientales;;;fournitures;"[""Valeur technique de l'offre"", 'Prix']";['technique', 'prix'];[65.0, 35.0];;False;1550000.0;False;;sans remise en concurrence;;26-89660;;300000.0;;LOT-0002;35111000;1350000.0;6;1.0;;"Acquisition de matériels pour équiper les véhicules d'incendie et de secours du SDIS 66.
Cette consultation est décomposée en 6 lots";ouverte;2026FF04;3.0;;;False;False;False;;7372;Service départemental d'incendie et de secours (SDIS);250  à  499;<NA>;1983-08-10;84.25Z;2008;5710.0;SAS, société par actions simplifiée;;False;<NA>;2008;M;70;70.1;70.1;70.10Z;2017-03-23;(49.55305, 0.124524);Octeville-sur-Mer;Seine-Maritime;Normandie;(42.707406, 2.885088);Perpignan;Pyrénées-Orientales;Occitanie;;;;;;;;
False;['39541120'];;True;True;False;attribue;{'StreetName': '360 Rue De La Curiaz', 'AdditionalStreetName': None, 'CityName': 'La Motte-Servolex', 'PostalZone': '73290', 'Country': 'FRA'};485293138;False;SECURHIT GROUP;SECURHIT GROUP;2026-09-17;{'StreetName': '1 rue du Lieutenant Gourbault', 'AdditionalStreetName': None, 'CityName': 'Perpignan', 'PostalZone': '66962', 'Country': 'FRA'};286600010;False;SCE DEPARTEMENTAL INCENDIE ET SECOURS;Service Départemental d'Incendie et de Secours des Pyrénées-Orientales;;;fournitures;"[""Valeur technique de l'offre"", 'Prix']";['technique', 'prix'];[65.0, 35.0];;False;1550000.0;False;;sans remise en concurrence;;26-89660;;150000.0;;LOT-0003;35111000;1350000.0;6;3.0;;"Acquisition de matériels pour équiper les véhicules d'incendie et de secours du SDIS 66.
Cette consultation est décomposée en 6 lots";ouverte;2026FF04;3.0;;;False;False;False;;7372;Service départemental d'incendie et de secours (SDIS);250  à  499;<NA>;1983-08-10;84.25Z;2008;5710.0;SAS, société par actions simplifiée;6  à  9;False;<NA>;2008;G;46;46.6;46.69;46.69B;2005-12-01;(45.597666, 5.891171);La Motte-Servolex;Savoie;Auvergne-Rhône-Alpes;(42.707406, 2.885088);Perpignan;Pyrénées-Orientales;Occitanie;;;;;;;;
False;['44163000'];;True;True;False;non attribue;;;False;;;2026-09-17;{'StreetName': '1 rue du Lieutenant Gourbault', 'AdditionalStreetName': None, 'CityName': 'Perpignan', 'PostalZone': '66962', 'Country': 'FRA'};286600010;False;SCE DEPARTEMENTAL INCENDIE ET SECOURS;Service Départemental d'Incendie et de Secours des Pyrénées-Orientales;;;fournitures;"[""Valeur technique de l'offre"", 'Prix']";['technique', 'prix'];[65.0, 35.0];;False;1550000.0;False;;sans remise en concurrence;;26-89660;;;;LOT-0004;35111000;1350000.0;6;0.0;;"Acquisition de matériels pour équiper les véhicules d'incendie et de secours du SDIS 66.
Cette consultation est décomposée en 6 lots";ouverte;2026FF04;3.0;;;False;False;False;;7372;Service départemental d'incendie et de secours (SDIS);250  à  499;<NA>;1983-08-10;84.25Z;2008;;;;;;<NA>;;;;;<NA>;<NA>;;;;;(42.707406, 2.885088);Perpignan;Pyrénées-Orientales;Occitanie;;;;;;;;
False;['39711300'];;True;True;False;attribue;{'StreetName': 'Ld Ste Eugenie', 'AdditionalStreetName': None, 'CityName': 'Le Soler', 'PostalZone': '66270', 'Country': 'FRA'};654201177;False;PYRENEES AGRICOLES;PYRENEES AGRICOLES;2026-09-17;{'StreetName': '1 rue du Lieutenant Gourbault', 'AdditionalStreetName': None, 'CityName': 'Perpignan', 'PostalZone': '66962', 'Country': 'FRA'};286600010;False;SCE DEPARTEMENTAL INCENDIE ET SECOURS;Service Départemental d'Incendie et de Secours des Pyrénées-Orientales;;;fournitures;"[""Valeur technique de l'offre"", 'Prix']";['technique', 'prix'];[65.0, 35.0];;False;1550000.0;False;;sans remise en concurrence;;26-89660;;200000.0;;LOT-0005;35111000;1350000.0;6;1.0;;"Acquisition de matériels pour équiper les véhicules d'incendie et de secours du SDIS 66.
Cette consultation est décomposée en 6 lots";ouverte;2026FF04;3.0;;;False;False;False;;7372;Service départemental d'incendie et de secours (SDIS);250  à  499;<NA>;1983-08-10;84.25Z;2008;5710.0;SAS, société par actions simplifiée;10  à  19;False;<NA>;2008;G;46;46.6;46.61;46.61Z;1965-01-01;(42.683651, 2.819436);Le Soler;Pyrénées-Orientales;Occitanie;(42.707406, 2.885088);Perpignan;Pyrénées-Orientales;Occitanie;;;;;;;;
False;['39711300'];;True;True;False;attribue;{'StreetName': '21 Av De Nimes', 'AdditionalStreetName': None, 'CityName': 'Montpellier', 'PostalZone': '34000', 'Country': 'FRA'};775588692;False;ETS BAURES-PRODUITS METALLURGIQUES;ETS BAURES-PRODUITS METALLURGIQUES;2026-09-17;{'StreetName': '1 rue du Lieutenant Gourbault', 'AdditionalStreetName': None, 'CityName': 'Perpignan', 'PostalZone': '66962', 'Country': 'FRA'};286600010;False;SCE DEPARTEMENTAL INCENDIE ET SECOURS;Service Départemental d'Incendie et de Secours des Pyrénées-Orientales;;;fournitures;"[""Valeur technique de l'offre"", 'Prix']";['technique', 'prix'];[65.0, 35.0];;False;1550000.0;False;;sans remise en concurrence;;26-89660;;200000.0;;LOT-0006;35111000;1350000.0;6;4.0;;"Acquisition de matériels pour équiper les véhicules d'incendie et de secours du SDIS 66.
Cette consultation est décomposée en 6 lots";ouverte;2026FF04;3.0;;;False;False;False;;7372;Service départemental d'incendie et de secours (SDIS);250  à  499;<NA>;1983-08-10;84.25Z;2008;5599.0;SA à conseil d'administration (s.a.i.);500  à  999;False;<NA>;2008;G;46;46.7;46.72;46.72Z;1957-01-01;(43.616321, 3.884546);Montpellier;Hérault;Occitanie;(42.707406, 2.885088);Perpignan;Pyrénées-Orientales;Occitanie;;;;;;;;
False;['77310000'];;True;False;False;attribue;{'StreetName': '31 Chemin De La Plaine 2', 'AdditionalStreetName': None, 'CityName': 'Sainte-Bazeille', 'PostalZone': '47180', 'Country': 'FRA'};775609431;False;AD GRAND OUEST;ASSOCIATION SERVICE ENVIRONNEMENT;2026-09-17;{'StreetName': 'Maison du développement', 'AdditionalStreetName': 'Place du marché', 'CityName': 'Marmande', 'PostalZone': '47213', 'Country': 'FRA'};200030674;False;COMMUNAUTE D'AGGLOMERATION VAL DE GARONNE AGGLOMERATION;Val de Garonne Agglomération;;2026-09-19+02:00;services;"[""Pertinence de la démarche d'insertion"", 'Pertinence de la mission support espaces verts', 'Prix']";['social', 'qualite', 'prix'];[40.0, 30.0, 30.0];;True;1040000.0;False;;sans remise en concurrence;;26-89619;;1040000.0;;LOT-0000;77310000;1040000.0;1;1.0;;Accord cadre d'insertion ayant pour support l'entretien des espaces verts, des aménagements paysagers, aires de loisirs de plein air et les zones d'activités sur le territoire de Val de Garonne Agglom;ouverte;2026V15A;1.0;;;False;True;False;1040000.0;7348;Communauté d'agglomération ;250  à  499;False;2011-12-31;84.11Z;2008;5710.0;SAS, société par actions simplifiée;500  à  999;False;<NA>;2008;G;45;45.3;45.31;45.31Z;1975-01-01;(44.517217, 0.118859);Sainte-Bazeille;Lot-et-Garonne;Nouvelle-Aquitaine;;;;;;;;;;;;
False;;;True;False;False;attribue;"{'StreetName': ""Centre d'affaire DILON VALMENTIERE"", 'AdditionalStreetName': 'Eurydice Batiment D', 'CityName': 'FORT-DE-FRANCE', 'PostalZone': '97200', 'Country': 'FRA'}";945407559;True;DATEX 3;DATEX 3 SAS;2026-09-17;{'StreetName': 'Place Romain Garros', 'AdditionalStreetName': None, 'CityName': 'Saint Georges', 'PostalZone': '97313', 'Country': 'FRA'};219733086;True;COMMUNE DE SAINT-GEORGES;Mairie de Saint Georges de l'Oyapock;;;services;"[""Typologie de la collation 10 points\r\nMaîtrise de la sécurité alimentaire 10 points\r\nPart de la production locale dans la composition des collations 10 points\r\nProgramme de formation du personnel 10 points\r\nCommunication pédagogique relative aux sujets d'équilibre alimentaire et de nutrition mise en oeuvre 10 points"", 'Note du candidat = prix  le moins disant/ prix du candidat * coef']";['social', 'prix'];;1095.0;False;;False;{'StreetName': None, 'CityName': None, 'PostalZone': None, 'NUTS': 'FRY30', 'Country': 'FRA'};sans remise en concurrence;;26-89334;;;;LOT-0001;55523100;960000.0;1;2.0;;PRESTATION DE COLLATION RESTAURATION SCOLAIRE DES ÉLÈVES DU PREMIER DEGRÉ (période 2026-2029);ouverte;;;;;False;False;False;;7210;Commune et commune nouvelle ;100  à  199;False;1982-01-01;84.11Z;2008;5710.0;SAS, société par actions simplifiée;;False;False;2008;I;56;56.1;56.1;56.10A;2025-05-26;(14.607638, -61.045694);Fort-de-France;Martinique;;(3.88835, -51.800955);Saint-Georges;Guyane;;;;;;;;;
False;['71240000'];41.0;True;False;False;attribue;{'StreetName': '72 Rue Victor Schoelcher', 'AdditionalStreetName': None, 'CityName': 'Cayenne', 'PostalZone': '97300', 'Country': 'FRA'};803458025;False;COTTALORDA - PERES;COTTALORDA - PERES;2026-09-17;{'StreetName': 'Avenue des flamboyants', 'AdditionalStreetName': 'Cellule des marchés publics', 'CityName': 'Cayenne Cedex', 'PostalZone': '97306', 'Country': 'FRA'};498262393;False;FORCE OUVRIERE DU CENTRE HOSPITALIER ANDREE ROSEMON;"Centre Hospitalier de Cayenne ""Andrée ROSEMON""";2025-07-08;2025-09-17-03:00;services;"['Compréhension du contexte et des enjeux du projet.Ce critère sera apprécié sur la base de la note de compréhension demandée', ""Références des membres de l'équipe.Les candidats devront présenter 3 références maximum par opérateur économique maximum, et donner une explication quant au choix des références présentées.Les références devront être en lien avec le marché"", ""Moyens et compétences affectés à l'opération.Ce critère sera apprécié sur la base des informations fournies dans le dossier de candidatures""]";['qualite', 'technique', 'technique'];[10.0, 45.0, 45.0];1080.0;False;;False;{'StreetName': 'Centre Hospitalier De Cayenne (Chc)\n3, Avenue Alexis Blaise', 'CityName': 'Cayenne', 'PostalZone': '97300', 'NUTS': 'FRY30', 'Country': 'FRA'};;;26-89460;25-76836;399300.0;;LOT-0000;71240000;;1;3.0;;MARCHE DE MAITRISE D'OEUVRE RELATIF A L'AMENAGEMENT INTERIEUR DE LA RESERVE FONCIERE DU BATIMENT K SITUEE AU SEIN DU CH DE CAYENNE;restreinte;CHU/2025_MOE_027;;;False;False;False;False;399300.0;8410;Syndicat de salariés ;;<NA>;1981-10-01;94.20Z;2008;5499.0;Société à responsabilité limitée (sans autre indication);3  à  5;False;<NA>;2008;M;71;71.1;71.11;71.11Z;2014-07-10;(4.942828, -52.328705);Cayenne;Guyane;;;;;;;;;;;;;
False;;;True;False;False;attribue;{'StreetName': '20 rue bertrand', 'AdditionalStreetName': None, 'CityName': 'besancon', 'PostalZone': '25000', 'Country': 'FRA'};422320218;True;ARCHITECTURES AMIOT-LOMBARD;scp Architectures Amiot-Lombard;2026-09-17;{'StreetName': '1, rue du Commandant CS 62127', 'AdditionalStreetName': None, 'CityName': 'CHAUMONT', 'PostalZone': '52000', 'Country': 'FRA'};225200013;True;DEPARTEMENT DE LA HAUTE-MARNE;DEPARTEMENT DE LA HAUTE-MARNE;;;services;['.', '.'];['prix', 'qualite'];;1440.0;False;;True;{'StreetName': None, 'CityName': 'Langres', 'PostalZone': None, 'NUTS': 'FRF24', 'Country': 'FRA'};;;26-89470;;6850000.0;;LOT-0001;71000000;;1;3.0;;Concours de maîtrise d'oeuvre pour la construction d'un Centre d'Incendie et de Secours à Langres - Première phase : désignation des candidats admis à présenter une offre;autre;2026-1;;;;False;False;False;6850000.0;7220;Département ;1 000  à  1 999;False;1978-01-01;84.11Z;2008;6585.0;Autre société civile professionnelle;6  à  9;<NA>;<NA>;2008;M;71;71.1;71.11;71.11Z;1999-01-02;(47.245578, 6.015173);Besançon;Doubs;Bourgogne-Franche-Comté;(48.106542, 5.152666);Chaumont;Haute-Marne;Grand Est;;;;;;;;
