procedure_acceleree;cpv_supp;publicite;omc;allotissement;modifie;decision;adresse_fournisseur;siren_fournisseur;siren_fournisseur_connu;nom_siren_fournisseur;nom_declare_fournisseur;date_avis_attribution;adresse_acheteur;siren_acheteur;siren_acheteur_connu;nom_siren_acheteur;nom_declare_acheteur;date_avis_marche;debut_contrat;type_contrat;intitule_critere;type_critere;poids_critere;duree;clause_environnementale;valeur_totale_estimee;financement_ue;lieu_execution;type_accord_cadre;nom_fonds_ue;id_boamp_attribution;id_boamp_contrat;prix_attribution_lot;valeur_estimee_lot;id_lot;cpv;valeur_max_totale_accord_cadre;nombre_lots;nombre_offres;nombre_offres_pme;objet;procedure;id_projet;renouvellement;marche_reserve;favorable_pme;clause_sociale;strategique_environnemental;strategique_social;valeur_totale;code_statut_juridique_acheteur;nom_statut_juridique_acheteur;effectif_acheteur;acheteur_ess;date_creation_acheteur;code_activite_principale_acheteur;version_activite_acheteur;code_statut_juridique_fournisseur;nom_statut_juridique_fournisseur;effectif_fournisseur;fournisseur_ess;fournisseur_mission;version_activite_fournisseur;niveau_activite1_fournisseur;niveau_activite2_fournisseur;niveau_activite3_fournisseur;niveau_activite4_fournisseur;niveau_activite5_fournisseur;date_creation_fournisseur;gps_fournisseur;nom_commune_fournisseur;departement_fournisseur;region_fournisseur;gps_acheteur;nom_commune_acheteur;departement_acheteur;region_acheteur;epci_fournisseur;nom_epci_fournisseur;nature_epci_fournisseur;epci_acheteur;nom_epci_acheteur;nature_epci_acheteur;code_commune_fournisseur;code_commune_acheteur
False;;;True;False;False;attribue;{'StreetName': '52-56 rue Kleber', 'AdditionalStreetName': None, 'CityName': 'Levallois-Perret', 'PostalZone': '92300', 'Country': 'FRA'};503258766;True;STEAM'O;STEAMO;2026-09-05;{'StreetName': '211 avenue Jean Jaurès', 'AdditionalStreetName': None, 'CityName': 'Paris', 'PostalZone': '75019', 'Country': 'FRA'};391406956;True;ETS PUBLIC PARC GRANDE HALLE VILLETTE;EPPGHV;;;services;"['Critère ""valeur technique"", pondéré sur 60 points, avec 4 sous-critères :\nSous-critère 1 Méthodologie pour l’exécution des prestations 30 points;\nSous-critère 2 Moyens humains et techniques dédiés à l’exécution des prestations 20 points;\nSous-critère 3 Démarche environnementale 5 points;\nSous-critère 4 Méthodologie pour la performance énergétique 5 points.', 'Prix total sur la base d’un scénario incluant avec la partie forfaitaire (DPGF), des prix \nunitaires du BPU (DQE masqué) et des devis types pour la partie événementielle, sur 40 points']";['environnemental & social', 'prix'];[40.0, 60.0];1440.0;False;;False;{'StreetName': '211 avenue Jean Jaurès', 'CityName': 'Paris', 'PostalZone': '75019', 'NUTS': 'FR101', 'Country': 'FRA'};sans remise en concurrence;;26-85725;;;;LOT-0001;50000000;1600000.0;1;10;;Exploitation, maintenance multitechnique et amélioration de la performance énergétique et exploitation et permanence des installations électriques des activités évènementielles de l'EPPGHV;ouverte;2026MDEA0092;;;;False;False;False;;4110;Établissement public national à caractère industriel ou commercial doté d'un comptable public ;250  à  499;False;1993-06-01;90.01Z;2008;5710.0;SAS, société par actions simplifiée;100  à  199;False;<NA>;2008;F;43;43.2;43.22;43.22B;2008-03-13;(48.893624, 2.282986);Levallois-Perret;Hauts-de-Seine;Île-de-France;(48.888952, 2.392454);Paris;Paris;Île-de-France;;;;;;;;
False;['50800000', '63100000'];;True;False;False;attribue;{'StreetName': '167 RUE DE LA BELLE ETOILE', 'AdditionalStreetName': None, 'CityName': 'ROISSY-EN-FRANCE', 'PostalZone': '95700', 'Country': 'FRA'};330065889;True;EUROFLASH DEMENAGEMENTS;EUROFLASH DEMENAGEMENTS;2026-09-05;"{'StreetName': ""L'Orme des Merisiers - Départementale 128"", 'AdditionalStreetName': None, 'CityName': 'SAINT-AUBIN', 'PostalZone': '91190', 'Country': 'FRA'}";439684903;True;SYNCHROTRON SOLEIL;SYNCHROTRON SOLEIL;;2026-10-01+01:00;services;"['CRITERE 1 : Le prix des prestations : 50 points\nCe critère sera jugé sur les 2 sous-critères suivants :\n\uf0fc\tLe montant de la DPGF sur 30 points \n\uf0fc\tLe montant du BPU selon le cas présenté sur 20 points.\nPour chaque sous-critère, le calcul de la note attribuée aux autres entreprises sera réalisé avec la formule suivante :\n•\tLa note maximale sera attribuée à l’offre proposant le prix le plus bas.\n•\tLa note attribuée aux autres entreprises sera calculée selon la formule suivante :\nNote de X = nombre de points max x (cout de l’offre minimum / cout de l’offre de X).', '""CRITÈRE 2\xa0: VALEUR TECHNIQUE DE L’OFFRE\névaluation faite à partir du Cadre de Réponse Technique (CRT)""\t\t40\n\tSous-critère 1\tCompréhension des dispositions générales et particulières des prestations à réaliser\t10\n\t\tDans sa réponse, le candidat montre sa compréhension de l\'organisation de SOLEIL et de la prestation attendue. Compréhension des niveaux d’exigence des différents clients internes.\t\n\tSous-critère 2\tOrganisation dédiée à la réalisation des prestations\t10\n\t\tLe candidat présente l\'organisation permettant de répondre à l\'ensemble des prestations décrites dans le cahier des charges. Il précisera sa méthodologie pour l’organisation et la réalisation des travaux en détaillant les outils de pilotages, les outils de suivi et les moyens prévus.\t\n\tSous-critère 3\tMoyens mis en œuvre \t10\n\t\tLe candidat présente les moyens humains et matériels permettant d\'assurer la prestation. Entre autres, il sera évalué sur la capacité à mettre en place les remplacements prévus et non-prévus.\t\n\tSous-critère 4\tCapacité pour les maintenances simples (moyens et méthodologie)\t10\n\t\tLe candidat présente ses compétences en matière de maintenances simples ainsi que des moyens qu\'il est capable de mobiliser pour assurer ces prestations. \t\n\n\t""CRITÈRE 3\xa0: PERFORMANCE SOCIALE & ENVIRONNEMENTALE\névaluation faite à partir du Cadre de Réponse Technique (CRT)""\t\t10\n\tSous critère 1\tDémarche en faveur de la responsabilité sociétale de l\'entreprise dans le cadre des prestations réalisées pour SOLEIL\t5\n\t\xa0\tLe candidat présente sa prise en compte des enjeux sociétaux liés à la réalisation opérationnelle de la prestation réalisée pour SOLEIL. La description des actions que le candidat  met en oeuvre d\'une manière générale sera également prise en compte.\t\n\tSous critère 2\tDémarche en faveur des enjeux environnementaux de l\'entreprise dans le cadre des prestations réalisées pour SOLEIL\t5\n\t\xa0\tLe candidat décrit ses engagements concernant les mesures de protection de l\'environnement. Les éléments spécifiques à la prestation sur le site de SOLEIL seront prépondérants.']";['prix', 'environnemental & social'];;730.0;True;;False;{'StreetName': None, 'CityName': 'Saint-Aubin', 'PostalZone': None, 'NUTS': 'FR104', 'Country': 'FRA'};;;26-85730;;359397.0;;LOT-0001;79992000;;1;5;;Gestion logistique interne et activités de factotum (colis, courrier, maintenance simple et manutention) au Synchrotron SOLEIL.;ouverte;2026-042-CR;2.0;;;True;False;False;359397.0;6599;Autre société civile ;250  à  499;<NA>;2001-10-16;72.19Z;2008;5710.0;SAS, société par actions simplifiée;50  à  99;False;<NA>;2008;H;49;49.4;49.42;49.42Z;1984-06-07;(48.983206, 2.50783);Roissy-en-France;Val-d'Oise;Île-de-France;(48.712852, 2.144497);Saint-Aubin;Essonne;Île-de-France;;;;;;;;
False;['72212421'];;True;True;False;attribue;{'StreetName': '148 avenue Brossolette\nCS 20032\n92247 Malakoff Cedex', 'AdditionalStreetName': None, 'CityName': 'Malakoff', 'PostalZone': '92247 Malakoff Cedex', 'Country': 'FRA'};324103829;True;SPIE ICS;Groupement SPIE ICS (mandataire) / CAP VISIO;2026-09-05;{'StreetName': '13 PLACE VENDOME', 'AdditionalStreetName': None, 'CityName': 'Paris', 'PostalZone': '75042', 'Country': 'FRA'};110010014;True;MINISTERE DE LA JUSTICE;Ministère de la justice;;2026-08-04+01:00;fournitures;"[""Les critères d'attribution sont détaillés à l'article VI.2 du Règlement de \nconsultation."", ""Les critères d'attribution sont détaillés à l'article VI.2 du Règlement de \nconsultation.""]";['prix', 'qualite'];;1460.0;True;250000000.0;True;{'StreetName': None, 'CityName': None, 'PostalZone': None, 'NUTS': 'FR101', 'Country': 'FRA'};sans remise en concurrence;;26-85778;;65209467.22;90000000.0;LOT-0001;32412100;750000000.0;2;1;;Le présent accord-cadre a pour objet la fourniture, la maintenance et les services associés des solutions d’audiovisuelles et de visioconférence pour les Bénéficiaires de cet accord cadre.;ouverte;2026_VISIO;;;;False;False;False;750000000.0;7113;Ministère ;2 000  à  4 999;False;1981-06-23;84.23Z;2008;5710.0;SAS, société par actions simplifiée;2 000  à  4 999;False;<NA>;2008;J;62;62.0;62.02;62.02A;1982-04-01;(48.815656, 2.304636);Malakoff;Hauts-de-Seine;Île-de-France;(48.86779, 2.328745);Paris;Paris;Île-de-France;;;;;;;;
False;['72212421'];;True;True;False;attribue;{'StreetName': '148 avenue Brossolette\nCS 20032\n92247 Malakoff Cedex', 'AdditionalStreetName': None, 'CityName': 'Malakoff', 'PostalZone': '92247 Malakoff Cedex', 'Country': 'FRA'};324103829;True;SPIE ICS;Groupement SPIE ICS (mandataire) / CAP VISIO;2026-09-05;{'StreetName': '13 PLACE VENDOME', 'AdditionalStreetName': None, 'CityName': 'Paris', 'PostalZone': '75042', 'Country': 'FRA'};110010014;True;MINISTERE DE LA JUSTICE;Ministère de la justice;;2026-08-04+01:00;fournitures;"[""Les critères d'attribution sont énoncés à l'article VI.2 du règlement de la consultation.""]";['prix'];[100];1460.0;True;250000000.0;True;{'StreetName': None, 'CityName': None, 'PostalZone': None, 'NUTS': 'FR101', 'Country': 'FRA'};sans remise en concurrence;;26-85778;;153495685.22;160000000.0;LOT-0002;32412100;750000000.0;2;1;;Le présent accord-cadre a pour objet la fourniture, la maintenance et les services associés des solutions d’audiovisuelles et de visioconférence pour les Bénéficiaires de cet accord cadre.;ouverte;2026_VISIO;;;;False;False;False;750000000.0;7113;Ministère ;2 000  à  4 999;False;1981-06-23;84.23Z;2008;5710.0;SAS, société par actions simplifiée;2 000  à  4 999;False;<NA>;2008;J;62;62.0;62.02;62.02A;1982-04-01;(48.815656, 2.304636);Malakoff;Hauts-de-Seine;Île-de-France;(48.86779, 2.328745);Paris;Paris;Île-de-France;;;;;;;;
False;;;True;False;False;attribue;{'StreetName': None, 'AdditionalStreetName': None, 'CityName': 'Nantes', 'PostalZone': '44200', 'Country': 'FRA'};345081459;True;SCE;SCE SAS;2026-09-05;{'StreetName': '21-23 rue Miollis', 'AdditionalStreetName': None, 'CityName': 'Paris', 'PostalZone': '75015', 'Country': 'FRA'};130012354;True;DIRECTION REGIONALE ET INTERDEPARTEMENTALE DE L'EQUIPEMENT ET DE L'AMENAGEMENT ILE-DE-FRANCE;DRIEAT IF;;;services;['Prix', 'Valeur technique', 'Valeur environnementale'];['prix', 'technique', 'environnemental'];[40.0, 40.0, 20.0];1440.0;True;;False;{'StreetName': None, 'CityName': 'Épiais-lès-Louvres', 'PostalZone': None, 'NUTS': 'FR108', 'Country': 'FRA'};;;26-85803;;168330.0;;LOT-0001;71322000;;1;2;;Mission de MOE relative à la remise en état de l’ouvrage d’art PI21 franchissant la bretelle Cergy - Paris de la RN104, de l’ouvrage d’art B15 franchissant l’A1 et de la chaussée de la VPN;ouverte;DRIEAT-DIRIF-DMRNO-AOO-26-016;;;;False;False;False;168330.0;7171;Service déconcentré de l'État à compétence (inter) régionale ;;False;2010-07-01;84.13Z;2008;5710.0;SAS, société par actions simplifiée;500  à  999;False;False;2008;M;71;71.1;71.12;71.12B;1988-05-02;;Nantes;Loire-Atlantique;Pays de la Loire;(48.84563, 2.303466);Paris;Paris;Île-de-France;;;;;;;;
False;['79611000'];61.0;True;True;False;attribue;{'StreetName': '11 rue Waldeck Rousseau', 'AdditionalStreetName': None, 'CityName': 'Anzin', 'PostalZone': '59410', 'Country': 'FRA'};851258855;True;POLE HAINAUT CAMBRESIS DES ACTEURS REUNIS DE L ESS;POLE HAINAUT-CAMBRÉSIS DES ACTEURS RÉUNIS DE L'ESS (PHARE);2026-09-05;{'StreetName': '55bis boulevard WATTEAU', 'AdditionalStreetName': None, 'CityName': 'VALENCIENNES', 'PostalZone': '59300', 'Country': 'FRA'};130020969;True;GROUPEMENT D'INTERET PUBLIC EUROPE EN HAINAUT;GIP EUROPE EN HAINAUT;2024-07-10;;services;['Le critère « Prix » est évalué sur 20 points et représente 30 % de la note finale.'];['prix'];[100];600.0;False;;True;{'StreetName': None, 'CityName': None, 'PostalZone': None, 'NUTS': 'FRE11', 'Country': 'FRA'};sans remise en concurrence;;26-85691;24-80237;68000.0;;LOT-0001;85300000;;17;1;;Marché d'insertion socio-professionnelle pour une transition juste des demandeurs d'emploi et/ou allocataires du RSA;ouverte;N°2026-MP-2702-01;1.0;False;False;False;False;False;;7410;Groupement d'intérêt public (GIP) ;6  à  9;<NA>;2015-01-01;84.12Z;2008;9220.0;Association déclarée ;6  à  9;True;<NA>;2008;S;94;94.9;94.99;94.99Z;2019-05-09;(50.373026, 3.507709);Anzin;Nord;Hauts-de-France;(50.354907, 3.530486);Valenciennes;Nord;Hauts-de-France;;;;;;;;
False;['79611000'];61.0;True;True;False;attribue;{'StreetName': '710 rue Gustave Delory', 'AdditionalStreetName': None, 'CityName': 'la Sentinelle', 'PostalZone': '59174', 'Country': 'FRA'};530807700;True;LA CLEF DU PERMIS;La Clef du Permis;2026-09-05;{'StreetName': '55bis boulevard WATTEAU', 'AdditionalStreetName': None, 'CityName': 'VALENCIENNES', 'PostalZone': '59300', 'Country': 'FRA'};130020969;True;GROUPEMENT D'INTERET PUBLIC EUROPE EN HAINAUT;GIP EUROPE EN HAINAUT;2024-07-10;;services;['Le critère « Prix » est évalué sur 20 points et représente 30 % de la note finale.'];['prix'];[100];600.0;False;;True;{'StreetName': None, 'CityName': None, 'PostalZone': None, 'NUTS': 'FRE11', 'Country': 'FRA'};sans remise en concurrence;;26-85691;24-80237;30000.0;;LOT-0002;85300000;;17;1;;Marché d'insertion socio-professionnelle pour une transition juste des demandeurs d'emploi et/ou allocataires du RSA;ouverte;N°2026-MP-2702-01;1.0;False;False;False;False;False;;7410;Groupement d'intérêt public (GIP) ;6  à  9;<NA>;2015-01-01;84.12Z;2008;9220.0;Association déclarée ;10  à  19;True;<NA>;2008;P;85;85.5;85.53;85.53Z;2010-05-11;(50.353119, 3.469345);La Sentinelle;Nord;Hauts-de-France;(50.354907, 3.530486);Valenciennes;Nord;Hauts-de-France;;;;;;;;
False;['79611000'];61.0;True;True;False;attribue;{'StreetName': '11 rue Waldeck Rousseau', 'AdditionalStreetName': None, 'CityName': 'Anzin', 'PostalZone': '59410', 'Country': 'FRA'};851258855;True;POLE HAINAUT CAMBRESIS DES ACTEURS REUNIS DE L ESS;POLE HAINAUT-CAMBRÉSIS DES ACTEURS RÉUNIS DE L'ESS (PHARE);2026-09-05;{'StreetName': '55bis boulevard WATTEAU', 'AdditionalStreetName': None, 'CityName': 'VALENCIENNES', 'PostalZone': '59300', 'Country': 'FRA'};130020969;True;GROUPEMENT D'INTERET PUBLIC EUROPE EN HAINAUT;GIP EUROPE EN HAINAUT;2024-07-10;;services;['Le critère « Prix » est évalué sur 20 points et représente 30 % de la note finale.'];['prix'];[100];600.0;False;;True;{'StreetName': None, 'CityName': None, 'PostalZone': None, 'NUTS': 'FRE11', 'Country': 'FRA'};sans remise en concurrence;;26-85691;24-80237;68000.0;;LOT-0003;85300000;;17;1;;Marché d'insertion socio-professionnelle pour une transition juste des demandeurs d'emploi et/ou allocataires du RSA;ouverte;N°2026-MP-2702-01;1.0;False;False;False;False;False;;7410;Groupement d'intérêt public (GIP) ;6  à  9;<NA>;2015-01-01;84.12Z;2008;9220.0;Association déclarée ;6  à  9;True;<NA>;2008;S;94;94.9;94.99;94.99Z;2019-05-09;(50.373026, 3.507709);Anzin;Nord;Hauts-de-France;(50.354907, 3.530486);Valenciennes;Nord;Hauts-de-France;;;;;;;;
False;['79611000'];61.0;True;True;False;attribue;{'StreetName': '710 rue Gustave Delory', 'AdditionalStreetName': None, 'CityName': 'la Sentinelle', 'PostalZone': '59174', 'Country': 'FRA'};530807700;True;LA CLEF DU PERMIS;La Clef du Permis;2026-09-05;{'StreetName': '55bis boulevard WATTEAU', 'AdditionalStreetName': None, 'CityName': 'VALENCIENNES', 'PostalZone': '59300', 'Country': 'FRA'};130020969;True;GROUPEMENT D'INTERET PUBLIC EUROPE EN HAINAUT;GIP EUROPE EN HAINAUT;2024-07-10;;services;['Le critère « Prix » est évalué sur 20 points et représente 30 % de la note finale.'];['prix'];[100];600.0;False;;True;{'StreetName': None, 'CityName': None, 'PostalZone': None, 'NUTS': 'FRE11', 'Country': 'FRA'};sans remise en concurrence;;26-85691;24-80237;30000.0;;LOT-0004;85300000;;17;1;;Marché d'insertion socio-professionnelle pour une transition juste des demandeurs d'emploi et/ou allocataires du RSA;ouverte;N°2026-MP-2702-01;1.0;False;False;False;False;False;;7410;Groupement d'intérêt public (GIP) ;6  à  9;<NA>;2015-01-01;84.12Z;2008;9220.0;Association déclarée ;10  à  19;True;<NA>;2008;P;85;85.5;85.53;85.53Z;2010-05-11;(50.353119, 3.469345);La Sentinelle;Nord;Hauts-de-France;(50.354907, 3.530486);Valenciennes;Nord;Hauts-de-France;;;;;;;;
False;['79611000'];61.0;True;True;False;attribue;{'StreetName': '710 rue Gustave Delory', 'AdditionalStreetName': None, 'CityName': 'la Sentinelle', 'PostalZone': '59174', 'Country': 'FRA'};530807700;True;LA CLEF DU PERMIS;La Clef du Permis;2026-09-05;{'StreetName': '55bis boulevard WATTEAU', 'AdditionalStreetName': None, 'CityName': 'VALENCIENNES', 'PostalZone': '59300', 'Country': 'FRA'};130020969;True;GROUPEMENT D'INTERET PUBLIC EUROPE EN HAINAUT;GIP EUROPE EN HAINAUT;2024-07-10;;services;['Le critère « Prix » est évalué sur 20 points et représente 30 % de la note finale.'];['prix'];[100];600.0;False;;True;{'StreetName': None, 'CityName': None, 'PostalZone': None, 'NUTS': 'FRE11', 'Country': 'FRA'};sans remise en concurrence;;26-85691;24-80237;46400.0;;LOT-0005;85300000;;17;2;;Marché d'insertion socio-professionnelle pour une transition juste des demandeurs d'emploi et/ou allocataires du RSA;ouverte;N°2026-MP-2702-01;1.0;False;False;False;False;False;;7410;Groupement d'intérêt public (GIP) ;6  à  9;<NA>;2015-01-01;84.12Z;2008;9220.0;Association déclarée ;10  à  19;True;<NA>;2008;P;85;85.5;85.53;85.53Z;2010-05-11;(50.353119, 3.469345);La Sentinelle;Nord;Hauts-de-France;(50.354907, 3.530486);Valenciennes;Nord;Hauts-de-France;;;;;;;;
False;['79611000'];61.0;True;True;False;attribue;{'StreetName': '710 rue Gustave Delory', 'AdditionalStreetName': None, 'CityName': 'la Sentinelle', 'PostalZone': '59174', 'Country': 'FRA'};530807700;True;LA CLEF DU PERMIS;La Clef du Permis;2026-09-05;{'StreetName': '55bis boulevard WATTEAU', 'AdditionalStreetName': None, 'CityName': 'VALENCIENNES', 'PostalZone': '59300', 'Country': 'FRA'};130020969;True;GROUPEMENT D'INTERET PUBLIC EUROPE EN HAINAUT;GIP EUROPE EN HAINAUT;2024-07-10;;services;['Le critère « Prix » est évalué sur 20 points et représente 30 % de la note finale.'];['prix'];[100];600.0;False;;True;{'StreetName': None, 'CityName': None, 'PostalZone': None, 'NUTS': 'FRE11', 'Country': 'FRA'};sans remise en concurrence;;26-85691;24-80237;23200.0;;LOT-0006;85300000;;17;2;;Marché d'insertion socio-professionnelle pour une transition juste des demandeurs d'emploi et/ou allocataires du RSA;ouverte;N°2026-MP-2702-01;1.0;False;False;False;False;False;;7410;Groupement d'intérêt public (GIP) ;6  à  9;<NA>;2015-01-01;84.12Z;2008;9220.0;Association déclarée ;10  à  19;True;<NA>;2008;P;85;85.5;85.53;85.53Z;2010-05-11;(50.353119, 3.469345);La Sentinelle;Nord;Hauts-de-France;(50.354907, 3.530486);Valenciennes;Nord;Hauts-de-France;;;;;;;;
False;['79611000'];61.0;True;True;False;attribue;{'StreetName': '219 rue Jean Jaurès', 'AdditionalStreetName': None, 'CityName': 'FRESNES-SUR-ESCAUT', 'PostalZone': '59970', 'Country': 'FRA'};379486368;True;ASSOCIATION ESPOIR AVENIR;ESPOIR AVENIR;2026-09-05;{'StreetName': '55bis boulevard WATTEAU', 'AdditionalStreetName': None, 'CityName': 'VALENCIENNES', 'PostalZone': '59300', 'Country': 'FRA'};130020969;True;GROUPEMENT D'INTERET PUBLIC EUROPE EN HAINAUT;GIP EUROPE EN HAINAUT;2024-07-10;;services;['Le critère « Prix » est évalué sur 20 points et représente 30 % de la note finale.'];['prix'];[100];600.0;False;;True;{'StreetName': None, 'CityName': None, 'PostalZone': None, 'NUTS': 'FRE11', 'Country': 'FRA'};sans remise en concurrence;;26-85691;24-80237;72000.0;;LOT-0007;85300000;;17;3;;Marché d'insertion socio-professionnelle pour une transition juste des demandeurs d'emploi et/ou allocataires du RSA;ouverte;N°2026-MP-2702-01;1.0;False;False;False;False;False;;7410;Groupement d'intérêt public (GIP) ;6  à  9;<NA>;2015-01-01;84.12Z;2008;9220.0;Association déclarée ;50  à  99;True;<NA>;2008;Q;88;88.9;88.99;88.99B;1990-02-27;(50.428126, 3.569262);Fresnes-sur-Escaut;Nord;Hauts-de-France;(50.354907, 3.530486);Valenciennes;Nord;Hauts-de-France;;;;;;;;
False;['79611000'];61.0;True;True;False;non attribue;;;False;;;2026-09-05;{'StreetName': '55bis boulevard WATTEAU', 'AdditionalStreetName': None, 'CityName': 'VALENCIENNES', 'PostalZone': '59300', 'Country': 'FRA'};130020969;True;GROUPEMENT D'INTERET PUBLIC EUROPE EN HAINAUT;GIP EUROPE EN HAINAUT;2024-07-10;;services;['Le critère « Prix » est évalué sur 20 points et représente 30 % de la note finale.'];['prix'];[100];600.0;False;;True;{'StreetName': None, 'CityName': None, 'PostalZone': None, 'NUTS': 'FRE11', 'Country': 'FRA'};sans remise en concurrence;;26-85691;24-80237;;;LOT-0008;85300000;;17;0;;Marché d'insertion socio-professionnelle pour une transition juste des demandeurs d'emploi et/ou allocataires du RSA;ouverte;N°2026-MP-2702-01;1.0;False;False;False;False;False;;7410;Groupement d'intérêt public (GIP) ;6  à  9;<NA>;2015-01-01;84.12Z;2008;;;;;;<NA>;;;;;<NA>;<NA>;;;;;(50.354907, 3.530486);Valenciennes;Nord;Hauts-de-France;;;;;;;;
False;['79611000'];61.0;True;True;False;non attribue;;;False;;;2026-09-05;{'StreetName': '55bis boulevard WATTEAU', 'AdditionalStreetName': None, 'CityName': 'VALENCIENNES', 'PostalZone': '59300', 'Country': 'FRA'};130020969;True;GROUPEMENT D'INTERET PUBLIC EUROPE EN HAINAUT;GIP EUROPE EN HAINAUT;2024-07-10;;services;['Le critère « Prix » est évalué sur 20 points et représente 30 % de la note finale.'];['prix'];[100];600.0;False;;True;{'StreetName': None, 'CityName': None, 'PostalZone': None, 'NUTS': 'FRE11', 'Country': 'FRA'};sans remise en concurrence;;26-85691;24-80237;;;LOT-0009;85300000;;17;0;;Marché d'insertion socio-professionnelle pour une transition juste des demandeurs d'emploi et/ou allocataires du RSA;ouverte;N°2026-MP-2702-01;1.0;False;False;False;False;False;;7410;Groupement d'intérêt public (GIP) ;6  à  9;<NA>;2015-01-01;84.12Z;2008;;;;;;<NA>;;;;;<NA>;<NA>;;;;;(50.354907, 3.530486);Valenciennes;Nord;Hauts-de-France;;;;;;;;
False;['79611000'];61.0;True;True;False;non attribue;;;False;;;2026-09-05;{'StreetName': '55bis boulevard WATTEAU', 'AdditionalStreetName': None, 'CityName': 'VALENCIENNES', 'PostalZone': '59300', 'Country': 'FRA'};130020969;True;GROUPEMENT D'INTERET PUBLIC EUROPE EN HAINAUT;GIP EUROPE EN HAINAUT;2024-07-10;;services;['Le critère « Prix » est évalué sur 20 points et représente 30 % de la note finale.'];['prix'];[100];600.0;False;;True;{'StreetName': None, 'CityName': None, 'PostalZone': None, 'NUTS': 'FRE11', 'Country': 'FRA'};sans remise en concurrence;;26-85691;24-80237;;;LOT-0010;85300000;;17;0;;Marché d'insertion socio-professionnelle pour une transition juste des demandeurs d'emploi et/ou allocataires du RSA;ouverte;N°2026-MP-2702-01;1.0;False;False;False;False;False;;7410;Groupement d'intérêt public (GIP) ;6  à  9;<NA>;2015-01-01;84.12Z;2008;;;;;;<NA>;;;;;<NA>;<NA>;;;;;(50.354907, 3.530486);Valenciennes;Nord;Hauts-de-France;;;;;;;;
False;['79611000'];61.0;True;True;False;non attribue;;;False;;;2026-09-05;{'StreetName': '55bis boulevard WATTEAU', 'AdditionalStreetName': None, 'CityName': 'VALENCIENNES', 'PostalZone': '59300', 'Country': 'FRA'};130020969;True;GROUPEMENT D'INTERET PUBLIC EUROPE EN HAINAUT;GIP EUROPE EN HAINAUT;2024-07-10;;services;['Le critère « Prix » est évalué sur 20 points et représente 30 % de la note finale.'];['prix'];[100];600.0;False;;True;{'StreetName': None, 'CityName': None, 'PostalZone': None, 'NUTS': 'FRE11', 'Country': 'FRA'};sans remise en concurrence;;26-85691;24-80237;;;LOT-0011;85300000;;17;0;;Marché d'insertion socio-professionnelle pour une transition juste des demandeurs d'emploi et/ou allocataires du RSA;ouverte;N°2026-MP-2702-01;1.0;False;False;False;False;False;;7410;Groupement d'intérêt public (GIP) ;6  à  9;<NA>;2015-01-01;84.12Z;2008;;;;;;<NA>;;;;;<NA>;<NA>;;;;;(50.354907, 3.530486);Valenciennes;Nord;Hauts-de-France;;;;;;;;
False;['79611000'];61.0;True;True;False;attribue;{'StreetName': 'Lycée Elisa LEMONNIER - 817 rue Charles Bourseul - BP 80809', 'AdditionalStreetName': None, 'CityName': 'DOUAI CEDEX', 'PostalZone': '59508', 'Country': 'FRA'};195900659;True;LYCEE POLYVALENT ELISA LEMONNIER;GRETA GRAND HAINAUT;2026-09-05;{'StreetName': '55bis boulevard WATTEAU', 'AdditionalStreetName': None, 'CityName': 'VALENCIENNES', 'PostalZone': '59300', 'Country': 'FRA'};130020969;True;GROUPEMENT D'INTERET PUBLIC EUROPE EN HAINAUT;GIP EUROPE EN HAINAUT;2024-07-10;;services;['Le critère « Prix » est évalué sur 20 points et représente 30 % de la note finale.'];['prix'];[100];600.0;False;;True;{'StreetName': None, 'CityName': None, 'PostalZone': None, 'NUTS': 'FRE11', 'Country': 'FRA'};sans remise en concurrence;;26-85691;24-80237;107360.0;;LOT-0012;85300000;;17;3;;Marché d'insertion socio-professionnelle pour une transition juste des demandeurs d'emploi et/ou allocataires du RSA;ouverte;N°2026-MP-2702-01;1.0;False;False;False;False;False;;7410;Groupement d'intérêt public (GIP) ;6  à  9;<NA>;2015-01-01;84.12Z;2008;7331.0;Établissement public local d'enseignement ;500  à  999;False;<NA>;2008;P;85;85.3;85.31;85.31Z;1964-05-01;(50.376442, 3.068705);Douai;Nord;Hauts-de-France;(50.354907, 3.530486);Valenciennes;Nord;Hauts-de-France;;;;;;;;
False;['79611000'];61.0;True;True;False;attribue;{'StreetName': 'Lycée Elisa LEMONNIER - 817 rue Charles Bourseul - BP 80809', 'AdditionalStreetName': None, 'CityName': 'DOUAI CEDEX', 'PostalZone': '59508', 'Country': 'FRA'};195900659;True;LYCEE POLYVALENT ELISA LEMONNIER;GRETA GRAND HAINAUT;2026-09-05;{'StreetName': '55bis boulevard WATTEAU', 'AdditionalStreetName': None, 'CityName': 'VALENCIENNES', 'PostalZone': '59300', 'Country': 'FRA'};130020969;True;GROUPEMENT D'INTERET PUBLIC EUROPE EN HAINAUT;GIP EUROPE EN HAINAUT;2024-07-10;;services;['Le critère « Prix » est évalué sur 20 points et représente 30 % de la note finale.'];['prix'];[100];600.0;False;;True;{'StreetName': None, 'CityName': None, 'PostalZone': None, 'NUTS': 'FRE11', 'Country': 'FRA'};sans remise en concurrence;;26-85691;24-80237;53680.0;;LOT-0013;85300000;;17;4;;Marché d'insertion socio-professionnelle pour une transition juste des demandeurs d'emploi et/ou allocataires du RSA;ouverte;N°2026-MP-2702-01;1.0;False;False;False;False;False;;7410;Groupement d'intérêt public (GIP) ;6  à  9;<NA>;2015-01-01;84.12Z;2008;7331.0;Établissement public local d'enseignement ;500  à  999;False;<NA>;2008;P;85;85.3;85.31;85.31Z;1964-05-01;(50.376442, 3.068705);Douai;Nord;Hauts-de-France;(50.354907, 3.530486);Valenciennes;Nord;Hauts-de-France;;;;;;;;
False;['79611000'];61.0;True;True;False;attribue;{'StreetName': 'Lycée Elisa LEMONNIER - 817 rue Charles Bourseul - BP 80809', 'AdditionalStreetName': None, 'CityName': 'DOUAI CEDEX', 'PostalZone': '59508', 'Country': 'FRA'};195900659;True;LYCEE POLYVALENT ELISA LEMONNIER;GRETA GRAND HAINAUT;2026-09-05;{'StreetName': '55bis boulevard WATTEAU', 'AdditionalStreetName': None, 'CityName': 'VALENCIENNES', 'PostalZone': '59300', 'Country': 'FRA'};130020969;True;GROUPEMENT D'INTERET PUBLIC EUROPE EN HAINAUT;GIP EUROPE EN HAINAUT;2024-07-10;;services;['Le critère « Prix » est évalué sur 20 points et représente 30 % de la note finale.'];['prix'];[100];600.0;False;;True;{'StreetName': None, 'CityName': None, 'PostalZone': None, 'NUTS': 'FRE11', 'Country': 'FRA'};sans remise en concurrence;;26-85691;24-80237;57600.0;;LOT-0014;85300000;;17;2;;Marché d'insertion socio-professionnelle pour une transition juste des demandeurs d'emploi et/ou allocataires du RSA;ouverte;N°2026-MP-2702-01;1.0;False;False;False;False;False;;7410;Groupement d'intérêt public (GIP) ;6  à  9;<NA>;2015-01-01;84.12Z;2008;7331.0;Établissement public local d'enseignement ;500  à  999;False;<NA>;2008;P;85;85.3;85.31;85.31Z;1964-05-01;(50.376442, 3.068705);Douai;Nord;Hauts-de-France;(50.354907, 3.530486);Valenciennes;Nord;Hauts-de-France;;;;;;;;
False;['79611000'];61.0;True;True;False;attribue;{'StreetName': 'Lycée Elisa LEMONNIER - 817 rue Charles Bourseul - BP 80809', 'AdditionalStreetName': None, 'CityName': 'DOUAI CEDEX', 'PostalZone': '59508', 'Country': 'FRA'};195900659;True;LYCEE POLYVALENT ELISA LEMONNIER;GRETA GRAND HAINAUT;2026-09-05;{'StreetName': '55bis boulevard WATTEAU', 'AdditionalStreetName': None, 'CityName': 'VALENCIENNES', 'PostalZone': '59300', 'Country': 'FRA'};130020969;True;GROUPEMENT D'INTERET PUBLIC EUROPE EN HAINAUT;GIP EUROPE EN HAINAUT;2024-07-10;;services;['Le critère « Prix » est évalué sur 20 points et représente 30 % de la note finale.'];['prix'];[100];600.0;False;;True;{'StreetName': None, 'CityName': None, 'PostalZone': None, 'NUTS': 'FRE11', 'Country': 'FRA'};sans remise en concurrence;;26-85691;24-80237;28800.0;;LOT-0015;85300000;;17;1;;Marché d'insertion socio-professionnelle pour une transition juste des demandeurs d'emploi et/ou allocataires du RSA;ouverte;N°2026-MP-2702-01;1.0;False;False;False;False;False;;7410;Groupement d'intérêt public (GIP) ;6  à  9;<NA>;2015-01-01;84.12Z;2008;7331.0;Établissement public local d'enseignement ;500  à  999;False;<NA>;2008;P;85;85.3;85.31;85.31Z;1964-05-01;(50.376442, 3.068705);Douai;Nord;Hauts-de-France;(50.354907, 3.530486);Valenciennes;Nord;Hauts-de-France;;;;;;;;
False;['79611000'];61.0;True;True;False;attribue;{'StreetName': 'Lycée Elisa LEMONNIER - 817 rue Charles Bourseul - BP 80809', 'AdditionalStreetName': None, 'CityName': 'DOUAI CEDEX', 'PostalZone': '59508', 'Country': 'FRA'};195900659;True;LYCEE POLYVALENT ELISA LEMONNIER;GRETA GRAND HAINAUT;2026-09-05;{'StreetName': '55bis boulevard WATTEAU', 'AdditionalStreetName': None, 'CityName': 'VALENCIENNES', 'PostalZone': '59300', 'Country': 'FRA'};130020969;True;GROUPEMENT D'INTERET PUBLIC EUROPE EN HAINAUT;GIP EUROPE EN HAINAUT;2024-07-10;;services;['Le critère « Prix » est évalué sur 20 points et représente 30 % de la note finale.'];['prix'];[100];600.0;False;;True;{'StreetName': None, 'CityName': None, 'PostalZone': None, 'NUTS': 'FRE11', 'Country': 'FRA'};sans remise en concurrence;;26-85691;24-80237;235200.0;;LOT-0016;85300000;;17;4;;Marché d'insertion socio-professionnelle pour une transition juste des demandeurs d'emploi et/ou allocataires du RSA;ouverte;N°2026-MP-2702-01;1.0;False;False;False;False;False;;7410;Groupement d'intérêt public (GIP) ;6  à  9;<NA>;2015-01-01;84.12Z;2008;7331.0;Établissement public local d'enseignement ;500  à  999;False;<NA>;2008;P;85;85.3;85.31;85.31Z;1964-05-01;(50.376442, 3.068705);Douai;Nord;Hauts-de-France;(50.354907, 3.530486);Valenciennes;Nord;Hauts-de-France;;;;;;;;
False;['79611000'];61.0;True;True;False;non attribue;;;False;;;2026-09-05;{'StreetName': '55bis boulevard WATTEAU', 'AdditionalStreetName': None, 'CityName': 'VALENCIENNES', 'PostalZone': '59300', 'Country': 'FRA'};130020969;True;GROUPEMENT D'INTERET PUBLIC EUROPE EN HAINAUT;GIP EUROPE EN HAINAUT;2024-07-10;;services;['Le critère « Prix » est évalué sur 20 points et représente 30 % de la note finale.'];['prix'];[100];600.0;False;;True;{'StreetName': None, 'CityName': None, 'PostalZone': None, 'NUTS': 'FRE11', 'Country': 'FRA'};sans remise en concurrence;;26-85691;24-80237;;;LOT-0017;85300000;;17;2;;Marché d'insertion socio-professionnelle pour une transition juste des demandeurs d'emploi et/ou allocataires du RSA;ouverte;N°2026-MP-2702-01;1.0;False;False;False;False;False;;7410;Groupement d'intérêt public (GIP) ;6  à  9;<NA>;2015-01-01;84.12Z;2008;;;;;;<NA>;;;;;<NA>;<NA>;;;;;(50.354907, 3.530486);Valenciennes;Nord;Hauts-de-France;;;;;;;;
False;;;;False;False;attribue;{'StreetName': '399, rue Georges Séguy', 'AdditionalStreetName': None, 'CityName': 'Montpellier', 'PostalZone': '34080', 'Country': 'FRA'};492706338;True;CEREG INGENIERIE  SARL;CEREG INGENIERIE;2026-09-05;{'StreetName': '315 avenue St Baldou', 'AdditionalStreetName': None, 'CityName': 'Cavaillon', 'PostalZone': '84300', 'Country': 'FRA'};200040442;True;CA LUBERON MONTS DE VAUCLUSE;Communauté d'Agglomération Luberon Monts de Vaucluse;;;services;['40', '60'];['prix', 'qualite'];[40.0, 60.0];720.0;False;650000.0;False;{'StreetName': None, 'CityName': 'cavaillon', 'PostalZone': None, 'NUTS': 'FRL06', 'Country': 'FRA'};;;26-85736;;508376.0;0.0;LOT-0001;79311000;;1;3;;Diagnostic schéma directeur assainissement pour la commune de Cavaillon;restreinte;26EAPI01;;;;False;False;False;508376.0;7348;Communauté d'agglomération ;250  à  499;False;2014-01-01;84.11Z;2008;5710.0;SAS, société par actions simplifiée;50  à  99;False;<NA>;2008;M;71;71.1;71.12;71.12B;2006-11-20;(43.619281, 3.824964);Montpellier;Hérault;Occitanie;(43.849099, 5.034352);Cavaillon;Vaucluse;Provence-Alpes-Côte d'Azur;;;;;;;;
False;;;True;True;False;attribue;{'StreetName': '56 rue Trousseau', 'AdditionalStreetName': None, 'CityName': 'PARIS', 'PostalZone': '75011', 'Country': 'FRA'};388866469;True;CTS FRANCE;CTS FRANCE;2026-09-05;{'StreetName': 'Hôtel de Ville-Quai du port', 'AdditionalStreetName': None, 'CityName': 'Marseille Cedex 20', 'PostalZone': '13233', 'Country': 'FRA'};211300553;True;COMMUNE DE MARSEILLE;Ville de Marseille;;;fournitures;"[""Valeur technique de l'offre"", 'Prix de l’offre', 'Valeur développement durable']";['technique', 'prix', 'environnemental'];[60.0, 30.0, 10.0];360.0;False;;False;{'StreetName': None, 'CityName': None, 'PostalZone': None, 'NUTS': 'FRL04', 'Country': 'FRA'};;;26-85746;;90000.0;;LOT-0001;39300000;;6;3;;Acquisition de fournitures spécifiques de conservation pour les services de la Ville de Marseille;ouverte;25_2223;3.0;;;False;False;False;11200000.0;7210;Commune et commune nouvelle ;10 000  et plus ;False;1960-01-01;84.11Z;2008;5499.0;Société à responsabilité limitée (sans autre indication);3  à  5;False;<NA>;2008;G;46;46.9;46.9;46.90Z;1992-09-20;(48.853011, 2.379397);Paris;Paris;Île-de-France;;;;;;;;;;;;
False;;;True;True;False;attribue;{'StreetName': '56 rue Trousseau', 'AdditionalStreetName': None, 'CityName': 'PARIS', 'PostalZone': '75011', 'Country': 'FRA'};388866469;True;CTS FRANCE;CTS FRANCE;2026-09-05;{'StreetName': 'Hôtel de Ville-Quai du port', 'AdditionalStreetName': None, 'CityName': 'Marseille Cedex 20', 'PostalZone': '13233', 'Country': 'FRA'};211300553;True;COMMUNE DE MARSEILLE;Ville de Marseille;;;fournitures;[];[];;360.0;False;;False;{'StreetName': None, 'CityName': None, 'PostalZone': None, 'NUTS': 'FRL04', 'Country': 'FRA'};;;26-85746;;76000.0;;LOT-0002;39300000;;6;3;;Acquisition de fournitures spécifiques de conservation pour les services de la Ville de Marseille;ouverte;25_2223;3.0;;;False;False;False;11200000.0;7210;Commune et commune nouvelle ;10 000  et plus ;False;1960-01-01;84.11Z;2008;5499.0;Société à responsabilité limitée (sans autre indication);3  à  5;False;<NA>;2008;G;46;46.9;46.9;46.90Z;1992-09-20;(48.853011, 2.379397);Paris;Paris;Île-de-France;;;;;;;;;;;;
False;;;True;True;False;non attribue;;;False;;;2026-09-05;{'StreetName': 'Hôtel de Ville-Quai du port', 'AdditionalStreetName': None, 'CityName': 'Marseille Cedex 20', 'PostalZone': '13233', 'Country': 'FRA'};211300553;True;COMMUNE DE MARSEILLE;Ville de Marseille;;;fournitures;"['Valeur technique', ""Prix de l'offre"", 'Développement durable']";['technique', 'prix', 'environnemental'];[60.0, 30.0, 10.0];360.0;False;;False;{'StreetName': None, 'CityName': None, 'PostalZone': None, 'NUTS': 'FRL04', 'Country': 'FRA'};;;26-85746;;;;LOT-0003;39300000;;6;2;;Acquisition de fournitures spécifiques de conservation pour les services de la Ville de Marseille;ouverte;25_2223;3.0;;;False;False;False;11200000.0;7210;Commune et commune nouvelle ;10 000  et plus ;False;1960-01-01;84.11Z;2008;;;;;;<NA>;;;;;<NA>;<NA>;;;;;;;;;;;;;;;;
False;;;True;True;False;attribue;{'StreetName': '56 rue Trousseau', 'AdditionalStreetName': None, 'CityName': 'PARIS', 'PostalZone': '75011', 'Country': 'FRA'};388866469;True;CTS FRANCE;CTS FRANCE;2026-09-05;{'StreetName': 'Hôtel de Ville-Quai du port', 'AdditionalStreetName': None, 'CityName': 'Marseille Cedex 20', 'PostalZone': '13233', 'Country': 'FRA'};211300553;True;COMMUNE DE MARSEILLE;Ville de Marseille;;;fournitures;"['Valeur technique', ""Prix de l'offre"", 'Développement durable']";['technique', 'prix', 'environnemental'];[60.0, 30.0, 10.0];360.0;False;;False;{'StreetName': None, 'CityName': None, 'PostalZone': None, 'NUTS': 'FRL04', 'Country': 'FRA'};;;26-85746;;76000.0;;LOT-0004;39300000;;6;3;;Acquisition de fournitures spécifiques de conservation pour les services de la Ville de Marseille;ouverte;25_2223;3.0;;;False;False;False;11200000.0;7210;Commune et commune nouvelle ;10 000  et plus ;False;1960-01-01;84.11Z;2008;5499.0;Société à responsabilité limitée (sans autre indication);3  à  5;False;<NA>;2008;G;46;46.9;46.9;46.90Z;1992-09-20;(48.853011, 2.379397);Paris;Paris;Île-de-France;;;;;;;;;;;;
False;;;True;True;False;attribue;{'StreetName': 'Zollstraße 2', 'AdditionalStreetName': None, 'CityName': 'Immenstadt', 'PostalZone': '87509', 'Country': 'DEU'};;False;;WALTER KLUG GmbH & Co. KG;2026-09-05;{'StreetName': 'Hôtel de Ville-Quai du port', 'AdditionalStreetName': None, 'CityName': 'Marseille Cedex 20', 'PostalZone': '13233', 'Country': 'FRA'};211300553;True;COMMUNE DE MARSEILLE;Ville de Marseille;;;fournitures;"['Valeur technique', ""Prix de l'offre"", 'Développement durable']";['technique', 'prix', 'environnemental'];[60.0, 30.0, 10.0];360.0;False;;False;{'StreetName': None, 'CityName': None, 'PostalZone': None, 'NUTS': 'FRL04', 'Country': 'FRA'};;;26-85746;;108000.0;;LOT-0005;39300000;;6;1;;Acquisition de fournitures spécifiques de conservation pour les services de la Ville de Marseille;ouverte;25_2223;3.0;;;False;False;False;11200000.0;7210;Commune et commune nouvelle ;10 000  et plus ;False;1960-01-01;84.11Z;2008;;;;;;<NA>;;;;;<NA>;<NA>;;;;;;;;;;;;;;;;
False;;;True;True;False;non attribue;;;False;;;2026-09-05;{'StreetName': 'Hôtel de Ville-Quai du port', 'AdditionalStreetName': None, 'CityName': 'Marseille Cedex 20', 'PostalZone': '13233', 'Country': 'FRA'};211300553;True;COMMUNE DE MARSEILLE;Ville de Marseille;;;fournitures;"['Valeur technique', ""Prix de l'offre"", 'Développement durable']";['technique', 'prix', 'environnemental'];[60.0, 30.0, 10.0];360.0;False;;False;{'StreetName': None, 'CityName': None, 'PostalZone': None, 'NUTS': 'FRL04', 'Country': 'FRA'};;;26-85746;;;;LOT-0006;39300000;;6;0;;Acquisition de fournitures spécifiques de conservation pour les services de la Ville de Marseille;ouverte;25_2223;3.0;;;False;False;False;11200000.0;7210;Commune et commune nouvelle ;10 000  et plus ;False;1960-01-01;84.11Z;2008;;;;;;<NA>;;;;;<NA>;<NA>;;;;;;;;;;;;;;;;
False;['39830000', '39224300', '39713430', '39812100'];;True;True;False;attribue;{'StreetName': 'Rue Nungesser Et Coli', 'AdditionalStreetName': None, 'CityName': 'Saint-Aignan-Grandlieu', 'PostalZone': '44860', 'Country': 'FRA'};440303550;False;PLG;GROUPE PLG;2026-09-05;{'StreetName': 'Place de la République', 'AdditionalStreetName': None, 'CityName': 'Colombes', 'PostalZone': '92700', 'Country': 'FRA'};219200250;False;COMMUNE DE COLOMBES;Mairie de Colombes;;;fournitures;['Valeur technique', 'Valeur environnementale et sociale', 'Prix'];['technique', 'environnemental & social', 'prix'];[40.0, 20.0, 40.0];;True;;False;;sans remise en concurrence;;26-85715;;1600000.0;;LOT-0001;39830000;2400000.0;3;5;;Fourniture de produits et matériels d'entretien ménager;ouverte;26FF-CP-1174-T;3.0;;;True;True;True;;7210;Commune et commune nouvelle ;2 000  à  4 999;False;1980-01-01;84.11Z;2008;5710.0;SAS, société par actions simplifiée;500  à  999;False;<NA>;2008;G;46;46.4;46.44;46.44Z;2001-12-26;(47.155369, -1.593781);Saint-Aignan-Grandlieu;Loire-Atlantique;Pays de la Loire;(48.922382, 2.254412);Colombes;Hauts-de-Seine;Île-de-France;;;;;;;;
False;['39224300', '39224300', '39713430', '39812100'];;True;True;False;attribue;{'StreetName': '12 Rue Jacquard', 'AdditionalStreetName': None, 'CityName': 'Les Avenieres Veyrins-Thuellin', 'PostalZone': '38630', 'Country': 'FRA'};510246580;False;L'ENTREPRISE ADAPTEE;L'ENTREPRISE ADAPTEE;2026-09-05;{'StreetName': 'Place de la République', 'AdditionalStreetName': None, 'CityName': 'Colombes', 'PostalZone': '92700', 'Country': 'FRA'};219200250;False;COMMUNE DE COLOMBES;Mairie de Colombes;;;fournitures;['Valeur technique', 'Valeur environnementale et sociale', 'Prix'];['technique', 'environnemental & social', 'prix'];[35.0, 25.0, 40.0];;True;;False;;sans remise en concurrence;;26-85715;;200000.0;;LOT-0002;39830000;2400000.0;3;2;2.0;Fourniture de produits et matériels d'entretien ménager;ouverte;26FF-CP-1174-T;3.0;;;True;True;True;;7210;Commune et commune nouvelle ;2 000  à  4 999;False;1980-01-01;84.11Z;2008;5499.0;Société à responsabilité limitée (sans autre indication);50  à  99;<NA>;<NA>;2008;N;82;82.9;82.92;82.92Z;2009-02-15;(45.624434, 5.58613);Les Avenières Veyrins-Thuellin;Isère;Auvergne-Rhône-Alpes;(48.922382, 2.254412);Colombes;Hauts-de-Seine;Île-de-France;;;;;;;;
False;['39713430', '39224300', '39713430', '39812100'];;True;True;False;attribue;{'StreetName': 'Rue Nungesser Et Coli', 'AdditionalStreetName': None, 'CityName': 'Saint-Aignan-Grandlieu', 'PostalZone': '44860', 'Country': 'FRA'};440303550;False;PLG;GROUPE PLG;2026-09-05;{'StreetName': 'Place de la République', 'AdditionalStreetName': None, 'CityName': 'Colombes', 'PostalZone': '92700', 'Country': 'FRA'};219200250;False;COMMUNE DE COLOMBES;Mairie de Colombes;;;fournitures;['Valeur technique', 'Valeur environnementale et sociale', 'Prix'];['technique', 'environnemental & social', 'prix'];[40.0, 20.0, 40.0];;True;;False;;sans remise en concurrence;;26-85715;;600000.0;;LOT-0003;39830000;2400000.0;3;3;;Fourniture de produits et matériels d'entretien ménager;ouverte;26FF-CP-1174-T;3.0;;;True;True;True;;7210;Commune et commune nouvelle ;2 000  à  4 999;False;1980-01-01;84.11Z;2008;5710.0;SAS, société par actions simplifiée;500  à  999;False;<NA>;2008;G;46;46.4;46.44;46.44Z;2001-12-26;(47.155369, -1.593781);Saint-Aignan-Grandlieu;Loire-Atlantique;Pays de la Loire;(48.922382, 2.254412);Colombes;Hauts-de-Seine;Île-de-France;;;;;;;;
False;;;True;True;False;attribue;{'StreetName': None, 'AdditionalStreetName': None, 'CityName': 'TERNAND', 'PostalZone': '69620', 'Country': 'FRA'};379709223;True;CG MEDICAL;CG MEDICAL;2026-09-05;{'StreetName': None, 'AdditionalStreetName': None, 'CityName': 'LYON', 'PostalZone': '69373', 'Country': 'FRA'};266900273;True;HOSPICES CIVILS DE LYON;CHU Lyon;;2025-12-16+01:00;fournitures;['Offre Technique 50%', 'Economique 30%', 'RSE 15%', 'Prestations fournisseur 5%'];['technique', 'prix', 'qualite', 'qualite'];[50.0, 30.0, 15.0, 5.0];1380.0;False;;False;{'StreetName': None, 'CityName': None, 'PostalZone': None, 'NUTS': 'FRK26', 'Country': 'FRA'};avec remise en concurrence;;26-85690;;143689.12;;LOT-0003;33141110;;23;2;;Fourniture d’objets de pansements et bas de compression veineuse;restreinte;2PANS25_M3465;;;;False;False;False;3113144.01;7364;Établissement d'hospitalisation ;10 000  et plus ;False;1974-03-01;86.10Z;2008;5710.0;SAS, société par actions simplifiée;10  à  19;False;<NA>;2008;C;32;32.5;32.5;32.50A;1990-10-01;;Ternand;Rhône;Auvergne-Rhône-Alpes;;Lyon;Rhône;Auvergne-Rhône-Alpes;;;;;;;;
False;;;True;True;False;attribue;{'StreetName': None, 'AdditionalStreetName': None, 'CityName': 'TERNAND', 'PostalZone': '69620', 'Country': 'FRA'};379709223;True;CG MEDICAL;CG MEDICAL;2026-09-05;{'StreetName': None, 'AdditionalStreetName': None, 'CityName': 'LYON', 'PostalZone': '69373', 'Country': 'FRA'};266900273;True;HOSPICES CIVILS DE LYON;CHU Lyon;;2026-12-16+01:00;fournitures;['Offre Technique 50%', 'Economique 30%', 'RSE 15%', 'Prestations fournisseur 5%'];['technique', 'prix', 'qualite', 'qualite'];[50.0, 30.0, 15.0, 5.0];1380.0;False;;False;{'StreetName': None, 'CityName': None, 'PostalZone': None, 'NUTS': 'FRK26', 'Country': 'FRA'};avec remise en concurrence;;26-85690;;146280.49;;LOT-0004;33141110;;23;1;;Fourniture d’objets de pansements et bas de compression veineuse;restreinte;2PANS25_M3465;;;;False;False;False;3113144.01;7364;Établissement d'hospitalisation ;10 000  et plus ;False;1974-03-01;86.10Z;2008;5710.0;SAS, société par actions simplifiée;10  à  19;False;<NA>;2008;C;32;32.5;32.5;32.50A;1990-10-01;;Ternand;Rhône;Auvergne-Rhône-Alpes;;Lyon;Rhône;Auvergne-Rhône-Alpes;;;;;;;;
False;;;True;True;False;attribue;{'StreetName': None, 'AdditionalStreetName': None, 'CityName': 'BRIGNAIS', 'PostalZone': '69530', 'Country': 'FRA'};849768338;True;AUBIN;AUBIN;2026-09-05;{'StreetName': None, 'AdditionalStreetName': None, 'CityName': 'LYON', 'PostalZone': '69373', 'Country': 'FRA'};266900273;True;HOSPICES CIVILS DE LYON;CHU Lyon;;2025-12-16+01:00;fournitures;['Offre Technique 50%', 'Economique 30%', 'RSE 15%', 'Prestations fournisseur 5%'];['technique', 'prix', 'qualite', 'qualite'];[50.0, 30.0, 15.0, 5.0];1380.0;False;;False;{'StreetName': None, 'CityName': None, 'PostalZone': None, 'NUTS': 'FRK26', 'Country': 'FRA'};avec remise en concurrence;;26-85690;;95126.56;;LOT-0009;33141110;;23;2;;Fourniture d’objets de pansements et bas de compression veineuse;restreinte;2PANS25_M3465;;;;False;False;False;3113144.01;7364;Établissement d'hospitalisation ;10 000  et plus ;False;1974-03-01;86.10Z;2008;5710.0;SAS, société par actions simplifiée;6  à  9;False;<NA>;2008;G;46;46.4;46.46;46.46Z;2019-04-03;;Brignais;Rhône;Auvergne-Rhône-Alpes;;Lyon;Rhône;Auvergne-Rhône-Alpes;;;;;;;;
False;;;True;True;False;attribue;{'StreetName': None, 'AdditionalStreetName': None, 'CityName': 'BRIGNAIS', 'PostalZone': '69530', 'Country': 'FRA'};849768338;True;AUBIN;AUBIN;2026-09-05;{'StreetName': None, 'AdditionalStreetName': None, 'CityName': 'LYON', 'PostalZone': '69373', 'Country': 'FRA'};266900273;True;HOSPICES CIVILS DE LYON;CHU Lyon;;2025-12-16+01:00;fournitures;['Offre Technique 50%', 'Economique 30%', 'RSE 15%', 'Prestations fournisseur 5%'];['technique', 'prix', 'qualite', 'qualite'];[50.0, 30.0, 15.0, 5.0];1380.0;False;;False;{'StreetName': None, 'CityName': None, 'PostalZone': None, 'NUTS': 'FRK26', 'Country': 'FRA'};avec remise en concurrence;;26-85690;;17206.75;;LOT-0010;33141110;;23;3;;Fourniture d’objets de pansements et bas de compression veineuse;restreinte;2PANS25_M3465;;;;False;False;False;3113144.01;7364;Établissement d'hospitalisation ;10 000  et plus ;False;1974-03-01;86.10Z;2008;5710.0;SAS, société par actions simplifiée;6  à  9;False;<NA>;2008;G;46;46.4;46.46;46.46Z;2019-04-03;;Brignais;Rhône;Auvergne-Rhône-Alpes;;Lyon;Rhône;Auvergne-Rhône-Alpes;;;;;;;;
False;;;True;True;False;attribue;{'StreetName': None, 'AdditionalStreetName': None, 'CityName': 'SAINT JUST SAINT RAMBERT CEDEX', 'PostalZone': '42173', 'Country': 'FRA'};384137857;True;SIGVARIS;SIGVARIS;2026-09-05;{'StreetName': None, 'AdditionalStreetName': None, 'CityName': 'LYON', 'PostalZone': '69373', 'Country': 'FRA'};266900273;True;HOSPICES CIVILS DE LYON;CHU Lyon;;2025-12-16+01:00;fournitures;['Offre Technique 50%', 'Economique 30%', 'RSE 15%', 'Prestations fournisseur 5%'];['technique', 'prix', 'qualite', 'qualite'];[50.0, 30.0, 15.0, 5.0];1380.0;False;;False;{'StreetName': None, 'CityName': None, 'PostalZone': None, 'NUTS': 'FRK26', 'Country': 'FRA'};avec remise en concurrence;;26-85690;;470508.45;;LOT-0011;33141110;;23;2;;Fourniture d’objets de pansements et bas de compression veineuse;restreinte;2PANS25_M3465;;;;False;False;False;3113144.01;7364;Établissement d'hospitalisation ;10 000  et plus ;False;1974-03-01;86.10Z;2008;5710.0;SAS, société par actions simplifiée;500  à  999;False;<NA>;2008;C;14;14.3;14.31;14.31Z;1992-01-16;;Saint-Just-Saint-Rambert;Loire;Auvergne-Rhône-Alpes;;Lyon;Rhône;Auvergne-Rhône-Alpes;;;;;;;;
False;;;True;True;False;attribue;{'StreetName': None, 'AdditionalStreetName': None, 'CityName': 'REMIREMONT', 'PostalZone': '88200', 'Country': 'FRA'};380236091;True;LABORATOIRES LOHMANN & RAUSCHER;LABORATOIRES LOHMANN ET RAUSCHER;2026-09-05;{'StreetName': None, 'AdditionalStreetName': None, 'CityName': 'LYON', 'PostalZone': '69373', 'Country': 'FRA'};266900273;True;HOSPICES CIVILS DE LYON;CHU Lyon;;2025-12-17+01:00;fournitures;['Offre Technique 50%', 'Economique 30%', 'RSE 15%', 'Prestations fournisseur 5%'];['technique', 'prix', 'qualite', 'qualite'];[50.0, 30.0, 15.0, 5.0];1380.0;False;;False;{'StreetName': None, 'CityName': None, 'PostalZone': None, 'NUTS': 'FRK26', 'Country': 'FRA'};avec remise en concurrence;;26-85690;;11242.0;;LOT-0012;33141110;;23;2;;Fourniture d’objets de pansements et bas de compression veineuse;restreinte;2PANS25_M3465;;;;False;False;False;3113144.01;7364;Établissement d'hospitalisation ;10 000  et plus ;False;1974-03-01;86.10Z;2008;5710.0;SAS, société par actions simplifiée;100  à  199;False;<NA>;2008;G;46;46.4;46.46;46.46Z;1990-12-13;;Remiremont;Vosges;Grand Est;;Lyon;Rhône;Auvergne-Rhône-Alpes;;;;;;;;
False;;;True;True;False;attribue;{'StreetName': None, 'AdditionalStreetName': None, 'CityName': 'REMIREMONT', 'PostalZone': '88200', 'Country': 'FRA'};380236091;True;LABORATOIRES LOHMANN & RAUSCHER;LABORATOIRES LOHMANN ET RAUSCHER;2026-09-05;{'StreetName': None, 'AdditionalStreetName': None, 'CityName': 'LYON', 'PostalZone': '69373', 'Country': 'FRA'};266900273;True;HOSPICES CIVILS DE LYON;CHU Lyon;;2025-12-17+01:00;fournitures;['Offre Technique 50%', 'Economique 30%', 'RSE 15%', 'Prestations fournisseur 5%'];['technique', 'prix', 'qualite', 'qualite'];[50.0, 30.0, 15.0, 5.0];1380.0;False;;False;{'StreetName': None, 'CityName': None, 'PostalZone': None, 'NUTS': 'FRK26', 'Country': 'FRA'};avec remise en concurrence;;26-85690;;55969.16;;LOT-0013;33141110;;23;1;;Fourniture d’objets de pansements et bas de compression veineuse;restreinte;2PANS25_M3465;;;;False;False;False;3113144.01;7364;Établissement d'hospitalisation ;10 000  et plus ;False;1974-03-01;86.10Z;2008;5710.0;SAS, société par actions simplifiée;100  à  199;False;<NA>;2008;G;46;46.4;46.46;46.46Z;1990-12-13;;Remiremont;Vosges;Grand Est;;Lyon;Rhône;Auvergne-Rhône-Alpes;;;;;;;;
False;;;True;True;False;attribue;{'StreetName': None, 'AdditionalStreetName': None, 'CityName': 'BRIGNAIS', 'PostalZone': '69530', 'Country': 'FRA'};849768338;True;AUBIN;AUBIN;2026-09-05;{'StreetName': None, 'AdditionalStreetName': None, 'CityName': 'LYON', 'PostalZone': '69373', 'Country': 'FRA'};266900273;True;HOSPICES CIVILS DE LYON;CHU Lyon;;2026-01-23+01:00;fournitures;['Offre Technique 50%', 'Economique 30%', 'RSE 15%', 'Prestations fournisseur 5%'];['technique', 'prix', 'qualite', 'qualite'];[50.0, 30.0, 15.0, 5.0];1350.0;False;;False;{'StreetName': None, 'CityName': None, 'PostalZone': None, 'NUTS': 'FRK26', 'Country': 'FRA'};avec remise en concurrence;;26-85690;;30993.41;;LOT-0014;33141110;;23;3;;Fourniture d’objets de pansements et bas de compression veineuse;restreinte;2PANS25_M3465;;;;False;False;False;3113144.01;7364;Établissement d'hospitalisation ;10 000  et plus ;False;1974-03-01;86.10Z;2008;5710.0;SAS, société par actions simplifiée;6  à  9;False;<NA>;2008;G;46;46.4;46.46;46.46Z;2019-04-03;;Brignais;Rhône;Auvergne-Rhône-Alpes;;Lyon;Rhône;Auvergne-Rhône-Alpes;;;;;;;;
False;;;True;True;False;attribue;{'StreetName': None, 'AdditionalStreetName': None, 'CityName': 'CERGY', 'PostalZone': '95006', 'Country': 'FRA'};952253862;True;SOLVENTUM FRANCE;SOLVENTUM France;2026-09-05;{'StreetName': None, 'AdditionalStreetName': None, 'CityName': 'LYON', 'PostalZone': '69373', 'Country': 'FRA'};266900273;True;HOSPICES CIVILS DE LYON;CHU Lyon;;2025-12-16+01:00;fournitures;['Offre Technique 50%', 'Economique 30%', 'RSE 15%', 'Prestations fournisseur 5%'];['technique', 'prix', 'qualite', 'qualite'];[50.0, 30.0, 15.0, 5.0];1380.0;False;;False;{'StreetName': None, 'CityName': None, 'PostalZone': None, 'NUTS': 'FRK26', 'Country': 'FRA'};avec remise en concurrence;;26-85690;;23631.3;;LOT-0015;33141110;;23;1;;Fourniture d’objets de pansements et bas de compression veineuse;restreinte;2PANS25_M3465;;;;False;False;False;3113144.01;7364;Établissement d'hospitalisation ;10 000  et plus ;False;1974-03-01;86.10Z;2008;5710.0;SAS, société par actions simplifiée;200  à  249;False;<NA>;2008;M;71;71.1;71.12;71.12B;2023-05-04;;Cergy;Val-d'Oise;Île-de-France;;Lyon;Rhône;Auvergne-Rhône-Alpes;;;;;;;;
False;;;True;True;False;attribue;{'StreetName': None, 'AdditionalStreetName': None, 'CityName': 'CHATENOIS', 'PostalZone': '67730', 'Country': 'FRA'};325158038;True;LABORATOIRES PAUL HARTMANN;LABORATOIRES PAUL HARTMANN;2026-09-05;{'StreetName': None, 'AdditionalStreetName': None, 'CityName': 'LYON', 'PostalZone': '69373', 'Country': 'FRA'};266900273;True;HOSPICES CIVILS DE LYON;CHU Lyon;;2025-12-16+01:00;fournitures;['Offre Technique 50%', 'Economique 30%', 'RSE 15%', 'Prestations fournisseur 5%'];['technique', 'prix', 'qualite', 'qualite'];[50.0, 30.0, 15.0, 5.0];1380.0;False;;False;{'StreetName': None, 'CityName': None, 'PostalZone': None, 'NUTS': 'FRK26', 'Country': 'FRA'};avec remise en concurrence;;26-85690;;6005.88;;LOT-0016;33141110;;23;2;;Fourniture d’objets de pansements et bas de compression veineuse;restreinte;2PANS25_M3465;;;;False;False;False;3113144.01;7364;Établissement d'hospitalisation ;10 000  et plus ;False;1974-03-01;86.10Z;2008;5499.0;Société à responsabilité limitée (sans autre indication);1  ou  2;False;<NA>;2008;G;46;46.4;46.46;46.46Z;1982-06-01;;Châtenois;Bas-Rhin;Grand Est;;Lyon;Rhône;Auvergne-Rhône-Alpes;;;;;;;;
False;;;True;True;False;attribue;{'StreetName': None, 'AdditionalStreetName': None, 'CityName': 'BRIGNAIS', 'PostalZone': '69530', 'Country': 'FRA'};849768338;True;AUBIN;AUBIN;2026-09-05;{'StreetName': None, 'AdditionalStreetName': None, 'CityName': 'LYON', 'PostalZone': '69373', 'Country': 'FRA'};266900273;True;HOSPICES CIVILS DE LYON;CHU Lyon;;2025-12-16+01:00;fournitures;['Offre Technique 50%', 'Economique 30%', 'RSE 15%', 'Prestations fournisseur 5%'];['technique', 'prix', 'qualite', 'qualite'];[50.0, 30.0, 15.0, 5.0];1380.0;False;;False;{'StreetName': None, 'CityName': None, 'PostalZone': None, 'NUTS': 'FRK26', 'Country': 'FRA'};avec remise en concurrence;;26-85690;;28120.95;;LOT-0017;33141110;;23;1;;Fourniture d’objets de pansements et bas de compression veineuse;restreinte;2PANS25_M3465;;;;False;False;False;3113144.01;7364;Établissement d'hospitalisation ;10 000  et plus ;False;1974-03-01;86.10Z;2008;5710.0;SAS, société par actions simplifiée;6  à  9;False;<NA>;2008;G;46;46.4;46.46;46.46Z;2019-04-03;;Brignais;Rhône;Auvergne-Rhône-Alpes;;Lyon;Rhône;Auvergne-Rhône-Alpes;;;;;;;;
False;;;True;True;False;attribue;{'StreetName': None, 'AdditionalStreetName': None, 'CityName': 'BRIGNAIS', 'PostalZone': '69530', 'Country': 'FRA'};849768338;True;AUBIN;AUBIN;2026-09-05;{'StreetName': None, 'AdditionalStreetName': None, 'CityName': 'LYON', 'PostalZone': '69373', 'Country': 'FRA'};266900273;True;HOSPICES CIVILS DE LYON;CHU Lyon;;2025-12-16+01:00;fournitures;['Offre Technique 50%', 'Economique 30%', 'RSE 15%', 'Prestations fournisseur 5%'];['technique', 'prix', 'qualite', 'qualite'];[50.0, 30.0, 15.0, 5.0];1380.0;False;;False;{'StreetName': None, 'CityName': None, 'PostalZone': None, 'NUTS': 'FRK26', 'Country': 'FRA'};avec remise en concurrence;;26-85690;;60824.28;;LOT-0018;33141110;;23;1;;Fourniture d’objets de pansements et bas de compression veineuse;restreinte;2PANS25_M3465;;;;False;False;False;3113144.01;7364;Établissement d'hospitalisation ;10 000  et plus ;False;1974-03-01;86.10Z;2008;5710.0;SAS, société par actions simplifiée;6  à  9;False;<NA>;2008;G;46;46.4;46.46;46.46Z;2019-04-03;;Brignais;Rhône;Auvergne-Rhône-Alpes;;Lyon;Rhône;Auvergne-Rhône-Alpes;;;;;;;;
False;;;True;True;False;attribue;{'StreetName': None, 'AdditionalStreetName': None, 'CityName': 'LE PONT DE CLAIX CEDEX', 'PostalZone': '38801', 'Country': 'FRA'};056501711;False;BECTON DICKINSON FRANCE;BECTON DICKINSON France;2026-09-05;{'StreetName': None, 'AdditionalStreetName': None, 'CityName': 'LYON', 'PostalZone': '69373', 'Country': 'FRA'};266900273;True;HOSPICES CIVILS DE LYON;CHU Lyon;;2025-12-16+01:00;fournitures;['Offre Technique 50%', 'Economique 30%', 'RSE 15%', 'Prestations fournisseur 5%'];['technique', 'prix', 'qualite', 'qualite'];[50.0, 30.0, 15.0, 5.0];1380.0;False;;False;{'StreetName': None, 'CityName': None, 'PostalZone': None, 'NUTS': 'FRK26', 'Country': 'FRA'};avec remise en concurrence;;26-85690;;1221445.92;;LOT-0019;33141110;;23;4;;Fourniture d’objets de pansements et bas de compression veineuse;restreinte;2PANS25_M3465;;;;False;False;False;3113144.01;7364;Établissement d'hospitalisation ;10 000  et plus ;False;1974-03-01;86.10Z;2008;5710.0;SAS, société par actions simplifiée;2 000  à  4 999;False;<NA>;2008;C;32;32.5;32.5;32.50A;1956-01-01;;Le Pont-de-Claix;Isère;Auvergne-Rhône-Alpes;;Lyon;Rhône;Auvergne-Rhône-Alpes;;;;;;;;
False;;;True;True;False;attribue;{'StreetName': None, 'AdditionalStreetName': None, 'CityName': 'CERGY', 'PostalZone': '95006', 'Country': 'FRA'};952253862;True;SOLVENTUM FRANCE;SOLVENTUM France;2026-09-05;{'StreetName': None, 'AdditionalStreetName': None, 'CityName': 'LYON', 'PostalZone': '69373', 'Country': 'FRA'};266900273;True;HOSPICES CIVILS DE LYON;CHU Lyon;;2025-12-16+01:00;fournitures;['Offre Technique 50%', 'Economique 30%', 'RSE 15%', 'Prestations fournisseur 5%'];['technique', 'prix', 'qualite', 'qualite'];[50.0, 30.0, 15.0, 5.0];1380.0;False;;False;{'StreetName': None, 'CityName': None, 'PostalZone': None, 'NUTS': 'FRK26', 'Country': 'FRA'};avec remise en concurrence;;26-85690;;1221445.92;;LOT-0019;33141110;;23;4;;Fourniture d’objets de pansements et bas de compression veineuse;restreinte;2PANS25_M3465;;;;False;False;False;3113144.01;7364;Établissement d'hospitalisation ;10 000  et plus ;False;1974-03-01;86.10Z;2008;5710.0;SAS, société par actions simplifiée;200  à  249;False;<NA>;2008;M;71;71.1;71.12;71.12B;2023-05-04;;Cergy;Val-d'Oise;Île-de-France;;Lyon;Rhône;Auvergne-Rhône-Alpes;;;;;;;;
False;;;True;True;False;attribue;{'StreetName': None, 'AdditionalStreetName': None, 'CityName': 'LE PONT DE CLAIX CEDEX', 'PostalZone': '38801', 'Country': 'FRA'};056501711;False;BECTON DICKINSON FRANCE;BECTON DICKINSON France;2026-09-05;{'StreetName': None, 'AdditionalStreetName': None, 'CityName': 'LYON', 'PostalZone': '69373', 'Country': 'FRA'};266900273;True;HOSPICES CIVILS DE LYON;CHU Lyon;;2025-12-16+01:00;fournitures;['Offre Technique 50%', 'Economique 30%', 'RSE 15%', 'Prestations fournisseur 5%'];['technique', 'prix', 'qualite', 'qualite'];[50.0, 30.0, 15.0, 5.0];1380.0;False;;False;{'StreetName': None, 'CityName': None, 'PostalZone': None, 'NUTS': 'FRK26', 'Country': 'FRA'};avec remise en concurrence;;26-85690;;1221445.92;;LOT-0019;33141110;;23;4;;Fourniture d’objets de pansements et bas de compression veineuse;restreinte;2PANS25_M3465;;;;False;False;False;3113144.01;7364;Établissement d'hospitalisation ;10 000  et plus ;False;1974-03-01;86.10Z;2008;5710.0;SAS, société par actions simplifiée;2 000  à  4 999;False;<NA>;2008;C;32;32.5;32.5;32.50A;1956-01-01;;Le Pont-de-Claix;Isère;Auvergne-Rhône-Alpes;;Lyon;Rhône;Auvergne-Rhône-Alpes;;;;;;;;
False;;;True;True;False;attribue;{'StreetName': None, 'AdditionalStreetName': None, 'CityName': 'CERGY', 'PostalZone': '95006', 'Country': 'FRA'};952253862;True;SOLVENTUM FRANCE;SOLVENTUM France;2026-09-05;{'StreetName': None, 'AdditionalStreetName': None, 'CityName': 'LYON', 'PostalZone': '69373', 'Country': 'FRA'};266900273;True;HOSPICES CIVILS DE LYON;CHU Lyon;;2025-12-16+01:00;fournitures;['Offre Technique 50%', 'Economique 30%', 'RSE 15%', 'Prestations fournisseur 5%'];['technique', 'prix', 'qualite', 'qualite'];[50.0, 30.0, 15.0, 5.0];1380.0;False;;False;{'StreetName': None, 'CityName': None, 'PostalZone': None, 'NUTS': 'FRK26', 'Country': 'FRA'};avec remise en concurrence;;26-85690;;1221445.92;;LOT-0019;33141110;;23;4;;Fourniture d’objets de pansements et bas de compression veineuse;restreinte;2PANS25_M3465;;;;False;False;False;3113144.01;7364;Établissement d'hospitalisation ;10 000  et plus ;False;1974-03-01;86.10Z;2008;5710.0;SAS, société par actions simplifiée;200  à  249;False;<NA>;2008;M;71;71.1;71.12;71.12B;2023-05-04;;Cergy;Val-d'Oise;Île-de-France;;Lyon;Rhône;Auvergne-Rhône-Alpes;;;;;;;;
False;;;True;True;False;attribue;{'StreetName': None, 'AdditionalStreetName': None, 'CityName': 'CERGY', 'PostalZone': '95006', 'Country': 'FRA'};952253862;True;SOLVENTUM FRANCE;SOLVENTUM France;2026-09-05;{'StreetName': None, 'AdditionalStreetName': None, 'CityName': 'LYON', 'PostalZone': '69373', 'Country': 'FRA'};266900273;True;HOSPICES CIVILS DE LYON;CHU Lyon;;2025-12-16+01:00;fournitures;['Offre Technique 50%', 'Economique 30%', 'RSE 15%', 'Prestations fournisseur 5%'];['technique', 'prix', 'qualite', 'qualite'];[50.0, 30.0, 15.0, 5.0];1380.0;False;;False;{'StreetName': None, 'CityName': None, 'PostalZone': None, 'NUTS': 'FRK26', 'Country': 'FRA'};avec remise en concurrence;;26-85690;;89547.68;;LOT-0020;33141110;;23;3;;Fourniture d’objets de pansements et bas de compression veineuse;restreinte;2PANS25_M3465;;;;False;False;False;3113144.01;7364;Établissement d'hospitalisation ;10 000  et plus ;False;1974-03-01;86.10Z;2008;5710.0;SAS, société par actions simplifiée;200  à  249;False;<NA>;2008;M;71;71.1;71.12;71.12B;2023-05-04;;Cergy;Val-d'Oise;Île-de-France;;Lyon;Rhône;Auvergne-Rhône-Alpes;;;;;;;;
False;;;True;True;False;attribue;{'StreetName': None, 'AdditionalStreetName': None, 'CityName': 'PORT-BRILLET', 'PostalZone': '53410', 'Country': 'FRA'};333429967;True;MAILL'TUB;MAILL'TUB;2026-09-05;{'StreetName': None, 'AdditionalStreetName': None, 'CityName': 'LYON', 'PostalZone': '69373', 'Country': 'FRA'};266900273;True;HOSPICES CIVILS DE LYON;CHU Lyon;;2025-12-16+01:00;fournitures;['Offre Technique 50%', 'Economique 30%', 'RSE 15%', 'Prestations fournisseur 5%'];['technique', 'prix', 'qualite', 'qualite'];[50.0, 30.0, 15.0, 5.0];1380.0;False;;False;{'StreetName': None, 'CityName': None, 'PostalZone': None, 'NUTS': 'FRK26', 'Country': 'FRA'};avec remise en concurrence;;26-85690;;28998.95;;LOT-0023;33141110;;23;3;;Fourniture d’objets de pansements et bas de compression veineuse;restreinte;2PANS25_M3465;;;;False;False;False;3113144.01;7364;Établissement d'hospitalisation ;10 000  et plus ;False;1974-03-01;86.10Z;2008;5710.0;SAS, société par actions simplifiée;10  à  19;False;<NA>;2008;C;13;13.9;13.91;13.91Z;1985-07-01;;Port-Brillet;Mayenne;Pays de la Loire;;Lyon;Rhône;Auvergne-Rhône-Alpes;;;;;;;;
False;;;True;True;False;attribue;{'StreetName': None, 'AdditionalStreetName': None, 'CityName': 'PARIS', 'PostalZone': '75008', 'Country': 'FRA'};821128022;True;AIRLIFE FRANCE SAS;AIRLIFE France SAS;2026-09-05;{'StreetName': None, 'AdditionalStreetName': None, 'CityName': 'LYON', 'PostalZone': '69373', 'Country': 'FRA'};266900273;True;HOSPICES CIVILS DE LYON;CHU Lyon;;2025-12-16+01:00;fournitures;['Offre Technique 50%', 'Economique 30%', 'RSE 15%', 'Prestations fournisseur 5%'];['technique', 'prix', 'qualite', 'qualite'];[50.0, 30.0, 15.0, 5.0];1380.0;False;;False;{'StreetName': None, 'CityName': None, 'PostalZone': None, 'NUTS': 'FRK26', 'Country': 'FRA'};avec remise en concurrence;;26-85690;;683553.11;;LOT-0022;33141110;;23;6;;Fourniture d’objets de pansements et bas de compression veineuse;restreinte;2PANS25_M3465;;;;False;False;False;3113144.01;7364;Établissement d'hospitalisation ;10 000  et plus ;False;1974-03-01;86.10Z;2008;5710.0;SAS, société par actions simplifiée;1  ou  2;False;<NA>;2008;G;46;46.4;46.46;46.46Z;2016-06-20;;Paris;Paris;Île-de-France;;Lyon;Rhône;Auvergne-Rhône-Alpes;;;;;;;;
False;;;True;True;False;non attribue;;;False;;;2026-09-05;{'StreetName': None, 'AdditionalStreetName': None, 'CityName': 'LYON', 'PostalZone': '69373', 'Country': 'FRA'};266900273;True;HOSPICES CIVILS DE LYON;CHU Lyon;;2025-12-16+01:00;fournitures;['Offre Technique 50%', 'Economique 30%', 'RSE 15%', 'Prestations fournisseur 5%'];['technique', 'prix', 'qualite', 'qualite'];[50.0, 30.0, 15.0, 5.0];1380.0;False;;False;{'StreetName': None, 'CityName': None, 'PostalZone': None, 'NUTS': 'FRK26', 'Country': 'FRA'};avec remise en concurrence;;26-85690;;;;LOT-0002;33141110;;23;2;;Fourniture d’objets de pansements et bas de compression veineuse;restreinte;2PANS25_M3465;;;;False;False;False;3113144.01;7364;Établissement d'hospitalisation ;10 000  et plus ;False;1974-03-01;86.10Z;2008;;;;;;<NA>;;;;;<NA>;<NA>;;;;;;Lyon;Rhône;Auvergne-Rhône-Alpes;;;;;;;;
False;;;True;True;False;non attribue;;;False;;;2026-09-05;{'StreetName': None, 'AdditionalStreetName': None, 'CityName': 'LYON', 'PostalZone': '69373', 'Country': 'FRA'};266900273;True;HOSPICES CIVILS DE LYON;CHU Lyon;;2025-12-16+01:00;fournitures;['Offre Technique 50%', 'Economique 30%', 'RSE 15%', 'Prestations fournisseur 5%'];['technique', 'prix', 'qualite', 'qualite'];[50.0, 30.0, 15.0, 5.0];1380.0;False;;False;{'StreetName': None, 'CityName': None, 'PostalZone': None, 'NUTS': 'FRK26', 'Country': 'FRA'};avec remise en concurrence;;26-85690;;;;LOT-0005;33141110;;23;0;;Fourniture d’objets de pansements et bas de compression veineuse;restreinte;2PANS25_M3465;;;;False;False;False;3113144.01;7364;Établissement d'hospitalisation ;10 000  et plus ;False;1974-03-01;86.10Z;2008;;;;;;<NA>;;;;;<NA>;<NA>;;;;;;Lyon;Rhône;Auvergne-Rhône-Alpes;;;;;;;;
False;;;True;True;False;non attribue;;;False;;;2026-09-05;{'StreetName': None, 'AdditionalStreetName': None, 'CityName': 'LYON', 'PostalZone': '69373', 'Country': 'FRA'};266900273;True;HOSPICES CIVILS DE LYON;CHU Lyon;;2025-12-16+01:00;fournitures;['Offre Technique 50%', 'Economique 30%', 'RSE 15%', 'Prestations fournisseur 5%'];['technique', 'prix', 'qualite', 'qualite'];[50.0, 30.0, 15.0, 5.0];1380.0;False;;False;{'StreetName': None, 'CityName': None, 'PostalZone': None, 'NUTS': 'FRK26', 'Country': 'FRA'};avec remise en concurrence;;26-85690;;;;LOT-0006;33141110;;23;2;;Fourniture d’objets de pansements et bas de compression veineuse;restreinte;2PANS25_M3465;;;;False;False;False;3113144.01;7364;Établissement d'hospitalisation ;10 000  et plus ;False;1974-03-01;86.10Z;2008;;;;;;<NA>;;;;;<NA>;<NA>;;;;;;Lyon;Rhône;Auvergne-Rhône-Alpes;;;;;;;;
False;;;True;True;False;non attribue;;;False;;;2026-09-05;{'StreetName': None, 'AdditionalStreetName': None, 'CityName': 'LYON', 'PostalZone': '69373', 'Country': 'FRA'};266900273;True;HOSPICES CIVILS DE LYON;CHU Lyon;;2025-12-16+01:00;fournitures;['Offre Technique 50%', 'Economique 30%', 'RSE 15%', 'Prestations fournisseur 5%'];['technique', 'prix', 'qualite', 'qualite'];[50.0, 30.0, 15.0, 5.0];1380.0;False;;False;{'StreetName': None, 'CityName': None, 'PostalZone': None, 'NUTS': 'FRK26', 'Country': 'FRA'};avec remise en concurrence;;26-85690;;;;LOT-0007;33141110;;23;1;;Fourniture d’objets de pansements et bas de compression veineuse;restreinte;2PANS25_M3465;;;;False;False;False;3113144.01;7364;Établissement d'hospitalisation ;10 000  et plus ;False;1974-03-01;86.10Z;2008;;;;;;<NA>;;;;;<NA>;<NA>;;;;;;Lyon;Rhône;Auvergne-Rhône-Alpes;;;;;;;;
False;;;True;True;False;non attribue;;;False;;;2026-09-05;{'StreetName': None, 'AdditionalStreetName': None, 'CityName': 'LYON', 'PostalZone': '69373', 'Country': 'FRA'};266900273;True;HOSPICES CIVILS DE LYON;CHU Lyon;;2025-12-16+01:00;fournitures;['Offre Technique 50%', 'Economique 30%', 'RSE 15%', 'Prestations fournisseur 5%'];['technique', 'prix', 'qualite', 'qualite'];[50.0, 30.0, 15.0, 5.0];1380.0;False;;False;{'StreetName': None, 'CityName': None, 'PostalZone': None, 'NUTS': 'FRK26', 'Country': 'FRA'};avec remise en concurrence;;26-85690;;;;LOT-0008;33141110;;23;0;;Fourniture d’objets de pansements et bas de compression veineuse;restreinte;2PANS25_M3465;;;;False;False;False;3113144.01;7364;Établissement d'hospitalisation ;10 000  et plus ;False;1974-03-01;86.10Z;2008;;;;;;<NA>;;;;;<NA>;<NA>;;;;;;Lyon;Rhône;Auvergne-Rhône-Alpes;;;;;;;;
False;;;True;True;False;non attribue;;;False;;;2026-09-05;{'StreetName': None, 'AdditionalStreetName': None, 'CityName': 'LYON', 'PostalZone': '69373', 'Country': 'FRA'};266900273;True;HOSPICES CIVILS DE LYON;CHU Lyon;;2025-12-16+01:00;fournitures;['Offre Technique 50%', 'Economique 30%', 'RSE 15%', 'Prestations fournisseur 5%'];['technique', 'prix', 'qualite', 'qualite'];[50.0, 30.0, 15.0, 5.0];1380.0;False;;False;{'StreetName': None, 'CityName': None, 'PostalZone': None, 'NUTS': 'FRK26', 'Country': 'FRA'};avec remise en concurrence;;26-85690;;;;LOT-0021;33141110;;23;1;;Fourniture d’objets de pansements et bas de compression veineuse;restreinte;2PANS25_M3465;;;;False;False;False;3113144.01;7364;Établissement d'hospitalisation ;10 000  et plus ;False;1974-03-01;86.10Z;2008;;;;;;<NA>;;;;;<NA>;<NA>;;;;;;Lyon;Rhône;Auvergne-Rhône-Alpes;;;;;;;;
False;;;True;False;False;attribue;{'StreetName': None, 'AdditionalStreetName': None, 'CityName': 'Mions', 'PostalZone': '69780', 'Country': 'FRA'};833956980;True;INGENIERIE CUISINES PROFESSIONNELLES;INGENIERIE CUISINES PROFESSIONNELLES - ICP;2026-09-05;{'StreetName': '101 cours Charlemagne - CS20033', 'AdditionalStreetName': None, 'CityName': 'Lyon cedex 2', 'PostalZone': '69269', 'Country': 'FRA'};200053767;True;REGION AUVERGNE-RHONE-ALPES;REGION AUVERGNE-RHONE-ALPES;;;services;"['Prix', ""Organisation interne de l'équipe et relation avec la maîtrise d’ouvrage et les utilisateurs."", 'Qualité du mode opératoire et prise en compte des contraintes de site et d’occupation (intervention en milieu occupé)']";['prix', 'qualite', 'qualite'];[40.0, 30.0, 30.0];1620.0;False;0.0;False;{'StreetName': None, 'CityName': None, 'PostalZone': None, 'NUTS': 'FRK26', 'Country': 'FRA'};;;26-85688;;340134.4;;LOT-0001;71000000;;1;3;;Maîtrise d'oeuvre pour la réhabilitation des cuisines pédagogiques au LP Hélène Boucher (69- Vénissieux);negociee;DAF_2025_000322;;;;False;False;False;340134.4;7230;Région ;5 000  à  9 999;False;2016-01-01;84.11Z;2008;5710.0;SAS, société par actions simplifiée;1  ou  2;False;<NA>;2008;M;71;71.1;71.12;71.12B;2017-10-31;;Mions;Rhône;Auvergne-Rhône-Alpes;(45.740702, 4.819374);Lyon;Rhône;Auvergne-Rhône-Alpes;;;;;;;;
False;;;True;False;False;attribue;{'StreetName': 'Relyens, route de créton 18110 VASSELAY', 'AdditionalStreetName': 'CNP 4 pro coeur de ville 92130 ISSY LES MOULINEAUX', 'CityName': 'ISSY LES MOULINEAUX', 'PostalZone': '92130', 'Country': 'FRA'};335171096;True;RELYENS SPS;Cabinet RELYENS en groupement avec la compagnie CNP;2026-09-05;{'StreetName': '40 ALLÉE DE LA RONCE', 'AdditionalStreetName': None, 'CityName': 'ISNEAUVILLE', 'PostalZone': '76230', 'Country': 'FRA'};287600027;True;CENTRE DEPARTEMENTAL DE GESTION DE LA FONCTION PUBLIQUE TERRITORIALE;CDG de la FPT Seine Maritime (76);;2027-01-01+01:00;services;"[""prix de l'offre : 30 points"", ""Modalités et procédures de gestion des dossiers et notamment des sinistres, par la compagnie et/ou l'intermédiaire : 40 points"", 'Les conditions de garanties, le degré de conformité de la couverture aux attentes du Pouvoir Adjudicateur : 30 points']";['prix', 'qualite', 'qualite'];[30.0, 40.0, 30.0];;False;47000000.0;False;{'StreetName': 'Centre de gestion de la seine maritime', 'CityName': 'Isneauville', 'PostalZone': '76230', 'NUTS': 'FRD22', 'Country': 'FRA'};sans remise en concurrence;;26-85848;;44977062.0;47000000.0;LOT-0001;66512000;25000000.0;1;2;;Marché de service relatif à la prestation d'assurance des risques statutaires pour les collectivités et établissements affiliés au centre de gestion de la Seine Maritime.;negociee;;;;;False;False;False;44977062.0;7379;(Autre) Établissement public administratif local ;100  à  199;False;1995-08-25;84.11Z;2008;5599.0;SA à conseil d'administration (s.a.i.);1  ou  2;False;<NA>;2008;K;66;66.2;66.22;66.22Z;1986-01-01;(48.825953, 2.274859);Issy-les-Moulineaux;Hauts-de-Seine;Île-de-France;(49.487812, 1.138291);Isneauville;Seine-Maritime;Normandie;;;;;;;;
False;['18143000', '18830000'];;True;False;False;attribue;{'StreetName': '47 Rue Charles De Gaulle', 'AdditionalStreetName': None, 'CityName': 'Gruchet-Le-Valasse', 'PostalZone': '76210', 'Country': 'FRA'};818653289;False;ANGILLIS PROTECTION INDIVIDUELLE;ANGILLIS PROTECTION INDIVIDUELLE;2026-09-05;{'StreetName': '16 Grand Quai', 'AdditionalStreetName': None, 'CityName': 'Fecamp', 'PostalZone': '76400', 'Country': 'FRA'};200102416;False;SYNDICAT MIXTE DES PORTS DE LA SEINE-MARITIME;SYNDICAT MIXTE DES PORTS DE LA SEINE-MARITIME;;2026-06-01+02:00;fournitures;['Valeur technique appréciée au regard du mémoire technique', 'Développement durable', 'Prix'];['technique', 'environnemental', 'prix'];[50.0, 10.0, 40.0];360.0;True;;False;;sans remise en concurrence;;26-85822;;;;LOT-0000;18100000;62127.0;1;3;;Fourniture de vêtements, chaussures et équipements de protection individuelle;ouverte;202602261648;3.0;;;True;True;True;;7355;Syndicat mixte ouvert;;False;2023-10-11;84.13Z;2008;5499.0;Société à responsabilité limitée (sans autre indication);3  à  5;False;<NA>;2008;G;46;46.1;46.19;46.19B;2016-02-10;(49.556001, 0.48432);Gruchet-le-Valasse;Seine-Maritime;Normandie;(49.762151, 0.368391);Fécamp;Seine-Maritime;Normandie;;;;;;;;
False;;;True;False;False;attribue;{'StreetName': None, 'AdditionalStreetName': None, 'CityName': 'MONTROUGE', 'PostalZone': '92120', 'Country': 'FRA'};393365135;True;EDENRED FRANCE;EDENRED FRANCE SAS;2026-09-05;{'StreetName': '45 Place Formigé', 'AdditionalStreetName': None, 'CityName': 'Fréjus', 'PostalZone': '83600', 'Country': 'FRA'};218300614;True;COMMUNE DE FREJUS;Ville de Frejus;;;fournitures;"['Valeur technique, jugée au regard du cadre mémoire justificatif et des sous-critères définis au règlement de la consultation', 'Prix des prestations, jugé au regard du DQE', ""Performances en matière de protection de l'environnement, jugée au regard du cadre mémoire justificatif""]";['technique', 'prix', 'environnemental'];[80.0, 10.0, 10.0];1440.0;False;;False;{'StreetName': None, 'CityName': None, 'PostalZone': None, 'NUTS': 'FRL05', 'Country': 'FRA'};sans remise en concurrence;;26-85808;;5972000.0;5972000.0;LOT-0001;30199770;5972000.0;1;3;;FOURNITURE DE TITRES RESTAURANT;ouverte;2026/FCS/0010;;;;False;False;False;5972000.0;7210;Commune et commune nouvelle ;1 000  à  1 999;False;1983-03-01;84.11Z;2008;5710.0;SAS, société par actions simplifiée;500  à  999;False;<NA>;2008;K;66;66.1;66.19;66.19B;1993-12-20;;Montrouge;Hauts-de-Seine;Île-de-France;(43.432971, 6.736909);Fréjus;Var;Provence-Alpes-Côte d'Azur;;;;;;;;
False;;;True;True;False;attribue;{'StreetName': None, 'AdditionalStreetName': None, 'CityName': '78423', 'PostalZone': '78180', 'Country': 'FRA'};489627257;True;AZUREL;AZUREL;2026-09-05;{'StreetName': '4 rue de la Marne', 'AdditionalStreetName': None, 'CityName': 'Villenoy', 'PostalZone': '77124', 'Country': 'FRA'};217705136;True;COMMUNE DE VILLENOY;Commune de Villenoy;;;services;"['Valeur technique', 'Délai d’intervention en cas d’imprévu  - Sous-critères: ""Remplacement interne pour la partie forfaitaire "" valant pour 15% de la note finale - ""Remplacement d’un agent de la collectivité"" valant pour 15% de la note finale', 'Valeur environnementale', 'Prix']";['technique', 'delai', 'environnemental', 'prix'];[25.0, 30.0, 5.0, 40.0];360.0;False;;False;{'StreetName': None, 'CityName': None, 'PostalZone': None, 'NUTS': 'FR102', 'Country': 'FRA'};sans remise en concurrence;;26-85841;;;;LOT-0001;90911200;0.0;2;15;;Entretien des locaux municipaux de Villenoy;ouverte;2600003;3.0;;;False;False;False;;7210;Commune et commune nouvelle ;100  à  199;False;1978-01-01;84.11Z;2008;5710.0;SAS, société par actions simplifiée;500  à  999;False;<NA>;2008;N;81;81.2;81.21;81.21Z;2006-04-11;;;;;(48.943361, 2.86474);Villenoy;Seine-et-Marne;Île-de-France;;;;;;;;
False;;;True;True;False;attribue;{'StreetName': None, 'AdditionalStreetName': None, 'CityName': '94080', 'PostalZone': '94300', 'Country': 'FRA'};983928722;True;DOME FACILITIES;DOME FACILITIES;2026-09-05;{'StreetName': '4 rue de la Marne', 'AdditionalStreetName': None, 'CityName': 'Villenoy', 'PostalZone': '77124', 'Country': 'FRA'};217705136;True;COMMUNE DE VILLENOY;Commune de Villenoy;;;services;"['Valeur technique', 'Moyens matériels pour l’exécution des prestations  - Sous-critères: ""Moyens matériels pour le nettoyage des surfaces vitrées accessibles, ne nécessitant pas l\'utilisation d\'un moyen d\'élévation spécifique"" valant pour 15% de la note finale - ""Moyens matériels pour le nettoyage des surfaces vitrées nécessitant l\'utilisation d\'un moyen d\'élévation spécifique"" valant pour 15% de la note finale', 'Valeur environnementale  - Sous-critères: ""La qualité environnementale des produits"" valant pour 2.5% de la note finale - ""La prise en compte de l’environnement dans la réalisation des prestations"" valant pour 2.5% de la note finale', 'Prix']";['technique', 'technique', 'environnemental', 'prix'];[25.0, 30.0, 5.0, 40.0];360.0;False;;False;{'StreetName': None, 'CityName': None, 'PostalZone': None, 'NUTS': 'FR102', 'Country': 'FRA'};sans remise en concurrence;;26-85841;;;;LOT-0002;90911300;0.0;2;8;;Entretien des locaux municipaux de Villenoy;ouverte;2600003;3.0;;;False;False;False;;7210;Commune et commune nouvelle ;100  à  199;False;1978-01-01;84.11Z;2008;5499.0;Société à responsabilité limitée (sans autre indication);;False;<NA>;2008;N;81;81.2;81.21;81.21Z;2024-01-18;;;;;(48.943361, 2.86474);Villenoy;Seine-et-Marne;Île-de-France;;;;;;;;
False;['71356100'];;True;True;False;attribue;{'StreetName': '6 Rue Du General Audran', 'AdditionalStreetName': None, 'CityName': 'Courbevoie', 'PostalZone': '92400', 'Country': 'FRA'};903869071;False;APAVE INFRASTRUCTURES ET CONSTRUCTION FRANCE;Apave Infrastructures et construction;2026-09-05;{'StreetName': '21 boulevard de la Marquette', 'AdditionalStreetName': 'Bp 10416', 'CityName': 'Toulouse', 'PostalZone': '31004', 'Country': 'FRA'};408370740;False;SOCIETE DE LA MOBILITE DE L'AGGLOMERATION TOULOUSAINE;Tisséo Ingénierie, agissant au nom et pour le compte de Tisséo Collectivités;;;services;"[""Valeur technique de l'offre"", 'Prix']";['technique', 'prix'];[40.0, 60.0];;False;;False;;;;26-85774;;48900.0;;LOT-0001;71356100;;3;7;;ORGANISME DE CONTRÔLE TECHNIQUE AGRÉE (OCTA) POUR LES PÔLES D'ÉCHANGES MULTIMODAUX DE LA LIGNE C;ouverte;M3 2025 03358 M;0.0;;;False;False;False;118500.0;5599;SA à conseil d'administration (s.a.i.);100  à  199;False;1996-07-11;71.12B;2008;5710.0;SAS, société par actions simplifiée;1 000  à  1 999;False;False;2008;M;71;71.2;71.2;71.20B;2021-09-28;(48.889786, 2.254745);Courbevoie;Hauts-de-Seine;Île-de-France;(43.614382, 1.433248);Toulouse;Haute-Garonne;Occitanie;;;;;;;;
False;['71356100'];;True;True;False;attribue;{'StreetName': '5 Pl Des Freres Montgolfier', 'AdditionalStreetName': None, 'CityName': 'Guyancourt', 'PostalZone': '78280', 'Country': 'FRA'};834157513;False;SOCOTEC CONSTRUCTION;SOCOTEC CONSTRUCTION;2026-09-05;{'StreetName': '21 boulevard de la Marquette', 'AdditionalStreetName': 'Bp 10416', 'CityName': 'Toulouse', 'PostalZone': '31004', 'Country': 'FRA'};408370740;False;SOCIETE DE LA MOBILITE DE L'AGGLOMERATION TOULOUSAINE;Tisséo Ingénierie, agissant au nom et pour le compte de Tisséo Collectivités;;;services;"[""Valeur technique de l'offre"", 'Prix']";['technique', 'prix'];[40.0, 60.0];;False;;False;;;;26-85774;;31600.0;;LOT-0002;71356100;;3;7;;ORGANISME DE CONTRÔLE TECHNIQUE AGRÉE (OCTA) POUR LES PÔLES D'ÉCHANGES MULTIMODAUX DE LA LIGNE C;ouverte;M3 2025 03358 M;0.0;;;False;False;False;118500.0;5599;SA à conseil d'administration (s.a.i.);100  à  199;False;1996-07-11;71.12B;2008;5710.0;SAS, société par actions simplifiée;1 000  à  1 999;False;<NA>;2008;M;71;71.2;71.2;71.20B;2017-12-12;(48.786599, 2.05274);Guyancourt;Yvelines;Île-de-France;(43.614382, 1.433248);Toulouse;Haute-Garonne;Occitanie;;;;;;;;
False;['71356100'];;True;True;False;attribue;{'StreetName': '17 rue Marius Tercé - Bât. B', 'AdditionalStreetName': None, 'CityName': 'Toulouse Cedex 3', 'PostalZone': '31024', 'Country': 'FRA'};790182786;False;BUREAU VERITAS CONSTRUCTION;BUREAU VERITAS CONSTRUCTION;2026-09-05;{'StreetName': '21 boulevard de la Marquette', 'AdditionalStreetName': 'Bp 10416', 'CityName': 'Toulouse', 'PostalZone': '31004', 'Country': 'FRA'};408370740;False;SOCIETE DE LA MOBILITE DE L'AGGLOMERATION TOULOUSAINE;Tisséo Ingénierie, agissant au nom et pour le compte de Tisséo Collectivités;;;services;"[""Valeur technique de l'offre"", 'Prix']";['technique', 'prix'];[40.0, 60.0];;False;;False;;;;26-85774;;38000.0;;LOT-0003;71356100;;3;7;;ORGANISME DE CONTRÔLE TECHNIQUE AGRÉE (OCTA) POUR LES PÔLES D'ÉCHANGES MULTIMODAUX DE LA LIGNE C;ouverte;M3 2025 03358 M;0.0;;;False;False;False;118500.0;5599;SA à conseil d'administration (s.a.i.);100  à  199;False;1996-07-11;71.12B;2008;5710.0;SAS, société par actions simplifiée;500  à  999;False;<NA>;2008;M;71;71.2;71.2;71.20B;2012-12-20;(43.607837, 1.359928);Toulouse;Haute-Garonne;Occitanie;(43.614382, 1.433248);Toulouse;Haute-Garonne;Occitanie;;;;;;;;
False;;;True;False;False;attribue;{'StreetName': None, 'AdditionalStreetName': None, 'CityName': 'LANNION CEDEX', 'PostalZone': '22037', 'Country': 'FRA'};331035618;True;EMERAUDE I.D;Association Emeraude i.d. - Département Emeraude Création;2026-09-05;{'StreetName': '2 cours Champ de Mars', 'AdditionalStreetName': None, 'CityName': 'NANTES', 'PostalZone': '44000', 'Country': 'FRA'};244400404;True;METROPOLE NANTES METROPOLE;Nantes Métropole;;;fournitures;['Coefficient : 50', 'Coefficient : 10', 'Coefficient : 40'];['qualite', 'qualite', 'prix'];[50.0, 10.0, 40.0];1440.0;False;;False;{'StreetName': None, 'CityName': None, 'PostalZone': None, 'NUTS': 'FRG01', 'Country': 'FRA'};sans remise en concurrence;;26-85732;;;;LOT-0001;34928480;1485000.0;1;2;;Tri à la source des déchets alimentaires - Fourniture de composteurs individuels pour les habitants en maison individuelle, sur les communes concernées par ce dispositif, hors Nantes;ouverte;2026NM000030;;;;False;False;False;;7344;Métropole;2 000  à  4 999;<NA>;1991-12-06;84.11Z;2008;9220.0;Association déclarée ;250  à  499;True;<NA>;2008;C;16;16.2;16.24;16.24Z;1984-09-17;;Trédion;Morbihan;Bretagne;(47.224291, -1.56518);Nantes;Loire-Atlantique;Pays de la Loire;;;;;;;;
False;;;False;False;False;attribue;{'StreetName': None, 'AdditionalStreetName': None, 'CityName': 'ISSY LES MOULINEAUX', 'PostalZone': '92130', 'Country': 'FRA'};383505187;True;THE MATHWORKS;THE MATHWORKS;2026-09-05;{'StreetName': None, 'AdditionalStreetName': None, 'CityName': 'Nancy', 'PostalZone': '54052', 'Country': 'FRA'};130015506;True;UNIVERSITE DE LORRAINE;Université de Lorraine;;;fournitures;['-'];['prix'];[100];;False;267864.0;False;;;;26-85779;;267864.0;;LOT-0001;48000000;;1;1;;ACQUISITION D'UNE LICENCE CAMPUS POUR LE LOGICIEL MATLAB POUR L'UNIVERSITE DE LORRAINE;negociee;26B24;;;;False;False;False;267864.0;7383;Établissement public national à caractère scientifique culturel et professionnel ;5 000  à  9 999;False;2012-01-01;85.42Z;2008;5710.0;SAS, société par actions simplifiée;100  à  199;False;<NA>;2008;J;58;58.2;58.29;58.29B;1991-10-10;;Issy-les-Moulineaux;Hauts-de-Seine;Île-de-France;;Nancy;Meurthe-et-Moselle;Grand Est;;;;;;;;
False;;;False;False;False;attribue;{'StreetName': None, 'AdditionalStreetName': None, 'CityName': 'ISSY LES MOULINEAUX', 'PostalZone': '92130', 'Country': 'FRA'};339379984;True;SAUR;SAUR;2026-09-05;{'StreetName': '11 Espace de Kerourgué', 'AdditionalStreetName': None, 'CityName': 'Fouesnant', 'PostalZone': '29170', 'Country': 'FRA'};242900660;True;COMMUNAUTE COMMUNES PAYS FOUESNANTAIS;CC du Pays Fouesnantais;2025-04-20;;services;"[""Conditions techniques d'exécution"", ""Service à l'usager"", 'Gouvernance et transparence']";['technique', 'qualite', 'qualite'];;2880.0;False;20000000.0;False;{'StreetName': 'Communauté de communes du pays fouesnantais', 'CityName': 'Fouesnant', 'PostalZone': '29170', 'NUTS': 'FRH02', 'Country': 'FRA'};;;26-85738;25-45139;21362936.0;20000000.0;LOT-0001;65000000;;1;4;;Concession du service public de distribution d'assainissement collectif de la Communauté de Communes du Pays Fouesnantais;;S2512-01;;;False;False;False;False;21362936.0;7346;Communauté de communes ;100  à  199;False;1993-12-28;84.11Z;2008;5710.0;SAS, société par actions simplifiée;5 000  à  9 999;False;False;2008;E;36;36.0;36.0;36.00Z;1986-10-28;;Issy-les-Moulineaux;Hauts-de-Seine;Île-de-France;(47.893491, -4.01352);Fouesnant;Finistère;Bretagne;;;;;;;;
False;['90620000'];;True;True;False;attribue;{'StreetName': '930 Rte De Chez Le Bois', 'AdditionalStreetName': None, 'CityName': 'Filliere', 'PostalZone': '74370', 'Country': 'FRA'};954086021;False;JL ENVIRONNEMENT;JL ENVIRONNEMENT;2026-09-05;{'StreetName': '23 rue de la Paix', 'AdditionalStreetName': '2ème étage, Cs 32444', 'CityName': 'Annecy', 'PostalZone': '74000', 'Country': 'FRA'};227400017;False;DEPARTEMENT DE LA HAUTE SAVOIE;Département de la Haute-Savoie;;;services;['Valeur technique', 'Prix'];['technique', 'prix'];[30.0, 70.0];;False;;False;;sans remise en concurrence;;26-85825;;100000.0;;LOT-0001;90620000;3751000.0;27;1;;Viabilité hivernale : prestations de déneigement et de salage;ouverte;2026A0254;3.0;;;False;False;False;;7220;Département ;2 000  à  4 999;False;1983-03-01;84.11Z;2008;5710.0;SAS, société par actions simplifiée;1  ou  2;False;<NA>;2008;N;81;81.2;81.29;81.29B;2023-06-27;(45.980816, 6.191528);Fillière;Haute-Savoie;Auvergne-Rhône-Alpes;(45.90476, 6.130737);Annecy;Haute-Savoie;Auvergne-Rhône-Alpes;;;;;;;;
False;['90620000'];;True;True;False;attribue;{'StreetName': '262 Chemin Des Bartavelles', 'AdditionalStreetName': None, 'CityName': 'Menthonnex-Sous-Clermont', 'PostalZone': '74270', 'Country': 'FRA'};889907069;False;T.P.A.F GIET;T.P.A.F GIET;2026-09-05;{'StreetName': '23 rue de la Paix', 'AdditionalStreetName': '2ème étage, Cs 32444', 'CityName': 'Annecy', 'PostalZone': '74000', 'Country': 'FRA'};227400017;False;DEPARTEMENT DE LA HAUTE SAVOIE;Département de la Haute-Savoie;;;services;['Valeur technique', 'Prix'];['technique', 'prix'];[30.0, 70.0];;False;;False;;sans remise en concurrence;;26-85825;;130000.0;;LOT-0002;90620000;3751000.0;27;2;;Viabilité hivernale : prestations de déneigement et de salage;ouverte;2026A0254;3.0;;;False;False;False;;7220;Département ;2 000  à  4 999;False;1983-03-01;84.11Z;2008;5710.0;SAS, société par actions simplifiée;3  à  5;False;<NA>;2008;F;43;43.1;43.12;43.12A;2020-09-22;(45.965064, 5.949578);Menthonnex-sous-Clermont;Haute-Savoie;Auvergne-Rhône-Alpes;(45.90476, 6.130737);Annecy;Haute-Savoie;Auvergne-Rhône-Alpes;;;;;;;;
False;['90620000'];;True;True;False;attribue;{'StreetName': '31 Che Des Vignes', 'AdditionalStreetName': None, 'CityName': 'La Balme-De-Sillingy', 'PostalZone': '74330', 'Country': 'FRA'};399007350;False;POINT VERT SERVICES;POINT VERT SERVICES;2026-09-05;{'StreetName': '23 rue de la Paix', 'AdditionalStreetName': '2ème étage, Cs 32444', 'CityName': 'Annecy', 'PostalZone': '74000', 'Country': 'FRA'};227400017;False;DEPARTEMENT DE LA HAUTE SAVOIE;Département de la Haute-Savoie;;;services;['Valeur technique', 'Prix'];['technique', 'prix'];[30.0, 70.0];;False;;False;;sans remise en concurrence;;26-85825;;525000.0;;LOT-0003;90620000;3751000.0;27;1;;Viabilité hivernale : prestations de déneigement et de salage;ouverte;2026A0254;3.0;;;False;False;False;;7220;Département ;2 000  à  4 999;False;1983-03-01;84.11Z;2008;5499.0;Société à responsabilité limitée (sans autre indication);10  à  19;False;<NA>;2008;N;81;81.3;81.3;81.30Z;1994-11-04;(45.975416, 6.028623);La Balme-de-Sillingy;Haute-Savoie;Auvergne-Rhône-Alpes;(45.90476, 6.130737);Annecy;Haute-Savoie;Auvergne-Rhône-Alpes;;;;;;;;
False;['90620000'];;True;True;False;attribue;{'StreetName': 'Rue Ambroise Croizat', 'AdditionalStreetName': None, 'CityName': 'Ugine', 'PostalZone': '73400', 'Country': 'FRA'};776221426;False;ENTREPRISE BASSO PIERRE ET FILS;SARL BASSO PIERRE ET FILS TP;2026-09-05;{'StreetName': '23 rue de la Paix', 'AdditionalStreetName': '2ème étage, Cs 32444', 'CityName': 'Annecy', 'PostalZone': '74000', 'Country': 'FRA'};227400017;False;DEPARTEMENT DE LA HAUTE SAVOIE;Département de la Haute-Savoie;;;services;['Valeur technique', 'Prix'];['technique', 'prix'];[30.0, 70.0];;False;;False;;sans remise en concurrence;;26-85825;;145000.0;;LOT-0004;90620000;3751000.0;27;2;;Viabilité hivernale : prestations de déneigement et de salage;ouverte;2026A0254;3.0;;;False;False;False;;7220;Département ;2 000  à  4 999;False;1983-03-01;84.11Z;2008;5710.0;SAS, société par actions simplifiée;20  à  49;False;<NA>;2008;F;43;43.1;43.12;43.12A;1969-01-01;(45.759814, 6.399167);Ugine;Savoie;Auvergne-Rhône-Alpes;(45.90476, 6.130737);Annecy;Haute-Savoie;Auvergne-Rhône-Alpes;;;;;;;;
False;['90620000'];;True;True;False;attribue;{'StreetName': '3090 Rte Nationale 203', 'AdditionalStreetName': None, 'CityName': 'Etaux', 'PostalZone': '74800', 'Country': 'FRA'};349637967;False;LUC MAULET;LUC MAULET;2026-09-05;{'StreetName': '23 rue de la Paix', 'AdditionalStreetName': '2ème étage, Cs 32444', 'CityName': 'Annecy', 'PostalZone': '74000', 'Country': 'FRA'};227400017;False;DEPARTEMENT DE LA HAUTE SAVOIE;Département de la Haute-Savoie;;;services;['Valeur technique', 'Prix'];['technique', 'prix'];[30.0, 70.0];;False;;False;;sans remise en concurrence;;26-85825;;140000.0;;LOT-0005;90620000;3751000.0;27;2;;Viabilité hivernale : prestations de déneigement et de salage;ouverte;2026A0254;3.0;;;False;False;False;;7220;Département ;2 000  à  4 999;False;1983-03-01;84.11Z;2008;5499.0;Société à responsabilité limitée (sans autre indication);50  à  99;False;<NA>;2008;F;43;43.1;43.12;43.12A;1989-01-01;(46.052876, 6.279034);Eteaux;Haute-Savoie;Auvergne-Rhône-Alpes;(45.90476, 6.130737);Annecy;Haute-Savoie;Auvergne-Rhône-Alpes;;;;;;;;
False;['90620000'];;True;True;False;attribue;{'StreetName': '107 Rue Du Plot', 'AdditionalStreetName': None, 'CityName': 'Groisy', 'PostalZone': '74570', 'Country': 'FRA'};439276171;False;BRUNI SARL;SARL CROSET;2026-09-05;{'StreetName': '23 rue de la Paix', 'AdditionalStreetName': '2ème étage, Cs 32444', 'CityName': 'Annecy', 'PostalZone': '74000', 'Country': 'FRA'};227400017;False;DEPARTEMENT DE LA HAUTE SAVOIE;Département de la Haute-Savoie;;;services;['Valeur technique', 'Prix'];['technique', 'prix'];[30.0, 70.0];;False;;False;;sans remise en concurrence;;26-85825;;395000.0;;LOT-0006;90620000;3751000.0;27;2;;Viabilité hivernale : prestations de déneigement et de salage;ouverte;2026A0254;3.0;;;False;False;False;;7220;Département ;2 000  à  4 999;False;1983-03-01;84.11Z;2008;5499.0;Société à responsabilité limitée (sans autre indication);3  à  5;<NA>;<NA>;2008;G;45;45.2;45.2;45.20A;2001-09-25;(46.004243, 6.186406);Groisy;Haute-Savoie;Auvergne-Rhône-Alpes;(45.90476, 6.130737);Annecy;Haute-Savoie;Auvergne-Rhône-Alpes;;;;;;;;
False;['90620000'];;True;True;False;attribue;{'StreetName': '930 Rte De Chez Le Bois', 'AdditionalStreetName': None, 'CityName': 'Filliere', 'PostalZone': '74370', 'Country': 'FRA'};954086021;False;JL ENVIRONNEMENT;JL ENVIRONNEMENT;2026-09-05;{'StreetName': '23 rue de la Paix', 'AdditionalStreetName': '2ème étage, Cs 32444', 'CityName': 'Annecy', 'PostalZone': '74000', 'Country': 'FRA'};227400017;False;DEPARTEMENT DE LA HAUTE SAVOIE;Département de la Haute-Savoie;;;services;['Valeur technique', 'Prix'];['technique', 'prix'];[30.0, 70.0];;False;;False;;sans remise en concurrence;;26-85825;;146000.0;;LOT-0007;90620000;3751000.0;27;3;;Viabilité hivernale : prestations de déneigement et de salage;ouverte;2026A0254;3.0;;;False;False;False;;7220;Département ;2 000  à  4 999;False;1983-03-01;84.11Z;2008;5710.0;SAS, société par actions simplifiée;1  ou  2;False;<NA>;2008;N;81;81.2;81.29;81.29B;2023-06-27;(45.980816, 6.191528);Fillière;Haute-Savoie;Auvergne-Rhône-Alpes;(45.90476, 6.130737);Annecy;Haute-Savoie;Auvergne-Rhône-Alpes;;;;;;;;
False;['90620000'];;True;True;False;attribue;{'StreetName': '25 Zone De La Papeterie', 'AdditionalStreetName': None, 'CityName': 'Arenthon', 'PostalZone': '74800', 'Country': 'FRA'};341379204;False;TRANS-MIS;TRANS-MIS;2026-09-05;{'StreetName': '23 rue de la Paix', 'AdditionalStreetName': '2ème étage, Cs 32444', 'CityName': 'Annecy', 'PostalZone': '74000', 'Country': 'FRA'};227400017;False;DEPARTEMENT DE LA HAUTE SAVOIE;Département de la Haute-Savoie;;;services;['Valeur technique', 'Prix'];['technique', 'prix'];[30.0, 70.0];;False;;False;;sans remise en concurrence;;26-85825;;100000.0;;LOT-0008;90620000;3751000.0;27;2;;Viabilité hivernale : prestations de déneigement et de salage;ouverte;2026A0254;3.0;;;False;False;False;;7220;Département ;2 000  à  4 999;False;1983-03-01;84.11Z;2008;5710.0;SAS, société par actions simplifiée;20  à  49;False;<NA>;2008;H;49;49.4;49.41;49.41C;1987-03-01;(46.081926, 6.363493);Arenthon;Haute-Savoie;Auvergne-Rhône-Alpes;(45.90476, 6.130737);Annecy;Haute-Savoie;Auvergne-Rhône-Alpes;;;;;;;;
False;['90620000'];;True;True;False;attribue;{'StreetName': '31 Che Des Vignes', 'AdditionalStreetName': None, 'CityName': 'La Balme-De-Sillingy', 'PostalZone': '74330', 'Country': 'FRA'};399007350;False;POINT VERT SERVICES;POINT VERT SERVICES;2026-09-05;{'StreetName': '23 rue de la Paix', 'AdditionalStreetName': '2ème étage, Cs 32444', 'CityName': 'Annecy', 'PostalZone': '74000', 'Country': 'FRA'};227400017;False;DEPARTEMENT DE LA HAUTE SAVOIE;Département de la Haute-Savoie;;;services;['Valeur technique', 'Prix'];['technique', 'prix'];[30.0, 70.0];;False;;False;;sans remise en concurrence;;26-85825;;130000.0;;LOT-0009;90620000;3751000.0;27;1;;Viabilité hivernale : prestations de déneigement et de salage;ouverte;2026A0254;3.0;;;False;False;False;;7220;Département ;2 000  à  4 999;False;1983-03-01;84.11Z;2008;5499.0;Société à responsabilité limitée (sans autre indication);10  à  19;False;<NA>;2008;N;81;81.3;81.3;81.30Z;1994-11-04;(45.975416, 6.028623);La Balme-de-Sillingy;Haute-Savoie;Auvergne-Rhône-Alpes;(45.90476, 6.130737);Annecy;Haute-Savoie;Auvergne-Rhône-Alpes;;;;;;;;
False;['90620000'];;True;True;False;attribue;{'StreetName': '326 Rue De Pierre Longue', 'AdditionalStreetName': None, 'CityName': 'Amancy', 'PostalZone': '74800', 'Country': 'FRA'};327993226;False;DECREMPS BTP;DECREMPS BTP;2026-09-05;{'StreetName': '23 rue de la Paix', 'AdditionalStreetName': '2ème étage, Cs 32444', 'CityName': 'Annecy', 'PostalZone': '74000', 'Country': 'FRA'};227400017;False;DEPARTEMENT DE LA HAUTE SAVOIE;Département de la Haute-Savoie;;;services;['Valeur technique', 'Prix'];['technique', 'prix'];[30.0, 70.0];;False;;False;;sans remise en concurrence;;26-85825;;120000.0;;LOT-0010;90620000;3751000.0;27;2;;Viabilité hivernale : prestations de déneigement et de salage;ouverte;2026A0254;3.0;;;False;False;False;;7220;Département ;2 000  à  4 999;False;1983-03-01;84.11Z;2008;5710.0;SAS, société par actions simplifiée;50  à  99;False;<NA>;2008;F;43;43.1;43.12;43.12B;1983-09-01;(46.072945, 6.347621);Amancy;Haute-Savoie;Auvergne-Rhône-Alpes;(45.90476, 6.130737);Annecy;Haute-Savoie;Auvergne-Rhône-Alpes;;;;;;;;
False;['90620000'];;True;True;False;non attribue;;;False;;;2026-09-05;{'StreetName': '23 rue de la Paix', 'AdditionalStreetName': '2ème étage, Cs 32444', 'CityName': 'Annecy', 'PostalZone': '74000', 'Country': 'FRA'};227400017;False;DEPARTEMENT DE LA HAUTE SAVOIE;Département de la Haute-Savoie;;;services;['Valeur technique', 'Prix'];['technique', 'prix'];[30.0, 70.0];;False;;False;;sans remise en concurrence;;26-85825;;;;LOT-0011;90620000;3751000.0;27;0;;Viabilité hivernale : prestations de déneigement et de salage;ouverte;2026A0254;3.0;;;False;False;False;;7220;Département ;2 000  à  4 999;False;1983-03-01;84.11Z;2008;;;;;;<NA>;;;;;<NA>;<NA>;;;;;(45.90476, 6.130737);Annecy;Haute-Savoie;Auvergne-Rhône-Alpes;;;;;;;;
False;['90620000'];;True;True;False;attribue;{'StreetName': '36 Clos Missaire', 'AdditionalStreetName': None, 'CityName': 'Samoens', 'PostalZone': '74340', 'Country': 'FRA'};492688445;False;SARL DEPLACE;DEPLACE Cédric;2026-09-05;{'StreetName': '23 rue de la Paix', 'AdditionalStreetName': '2ème étage, Cs 32444', 'CityName': 'Annecy', 'PostalZone': '74000', 'Country': 'FRA'};227400017;False;DEPARTEMENT DE LA HAUTE SAVOIE;Département de la Haute-Savoie;;;services;['Valeur technique', 'Prix'];['technique', 'prix'];[30.0, 70.0];;False;;False;;sans remise en concurrence;;26-85825;;100000.0;;LOT-0012;90620000;3751000.0;27;3;;Viabilité hivernale : prestations de déneigement et de salage;ouverte;2026A0254;3.0;;;False;False;False;;7220;Département ;2 000  à  4 999;False;1983-03-01;84.11Z;2008;5499.0;Société à responsabilité limitée (sans autre indication);10  à  19;<NA>;<NA>;2008;F;43;43.1;43.12;43.12A;2007-01-02;(46.07124, 6.746277);Samoëns;Haute-Savoie;Auvergne-Rhône-Alpes;(45.90476, 6.130737);Annecy;Haute-Savoie;Auvergne-Rhône-Alpes;;;;;;;;
False;['90620000'];;True;True;False;attribue;{'StreetName': '326 Rue De Pierre Longue', 'AdditionalStreetName': None, 'CityName': 'Amancy', 'PostalZone': '74800', 'Country': 'FRA'};327993226;False;DECREMPS BTP;DECREMPS BTP;2026-09-05;{'StreetName': '23 rue de la Paix', 'AdditionalStreetName': '2ème étage, Cs 32444', 'CityName': 'Annecy', 'PostalZone': '74000', 'Country': 'FRA'};227400017;False;DEPARTEMENT DE LA HAUTE SAVOIE;Département de la Haute-Savoie;;;services;['Valeur technique', 'Prix'];['technique', 'prix'];[30.0, 70.0];;False;;False;;sans remise en concurrence;;26-85825;;110000.0;;LOT-0013;90620000;3751000.0;27;2;;Viabilité hivernale : prestations de déneigement et de salage;ouverte;2026A0254;3.0;;;False;False;False;;7220;Département ;2 000  à  4 999;False;1983-03-01;84.11Z;2008;5710.0;SAS, société par actions simplifiée;50  à  99;False;<NA>;2008;F;43;43.1;43.12;43.12B;1983-09-01;(46.072945, 6.347621);Amancy;Haute-Savoie;Auvergne-Rhône-Alpes;(45.90476, 6.130737);Annecy;Haute-Savoie;Auvergne-Rhône-Alpes;;;;;;;;
False;['90620000'];;True;True;False;attribue;{'StreetName': '3090 Rte Nationale 203', 'AdditionalStreetName': None, 'CityName': 'Etaux', 'PostalZone': '74800', 'Country': 'FRA'};349637967;False;LUC MAULET;LUC MAULET;2026-09-05;{'StreetName': '23 rue de la Paix', 'AdditionalStreetName': '2ème étage, Cs 32444', 'CityName': 'Annecy', 'PostalZone': '74000', 'Country': 'FRA'};227400017;False;DEPARTEMENT DE LA HAUTE SAVOIE;Département de la Haute-Savoie;;;services;['Valeur technique', 'Prix'];['technique', 'prix'];[30.0, 70.0];;False;;False;;sans remise en concurrence;;26-85825;;100000.0;;LOT-0014;90620000;3751000.0;27;2;;Viabilité hivernale : prestations de déneigement et de salage;ouverte;2026A0254;3.0;;;False;False;False;;7220;Département ;2 000  à  4 999;False;1983-03-01;84.11Z;2008;5499.0;Société à responsabilité limitée (sans autre indication);50  à  99;False;<NA>;2008;F;43;43.1;43.12;43.12A;1989-01-01;(46.052876, 6.279034);Eteaux;Haute-Savoie;Auvergne-Rhône-Alpes;(45.90476, 6.130737);Annecy;Haute-Savoie;Auvergne-Rhône-Alpes;;;;;;;;
False;['90620000'];;True;True;False;attribue;{'StreetName': '36 Clos Missaire', 'AdditionalStreetName': None, 'CityName': 'Samoens', 'PostalZone': '74340', 'Country': 'FRA'};492688445;False;SARL DEPLACE;DEPLACE Cédric;2026-09-05;{'StreetName': '23 rue de la Paix', 'AdditionalStreetName': '2ème étage, Cs 32444', 'CityName': 'Annecy', 'PostalZone': '74000', 'Country': 'FRA'};227400017;False;DEPARTEMENT DE LA HAUTE SAVOIE;Département de la Haute-Savoie;;;services;['Valeur technique', 'Prix'];['technique', 'prix'];[30.0, 70.0];;False;;False;;sans remise en concurrence;;26-85825;;50000.0;;LOT-0015;90620000;3751000.0;27;1;;Viabilité hivernale : prestations de déneigement et de salage;ouverte;2026A0254;3.0;;;False;False;False;;7220;Département ;2 000  à  4 999;False;1983-03-01;84.11Z;2008;5499.0;Société à responsabilité limitée (sans autre indication);10  à  19;<NA>;<NA>;2008;F;43;43.1;43.12;43.12A;2007-01-02;(46.07124, 6.746277);Samoëns;Haute-Savoie;Auvergne-Rhône-Alpes;(45.90476, 6.130737);Annecy;Haute-Savoie;Auvergne-Rhône-Alpes;;;;;;;;
False;['90620000'];;True;True;False;attribue;{'StreetName': '31 Che Des Vignes', 'AdditionalStreetName': None, 'CityName': 'La Balme-De-Sillingy', 'PostalZone': '74330', 'Country': 'FRA'};399007350;False;POINT VERT SERVICES;POINT VERT SERVICES;2026-09-05;{'StreetName': '23 rue de la Paix', 'AdditionalStreetName': '2ème étage, Cs 32444', 'CityName': 'Annecy', 'PostalZone': '74000', 'Country': 'FRA'};227400017;False;DEPARTEMENT DE LA HAUTE SAVOIE;Département de la Haute-Savoie;;;services;['Valeur technique', 'Prix'];['technique', 'prix'];[30.0, 70.0];;False;;False;;sans remise en concurrence;;26-85825;;70000.0;;LOT-0016;90620000;3751000.0;27;1;;Viabilité hivernale : prestations de déneigement et de salage;ouverte;2026A0254;3.0;;;False;False;False;;7220;Département ;2 000  à  4 999;False;1983-03-01;84.11Z;2008;5499.0;Société à responsabilité limitée (sans autre indication);10  à  19;False;<NA>;2008;N;81;81.3;81.3;81.30Z;1994-11-04;(45.975416, 6.028623);La Balme-de-Sillingy;Haute-Savoie;Auvergne-Rhône-Alpes;(45.90476, 6.130737);Annecy;Haute-Savoie;Auvergne-Rhône-Alpes;;;;;;;;
False;['90620000'];;True;True;False;attribue;{'StreetName': '326 Rue De Pierre Longue', 'AdditionalStreetName': None, 'CityName': 'Amancy', 'PostalZone': '74800', 'Country': 'FRA'};327993226;False;DECREMPS BTP;DECREMPS BTP;2026-09-05;{'StreetName': '23 rue de la Paix', 'AdditionalStreetName': '2ème étage, Cs 32444', 'CityName': 'Annecy', 'PostalZone': '74000', 'Country': 'FRA'};227400017;False;DEPARTEMENT DE LA HAUTE SAVOIE;Département de la Haute-Savoie;;;services;['Valeur technique', 'Prix'];['technique', 'prix'];[30.0, 70.0];;False;;False;;sans remise en concurrence;;26-85825;;85000.0;;LOT-0017;90620000;3751000.0;27;1;;Viabilité hivernale : prestations de déneigement et de salage;ouverte;2026A0254;3.0;;;False;False;False;;7220;Département ;2 000  à  4 999;False;1983-03-01;84.11Z;2008;5710.0;SAS, société par actions simplifiée;50  à  99;False;<NA>;2008;F;43;43.1;43.12;43.12B;1983-09-01;(46.072945, 6.347621);Amancy;Haute-Savoie;Auvergne-Rhône-Alpes;(45.90476, 6.130737);Annecy;Haute-Savoie;Auvergne-Rhône-Alpes;;;;;;;;
False;['90620000'];;True;True;False;attribue;{'StreetName': '3090 Rte Nationale 203', 'AdditionalStreetName': None, 'CityName': 'Etaux', 'PostalZone': '74800', 'Country': 'FRA'};349637967;False;LUC MAULET;LUC MAULET;2026-09-05;{'StreetName': '23 rue de la Paix', 'AdditionalStreetName': '2ème étage, Cs 32444', 'CityName': 'Annecy', 'PostalZone': '74000', 'Country': 'FRA'};227400017;False;DEPARTEMENT DE LA HAUTE SAVOIE;Département de la Haute-Savoie;;;services;['Valeur technique', 'Prix'];['technique', 'prix'];[30.0, 70.0];;False;;False;;sans remise en concurrence;;26-85825;;80000.0;;LOT-0018;90620000;3751000.0;27;2;;Viabilité hivernale : prestations de déneigement et de salage;ouverte;2026A0254;3.0;;;False;False;False;;7220;Département ;2 000  à  4 999;False;1983-03-01;84.11Z;2008;5499.0;Société à responsabilité limitée (sans autre indication);50  à  99;False;<NA>;2008;F;43;43.1;43.12;43.12A;1989-01-01;(46.052876, 6.279034);Eteaux;Haute-Savoie;Auvergne-Rhône-Alpes;(45.90476, 6.130737);Annecy;Haute-Savoie;Auvergne-Rhône-Alpes;;;;;;;;
False;['90620000'];;True;True;False;attribue;{'StreetName': '31 Che Des Vignes', 'AdditionalStreetName': None, 'CityName': 'La Balme-De-Sillingy', 'PostalZone': '74330', 'Country': 'FRA'};399007350;False;POINT VERT SERVICES;POINT VERT SERVICES;2026-09-05;{'StreetName': '23 rue de la Paix', 'AdditionalStreetName': '2ème étage, Cs 32444', 'CityName': 'Annecy', 'PostalZone': '74000', 'Country': 'FRA'};227400017;False;DEPARTEMENT DE LA HAUTE SAVOIE;Département de la Haute-Savoie;;;services;['Valeur technique', 'Prix'];['technique', 'prix'];[30.0, 70.0];;False;;False;;sans remise en concurrence;;26-85825;;80000.0;;LOT-0019;90620000;3751000.0;27;1;;Viabilité hivernale : prestations de déneigement et de salage;ouverte;2026A0254;3.0;;;False;False;False;;7220;Département ;2 000  à  4 999;False;1983-03-01;84.11Z;2008;5499.0;Société à responsabilité limitée (sans autre indication);10  à  19;False;<NA>;2008;N;81;81.3;81.3;81.30Z;1994-11-04;(45.975416, 6.028623);La Balme-de-Sillingy;Haute-Savoie;Auvergne-Rhône-Alpes;(45.90476, 6.130737);Annecy;Haute-Savoie;Auvergne-Rhône-Alpes;;;;;;;;
False;['90620000'];;True;True;False;attribue;{'StreetName': '3090 Rte Nationale 203', 'AdditionalStreetName': None, 'CityName': 'Etaux', 'PostalZone': '74800', 'Country': 'FRA'};349637967;False;LUC MAULET;LUC MAULET;2026-09-05;{'StreetName': '23 rue de la Paix', 'AdditionalStreetName': '2ème étage, Cs 32444', 'CityName': 'Annecy', 'PostalZone': '74000', 'Country': 'FRA'};227400017;False;DEPARTEMENT DE LA HAUTE SAVOIE;Département de la Haute-Savoie;;;services;['Valeur technique', 'Prix'];['technique', 'prix'];[30.0, 70.0];;False;;False;;sans remise en concurrence;;26-85825;;70000.0;;LOT-0020;90620000;3751000.0;27;2;;Viabilité hivernale : prestations de déneigement et de salage;ouverte;2026A0254;3.0;;;False;False;False;;7220;Département ;2 000  à  4 999;False;1983-03-01;84.11Z;2008;5499.0;Société à responsabilité limitée (sans autre indication);50  à  99;False;<NA>;2008;F;43;43.1;43.12;43.12A;1989-01-01;(46.052876, 6.279034);Eteaux;Haute-Savoie;Auvergne-Rhône-Alpes;(45.90476, 6.130737);Annecy;Haute-Savoie;Auvergne-Rhône-Alpes;;;;;;;;
False;['90620000'];;True;True;False;attribue;{'StreetName': '31, Chemin des Vignes-', 'AdditionalStreetName': None, 'CityName': 'A Balme-De-Sillingy', 'PostalZone': '74330', 'Country': 'FRA'};399007350;False;POINT VERT SERVICES;POINT VERT SERVICES;2026-09-05;{'StreetName': '23 rue de la Paix', 'AdditionalStreetName': '2ème étage, Cs 32444', 'CityName': 'Annecy', 'PostalZone': '74000', 'Country': 'FRA'};227400017;False;DEPARTEMENT DE LA HAUTE SAVOIE;Département de la Haute-Savoie;;;services;['Valeur technique', 'Prix'];['technique', 'prix'];[30.0, 70.0];;False;;False;;sans remise en concurrence;;26-85825;;80000.0;;LOT-0021;90620000;3751000.0;27;2;;Viabilité hivernale : prestations de déneigement et de salage;ouverte;2026A0254;3.0;;;False;False;False;;7220;Département ;2 000  à  4 999;False;1983-03-01;84.11Z;2008;5499.0;Société à responsabilité limitée (sans autre indication);10  à  19;False;<NA>;2008;N;81;81.3;81.3;81.30Z;1994-11-04;(45.975416, 6.028623);La Balme-de-Sillingy;Haute-Savoie;Auvergne-Rhône-Alpes;(45.90476, 6.130737);Annecy;Haute-Savoie;Auvergne-Rhône-Alpes;;;;;;;;
False;['90620000'];;True;True;False;attribue;{'StreetName': '83 Rue Des Roseaux', 'AdditionalStreetName': None, 'CityName': 'Epagny Metz-Tessy', 'PostalZone': '74330', 'Country': 'FRA'};440295574;False;DEGEORGES TP;DEGEORGES TP;2026-09-05;{'StreetName': '23 rue de la Paix', 'AdditionalStreetName': '2ème étage, Cs 32444', 'CityName': 'Annecy', 'PostalZone': '74000', 'Country': 'FRA'};227400017;False;DEPARTEMENT DE LA HAUTE SAVOIE;Département de la Haute-Savoie;;;services;['Valeur technique', 'Prix'];['technique', 'prix'];[30.0, 70.0];;False;;False;;sans remise en concurrence;;26-85825;;80000.0;;LOT-0022;90620000;3751000.0;27;2;;Viabilité hivernale : prestations de déneigement et de salage;ouverte;2026A0254;3.0;;;False;False;False;;7220;Département ;2 000  à  4 999;False;1983-03-01;84.11Z;2008;5710.0;SAS, société par actions simplifiée;20  à  49;False;<NA>;2008;F;43;43.1;43.12;43.12A;2001-11-02;(45.940943, 6.077423);Epagny Metz-Tessy;Haute-Savoie;Auvergne-Rhône-Alpes;(45.90476, 6.130737);Annecy;Haute-Savoie;Auvergne-Rhône-Alpes;;;;;;;;
False;['90620000'];;True;True;False;attribue;{'StreetName': '1903 Rte De La Dranse', 'AdditionalStreetName': None, 'CityName': 'Chatel', 'PostalZone': '74390', 'Country': 'FRA'};942962564;False;RLEC;L.E.C. TRAVAUX PUBLICS;2026-09-05;{'StreetName': '23 rue de la Paix', 'AdditionalStreetName': '2ème étage, Cs 32444', 'CityName': 'Annecy', 'PostalZone': '74000', 'Country': 'FRA'};227400017;False;DEPARTEMENT DE LA HAUTE SAVOIE;Département de la Haute-Savoie;;;services;['Valeur technique', 'Prix'];['technique', 'prix'];[30.0, 70.0];;False;;False;;sans remise en concurrence;;26-85825;;150000.0;;LOT-0023;90620000;3751000.0;27;2;;Viabilité hivernale : prestations de déneigement et de salage;ouverte;2026A0254;3.0;;;False;False;False;;7220;Département ;2 000  à  4 999;False;1983-03-01;84.11Z;2008;5499.0;Société à responsabilité limitée (sans autre indication);;False;False;2008;F;43;43.2;43.22;43.22B;2025-04-01;(46.271283, 6.83104);Châtel;Haute-Savoie;Auvergne-Rhône-Alpes;(45.90476, 6.130737);Annecy;Haute-Savoie;Auvergne-Rhône-Alpes;;;;;;;;
False;['90620000'];;True;True;False;attribue;{'StreetName': '326 Rue De Pierre Longue', 'AdditionalStreetName': None, 'CityName': 'Amancy', 'PostalZone': '74800', 'Country': 'FRA'};327993226;False;DECREMPS BTP;DECREMPS BTP;2026-09-05;{'StreetName': '23 rue de la Paix', 'AdditionalStreetName': '2ème étage, Cs 32444', 'CityName': 'Annecy', 'PostalZone': '74000', 'Country': 'FRA'};227400017;False;DEPARTEMENT DE LA HAUTE SAVOIE;Département de la Haute-Savoie;;;services;['Valeur technique', 'Prix'];['technique', 'prix'];[30.0, 70.0];;False;;False;;sans remise en concurrence;;26-85825;;300000.0;;LOT-0024;90620000;3751000.0;27;1;;Viabilité hivernale : prestations de déneigement et de salage;ouverte;2026A0254;3.0;;;False;False;False;;7220;Département ;2 000  à  4 999;False;1983-03-01;84.11Z;2008;5710.0;SAS, société par actions simplifiée;50  à  99;False;<NA>;2008;F;43;43.1;43.12;43.12B;1983-09-01;(46.072945, 6.347621);Amancy;Haute-Savoie;Auvergne-Rhône-Alpes;(45.90476, 6.130737);Annecy;Haute-Savoie;Auvergne-Rhône-Alpes;;;;;;;;
False;['90620000'];;True;True;False;attribue;"{'StreetName': '5180 Rte Des Grandes Alpes', 'AdditionalStreetName': None, 'CityName': ""Saint Jean D''''Aulps"", 'PostalZone': '74430', 'Country': 'FRA'}";795980705;False;BOINNARD TRAVAUX PUBLICS & MATERIAUX;BOINNARD TRAVAUX PUBLICS & MATERIAUX;2026-09-05;{'StreetName': '23 rue de la Paix', 'AdditionalStreetName': '2ème étage, Cs 32444', 'CityName': 'Annecy', 'PostalZone': '74000', 'Country': 'FRA'};227400017;False;DEPARTEMENT DE LA HAUTE SAVOIE;Département de la Haute-Savoie;;;services;['Valeur technique', 'Prix'];['technique', 'prix'];[30.0, 70.0];;False;;False;;sans remise en concurrence;;26-85825;;140000.0;;LOT-0025;90620000;3751000.0;27;2;;Viabilité hivernale : prestations de déneigement et de salage;ouverte;2026A0254;3.0;;;False;False;False;;7220;Département ;2 000  à  4 999;False;1983-03-01;84.11Z;2008;5710.0;SAS, société par actions simplifiée;10  à  19;<NA>;<NA>;2008;F;43;43.1;43.12;43.12A;1959-01-01;(46.208496, 6.673782);Saint-Jean-d'Aulps;Haute-Savoie;Auvergne-Rhône-Alpes;(45.90476, 6.130737);Annecy;Haute-Savoie;Auvergne-Rhône-Alpes;;;;;;;;
False;['90620000'];;True;True;False;attribue;"{'StreetName': '822 Rte Du Plan', 'AdditionalStreetName': None, 'CityName': ""La Cote D'Arbroz"", 'PostalZone': '74110', 'Country': 'FRA'}";812986800;False;MICKAEL BAUD;MICKAEL BAUD;2026-09-05;{'StreetName': '23 rue de la Paix', 'AdditionalStreetName': '2ème étage, Cs 32444', 'CityName': 'Annecy', 'PostalZone': '74000', 'Country': 'FRA'};227400017;False;DEPARTEMENT DE LA HAUTE SAVOIE;Département de la Haute-Savoie;;;services;['Valeur technique', 'Prix'];['technique', 'prix'];[30.0, 70.0];;False;;False;;sans remise en concurrence;;26-85825;;200000.0;;LOT-0026;90620000;3751000.0;27;2;;Viabilité hivernale : prestations de déneigement et de salage;ouverte;2026A0254;3.0;;;False;False;False;;7220;Département ;2 000  à  4 999;False;1983-03-01;84.11Z;2008;5499.0;Société à responsabilité limitée (sans autre indication);;False;<NA>;2008;F;43;43.9;43.91;43.91A;2015-07-23;(46.182881, 6.659716);La Côte-d'Arbroz;Haute-Savoie;Auvergne-Rhône-Alpes;(45.90476, 6.130737);Annecy;Haute-Savoie;Auvergne-Rhône-Alpes;;;;;;;;
False;['90620000'];;True;True;False;attribue;{'StreetName': '110 Imp De La Croix Dessus', 'AdditionalStreetName': None, 'CityName': 'Vailly', 'PostalZone': '74470', 'Country': 'FRA'};341879567;False;GIROD TP;ENTREPRISE GIROD FRERES;2026-09-05;{'StreetName': '23 rue de la Paix', 'AdditionalStreetName': '2ème étage, Cs 32444', 'CityName': 'Annecy', 'PostalZone': '74000', 'Country': 'FRA'};227400017;False;DEPARTEMENT DE LA HAUTE SAVOIE;Département de la Haute-Savoie;;;services;['Valeur technique', 'Prix'];['technique', 'prix'];[30.0, 70.0];;False;;False;;sans remise en concurrence;;26-85825;;125000.0;;LOT-0027;90620000;3751000.0;27;2;;Viabilité hivernale : prestations de déneigement et de salage;ouverte;2026A0254;3.0;;;False;False;False;;7220;Département ;2 000  à  4 999;False;1983-03-01;84.11Z;2008;5499.0;Société à responsabilité limitée (sans autre indication);10  à  19;False;<NA>;2008;F;43;43.1;43.12;43.12A;1987-04-01;(46.303035, 6.537864);Vailly;Haute-Savoie;Auvergne-Rhône-Alpes;(45.90476, 6.130737);Annecy;Haute-Savoie;Auvergne-Rhône-Alpes;;;;;;;;
False;['44220000'];;True;True;False;attribue;{'StreetName': 'Rue Du Canal', 'AdditionalStreetName': None, 'CityName': 'Chatelaillon-Plage', 'PostalZone': '17340', 'Country': 'FRA'};538542309;False;SACRE;SN SACRE;2026-09-05;{'StreetName': '6 rue Saint-Michel - Cs 41287', 'AdditionalStreetName': 'service commande publique', 'CityName': 'La Rochelle', 'PostalZone': '17086', 'Country': 'FRA'};241700434;False;COMMUNAUTE D'AGGLOMERATION LA ROCHELLE;Communauté d'Agglomération de La Rochelle;;;travaux;['Valeur technique', 'Développement durable', 'Prix'];['technique', 'environnemental', 'prix'];[40.0, 20.0, 40.0];;True;;False;;;;26-85718;;345000.0;;LOT-0001;45212300;;2;2;;RELANCE APRES DECLARATION SANS SUITE DU LOT 11 MENUISERIES INTERIEURES opération TRAVAUX DE REHABILITATION DE LA CASERNE CHASSELOUP-LAUBAT - CONSERVATOIRE DE MUSIQUE ET DE DANSE COMMUNE DE LA ROCHELLE;ouverte;2026.TX.CDA.0046;;;;True;True;True;989000.0;7348;Communauté d'agglomération ;500  à  999;False;1993-01-05;84.11Z;2008;5710.0;SAS, société par actions simplifiée;10  à  19;False;<NA>;2008;F;43;43.3;43.32;43.32A;2012-01-02;(46.093429, -1.096698);Châtelaillon-Plage;Charente-Maritime;Nouvelle-Aquitaine;(46.159963, -1.149973);La Rochelle;Charente-Maritime;Nouvelle-Aquitaine;;;;;;;;
False;['44115800'];;True;True;False;attribue;{'StreetName': 'Rue Du Canal', 'AdditionalStreetName': None, 'CityName': 'Chatelaillon-Plage', 'PostalZone': '17340', 'Country': 'FRA'};538542309;False;SACRE;SN SACRE;2026-09-05;{'StreetName': '6 rue Saint-Michel - Cs 41287', 'AdditionalStreetName': 'service commande publique', 'CityName': 'La Rochelle', 'PostalZone': '17086', 'Country': 'FRA'};241700434;False;COMMUNAUTE D'AGGLOMERATION LA ROCHELLE;Communauté d'Agglomération de La Rochelle;;;travaux;['Valeur technique', 'Développement durable', 'Prix'];['technique', 'environnemental', 'prix'];[40.0, 20.0, 40.0];;True;;False;;;;26-85718;;644000.0;;LOT-0002;45212300;;2;2;;RELANCE APRES DECLARATION SANS SUITE DU LOT 11 MENUISERIES INTERIEURES opération TRAVAUX DE REHABILITATION DE LA CASERNE CHASSELOUP-LAUBAT - CONSERVATOIRE DE MUSIQUE ET DE DANSE COMMUNE DE LA ROCHELLE;ouverte;2026.TX.CDA.0046;;;;True;True;True;989000.0;7348;Communauté d'agglomération ;500  à  999;False;1993-01-05;84.11Z;2008;5710.0;SAS, société par actions simplifiée;10  à  19;False;<NA>;2008;F;43;43.3;43.32;43.32A;2012-01-02;(46.093429, -1.096698);Châtelaillon-Plage;Charente-Maritime;Nouvelle-Aquitaine;(46.159963, -1.149973);La Rochelle;Charente-Maritime;Nouvelle-Aquitaine;;;;;;;;
False;['33771100'];66.0;True;False;False;attribue;{'StreetName': '147 Rue de Solférino', 'AdditionalStreetName': None, 'CityName': 'Lille', 'PostalZone': '59000', 'Country': 'FRA'};977980044;False;LUBIA;SAS LUBIA;2026-09-05;{'StreetName': '2, rue Saint Tropez', 'AdditionalStreetName': None, 'CityName': 'Vannes Cedex', 'PostalZone': '56009', 'Country': 'FRA'};225600014;False;DEPARTEMENT DU MORBIHAN;Conseil Départemental du Morbihan;2025-07-05;2026-08-03+02:00;fournitures;"[""Qualité du distributeur jugé grâce à l'échantillon et l'annexe 1 du cadre de réponse"", ""Qualité des serviettes jugé grâce à l'échantillon et à la fiche technique associée et l'annexe 2 du cadre de réponse"", ""Qualité des tampons jugé grâce à l'échantillon et à la fiche technique associée sur la base de l'annexe 3 du cadre de réponse"", ""Délais jugé par l'intermédiaire des informations indiquées à l'annexe 4 du cadre de réponse"", 'Prix des prestations sur la base du Dqe']";['qualite', 'qualite', 'qualite', 'delai', 'prix'];[20.0, 15.0, 15.0, 15.0, 35.0];360.0;False;320000.0;False;{'StreetName': 'Département du Morbihan', 'CityName': 'Vannes', 'PostalZone': '56000', 'NUTS': 'FRH04', 'Country': 'FRA'};sans remise en concurrence;;26-85775;25-75497;320000.0;600000.0;LOT-0000;33771100;320000.0;1;6;;Equipement des collèges du Morbihan en distributeurs de protections périodiques et fourniture de consommables;ouverte;MLFPROTEC26;3.0;;False;False;False;False;320000.0;7220;Département ;2 000  à  4 999;False;1978-01-01;84.11Z;2008;5710.0;SAS, société par actions simplifiée;;False;<NA>;2008;G;46;46.4;46.45;46.45Z;2023-07-20;(50.629797, 3.057756);Lille;Nord;Hauts-de-France;(47.65812, -2.749745);Vannes;Morbihan;Bretagne;;;;;;;;
False;['55521200'];;;True;False;attribue;{'StreetName': '100 RUE DE LUZAIS', 'AdditionalStreetName': None, 'CityName': 'saint quentin fallavier', 'PostalZone': '38070', 'Country': 'FRA'};390513265;True;SHCB;SAS SHCB;2026-09-05;{'StreetName': '5, place de la Poste', 'AdditionalStreetName': None, 'CityName': 'Sainte Marie sur Ouche', 'PostalZone': '21410', 'Country': 'FRA'};200039055;True;CC OUCHE ET MONTAGNE;Communauté de Communes Ouche et Montagne;;;services;['Qualité des denrées alimentaires et des repas', 'Organisation et moyens mis en œuvre pour la prestation', 'Prix', 'Performance environnementale et développement durable'];['qualite', 'qualite', 'prix', 'environnemental'];[40.0, 15.0, 35.0, 10.0];1440.0;False;;False;{'StreetName': None, 'CityName': 'Sainte Marie sur Ouche', 'PostalZone': '21410', 'NUTS': 'FRC11', 'Country': 'FRA'};sans remise en concurrence;;26-85793;;1366884.4;;LOT-0001;55523100;2077110.0;3;2;;Fourniture et livraison froide de repas pour le pôle action sociale;autre;PPP1CM-460/6056/AS_2026_001;3.0;;;False;False;False;;7346;Communauté de communes ;100  à  199;False;2014-01-01;84.11Z;2008;5710.0;SAS, société par actions simplifiée;250  à  499;False;False;2008;I;56;56.2;56.29;56.29A;1993-04-01;(45.642305, 5.094839);Saint-Quentin-Fallavier;Isère;Auvergne-Rhône-Alpes;(47.2934, 4.803492);Sainte-Marie-sur-Ouche;Côte-d'Or;Bourgogne-Franche-Comté;;;;;;;;
False;['55521200'];;;True;False;attribue;{'StreetName': '100 RUE DE LUZAIS', 'AdditionalStreetName': None, 'CityName': 'saint quentin fallavier', 'PostalZone': '38070', 'Country': 'FRA'};390513265;True;SHCB;SAS SHCB;2026-09-05;{'StreetName': '5, place de la Poste', 'AdditionalStreetName': None, 'CityName': 'Sainte Marie sur Ouche', 'PostalZone': '21410', 'Country': 'FRA'};200039055;True;CC OUCHE ET MONTAGNE;Communauté de Communes Ouche et Montagne;;;services;['Qualité des denrées alimentaires et des goûters', 'Organisation et moyens mis en œuvre pour la prestation', 'Prix', 'Performance environnementale et développement durable'];['qualite', 'qualite', 'prix', 'environnemental'];[40.0, 15.0, 35.0, 10.0];1440.0;False;;False;{'StreetName': None, 'CityName': 'Sainte Marie sur Ouche', 'PostalZone': '21410', 'NUTS': 'FRC11', 'Country': 'FRA'};sans remise en concurrence;;26-85793;;172988.16;;LOT-0002;55523100;2077110.0;3;2;;Fourniture et livraison froide de repas pour le pôle action sociale;autre;PPP1CM-460/6056/AS_2026_001;3.0;;;False;False;False;;7346;Communauté de communes ;100  à  199;False;2014-01-01;84.11Z;2008;5710.0;SAS, société par actions simplifiée;250  à  499;False;False;2008;I;56;56.2;56.29;56.29A;1993-04-01;(45.642305, 5.094839);Saint-Quentin-Fallavier;Isère;Auvergne-Rhône-Alpes;(47.2934, 4.803492);Sainte-Marie-sur-Ouche;Côte-d'Or;Bourgogne-Franche-Comté;;;;;;;;
False;['55521200'];;;True;False;attribue;{'StreetName': '100 RUE DE LUZAIS', 'AdditionalStreetName': None, 'CityName': 'saint quentin fallavier', 'PostalZone': '38070', 'Country': 'FRA'};390513265;True;SHCB;SAS SHCB;2026-09-05;{'StreetName': '5, place de la Poste', 'AdditionalStreetName': None, 'CityName': 'Sainte Marie sur Ouche', 'PostalZone': '21410', 'Country': 'FRA'};200039055;True;CC OUCHE ET MONTAGNE;Communauté de Communes Ouche et Montagne;;;services;['Qualité des denrées alimentaires et des repas', 'Organisation et moyens mis en œuvre pour la prestation', 'Prix', 'Performance environnementale et développement durable'];['qualite', 'qualite', 'prix', 'environnemental'];[40.0, 20.0, 35.0, 5.0];1440.0;False;;False;;sans remise en concurrence;;26-85793;;83036.64;;LOT-0003;55523100;2077110.0;3;1;;Fourniture et livraison froide de repas pour le pôle action sociale;autre;PPP1CM-460/6056/AS_2026_001;3.0;;;False;False;False;;7346;Communauté de communes ;100  à  199;False;2014-01-01;84.11Z;2008;5710.0;SAS, société par actions simplifiée;250  à  499;False;False;2008;I;56;56.2;56.29;56.29A;1993-04-01;(45.642305, 5.094839);Saint-Quentin-Fallavier;Isère;Auvergne-Rhône-Alpes;(47.2934, 4.803492);Sainte-Marie-sur-Ouche;Côte-d'Or;Bourgogne-Franche-Comté;;;;;;;;
False;['03121000'];;True;True;False;attribue;"{'StreetName': '5, rue Caroline Aigle', 'AdditionalStreetName': None, 'CityName': ""Sainte-Foy-D'Aigrefeuille"", 'PostalZone': '31570', 'Country': 'FRA'}";851147413;False;HABINNOVA;SARL SO VERT ENVIRONNEMENT;2026-09-05;"{'StreetName': ""Place de l'Hôtel-de-Ville"", 'AdditionalStreetName': 'Cs 80823', 'CityName': 'Narbonne Cedex', 'PostalZone': '11785', 'Country': 'FRA'}";221100019;False;DEPARTEMENT DE L AUDE;Commune de NARBONNE;;;fournitures;"[""Valeur technique de l'offre appréciée à l'aide du mémoire technique"", 'Prix']";['technique', 'prix'];[30.0, 70.0];;True;1800000.0;False;;sans remise en concurrence;;26-85824;;17673.0;;LOT-0001;03121000;1800000.0;3;4;;FOURNITURE DE PRODUITS HORTICOLES;ouverte;2699026;3.0;;;False;True;False;;7220;Département ;2 000  à  4 999;False;1982-01-01;84.11Z;2008;5710.0;SAS, société par actions simplifiée;1  ou  2;False;<NA>;2008;F;43;43.2;43.22;43.22B;2019-05-28;(43.551133, 1.593512);Sainte-Foy-d'Aigrefeuille;Haute-Garonne;Occitanie;(43.183743, 3.004248);Narbonne;Aude;Occitanie;;;;;;;;
False;['03121000'];;True;True;False;attribue;{'StreetName': '579, route de Beaumont', 'AdditionalStreetName': None, 'CityName': 'Cordes tolosannes', 'PostalZone': '82700', 'Country': 'FRA'};334629706;False;MAISAGRI;SAS MAISAGRI;2026-09-05;"{'StreetName': ""Place de l'Hôtel-de-Ville"", 'AdditionalStreetName': 'Cs 80823', 'CityName': 'Narbonne Cedex', 'PostalZone': '11785', 'Country': 'FRA'}";221100019;False;DEPARTEMENT DE L AUDE;Commune de NARBONNE;;;fournitures;"[""Valeur technique de l'offre appréciée à l'aide du mémoire technique"", 'Prix']";['technique', 'prix'];[30.0, 70.0];;True;1800000.0;False;;sans remise en concurrence;;26-85824;;4165.0;;LOT-0002;03121000;1800000.0;3;2;;FOURNITURE DE PRODUITS HORTICOLES;ouverte;2699026;3.0;;;False;True;False;;7220;Département ;2 000  à  4 999;False;1982-01-01;84.11Z;2008;5710.0;SAS, société par actions simplifiée;50  à  99;False;<NA>;2008;G;46;46.2;46.21;46.21Z;1985-11-15;(43.989913, 1.125387);Cordes-Tolosannes;Tarn-et-Garonne;Occitanie;(43.183743, 3.004248);Narbonne;Aude;Occitanie;;;;;;;;
False;['03121000'];;True;True;False;attribue;{'StreetName': '579, route de Beaumont', 'AdditionalStreetName': None, 'CityName': 'Cordes tolosannes', 'PostalZone': '82700', 'Country': 'FRA'};334629706;False;MAISAGRI;SAS MAISAGRI;2026-09-05;"{'StreetName': ""Place de l'Hôtel-de-Ville"", 'AdditionalStreetName': 'Cs 80823', 'CityName': 'Narbonne Cedex', 'PostalZone': '11785', 'Country': 'FRA'}";221100019;False;DEPARTEMENT DE L AUDE;Commune de NARBONNE;;;fournitures;"[""Valeur technique de l'offre appréciée à l'aide du mémoire technique"", 'Prix']";['technique', 'prix'];[30.0, 70.0];;True;1800000.0;False;;sans remise en concurrence;;26-85824;;11222.0;;LOT-0003;03121000;1800000.0;3;5;;FOURNITURE DE PRODUITS HORTICOLES;ouverte;2699026;3.0;;;False;True;False;;7220;Département ;2 000  à  4 999;False;1982-01-01;84.11Z;2008;5710.0;SAS, société par actions simplifiée;50  à  99;False;<NA>;2008;G;46;46.2;46.21;46.21Z;1985-11-15;(43.989913, 1.125387);Cordes-Tolosannes;Tarn-et-Garonne;Occitanie;(43.183743, 3.004248);Narbonne;Aude;Occitanie;;;;;;;;
False;['71240000'];;True;True;False;attribue;{'StreetName': 'Cité sous le vent - 10 rue Raymond Tribord', 'AdditionalStreetName': None, 'CityName': 'Cayenne', 'PostalZone': '97300', 'Country': 'FRA'};909781825;False;MAYARA EMPRESA;SASU DETAILS URBANISME ET PAYSAGE;2026-09-05;{'StreetName': '1 rue de Rémire', 'AdditionalStreetName': None, 'CityName': 'Cayenne', 'PostalZone': '97300', 'Country': 'FRA'};219733029;False;COMMUNE DE CAYENNE;Commune de Cayenne;;;services;"[""Valeur technique de l'offre appréciée à l'aide du mémoire technique"", 'Prix']";['technique', 'prix'];[60.0, 40.0];;False;940000.0;False;;sans remise en concurrence;;26-85823;;506804.8;;LOT-0001;71240000;957583.92;2;9;;MAITRISE D OEUVRE POUR LA REALISATION D OPERATIONS D AMENAGEMENT D ESPACES PUBLICS;ouverte;26.021.C;;;;False;False;False;;7210;Commune et commune nouvelle ;1 000  à  1 999;False;1982-01-01;84.11Z;2008;5710.0;SAS, société par actions simplifiée;;False;<NA>;2008;N;81;81.3;81.3;81.30Z;2022-01-01;(4.943376, -52.312955);Cayenne;Guyane;;(4.938042, -52.335024);Cayenne;Guyane;;;;;;;;;
False;['71240000'];;True;True;False;attribue;{'StreetName': '2b rue André arsacq', 'AdditionalStreetName': None, 'CityName': 'Paris', 'PostalZone': '75018', 'Country': 'FRA'};525403358;False;LEMOAL ARCHITECTES;LAFAYETTE ARCHITECTES URBANISTES;2026-09-05;{'StreetName': '1 rue de Rémire', 'AdditionalStreetName': None, 'CityName': 'Cayenne', 'PostalZone': '97300', 'Country': 'FRA'};219733029;False;COMMUNE DE CAYENNE;Commune de Cayenne;;;services;"[""Valeur technique de l'offre appréciée à l'aide du mémoire technique"", 'Prix']";['technique', 'prix'];[60.0, 40.0];;False;940000.0;False;;sans remise en concurrence;;26-85823;;450779.12;;LOT-0002;71240000;957583.92;2;9;;MAITRISE D OEUVRE POUR LA REALISATION D OPERATIONS D AMENAGEMENT D ESPACES PUBLICS;ouverte;26.021.C;;;;False;False;False;;7210;Commune et commune nouvelle ;1 000  à  1 999;False;1982-01-01;84.11Z;2008;5499.0;Société à responsabilité limitée (sans autre indication);6  à  9;False;<NA>;2008;M;71;71.1;71.11;71.11Z;2010-10-01;(48.883684, 2.337611);Paris;Paris;Île-de-France;(4.938042, -52.335024);Cayenne;Guyane;;;;;;;;;
False;['39100000'];;True;True;False;attribue;{'StreetName': '40 avenue Georges Pompidou', 'AdditionalStreetName': None, 'CityName': 'AURILLAC', 'PostalZone': '15000', 'Country': 'FRA'};749981684;True;LAFA COLLECTIVITES;LAFA COLLECTIVITES;2026-09-05;{'StreetName': '27 Bd de Strasbourg CS 30528', 'AdditionalStreetName': None, 'CityName': 'Alençon', 'PostalZone': '61017', 'Country': 'FRA'};226100014;True;DEPARTEMENT DE L'ORNE;Conseil départemental de l'Orne Secrétariat général - Direction des Achats et de la Logistique;;2026-06-01+02:00;fournitures;"['Prix du devis quantitatif estimatif', 'Délai de livraison', 'Garantie', ""Pourcentage d'utilisation de matières recyclées""]";['prix', 'delai', 'qualite', 'environnemental'];[50.0, 20.0, 20.0, 10.0];;True;1915000.0;False;{'StreetName': None, 'CityName': 'ALENCON', 'PostalZone': '61000', 'NUTS': 'FRD13', 'Country': 'FRA'};sans remise en concurrence;;26-85838;;;650000.0;LOT-0001;39160000;15320000.0;10;5;;FOURNITURE DE MOBILIER ET DE MATERIELS DIVERS;ouverte;JP/COLLEGES/MOBILIER/MATDIVERS;3.0;;;False;False;False;;7220;Département ;1 000  à  1 999;False;1920-01-01;84.11Z;2008;5710.0;SAS, société par actions simplifiée;200  à  249;False;<NA>;2008;C;31;31.0;31.01;31.01Z;2011-10-01;(44.918448, 2.465636);Aurillac;Cantal;Auvergne-Rhône-Alpes;(48.436595, 0.089021);Alençon;Orne;Normandie;;;;;;;;
False;['39220000'];;True;True;False;attribue;{'StreetName': '40 avenue Georges Pompidou', 'AdditionalStreetName': None, 'CityName': 'AURILLAC', 'PostalZone': '15000', 'Country': 'FRA'};749981684;True;LAFA COLLECTIVITES;LAFA COLLECTIVITES;2026-09-05;{'StreetName': '27 Bd de Strasbourg CS 30528', 'AdditionalStreetName': None, 'CityName': 'Alençon', 'PostalZone': '61017', 'Country': 'FRA'};226100014;True;DEPARTEMENT DE L'ORNE;Conseil départemental de l'Orne Secrétariat général - Direction des Achats et de la Logistique;;2026-06-01+02:00;fournitures;"['Prix du devis quantitatif estimatif', 'Délai de livraison', 'Garantie', ""Pourcentage d'utilisation de matières recyclées""]";['prix', 'delai', 'qualite', 'environnemental'];[50.0, 20.0, 20.0, 10.0];;True;1915000.0;False;{'StreetName': None, 'CityName': 'ALENCON', 'PostalZone': '61000', 'NUTS': 'FRD13', 'Country': 'FRA'};sans remise en concurrence;;26-85838;;;100000.0;LOT-0012;39150000;15320000.0;10;9;;FOURNITURE DE MOBILIER ET DE MATERIELS DIVERS;ouverte;JP/COLLEGES/MOBILIER/MATDIVERS;3.0;;;False;False;False;;7220;Département ;1 000  à  1 999;False;1920-01-01;84.11Z;2008;5710.0;SAS, société par actions simplifiée;200  à  249;False;<NA>;2008;C;31;31.0;31.01;31.01Z;2011-10-01;(44.918448, 2.465636);Aurillac;Cantal;Auvergne-Rhône-Alpes;(48.436595, 0.089021);Alençon;Orne;Normandie;;;;;;;;
False;;;True;True;False;attribue;{'StreetName': 'ZI de la Capelle 545 Rue Léon Jouhaux', 'AdditionalStreetName': None, 'CityName': 'SAINT-LÔ', 'PostalZone': '50000', 'Country': 'FRA'};331288639;True;NEVEU BUREAU CONCEPT;NEVEU BUREAU CONCEPT;2026-09-05;{'StreetName': '27 Bd de Strasbourg CS 30528', 'AdditionalStreetName': None, 'CityName': 'Alençon', 'PostalZone': '61017', 'Country': 'FRA'};226100014;True;DEPARTEMENT DE L'ORNE;Conseil départemental de l'Orne Secrétariat général - Direction des Achats et de la Logistique;;2026-06-01+02:00;fournitures;"['Prix du devis quantitatif estimatif', 'Délai de livraison', 'Garantie', ""Pourcentage d'utilisation de matières recyclées""]";['prix', 'delai', 'qualite', 'environnemental'];[50.0, 20.0, 20.0, 10.0];;True;1915000.0;False;{'StreetName': None, 'CityName': 'ALENCON', 'PostalZone': '61000', 'NUTS': 'FRD13', 'Country': 'FRA'};sans remise en concurrence;;26-85838;;;100000.0;LOT-0013;39100000;15320000.0;10;4;;FOURNITURE DE MOBILIER ET DE MATERIELS DIVERS;ouverte;JP/COLLEGES/MOBILIER/MATDIVERS;3.0;;;False;False;False;;7220;Département ;1 000  à  1 999;False;1920-01-01;84.11Z;2008;5710.0;SAS, société par actions simplifiée;6  à  9;False;<NA>;2008;G;46;46.6;46.69;46.69C;1985-01-01;(49.112366, -1.055417);Saint-Lô;Manche;Normandie;(48.436595, 0.089021);Alençon;Orne;Normandie;;;;;;;;
False;['39150000'];;True;True;False;attribue;{'StreetName': 'ZA de Riparfond 1 rue Pierre et Marie Curie', 'AdditionalStreetName': None, 'CityName': 'BRESSIURE', 'PostalZone': '79300', 'Country': 'FRA'};383653938;True;DENIS PAPIN COLLECTIVITES;SAS DPC;2026-09-05;{'StreetName': '27 Bd de Strasbourg CS 30528', 'AdditionalStreetName': None, 'CityName': 'Alençon', 'PostalZone': '61017', 'Country': 'FRA'};226100014;True;DEPARTEMENT DE L'ORNE;Conseil départemental de l'Orne Secrétariat général - Direction des Achats et de la Logistique;;2026-06-01+02:00;fournitures;"['Prix du devis quantitatif estimatif', 'Délai de livraison', 'Garantie', ""Pourcentage d'utilisation de matières recyclées""]";['prix', 'delai', 'qualite', 'environnemental'];[50.0, 20.0, 20.0, 10.0];;True;1915000.0;False;{'StreetName': None, 'CityName': 'ALENCON', 'PostalZone': '61000', 'NUTS': 'FRD13', 'Country': 'FRA'};sans remise en concurrence;;26-85838;;;80000.0;LOT-0014;39100000;15320000.0;10;5;;FOURNITURE DE MOBILIER ET DE MATERIELS DIVERS;ouverte;JP/COLLEGES/MOBILIER/MATDIVERS;3.0;;;False;False;False;;7220;Département ;1 000  à  1 999;False;1920-01-01;84.11Z;2008;5710.0;SAS, société par actions simplifiée;50  à  99;False;<NA>;2008;G;46;46.6;46.65;46.65Z;1991-11-01;(46.846104, -0.46897);Bressuire;Deux-Sèvres;Nouvelle-Aquitaine;(48.436595, 0.089021);Alençon;Orne;Normandie;;;;;;;;
False;['39150000'];;True;True;False;attribue;{'StreetName': 'ZI N°1 rue J Monod CS 21900', 'AdditionalStreetName': None, 'CityName': 'EVREUX', 'PostalZone': '27019', 'Country': 'FRA'};344652490;True;JEULIN;JEULIN;2026-09-05;{'StreetName': '27 Bd de Strasbourg CS 30528', 'AdditionalStreetName': None, 'CityName': 'Alençon', 'PostalZone': '61017', 'Country': 'FRA'};226100014;True;DEPARTEMENT DE L'ORNE;Conseil départemental de l'Orne Secrétariat général - Direction des Achats et de la Logistique;;2026-06-01+02:00;fournitures;"['Prix du devis quantitatif estimatif', 'Délai de livraison', 'Garantie', ""Pourcentage d'utilisation de matières recyclées""]";['prix', 'delai', 'qualite', 'environnemental'];[50.0, 20.0, 20.0, 10.0];;True;1915000.0;False;{'StreetName': None, 'CityName': 'ALENCON', 'PostalZone': '61000', 'NUTS': 'FRD13', 'Country': 'FRA'};sans remise en concurrence;;26-85838;;;230000.0;LOT-0015;39100000;15320000.0;10;3;;FOURNITURE DE MOBILIER ET DE MATERIELS DIVERS;ouverte;JP/COLLEGES/MOBILIER/MATDIVERS;3.0;;;False;False;False;;7220;Département ;1 000  à  1 999;False;1920-01-01;84.11Z;2008;5710.0;SAS, société par actions simplifiée;100  à  199;False;<NA>;2008;G;46;46.6;46.69;46.69C;1988-04-26;;;;;(48.436595, 0.089021);Alençon;Orne;Normandie;;;;;;;;
False;['39150000', '39130000'];;True;True;False;attribue;{'StreetName': 'ZI de la Capelle 545 Rue Léon Jouhaux', 'AdditionalStreetName': None, 'CityName': 'SAINT-LÔ', 'PostalZone': '50000', 'Country': 'FRA'};331288639;True;NEVEU BUREAU CONCEPT;NEVEU BUREAU CONCEPT;2026-09-05;{'StreetName': '27 Bd de Strasbourg CS 30528', 'AdditionalStreetName': None, 'CityName': 'Alençon', 'PostalZone': '61017', 'Country': 'FRA'};226100014;True;DEPARTEMENT DE L'ORNE;Conseil départemental de l'Orne Secrétariat général - Direction des Achats et de la Logistique;;2026-06-01+02:00;fournitures;"['Prix du devis quantitatif estimatif', 'Délai de livraison', 'Garantie', ""Pourcentage d'utilisation de matières recyclées""]";['prix', 'delai', 'qualite', 'environnemental'];[50.0, 20.0, 20.0, 10.0];;True;1915000.0;False;{'StreetName': None, 'CityName': 'ALENCON', 'PostalZone': '61000', 'NUTS': 'FRD13', 'Country': 'FRA'};sans remise en concurrence;;26-85838;;;100000.0;LOT-0016;39100000;15320000.0;10;4;;FOURNITURE DE MOBILIER ET DE MATERIELS DIVERS;ouverte;JP/COLLEGES/MOBILIER/MATDIVERS;3.0;;;False;False;False;;7220;Département ;1 000  à  1 999;False;1920-01-01;84.11Z;2008;5710.0;SAS, société par actions simplifiée;6  à  9;False;<NA>;2008;G;46;46.6;46.69;46.69C;1985-01-01;(49.112366, -1.055417);Saint-Lô;Manche;Normandie;(48.436595, 0.089021);Alençon;Orne;Normandie;;;;;;;;
False;['39220000'];;True;True;False;attribue;{'StreetName': None, 'AdditionalStreetName': None, 'CityName': 'BOURGUEBUS', 'PostalZone': '14540', 'Country': 'FRA'};429726763;True;LANEF PRO;LANEF PRO;2026-09-05;{'StreetName': '27 Bd de Strasbourg CS 30528', 'AdditionalStreetName': None, 'CityName': 'Alençon', 'PostalZone': '61017', 'Country': 'FRA'};226100014;True;DEPARTEMENT DE L'ORNE;Conseil départemental de l'Orne Secrétariat général - Direction des Achats et de la Logistique;;2026-06-01+02:00;fournitures;"['Prix du devis quantitatif estimatif', 'Délai de livraison', 'Garantie du matériel', 'Disponibilité des pièces détachées', ""Pourcentage d'utilisation de matières recyclées""]";['prix', 'delai', 'qualite', 'qualite', 'environnemental'];[50.0, 20.0, 10.0, 10.0, 10.0];;True;1915000.0;False;{'StreetName': None, 'CityName': 'ALENCON', 'PostalZone': '61000', 'NUTS': 'FRD13', 'Country': 'FRA'};sans remise en concurrence;;26-85838;;;400000.0;LOT-0017;39310000;15320000.0;10;4;;FOURNITURE DE MOBILIER ET DE MATERIELS DIVERS;ouverte;JP/COLLEGES/MOBILIER/MATDIVERS;3.0;;;False;False;False;;7220;Département ;1 000  à  1 999;False;1920-01-01;84.11Z;2008;5710.0;SAS, société par actions simplifiée;50  à  99;False;False;2008;G;46;46.6;46.69;46.69C;2000-01-01;;Bourguébus;Calvados;Normandie;(48.436595, 0.089021);Alençon;Orne;Normandie;;;;;;;;
False;;;True;True;False;attribue;{'StreetName': '13 ZA Les Gaillons - BP N°1', 'AdditionalStreetName': None, 'CityName': 'SAINT HILAIRE LE CHATEL', 'PostalZone': '61400', 'Country': 'FRA'};303663587;True;SODIPREN;SODIPREN;2026-09-05;{'StreetName': '27 Bd de Strasbourg CS 30528', 'AdditionalStreetName': None, 'CityName': 'Alençon', 'PostalZone': '61017', 'Country': 'FRA'};226100014;True;DEPARTEMENT DE L'ORNE;Conseil départemental de l'Orne Secrétariat général - Direction des Achats et de la Logistique;;2026-06-01+02:00;fournitures;"['Prix du devis quantitatif estimatif', 'Délai de livraison', 'Garantie', ""Pourcentage d'utilisation de matières recyclées""]";['prix', 'delai', 'qualite', 'environnemental'];[50.0, 20.0, 20.0, 10.0];;True;1915000.0;False;{'StreetName': None, 'CityName': 'ALENCON', 'PostalZone': '61000', 'NUTS': 'FRD13', 'Country': 'FRA'};sans remise en concurrence;;26-85838;;;125000.0;LOT-0018;39220000;15320000.0;10;2;;FOURNITURE DE MOBILIER ET DE MATERIELS DIVERS;ouverte;JP/COLLEGES/MOBILIER/MATDIVERS;3.0;;;False;False;False;;7220;Département ;1 000  à  1 999;False;1920-01-01;84.11Z;2008;5710.0;SAS, société par actions simplifiée;20  à  49;False;<NA>;2008;G;46;46.4;46.44;46.44Z;1975-01-01;(48.5335, 0.510687);Saint-Hilaire-le-Châtel;Orne;Normandie;(48.436595, 0.089021);Alençon;Orne;Normandie;;;;;;;;
False;;;True;True;False;attribue;{'StreetName': None, 'AdditionalStreetName': None, 'CityName': 'BOURGUEBUS', 'PostalZone': '14540', 'Country': 'FRA'};429726763;True;LANEF PRO;LANEF PRO;2026-09-05;{'StreetName': '27 Bd de Strasbourg CS 30528', 'AdditionalStreetName': None, 'CityName': 'Alençon', 'PostalZone': '61017', 'Country': 'FRA'};226100014;True;DEPARTEMENT DE L'ORNE;Conseil départemental de l'Orne Secrétariat général - Direction des Achats et de la Logistique;;2026-06-01+02:00;fournitures;"['Prix du devis quantitatif estimatif', 'Délai de livraison', 'Garantie du matériel', 'Disponibilité des pièces détachées', ""Pourcentage d'utilisation de matières recyclées""]";['prix', 'delai', 'qualite', 'qualite', 'environnemental'];[50.0, 20.0, 10.0, 10.0, 10.0];;True;1915000.0;False;{'StreetName': None, 'CityName': 'ALENCON', 'PostalZone': '61000', 'NUTS': 'FRD13', 'Country': 'FRA'};sans remise en concurrence;;26-85838;;;100000.0;LOT-0019;39220000;15320000.0;10;3;;FOURNITURE DE MOBILIER ET DE MATERIELS DIVERS;ouverte;JP/COLLEGES/MOBILIER/MATDIVERS;3.0;;;False;False;False;;7220;Département ;1 000  à  1 999;False;1920-01-01;84.11Z;2008;5710.0;SAS, société par actions simplifiée;50  à  99;False;False;2008;G;46;46.6;46.69;46.69C;2000-01-01;;Bourguébus;Calvados;Normandie;(48.436595, 0.089021);Alençon;Orne;Normandie;;;;;;;;
False;;;True;True;False;attribue;{'StreetName': 'ZA Activéum, 1 rue Blériot', 'AdditionalStreetName': None, 'CityName': 'MOLSHEIM', 'PostalZone': '67120', 'Country': 'FRA'};310269378;True;SPORTS ET LOISIRS;CASAL SPORT;2026-09-05;{'StreetName': '27 Bd de Strasbourg CS 30528', 'AdditionalStreetName': None, 'CityName': 'Alençon', 'PostalZone': '61017', 'Country': 'FRA'};226100014;True;DEPARTEMENT DE L'ORNE;Conseil départemental de l'Orne Secrétariat général - Direction des Achats et de la Logistique;;2026-06-01+02:00;fournitures;"['Prix du devis quantitatif estimatif', 'Délai de livraison', 'Garantie', ""Pourcentage d'utilisation de matières recyclées""]";['prix', 'delai', 'qualite', 'environnemental'];[50.0, 20.0, 20.0, 10.0];;True;1915000.0;False;{'StreetName': None, 'CityName': 'ALENCON', 'PostalZone': '61000', 'NUTS': 'FRD13', 'Country': 'FRA'};sans remise en concurrence;;26-85838;;;30000.0;LOT-0020;37400000;15320000.0;10;3;;FOURNITURE DE MOBILIER ET DE MATERIELS DIVERS;ouverte;JP/COLLEGES/MOBILIER/MATDIVERS;3.0;;;False;False;False;;7220;Département ;1 000  à  1 999;False;1920-01-01;84.11Z;2008;5710.0;SAS, société par actions simplifiée;100  à  199;False;<NA>;2008;G;46;46.4;46.49;46.49Z;1977-06-01;(48.53251, 7.491558);Molsheim;Bas-Rhin;Grand Est;(48.436595, 0.089021);Alençon;Orne;Normandie;;;;;;;;
